dataset,battery_id,cycle_idx,SOH,RUL,pred_XGBoost_fusion_mmd,pred_Stacking_Ridge_fusion_mmd
CALCE,CS2_35,1,100.06435800537554,125,96.54373,96.5164782669458
CALCE,CS2_35,2,100.0,124,96.38809,96.43758846265665
CALCE,CS2_35,3,99.97830577746268,123,96.391785,96.44205698559873
CALCE,CS2_35,4,99.9441476329588,122,96.35058,96.40113091651767
CALCE,CS2_35,5,98.63347543245247,121,97.5821,97.59361420440449
CALCE,CS2_35,6,99.26501032306166,120,95.63267,95.68221626577032
CALCE,CS2_35,7,98.72493606430633,119,96.35065,96.39692097830323
CALCE,CS2_35,8,97.65387534177933,118,96.588295,96.58134387805391
CALCE,CS2_35,9,97.21640059084815,117,96.46563,96.50085536636165
CALCE,CS2_35,10,96.91486217404447,116,96.54101,96.56917774852462
CALCE,CS2_35,11,96.52068140551775,115,96.521225,96.55015205228072
CALCE,CS2_35,12,97.06146761664567,114,96.483986,96.5223637530166
CALCE,CS2_35,13,97.19359440168076,113,96.71989,96.76746926022658
CALCE,CS2_35,14,97.17640059678058,112,96.742065,96.78948275856348
CALCE,CS2_35,15,97.13869876321967,111,96.76987,96.81737512196237
CALCE,CS2_35,16,97.08903397703305,110,97.27699,97.27576330865064
CALCE,CS2_35,17,97.04789451219898,109,97.22912,97.27961669969044
CALCE,CS2_35,18,97.00325830937105,108,97.612724,97.6665057379914
CALCE,CS2_35,19,96.9382348559894,107,97.612724,97.66632349656496
CALCE,CS2_35,20,96.85204044240746,106,97.36243,97.41386596483689
CALCE,CS2_35,21,96.78919744515444,105,97.95318,97.96909705809341
CALCE,CS2_35,22,96.72000574287277,104,95.696144,95.73442225733794
CALCE,CS2_35,23,96.66060181918581,103,95.67168,95.71035975231025
CALCE,CS2_35,24,96.60737026987529,102,95.933975,95.97506098195885
CALCE,CS2_35,25,96.55086816992579,101,96.11124,96.15601718437428
CALCE,CS2_35,26,96.4788385104094,100,96.08909,96.13228001136221
CALCE,CS2_35,27,96.41032524752231,99,97.61216,97.66546446047724
CALCE,CS2_35,28,95.46145455419646,98,96.69402,96.71277103003283
CALCE,CS2_35,29,94.79966976159918,97,96.65824,96.67464860537928
CALCE,CS2_35,30,94.47582197181433,96,96.06052,96.07099572436594
CALCE,CS2_35,31,94.2368135099607,95,96.12593,96.13610705585268
CALCE,CS2_35,32,93.97148822311352,94,96.151764,96.16214860040962
CALCE,CS2_35,33,94.87046076883729,93,97.134544,97.16801961817029
CALCE,CS2_35,34,95.08015806072785,92,96.996185,97.0357472853569
CALCE,CS2_35,35,94.37312002115267,91,96.17507,96.18506084653802
CALCE,CS2_35,36,93.69003625347693,90,96.18934,96.19836840590743
CALCE,CS2_35,37,93.47611784586076,89,96.25669,96.2663039918084
CALCE,CS2_35,38,93.35681661110542,88,96.25256,96.2625850625219
CALCE,CS2_35,39,93.14581415149586,87,96.20134,96.210688931934
CALCE,CS2_35,40,94.04871286851963,86,96.37889,96.40384991805645
CALCE,CS2_35,41,94.25769356278816,85,96.71,96.73742214618873
CALCE,CS2_35,42,93.79469673075322,84,96.17743,96.19043735347736
CALCE,CS2_35,43,92.9456925100294,83,96.206116,96.21455651221258
CALCE,CS2_35,44,92.85419614345778,82,96.17884,96.18729563014381
CALCE,CS2_35,45,92.77593711045824,81,96.22707,96.23633976179634
CALCE,CS2_35,46,92.6289442917905,80,96.23058,96.237927778672
CALCE,CS2_35,47,93.19065484569302,79,96.20192,96.22006191446212
CALCE,CS2_35,48,93.55039015645144,78,96.44178,96.46494196789494
CALCE,CS2_35,49,93.66097080039833,77,96.41616,96.43782832731448
CALCE,CS2_35,50,92.53446634490513,76,96.250534,96.260362889328
CALCE,CS2_35,51,92.44295899613364,75,96.672195,96.69205330161593
CALCE,CS2_35,52,92.33851711643048,74,96.09868,96.1097289116463
CALCE,CS2_35,53,92.16522552079883,73,96.16341,96.17209260856882
CALCE,CS2_35,54,95.64463417950826,72,97.95598,97.96020082428308
CALCE,CS2_35,55,96.12187076895563,71,96.549835,96.60190059687845
CALCE,CS2_35,56,96.45511635466481,70,95.90644,95.9589672991979
CALCE,CS2_35,57,96.42198681494543,69,95.52105,95.57211243435746
CALCE,CS2_35,58,95.57981107636118,68,96.590256,96.63847737846486
CALCE,CS2_35,59,85.34012875725239,67,96.38267,96.43506782803442
CALCE,CS2_35,60,95.09967300909864,66,96.64918,96.69698104570324
CALCE,CS2_35,61,94.8586575414801,65,96.554344,96.59803415284581
CALCE,CS2_35,62,94.10568852369643,64,96.22241,96.24779331132288
CALCE,CS2_35,63,94.29025535799255,63,96.206924,96.23670008869276
CALCE,CS2_35,64,94.08124023595524,62,96.15254,96.18202498082334
CALCE,CS2_35,65,93.36921416682884,61,96.2101,96.22563848502227
CALCE,CS2_35,66,93.1690348861332,60,96.276085,96.22562774803052
CALCE,CS2_35,67,92.18381109688443,59,96.46238,96.41066980074633
CALCE,CS2_35,68,92.86167460854485,58,96.50073,96.52308082700459
CALCE,CS2_35,69,92.46248370678869,57,96.48084,96.49287220447442
CALCE,CS2_35,70,92.65702204274176,56,96.04945,96.06532661800597
CALCE,CS2_35,71,92.58908704564554,55,96.03029,96.04589359361071
CALCE,CS2_35,72,91.29350601543341,54,96.72411,96.67046805269452
CALCE,CS2_35,73,91.89312073328149,53,96.41133,96.4213579071353
CALCE,CS2_35,74,91.80822613577133,52,96.46073,96.47220780560659
CALCE,CS2_35,75,91.71846524573921,51,96.46236,96.47422710994282
CALCE,CS2_35,76,91.33333534746507,50,96.41433,96.42293480062838
CALCE,CS2_35,77,91.6656710804025,49,96.37098,96.38644600786665
CALCE,CS2_35,78,91.63045139718406,48,96.43144,96.4471948381239
CALCE,CS2_35,79,91.51811457897776,47,96.4621,96.48045480093386
CALCE,CS2_35,80,91.37883703160091,46,96.4363,96.45028501831534
CALCE,CS2_35,81,91.28126678697491,45,96.41219,96.42605827035905
CALCE,CS2_35,82,91.27214747973849,44,96.371315,96.38544192448666
CALCE,CS2_35,83,91.17634866426096,43,96.46411,96.47803527886062
CALCE,CS2_35,84,91.00266504254806,42,96.423035,96.43881905954271
CALCE,CS2_35,85,90.88958947532355,41,96.40864,96.42140997607328
CALCE,CS2_35,86,90.80739000972409,40,96.38986,96.4029410414466
CALCE,CS2_35,87,90.68495981669872,39,96.45236,96.46553955201462
CALCE,CS2_35,88,89.81062883973297,38,96.60248,96.55024861616099
CALCE,CS2_35,89,90.53870147941807,37,96.487206,96.44684357541351
CALCE,CS2_35,90,90.55786743988102,36,96.41048,96.42587180769236
CALCE,CS2_35,91,90.4018410426089,35,96.29002,96.30403015229192
CALCE,CS2_35,92,90.30347016666873,34,96.39634,96.41191626897026
CALCE,CS2_35,93,90.24956928122711,33,96.45195,96.46967576502215
CALCE,CS2_35,94,89.40715070365356,32,96.45764,96.47049128940003
CALCE,CS2_35,95,89.09509916536831,31,96.45255,96.46601755333592
CALCE,CS2_35,96,89.00100937836143,30,96.50452,96.519338901154
CALCE,CS2_35,97,88.85173407546479,29,96.49756,96.51052359071926
CALCE,CS2_35,98,90.46047630848433,28,92.239235,92.22888726217286
CALCE,CS2_35,99,90.35408707977317,27,96.48137,96.50721435440784
CALCE,CS2_35,100,90.1374441931963,26,96.43252,96.45131127234482
CALCE,CS2_35,101,90.89175054825917,25,96.176254,96.20472298675517
CALCE,CS2_35,102,90.91765194904777,24,96.17524,96.20379252040603
CALCE,CS2_35,103,90.02770607694977,23,96.409874,96.42687081742393
CALCE,CS2_35,104,80.57770173815373,22,96.781235,96.82322285152594
CALCE,CS2_35,105,92.60538630937472,21,94.251076,94.26617320153318
CALCE,CS2_35,106,92.54781233011387,20,96.46912,96.48750358563149
CALCE,CS2_35,107,93.18210547644942,19,95.503204,95.54798832681622
CALCE,CS2_35,108,93.27439423104268,18,95.50021,95.54772197728447
CALCE,CS2_35,109,92.03819413969286,17,96.070656,96.09356019416354
CALCE,CS2_35,110,91.99103363426782,16,96.055275,96.0835452372881
CALCE,CS2_35,111,92.06560700877573,15,96.034164,96.07068760214442
CALCE,CS2_35,112,91.84710250666794,14,96.16139,96.1897198618082
CALCE,CS2_35,113,91.68516962535102,13,96.13163,96.1641503040602
CALCE,CS2_35,114,91.66804178561121,12,97.74525,97.7539223816378
CALCE,CS2_35,115,92.51516084586352,11,95.43181,95.47709631988059
CALCE,CS2_35,116,91.57207494022511,10,96.106636,96.13562118478453
CALCE,CS2_35,117,91.20553405352057,9,96.06834,96.09066921459618
CALCE,CS2_35,118,90.98279820116632,8,96.02352,96.04122624755641
CALCE,CS2_35,119,90.85501703229556,7,96.024574,96.0419907408754
CALCE,CS2_35,120,90.52843966686174,6,96.15042,96.16599340213536
CALCE,CS2_35,121,91.46870977446278,5,95.98841,96.02618714880855
CALCE,CS2_35,122,91.55170860195015,4,96.054756,96.09283733264394
CALCE,CS2_35,123,90.61214030668468,3,96.12793,96.1431794361934
CALCE,CS2_35,124,90.00631931777347,2,96.401474,96.41616557087357
CALCE,CS2_35,125,90.09022895240258,1,96.454025,96.47335048761137
CALCE,CS2_35,126,79.29974539743564,0,95.78982,95.80292530862326
CALCE,CS2_35,127,89.70190473017189,0,96.25705,96.27237711583453
CALCE,CS2_35,128,90.19798283570914,0,96.20466,96.23437701644235
CALCE,CS2_35,129,90.61315471756254,0,96.10644,96.14013167755105
CALCE,CS2_35,130,90.64026386754708,0,96.31779,96.35510980701999
CALCE,CS2_35,131,90.62412307110831,0,96.28389,96.3206140712166
CALCE,CS2_35,132,90.5965473013949,0,96.286575,96.323322694153
CALCE,CS2_35,133,90.56512912631045,0,96.28658,96.32319491043923
CALCE,CS2_35,134,90.58616116986533,0,96.2908,96.32769674999449
CALCE,CS2_35,135,90.5678229157698,0,96.91116,96.92926890076023
CALCE,CS2_35,136,90.52745289640207,0,96.27348,96.31058164769061
CALCE,CS2_35,137,90.4666343294035,0,96.388954,96.42790366522757
CALCE,CS2_35,138,90.42020804095701,0,96.41342,96.45263373526038
CALCE,CS2_35,139,90.38108353118305,0,96.40184,96.44030267972943
CALCE,CS2_35,140,90.36169471572435,0,96.40184,96.44069771470694
CALCE,CS2_35,141,90.3520528450835,0,96.363655,96.40350925110839
CALCE,CS2_35,142,90.34940112036917,0,96.363655,96.40436556210659
CALCE,CS2_35,143,90.4101473066799,0,96.36686,96.40905851554348
CALCE,CS2_35,144,90.46271385220717,0,95.800156,95.83684039237956
CALCE,CS2_35,145,80.84579544469813,0,96.48448,96.53245357704645
CALCE,CS2_35,146,88.76495886860121,0,96.246254,96.26222997905279
CALCE,CS2_35,147,88.88672938877498,0,96.279076,96.30068337498449
CALCE,CS2_35,148,88.63093618535103,0,95.98595,96.0022936509663
CALCE,CS2_35,149,88.54685971202218,0,96.2826,96.30211946551562
CALCE,CS2_35,150,88.28643347493819,0,96.08129,96.10112234669361
CALCE,CS2_35,151,89.31345221385834,0,96.07055,96.10028488787505
CALCE,CS2_35,152,89.39646926777797,0,96.02452,96.05526382165023
CALCE,CS2_35,153,88.116602506151,0,96.16447,96.1811009572786
CALCE,CS2_35,154,87.90279689953837,0,96.108086,96.12654170682403
CALCE,CS2_35,155,88.40419679509701,0,96.097275,96.11567912064179
CALCE,CS2_35,156,78.65246395319922,0,95.51148,95.54447815282784
CALCE,CS2_35,157,88.49493779778716,0,97.9172,97.88726835781438
CALCE,CS2_35,158,88.52902667670712,0,97.88011,97.86330424264243
CALCE,CS2_35,159,88.04511098141336,0,96.09933,96.11578211320595
CALCE,CS2_35,160,87.38286926991124,0,96.40609,96.3589304721027
CALCE,CS2_35,161,88.23640741796913,0,96.0449,96.06421076187296
CALCE,CS2_35,162,88.16735596398576,0,95.99161,96.00908029909591
CALCE,CS2_35,163,88.30140284532638,0,96.092224,96.11570127160499
CALCE,CS2_35,164,88.9990295462247,0,95.793205,95.82609653282418
CALCE,CS2_35,165,89.16989633235647,0,95.991196,96.02571720722486
CALCE,CS2_35,166,88.09112467643178,0,95.97048,95.9889116486281
CALCE,CS2_35,167,87.97471159087038,0,96.53907,96.57029568732783
CALCE,CS2_35,168,77.46146241420323,0,94.41221,94.42194400978929
CALCE,CS2_35,169,87.80486992170525,0,95.660164,95.67458178966385
CALCE,CS2_35,170,87.97343124494998,0,95.83439,95.85250390302922
CALCE,CS2_35,171,88.65021577777573,0,95.88688,95.9176189847169
CALCE,CS2_35,172,88.99150976799865,0,95.9774,96.01613548844101
CALCE,CS2_35,173,89.0584050272478,0,96.71401,96.68981388232999
CALCE,CS2_35,174,86.96815030954836,0,96.49818,96.45092075171922
CALCE,CS2_35,175,88.04078179153585,0,96.04712,96.07275687203648
CALCE,CS2_35,176,88.41863852153591,0,96.07366,96.10885689503732
CALCE,CS2_35,177,79.23086596435695,0,95.885704,95.90492157033404
CALCE,CS2_35,178,88.27541921536145,0,97.74981,97.74400172387358
CALCE,CS2_35,179,89.12615760798295,0,96.774574,96.79311115375644
CALCE,CS2_35,180,89.15599002670561,0,96.774574,96.79311159792806
CALCE,CS2_35,181,89.1876332606203,0,96.31586,96.36284438061823
CALCE,CS2_35,182,89.22061044530601,0,96.28396,96.33172681883958
CALCE,CS2_35,183,89.24755369614142,0,96.219086,96.26445936862514
CALCE,CS2_35,184,89.3521630197543,0,96.32084,96.36951852118588
CALCE,CS2_35,185,89.38036157698485,0,94.768845,94.80677074442747
CALCE,CS2_35,186,89.39768941212336,0,94.768845,94.80690170294848
CALCE,CS2_35,187,89.40463889066251,0,94.83206,94.87085425680914
CALCE,CS2_35,188,89.44706608950108,0,96.75782,96.77374412991756
CALCE,CS2_35,189,89.46128560857235,0,95.033356,95.07295694070164
CALCE,CS2_35,190,89.46714646380407,0,95.02511,95.06469185175588
CALCE,CS2_35,191,89.47506338324665,0,94.7373,94.7744601164249
CALCE,CS2_35,192,89.48594166529332,0,96.80026,96.81567038493533
CALCE,CS2_35,193,89.48254789006485,0,94.81943,94.85810970636963
CALCE,CS2_35,194,89.48414370825607,0,94.85873,94.89791604713432
CALCE,CS2_35,195,89.48025470990214,0,94.84609,94.8852653215561
CALCE,CS2_35,196,88.59453852484175,0,95.81901,95.84982529862084
CALCE,CS2_35,197,88.3318324566718,0,95.75325,95.79070453194046
CALCE,CS2_35,198,88.2703260336321,0,95.748726,95.7852164099559
CALCE,CS2_35,199,87.97693966033646,0,95.747505,95.77568493300562
CALCE,CS2_35,200,87.77584904586018,0,96.197815,96.22646452028856
CALCE,CS2_35,201,88.58682165468682,0,95.919785,95.96682843642786
CALCE,CS2_35,202,88.84610832045134,0,95.92605,95.97165262122567
CALCE,CS2_35,203,88.75033529486551,0,95.92813,95.97233740915469
CALCE,CS2_35,204,87.73702343301811,0,96.21519,96.24362759144786
CALCE,CS2_35,205,90.74123669848197,0,96.76133,96.72815036552745
CALCE,CS2_35,206,91.79189354128145,0,96.14607,96.18166056448037
CALCE,CS2_35,207,92.0370862899414,0,96.01174,96.0525572240194
CALCE,CS2_35,208,92.10263728476384,0,95.96845,96.01063360590393
CALCE,CS2_35,209,92.10989042110279,0,96.06805,96.1172797475701
CALCE,CS2_35,210,92.07922016051592,0,95.858475,95.90556084034642
CALCE,CS2_35,211,92.07268195183418,0,95.87239,95.92141331849572
CALCE,CS2_35,212,92.08720060901236,0,96.20115,96.25453516373955
CALCE,CS2_35,213,92.05066165792172,0,96.45303,96.4525286894538
CALCE,CS2_35,214,91.99287388660838,0,96.001366,96.05314573091454
CALCE,CS2_35,215,91.93232167450964,0,96.002815,96.05483246124614
CALCE,CS2_35,216,91.82020263071176,0,95.97187,96.02304279872244
CALCE,CS2_35,217,91.78720245886542,0,95.958885,96.0113009097496
CALCE,CS2_35,218,91.73974542057954,0,95.39222,95.44085663136268
CALCE,CS2_35,219,91.69008384944779,0,95.41932,95.46721215460319
CALCE,CS2_35,220,91.67389508102976,0,95.393265,95.44035073121151
CALCE,CS2_35,221,81.66712130872311,0,95.5286,95.58602812003835
CALCE,CS2_35,222,91.57501569940257,0,95.432755,95.48322127609939
CALCE,CS2_35,223,90.79092287770317,0,95.91684,95.95213846575662
CALCE,CS2_35,224,90.00051348093592,0,96.16442,96.18823729601402
CALCE,CS2_35,225,90.11861038172341,0,96.031075,96.06467679721605
CALCE,CS2_35,226,89.92899805775711,0,96.011635,96.04537000586105
CALCE,CS2_35,227,89.63964907687847,0,96.023575,96.04966663256623
CALCE,CS2_35,228,89.52793035299929,0,97.82164,97.82435029499263
CALCE,CS2_35,229,89.753852642605,0,97.89537,97.90315939417495
CALCE,CS2_35,230,90.24982858043454,0,96.04123,96.0839309405802
CALCE,CS2_35,231,89.24903766515202,0,96.13315,96.15510466068422
CALCE,CS2_35,232,77.15128532791016,0,96.58547,96.54802387047323
CALCE,CS2_35,233,89.14327920244143,0,96.16442,96.18832591975338
CALCE,CS2_35,234,89.02399349898901,0,95.9958,96.02003570888672
CALCE,CS2_35,235,88.76612487272322,0,96.13361,96.15567009826248
CALCE,CS2_35,236,89.63317287979406,0,95.96814,96.01383117364144
CALCE,CS2_35,237,89.73422131147575,0,96.04349,96.08894901714835
CALCE,CS2_35,238,88.8858606516805,0,96.07568,96.10390217802441
CALCE,CS2_35,239,88.44170659773408,0,96.09274,96.11530394215225
CALCE,CS2_35,240,88.29594336744168,0,96.03935,96.05920664817441
CALCE,CS2_35,241,88.20172300894524,0,95.98111,96.00039268960194
CALCE,CS2_35,242,87.9836715920709,0,95.89811,95.91743848624162
CALCE,CS2_35,243,88.85769507249863,0,96.127754,96.17196487714875
CALCE,CS2_35,244,89.05316378285076,0,96.07192,96.1155576310921
CALCE,CS2_35,245,88.57494063663037,0,95.78207,95.80956855792239
CALCE,CS2_35,246,87.64691330020997,0,95.82015,95.83621806428975
CALCE,CS2_35,247,87.71403913820252,0,95.7815,95.79866922952151
CALCE,CS2_35,248,87.64098562682511,0,95.851906,95.87063574826779
CALCE,CS2_35,249,87.5444343312111,0,96.17525,96.2081144237708
CALCE,CS2_35,250,88.09281537245893,0,95.98904,96.03105459207417
CALCE,CS2_35,251,88.42588591034695,0,96.10704,96.1468834336033
CALCE,CS2_35,252,88.48112193143442,0,95.81078,95.84796331407078
CALCE,CS2_35,253,86.38867302166786,0,96.688995,96.65730632391241
CALCE,CS2_35,254,87.0637674881234,0,95.87805,95.89558213604776
CALCE,CS2_35,255,88.07403705164475,0,96.37272,96.4064310079932
CALCE,CS2_35,256,88.63515556588388,0,96.12487,96.16175043052637
CALCE,CS2_35,257,88.6923159891042,0,96.10154,96.14539475644524
CALCE,CS2_35,258,88.68163107040333,0,96.62401,96.65156665238837
CALCE,CS2_35,259,88.67290404622746,0,96.10539,96.15201190716438
CALCE,CS2_35,260,88.68419064261566,0,96.081535,96.12904561433676
CALCE,CS2_35,261,88.67870046540375,0,96.05683,96.10456088980459
CALCE,CS2_35,262,88.67312070021417,0,96.11738,96.16600567275744
CALCE,CS2_35,263,88.63684740395256,0,95.87422,95.92007554317351
CALCE,CS2_35,264,88.60135016044657,0,95.883675,95.92929381096178
CALCE,CS2_35,265,88.5715390633913,0,95.84777,95.89320018351094
CALCE,CS2_35,266,88.54210987641957,0,95.84777,95.89372924369034
CALCE,CS2_35,267,88.52223331999123,0,95.85014,95.89664288975676
CALCE,CS2_35,268,88.51196239999251,0,95.85014,95.89662442930873
CALCE,CS2_35,269,88.51197033812703,0,95.85081,95.8976091409099
CALCE,CS2_35,270,88.49213630501076,0,95.81357,95.8599885519374
CALCE,CS2_35,271,88.47893889389783,0,95.88794,95.93474582809218
CALCE,CS2_35,272,88.44362350173319,0,95.87903,95.92497158926021
CALCE,CS2_35,273,87.11693282399298,0,95.64862,95.66611806812793
CALCE,CS2_35,274,86.88079613554538,0,95.42943,95.44464330902262
CALCE,CS2_35,275,86.83332486502024,0,95.39872,95.41435341422746
CALCE,CS2_35,276,86.6349107980999,0,96.03097,96.05067481692868
CALCE,CS2_35,277,86.5161267702676,0,96.07174,96.0926670673242
CALCE,CS2_35,278,87.63369850050746,0,95.42855,95.46463115875625
CALCE,CS2_35,279,87.77568298108473,0,95.52559,95.56721796334537
CALCE,CS2_35,280,87.00831724392005,0,95.65708,95.67690413178559
CALCE,CS2_35,281,86.41563332502396,0,96.06376,96.08393603592744
CALCE,CS2_35,282,86.41018082955917,0,96.07223,96.09212310826258
CALCE,CS2_35,283,86.40171518999836,0,95.81878,95.83900394655814
CALCE,CS2_35,284,86.33711279424445,0,96.29886,96.27746622331398
CALCE,CS2_35,285,87.04619217620403,0,95.66205,95.69670771186703
CALCE,CS2_35,286,87.25038020730975,0,95.592384,95.57472395098581
CALCE,CS2_35,287,87.42935990946077,0,95.39971,95.4380604095785
CALCE,CS2_35,288,86.11660472998693,0,95.884544,95.90172373066923
CALCE,CS2_35,289,85.97098622473642,0,95.7381,95.75545809600072
CALCE,CS2_35,290,85.94696504732426,0,95.72306,95.74068334332331
CALCE,CS2_35,291,86.03986860783392,0,95.66381,95.6826837846596
CALCE,CS2_35,292,86.04613007717366,0,95.61799,95.63793582714703
CALCE,CS2_35,293,86.9455145250026,0,95.38798,95.42092860471227
CALCE,CS2_35,294,87.05010601562888,0,95.44267,95.47546467827364
CALCE,CS2_35,295,86.21898134825742,0,95.90025,95.92114495047193
CALCE,CS2_35,296,85.79006374448356,0,95.59569,95.61256888718376
CALCE,CS2_35,297,85.81385836257236,0,95.662964,95.68027634238186
CALCE,CS2_35,298,85.72353286385855,0,95.59051,95.55560847760101
CALCE,CS2_35,299,85.54882389983892,0,96.096664,96.11511220989034
CALCE,CS2_35,300,86.37083181594446,0,95.86341,95.8964215777139
CALCE,CS2_35,301,86.6969931562678,0,95.60731,95.64655409062415
CALCE,CS2_35,302,86.5410690005947,0,95.49033,95.51735973420462
CALCE,CS2_35,303,85.3777522027801,0,95.52573,95.54011732908438
CALCE,CS2_35,304,85.42534974029685,0,95.62497,95.64004880124496
CALCE,CS2_35,305,85.83217913546973,0,95.659424,95.67672879643386
CALCE,CS2_35,306,85.72516874346043,0,95.9235,95.94377318360789
CALCE,CS2_35,307,86.55677667239755,0,95.54793,95.57742036305882
CALCE,CS2_35,308,86.67569713895814,0,95.63285,95.67045784858281
CALCE,CS2_35,309,86.69386203759669,0,95.631165,95.66902347998563
CALCE,CS2_35,310,86.70118555765697,0,96.407715,96.38350973004229
CALCE,CS2_35,311,86.70911457652596,0,95.60252,95.64072998369856
CALCE,CS2_35,312,86.87398826666102,0,95.30534,95.339997092465
CALCE,CS2_35,313,86.91013358914208,0,95.268005,95.3032212059962
CALCE,CS2_35,314,86.94008482685302,0,95.34704,95.38720447213858
CALCE,CS2_35,315,86.95550631017178,0,95.38585,95.42712864937427
CALCE,CS2_35,316,86.96947870674215,0,95.404884,95.44650492984196
CALCE,CS2_35,317,86.97961022341009,0,95.40187,95.44388142900029
CALCE,CS2_35,318,86.98365863286284,0,95.40731,95.44976878816053
CALCE,CS2_35,319,87.00140148082679,0,95.38858,95.43099351682423
CALCE,CS2_35,320,87.02033214712576,0,95.34409,95.38666116984142
CALCE,CS2_35,321,87.062471644737,0,95.416176,95.45907433121742
CALCE,CS2_35,322,87.03435701815306,0,95.35208,95.39453626978036
CALCE,CS2_35,323,87.03606363157732,0,95.35208,95.39475323385422
CALCE,CS2_35,324,85.96961045547546,0,95.39959,95.420603950619
CALCE,CS2_35,325,85.52285476261855,0,95.787674,95.82237602672612
CALCE,CS2_35,326,85.55053332961589,0,95.43677,95.45509618401063
CALCE,CS2_35,327,85.52761645550042,0,95.42561,95.44499041832424
CALCE,CS2_35,328,85.35931484381916,0,95.48603,95.50401877067699
CALCE,CS2_35,329,86.06848284200271,0,95.56372,95.59940273116544
CALCE,CS2_35,330,86.37999189555855,0,95.48897,95.52863178216559
CALCE,CS2_35,331,75.59138231692275,0,93.02418,93.04732317241348
CALCE,CS2_35,332,85.50071898384158,0,95.397545,95.41620006598771
CALCE,CS2_35,333,85.31389235283463,0,95.48542,95.50414189513859
CALCE,CS2_35,334,85.40109104402649,0,95.44657,95.46547625993622
CALCE,CS2_35,335,85.17884511856231,0,95.511696,95.46338762777611
CALCE,CS2_35,336,84.15057790994126,0,96.64712,96.59330036038962
CALCE,CS2_35,337,86.0772396899405,0,95.5838,95.62085002643889
CALCE,CS2_35,338,86.31033319101876,0,95.577576,95.61932010093548
CALCE,CS2_35,339,85.75477230842793,0,95.63114,95.63797899817644
CALCE,CS2_35,340,85.04540486601026,0,95.52917,95.54636729765059
CALCE,CS2_35,341,85.14326123317069,0,95.354195,95.37044265823754
CALCE,CS2_35,342,84.43167465205072,0,96.66238,96.61577900629719
CALCE,CS2_35,343,85.15812100405785,0,95.408356,95.42707393463895
CALCE,CS2_35,344,85.60478648728417,0,95.35048,95.38372809174922
CALCE,CS2_35,345,86.17694792397886,0,95.60165,95.64525960519066
CALCE,CS2_35,346,86.29814691735452,0,95.5706,95.6147060638461
CALCE,CS2_35,347,85.32482153244617,0,95.50331,95.52348836941935
CALCE,CS2_35,348,85.10031462814734,0,95.37233,95.39032645561011
CALCE,CS2_35,349,85.13587693033882,0,95.32982,95.3493339893049
CALCE,CS2_35,350,85.06136969541318,0,95.391785,95.41123097943778
CALCE,CS2_35,351,84.92716656814366,0,95.353966,95.37171012836787
CALCE,CS2_35,352,85.45428269475654,0,95.34942,95.37823578350692
CALCE,CS2_35,353,84.80060536460034,0,95.37669,95.39753318864547
CALCE,CS2_35,354,84.70278301862655,0,95.2538,95.27269321785528
CALCE,CS2_35,355,85.28746077972923,0,95.459755,95.47674171663095
CALCE,CS2_35,356,85.19221289898499,0,95.380585,95.3979415097085
CALCE,CS2_35,357,85.00385776573945,0,95.43359,95.45318036055438
CALCE,CS2_35,358,85.77459945491321,0,95.39539,95.42353873707927
CALCE,CS2_35,359,85.91270786187778,0,95.93576,95.96467312188065
CALCE,CS2_35,360,85.97504122073126,0,95.35492,95.39135282260538
CALCE,CS2_35,361,86.00972952295625,0,95.48272,95.51888235946919
CALCE,CS2_35,362,86.02580069333466,0,95.517456,95.55489972555364
CALCE,CS2_35,363,86.0617145794218,0,95.55465,95.59273412010059
CALCE,CS2_35,364,81.08026938341224,0,96.770096,96.8111913845189
CALCE,CS2_35,365,86.20362311500828,0,95.61065,95.62972505572553
CALCE,CS2_35,366,86.60413936292474,0,95.487625,95.52459160675492
CALCE,CS2_35,367,86.8585219019536,0,95.296196,95.33135980687459
CALCE,CS2_35,368,86.13605417674646,0,97.804596,97.79437559977383
CALCE,CS2_35,369,86.14000362559105,0,95.66896,95.68905827024278
CALCE,CS2_35,370,86.1357103624139,0,95.62594,95.64660549761842
CALCE,CS2_35,371,86.3918597501041,0,95.48339,95.51188256691131
CALCE,CS2_35,372,85.76611492300856,0,97.45727,97.44235378071109
CALCE,CS2_35,373,86.5552877656774,0,95.46981,95.50485843198355
CALCE,CS2_35,374,86.9440855459656,0,95.19157,95.235082581129
CALCE,CS2_35,375,87.01655450872623,0,95.27527,95.32120347693598
CALCE,CS2_35,376,86.58957471057205,0,95.55916,95.5846972046107
CALCE,CS2_35,377,86.26817748583274,0,95.518394,95.54902991219444
CALCE,CS2_35,378,86.25185595342191,0,95.51202,95.54365101802165
CALCE,CS2_35,379,86.48135001490706,0,95.35305,95.39078322744261
CALCE,CS2_35,380,86.47475674207163,0,95.41164,95.44957368299895
CALCE,CS2_35,381,86.60318273454558,0,95.37523,95.41806990254541
CALCE,CS2_35,382,86.80756323439691,0,95.263435,95.30803578465195
CALCE,CS2_35,383,86.83775315841127,0,95.153854,95.19866457263822
CALCE,CS2_35,384,86.11253545781655,0,95.990845,96.02021139496647
CALCE,CS2_35,385,86.09490462187435,0,95.50887,95.54156706554247
CALCE,CS2_35,386,86.05263974040368,0,95.50014,95.533723470934
CALCE,CS2_35,387,85.16296714767502,0,96.884445,96.86040010281762
CALCE,CS2_35,388,85.78944881083663,0,95.44346,95.46803469052452
CALCE,CS2_35,389,86.3642014239437,0,95.34206,95.3857209291185
CALCE,CS2_35,390,86.49341618860083,0,95.29638,95.33884171087716
CALCE,CS2_35,391,86.1165903224432,0,95.505005,95.53683558075768
CALCE,CS2_35,392,85.7311680775682,0,95.371254,95.39659517859192
CALCE,CS2_35,393,85.81168156100165,0,95.823456,95.85255366768367
CALCE,CS2_35,394,85.88832113888029,0,95.35985,95.39461772263608
CALCE,CS2_35,395,86.03113168993234,0,95.40479,95.44154461362997
CALCE,CS2_35,396,86.10297293134659,0,95.47986,95.5242152085923
CALCE,CS2_35,397,86.40884208886499,0,95.296295,95.34035920557345
CALCE,CS2_35,398,86.46508518768266,0,95.31021,95.35523930879492
CALCE,CS2_35,399,86.48705696755957,0,95.312836,95.3567187209453
CALCE,CS2_35,400,86.50011595496878,0,95.31412,95.35718332702099
CALCE,CS2_35,401,86.49958875066945,0,95.31412,95.35687509441232
CALCE,CS2_35,402,86.59261475518875,0,95.61002,95.65978635360075
CALCE,CS2_35,403,86.62309171381828,0,95.54478,95.59400244174215
CALCE,CS2_35,404,86.63673998667247,0,95.54335,95.59261734915114
CALCE,CS2_35,405,86.63651256210885,0,95.55572,95.60498969930093
CALCE,CS2_35,406,86.63586212493878,0,95.54335,95.59259020263495
CALCE,CS2_35,407,86.6085757564776,0,95.585266,95.6346595427542
CALCE,CS2_35,408,86.6159873645384,0,95.54478,95.5936842764313
CALCE,CS2_35,409,85.79624608728037,0,97.86788,97.87431015644819
CALCE,CS2_35,410,86.60538169134257,0,95.585266,95.63436393748455
CALCE,CS2_35,411,86.60575204790862,0,95.585266,95.63428785092695
CALCE,CS2_35,412,86.6018361283523,0,95.54932,95.59798708305863
CALCE,CS2_35,413,86.5761999427317,0,95.50883,95.55719645872625
CALCE,CS2_35,414,85.90635216355427,0,95.3343,95.36962989039598
CALCE,CS2_35,415,87.51828192092553,0,95.33972,95.36738303487986
CALCE,CS2_35,416,86.52215111993004,0,96.53318,96.50468391299917
CALCE,CS2_35,417,87.44565479365473,0,95.29347,95.32674297706744
CALCE,CS2_35,418,88.00573311928137,0,95.41328,95.45459121742148
CALCE,CS2_35,419,88.12637301284599,0,95.531746,95.57589678045987
CALCE,CS2_35,420,87.44264648416393,0,95.651436,95.62226357856471
CALCE,CS2_35,421,87.31802313277863,0,95.34164,95.37355629791351
CALCE,CS2_35,422,87.36605714268578,0,95.30914,95.34228795409655
CALCE,CS2_35,423,87.31841387041777,0,95.271866,95.30567558074466
CALCE,CS2_35,424,87.13109277238182,0,95.33138,95.35869620911643
CALCE,CS2_35,425,87.68573938982675,0,95.24921,95.29297691633417
CALCE,CS2_35,426,87.78038716969552,0,95.44203,95.48858141377343
CALCE,CS2_35,427,87.50381757244939,0,95.24339,95.2761984460265
CALCE,CS2_35,428,86.84914820579094,0,95.25358,95.28056957040344
CALCE,CS2_35,429,86.92321108992537,0,95.21174,95.24120598599896
CALCE,CS2_35,430,86.91154162517898,0,95.21174,95.24136390074375
CALCE,CS2_35,431,86.22072225938645,0,95.59092,95.60879544391496
CALCE,CS2_35,432,86.28415747067663,0,95.551476,95.58382464578548
CALCE,CS2_35,433,86.9509808972914,0,95.17359,95.21470407486271
CALCE,CS2_35,434,87.04423168881677,0,95.08139,95.12399276094244
CALCE,CS2_35,435,86.0681035846017,0,95.61342,95.63500425476748
CALCE,CS2_35,436,85.54231936699716,0,95.371086,95.38618530400957
CALCE,CS2_35,437,85.44202832318135,0,95.404854,95.41876107393294
CALCE,CS2_35,438,85.26519093668608,0,95.46981,95.48482508843392
CALCE,CS2_35,439,85.09587965187113,0,95.4114,95.42532097554061
CALCE,CS2_35,440,86.03798900703428,0,95.39463,95.43047369970265
CALCE,CS2_35,441,86.25777243540895,0,95.42637,95.4659335848159
CALCE,CS2_35,442,86.33940900308681,0,95.39764,95.43850256583538
CALCE,CS2_35,443,75.69274886191768,0,93.0792,93.11260890616909
CALCE,CS2_35,444,86.3555639232998,0,95.27796,95.31960275798954
CALCE,CS2_35,445,86.41462810303769,0,95.299446,95.34078898329037
CALCE,CS2_35,446,86.46056478497691,0,95.299446,95.33980752713285
CALCE,CS2_35,447,86.46247200889485,0,95.299446,95.33957585562882
CALCE,CS2_35,448,85.6161582658716,0,97.41774,97.41499086767004
CALCE,CS2_35,449,86.28957317302851,0,95.38032,95.4217475031858
CALCE,CS2_35,450,86.23705522852228,0,95.40037,95.44122340522856
CALCE,CS2_35,451,86.18589454126784,0,95.38482,95.42594230448529
CALCE,CS2_35,452,86.1329989910135,0,95.44005,95.48112021340218
CALCE,CS2_35,453,86.1202841761575,0,95.98279,96.00272832079844
CALCE,CS2_35,454,86.09706653370556,0,95.407455,95.44830196202446
CALCE,CS2_35,455,86.06914034048,0,95.41071,95.45207670499296
CALCE,CS2_35,456,85.22686528568227,0,97.58515,97.58192791191243
CALCE,CS2_35,457,86.00075102104864,0,95.37267,95.41331770007784
CALCE,CS2_35,458,84.44702272895022,0,95.18127,95.1887203030469
CALCE,CS2_35,459,84.27071033751635,0,94.88142,94.89206036695174
CALCE,CS2_35,460,83.70294426567658,0,95.46324,95.46892338484025
CALCE,CS2_35,461,83.61805269733384,0,95.42394,95.42909791342119
CALCE,CS2_35,462,83.38865747403057,0,95.47639,95.48548921439104
CALCE,CS2_35,463,84.67244715272618,0,95.10228,95.12913487589607
CALCE,CS2_35,464,84.91458858654202,0,95.264854,95.29745231479411
CALCE,CS2_35,465,84.31442432728343,0,95.263794,95.27377839498067
CALCE,CS2_35,466,84.03125639520039,0,95.63382,95.66783662583622
CALCE,CS2_35,467,84.45458196153226,0,94.98947,95.0074681540696
CALCE,CS2_35,468,84.93300722263275,0,95.28735,95.31047345099647
CALCE,CS2_35,469,84.99177858215131,0,95.326935,95.35074805492536
CALCE,CS2_35,470,83.73294256984653,0,95.29408,95.32507072833843
CALCE,CS2_35,471,83.28247019944304,0,95.341446,95.35853884342728
CALCE,CS2_35,472,83.12481679268816,0,95.19847,95.23886503578777
CALCE,CS2_35,473,83.09888522638774,0,85.680626,85.62652400725368
CALCE,CS2_35,474,81.75577970044499,0,96.11857,96.05718240325929
CALCE,CS2_35,475,82.79826374925871,0,94.29888,94.30588421240243
CALCE,CS2_35,476,83.31157974902199,0,94.28746,94.24632817693897
CALCE,CS2_35,477,84.0011694467494,0,94.40175,94.42216186596325
CALCE,CS2_35,478,84.20619765689,0,94.6375,94.66648654017814
CALCE,CS2_35,479,83.24068886923027,0,94.265396,94.27154653880046
CALCE,CS2_35,480,82.99707822301431,0,94.51748,94.53144011752877
CALCE,CS2_35,481,82.96815558381238,0,94.50376,94.52113036714076
CALCE,CS2_35,482,82.76668766957512,0,95.23617,95.25549939643969
CALCE,CS2_35,483,81.84100010449121,0,96.22758,96.16674733128724
CALCE,CS2_35,484,82.65682463992225,0,96.03775,95.99343535004984
CALCE,CS2_35,485,83.7507424427939,0,94.26205,94.28125777605442
CALCE,CS2_35,486,83.56782739610777,0,94.760025,94.78101823896574
CALCE,CS2_35,487,81.80863770368096,0,96.19866,96.13687479810015
CALCE,CS2_35,488,82.58247093435406,0,95.21416,95.2326788379114
CALCE,CS2_35,489,82.33880200245481,0,94.87723,94.82205600354382
CALCE,CS2_35,490,82.22127008798553,0,94.88226,94.89734565356567
CALCE,CS2_35,491,82.18902260729926,0,94.89321,94.911318535698
CALCE,CS2_35,492,83.01966898931708,0,94.30955,94.31804826820824
CALCE,CS2_35,493,82.37060288403508,0,96.072624,96.03074345163714
CALCE,CS2_35,494,82.2795317812627,0,94.83609,94.848127989878
CALCE,CS2_35,495,82.08042654287799,0,94.88281,94.89886206236874
CALCE,CS2_35,496,82.20728061610953,0,94.84007,94.847723261863
CALCE,CS2_35,497,82.13019031901673,0,94.86174,94.87017248587445
CALCE,CS2_35,498,82.07122983830075,0,94.8789,94.88602256690042
CALCE,CS2_35,499,82.5326470865368,0,94.2107,94.21870954486498
CALCE,CS2_35,500,82.84448889840851,0,94.27131,94.28139377129821
CALCE,CS2_35,501,82.91659607206743,0,94.26941,94.27908473134946
CALCE,CS2_35,502,81.92846754106911,0,94.80783,94.81329527301364
CALCE,CS2_35,503,81.88612866261722,0,94.84192,94.84976764380191
CALCE,CS2_35,504,81.88054581967258,0,94.79912,94.80649172471668
CALCE,CS2_35,505,81.81624718817146,0,94.75236,94.75786794499265
CALCE,CS2_35,506,81.5905219246224,0,94.66328,94.69731624571472
CALCE,CS2_35,507,82.34216162563825,0,93.892136,93.89650806403971
CALCE,CS2_35,508,82.46910906375248,0,94.11983,94.1307650466706
CALCE,CS2_35,509,82.51200058820773,0,94.11607,94.12716222912769
CALCE,CS2_35,510,82.5070843268816,0,94.11491,94.1257243044514
CALCE,CS2_35,511,82.49817794988253,0,94.11491,94.12549139751553
CALCE,CS2_35,512,82.48237595976015,0,93.885254,93.89438104110901
CALCE,CS2_35,513,82.47082484879294,0,94.25107,94.21328057011785
CALCE,CS2_35,514,71.1491425337833,0,87.87171,87.8424471026771
CALCE,CS2_35,515,82.42442664054262,0,94.411446,94.42717891176717
CALCE,CS2_35,516,82.43539680828997,0,94.07144,94.08186715854607
CALCE,CS2_35,517,71.11550679704399,0,87.873764,87.84644693854058
CALCE,CS2_35,518,82.36019666412902,0,94.0841,94.09633366604817
CALCE,CS2_35,519,82.34237906703545,0,94.06078,94.0729902448072
CALCE,CS2_35,520,82.30607783017861,0,94.075615,94.08130277391614
CALCE,CS2_35,521,82.18504995283556,0,94.406746,94.42299138472013
CALCE,CS2_35,522,82.14363642964005,0,94.09115,94.09751114732407
CALCE,CS2_35,523,81.91783636940495,0,94.233795,94.23468861125116
CALCE,CS2_35,524,81.6641969397064,0,94.63009,94.63197214107184
CALCE,CS2_35,525,81.85390625833475,0,93.90688,93.91281693779118
CALCE,CS2_35,526,82.20769358826242,0,93.8417,93.84483007915465
CALCE,CS2_35,527,82.21193597549137,0,94.062775,94.06698500180188
CALCE,CS2_35,528,81.29772432783075,0,94.337265,94.34149652029619
CALCE,CS2_35,529,81.07244705963556,0,94.02015,94.0250343728291
CALCE,CS2_35,530,81.04166391758089,0,93.98333,94.01387540782608
CALCE,CS2_35,531,80.86726364655334,0,93.7696,93.7730441218186
CALCE,CS2_35,532,80.72261956010051,0,93.71077,93.71503637355556
CALCE,CS2_35,533,81.2525490791204,0,93.59789,93.60011851058276
CALCE,CS2_35,534,81.41325994770786,0,94.05146,94.00299532453597
CALCE,CS2_35,535,81.46241353827043,0,93.76612,93.7658197499146
CALCE,CS2_35,536,80.44171618667069,0,93.69476,93.69573330094248
CALCE,CS2_35,537,80.27978480049875,0,93.674286,93.68085112880632
CALCE,CS2_35,538,80.25462618028435,0,93.72123,93.72679057808611
CALCE,CS2_35,539,80.08910886404337,0,93.33528,93.36548744170236
CALCE,CS2_35,540,80.13869738872434,0,93.68141,93.6861278682109
CALCE,CS2_35,541,80.74656647764506,0,93.047485,93.04563660980136
CALCE,CS2_35,542,80.8033027491524,0,93.132324,93.127352555011
CALCE,CS2_35,543,80.46470461001101,0,93.68552,93.68008699232489
CALCE,CS2_35,544,79.82624349512822,0,93.57525,93.58103213548873
CALCE,CS2_35,545,78.75327069971195,0,96.80633,96.73608066856627
CALCE,CS2_35,546,79.80905752885184,0,93.525246,93.52678385015956
CALCE,CS2_35,547,79.48443593709747,0,93.25791,93.2556785560527
CALCE,CS2_35,548,79.2558280745491,0,93.02387,93.02027566044288
CALCE,CS2_35,549,79.34783617673263,0,96.12818,96.06410303473092
CALCE,CS2_35,550,80.26542625980532,0,92.980064,92.97688792049678
CALCE,CS2_35,551,79.54728830738442,0,93.26082,93.25823569900801
CALCE,CS2_35,552,78.28655795909665,0,96.843124,96.77040885418292
CALCE,CS2_35,553,78.50094756715554,0,96.81893,96.75108576989203
CALCE,CS2_35,554,79.28615071118963,0,93.149826,93.14803202108831
CALCE,CS2_35,555,79.14819264312307,0,93.02214,93.02067141453283
CALCE,CS2_35,556,78.50107996702096,0,96.29978,96.23169789393823
CALCE,CS2_35,557,79.72002896874176,0,93.35741,93.35927116912293
CALCE,CS2_35,558,79.74886619353936,0,93.37046,93.37048904913877
CALCE,CS2_35,559,78.97688893831963,0,96.264305,96.20014524640679
CALCE,CS2_35,560,79.79118478881483,0,92.851685,92.81536632916922
CALCE,CS2_35,561,68.1197509880628,0,83.9245,83.85779872203831
CALCE,CS2_35,562,78.9604732300998,0,96.09829,96.03416453186297
CALCE,CS2_35,563,79.82744174684053,0,92.68349,92.67345519435467
CALCE,CS2_35,564,79.85392607011705,0,92.67295,92.66221069006436
CALCE,CS2_35,565,79.86089361599625,0,92.6871,92.67579358889354
CALCE,CS2_35,566,79.85788863647556,0,92.690315,92.67881336496252
CALCE,CS2_35,567,79.8702382713089,0,92.69589,92.68434036236161
CALCE,CS2_35,568,79.89339462505178,0,92.698944,92.68748535678144
CALCE,CS2_35,569,79.83688257505707,0,92.702675,92.6914598644198
CALCE,CS2_35,570,79.8335281868811,0,92.72639,92.71513917327073
CALCE,CS2_35,571,79.83400433844166,0,92.72639,92.71515557524503
CALCE,CS2_35,572,79.84193493386759,0,92.72639,92.71516288830077
CALCE,CS2_35,573,78.68045282828923,0,91.381744,91.3682651952526
CALCE,CS2_35,574,78.30931798755904,0,92.38597,92.3808705481622
CALCE,CS2_35,575,78.42905973362897,0,92.37028,92.3659536916909
CALCE,CS2_35,576,78.96964274554603,0,92.7761,92.77132208150755
CALCE,CS2_35,577,79.03158393303993,0,92.7366,92.73031267001639
CALCE,CS2_35,578,78.25785518244324,0,92.23079,92.21983691136255
CALCE,CS2_35,579,78.05974822129961,0,92.203224,92.1943807074267
CALCE,CS2_35,580,78.00080349913162,0,92.11584,92.10641449618144
CALCE,CS2_35,581,78.0896908431251,0,92.21897,92.20745847703031
CALCE,CS2_35,582,78.01788416906004,0,92.12414,92.11168651877529
CALCE,CS2_35,583,78.34476993244822,0,92.33651,92.3294680126216
CALCE,CS2_35,584,78.57893666328795,0,92.4866,92.48019219334692
CALCE,CS2_35,585,78.60371046868276,0,92.45344,92.44575662277138
CALCE,CS2_35,586,77.74301083184525,0,92.03865,92.02548234916785
CALCE,CS2_35,587,76.6839267009829,0,96.04451,96.00597928001768
CALCE,CS2_35,588,77.60457853207812,0,91.766594,91.75463260420247
CALCE,CS2_35,589,77.56839098385204,0,91.705444,91.68802680531824
CALCE,CS2_35,590,77.43859353908769,0,91.24781,91.22793302387568
CALCE,CS2_35,591,77.84694298879276,0,92.081566,92.0705227214413
CALCE,CS2_35,592,77.14355890836524,0,96.73521,96.66599410018011
CALCE,CS2_35,593,77.96191853942095,0,92.074745,92.06533567091887
CALCE,CS2_35,594,77.02152380749347,0,90.6522,90.64324945771521
CALCE,CS2_35,595,76.77035657889829,0,90.51519,90.48690059249165
CALCE,CS2_35,596,76.77642895914128,0,90.52577,90.49788498010278
CALCE,CS2_35,597,76.62008274659199,0,89.91259,89.87938197642896
CALCE,CS2_35,598,76.47405045471322,0,89.20399,89.1869359690085
CALCE,CS2_35,599,77.37661933663115,0,91.20453,91.1853477479164
CALCE,CS2_35,600,77.59644913287606,0,91.70305,91.68697844566131
CALCE,CS2_35,601,77.67095533937017,0,91.71412,91.69796194617345
CALCE,CS2_35,602,64.83382524381882,0,81.45639,81.36515554092695
CALCE,CS2_35,603,76.60881127466172,0,88.97494,88.97439360737538
CALCE,CS2_35,604,76.75942619771516,0,90.499535,90.40800513969131
CALCE,CS2_35,605,76.88811724127245,0,90.51652,90.4882702770091
CALCE,CS2_35,606,76.86069145368715,0,90.51652,90.4882322368185
CALCE,CS2_35,607,77.27872291029979,0,91.207115,91.18951251339698
CALCE,CS2_35,608,77.63769531266182,0,91.668655,91.65202609020643
CALCE,CS2_35,609,77.74098479733908,0,90.960304,90.96358146274471
CALCE,CS2_35,610,77.77760385997968,0,91.981674,91.963905288848
CALCE,CS2_35,611,76.97291332430804,0,95.808105,95.73626019210903
CALCE,CS2_35,612,77.80069522986204,0,90.936745,90.93698955453732
CALCE,CS2_35,613,77.80806384579328,0,91.97313,91.95252251001541
CALCE,CS2_35,614,77.78632218231934,0,91.97313,91.95215839327358
CALCE,CS2_35,615,77.77265599281652,0,91.95711,91.93515188354296
CALCE,CS2_35,616,77.75996036882583,0,91.96621,91.94363972296674
CALCE,CS2_35,617,77.74708090171617,0,91.96704,91.94377954824651
CALCE,CS2_35,618,77.72063702853846,0,91.96621,91.94215810660874
CALCE,CS2_35,619,77.68450018130319,0,91.637856,91.61091241642659
CALCE,CS2_35,620,77.64140613200061,0,91.637856,91.61091587987539
CALCE,CS2_35,621,66.5859189204465,0,82.13007,82.04138498424118
CALCE,CS2_35,622,77.57272167090396,0,91.63843,91.61317675875235
CALCE,CS2_35,623,77.68271258511076,0,91.72832,91.69665726266892
CALCE,CS2_35,624,77.27165472045576,0,91.08388,91.0540151589099
CALCE,CS2_35,625,77.06390145097471,0,91.01948,90.99399660753339
CALCE,CS2_35,626,77.70138415536071,0,91.65523,91.62820762183628
CALCE,CS2_35,627,77.69522960310545,0,91.95816,91.93226062220468
CALCE,CS2_35,628,76.92882911564766,0,90.470955,90.4370294667514
CALCE,CS2_35,629,76.29845519536552,0,89.143974,89.10275236648033
CALCE,CS2_35,630,76.2853520047507,0,88.28612,88.27738948730344
CALCE,CS2_35,631,76.30748001477076,0,89.216896,89.17924123333269
CALCE,CS2_35,632,76.11327058333842,0,89.16212,89.12191416910417
CALCE,CS2_35,633,76.04859403098482,0,89.13329,89.01881400135223
CALCE,CS2_35,634,77.13100183275213,0,90.85685,90.82604069800576
CALCE,CS2_35,635,77.19162737351093,0,90.79952,90.77012027298417
CALCE,CS2_35,636,76.67532710343275,0,89.90408,89.85930100399695
CALCE,CS2_35,637,76.00835029800902,0,88.7431,88.6990682519955
CALCE,CS2_35,638,75.87405370337163,0,88.814674,88.7723072102142
CALCE,CS2_35,639,76.02314424169418,0,88.81529,88.77541006862322
CALCE,CS2_35,640,75.84622690163685,0,88.78212,88.73850317609435
CALCE,CS2_35,641,75.77176005150642,0,88.78945,88.74660721676445
CALCE,CS2_35,642,76.61878509515218,0,89.88158,89.84651689663838
CALCE,CS2_35,643,75.96090291653,0,95.91804,95.8459554836267
CALCE,CS2_35,644,76.59848727809708,0,89.85704,89.8215081341815
CALCE,CS2_35,645,75.35326196103247,0,88.29721,88.25066188308683
CALCE,CS2_35,646,75.00236932146733,0,87.63207,87.58161323276158
CALCE,CS2_35,647,77.7038298757717,0,74.41172,74.25735346236856
CALCE,CS2_35,648,76.46403397720903,0,89.30007,89.25497928395997
CALCE,CS2_35,649,74.2052979655021,0,85.95923,85.8987987025282
CALCE,CS2_35,650,72.99005172572349,0,83.900665,83.82685437189231
CALCE,CS2_35,651,73.97458311322671,0,85.52993,85.4692191140218
CALCE,CS2_35,652,74.03687593046612,0,85.97746,85.91714394737723
CALCE,CS2_35,653,73.86220148718522,0,85.568535,85.50574798738639
CALCE,CS2_35,654,71.72830834251714,0,82.39803,82.32743834564161
CALCE,CS2_35,655,58.19534764240126,0,84.35205,84.19099176162543
CALCE,CS2_35,656,70.51546540233323,0,81.169014,81.07440884661882
CALCE,CS2_35,657,70.09224669997631,0,81.13065,81.04126001868056
CALCE,CS2_35,658,69.79481857796267,0,80.242584,80.15264442088592
CALCE,CS2_35,659,69.49490346038006,0,80.18857,80.09743904154982
CALCE,CS2_35,660,70.66130891537337,0,81.32237,81.24926548569135
CALCE,CS2_35,661,70.9486089729885,0,81.2062,81.12097336684255
CALCE,CS2_35,662,70.33911847943804,0,81.30268,81.22299943816682
CALCE,CS2_35,663,68.84644571649208,0,80.461426,80.36528983958861
CALCE,CS2_35,664,68.59733646981796,0,78.59918,78.4937205527974
CALCE,CS2_35,665,68.23349973106528,0,78.64562,78.5396600648634
CALCE,CS2_35,666,68.01587968479575,0,78.69649,78.55040836354728
CALCE,CS2_35,667,66.52860333732332,0,89.34048,89.19339725338955
CALCE,CS2_35,668,68.26088411989643,0,78.674484,78.57370796403625
CALCE,CS2_35,669,68.85121309317461,0,80.35723,80.26854868214237
CALCE,CS2_35,670,69.14985755693532,0,80.286026,80.1878536073341
CALCE,CS2_35,671,67.39891918157639,0,79.16755,79.06194941129745
CALCE,CS2_35,672,66.51456855861551,0,76.91178,76.78268786355987
CALCE,CS2_35,673,66.5650180503639,0,76.931366,76.80473065204382
CALCE,CS2_35,674,66.31354235032117,0,77.14901,77.01154403241443
CALCE,CS2_35,675,66.09628525785595,0,77.67947,77.46906235916512
CALCE,CS2_35,676,65.87090537791579,0,77.12207,76.99147042915322
CALCE,CS2_35,677,65.39269488998688,0,76.96608,76.88142740850336
CALCE,CS2_35,678,65.20758105539203,0,76.966156,76.83358020261896
CALCE,CS2_35,679,65.31978517854449,0,76.96608,76.88131344928989
CALCE,CS2_35,680,64.91566209754782,0,76.89196,76.75820659448885
CALCE,CS2_35,681,64.35207808556736,0,84.80481,84.60437737845461
CALCE,CS2_35,682,65.36113014963085,0,77.5398,77.40284049774048
CALCE,CS2_35,683,66.1328244760754,0,77.86949,77.74092789089428
CALCE,CS2_35,684,66.4204065149439,0,76.96447,76.87981344921916
CALCE,CS2_35,685,65.95553615216438,0,77.01091,76.92695634017171
CALCE,CS2_35,686,66.19380584321564,0,76.96447,76.8796910943514
CALCE,CS2_35,687,65.9594488771224,0,77.843376,77.71420852923991
CALCE,CS2_35,688,65.59095635365728,0,86.8138,86.65778272635612
CALCE,CS2_35,689,66.4264894842031,0,77.0171,76.89698154072794
CALCE,CS2_35,690,66.18477063485115,0,77.0171,76.89644062780606
CALCE,CS2_35,691,65.76353587150582,0,86.880196,86.73047876281386
CALCE,CS2_35,692,66.26141553344792,0,77.726265,77.60161239892169
CALCE,CS2_35,693,66.21590963476798,0,77.0171,76.89648861536563
CALCE,CS2_35,694,66.1201983022112,0,77.0171,76.89573299195389
CALCE,CS2_35,695,66.00396472817538,0,77.0171,76.89547965294418
CALCE,CS2_35,696,65.83456379842636,0,77.86677,77.73813712025384
CALCE,CS2_35,697,68.80508270699963,0,79.479935,79.38423239231469
CALCE,CS2_35,698,67.17927639873223,0,89.48744,89.36890682159724
CALCE,CS2_35,699,56.175186446426565,0,75.42477,75.28248991085282
CALCE,CS2_35,700,65.94748807452262,0,87.37814,87.2244422648232
CALCE,CS2_35,701,66.45394141561599,0,77.10657,76.9848979049816
CALCE,CS2_35,702,66.18265626746748,0,77.0171,76.89645321976931
CALCE,CS2_35,703,66.01009768827389,0,77.01091,76.92650175832755
CALCE,CS2_35,704,65.88166175728281,0,77.76378,77.63660003589105
CALCE,CS2_35,705,54.653276306743095,0,73.80621,73.66443238045741
CALCE,CS2_35,706,65.80199433230108,0,77.89673,77.77132465274045
CALCE,CS2_35,707,65.67329159118825,0,77.191216,76.98731643239691
CALCE,CS2_35,708,65.20430311498274,0,77.13522,77.00420769812871
CALCE,CS2_35,709,64.85577190949269,0,77.66311,77.52982809952537
CALCE,CS2_35,710,64.60522193306566,0,77.1063,76.97719709513949
CALCE,CS2_35,711,64.42629126728362,0,76.92611,76.84021489681464
CALCE,CS2_35,712,64.29088426783902,0,76.93814,76.80878827848828
CALCE,CS2_35,713,52.42622053559908,0,73.52259,73.29461643461414
CALCE,CS2_35,714,63.9545160340008,0,75.23736,75.09136711725982
CALCE,CS2_35,715,64.47230726675497,0,77.06585,76.94089028239304
CALCE,CS2_35,716,64.99439651317005,0,77.016335,76.89359894712122
CALCE,CS2_35,717,63.83244651812606,0,75.147514,75.0038487780884
CALCE,CS2_35,718,63.432420416355704,0,75.14525,74.99344693435886
CALCE,CS2_35,719,63.10395964700915,0,74.9477,74.78158227259846
CALCE,CS2_35,720,62.864745217317974,0,75.19411,75.04396060553398
CALCE,CS2_35,721,62.64464842081237,0,76.07706,75.92537731541275
CALCE,CS2_35,722,62.438392233966454,0,75.22795,75.07216673908951
CALCE,CS2_35,723,49.82812681850689,0,70.38401,70.20446223698836
CALCE,CS2_35,724,62.12695772039382,0,75.053375,74.90202657063891
CALCE,CS2_35,725,62.2320818175497,0,75.02292,74.86147439520963
CALCE,CS2_35,726,61.70427208612801,0,81.648,81.43465122008894
CALCE,CS2_35,727,62.10770372909341,0,76.04249,75.89005964013425
CALCE,CS2_35,728,61.70547769108903,0,75.100914,74.94579863385196
CALCE,CS2_35,729,61.46412142620545,0,73.4429,73.27016118774421
CALCE,CS2_35,730,60.82527507002084,0,73.25282,73.0795406981346
CALCE,CS2_35,731,60.5214793028496,0,73.91356,73.67026261927953
CALCE,CS2_35,732,60.29619128769903,0,73.56879,73.40437306233461
CALCE,CS2_35,733,60.2461231104215,0,73.587944,73.42144630012673
CALCE,CS2_35,734,60.36562639650216,0,73.604805,73.43642235286379
CALCE,CS2_35,735,47.609671828714234,0,67.328354,67.19305548201606
CALCE,CS2_35,736,60.186303485855355,0,73.44845,73.205463381664
CALCE,CS2_35,737,60.00458676662037,0,73.1401,72.96596897495884
CALCE,CS2_35,738,59.70609860510474,0,73.61607,73.45390615475678
CALCE,CS2_35,739,59.573833648215235,0,73.661316,73.49635831578102
CALCE,CS2_35,740,59.39892643050174,0,73.41,73.24172531061177
CALCE,CS2_35,741,59.29102406834965,0,73.58181,73.40960787604894
CALCE,CS2_35,742,59.182791861678815,0,73.2519,73.07794790965812
CALCE,CS2_35,743,59.05282853893951,0,73.26739,73.09345929314821
CALCE,CS2_35,744,59.176185362806265,0,73.218895,73.05011926442143
CALCE,CS2_35,745,59.181897630611715,0,73.19586,73.02547038214196
CALCE,CS2_35,746,59.25040901705771,0,73.27287,73.10318654939238
CALCE,CS2_35,747,62.079152554757485,0,74.1227,73.97168208629583
CALCE,CS2_35,748,60.905347329839984,0,73.656166,73.49796521016381
CALCE,CS2_35,749,60.095107869082696,0,73.12595,72.95470247874013
CALCE,CS2_35,750,59.58616082963527,0,73.45846,73.28967662078522
CALCE,CS2_35,751,59.172055515410925,0,73.36965,73.20229548539014
CALCE,CS2_35,752,58.92955166223187,0,73.44257,73.27273946883822
CALCE,CS2_35,753,58.60707285043344,0,71.70751,71.53186099292691
CALCE,CS2_35,754,58.53026485438634,0,71.72278,71.5299980486131
CALCE,CS2_35,755,58.59781901592158,0,71.743034,71.5702276170616
CALCE,CS2_35,756,58.70410026389966,0,71.74516,71.56758708671683
CALCE,CS2_35,757,58.040392565041884,0,71.652145,71.47101999743724
CALCE,CS2_35,758,57.50344440592242,0,71.389786,71.20361779551604
CALCE,CS2_35,759,57.02120157746663,0,71.62831,71.4365398424302
CALCE,CS2_35,760,56.521381230870794,0,71.39704,71.20140138189844
CALCE,CS2_35,761,56.14477349100149,0,71.75161,71.5606404534159
CALCE,CS2_35,762,55.922676680881345,0,70.799934,70.59950000490558
CALCE,CS2_35,763,55.703321816809456,0,70.66232,70.45866556278993
CALCE,CS2_35,764,55.76416385261575,0,70.84552,70.6456798645169
CALCE,CS2_35,765,55.92409400393844,0,71.41553,71.22396902475028
CALCE,CS2_35,766,55.86185679828192,0,71.39922,71.20487550248563
CALCE,CS2_35,767,55.59735853153738,0,76.82348,76.54861802090032
CALCE,CS2_35,768,54.857680899136305,0,74.88541,74.59161741967394
CALCE,CS2_35,769,54.751448460265394,0,68.05558,67.83641074643343
CALCE,CS2_35,770,54.58130255289203,0,68.468094,68.25048763899161
CALCE,CS2_35,771,54.36523747160605,0,68.30181,68.080792506049
CALCE,CS2_35,772,53.84329931122954,0,73.77137,73.46571623749252
CALCE,CS2_35,773,54.058607337620415,0,67.99271,67.76987903406567
CALCE,CS2_35,774,54.24116286022341,0,68.47422,68.34464650821153
CALCE,CS2_35,775,54.390379378466335,0,68.27244,68.05335188542874
CALCE,CS2_35,776,54.175924137143525,0,68.0975,67.87801648605283
CALCE,CS2_35,777,53.87835901201736,0,68.172066,67.95100618821883
CALCE,CS2_35,778,53.21054127905713,0,68.49474,68.3713630370059
CALCE,CS2_35,779,53.00445631090059,0,68.097244,67.87454157147985
CALCE,CS2_35,780,52.60987862742132,0,67.45528,67.22716543743459
CALCE,CS2_35,781,52.423890391169735,0,67.76404,67.53850059927427
CALCE,CS2_35,782,51.900279074943235,0,72.24932,71.9214036237151
CALCE,CS2_35,783,52.04938180638475,0,66.349976,66.11596084365436
CALCE,CS2_35,784,51.84188373155365,0,65.786285,65.54624987391826
CALCE,CS2_35,785,51.653525565887946,0,66.09616,65.85711142152853
CALCE,CS2_35,786,51.45857950280249,0,66.13563,65.89578672129372
CALCE,CS2_35,787,37.16447317337914,0,65.38029,65.10590920811447
CALCE,CS2_35,788,53.12194537735561,0,68.47584,68.34504980154115
CALCE,CS2_35,789,53.6578225827209,0,68.406975,68.18965754871935
CALCE,CS2_35,790,53.390349762388,0,75.98295,75.7028879983728
CALCE,CS2_35,791,53.92473973161142,0,68.958336,68.74836224477077
CALCE,CS2_35,792,53.899379490109865,0,68.96198,68.75164267579646
CALCE,CS2_35,793,53.89262602566429,0,68.958336,68.7486365199796
CALCE,CS2_35,794,53.84935835639458,0,68.96114,68.75012145287623
CALCE,CS2_35,795,53.80158632967973,0,68.9576,68.74559216437602
CALCE,CS2_35,796,53.72262158709267,0,69.01823,68.80613566343818
CALCE,CS2_35,797,53.305491668658924,0,65.05862,64.80790822794275
CALCE,CS2_35,798,52.10927769396535,0,66.273,66.0361933260391
CALCE,CS2_35,799,51.27001922851869,0,66.345764,66.10458677526769
CALCE,CS2_35,800,50.648096713303545,0,66.0186,65.77146215711514
CALCE,CS2_35,801,50.158445606765625,0,63.518574,63.25330911350261
CALCE,CS2_35,802,49.725711848569595,0,63.527805,63.25627807028843
CALCE,CS2_35,803,49.29882180393469,0,63.745354,63.473012391408375
CALCE,CS2_35,804,49.105055202665866,0,63.252476,62.97484391138572
CALCE,CS2_35,805,48.790058237669015,0,63.492916,63.211546558265525
CALCE,CS2_35,806,48.97752492109244,0,63.43413,63.15677253985087
CALCE,CS2_35,807,48.77813131980993,0,63.390717,63.11460076311818
CALCE,CS2_35,808,48.24630259923809,0,63.324383,63.03740739732592
CALCE,CS2_35,809,48.45773506343954,0,63.54268,63.26450670419218
CALCE,CS2_35,810,48.0594815209015,0,66.2019,65.92712247553477
CALCE,CS2_35,811,47.24510862124169,0,63.22878,62.931062174527305
CALCE,CS2_35,812,46.94852409665751,0,64.423004,64.13251207497922
CALCE,CS2_35,813,46.692415936132186,0,65.98098,65.55362276083564
CALCE,CS2_35,814,47.42143265398199,0,63.115273,62.8280785797724
CALCE,CS2_35,815,47.56651236627349,0,63.074535,62.79232292908425
CALCE,CS2_35,816,47.537966371184254,0,63.069893,62.78894971729881
CALCE,CS2_35,817,47.565572981504296,0,63.086884,62.80864307773332
CALCE,CS2_35,818,48.092476036213185,0,63.35544,63.086630567448985
CALCE,CS2_35,819,47.771345326331826,0,63.536674,63.26545405403829
CALCE,CS2_35,820,47.32085184194214,0,63.348457,63.07263604938149
CALCE,CS2_35,821,46.88006717428801,0,63.57757,63.298619657327826
CALCE,CS2_35,822,46.358622687471716,0,64.63716,64.21606383563042
CALCE,CS2_35,823,46.38872510315453,0,63.49029,63.20434158614691
CALCE,CS2_35,824,45.76454387692772,0,63.28189,62.98466493073824
CALCE,CS2_35,825,44.912587620014754,0,63.761494,63.56673002550458
CALCE,CS2_35,826,44.57000072494873,0,63.637554,63.329931978884254
CALCE,CS2_35,827,44.57811148111145,0,63.588,63.282503819208436
CALCE,CS2_35,828,44.36360065727972,0,63.659477,63.35237078654625
CALCE,CS2_35,829,43.66095846056275,0,63.89343,63.539278539557124
CALCE,CS2_35,830,43.539459870951696,0,63.507698,63.0460296394329
CALCE,CS2_35,831,43.38056783747533,0,63.591637,63.27706733319014
CALCE,CS2_35,832,43.11768315525633,0,63.528107,63.21190592854439
CALCE,CS2_35,833,43.98290016455322,0,63.09366,62.77575413801649
CALCE,CS2_35,834,43.98290016455322,0,63.09366,62.77575413801649
CALCE,CS2_35,835,41.72852540383291,0,63.982906,63.67421638960171
CALCE,CS2_35,836,41.72852540383291,0,63.982906,63.67421638960171
CALCE,CS2_35,837,40.82776449164017,0,63.92784,63.61909971755435
CALCE,CS2_35,838,40.82776449164017,0,63.92784,63.61909971755435
CALCE,CS2_35,839,40.45240643573372,0,63.93351,63.6012762779298
CALCE,CS2_35,840,40.45240643573372,0,63.93351,63.6012762779298
CALCE,CS2_35,841,38.90116769873476,0,64.0472,63.71225760521472
CALCE,CS2_35,842,38.90116769873476,0,64.0472,63.71225760521472
CALCE,CS2_35,843,38.00501715812465,0,63.248226,62.90858749557402
CALCE,CS2_35,844,38.00501715812465,0,63.248226,62.90858749557402
CALCE,CS2_35,845,37.32442269343011,0,63.119408,62.77604582636924
CALCE,CS2_35,846,37.32442269343011,0,63.119408,62.77604582636924
CALCE,CS2_35,847,36.762313152713055,0,63.299652,62.928701918976
CALCE,CS2_35,848,36.762313152713055,0,63.299652,62.928701918976
CALCE,CS2_35,849,36.2785263833638,0,63.191162,62.846445516012444
CALCE,CS2_35,850,36.2785263833638,0,63.191162,62.846445516012444
CALCE,CS2_35,851,35.80464282454906,0,63.26143,62.924532236028966
CALCE,CS2_35,852,35.80464282454906,0,63.26143,62.924532236028966
CALCE,CS2_35,853,35.009795606668334,0,63.32214,62.9848008854531
CALCE,CS2_35,854,35.009795606668334,0,63.32214,62.9848008854531
CALCE,CS2_35,855,34.9267499908374,0,63.3219,62.982310128794715
CALCE,CS2_35,856,34.9267499908374,0,63.3219,62.982310128794715
CALCE,CS2_35,857,34.94038140745625,0,63.32359,62.98507330997489
CALCE,CS2_35,858,34.94038140745625,0,63.32359,62.98507330997489
CALCE,CS2_35,859,35.365747972150814,0,63.321278,62.9811566547232
CALCE,CS2_35,860,35.365747972150814,0,63.321278,62.9811566547232
CALCE,CS2_35,861,35.27521443428509,0,63.317116,62.97702997976981
CALCE,CS2_35,862,35.27521443428509,0,63.317116,62.97702997976981
CALCE,CS2_35,863,34.97512402081651,0,63.287266,62.94636171455995
CALCE,CS2_35,864,34.97512402081651,0,63.287266,62.94636171455995
CALCE,CS2_35,865,34.46250589766856,0,63.162464,62.70592527170933
CALCE,CS2_35,866,34.46250589766856,0,63.162464,62.70592527170933
CALCE,CS2_35,867,34.01588186089376,0,63.287266,62.94642339566345
CALCE,CS2_35,868,34.01588186089376,0,63.287266,62.94642339566345
CALCE,CS2_35,869,33.120184910407694,0,63.288048,62.831643888734995
CALCE,CS2_35,870,33.120184910407694,0,63.288048,62.831643888734995
CALCE,CS2_35,871,32.856606123843335,0,63.25375,62.912461164394834
CALCE,CS2_35,872,32.856606123843335,0,63.25375,62.912461164394834
CALCE,CS2_35,873,23.506856040913345,0,63.228233,62.9016952344797
CALCE,CS2_35,874,23.506856040913345,0,63.228233,62.9016952344797
CALCE,CS2_35,875,32.39557797396972,0,63.285183,62.94506466136789
CALCE,CS2_35,876,32.39557797396972,0,63.285183,62.94506466136789
CALCE,CS2_35,877,32.093893169636864,0,63.24881,62.905783517238994
CALCE,CS2_35,878,32.093893169636864,0,63.24881,62.905783517238994
CALCE,CS2_35,879,31.692956702226155,0,63.2883,62.944957914076845
CALCE,CS2_35,880,31.692956702226155,0,63.2883,62.944957914076845
CALCE,CS2_35,881,22.749354695667876,0,63.15173,62.8245670147128
CALCE,CS2_35,882,22.749354695667876,0,63.15173,62.8245670147128
CALCE,CS2_35,883,21.641112767462058,0,63.127056,62.7967411664882
CALCE,CS2_35,884,21.641112767462058,0,63.127056,62.7967411664882
CALCE,CS2_35,885,31.057057211561006,0,63.223537,62.877885774330046
CALCE,CS2_35,886,31.057057211561006,0,63.223537,62.877885774330046
CALCE,CS2_35,887,30.604125525275716,0,63.465076,63.004228809273165
CALCE,CS2_35,888,30.604125525275716,0,63.465076,63.004228809273165
CALCE,CS2_35,889,31.144061780444403,0,63.261833,62.91698610550565
CALCE,CS2_35,890,31.144061780444403,0,63.261833,62.91698610550565
CALCE,CS2_35,891,31.363169889316605,0,63.28773,62.945192979772656
CALCE,CS2_35,892,31.363169889316605,0,63.28773,62.945192979772656
CALCE,CS2_35,893,22.528158438561185,0,63.15173,62.82409661815553
CALCE,CS2_35,894,22.528158438561185,0,63.15173,62.82409661815553
CALCE,CS2_35,895,31.79343469924033,0,63.24946,62.90537280006456
CALCE,CS2_35,896,31.79343469924033,0,63.24946,62.90537280006456
CALCE,CS2_35,897,31.78687609005566,0,63.279922,62.93619394820262
CALCE,CS2_35,898,31.78687609005566,0,63.279922,62.93619394820262
CALCE,CS2_35,899,31.476742340426327,0,63.252895,62.91104732161146
CALCE,CS2_35,900,31.476742340426327,0,63.252895,62.91104732161146
CALCE,CS2_35,901,30.54015303373368,0,63.23941,62.89289987692711
CALCE,CS2_35,902,30.54015303373368,0,63.23941,62.89289987692711
CALCE,CS2_35,903,29.508075596296834,0,63.29119,62.950222026166365
CALCE,CS2_35,904,29.508075596296834,0,63.29119,62.950222026166365
CALCE,CS2_35,905,29.21236665451469,0,63.304493,62.96331976122352
CALCE,CS2_35,906,29.21236665451469,0,63.304493,62.96331976122352
CALCE,CS2_35,907,28.87911115590449,0,63.342354,63.00249524307805
CALCE,CS2_35,908,28.87911115590449,0,63.342354,63.00249524307805
CALCE,CS2_35,909,28.58611323672957,0,63.33343,62.99475540320521
CALCE,CS2_35,910,28.58611323672957,0,63.33343,62.99475540320521
CALCE,CS2_35,911,28.36414314880034,0,63.40819,63.06948795725034
CALCE,CS2_35,912,28.36414314880034,0,63.40819,63.06948795725034
CALCE,CS2_35,913,28.12223944232133,0,63.40964,63.07031738821498
CALCE,CS2_35,914,28.12223944232133,0,63.40964,63.07031738821498
CALCE,CS2_35,915,27.82390098363247,0,62.547287,62.28681864622689
CALCE,CS2_35,916,27.82390098363247,0,62.547287,62.28681864622689
CALCE,CS2_35,917,27.550389324460774,0,63.372753,63.03222299814831
CALCE,CS2_35,918,27.550389324460774,0,63.372753,63.03222299814831
CALCE,CS2_35,919,27.663217749237116,0,63.372753,63.03259727713658
CALCE,CS2_35,920,27.663217749237116,0,63.372753,63.03259727713658
CALCE,CS2_35,921,27.802424041051005,0,63.34749,63.00869744513169
CALCE,CS2_35,922,27.802424041051005,0,63.34749,63.00869744513169
CALCE,CS2_35,923,27.65373930529972,0,63.301994,62.845264986654556
CALCE,CS2_35,924,27.65373930529972,0,63.301994,62.845264986654556
CALCE,CS2_35,925,27.576420402821032,0,63.39229,63.0516349688906
CALCE,CS2_35,926,27.576420402821032,0,63.39229,63.0516349688906
CALCE,CS2_35,927,26.928393288653435,0,63.27405,62.81325234524668
CALCE,CS2_35,928,26.928393288653435,0,63.27405,62.81325234524668
CALCE,CS2_35,929,27.24423705864605,0,63.36628,63.0249208580626
CALCE,CS2_35,930,27.24423705864605,0,63.36628,63.0249208580626
CALCE,CS2_35,931,26.688555294441596,0,63.33838,62.99556422761009
CALCE,CS2_35,932,26.688555294441596,0,63.33838,62.99556422761009
CALCE,CS2_36,1,100.10565007731027,96,96.434616,96.47518131449684
CALCE,CS2_36,2,100.0,95,96.40262,96.45573140762521
CALCE,CS2_36,3,99.9585801179834,94,96.33072,96.38525259311402
CALCE,CS2_36,4,99.86307981945785,93,97.1764,97.17730122278078
CALCE,CS2_36,5,99.60941189831509,92,96.50503,96.56322532520912
CALCE,CS2_36,6,99.58088881687662,91,95.65677,95.68729066216221
CALCE,CS2_36,7,98.41163843279199,90,97.34105,97.34783354414678
CALCE,CS2_36,8,98.36857739940014,89,96.46851,96.51380869784634
CALCE,CS2_36,9,98.08262625072051,88,96.40613,96.44853456810925
CALCE,CS2_36,10,97.86731635656096,87,96.46374,96.50564904215658
CALCE,CS2_36,11,97.55528163589118,86,96.45455,96.49127740686313
CALCE,CS2_36,12,98.01050613260696,85,96.593475,96.64648270228027
CALCE,CS2_36,13,98.13401464565852,84,96.71311,96.76735266153376
CALCE,CS2_36,14,98.14380953271726,83,96.856316,96.85122529307392
CALCE,CS2_36,15,97.32651435026874,82,97.89588,97.91075531729945
CALCE,CS2_36,16,98.09156381631479,81,96.45087,96.50972357204151
CALCE,CS2_36,17,98.06501002176496,80,96.26617,96.32285897511964
CALCE,CS2_36,18,98.04653475541879,79,96.31631,96.37378268962622
CALCE,CS2_36,19,97.98944078463641,78,97.02093,97.02938383939566
CALCE,CS2_36,20,97.923131738175,77,97.02093,97.02950468861917
CALCE,CS2_36,21,97.86632274492325,76,96.98624,96.99401052498905
CALCE,CS2_36,22,97.8096463492808,75,96.00006,96.05366648999365
CALCE,CS2_36,23,97.77328453524402,74,96.1742,96.2285952509068
CALCE,CS2_36,24,96.94641481481735,73,97.50389,97.46150542813672
CALCE,CS2_36,25,96.87369509538291,72,97.51735,97.47508460663107
CALCE,CS2_36,26,96.81494700989354,71,97.629105,97.64580007041025
CALCE,CS2_36,27,96.76356997044542,70,97.89115,97.8515766957219
CALCE,CS2_36,28,96.65732495397032,69,96.6148,96.65961931052765
CALCE,CS2_36,29,96.30888538739305,68,96.58531,96.62804022916123
CALCE,CS2_36,30,96.10697810031603,67,96.89348,96.91144929943741
CALCE,CS2_36,31,95.96289528790548,66,96.60314,96.63856711038675
CALCE,CS2_36,32,95.78001029454532,65,96.58525,96.62383690444528
CALCE,CS2_36,33,96.48730962320082,64,96.81028,96.86628053050735
CALCE,CS2_36,34,95.80101259113154,63,97.398544,97.41098996256311
CALCE,CS2_36,35,95.76621683328572,62,96.58536,96.62439012598679
CALCE,CS2_36,36,95.43166590724016,61,96.7149,96.74543043931999
CALCE,CS2_36,37,95.39096630721163,60,96.82229,96.85420589134671
CALCE,CS2_36,38,95.25969298493948,59,96.69405,96.72867093657088
CALCE,CS2_36,39,95.3138014723441,58,96.689,96.7311987054008
CALCE,CS2_36,40,95.92333902673349,57,97.60033,97.61559386091082
CALCE,CS2_36,41,95.20777720395307,56,97.47703,97.4863651523929
CALCE,CS2_36,42,94.32749600560061,55,98.006294,97.99345931731375
CALCE,CS2_36,43,94.98246098859472,54,97.033585,97.05397406043639
CALCE,CS2_36,44,94.14560041064223,53,97.91606,97.90440462126763
CALCE,CS2_36,45,94.88907414135109,52,96.61249,96.65078865442415
CALCE,CS2_36,46,94.77515162722739,51,96.60245,96.63972465822555
CALCE,CS2_36,47,94.65546631129652,50,97.91222,97.92082760574561
CALCE,CS2_36,48,95.57717147672078,49,97.73252,97.7519537929669
CALCE,CS2_36,49,94.84337727049106,48,96.56166,96.6011715471786
CALCE,CS2_36,50,94.72014611451715,47,97.15531,97.17546567177709
CALCE,CS2_36,51,94.62597464316225,46,96.593254,96.63325881813924
CALCE,CS2_36,52,93.72990418091463,45,97.921074,97.90487820143639
CALCE,CS2_36,53,94.342025215798,44,96.582985,96.61624979748417
CALCE,CS2_36,54,97.43456521696659,43,95.9406,95.9982777383473
CALCE,CS2_36,55,97.21416947593148,42,95.96949,96.02924071143948
CALCE,CS2_36,56,96.70330631844422,41,97.19033,97.2075621779648
CALCE,CS2_36,57,97.47315060471095,40,95.61711,95.67637398758025
CALCE,CS2_36,58,96.74145197994781,39,95.91957,95.97328968253926
CALCE,CS2_36,59,86.5703309563731,38,95.95762,96.01521691814253
CALCE,CS2_36,60,96.393242115115,37,96.48957,96.54659746575867
CALCE,CS2_36,61,96.2045464436516,36,96.52838,96.58510027782337
CALCE,CS2_36,62,94.80403797933963,35,97.526505,97.52256575659084
CALCE,CS2_36,63,95.78562207439296,34,96.56534,96.61994704208183
CALCE,CS2_36,64,95.62829293746063,33,96.5909,96.6428259665777
CALCE,CS2_36,65,95.08658101887943,32,96.41312,96.45098651366146
CALCE,CS2_36,66,94.9678460660681,31,96.41248,96.45155523066927
CALCE,CS2_36,67,94.8314086770852,30,96.58159,96.62172713200837
CALCE,CS2_36,68,94.74127798751613,29,96.610985,96.65176730304073
CALCE,CS2_36,69,94.44937063304519,28,96.70047,96.73459686051767
CALCE,CS2_36,70,93.78694873182086,27,98.143486,98.13881227040646
CALCE,CS2_36,71,93.73600772562185,26,97.28068,97.2440198724952
CALCE,CS2_36,72,93.34198355204657,25,96.78476,96.75107254373896
CALCE,CS2_36,73,93.27931827110784,24,97.14258,97.1129590918037
CALCE,CS2_36,74,94.02034840530496,23,96.16359,96.19097790297465
CALCE,CS2_36,75,93.9481212807375,22,96.34667,96.37338114305012
CALCE,CS2_36,76,93.80364985122131,21,96.458176,96.47980127074716
CALCE,CS2_36,77,94.00547538851751,20,96.136925,96.17577885025906
CALCE,CS2_36,78,93.94586599107309,19,96.60473,96.62403567930947
CALCE,CS2_36,79,93.87848326115108,18,96.25306,96.28230917247271
CALCE,CS2_36,80,93.03171267152588,17,97.416565,97.39576393052725
CALCE,CS2_36,81,93.79841873946738,16,96.64032,96.66117634022426
CALCE,CS2_36,82,83.65495730312779,15,96.75443,96.77997902849393
CALCE,CS2_36,83,82.79049656111032,14,98.0138,98.01437008170105
CALCE,CS2_36,84,93.64461812852703,13,96.18264,96.21610983239398
CALCE,CS2_36,85,93.57396119607264,12,96.09883,96.1337973298783
CALCE,CS2_36,86,93.52525027703969,11,96.65457,96.67552894257399
CALCE,CS2_36,87,93.4733055033939,10,96.10047,96.1360697197486
CALCE,CS2_36,88,83.18041662428553,9,96.43876,96.47971399365865
CALCE,CS2_36,89,93.376685267325,8,96.10425,96.14050857767404
CALCE,CS2_36,90,92.59594900462605,7,97.85116,97.84125277655906
CALCE,CS2_36,91,93.28315874343345,6,96.15126,96.1871702608808
CALCE,CS2_36,92,93.22373358886968,5,96.64029,96.66206357051381
CALCE,CS2_36,93,93.12548611760242,4,96.22297,96.25254877616648
CALCE,CS2_36,94,92.56687395853073,3,96.304016,96.32239613420032
CALCE,CS2_36,95,92.43959020140645,2,96.2457,96.26274979591325
CALCE,CS2_36,96,92.33597455523955,1,96.28518,96.29669072397759
CALCE,CS2_36,98,93.02531929135216,0,87.80269,87.77901979339798
CALCE,CS2_36,99,92.20245487051928,0,97.81901,97.8049880316969
CALCE,CS2_36,100,92.9455741041119,0,96.209656,96.24478693479077
CALCE,CS2_36,101,93.41657390149506,0,96.25482,96.30541751023881
CALCE,CS2_36,102,93.51397369658956,0,95.58548,95.63242887900675
CALCE,CS2_36,103,93.06220199928885,0,96.09366,96.13141501577908
CALCE,CS2_36,104,92.80235884912564,0,96.09888,96.1349283351834
CALCE,CS2_36,105,92.79129600519205,0,96.10666,96.12932759784685
CALCE,CS2_36,106,92.75354744297464,0,96.10381,96.13940444689848
CALCE,CS2_36,107,92.51672058574084,0,96.259476,96.28610787058172
CALCE,CS2_36,108,93.09873765379226,0,96.2878,96.33629849163552
CALCE,CS2_36,109,93.23202966376147,0,96.33836,96.3909473962762
CALCE,CS2_36,110,82.6130013793535,0,97.94231,97.95498119121176
CALCE,CS2_36,111,92.36825052481595,0,96.55625,96.57965891824
CALCE,CS2_36,112,92.36364974375108,0,96.20459,96.23421444599845
CALCE,CS2_36,113,92.34559897532779,0,96.214134,96.24251694729018
CALCE,CS2_36,114,92.11465877746764,0,96.10976,96.13017485304015
CALCE,CS2_36,115,92.40776011813334,0,96.03617,96.07857234483679
CALCE,CS2_36,116,92.81578465287124,0,96.27416,96.3220130128991
CALCE,CS2_36,117,82.21623561480092,0,98.017426,98.0305384016722
CALCE,CS2_36,118,92.03375843822758,0,96.059395,96.08045003352132
CALCE,CS2_36,119,91.92399971799881,0,96.23637,96.25995195542302
CALCE,CS2_36,120,91.94919139270874,0,96.31073,96.33488783120686
CALCE,CS2_36,121,90.9823500322482,0,97.18135,97.14966058744905
CALCE,CS2_36,122,91.61159906914367,0,96.155785,96.17828023117383
CALCE,CS2_36,123,91.56954507562,0,97.95656,97.9555925612935
CALCE,CS2_36,124,91.65650061288969,0,97.83955,97.83764478396722
CALCE,CS2_36,125,92.61190684621025,0,96.30927,96.35870136296376
CALCE,CS2_36,126,92.72286568985487,0,96.50402,96.51622773464588
CALCE,CS2_36,127,91.99474013045023,0,97.774956,97.78496592968567
CALCE,CS2_36,128,92.04629034756266,0,97.74061,97.75102280171949
CALCE,CS2_36,129,92.89525244320672,0,95.6804,95.73014548092482
CALCE,CS2_36,130,92.96477524170888,0,95.9182,95.97100473512631
CALCE,CS2_36,131,92.9703432917907,0,95.57952,95.62722552049514
CALCE,CS2_36,132,92.9901627564367,0,95.91586,95.96851002390989
CALCE,CS2_36,133,93.01034511406678,0,96.03593,96.03284205422008
CALCE,CS2_36,134,93.02259132823475,0,95.81988,95.8702708564541
CALCE,CS2_36,135,93.03150309846797,0,96.84939,96.86161188970478
CALCE,CS2_36,136,93.04385418308253,0,95.82882,95.87955811949179
CALCE,CS2_36,137,93.04422973022953,0,95.82882,95.87966494952623
CALCE,CS2_36,138,93.04356869987606,0,95.9356,95.99003954855021
CALCE,CS2_36,139,92.43268909030917,0,96.06056,96.09726522911409
CALCE,CS2_36,140,91.771487933001,0,96.27726,96.31258878243939
CALCE,CS2_36,141,91.72886389760029,0,96.24433,96.28038806166153
CALCE,CS2_36,142,91.66911521307694,0,96.12642,96.15483874451242
CALCE,CS2_36,143,91.4784396407901,0,96.16742,96.1956054112289
CALCE,CS2_36,144,92.14991323523279,0,95.549934,95.5957167333981
CALCE,CS2_36,145,92.39482626539169,0,96.48676,96.54202164985462
CALCE,CS2_36,146,92.20316746141934,0,96.13319,96.17727790573288
CALCE,CS2_36,147,91.3501808346841,0,96.154015,96.18379816874076
CALCE,CS2_36,148,92.0973735182383,0,96.47422,96.49816896682285
CALCE,CS2_36,149,92.23996182268492,0,96.1061,96.14804094454377
CALCE,CS2_36,150,92.73278860590555,0,96.42074,96.47381210994611
CALCE,CS2_36,151,92.7979963662018,0,96.80506,96.82223357078222
CALCE,CS2_36,152,91.69694715499288,0,96.056366,96.08057975766195
CALCE,CS2_36,153,91.69603365162354,0,96.01756,96.0437160967028
CALCE,CS2_36,154,91.72902301931397,0,96.16883,96.20615170142685
CALCE,CS2_36,155,91.62409003090403,0,96.4296,96.45269098334668
CALCE,CS2_36,156,91.59186326415087,0,96.18314,96.21531889283338
CALCE,CS2_36,157,92.29312031708979,0,95.06268,95.10369039927141
CALCE,CS2_36,158,92.40638485549822,0,96.42221,96.47844179604205
CALCE,CS2_36,159,91.57271842436036,0,96.12566,96.15631442240988
CALCE,CS2_36,160,91.40713900519565,0,96.21132,96.24240541938198
CALCE,CS2_36,161,91.39628391736044,0,96.14094,96.17261274467944
CALCE,CS2_36,162,90.56879811485038,0,97.37156,97.35049812052438
CALCE,CS2_36,163,91.11223437624041,0,96.0319,96.05724010074216
CALCE,CS2_36,164,91.94046438365437,0,96.255135,96.30772832181316
CALCE,CS2_36,165,92.11400340724282,0,95.53021,95.57710693961381
CALCE,CS2_36,166,91.3991742227926,0,96.132545,96.1645732251618
CALCE,CS2_36,167,91.07829453425799,0,96.11479,96.13971303929424
CALCE,CS2_36,168,91.18405978176033,0,96.07096,96.10583438831831
CALCE,CS2_36,169,91.10266022846402,0,96.027596,96.06039477788968
CALCE,CS2_36,170,90.89033166097376,0,96.17697,96.20330025168782
CALCE,CS2_36,171,91.62610264275351,0,96.68237,96.7029128875494
CALCE,CS2_36,172,91.82122780051972,0,96.29864,96.352784937266
CALCE,CS2_36,173,81.95844807487121,0,96.30733,96.36923441289413
CALCE,CS2_36,174,91.91801763010841,0,95.82001,95.87375486888217
CALCE,CS2_36,175,91.15608717576849,0,97.763916,97.77692719653288
CALCE,CS2_36,176,92.0085462191828,0,96.902916,96.9206809676799
CALCE,CS2_36,177,91.2515016311233,0,97.964165,97.97819683335838
CALCE,CS2_36,178,91.28280613491935,0,97.960236,97.9740657057638
CALCE,CS2_36,179,91.28466919285827,0,97.8568,97.82303556368986
CALCE,CS2_36,180,91.28044222658285,0,97.78306,97.79655438736658
CALCE,CS2_36,181,92.07647155435228,0,95.75987,95.81339112694175
CALCE,CS2_36,182,91.27813633018452,0,97.81447,97.82831554075881
CALCE,CS2_36,183,92.09065625241021,0,95.75987,95.81293909962936
CALCE,CS2_36,184,92.1038483210139,0,95.75987,95.8126183024913
CALCE,CS2_36,185,92.11353631403215,0,96.83272,96.84923325407625
CALCE,CS2_36,186,92.20788168575655,0,96.796265,96.80871504561506
CALCE,CS2_36,187,92.2224626510963,0,95.801735,95.8553447905899
CALCE,CS2_36,188,91.31185003658653,0,96.10862,96.15174911805796
CALCE,CS2_36,189,91.09648091609907,0,96.04277,96.08186466751526
CALCE,CS2_36,190,91.05421587610584,0,96.0185,96.05860927370648
CALCE,CS2_36,191,90.97232809754911,0,96.0804,96.12204300530985
CALCE,CS2_36,192,90.70894014811813,0,96.14057,96.17154767975258
CALCE,CS2_36,193,91.45643799673076,0,95.477425,95.5253099880717
CALCE,CS2_36,194,91.5990703359481,0,96.4056,96.46166810381862
CALCE,CS2_36,195,90.99680586611244,0,96.01475,96.05323257626272
CALCE,CS2_36,196,90.63280295492888,0,96.12559,96.16057408847203
CALCE,CS2_36,197,90.69073800808538,0,96.13954,96.18057232340492
CALCE,CS2_36,198,90.98535428336511,0,96.056366,96.08420510431702
CALCE,CS2_36,199,90.8614333121106,0,97.44293,97.40800923255445
CALCE,CS2_36,200,91.8083335027437,0,96.386505,96.44205012118749
CALCE,CS2_36,201,91.3012764460025,0,96.010086,96.0421230943489
CALCE,CS2_36,202,90.88854254989454,0,96.38934,96.41333949342084
CALCE,CS2_36,203,91.01377447220428,0,96.1588,96.14191960428106
CALCE,CS2_36,204,90.95907259444336,0,96.02164,96.05474758903875
CALCE,CS2_36,205,80.35744872897858,0,95.998505,96.04867827647189
CALCE,CS2_36,206,91.09146481014854,0,96.10564,96.1581023467998
CALCE,CS2_36,207,91.4570822651253,0,96.36213,96.41819362902591
CALCE,CS2_36,208,90.75642042043387,0,97.47264,97.43637266826299
CALCE,CS2_36,209,90.71518865709432,0,95.9916,96.03073571079842
CALCE,CS2_36,210,90.72464132491696,0,96.050964,96.0933782986872
CALCE,CS2_36,211,90.67703509911982,0,96.518,96.54175569859288
CALCE,CS2_36,212,89.85729464954699,0,98.03367,98.0297842325946
CALCE,CS2_36,213,90.67581707209372,0,96.03333,96.07848995420069
CALCE,CS2_36,214,90.53202840207636,0,97.47264,97.43726932987533
CALCE,CS2_36,215,90.63899286546008,0,97.9154,97.929453047139
CALCE,CS2_36,216,89.89969775935566,0,97.89528,97.8921565323095
CALCE,CS2_36,217,90.66084338757686,0,96.472115,96.49468000575109
CALCE,CS2_36,218,90.70742665136243,0,96.46682,96.48975564655422
CALCE,CS2_36,219,91.37349229704306,0,95.75987,95.81473880059107
CALCE,CS2_36,220,90.66785454338425,0,97.80436,97.81964779392828
CALCE,CS2_36,221,90.66609474999456,0,97.73732,97.75246132609479
CALCE,CS2_36,222,91.48222452213804,0,95.826385,95.88229448407704
CALCE,CS2_36,223,91.49508258623759,0,95.82275,95.87866068372936
CALCE,CS2_36,224,90.7023431897352,0,98.032646,98.05172824184154
CALCE,CS2_36,225,90.72147053314323,0,98.01576,98.03485360558373
CALCE,CS2_36,226,90.80022337531686,0,97.8568,97.82238114594868
CALCE,CS2_36,227,91.58836667549818,0,96.71207,96.68451186250176
CALCE,CS2_36,228,90.79193710494499,0,98.17771,98.20124615817339
CALCE,CS2_36,229,81.18664269454473,0,98.263084,98.29616047524156
CALCE,CS2_36,230,90.76594301666609,0,98.02467,98.04597837266763
CALCE,CS2_36,231,90.7664676479863,0,98.12292,98.14517524698272
CALCE,CS2_36,232,90.76993940601044,0,97.44731,97.40992050084708
CALCE,CS2_36,233,90.7603036663971,0,98.12292,98.14529289566988
CALCE,CS2_36,234,91.56891970540993,0,95.82684,95.88326875330881
CALCE,CS2_36,235,90.76789609832363,0,98.13968,98.16266964688577
CALCE,CS2_36,236,91.56049014081194,0,95.83301,95.88975968431265
CALCE,CS2_36,237,90.74973059994407,0,98.14573,98.1690228133963
CALCE,CS2_36,238,90.78043534010607,0,95.98315,96.02911986190867
CALCE,CS2_36,239,89.90973288697775,0,97.85763,97.86368123470285
CALCE,CS2_36,240,90.62831446047898,0,96.14262,96.19381543519457
CALCE,CS2_36,241,89.59127975392461,0,98.02178,98.0220216066231
CALCE,CS2_36,242,90.19343042355864,0,95.92784,95.96867743848742
CALCE,CS2_36,243,90.87469118966588,0,96.39682,96.45511150204122
CALCE,CS2_36,244,91.04369144727293,0,95.81603,95.87421682583847
CALCE,CS2_36,245,89.78131835614678,0,97.90793,97.91072208317978
CALCE,CS2_36,246,89.37399907367606,0,97.96723,97.9638834607267
CALCE,CS2_36,247,90.20345107555428,0,95.98994,96.03308781851115
CALCE,CS2_36,248,91.50216559018645,0,96.068054,96.09998929304602
CALCE,CS2_36,249,91.13955303883002,0,97.18891,97.15417557238203
CALCE,CS2_36,250,92.16403867655319,0,96.39105,96.40428920756227
CALCE,CS2_36,251,91.78856206452517,0,95.93887,95.98007504655578
CALCE,CS2_36,252,91.11518647440853,0,96.48176,96.50222165518177
CALCE,CS2_36,253,90.28089569346814,0,96.79661,96.77886416660702
CALCE,CS2_36,254,91.01732186936691,0,95.95463,95.99542168302355
CALCE,CS2_36,255,12.862606604823974,0,72.36747,72.301915143009
CALCE,CS2_36,256,90.37824092067474,0,87.682945,87.66303407169943
CALCE,CS2_36,257,89.33257094736013,0,96.59541,96.56703423298607
CALCE,CS2_36,258,90.91477385604946,0,95.900925,95.95686579232107
CALCE,CS2_36,259,91.07290539979336,0,96.449356,96.47009094518698
CALCE,CS2_36,260,90.64095546968115,0,95.974304,96.01786639436546
CALCE,CS2_36,261,90.12738971572982,0,96.1757,96.20679421056457
CALCE,CS2_36,262,90.15192753137457,0,96.02829,96.06751968052268
CALCE,CS2_36,263,90.20921639447373,0,95.9634,96.00785983096308
CALCE,CS2_36,264,90.14780418378446,0,88.00016,87.9850414674142
CALCE,CS2_36,265,90.00627023718992,0,95.972206,96.0154764000566
CALCE,CS2_36,266,90.03180260885648,0,95.92974,95.97464472402274
CALCE,CS2_36,267,90.65045886142087,0,96.01423,96.07339971669026
CALCE,CS2_36,268,90.92205092353778,0,95.58629,95.6471863348142
CALCE,CS2_36,269,90.88654808848202,0,96.07122,96.12982263379892
CALCE,CS2_36,270,90.0268908996439,0,95.99306,96.03630923143612
CALCE,CS2_36,271,89.3080617605879,0,96.68623,96.67616754927391
CALCE,CS2_36,272,89.93733324058172,0,96.0303,96.07168348471403
CALCE,CS2_36,273,89.8230448390228,0,96.06332,96.10143140677823
CALCE,CS2_36,274,90.04137026034168,0,95.90828,95.95599364857345
CALCE,CS2_36,275,90.47660299254994,0,95.40775,95.45348085723398
CALCE,CS2_36,276,90.56475189381324,0,96.42857,96.4485949164067
CALCE,CS2_36,277,89.60530222216676,0,96.0817,96.11264831874342
CALCE,CS2_36,278,89.62580380246635,0,96.06248,96.10303617941375
CALCE,CS2_36,279,89.59459204571178,0,96.03086,96.06930937888652
CALCE,CS2_36,280,89.59561815648433,0,96.03139,96.0714951091732
CALCE,CS2_36,281,89.56549251599614,0,96.50354,96.53479306385806
CALCE,CS2_36,282,90.09022684330648,0,95.908165,95.96124747054715
CALCE,CS2_36,283,90.19673281986853,0,95.94395,95.99792195268815
CALCE,CS2_36,284,90.24641347602082,0,95.91401,95.96753565278276
CALCE,CS2_36,285,89.47645624601395,0,97.80782,97.8188150146064
CALCE,CS2_36,286,90.31539042613839,0,96.07317,96.12960691306075
CALCE,CS2_36,287,90.348810749732,0,95.49588,95.55022346699097
CALCE,CS2_36,288,90.40896972360606,0,95.50911,95.5628993595891
CALCE,CS2_36,289,90.40299887580807,0,96.46208,96.48155765231544
CALCE,CS2_36,290,89.63334249853534,0,97.67204,97.68534668892313
CALCE,CS2_36,291,90.38575689583256,0,95.51809,95.57168433583172
CALCE,CS2_36,292,90.35451436093155,0,96.442986,96.46174554095766
CALCE,CS2_36,293,90.45305890993205,0,95.6712,95.72485411540195
CALCE,CS2_36,294,90.40504781623864,0,95.48496,95.5379683728554
CALCE,CS2_36,295,90.43622269017682,0,95.662445,95.71639977011202
CALCE,CS2_36,296,90.44633997977989,0,96.42947,96.44577310234439
CALCE,CS2_36,297,90.49062908663772,0,96.20518,96.21890924762454
CALCE,CS2_36,298,90.16528590763282,0,95.74211,95.78964026072401
CALCE,CS2_36,299,88.39085811125558,0,96.533226,96.50224604883489
CALCE,CS2_36,300,89.31906815881693,0,95.95463,95.99694794139776
CALCE,CS2_36,301,89.14215152199155,0,96.19378,96.22518973120236
CALCE,CS2_36,302,88.97932141560703,0,96.05993,96.09425167305477
CALCE,CS2_36,303,89.33883781174877,0,96.45766,96.48534673928252
CALCE,CS2_36,304,89.77154690177784,0,96.22278,96.27610760850813
CALCE,CS2_36,305,89.84313125624276,0,96.456566,96.47676967665433
CALCE,CS2_36,306,88.82141741880778,0,96.25594,96.28074312111558
CALCE,CS2_36,307,88.76924081320031,0,96.02261,96.05919785139486
CALCE,CS2_36,308,88.78870902940635,0,96.058716,96.09360989705127
CALCE,CS2_36,309,88.76074442481811,0,96.00081,96.03579387257695
CALCE,CS2_36,310,88.52285270171444,0,96.34865,96.37824490482288
CALCE,CS2_36,311,88.45088515656762,0,97.45852,97.45625041901516
CALCE,CS2_36,312,89.37532113516397,0,95.981964,96.03278644719862
CALCE,CS2_36,313,78.11118344568324,0,94.66237,94.69471344866933
CALCE,CS2_36,314,89.52842196105367,0,96.15915,96.18581025447948
CALCE,CS2_36,315,89.4404723941684,0,96.30485,96.33098418644568
CALCE,CS2_36,316,89.89181840154988,0,95.99179,96.03525347382116
CALCE,CS2_36,317,90.09890632480729,0,95.89535,95.93839528622274
CALCE,CS2_36,318,90.1347979945627,0,95.89492,95.93786160976529
CALCE,CS2_36,319,89.03064114285742,0,96.267365,96.28937980754881
CALCE,CS2_36,320,89.02004199758227,0,96.23545,96.25698789844121
CALCE,CS2_36,321,88.92309642459577,0,96.241394,96.26297647494387
CALCE,CS2_36,322,88.86063326517909,0,96.222305,96.24463637006616
CALCE,CS2_36,323,88.94438374397522,0,96.12849,96.10362979715431
CALCE,CS2_36,324,88.60843231829485,0,97.151405,97.13963566582682
CALCE,CS2_36,325,89.49420118739842,0,95.91731,95.95713371987098
CALCE,CS2_36,326,88.7192045167217,0,97.42472,97.4153255697555
CALCE,CS2_36,327,89.53702285101521,0,95.95319,95.99906806365954
CALCE,CS2_36,328,89.59542161822547,0,96.09511,96.1430560380528
CALCE,CS2_36,329,89.59203243927908,0,95.907166,95.95385603217895
CALCE,CS2_36,330,89.58004893785332,0,95.90975,95.95647258698862
CALCE,CS2_36,331,89.5501684075502,0,96.44734,96.4687366784245
CALCE,CS2_36,332,89.53059327579074,0,95.937325,95.9832783824879
CALCE,CS2_36,333,89.50166791103692,0,95.920715,95.96745178509731
CALCE,CS2_36,334,79.01008075266877,0,95.754616,95.8077884806089
CALCE,CS2_36,335,89.45675007373279,0,96.12738,96.17666357180651
CALCE,CS2_36,336,89.45859003035162,0,95.92816,95.97694893365015
CALCE,CS2_36,337,89.45287391633249,0,95.70195,95.74865009680822
CALCE,CS2_36,338,79.06202035101592,0,95.740616,95.79381177050276
CALCE,CS2_36,339,89.42585793696158,0,95.687004,95.73316872725836
CALCE,CS2_36,340,89.40288290036767,0,95.720406,95.76681841794964
CALCE,CS2_36,341,88.33318583124313,0,96.12869,96.15001760461355
CALCE,CS2_36,342,88.07443459570491,0,96.269005,96.28660990730519
CALCE,CS2_36,343,87.98960462091111,0,96.09255,96.11667691061757
CALCE,CS2_36,344,87.8274725797835,0,96.2048,96.22610225547028
CALCE,CS2_36,345,87.602384814215,0,96.03307,96.05177290054901
CALCE,CS2_36,346,88.50242058451808,0,95.95526,95.99715796980465
CALCE,CS2_36,347,88.6412723905803,0,95.67236,95.71015041476308
CALCE,CS2_36,348,88.00849179324719,0,95.92968,95.94890566009528
CALCE,CS2_36,349,87.53013082732826,0,96.00571,96.02446790892101
CALCE,CS2_36,350,87.54810589631357,0,96.13929,96.15755699612896
CALCE,CS2_36,351,87.38898297866501,0,95.907486,95.9267003393059
CALCE,CS2_36,352,87.42158485332193,0,96.069,96.06524689091893
CALCE,CS2_36,353,87.91473310916302,0,95.94412,95.98147701737682
CALCE,CS2_36,354,88.06697475619194,0,95.757095,95.79309338873249
CALCE,CS2_36,355,88.1272413675775,0,95.76303,95.79742234767608
CALCE,CS2_36,356,87.15127925968376,0,95.96405,95.97753594329053
CALCE,CS2_36,357,87.10382317004817,0,95.77151,95.78915385521853
CALCE,CS2_36,358,86.93235517481459,0,95.75341,95.76888251556167
CALCE,CS2_36,359,86.97880177692133,0,95.92484,95.93973312377378
CALCE,CS2_36,360,87.12260945656053,0,95.765015,95.79058302199073
CALCE,CS2_36,361,87.69468239175261,0,95.7573,95.7848510782261
CALCE,CS2_36,362,87.7808216202817,0,95.62259,95.65794435721261
CALCE,CS2_36,363,86.93661922080508,0,95.923546,95.93698782528494
CALCE,CS2_36,364,87.26463139112414,0,95.96283,95.9758040451134
CALCE,CS2_36,365,87.12231810768083,0,96.01841,96.03099993339423
CALCE,CS2_36,366,86.76777632622725,0,95.9462,95.95849504776058
CALCE,CS2_36,367,87.57609447382578,0,95.85484,95.88366315758935
CALCE,CS2_36,368,87.70377251849128,0,95.65966,95.68606927286017
CALCE,CS2_36,369,86.92834547267108,0,95.923546,95.93655563445817
CALCE,CS2_36,370,85.74659923076065,0,96.53628,96.50118791947975
CALCE,CS2_36,371,86.56991291499322,0,95.599396,95.61005497407243
CALCE,CS2_36,372,86.48541721857804,0,95.58447,95.59598162682394
CALCE,CS2_36,373,86.28736726834288,0,95.92346,95.93920415704005
CALCE,CS2_36,374,86.93920383219115,0,95.52761,95.55118282691295
CALCE,CS2_36,375,87.13572644573864,0,95.53262,95.55570836202581
CALCE,CS2_36,376,87.18784444306459,0,95.86827,95.89057814453518
CALCE,CS2_36,377,87.20259444775085,0,95.85247,95.87424848588755
CALCE,CS2_36,378,86.42738368050016,0,97.32924,97.30662134064696
CALCE,CS2_36,379,87.36220016133875,0,95.45696,95.47820043101606
CALCE,CS2_36,380,87.40515071351822,0,95.49563,95.52644658792354
CALCE,CS2_36,381,86.63324096672618,0,96.99013,96.96664919765763
CALCE,CS2_36,382,87.45647370571749,0,95.51089,95.54073657110493
CALCE,CS2_36,383,87.4647122593449,0,95.49711,95.52678030427144
CALCE,CS2_36,384,87.46422222839124,0,95.49711,95.52660141027158
CALCE,CS2_36,385,87.46254493629868,0,96.02648,96.04823673276137
CALCE,CS2_36,386,87.46440715467281,0,95.49711,95.52665271159583
CALCE,CS2_36,387,87.4742282663386,0,95.53506,95.56561205459612
CALCE,CS2_36,388,87.51614043176966,0,95.57878,95.61444112510353
CALCE,CS2_36,389,77.03654634410408,0,94.48605,94.51890003622634
CALCE,CS2_36,390,87.46657157736598,0,96.04026,96.0606943868555
CALCE,CS2_36,391,87.41744193635317,0,95.90316,95.9218765484115
CALCE,CS2_36,392,86.10962824732675,0,96.05146,96.0629908273257
CALCE,CS2_36,393,85.9599112150414,0,95.8349,95.84510643482282
CALCE,CS2_36,394,85.89221142952212,0,95.882645,95.89699732516722
CALCE,CS2_36,395,85.79088825791507,0,95.8612,95.8718123865516
CALCE,CS2_36,396,85.71204658756848,0,95.808205,95.82427701547921
CALCE,CS2_36,397,86.48836052285219,0,95.72763,95.74743705895918
CALCE,CS2_36,398,86.64385631734545,0,95.4123,95.43573090299518
CALCE,CS2_36,399,85.78957572944152,0,96.01148,96.04035045694079
CALCE,CS2_36,400,85.48332128207956,0,95.92198,95.89741898533661
CALCE,CS2_36,401,85.57827486765478,0,95.93879,95.95376698826672
CALCE,CS2_36,402,85.34478846272702,0,96.274025,96.28343190287652
CALCE,CS2_36,403,84.29105724616664,0,96.759,96.70002627205022
CALCE,CS2_36,404,85.97364696041694,0,95.5624,95.58073521691217
CALCE,CS2_36,405,86.26847029792044,0,95.824066,95.84510706874279
CALCE,CS2_36,406,86.07315181533521,0,95.95724,95.98158042990389
CALCE,CS2_36,407,85.09104549206566,0,96.24515,96.25521661075766
CALCE,CS2_36,408,85.13126485711639,0,95.80987,95.83819050798076
CALCE,CS2_36,409,85.26592825800914,0,95.73984,95.75252421487271
CALCE,CS2_36,410,85.11875919729405,0,95.53797,95.54873948093399
CALCE,CS2_36,411,85.25152419239954,0,95.61238,95.62747307947399
CALCE,CS2_36,412,85.18261989389123,0,96.5446,96.50751978356097
CALCE,CS2_36,413,86.10289570076833,0,95.77099,95.79351978644925
CALCE,CS2_36,414,85.6445156927328,0,96.74874,96.76254460310214
CALCE,CS2_36,415,85.63592463669008,0,96.55639,96.57197240076087
CALCE,CS2_36,416,85.3750937422944,0,96.56584,96.57655428088802
CALCE,CS2_36,417,85.03788927960446,0,96.08527,96.12328905186467
CALCE,CS2_36,418,84.8279121858086,0,96.739006,96.75658958309697
CALCE,CS2_36,419,84.84702375113913,0,96.66398,96.68360606579132
CALCE,CS2_36,420,84.81540771225143,0,96.59483,96.60968382111177
CALCE,CS2_36,421,84.71475510171405,0,96.559044,96.57541362901263
CALCE,CS2_36,422,84.49673089902286,0,96.546234,96.5632391588979
CALCE,CS2_36,423,84.4854017987788,0,96.66292,96.60943690823218
CALCE,CS2_36,424,85.48197220842049,0,95.93681,95.96601157570146
CALCE,CS2_36,425,85.55289629395625,0,95.8292,95.84485817757877
CALCE,CS2_36,426,85.58769224262068,0,95.90782,95.9240921672118
CALCE,CS2_36,427,85.60373462465974,0,95.692055,95.70943381790588
CALCE,CS2_36,428,84.82053048685812,0,96.52555,96.48049478920275
CALCE,CS2_36,429,85.64034472895948,0,95.74071,95.75528507862433
CALCE,CS2_36,430,84.36718508306667,0,96.373405,96.3813011989161
CALCE,CS2_36,431,84.13333302364364,0,96.306496,96.3091455778656
CALCE,CS2_36,432,84.5728522021129,0,95.46785,95.47441099331164
CALCE,CS2_36,433,84.72666989729683,0,95.66141,95.6675709950381
CALCE,CS2_36,434,84.73281374484085,0,95.73323,95.74047787743518
CALCE,CS2_36,435,82.70189934120445,0,96.83135,96.76593489012048
CALCE,CS2_36,436,83.41638960487916,0,95.48112,95.47475585296377
CALCE,CS2_36,437,83.56385569404962,0,95.50303,95.50036518147861
CALCE,CS2_36,438,83.43681498468791,0,95.44298,95.44013289741842
CALCE,CS2_36,439,82.43031799422073,0,96.223816,96.15569524811451
CALCE,CS2_36,440,83.99566842985713,0,95.36374,95.38532035092136
CALCE,CS2_36,441,83.25797239459632,0,96.02719,95.9673018440829
CALCE,CS2_36,442,83.46424984805742,0,95.535614,95.53559765434379
CALCE,CS2_36,443,82.8612529088656,0,95.425316,95.42249516151256
CALCE,CS2_36,444,82.80038709926042,0,95.425316,95.42244370124914
CALCE,CS2_36,445,82.92856217534589,0,95.380974,95.3746958002893
CALCE,CS2_36,446,82.93762013583486,0,95.38183,95.38079458419445
CALCE,CS2_36,447,82.909378344983,0,95.34679,95.34212485374391
CALCE,CS2_36,448,83.65192966744233,0,94.53774,94.53771159359607
CALCE,CS2_36,449,83.74391245633193,0,95.00808,95.00859008930425
CALCE,CS2_36,450,82.65301324719734,0,95.46731,95.46352739960479
CALCE,CS2_36,451,82.00456217217807,0,95.20338,95.19721058032883
CALCE,CS2_36,452,82.27596210521182,0,94.96475,94.98777205743633
CALCE,CS2_36,453,82.42730560295814,0,95.260735,95.25341780166136
CALCE,CS2_36,454,82.05958531980536,0,94.902985,94.89287955368872
CALCE,CS2_36,455,82.82756537580993,0,94.59838,94.59321255455545
CALCE,CS2_36,456,83.13548135498667,0,94.50625,94.50388808853566
CALCE,CS2_36,457,83.21265514246036,0,94.92774,94.9453936284475
CALCE,CS2_36,458,81.86640791775773,0,95.16304,95.15295828879452
CALCE,CS2_36,459,81.56969719707335,0,95.088005,95.0823054708244
CALCE,CS2_36,460,81.76063594611281,0,95.00131,94.9908860127584
CALCE,CS2_36,461,82.05558740813987,0,94.8176,94.80604680112428
CALCE,CS2_36,462,81.72430369747721,0,95.05487,94.99021779949521
CALCE,CS2_36,463,82.61972189086144,0,94.6205,94.61865678237724
CALCE,CS2_36,464,82.7993623677326,0,94.64585,94.64360574777356
CALCE,CS2_36,465,82.06054023069986,0,96.112236,96.04832534606582
CALCE,CS2_36,466,82.90067869615292,0,94.468094,94.46504705802984
CALCE,CS2_36,467,82.1053657126899,0,96.01116,95.96897635339197
CALCE,CS2_36,468,82.94019925911836,0,94.51902,94.51658772226884
CALCE,CS2_36,469,82.21576217149922,0,96.11992,96.06041183872514
CALCE,CS2_36,470,82.99402551465317,0,95.22952,95.2475158917291
CALCE,CS2_36,471,82.96320112969046,0,94.79878,94.79518305644314
CALCE,CS2_36,472,82.14681904500168,0,96.122215,96.06260727547439
CALCE,CS2_36,473,82.90229528806057,0,94.75521,94.75354797695705
CALCE,CS2_36,474,82.87092140155839,0,94.755005,94.75320939785527
CALCE,CS2_36,475,82.82700139538053,0,94.75521,94.75259087995646
CALCE,CS2_36,476,82.8160769350532,0,94.75521,94.75237794953995
CALCE,CS2_36,477,82.00232784855078,0,96.12037,96.0579452803913
CALCE,CS2_36,478,81.9805235593414,0,96.03265,95.96947667325418
CALCE,CS2_36,479,82.75113875930127,0,94.70345,94.69827980621274
CALCE,CS2_36,480,81.38834933828878,0,96.82501,96.75332773711777
CALCE,CS2_36,481,81.83552702813628,0,95.11668,95.10855729924785
CALCE,CS2_36,482,82.56262769672126,0,95.27725,95.29941382337502
CALCE,CS2_36,483,81.96297022743958,0,96.12421,96.05656411738606
CALCE,CS2_36,484,82.77601175618553,0,94.86484,94.85881134949949
CALCE,CS2_36,485,80.39460435498725,0,96.224396,96.18389938743148
CALCE,CS2_36,486,81.0569171406804,0,94.512955,94.50037738444405
CALCE,CS2_36,487,80.28144230050114,0,96.849205,96.77714650144964
CALCE,CS2_36,488,81.05778091873374,0,94.2833,94.30091615553197
CALCE,CS2_36,489,80.75845372623888,0,94.07815,94.09666138734242
CALCE,CS2_36,490,80.9342016027704,0,96.064415,96.02273343503417
CALCE,CS2_36,491,81.18044940983941,0,96.16283,96.09478253384295
CALCE,CS2_36,492,81.68794793968797,0,94.8145,94.83270120277656
CALCE,CS2_36,493,80.54986154393491,0,93.6594,93.672297461838
CALCE,CS2_36,494,80.67894549414301,0,93.95787,93.97197319183968
CALCE,CS2_36,495,79.76147250546732,0,96.22357,96.18155037178356
CALCE,CS2_36,496,80.39998025369044,0,93.79932,93.77677022784876
CALCE,CS2_36,497,80.10386472165239,0,93.6979,93.67931998815767
CALCE,CS2_36,498,81.27238043995581,0,94.69346,94.6845708901942
CALCE,CS2_36,499,81.43406650809791,0,94.67021,94.6859719493606
CALCE,CS2_36,500,79.87176707644927,0,96.83346,96.75535902436599
CALCE,CS2_36,501,78.94607626011747,0,96.92277,96.83896718073802
CALCE,CS2_36,502,79.87579360976456,0,93.731224,93.71288328363917
CALCE,CS2_36,503,79.08682114942876,0,96.29211,96.24986801273992
CALCE,CS2_36,504,78.56962957384664,0,92.34363,92.35997806689342
CALCE,CS2_36,505,78.02130420763685,0,91.78361,91.76013209906058
CALCE,CS2_36,506,79.9889693181263,0,93.721504,93.70427305660246
CALCE,CS2_36,507,80.26030369624783,0,93.512024,93.52116078671965
CALCE,CS2_36,508,78.95510440967854,0,92.606415,92.59675320368451
CALCE,CS2_36,509,77.5678101838564,0,91.98032,91.9514839302897
CALCE,CS2_36,510,77.58469665701554,0,91.59909,91.58559750756962
CALCE,CS2_36,511,76.50474279150296,0,96.17678,96.12836196288191
CALCE,CS2_36,512,77.16590639065014,0,91.20012,91.17778844817953
CALCE,CS2_36,513,77.4815894414179,0,91.9558,91.92920616623549
CALCE,CS2_36,514,78.22188847855584,0,96.92959,96.84797566148806
CALCE,CS2_36,515,79.36926465888217,0,93.47415,93.45511790027241
CALCE,CS2_36,516,79.55024385455818,0,93.53139,93.50784539132476
CALCE,CS2_36,517,79.65762687384542,0,93.28223,93.28917797484843
CALCE,CS2_36,518,79.7350908287049,0,93.28223,93.28810819841154
CALCE,CS2_36,519,79.15287897164023,0,96.28089,96.23794154500561
CALCE,CS2_36,520,79.99825747775758,0,93.50184,93.50725507542523
CALCE,CS2_36,521,80.04170857676145,0,93.75478,93.73304988897202
CALCE,CS2_36,522,79.12490215517714,0,96.89259,96.81547438234658
CALCE,CS2_36,523,79.83835783238345,0,93.63975,93.61506136571951
CALCE,CS2_36,524,79.7954486268278,0,93.62163,93.5962838664714
CALCE,CS2_36,525,79.75419626266554,0,93.634605,93.60849869897123
CALCE,CS2_36,526,78.89677339396889,0,96.92918,96.85089391388233
CALCE,CS2_36,527,79.71290012862923,0,93.52587,93.49958910040928
CALCE,CS2_36,528,79.71772631671213,0,93.2698,93.27464133813069
CALCE,CS2_36,529,79.70413614057261,0,93.586044,93.56103821709088
CALCE,CS2_36,530,77.20598011927547,0,96.24473,96.2005043080025
CALCE,CS2_36,531,77.32369054370012,0,91.83864,91.81942440187704
CALCE,CS2_36,532,78.64846160918235,0,92.77053,92.7460660962355
CALCE,CS2_36,533,66.93012721951193,0,94.48969,94.39224957942454
CALCE,CS2_36,534,79.21366541775981,0,92.80798,92.81470860861197
CALCE,CS2_36,535,77.42833665717541,0,91.99097,91.95503371144959
CALCE,CS2_36,536,75.60295773726713,0,95.95149,95.85059577108454
CALCE,CS2_36,537,76.38097120647303,0,90.332405,90.30350630512974
CALCE,CS2_36,538,76.26576486916721,0,89.70713,89.6739072488922
CALCE,CS2_36,539,76.06261067532259,0,89.310555,89.26985793214722
CALCE,CS2_36,540,75.78029441160167,0,95.94632,95.86381839671529
CALCE,CS2_36,541,76.83808326112134,0,96.73606,96.6484641611076
CALCE,CS2_36,542,77.89801168563987,0,92.21395,92.17408814067835
CALCE,CS2_36,543,76.3089122789236,0,89.658905,89.62609380082526
CALCE,CS2_36,544,75.39664897076527,0,88.54963,88.50305278432981
CALCE,CS2_36,545,74.27704294178127,0,96.01266,95.91196916574344
CALCE,CS2_36,546,23.2535445105625,0,95.76525,95.66257324781515
CALCE,CS2_36,547,77.7798705568501,0,74.87085,74.71830537462846
CALCE,CS2_36,548,76.65412015332295,0,91.00261,90.98101872198103
CALCE,CS2_36,549,76.58580557830862,0,90.56895,90.55410439275778
CALCE,CS2_36,550,76.87835233254054,0,91.29927,91.27080817874823
CALCE,CS2_36,551,77.14633141575986,0,96.89977,96.8237380635904
CALCE,CS2_36,552,77.3182954263956,0,96.88679,96.81042422591855
CALCE,CS2_36,553,76.54955740299951,0,89.9965,89.96480060179945
CALCE,CS2_36,554,75.63652894112658,0,88.93128,88.81951320229004
CALCE,CS2_36,555,75.66855696514483,0,89.10878,89.05426997684069
CALCE,CS2_36,556,75.1999539024019,0,88.174675,88.12833207304675
CALCE,CS2_36,557,75.07853954470716,0,88.1197,88.07709599041961
CALCE,CS2_36,558,75.37607014802569,0,88.21782,88.17687812146391
CALCE,CS2_36,559,75.74822291163807,0,96.49994,96.4115555755527
CALCE,CS2_36,560,76.84084776705156,0,91.2342,91.20431614651811
CALCE,CS2_36,561,75.49763760242458,0,88.495804,88.45579080661791
CALCE,CS2_36,562,74.54482101803919,0,87.47822,87.42287807200886
CALCE,CS2_36,563,73.71202881578012,0,95.91298,95.86011405232766
CALCE,CS2_36,564,74.10563830164062,0,86.05569,85.98864197419331
CALCE,CS2_36,565,73.90679920560248,0,85.76721,85.69926479299868
CALCE,CS2_36,566,73.16151514247375,0,96.003586,95.90134756895348
CALCE,CS2_36,567,75.39684344047004,0,88.5128,88.47191421959558
CALCE,CS2_36,568,75.7167964357006,0,88.92861,88.89118010135898
CALCE,CS2_36,569,74.47602137159596,0,86.76083,86.69922154624503
CALCE,CS2_36,570,73.82106894178139,0,85.74729,85.67851194751233
CALCE,CS2_36,571,74.17086891162337,0,86.03792,85.97480968652093
CALCE,CS2_36,572,73.92685923812185,0,85.453445,85.38088129798261
CALCE,CS2_36,573,73.79322840001285,0,85.720695,85.6559987480944
CALCE,CS2_36,574,73.54280851656817,0,85.1096,85.02711973169009
CALCE,CS2_36,575,74.31593604834099,0,95.97122,95.89544510470617
CALCE,CS2_36,576,74.53134116413793,0,96.45615,96.36168026538586
CALCE,CS2_36,577,74.77511740061887,0,87.04056,86.98391507055942
CALCE,CS2_36,578,73.633628540741,0,85.286995,85.21643791018677
CALCE,CS2_36,579,73.76288203376082,0,85.415405,85.38067324578424
CALCE,CS2_36,580,72.80974050782797,0,94.81331,94.72262940737102
CALCE,CS2_36,581,73.56846359876256,0,84.99942,84.93074649724264
CALCE,CS2_36,582,73.26613815997959,0,84.763626,84.68927349327005
CALCE,CS2_36,583,74.54124952856583,0,86.45149,86.42338293747862
CALCE,CS2_36,584,74.81725284823861,0,87.05726,87.0104912864947
CALCE,CS2_36,585,74.98462532512173,0,88.18739,88.13201265864403
CALCE,CS2_36,586,75.04121627450273,0,87.76945,87.74530754259925
CALCE,CS2_36,587,74.26657201771361,0,96.40378,96.31169387304966
CALCE,CS2_36,588,74.2675330484475,0,96.44283,96.35173638324952
CALCE,CS2_36,589,75.04102306025277,0,87.77516,87.66659592403892
CALCE,CS2_36,590,75.11461441961734,0,88.25119,88.19346632037669
CALCE,CS2_36,591,75.12061101728182,0,88.31172,88.25414596338692
CALCE,CS2_36,592,75.10509925568522,0,88.31172,88.2542460793854
CALCE,CS2_36,593,75.0851087734662,0,88.29812,88.23685770170073
CALCE,CS2_36,594,75.10381939525608,0,88.303795,88.24891337355442
CALCE,CS2_36,595,74.3307150175874,0,96.38598,96.3022891822382
CALCE,CS2_36,596,75.0811389924679,0,88.30722,88.25245451464876
CALCE,CS2_36,597,74.54791874124595,0,86.48034,86.4264909684195
CALCE,CS2_36,598,73.7478369395935,0,85.76303,85.68172433173123
CALCE,CS2_36,599,73.69155117103885,0,85.43552,85.40082163017144
CALCE,CS2_36,600,74.60576797531064,0,87.1692,87.11844690112112
CALCE,CS2_36,601,73.81492107848655,0,95.971375,95.8787767888405
CALCE,CS2_36,602,73.09708734354827,0,84.59,84.54852568389894
CALCE,CS2_36,603,72.41473007097296,0,83.49849,83.45211590779388
CALCE,CS2_36,604,72.37541497741951,0,83.14038,83.0618540981928
CALCE,CS2_36,605,71.38239167079982,0,94.28045,94.18783906061138
CALCE,CS2_36,606,71.89038533372252,0,83.26448,83.18060637786412
CALCE,CS2_36,607,71.65893152573372,0,82.22442,82.13793835022425
CALCE,CS2_36,608,72.85004793921743,0,83.96638,83.89782413866422
CALCE,CS2_36,609,73.1120564753678,0,84.6517,84.61176677455636
CALCE,CS2_36,610,72.38162782982947,0,94.82885,94.77473389732502
CALCE,CS2_36,611,71.41017308844229,0,82.27943,82.22363955606627
CALCE,CS2_36,612,71.23889742069298,0,82.42111,82.3287260102917
CALCE,CS2_36,613,71.29274287106675,0,82.302635,82.21699201393461
CALCE,CS2_36,614,70.9485276552677,0,82.269875,82.17792623295863
CALCE,CS2_36,615,70.96904516125672,0,82.304474,82.2025641621047
CALCE,CS2_36,616,71.60149890752973,0,82.23582,82.15337387310664
CALCE,CS2_36,617,60.98022980271591,0,77.717476,77.58918486136795
CALCE,CS2_36,618,72.2207428503853,0,83.215996,83.16208515499005
CALCE,CS2_36,619,70.71806857156906,0,93.55084,93.44754338220524
CALCE,CS2_36,620,70.54353236365907,0,81.050064,80.95290969162262
CALCE,CS2_36,621,70.03724231427796,0,81.05014,80.95286401559201
CALCE,CS2_36,622,70.61193396730819,0,82.23808,82.15112120647161
CALCE,CS2_36,623,70.3185799745064,0,81.05014,80.95388167230892
CALCE,CS2_36,624,58.348766929467885,0,75.72296,75.58178496718888
CALCE,CS2_36,625,69.52214111976011,0,93.0642,92.99261571999654
CALCE,CS2_36,626,71.2088212225846,0,82.30287,82.21572316176575
CALCE,CS2_36,627,71.08411337870818,0,94.28393,94.19634223214555
CALCE,CS2_36,628,60.50296199664492,0,77.74532,77.6192763539903
CALCE,CS2_36,629,70.18911157608704,0,81.15486,81.04786663358627
CALCE,CS2_36,630,70.47702248135276,0,81.03203,80.93173071533428
CALCE,CS2_36,631,70.44286968805147,0,81.2441,81.14422493342305
CALCE,CS2_36,632,69.6620576900521,0,93.10898,93.00432575344675
CALCE,CS2_36,633,70.1992309523516,0,81.02647,80.92824099716466
CALCE,CS2_36,634,71.0440510959649,0,82.22552,82.1656747841666
CALCE,CS2_36,635,71.41004214752293,0,82.29226,82.23652510728098
CALCE,CS2_36,636,71.48984012370913,0,82.6105,82.51312901994285
CALCE,CS2_36,637,71.59875402607278,0,82.2197,82.15853235043289
CALCE,CS2_36,638,70.79983397650416,0,93.90809,93.84548239509714
CALCE,CS2_36,639,71.71888995706212,0,83.11719,83.06239065187629
CALCE,CS2_36,640,71.7698751938739,0,83.22267,83.08992695688049
CALCE,CS2_36,641,71.86278235512734,0,83.206985,83.13258773284973
CALCE,CS2_36,642,71.81525943558258,0,83.11719,83.06177888895861
CALCE,CS2_36,643,71.8123952735132,0,83.144714,83.08902822474286
CALCE,CS2_36,644,71.84135745609048,0,83.14693,83.0915503717971
CALCE,CS2_36,645,71.91187147625293,0,83.2008,83.15015679363592
CALCE,CS2_36,646,71.15271760049289,0,94.276726,94.1698086039756
CALCE,CS2_36,647,70.38277106149184,0,80.78723,80.685516922784
CALCE,CS2_36,648,69.4345371665719,0,80.458565,80.34706535912585
CALCE,CS2_36,649,68.18611377161477,0,92.14256,92.01414888356237
CALCE,CS2_36,650,69.43743794075782,0,93.247375,93.13030990316614
CALCE,CS2_36,651,69.56171673757613,0,93.08093,92.97805245976443
CALCE,CS2_36,652,68.84671930734292,0,92.41716,92.30595059380211
CALCE,CS2_36,653,68.54402811676226,0,80.43037,80.35705924617724
CALCE,CS2_36,654,68.63435272279217,0,79.807686,79.6974075285279
CALCE,CS2_36,655,68.5196313418166,0,80.002716,79.9191015184213
CALCE,CS2_36,656,68.51999786605101,0,80.08975,79.98021614010227
CALCE,CS2_36,657,68.42617075742847,0,80.1156,80.04019645460585
CALCE,CS2_36,658,69.17025139169033,0,80.12775,80.0575803594784
CALCE,CS2_36,659,69.51854836930796,0,81.25413,81.14619851261376
CALCE,CS2_36,660,69.60946283783429,0,81.0675,80.97535272641774
CALCE,CS2_36,661,68.1952408048809,0,79.06114,78.94558795597074
CALCE,CS2_36,662,67.87034646877436,0,78.54591,78.42668761168142
CALCE,CS2_36,663,67.90853678484706,0,78.67442,78.59024187835355
CALCE,CS2_36,664,68.02929543855772,0,79.07831,78.96475448353749
CALCE,CS2_36,665,67.86980453903386,0,79.16826,79.05548302894498
CALCE,CS2_36,666,67.01547706474378,0,89.72207,89.583238021014
CALCE,CS2_36,667,68.62736576220762,0,79.62982,79.55594965101282
CALCE,CS2_36,668,68.81880929252635,0,80.16643,80.06696244099386
CALCE,CS2_36,669,68.86671572089031,0,80.21136,80.11308536090945
CALCE,CS2_36,670,67.22677007390033,0,79.16207,79.08624003694132
CALCE,CS2_36,671,66.19262466695278,0,88.1955,88.04043566822526
CALCE,CS2_36,672,67.19272350341777,0,78.65303,78.5355941488445
CALCE,CS2_36,673,66.29134310192562,0,89.34754,89.20811465373725
CALCE,CS2_36,674,66.85172982915336,0,78.63186,78.54810963725254
CALCE,CS2_36,675,66.92278516397899,0,78.65303,78.53449300828194
CALCE,CS2_36,676,68.27047315289738,0,78.623405,78.54336303746352
CALCE,CS2_36,677,57.2040861574066,0,75.84255,75.74704947113827
CALCE,CS2_36,678,56.208464124814604,0,81.28033,81.0837263720245
CALCE,CS2_36,679,67.49680129762314,0,79.13783,79.0276107057988
CALCE,CS2_36,680,66.50403225618903,0,88.215775,88.06770709271517
CALCE,CS2_36,681,67.39379649148259,0,78.61676,78.5023160097907
CALCE,CS2_36,682,67.68156290143561,0,78.625374,78.51288863586397
CALCE,CS2_36,683,66.94572356793658,0,89.423096,89.28190104497403
CALCE,CS2_36,684,66.82976937523509,0,89.91254,89.78575513672416
CALCE,CS2_36,685,68.58669565064406,0,80.36199,80.26867889695212
CALCE,CS2_36,686,68.08129676214133,0,91.187164,91.10902418079326
CALCE,CS2_36,687,68.21345054198967,0,91.35931,91.28263403923889
CALCE,CS2_36,688,69.11856159427461,0,80.3422,80.27519245406788
CALCE,CS2_36,689,69.1480850744571,0,80.331665,80.26081185386994
CALCE,CS2_36,690,68.3550477467115,0,91.06229,90.95799177595053
CALCE,CS2_36,691,69.206561640849,0,80.520966,80.40638011227425
CALCE,CS2_36,692,69.24051595157553,0,80.38399,80.29472606125405
CALCE,CS2_36,693,68.45974623424249,0,91.06075,90.95846961672154
CALCE,CS2_36,694,69.26607785827554,0,80.3778,80.31116239765842
CALCE,CS2_36,695,69.2434987567424,0,80.3778,80.31124191212007
CALCE,CS2_36,696,68.42009180216291,0,91.15801,91.08133729553914
CALCE,CS2_36,697,69.52830789768932,0,79.77146,79.66955754289678
CALCE,CS2_36,698,67.90254440544929,0,91.080345,90.95681209697281
CALCE,CS2_36,699,68.08511552463139,0,79.19017,79.08115034624342
CALCE,CS2_36,700,68.45115944927949,0,91.36141,91.2859654261264
CALCE,CS2_36,701,69.2921019485157,0,80.54552,80.43522781208077
CALCE,CS2_36,702,68.4414813427772,0,91.18522,91.1093147993734
CALCE,CS2_36,703,66.97095949612084,0,89.4004,89.27503635302901
CALCE,CS2_36,704,67.05254814385529,0,79.1418,79.03232348983848
CALCE,CS2_36,705,67.16520755946722,0,78.602066,78.48808324531116
CALCE,CS2_36,706,65.98037499946152,0,87.49421,87.33419838131654
CALCE,CS2_36,707,65.90027323720882,0,86.656815,86.49787854979618
CALCE,CS2_36,708,66.54882546353751,0,78.630424,78.5176309399256
CALCE,CS2_36,709,67.24312228295028,0,89.05403,88.96143987224414
CALCE,CS2_36,710,68.16239175399804,0,79.3297,79.22731292870961
CALCE,CS2_36,711,67.378065595435,0,89.44701,89.35815124970804
CALCE,CS2_36,712,66.57702712511556,0,79.258575,79.13966176185713
CALCE,CS2_36,713,66.02018605608112,0,77.101585,76.97100268600614
CALCE,CS2_36,714,66.0208342846048,0,76.92211,76.7922123547895
CALCE,CS2_36,715,65.64418360683582,0,76.96231,76.83527154813106
CALCE,CS2_36,716,64.62712486984536,0,85.87127,85.70877287789256
CALCE,CS2_36,717,65.36377728829197,0,76.9608,76.83294930575549
CALCE,CS2_36,718,66.87290078901883,0,78.565125,78.43737398713489
CALCE,CS2_36,719,67.00783863866407,0,79.31316,79.21373361168524
CALCE,CS2_36,720,67.00416892361633,0,79.30407,79.22644275194179
CALCE,CS2_36,721,65.32354287417478,0,77.51011,77.38305331164145
CALCE,CS2_36,722,63.87284727355037,0,84.05761,83.86662198890541
CALCE,CS2_36,723,64.38276667179137,0,76.94338,76.85267616782622
CALCE,CS2_36,724,65.50826501706537,0,84.855545,84.69349201511189
CALCE,CS2_36,725,64.91475612898549,0,77.67982,77.5426149311297
CALCE,CS2_36,726,61.59186137560583,0,74.90845,74.75320588718984
CALCE,CS2_36,727,60.48329989851198,0,73.95745,73.84502887786707
CALCE,CS2_36,728,62.66818564375791,0,74.98796,74.87760377041816
CALCE,CS2_36,729,62.1212175020255,0,81.60813,81.4094091905277
CALCE,CS2_36,730,62.123530006780825,0,81.6838,81.48040847092669
CALCE,CS2_36,731,58.864014580593086,0,78.6681,78.41190804732065
CALCE,CS2_36,732,58.22409379521692,0,71.380615,71.18164230568576
CALCE,CS2_36,733,57.52838818518582,0,71.79308,71.59390280441873
CALCE,CS2_36,734,56.69782554877979,0,71.689835,71.49727424338184
CALCE,CS2_36,735,43.7865516930097,0,72.61756,72.29710784697585
CALCE,CS2_36,736,56.12967307305248,0,71.374,71.1727851638402
CALCE,CS2_36,737,55.54011553902672,0,77.07225,76.87337164420028
CALCE,CS2_36,738,58.10249033394314,0,71.66569,71.47583883371901
CALCE,CS2_36,739,57.987947880767685,0,78.50059,78.3144785712837
CALCE,CS2_36,740,59.032174512217175,0,73.62217,73.45064458057048
CALCE,CS2_36,741,55.959756267381536,0,71.91086,71.70839465374515
CALCE,CS2_36,742,55.14866995195625,0,68.55768,68.32817549005064
CALCE,CS2_36,743,55.0259706604247,0,68.86055,68.63747471629883
CALCE,CS2_36,744,54.44291907868363,0,68.5588,68.33053838550322
CALCE,CS2_36,745,54.209934637253646,0,68.96719,68.7415254838623
CALCE,CS2_36,746,53.51904667450963,0,67.94381,67.70875439932111
CALCE,CS2_36,747,54.58218632853041,0,68.00548,67.78309445043857
CALCE,CS2_36,748,56.1103704103858,0,71.731384,71.53700416029025
CALCE,CS2_36,749,56.55681577089037,0,71.43902,71.25456564458665
CALCE,CS2_36,750,56.88599653631935,0,71.69585,71.50500255657958
CALCE,CS2_36,751,53.946623097032045,0,68.42867,68.19796189283268
CALCE,CS2_36,752,52.8890562141602,0,68.62066,68.48742620741764
CALCE,CS2_36,753,53.227900002054426,0,67.612114,67.37625799064263
CALCE,CS2_36,754,52.93142843987441,0,67.85943,67.62386657031301
CALCE,CS2_36,755,52.78697639125618,0,68.62092,68.48644140942119
CALCE,CS2_36,756,52.15855708315226,0,67.61715,67.38394892654998
CALCE,CS2_36,757,51.32680834964165,0,72.44002,72.10845488334695
CALCE,CS2_36,758,51.43272442212437,0,65.9137,65.66661001439448
CALCE,CS2_36,759,37.889524290959066,0,65.68446,65.41444186144368
CALCE,CS2_36,760,50.83170595208034,0,67.065544,66.93169421191239
CALCE,CS2_36,761,50.6281503338873,0,65.98195,65.73681639654565
CALCE,CS2_36,762,50.18929986507804,0,66.11054,65.86315797519056
CALCE,CS2_36,763,50.28209776642041,0,66.279106,66.03393460266899
CALCE,CS2_36,764,50.42620151457914,0,66.226776,65.98054929940233
CALCE,CS2_36,765,52.07848722331108,0,67.922745,67.68734020973737
CALCE,CS2_36,766,51.6343873816296,0,73.142006,72.9160577977958
CALCE,CS2_36,767,51.51418822711632,0,72.4226,72.0994541682256
CALCE,CS2_36,768,51.45181192527101,0,72.4955,72.17381408848495
CALCE,CS2_36,769,51.8743782963043,0,68.61996,68.48170897858196
CALCE,CS2_36,770,51.82581394238544,0,66.262146,66.01348930658516
CALCE,CS2_36,771,51.929196921017194,0,68.01746,67.78403788617958
CALCE,CS2_36,772,51.94328331393125,0,67.96211,67.7275766979945
CALCE,CS2_36,773,51.904454073098584,0,67.954605,67.71831423707357
CALCE,CS2_36,774,54.56782452027157,0,71.90161,71.67136704351208
CALCE,CS2_36,775,54.1940419228227,0,68.82028,68.68104922243965
CALCE,CS2_36,776,53.133928842089226,0,68.63357,68.40554355676866
CALCE,CS2_36,777,52.28778400019043,0,69.13919,69.00299401978567
CALCE,CS2_36,778,51.0483681946884,0,72.41078,72.09215516328385
CALCE,CS2_36,779,51.17634732199656,0,66.2908,66.04036358118502
CALCE,CS2_36,780,50.80265527506159,0,66.9235,66.77850476643567
CALCE,CS2_36,781,50.103666911487046,0,70.59209,70.25661129038573
CALCE,CS2_36,782,50.39582044462969,0,66.35524,66.1084422654372
CALCE,CS2_36,783,51.7888368935741,0,66.884415,66.731794965935
CALCE,CS2_36,784,51.204744885364526,0,66.29319,66.04921882663035
CALCE,CS2_36,785,50.532192809346995,0,71.08772,70.76342882403127
CALCE,CS2_36,786,50.78711912219146,0,66.88427,66.7350272369203
CALCE,CS2_36,787,50.2031854725909,0,66.13802,65.8911913983493
CALCE,CS2_36,788,49.57780683999049,0,66.29809,66.05012452149438
CALCE,CS2_36,789,49.28068219572366,0,65.96713,65.71466646367192
CALCE,CS2_36,790,49.04382288718608,0,66.2309,65.98173211619527
CALCE,CS2_36,791,48.93209106691809,0,66.22034,65.97048670265036
CALCE,CS2_36,792,48.712318088716366,0,66.18803,65.93701430074763
CALCE,CS2_36,793,48.51226978952235,0,66.88384,66.7431884654637
CALCE,CS2_36,794,48.320615817707804,0,67.87403,67.51860097231254
CALCE,CS2_36,795,51.851247925694366,0,66.57983,66.42424708882997
CALCE,CS2_36,796,49.286458544104406,0,66.92525,66.68449418034717
CALCE,CS2_36,797,48.05263200563334,0,71.13553,70.9045258539294
CALCE,CS2_36,798,47.83762200233674,0,66.2887,66.04614766120368
CALCE,CS2_36,799,47.31721795366505,0,63.295143,63.02919989223449
CALCE,CS2_36,800,46.89247549700504,0,62.919334,62.653214184941376
CALCE,CS2_36,801,35.428663175895856,0,66.21872,65.95367899126849
CALCE,CS2_36,802,46.407702299353865,0,63.351856,63.088923726404644
CALCE,CS2_36,803,45.77376384319139,0,65.02525,64.63540972657606
CALCE,CS2_36,804,45.86727857707004,0,63.126396,62.854421858020665
CALCE,CS2_36,805,45.23842063096388,0,66.14572,65.88219553363045
CALCE,CS2_36,806,46.048462846711416,0,64.46679,64.32390524789605
CALCE,CS2_36,807,45.804677055836244,0,63.329346,63.06447793241877
CALCE,CS2_36,808,46.009258194267204,0,64.407814,64.26374142686473
CALCE,CS2_36,809,45.73344332279027,0,63.357384,63.09365829173664
CALCE,CS2_36,810,45.02944537326039,0,64.4101,64.1447356334288
CALCE,CS2_36,811,44.411112142759414,0,64.05072,63.643897656940844
CALCE,CS2_36,812,44.51745421588779,0,63.017704,62.742236766186956
CALCE,CS2_36,813,43.3189370682101,0,64.53466,64.25151860806056
CALCE,CS2_36,814,43.01166002639255,0,63.68174,63.52587386349189
CALCE,CS2_36,815,42.57995229215242,0,63.66357,63.34082900191078
CALCE,CS2_36,816,42.42461861606057,0,63.734573,63.40042406294081
CALCE,CS2_36,817,42.5386415867272,0,63.75982,63.465591845110936
CALCE,CS2_36,818,42.811543675224655,0,63.6412,63.35231530334206
CALCE,CS2_36,819,42.747621699758504,0,63.807907,63.65064979574496
CALCE,CS2_36,820,42.451069253641386,0,63.451145,63.154117624021964
CALCE,CS2_36,821,41.771331816893046,0,63.639076,63.19589052154384
CALCE,CS2_36,822,41.613299030217625,0,63.647118,63.31104260260352
CALCE,CS2_36,823,41.21707513442103,0,63.315754,62.970576365163154
CALCE,CS2_36,824,43.898070687264564,0,62.76372,62.46388456111164
CALCE,CS2_36,825,42.57752279768815,0,64.53128,64.20608455586267
CALCE,CS2_36,826,41.44422007636045,0,63.631657,63.284164236090064
CALCE,CS2_36,827,40.676677629025725,0,63.84455,63.49723304212658
CALCE,CS2_36,828,40.18809046513498,0,63.66387,63.31064014897146
CALCE,CS2_36,829,39.76033581377455,0,63.747116,63.39179556396455
CALCE,CS2_36,830,39.06480243141619,0,63.69551,63.22599062190689
CALCE,CS2_36,831,27.92692240552605,0,63.992496,63.65297129718179
CALCE,CS2_36,832,38.94254056068912,0,63.723072,63.457872853046865
CALCE,CS2_36,833,38.75617596035792,0,63.703175,63.34771301323052
CALCE,CS2_36,834,38.85445075204188,0,63.69105,63.33511012967686
CALCE,CS2_36,835,38.80503306410348,0,63.738495,63.27351329885537
CALCE,CS2_36,836,39.88971766417143,0,63.600094,63.24516168165682
CALCE,CS2_36,837,37.6479901342307,0,64.07067,63.6041754748191
CALCE,CS2_36,838,37.557776733524456,0,63.727333,63.368157496402844
CALCE,CS2_36,839,36.851314512637664,0,63.268658,62.90713201439376
CALCE,CS2_36,840,36.86780129445276,0,62.60798,62.328361828062924
CALCE,CS2_36,841,35.277249595479915,0,63.138756,62.77510793495849
CALCE,CS2_36,842,34.94228937471347,0,63.262444,62.90800064948997
CALCE,CS2_36,843,34.09383081403587,0,63.15259,62.68583237940932
CALCE,CS2_36,844,34.24441861404318,0,63.310795,62.95893648781953
CALCE,CS2_36,845,34.03010512222488,0,63.278942,62.92614928890686
CALCE,CS2_36,846,33.79840133632907,0,63.278942,62.92528852954822
CALCE,CS2_36,847,33.96301133938414,0,63.301872,62.948109259284365
CALCE,CS2_36,848,35.01199895430819,0,63.274452,62.91742325950498
CALCE,CS2_36,849,34.805425225912,0,63.306503,62.950814871069085
CALCE,CS2_36,850,34.95594598609876,0,63.284634,62.926617675341994
CALCE,CS2_36,851,35.3663245566337,0,63.16544,62.80087481169677
CALCE,CS2_36,852,35.23205733989185,0,63.159824,62.7924195643446
CALCE,CS2_36,853,33.89858798878536,0,62.547085,62.27200809594622
CALCE,CS2_36,854,33.29115557338562,0,62.795948,62.41353973694441
CALCE,CS2_36,855,33.678920261142586,0,63.279392,62.92847968100288
CALCE,CS2_36,856,33.03762407260331,0,63.26982,62.91834738368661
CALCE,CS2_36,857,32.91596894987263,0,63.288315,62.93767461341203
CALCE,CS2_36,858,33.09820313849637,0,63.25385,62.90139904714886
CALCE,CS2_36,859,32.75604435600676,0,63.245148,62.891237310845874
CALCE,CS2_36,860,32.84309197269239,0,63.26982,62.91641662995557
CALCE,CS2_36,861,33.01802866258815,0,63.380806,62.91519304593523
CALCE,CS2_36,862,33.68898369742649,0,63.29185,62.938866906849185
CALCE,CS2_36,863,33.44323636949258,0,63.278942,62.9262599445208
CALCE,CS2_36,864,33.33979109331266,0,63.278942,62.92501131977962
CALCE,CS2_36,865,32.88954028749216,0,63.278744,62.925205806018106
CALCE,CS2_36,866,32.392880019654655,0,63.26784,62.91295816056572
CALCE,CS2_36,867,31.899939038847037,0,63.244713,62.888506027987134
CALCE,CS2_36,868,31.624367470443143,0,63.240986,62.884625068187155
CALCE,CS2_36,869,31.321723640896025,0,63.240986,62.88603352391458
CALCE,CS2_36,870,31.12016830733242,0,63.240986,62.88559489450524
CALCE,CS2_36,871,30.9270500183998,0,63.231613,62.877141313056605
CALCE,CS2_36,872,30.763017870802756,0,63.225334,62.86608886732596
CALCE,CS2_36,873,30.76850658765382,0,63.19605,62.840506507340194
CALCE,CS2_36,874,35.70004796725806,0,63.231014,62.881142490422604
CALCE,CS2_36,875,34.262828428203704,0,62.604027,62.335712840648554
CALCE,CS2_36,876,33.176659850616886,0,62.61272,62.34193810694673
CALCE,CS2_36,877,32.27693916341843,0,63.279377,62.93306401299504
CALCE,CS2_36,878,31.773800235052096,0,63.25892,62.906754705681095
CALCE,CS2_36,879,31.105309801386312,0,63.245758,62.892490105245955
CALCE,CS2_36,880,30.540016709474234,0,63.241596,62.88219061933655
CALCE,CS2_36,881,30.495386648323546,0,63.24941,62.89055894759555
CALCE,CS2_36,882,30.296572332587544,0,63.21762,62.86024743364742
CALCE,CS2_36,883,30.04410633687596,0,63.340572,62.99370882214685
CALCE,CS2_36,884,29.84008415394637,0,63.340626,62.994348965082445
CALCE,CS2_36,885,29.576032917680983,0,63.340626,62.99434515545211
CALCE,CS2_36,886,29.54582398041779,0,63.322548,62.97508736921802
CALCE,CS2_36,887,29.919651293189325,0,63.21857,62.861478231765716
CALCE,CS2_36,888,29.291152376246917,0,63.300262,62.951127215570246
CALCE,CS2_36,889,28.858364509078815,0,63.36041,63.014759801491685
CALCE,CS2_36,890,27.707623575924075,0,63.35075,63.00349883720705
CALCE,CS2_36,891,29.21648953911821,0,63.312836,62.961936866548584
CALCE,CS2_36,892,29.455066041369815,0,63.31289,62.96269742753609
CALCE,CS2_36,893,28.747787376375243,0,63.35075,63.001143578950064
CALCE,CS2_36,894,26.819925948301364,0,63.323616,62.97020488704535
CALCE,CS2_36,895,26.63797612789041,0,62.547787,62.267264297082626
CALCE,CS2_36,896,26.499052588878147,0,63.323563,62.97123546830698
CALCE,CS2_36,897,27.15597833540544,0,63.374252,63.01784032355032
CALCE,CS2_36,898,27.8759555523052,0,63.355667,63.00658900367131
CALCE,CS2_36,899,28.109616953322853,0,63.36041,63.01330307761414
CALCE,CS2_36,900,28.19072511906226,0,63.364807,63.01737758986702
CALCE,CS2_36,901,28.052503621400117,0,63.35075,63.002859178964385
CALCE,CS2_36,902,28.193026773010903,0,62.541393,62.26104531720185
CALCE,CS2_36,903,28.50944515908572,0,62.541393,62.26122830596883
CALCE,CS2_36,904,28.9304919969782,0,63.35075,63.00327290497799
CALCE,CS2_36,905,28.575240782693633,0,63.190716,62.72502106869175
CALCE,CS2_36,906,28.629485042099144,0,63.35075,63.0021032138699
CALCE,CS2_36,907,28.143266391955436,0,63.38221,63.035560382983995
CALCE,CS2_36,908,27.70135224109494,0,63.327908,62.977446730824
CALCE,CS2_36,909,27.508545112694406,0,63.327908,62.978410778280114
CALCE,CS2_36,910,27.42002770660004,0,63.337566,62.98719197481833
CALCE,CS2_36,911,27.189454696900828,0,63.315083,62.96393621250854
CALCE,CS2_36,912,26.99902596068748,0,63.333187,62.97941794118369
CALCE,CS2_36,913,25.412953160155364,0,63.281574,62.92435291355855
CALCE,CS2_36,914,24.840275938922836,0,63.270977,62.91125991679298
CALCE,CS2_36,915,24.598812110376294,0,63.270977,62.91218563262747
CALCE,CS2_36,916,24.42590800531536,0,63.27235,62.911636404428386
CALCE,CS2_36,917,24.99577004028092,0,63.270977,62.913400527455764
CALCE,CS2_36,918,24.853206355985083,0,63.27774,62.91841004347842
CALCE,CS2_36,919,24.69220182470733,0,62.5529,62.27062766516987
CALCE,CS2_36,920,24.400570578892598,0,62.55908,62.27564676030164
CALCE,CS2_36,921,24.085493183010232,0,63.237446,62.87490755046994
CALCE,CS2_36,922,24.06473166519791,0,63.27774,62.915872072784246
CALCE,CS2_36,923,23.81655533744479,0,62.5529,62.26700299472774
CALCE,CS2_36,924,18.383607676945346,0,63.27007,62.88877324210599
CALCE,CS2_36,925,18.957764755076614,0,63.21034,62.84241332885914
CALCE,CS2_36,926,18.474301788262004,0,63.48803,63.14080618583212
CALCE,CS2_36,927,18.23949155868884,0,63.312073,62.96226349463534
CALCE,CS2_36,928,18.151040450985423,0,63.312073,62.963838067550796
CALCE,CS2_36,929,17.812838330606343,0,63.403828,63.05716752297649
CALCE,CS2_36,930,17.3720642498872,0,63.35951,63.01038431352434
CALCE,CS2_36,931,17.008338053025007,0,63.37876,63.004909746231
CALCE,CS2_36,932,16.812104692313998,0,63.297573,62.944923455084265
CALCE,CS2_36,933,16.631210162294195,0,63.310413,62.95659306384628
CALCE,CS2_36,934,16.439089561711576,0,63.297573,62.926252870917594
CALCE,CS2_36,935,16.349010964205853,0,63.37876,62.999670344090006
CALCE,CS2_36,936,16.23985572395705,0,63.297596,62.94086512128783
CALCE,CS2_36,937,15.950398656992029,0,63.555973,63.05810634193231
CALCE,CS2_36,938,16.07684260207156,0,63.297573,62.92119909575093
CALCE,CS2_36,939,16.010106325562827,0,63.297596,62.939474347614194
CALCE,CS2_36,940,12.65871135908185,0,63.132145,62.77991961088241
CALCE,CS2_36,941,15.432476178792513,0,63.37876,63.018025625798536
CALCE,CS2_36,942,15.521324847077667,0,63.379044,62.99848983908245
CALCE,CS2_36,943,15.514339126649945,0,63.379044,62.99946867992256
CALCE,CS2_36,944,15.611723634559166,0,63.385826,63.00536143941708
CALCE,CS2_36,945,15.789289347424848,0,63.29337,62.93131940905263
CALCE,CS2_36,946,16.000042654109144,0,63.29337,62.93207994152849
CALCE,CS2_36,947,16.354200567895923,0,62.482944,62.19083558337608
CALCE,CS2_36,948,16.224338650242114,0,63.297596,62.938590077501104
CALCE,CS2_36,949,16.28554423885377,0,63.29424,62.93642442921824
CALCE,CS2_36,950,16.071936013738426,0,63.297596,62.93910136814753
CALCE,CS2_36,951,16.1649227608068,0,63.297573,62.91672965456795
CALCE,CS2_36,952,15.932635382851053,0,63.385544,63.00498048743162
CALCE,CS2_36,953,15.877408463364052,0,63.385544,63.00573622420228
CALCE,CS2_36,954,15.376255541319766,0,63.379044,62.9997716230363
CALCE,CS2_36,955,15.328463264865933,0,63.38134,63.00663884965689
CALCE,CS2_36,956,15.129221677106738,0,63.374557,62.999493564745094
CALCE,CS2_36,957,11.952646913565593,0,63.304173,62.94570589319204
CALCE,CS2_36,958,14.85863337956586,0,63.378784,63.01959216950686
CALCE,CS2_36,959,14.751535736004284,0,63.379044,63.00062664993362
CALCE,CS2_36,960,14.759717053429423,0,63.37876,63.00299015812734
CALCE,CS2_36,961,14.73175691056761,0,63.37876,63.00274745219741
CALCE,CS2_36,962,14.468210112076086,0,63.51638,63.011854315840985
CALCE,CS2_36,963,14.577922590129964,0,63.37876,63.00300226236426
CALCE,CS2_36,964,14.506730067047446,0,63.37876,63.003383474988155
CALCE,CS2_36,965,14.428559655986497,0,63.37876,63.003486197725216
CALCE,CS2_36,966,14.362551598596179,0,63.37876,63.004057820204075
CALCE,CS2_36,967,14.321859076569602,0,63.37876,63.00427072071442
CALCE,CS2_36,968,14.06297367092933,0,63.54899,63.03966176092857
CALCE,CS2_36,969,14.25857789190332,0,63.37876,63.00439071244552
CALCE,CS2_36,970,14.532049846664854,0,62.521072,62.23238319598596
CALCE,CS2_36,971,14.74440319190473,0,63.379044,63.000034532896514
CALCE,CS2_36,972,14.593528357453081,0,63.37876,63.00291468903364
CALCE,CS2_36,973,15.06463753045316,0,63.297573,62.918522870267246
CALCE,CS2_37,1,100.90359144858726,97,96.68011,96.63047545649931
CALCE,CS2_37,2,100.0,96,96.73279,96.69076279452325
CALCE,CS2_37,3,99.97384472464678,95,96.69398,96.65084913165066
CALCE,CS2_37,4,100.72463269599999,94,97.15492,97.11120095189153
CALCE,CS2_37,5,99.56154921387564,93,97.360214,97.31645982207665
CALCE,CS2_37,6,99.45648611874847,92,97.44689,97.4024845478828
CALCE,CS2_37,7,98.91050226889799,91,97.232994,97.19258243184552
CALCE,CS2_37,8,98.6477012007347,90,97.16553,97.1304231349554
CALCE,CS2_37,9,97.45521697196915,89,97.2316,97.19529343140282
CALCE,CS2_37,10,97.16342258231526,88,97.226814,97.18976994904193
CALCE,CS2_37,11,96.78880460009786,87,97.248726,97.21314860227554
CALCE,CS2_37,12,97.34456382431911,86,97.57108,97.53261151013609
CALCE,CS2_37,13,97.52564206823558,85,97.95524,97.91724041755872
CALCE,CS2_37,14,97.54090014241055,84,97.94619,97.9076300996133
CALCE,CS2_37,15,97.50641738268837,83,97.94619,97.90735409315405
CALCE,CS2_37,16,97.46698166363524,82,97.9437,97.90502820476345
CALCE,CS2_37,17,88.01528735653805,81,97.87834,97.84422338842975
CALCE,CS2_37,18,97.3887961577536,80,97.9437,97.90547633745247
CALCE,CS2_37,19,97.34638716373146,79,97.793396,97.80159599846984
CALCE,CS2_37,20,97.27304953105215,78,97.9388,97.9007305883267
CALCE,CS2_37,21,97.20799768639009,77,97.94061,97.90237597961858
CALCE,CS2_37,22,97.14895304936822,76,97.94061,97.9020413147126
CALCE,CS2_37,23,97.09018772057337,75,97.9437,97.90503122835452
CALCE,CS2_37,24,97.04764198668067,74,97.9437,97.90490522560069
CALCE,CS2_37,25,97.82181381528623,73,97.747665,97.71770891438477
CALCE,CS2_37,26,96.93189415463485,72,97.9437,97.90486351778507
CALCE,CS2_37,27,96.86955158714231,71,97.9437,97.90476204399204
CALCE,CS2_37,28,96.31016742986644,70,97.9437,97.90839138672435
CALCE,CS2_37,29,95.28900881000595,69,97.94433,97.9110576751268
CALCE,CS2_37,30,94.9950038324945,68,97.54086,97.50504705473318
CALCE,CS2_37,31,95.56695555492394,67,96.77884,96.72848424985051
CALCE,CS2_37,32,95.30936467425943,66,96.717384,96.71468426426127
CALCE,CS2_37,33,95.28598260873112,65,98.00082,97.96520187343958
CALCE,CS2_37,34,95.59146358414363,64,97.93289,97.89591386880163
CALCE,CS2_37,35,95.31284161470364,63,97.94189,97.90747849903373
CALCE,CS2_37,36,94.32252699515915,62,97.94127,97.90819905325739
CALCE,CS2_37,37,94.02787887939735,61,97.52915,97.4940355601903
CALCE,CS2_37,38,93.93008608481773,60,97.943016,97.91084704060444
CALCE,CS2_37,39,93.70558961038313,59,97.93729,97.90606766926808
CALCE,CS2_37,40,94.55818735332507,58,98.011215,97.97600748789715
CALCE,CS2_37,41,94.84694389499624,57,97.9062,97.86980263720118
CALCE,CS2_37,42,94.91045038938319,56,97.89456,97.85766300763892
CALCE,CS2_37,43,93.59132601524594,55,97.93991,97.9079978832957
CALCE,CS2_37,44,93.50443363245995,54,97.99632,97.9649338617489
CALCE,CS2_37,45,93.38150172773014,53,97.85367,97.82107787282027
CALCE,CS2_37,46,93.24300716348722,52,97.84856,97.81617778519276
CALCE,CS2_37,47,93.62927659466904,51,97.90622,97.87144612015425
CALCE,CS2_37,48,94.16387165745289,50,97.92005,97.88441489814579
CALCE,CS2_37,49,94.33554356830987,49,98.0094,97.97363914158217
CALCE,CS2_37,50,93.18692273936153,48,97.83858,97.80550960980209
CALCE,CS2_37,51,93.05028328318889,47,97.84187,97.80878397935335
CALCE,CS2_37,52,92.92187380625847,46,97.85104,97.8184024820301
CALCE,CS2_37,53,92.7879287628476,45,97.859856,97.82788381539319
CALCE,CS2_37,54,96.82558466478804,44,97.24829,97.2120438572619
CALCE,CS2_37,55,96.49635674583448,43,97.27523,97.23536874201689
CALCE,CS2_37,56,96.87016677976058,42,97.50695,97.46491132240791
CALCE,CS2_37,57,96.81928731693354,41,97.5002,97.45673175802301
CALCE,CS2_37,58,95.89186262494373,40,97.27523,97.23559644621116
CALCE,CS2_37,59,95.48640278826616,39,97.28017,97.24135184601143
CALCE,CS2_37,60,95.33205919402197,38,97.530464,97.49342908561529
CALCE,CS2_37,61,85.11704661770239,37,97.9453,97.91896587700914
CALCE,CS2_37,62,94.35133746896877,36,97.247314,97.21221475004484
CALCE,CS2_37,63,94.72708374984083,35,97.53228,97.49488054382174
CALCE,CS2_37,64,94.49591758124551,34,97.52916,97.49259173012517
CALCE,CS2_37,65,93.72945104269331,33,97.2707,97.23645962217392
CALCE,CS2_37,66,93.60146983458799,32,96.79884,96.75340785505716
CALCE,CS2_37,67,93.42227633953839,31,97.18135,97.14544773291034
CALCE,CS2_37,68,93.25400145368484,30,97.1759,97.14064568100805
CALCE,CS2_37,69,92.86079139175968,29,97.18135,97.14740316246929
CALCE,CS2_37,70,93.14194417220898,28,97.43583,97.40048923407585
CALCE,CS2_37,71,93.0878645137088,27,97.43583,97.4001061838107
CALCE,CS2_37,72,92.52573010469233,26,97.182655,97.14878002574214
CALCE,CS2_37,73,92.36967204384639,25,97.1746,97.13989623485793
CALCE,CS2_37,74,92.33910004941782,24,97.18135,97.14635818726113
CALCE,CS2_37,75,92.24338657811688,23,97.43165,97.39845622753026
CALCE,CS2_37,76,91.85464498275176,22,97.18135,97.14785726734169
CALCE,CS2_37,77,92.36027780780036,21,96.732254,96.68512003781056
CALCE,CS2_37,78,92.33121179006191,20,97.846634,97.81421656623213
CALCE,CS2_37,79,92.24797250691427,19,97.84969,97.81706870294995
CALCE,CS2_37,80,92.96032755070851,18,96.65236,96.67464779555894
CALCE,CS2_37,81,92.05744273833236,17,97.84969,97.81773279368645
CALCE,CS2_37,82,81.88669770450417,16,97.93166,97.90751430077624
CALCE,CS2_37,83,92.01268303499751,15,97.84969,97.8174850034528
CALCE,CS2_37,84,91.8618728030927,14,97.84969,97.81773215139341
CALCE,CS2_37,85,91.75882863860193,13,97.84969,97.81769324695367
CALCE,CS2_37,86,91.68377674637685,12,97.46684,97.43227766821347
CALCE,CS2_37,87,91.59518898855252,11,97.46248,97.42835169182509
CALCE,CS2_37,88,91.51719112652292,10,97.43277,97.3981707891144
CALCE,CS2_37,89,91.45033083061944,9,97.43583,97.40078387989512
CALCE,CS2_37,90,91.44031359276751,8,97.846634,97.81470291261785
CALCE,CS2_37,91,81.17436921318536,7,97.94682,97.92388254849402
CALCE,CS2_37,92,91.25664770944982,6,97.84969,97.81825753984256
CALCE,CS2_37,93,91.2045889224591,5,97.84815,97.81700271488842
CALCE,CS2_37,94,80.52939140816511,4,96.54891,96.49308579510652
CALCE,CS2_37,95,90.05969112818502,3,97.18331,97.15198789615512
CALCE,CS2_37,96,89.92437298558875,2,97.18704,97.15537753295591
CALCE,CS2_37,97,89.80147303578083,1,97.193794,97.16252751831315
CALCE,CS2_37,99,91.30624237655705,0,77.02495,76.84585394346571
CALCE,CS2_37,100,91.21931788282762,0,97.470795,97.44012864226931
CALCE,CS2_37,101,91.09904794467664,0,97.43583,97.40380496552376
CALCE,CS2_37,102,91.64196210246274,0,97.85104,97.81792219630002
CALCE,CS2_37,103,91.75665532464383,0,97.91963,97.88574820643876
CALCE,CS2_37,104,91.31721474774737,0,97.470825,97.43743874759554
CALCE,CS2_37,105,90.75093800190554,0,97.43713,97.4047969386725
CALCE,CS2_37,106,90.75060436972791,0,97.43559,97.40252460296036
CALCE,CS2_37,107,90.702236001402,0,97.43713,97.40425624076134
CALCE,CS2_37,108,90.49379879241165,0,96.515396,96.46501771248045
CALCE,CS2_37,109,90.96831323699935,0,97.90505,97.87233018341028
CALCE,CS2_37,110,91.23038950995422,0,97.85192,97.81828772067581
CALCE,CS2_37,111,91.26917357067956,0,97.86538,97.83168850486551
CALCE,CS2_37,112,90.11914253333788,0,97.43559,97.40446037318829
CALCE,CS2_37,113,79.71764123608321,0,97.91927,97.89784633821297
CALCE,CS2_37,114,89.97886405455327,0,97.178055,97.1446140779308
CALCE,CS2_37,115,89.85119532766917,0,97.43559,97.40492657863602
CALCE,CS2_37,116,89.52492107668711,0,97.1639,97.13276797279396
CALCE,CS2_37,117,90.59661464541675,0,97.8495,97.81651340205006
CALCE,CS2_37,118,91.52151032437867,0,96.93205,96.90036289155853
CALCE,CS2_37,119,89.91832814289431,0,97.43253,97.40176556335528
CALCE,CS2_37,120,89.50322429129523,0,97.439545,97.40971206905171
CALCE,CS2_37,121,89.45079831547466,0,97.43045,97.40052464093837
CALCE,CS2_37,122,89.5278081018988,0,97.45644,97.42589014419457
CALCE,CS2_37,123,88.91376686870379,0,96.77571,96.71971831443157
CALCE,CS2_37,124,89.9994229087559,0,97.90816,97.87744693974543
CALCE,CS2_37,125,90.21128271660425,0,97.9172,97.88568309295529
CALCE,CS2_37,126,90.28021482919284,0,97.9216,97.89023745366447
CALCE,CS2_37,127,80.56979191661551,0,97.951324,97.92672527244302
CALCE,CS2_37,128,90.52395405795967,0,97.9119,97.8786916318738
CALCE,CS2_37,129,90.6194676293312,0,97.84323,97.80895099472193
CALCE,CS2_37,130,90.66464286415093,0,97.90942,97.87575244665442
CALCE,CS2_37,131,90.71855436343671,0,97.90942,97.87566113810588
CALCE,CS2_37,132,90.79554888344717,0,97.92818,97.92114979532369
CALCE,CS2_37,133,90.7875567031742,0,97.9216,97.88785602000807
CALCE,CS2_37,134,90.82281289987543,0,97.9216,97.8876990899268
CALCE,CS2_37,135,90.84585920326745,0,97.9216,97.88782995854498
CALCE,CS2_37,136,90.87677754602814,0,97.91162,97.8775012262671
CALCE,CS2_37,137,90.89897232372354,0,97.9032,97.86889060734907
CALCE,CS2_37,138,90.91028047388585,0,97.9032,97.86868632263709
CALCE,CS2_37,139,90.91479977060087,0,97.9032,97.86862828757461
CALCE,CS2_37,140,90.93272169535118,0,97.9032,97.86826969963062
CALCE,CS2_37,141,90.31307569882453,0,97.841286,97.81205936383397
CALCE,CS2_37,142,89.23082305429705,0,97.19055,97.16014950357885
CALCE,CS2_37,143,89.30181789996658,0,97.461464,97.43209769303718
CALCE,CS2_37,144,89.1479014205964,0,97.19055,97.16046761589632
CALCE,CS2_37,145,89.87404965666119,0,96.53853,96.49327362711145
CALCE,CS2_37,146,89.64236776504119,0,97.92095,97.8899931571324
CALCE,CS2_37,147,90.2277464737124,0,97.916534,97.88389350503479
CALCE,CS2_37,148,90.33124637371041,0,97.92689,97.89393238477568
CALCE,CS2_37,149,90.92460287699852,0,96.793465,96.76168400439573
CALCE,CS2_37,150,90.34885608311023,0,97.85471,97.82473854047926
CALCE,CS2_37,151,90.96326634735075,0,97.9238,97.89153554009971
CALCE,CS2_37,152,91.04150395282281,0,97.91034,97.8774969811568
CALCE,CS2_37,153,89.76358745132309,0,97.18637,97.1550845055944
CALCE,CS2_37,154,89.63618334377435,0,97.18637,97.15498647572012
CALCE,CS2_37,155,89.95669056616474,0,97.43559,97.40516455774343
CALCE,CS2_37,156,89.75165030734098,0,97.18661,97.15488312819951
CALCE,CS2_37,157,90.30036547913183,0,96.549644,96.57890054073232
CALCE,CS2_37,158,90.46645861140902,0,97.90942,97.8777549706737
CALCE,CS2_37,159,90.64521132179149,0,97.91209,97.87984349487132
CALCE,CS2_37,160,89.8198639593991,0,97.43559,97.40548445671479
CALCE,CS2_37,161,89.42975243800423,0,97.43045,97.401408284406
CALCE,CS2_37,162,89.51559840362067,0,97.46016,97.43082232650582
CALCE,CS2_37,163,89.52213916993959,0,97.46016,97.4304207584986
CALCE,CS2_37,164,89.96905583475639,0,96.786674,96.76044913560989
CALCE,CS2_37,165,89.82726324066256,0,97.8428,97.81222946162795
CALCE,CS2_37,166,91.02502880400094,0,96.932884,96.90018569621314
CALCE,CS2_37,167,90.3415308674591,0,97.91189,97.88000883638236
CALCE,CS2_37,168,88.99338254069151,0,97.18637,97.15644866203267
CALCE,CS2_37,169,89.05676579419627,0,97.18637,97.15610706472992
CALCE,CS2_37,170,89.10265546920336,0,97.18637,97.15632726187982
CALCE,CS2_37,171,89.07483196385162,0,97.18637,97.15580688138472
CALCE,CS2_37,172,88.95543468607431,0,97.415504,97.38769791687076
CALCE,CS2_37,173,89.8865984462271,0,97.84041,97.80936482039053
CALCE,CS2_37,174,90.04675081462614,0,97.913635,97.88264184888331
CALCE,CS2_37,175,90.18651352480047,0,97.92535,97.89368492535645
CALCE,CS2_37,176,90.2138148645278,0,97.91343,97.88169571374364
CALCE,CS2_37,177,90.24498821055464,0,97.91343,97.88162895803619
CALCE,CS2_37,178,90.36209604390542,0,97.92689,97.89476568118565
CALCE,CS2_37,179,90.4211874376661,0,97.91343,97.88090168054731
CALCE,CS2_37,180,90.4476071405182,0,97.9088,97.8757971799464
CALCE,CS2_37,181,90.47512909581855,0,97.9238,97.89099255589298
CALCE,CS2_37,182,90.50867966400389,0,97.93598,97.90312550192628
CALCE,CS2_37,183,90.51681507115393,0,97.91034,97.87704439969296
CALCE,CS2_37,184,90.54548302040313,0,97.92226,97.88893388089555
CALCE,CS2_37,185,90.58950539232892,0,97.9238,97.89043148703357
CALCE,CS2_37,186,90.63067522301154,0,97.85503,97.82101509364111
CALCE,CS2_37,187,90.64963658201455,0,97.85503,97.82103905800744
CALCE,CS2_37,188,90.7909408625157,0,97.90281,97.86924549624607
CALCE,CS2_37,189,90.81280105503879,0,97.90281,97.8691377041373
CALCE,CS2_37,190,79.57273540235428,0,97.93349,97.91279669938967
CALCE,CS2_37,191,89.45018902069975,0,97.431755,97.40175396069215
CALCE,CS2_37,192,89.40121354418564,0,97.431755,97.40199726761224
CALCE,CS2_37,193,89.35019495629255,0,97.431755,97.40183689773126
CALCE,CS2_37,194,89.07376159129092,0,97.18637,97.1555289264565
CALCE,CS2_37,195,89.89023119208615,0,97.838844,97.80774332946207
CALCE,CS2_37,196,90.15550925610195,0,97.904305,97.8721188815323
CALCE,CS2_37,197,89.90206593814116,0,97.45867,97.42729540527748
CALCE,CS2_37,198,88.98435668556064,0,97.175415,97.144233478083
CALCE,CS2_37,199,89.6792975508773,0,97.175415,97.14450648103829
CALCE,CS2_37,200,90.37596645424495,0,97.84453,97.81383736614366
CALCE,CS2_37,201,90.55001179475299,0,97.85344,97.82099911202242
CALCE,CS2_37,202,89.98958809647297,0,97.18928,97.15786179401141
CALCE,CS2_37,203,89.45736991513895,0,97.17597,97.144612239894
CALCE,CS2_37,204,89.60603465898399,0,97.181114,97.14861631554443
CALCE,CS2_37,205,89.64408963013688,0,97.44239,97.41114799758218
CALCE,CS2_37,206,78.80247682380073,0,97.105095,97.07851245343153
CALCE,CS2_37,207,89.59369821093833,0,97.43559,97.40350517417048
CALCE,CS2_37,208,90.11833929995106,0,97.844345,97.81214315096659
CALCE,CS2_37,209,90.27449899286586,0,97.84589,97.81314425911313
CALCE,CS2_37,210,89.4265011340591,0,97.17728,97.14534485954704
CALCE,CS2_37,211,89.33720068382041,0,97.17597,97.14400420009177
CALCE,CS2_37,212,89.38973521196716,0,97.17728,97.1449810178674
CALCE,CS2_37,213,89.27615849956264,0,97.17728,97.14553135126636
CALCE,CS2_37,214,89.23107903838857,0,97.17728,97.14612678166588
CALCE,CS2_37,215,90.00238568798625,0,97.84589,97.81375753485663
CALCE,CS2_37,216,90.22997045827984,0,97.844345,97.81137666688142
CALCE,CS2_37,217,90.58200555386901,0,96.39394,96.41378313752655
CALCE,CS2_37,218,89.1783212541307,0,97.18637,97.15496996985799
CALCE,CS2_37,219,89.45573051734904,0,97.42804,97.39636099896597
CALCE,CS2_37,220,89.93926997193057,0,97.8419,97.80947159762145
CALCE,CS2_37,221,90.24598110400694,0,97.84589,97.81258644262746
CALCE,CS2_37,222,90.29029923910696,0,97.844345,97.8106641744697
CALCE,CS2_37,223,90.29903047436008,0,97.844345,97.81069529714418
CALCE,CS2_37,224,90.33587358080877,0,97.84589,97.81196248027109
CALCE,CS2_37,225,90.36149470381069,0,97.84589,97.81196799455424
CALCE,CS2_37,226,90.37202822120362,0,97.844345,97.81042944589773
CALCE,CS2_37,227,90.41358130427489,0,97.844345,97.80985589130835
CALCE,CS2_37,228,90.50453836993556,0,97.84589,97.81079949179667
CALCE,CS2_37,229,90.48278256525636,0,97.844345,97.80951906606003
CALCE,CS2_37,230,90.47289112324836,0,97.85498,97.82049789441209
CALCE,CS2_37,231,90.48667032018194,0,97.85344,97.81878912654764
CALCE,CS2_37,232,90.49298380965092,0,97.84589,97.81104915795989
CALCE,CS2_37,233,90.50779798723278,0,97.84589,97.81092253582251
CALCE,CS2_37,234,90.52224155362946,0,97.844345,97.80913290492101
CALCE,CS2_37,235,90.56513914822936,0,97.844345,97.80872269450988
CALCE,CS2_37,236,90.52422577153322,0,97.844345,97.80894240883308
CALCE,CS2_37,237,90.51653280703692,0,97.84589,97.81081292116751
CALCE,CS2_37,238,90.51322988092706,0,97.844345,97.80923905064628
CALCE,CS2_37,239,90.51422984375242,0,97.844345,97.8090867576188
CALCE,CS2_37,240,89.41058725978574,0,97.1751,97.14237542695312
CALCE,CS2_37,241,89.59882791066318,0,97.43295,97.40003550382062
CALCE,CS2_37,242,89.46381187484201,0,97.84382,97.83652567635205
CALCE,CS2_37,243,89.17220254801855,0,97.14336,97.11050283108955
CALCE,CS2_37,244,89.02990486663056,0,97.175896,97.14388494283688
CALCE,CS2_37,245,89.88323166786144,0,97.46173,97.42601191197917
CALCE,CS2_37,246,90.02319123556424,0,97.46173,97.42551521271798
CALCE,CS2_37,247,89.22939352486166,0,97.16527,97.13278401668362
CALCE,CS2_37,248,88.94873754941516,0,97.12523,97.09199005432288
CALCE,CS2_37,249,89.18398620682997,0,97.17202,97.13885581630336
CALCE,CS2_37,250,89.09800987341407,0,97.16527,97.13177207527228
CALCE,CS2_37,251,88.60242835663401,0,97.12697,97.09525813868228
CALCE,CS2_37,252,89.46421071705505,0,97.45883,97.42484687577159
CALCE,CS2_37,253,89.63645060860449,0,97.84589,97.81342668452163
CALCE,CS2_37,254,89.04592353529085,0,97.15093,97.11813644050315
CALCE,CS2_37,255,88.49768091245835,0,97.1282,97.09656569066651
CALCE,CS2_37,256,88.67024596270006,0,97.15389,97.12084099285156
CALCE,CS2_37,257,88.41100126732312,0,97.14727,97.11592223389296
CALCE,CS2_37,258,88.4841200273529,0,97.1668,97.13467824007435
CALCE,CS2_37,259,88.7610506164151,0,97.42827,97.39634595794345
CALCE,CS2_37,260,89.13076832431447,0,97.4265,97.39312666268209
CALCE,CS2_37,261,89.26608730686473,0,97.43048,97.3962824276632
CALCE,CS2_37,262,88.27453925523942,0,97.20338,97.17221499570148
CALCE,CS2_37,263,88.23586637479859,0,97.12028,97.08825147007302
CALCE,CS2_37,264,88.42509313145969,0,97.170525,97.13872914807209
CALCE,CS2_37,265,88.24270639850754,0,97.14727,97.11531166107588
CALCE,CS2_37,266,88.20131479686313,0,97.14786,97.11602295456896
CALCE,CS2_37,267,89.02234935206187,0,97.42912,97.39468461269489
CALCE,CS2_37,268,89.14340431693807,0,97.43048,97.39599401749926
CALCE,CS2_37,269,88.29771095864493,0,97.13994,97.10780136531127
CALCE,CS2_37,270,88.01203165221354,0,97.14205,97.11047452788047
CALCE,CS2_37,271,87.92163697357114,0,97.12697,97.09608310895472
CALCE,CS2_37,272,88.06765491718521,0,97.15259,97.12030567043753
CALCE,CS2_37,273,88.81348446040809,0,76.93176,76.75349754593189
CALCE,CS2_37,274,88.15289182026298,0,96.67853,96.64541648559697
CALCE,CS2_37,275,88.98162966176393,0,97.43728,97.40544282102465
CALCE,CS2_37,276,89.15643530074149,0,97.43202,97.39958629004259
CALCE,CS2_37,277,88.89350930156704,0,97.17497,97.14259833803953
CALCE,CS2_37,278,88.78109944976495,0,96.38843,96.35176175154159
CALCE,CS2_37,279,87.96400062551896,0,97.1155,97.08457442192112
CALCE,CS2_37,280,87.77057190720603,0,97.18152,97.15102168242045
CALCE,CS2_37,281,74.17908175534662,0,96.54284,96.44526160182919
CALCE,CS2_37,282,88.2181127569286,0,96.67853,96.64465472232156
CALCE,CS2_37,283,88.11345035501603,0,97.07545,97.04315014509018
CALCE,CS2_37,284,76.81018264559202,0,96.35951,96.3280919017309
CALCE,CS2_37,285,88.80164059031137,0,97.420135,97.38752290825046
CALCE,CS2_37,286,89.0328323902759,0,97.43048,97.39689701246002
CALCE,CS2_37,287,88.89661847581931,0,97.17646,97.14242516750706
CALCE,CS2_37,288,87.82502925767548,0,97.07675,97.0455618267177
CALCE,CS2_37,289,87.84285894929278,0,97.20095,97.16982015661718
CALCE,CS2_37,290,87.66326771605159,0,97.19363,97.16386294054911
CALCE,CS2_37,291,87.58300805698308,0,97.08886,97.05758755321901
CALCE,CS2_37,292,88.44224565339292,0,96.15772,96.18775971912603
CALCE,CS2_37,293,88.25306961797554,0,97.17202,97.13806317175009
CALCE,CS2_37,294,88.35479972967825,0,97.17202,97.13770122027313
CALCE,CS2_37,295,76.42568937387819,0,96.35951,96.32861258199456
CALCE,CS2_37,296,87.01698564987763,0,97.08179,97.05178818778413
CALCE,CS2_37,297,87.07675786355267,0,97.186554,97.15672552437542
CALCE,CS2_37,298,87.12925372471334,0,97.187706,97.15714194571555
CALCE,CS2_37,299,86.95346200462212,0,97.214714,97.18558933830069
CALCE,CS2_37,300,88.3429055436371,0,95.86586,95.89162628537828
CALCE,CS2_37,301,87.79346471140427,0,97.17355,97.14073874510784
CALCE,CS2_37,302,87.87649926848506,0,97.17355,97.14062638267566
CALCE,CS2_37,303,87.90778621940005,0,97.418594,97.38717788968142
CALCE,CS2_37,304,87.94972447048846,0,97.418594,97.38683052778974
CALCE,CS2_37,305,88.02331663828946,0,97.422775,97.39036539545056
CALCE,CS2_37,306,88.03966650008694,0,97.422775,97.39022739813555
CALCE,CS2_37,307,88.90464652885429,0,96.20631,96.19047579204343
CALCE,CS2_37,308,88.10093765062686,0,97.4265,97.39380454609191
CALCE,CS2_37,309,88.11491725121972,0,97.4265,97.39328402691994
CALCE,CS2_37,310,88.07768941218158,0,97.4265,97.39386753285753
CALCE,CS2_37,311,88.06132228065592,0,97.88765,97.88644234869052
CALCE,CS2_37,312,88.16482362296993,0,97.43048,97.39737407024575
CALCE,CS2_37,313,88.09593629309379,0,97.43048,97.39731560993768
CALCE,CS2_37,314,88.13822530569504,0,97.43048,97.39731663780857
CALCE,CS2_37,315,88.16449243555846,0,97.43048,97.39701247751627
CALCE,CS2_37,316,88.19937613379666,0,97.43048,97.39730066634199
CALCE,CS2_37,317,78.11193600585628,0,97.14587,97.11661223841475
CALCE,CS2_37,318,86.89501760379851,0,97.18152,97.15171965791578
CALCE,CS2_37,319,86.674582846546,0,97.15721,97.12747809779407
CALCE,CS2_37,320,86.89039646605003,0,97.104065,97.07229334845114
CALCE,CS2_37,321,86.5647416224245,0,97.1451,97.11472714503506
CALCE,CS2_37,322,86.33234516289062,0,97.08179,97.05146901160876
CALCE,CS2_37,323,87.2652758058434,0,97.17355,97.14042864075145
CALCE,CS2_37,324,87.47277926254816,0,97.17728,97.14412307500906
CALCE,CS2_37,325,86.92967565873374,0,97.22548,97.19568400176023
CALCE,CS2_37,326,86.18503100888198,0,97.08179,97.05217749736498
CALCE,CS2_37,327,87.0693100202218,0,96.05812,96.03289586860438
CALCE,CS2_37,328,86.32127408895637,0,97.12126,97.09036108711442
CALCE,CS2_37,329,86.17408026504778,0,97.18152,97.15238857733016
CALCE,CS2_37,330,87.20385379549579,0,96.31941,96.28391384609995
CALCE,CS2_37,331,86.89252501507355,0,97.17728,97.14542994770892
CALCE,CS2_37,332,87.33624393003034,0,96.67772,96.64506099271853
CALCE,CS2_37,333,87.16611898932909,0,96.67853,96.64583722934678
CALCE,CS2_37,334,87.5718682251831,0,97.10348,97.07118899406147
CALCE,CS2_37,335,87.86878684436289,0,97.14714,97.11454169694335
CALCE,CS2_37,336,87.93560291372803,0,97.14714,97.11419156562827
CALCE,CS2_37,337,86.9002468478257,0,96.68356,96.65053156732134
CALCE,CS2_37,338,86.79473768563537,0,96.68356,96.65004172776882
CALCE,CS2_37,339,86.71476418115735,0,96.68356,96.65015576951451
CALCE,CS2_37,340,86.6178288636657,0,96.68356,96.64989106315966
CALCE,CS2_37,341,86.3534308557643,0,96.68356,96.65024557680819
CALCE,CS2_37,342,87.11901842848324,0,97.12598,97.09360320441141
CALCE,CS2_37,343,76.15322171411646,0,97.03602,97.0082143755324
CALCE,CS2_37,344,87.2870335828893,0,97.14714,97.11421473224681
CALCE,CS2_37,345,88.13491133937794,0,96.277534,96.23246872516312
CALCE,CS2_37,346,88.16117404906926,0,95.8418,95.84506243051999
CALCE,CS2_37,347,87.39798880425509,0,97.83539,97.82411436524785
CALCE,CS2_37,348,87.40884514794924,0,97.1668,97.13366366752183
CALCE,CS2_37,349,87.40992928323314,0,97.17355,97.14052260363152
CALCE,CS2_37,350,87.41102597499032,0,97.1668,97.13339015867189
CALCE,CS2_37,351,87.38858320575068,0,97.15389,97.1203843804635
CALCE,CS2_37,352,87.36725402591698,0,97.15389,97.12045018046331
CALCE,CS2_37,353,87.35073017590493,0,97.15389,97.12039100982533
CALCE,CS2_37,354,87.33766488613973,0,97.15389,97.12042541781328
CALCE,CS2_37,355,87.33265156641782,0,97.15389,97.12031343907529
CALCE,CS2_37,356,87.33672831872045,0,97.17355,97.1402206985545
CALCE,CS2_37,357,87.34785688630421,0,97.17355,97.14015087510573
CALCE,CS2_37,358,87.31924831627992,0,97.15389,97.12020996187694
CALCE,CS2_37,359,86.94917041447297,0,96.722466,96.68484112025834
CALCE,CS2_37,360,85.86492838688086,0,96.68085,96.648469522257
CALCE,CS2_37,361,85.80167938059559,0,96.67689,96.64394746440155
CALCE,CS2_37,362,86.53571630992218,0,95.6745,95.65761035782367
CALCE,CS2_37,363,85.5469592352965,0,96.67689,96.64427730358965
CALCE,CS2_37,364,85.684758102752,0,97.15014,97.11915620809181
CALCE,CS2_37,365,75.16689499974729,0,96.9985,96.97091050416147
CALCE,CS2_37,366,86.47875990836764,0,97.14714,97.11474852733721
CALCE,CS2_37,367,85.84912083419431,0,96.67853,96.64515023756977
CALCE,CS2_37,368,85.27320206503664,0,96.68263,96.65092860143149
CALCE,CS2_37,369,85.31686824713948,0,96.68356,96.65163781482876
CALCE,CS2_37,370,85.12368360654395,0,96.624855,96.59296458343246
CALCE,CS2_37,371,85.20593124138985,0,96.67689,96.64498023663295
CALCE,CS2_37,372,85.63180056523758,0,97.107285,97.07548746712153
CALCE,CS2_37,373,85.9059196177816,0,97.19012,97.15962135615602
CALCE,CS2_37,374,86.08342814182596,0,96.718185,96.68078753758371
CALCE,CS2_37,375,85.04069522544219,0,96.494545,96.46180334131806
CALCE,CS2_37,376,84.89743754776315,0,96.679886,96.64809565035547
CALCE,CS2_37,377,84.77791859919641,0,96.46176,96.42853667684479
CALCE,CS2_37,378,84.7013065988687,0,96.68179,96.6506893071017
CALCE,CS2_37,379,84.67862397091615,0,96.679535,96.64797399043756
CALCE,CS2_37,380,85.4950038999299,0,97.12062,97.08967745158569
CALCE,CS2_37,381,85.66192961181007,0,97.128334,97.09682872971761
CALCE,CS2_37,382,85.45234014518519,0,96.679535,96.64860011759657
CALCE,CS2_37,383,85.35155702844187,0,96.69513,96.66406023101462
CALCE,CS2_37,384,85.02173958292722,0,96.498344,96.46582109408868
CALCE,CS2_37,385,85.83647995836803,0,97.19515,97.16496410009766
CALCE,CS2_37,386,85.99539093243482,0,97.20582,97.1753601807116
CALCE,CS2_37,387,85.34051739222056,0,96.69287,96.66103106392862
CALCE,CS2_37,388,84.76438533599998,0,96.51891,96.48610738593094
CALCE,CS2_37,389,84.83089245376502,0,96.62676,96.59441563369131
CALCE,CS2_37,390,84.74138077192526,0,96.679535,96.64781453075513
CALCE,CS2_37,391,84.58062733288173,0,96.474396,96.44189492748869
CALCE,CS2_37,392,85.80955611784371,0,95.79787,95.77248375222527
CALCE,CS2_37,393,85.38407040105054,0,97.205986,97.17612640617448
CALCE,CS2_37,394,85.43875835103537,0,96.533455,96.48897349201184
CALCE,CS2_37,395,85.48770448846273,0,97.18545,97.15503049277501
CALCE,CS2_37,396,85.51794686513654,0,97.07739,97.0459364753111
CALCE,CS2_37,397,85.5720791157699,0,97.08404,97.05202111525413
CALCE,CS2_37,398,85.66849990896301,0,97.12028,97.088447201045
CALCE,CS2_37,399,85.74103166125354,0,97.12535,97.09322913863774
CALCE,CS2_37,400,85.78129574265839,0,97.12761,97.09560473008659
CALCE,CS2_37,401,85.79186109469681,0,97.12535,97.09332549600842
CALCE,CS2_37,402,85.81438490330807,0,97.12761,97.09558688797335
CALCE,CS2_37,403,85.83608529369289,0,97.12238,97.09014738975557
CALCE,CS2_37,404,85.83702257951387,0,97.12535,97.09307050289868
CALCE,CS2_37,405,85.85134279931769,0,97.1443,97.11237420544973
CALCE,CS2_37,406,85.87516527744826,0,97.14501,97.11279539889804
CALCE,CS2_37,407,85.9078000722773,0,97.142044,97.10957316665883
CALCE,CS2_37,408,85.87835241320046,0,97.13768,97.1050432194649
CALCE,CS2_37,409,85.88032540840842,0,97.1443,97.1119266461336
CALCE,CS2_37,410,84.62622028705937,0,96.679535,96.64777877060985
CALCE,CS2_37,411,84.34422172620583,0,96.477036,96.44419460012023
CALCE,CS2_37,412,84.21916450529592,0,96.528885,96.49623457802048
CALCE,CS2_37,413,84.13021326811165,0,96.5176,96.48491226541142
CALCE,CS2_37,414,83.91629336703002,0,96.50958,96.47718313971876
CALCE,CS2_37,415,84.7738725001056,0,97.14788,97.11678657720884
CALCE,CS2_37,416,85.0326147237556,0,97.15144,97.12035889641331
CALCE,CS2_37,417,84.96918803425683,0,97.142845,97.11254517933374
CALCE,CS2_37,418,83.88194480835062,0,96.49854,96.46557357950412
CALCE,CS2_37,419,84.01276697891288,0,96.51746,96.48404608978242
CALCE,CS2_37,420,83.96162060751365,0,96.46176,96.4281616630009
CALCE,CS2_37,421,83.83847522284277,0,96.47894,96.4463294063824
CALCE,CS2_37,422,83.58062269856654,0,96.50958,96.47775752981873
CALCE,CS2_37,423,84.60561674924078,0,97.14788,97.11753249632005
CALCE,CS2_37,424,84.80980844887216,0,97.17575,97.14449264664405
CALCE,CS2_37,425,84.07381425104418,0,95.98564,95.948546210064
CALCE,CS2_37,426,83.61571805095332,0,96.04148,96.00600600614285
CALCE,CS2_37,427,83.63096705126685,0,96.07237,96.03713409488797
CALCE,CS2_37,428,83.78347777770331,0,96.14465,96.10905540500097
CALCE,CS2_37,429,84.50457746242293,0,94.89585,94.85396719046351
CALCE,CS2_37,430,84.10123427190398,0,97.07953,97.04874432386868
CALCE,CS2_37,431,84.5439599604849,0,97.1803,97.15012810229967
CALCE,CS2_37,432,84.25256720913121,0,96.46796,96.43659099459576
CALCE,CS2_37,433,84.14383723148939,0,96.50964,96.47711376932159
CALCE,CS2_37,434,84.11521884419993,0,96.5014,96.4686212763419
CALCE,CS2_37,435,83.74653456732196,0,97.33776,97.27680785687365
CALCE,CS2_37,436,83.58640364715495,0,96.5177,96.48580040432778
CALCE,CS2_37,437,83.60924963225791,0,96.4961,96.46379824393455
CALCE,CS2_37,438,83.63474050031209,0,96.55304,96.52130336544856
CALCE,CS2_37,439,83.55269872911094,0,96.50958,96.47722304348316
CALCE,CS2_37,440,83.34736033743373,0,96.04326,96.00743324872789
CALCE,CS2_37,441,83.93034396971298,0,96.67654,96.64326257386098
CALCE,CS2_37,442,84.2061403065363,0,96.67918,96.64537064081928
CALCE,CS2_37,443,84.3105629653825,0,96.68585,96.65218232663622
CALCE,CS2_37,444,84.37070524187045,0,96.68585,96.65207119472153
CALCE,CS2_37,445,84.39373142194849,0,97.084076,97.0532440268509
CALCE,CS2_37,446,84.40678639760016,0,96.65105,96.6015495839468
CALCE,CS2_37,447,84.44726710770603,0,97.07904,97.04809447120701
CALCE,CS2_37,448,83.66894846604211,0,76.32882,76.1308973667335
CALCE,CS2_37,449,83.63267769790795,0,96.06314,96.02793871423906
CALCE,CS2_37,450,84.2704714723013,0,96.1391,96.100697739405
CALCE,CS2_37,451,84.46013972991437,0,96.257126,96.21918214217867
CALCE,CS2_37,452,84.21503903855022,0,96.11526,96.07749432313423
CALCE,CS2_37,453,83.67504943556975,0,96.04822,96.01146503541926
CALCE,CS2_37,454,83.8399495250399,0,96.11768,96.08056914862517
CALCE,CS2_37,455,84.03443529135303,0,96.125465,96.08725486324563
CALCE,CS2_37,456,84.20456074593386,0,96.13471,96.09685917416151
CALCE,CS2_37,457,84.2394326886961,0,96.11588,96.07797210003677
CALCE,CS2_37,458,84.69385986888051,0,97.079865,97.04657679198277
CALCE,CS2_37,459,84.7569167735004,0,97.079865,97.04631899431507
CALCE,CS2_37,460,84.18422606809541,0,96.12043,96.08238929081539
CALCE,CS2_37,461,83.86925871626913,0,96.12124,96.08383841707092
CALCE,CS2_37,462,83.98921564549393,0,96.141655,96.10278856840947
CALCE,CS2_37,463,84.79747643115869,0,94.78752,94.75168860148118
CALCE,CS2_37,464,83.8876928718418,0,96.12124,96.08365422361298
CALCE,CS2_37,465,84.27414793686052,0,95.99818,95.95790930507377
CALCE,CS2_37,466,84.45220202437696,0,96.289856,96.25163215780046
CALCE,CS2_37,467,84.49904994217466,0,96.29232,96.25426395496474
CALCE,CS2_37,468,83.63415644020857,0,96.11494,96.07868664518125
CALCE,CS2_37,469,83.58849008012865,0,96.12737,96.09046197602719
CALCE,CS2_37,470,83.58964423134796,0,96.13834,96.1013432711854
CALCE,CS2_37,471,83.55419131804416,0,96.14465,96.10758758964728
CALCE,CS2_37,472,83.35825626529062,0,96.052765,96.015181183873
CALCE,CS2_37,473,83.98648108019147,0,96.28977,96.2512051459047
CALCE,CS2_37,474,84.1341002710047,0,96.28977,96.251191044744
CALCE,CS2_37,475,83.90120236568457,0,96.143295,96.10514196890674
CALCE,CS2_37,476,83.26447628924622,0,96.03957,96.00181954651302
CALCE,CS2_37,477,84.17171468767818,0,95.067024,95.02319022803628
CALCE,CS2_37,478,83.30600181610471,0,96.00474,95.9664190089129
CALCE,CS2_37,479,84.35115164840413,0,94.3324,94.33666070874668
CALCE,CS2_37,480,83.3538247570897,0,96.125,96.08721593234948
CALCE,CS2_37,481,83.95254291518773,0,96.259415,96.22033786601543
CALCE,CS2_37,482,84.03449219072097,0,96.25799,96.2187158486761
CALCE,CS2_37,483,84.05732591418025,0,96.256714,96.21742134183782
CALCE,CS2_37,484,84.09610221781509,0,96.25799,96.21890612032475
CALCE,CS2_37,485,84.111512620427,0,96.25799,96.21867672324623
CALCE,CS2_37,486,84.16417419831683,0,96.255905,96.21657554741586
CALCE,CS2_37,487,84.24238681045617,0,96.255905,96.21660160589096
CALCE,CS2_37,488,84.29036590265898,0,96.29232,96.25309924192234
CALCE,CS2_37,489,84.28630919765908,0,96.291046,96.25192303115503
CALCE,CS2_37,490,84.28566469783267,0,96.25463,96.21500596156237
CALCE,CS2_37,491,84.27646461761698,0,96.255905,96.21629327427586
CALCE,CS2_37,492,84.25312152959317,0,96.255905,96.21623476067735
CALCE,CS2_37,493,84.23323968905571,0,96.255905,96.21617730160983
CALCE,CS2_37,494,84.26372422118499,0,96.255905,96.21614852217616
CALCE,CS2_37,495,84.25874727176756,0,96.255905,96.21619584173034
CALCE,CS2_37,496,84.23046925622614,0,96.255905,96.21628340319272
CALCE,CS2_37,497,84.20334181486884,0,96.255905,96.21616636597064
CALCE,CS2_37,498,83.736316980212,0,96.02793,95.99204036225454
CALCE,CS2_37,499,83.59732377739742,0,96.06734,96.03054012865898
CALCE,CS2_37,500,83.97635975091548,0,96.16329,96.12371355034932
CALCE,CS2_37,501,84.19788284870616,0,96.143295,96.10317021432691
CALCE,CS2_37,502,84.19554053915597,0,96.143295,96.1030609287096
CALCE,CS2_37,503,83.25864689411253,0,96.059204,96.02100789745246
CALCE,CS2_37,504,83.14408159476486,0,96.0355,95.99677797307574
CALCE,CS2_37,505,83.34416651807439,0,96.080246,96.04114441904161
CALCE,CS2_37,506,83.26406657396042,0,96.132324,96.09386915018177
CALCE,CS2_37,507,83.81212817159178,0,94.81312,94.77041900255819
CALCE,CS2_37,508,83.65557260205195,0,96.143295,96.10370832011763
CALCE,CS2_37,509,83.74813325399843,0,96.16329,96.12372636622113
CALCE,CS2_37,510,83.6725665748615,0,96.143295,96.10384259341373
CALCE,CS2_37,511,82.79666761527982,0,96.05877,96.02105468908243
CALCE,CS2_37,512,82.8087858179601,0,96.06004,96.02184130233483
CALCE,CS2_37,513,71.7512160496116,0,95.92115,95.88623698903103
CALCE,CS2_37,514,82.89767730346307,0,95.99046,95.95054500469355
CALCE,CS2_37,515,82.66811759659967,0,96.01337,95.97407176795669
CALCE,CS2_37,516,83.29345169615522,0,96.12611,96.08550362290961
CALCE,CS2_37,517,83.4164404361482,0,96.1334,96.09283216620518
CALCE,CS2_37,518,83.32581916808319,0,96.14202,96.1019963693483
CALCE,CS2_37,519,82.42563745850141,0,96.021706,95.98211124435821
CALCE,CS2_37,520,71.05988629402832,0,96.03241,95.99754877678784
CALCE,CS2_37,521,82.28510600102993,0,96.01599,95.97706710826073
CALCE,CS2_37,522,82.38087045576282,0,96.02881,95.98933641373264
CALCE,CS2_37,523,82.17580962695043,0,96.01599,95.97747474814079
CALCE,CS2_37,524,82.84936747783306,0,96.12611,96.08630814805146
CALCE,CS2_37,525,83.0203379476175,0,96.13278,96.09279058852768
CALCE,CS2_37,526,82.95230116655577,0,96.12611,96.08666214706811
CALCE,CS2_37,527,81.93419702030185,0,96.00383,95.96536043538325
CALCE,CS2_37,528,82.76800380837338,0,94.41338,94.3397971466828
CALCE,CS2_37,529,82.02016019754815,0,96.01599,95.97733267095941
CALCE,CS2_37,530,82.84315157489888,0,94.48621,94.50691321585983
CALCE,CS2_37,531,81.79536015994758,0,95.99157,95.95216267013994
CALCE,CS2_37,532,82.53116514134987,0,96.11,96.0694849352966
CALCE,CS2_37,533,82.67389360987738,0,96.10894,96.06863087221613
CALCE,CS2_37,534,82.69325353383287,0,96.130066,96.08982417542214
CALCE,CS2_37,535,82.71699022738706,0,96.10894,96.06849006238212
CALCE,CS2_37,536,82.75132362263096,0,96.110725,96.0702232428303
CALCE,CS2_37,537,82.7883075193674,0,96.12717,96.08676085382787
CALCE,CS2_37,538,82.82462361795278,0,96.12611,96.08587098507041
CALCE,CS2_37,539,82.8086633800713,0,96.12611,96.08582392827692
CALCE,CS2_37,540,82.81979050591455,0,96.12717,96.08680734213783
CALCE,CS2_37,541,82.76192479458531,0,96.14435,96.10377555199189
CALCE,CS2_37,542,82.73729370685355,0,96.10894,96.06812231253521
CALCE,CS2_37,543,82.72182017657578,0,96.130066,96.08957906404568
CALCE,CS2_37,544,82.69544611870558,0,96.10894,96.06793812777371
CALCE,CS2_37,545,82.67443071951307,0,96.10894,96.06789920386814
CALCE,CS2_37,546,82.67891956702888,0,96.10894,96.06761182284941
CALCE,CS2_37,547,82.6761080639669,0,96.10894,96.06772678483748
CALCE,CS2_37,548,82.2468252643222,0,96.0073,95.9701427314056
CALCE,CS2_37,549,81.98906303958127,0,96.05024,96.01267466206616
CALCE,CS2_37,550,82.53284434529779,0,95.98785,95.94646654083267
CALCE,CS2_37,551,82.75730780407058,0,95.97825,95.9366671247465
CALCE,CS2_37,552,82.78835142140214,0,96.08035,96.03937398910723
CALCE,CS2_37,553,81.64847595504511,0,96.05085,96.01156785335257
CALCE,CS2_37,554,81.51446841619853,0,96.04019,96.00045094869618
CALCE,CS2_37,555,81.44187673930956,0,96.06282,96.02390828360929
CALCE,CS2_37,556,81.4262257851753,0,96.04545,96.00645306989617
CALCE,CS2_37,557,81.28387230069292,0,96.06282,96.02424380738195
CALCE,CS2_37,558,82.7949845574372,0,94.64271,94.59386962849918
CALCE,CS2_37,559,82.18848689032836,0,95.97659,95.9351467635971
CALCE,CS2_37,560,82.23794353250693,0,96.07324,96.03212858512175
CALCE,CS2_37,561,70.07009875459575,0,95.830505,95.79418562211748
CALCE,CS2_37,562,81.13178517434523,0,96.0388,95.99972854011202
CALCE,CS2_37,563,81.09135784396267,0,96.058846,96.01976741006426
CALCE,CS2_37,564,81.02468999783838,0,96.04356,96.0039410622568
CALCE,CS2_37,565,80.86322031851277,0,96.06388,96.02504008123276
CALCE,CS2_37,566,81.54050051372683,0,96.03643,95.99511776972966
CALCE,CS2_37,567,81.73939753564959,0,96.03384,95.99224817497024
CALCE,CS2_37,568,81.81977353717113,0,96.03749,95.99584951271977
CALCE,CS2_37,569,80.64667552005119,0,96.05426,96.01572911813034
CALCE,CS2_37,570,80.50361666071531,0,96.06388,96.02546721764057
CALCE,CS2_37,571,80.67323734228309,0,96.058846,96.01949542190651
CALCE,CS2_37,572,80.77754421455623,0,93.147964,93.16680972541265
CALCE,CS2_37,573,79.21896577392606,0,96.08897,96.04983055376994
CALCE,CS2_37,574,80.4391564041467,0,96.03239,95.99308740217745
CALCE,CS2_37,575,80.83048987426807,0,96.03173,95.99101425416809
CALCE,CS2_37,576,80.9818282907683,0,96.03039,95.98923801789664
CALCE,CS2_37,577,79.0388558839436,0,96.09106,96.05254078701383
CALCE,CS2_37,578,78.85809406927706,0,96.08897,96.05104818094611
CALCE,CS2_37,579,78.63836118514733,0,96.23014,96.19247304496426
CALCE,CS2_37,580,65.86613483561105,0,93.68818,93.6326684633
CALCE,CS2_37,581,78.8870892151098,0,91.07509,91.01660171706564
CALCE,CS2_37,582,79.40753307736522,0,96.084305,96.04478421230195
CALCE,CS2_37,583,79.95580042578848,0,96.04133,96.00124195596547
CALCE,CS2_37,584,80.15299908723705,0,96.030174,95.98971032344888
CALCE,CS2_37,585,80.27745681590574,0,95.994156,95.9534009538711
CALCE,CS2_37,586,80.35320422330366,0,96.01768,95.97736774462324
CALCE,CS2_37,587,80.38900770760996,0,96.03173,95.99171443988233
CALCE,CS2_37,588,80.53277979398969,0,96.23058,96.16638332270655
CALCE,CS2_37,589,80.56987901603819,0,96.01257,95.97185515219581
CALCE,CS2_37,590,80.60152810864366,0,96.02361,95.98276498524204
CALCE,CS2_37,591,81.21621605012515,0,93.275215,93.2265868331349
CALCE,CS2_37,592,80.34864799695973,0,96.02735,95.9868083134304
CALCE,CS2_37,593,80.31863794324141,0,95.994156,95.95315357474497
CALCE,CS2_37,594,81.09111715525836,0,93.18562,93.14311366935083
CALCE,CS2_37,595,80.24789082979792,0,95.994156,95.95272199330388
CALCE,CS2_37,596,80.26298913752315,0,95.994156,95.95277400438601
CALCE,CS2_37,597,80.25815400198367,0,96.030174,95.98891593395227
CALCE,CS2_37,598,78.7953093949583,0,96.13814,96.10243888453529
CALCE,CS2_37,599,78.32063898595402,0,96.227516,96.18985036650534
CALCE,CS2_37,600,79.35803667205188,0,96.070335,96.03087573553297
CALCE,CS2_37,601,79.75355695042984,0,96.051735,96.01241461823412
CALCE,CS2_37,602,79.89509456858855,0,96.04133,96.0012069402619
CALCE,CS2_37,603,78.07571584445915,0,96.20326,96.1654649630643
CALCE,CS2_37,604,77.70340711016784,0,96.18133,96.14174231636036
CALCE,CS2_37,605,77.62758853820976,0,96.15628,96.11700159366093
CALCE,CS2_37,606,77.45376071008894,0,96.13059,96.0907782254999
CALCE,CS2_37,607,77.09555041640735,0,96.003555,95.96343736698726
CALCE,CS2_37,608,78.13704799020466,0,96.05513,96.01579521141583
CALCE,CS2_37,609,78.68137794085158,0,96.06323,96.02366083480551
CALCE,CS2_37,610,78.83467195918405,0,96.08601,96.04710852909196
CALCE,CS2_37,611,77.09288527705512,0,95.91439,95.87391050501489
CALCE,CS2_37,612,76.6904749906626,0,95.91777,95.8760567181136
CALCE,CS2_37,613,76.6357638647156,0,95.87736,95.83601900846467
CALCE,CS2_37,614,78.17716146152685,0,76.48114,76.298249213064
CALCE,CS2_37,615,77.45233350385696,0,96.153336,96.11659986104117
CALCE,CS2_37,616,77.22405401019856,0,96.02446,95.98745612384799
CALCE,CS2_37,617,76.96813670296714,0,96.142456,96.10505707514886
CALCE,CS2_37,618,78.19687997270744,0,96.08143,96.04347387637905
CALCE,CS2_37,619,78.45142405277653,0,96.08143,96.04268046404813
CALCE,CS2_37,620,77.73153214962612,0,95.84367,95.80453965286233
CALCE,CS2_37,621,76.69771376782172,0,95.94205,95.90207469090006
CALCE,CS2_37,622,76.69977510055872,0,95.91723,95.87683447976742
CALCE,CS2_37,623,76.38391378852754,0,95.86107,95.79726083565983
CALCE,CS2_37,624,76.95093966093148,0,88.80524,88.72645012032426
CALCE,CS2_37,625,75.90109753177396,0,95.84201,95.79947449026857
CALCE,CS2_37,626,77.15254449600553,0,95.748245,95.70719779452705
CALCE,CS2_37,627,77.44066640498241,0,95.73717,95.69549321450734
CALCE,CS2_37,628,76.94576833867298,0,95.83767,95.79689323511865
CALCE,CS2_37,629,75.79476984289502,0,96.01571,95.9745760149561
CALCE,CS2_37,630,75.72161704151362,0,95.987686,95.94688797498246
CALCE,CS2_37,631,75.30102505400414,0,96.188156,96.14754493470494
CALCE,CS2_37,632,75.17850319568412,0,96.00624,95.96386832044067
CALCE,CS2_37,633,74.9743546424036,0,95.97706,95.93499245596057
CALCE,CS2_37,634,76.13804888386058,0,95.84168,95.79972671787702
CALCE,CS2_37,635,76.46567783085683,0,95.88422,95.84345692417466
CALCE,CS2_37,636,76.26354902733402,0,95.849014,95.80863152833015
CALCE,CS2_37,637,74.93771037706978,0,95.95789,95.88879919269678
CALCE,CS2_37,638,75.11972323281181,0,95.73293,95.68922742488432
CALCE,CS2_37,639,75.16848032224527,0,95.80939,95.76660683065475
CALCE,CS2_37,640,75.08362569395824,0,95.835526,95.79300434378088
CALCE,CS2_37,641,74.89046602637295,0,95.95446,95.91291999715429
CALCE,CS2_37,642,75.85979069510266,0,95.75761,95.71529160298554
CALCE,CS2_37,643,76.10253278420156,0,95.81327,95.77149275718581
CALCE,CS2_37,644,76.21177240449063,0,95.81327,95.77132343843887
CALCE,CS2_37,645,74.89636098847042,0,95.78378,95.74135664654344
CALCE,CS2_37,646,74.87329406989181,0,95.83385,95.79179950752012
CALCE,CS2_37,647,74.81315323113536,0,95.82811,95.78624151994985
CALCE,CS2_37,648,74.70519908745871,0,95.78253,95.7401603182483
CALCE,CS2_37,649,74.43439895471104,0,95.69728,95.65303713735246
CALCE,CS2_37,650,75.28393377455778,0,95.6516,95.60787331483698
CALCE,CS2_37,651,75.55008418905472,0,95.639435,95.59677762649538
CALCE,CS2_37,652,75.63766393641845,0,95.639435,95.59672128933632
CALCE,CS2_37,653,75.68376961053293,0,96.304146,96.22591375481288
CALCE,CS2_37,654,75.66720486180475,0,95.639435,95.59692193545742
CALCE,CS2_37,655,75.6370949672648,0,95.639435,95.59663449005386
CALCE,CS2_37,656,75.6359300914333,0,95.639435,95.59685298131029
CALCE,CS2_37,657,75.68392722693575,0,95.639435,95.59651878785725
CALCE,CS2_37,658,75.7522230099776,0,95.64043,95.59754811484052
CALCE,CS2_37,659,75.72841472857465,0,96.4094,96.3327645863798
CALCE,CS2_37,660,75.71138757473204,0,95.64043,95.5974621381504
CALCE,CS2_37,661,75.65145325047162,0,95.64196,95.59928503284452
CALCE,CS2_37,662,75.60249904208914,0,95.64196,95.59930835666792
CALCE,CS2_37,663,75.54265297123456,0,95.61301,95.57031479593947
CALCE,CS2_37,664,75.48747690751509,0,94.27502,94.2247120261069
CALCE,CS2_37,665,74.93315357974069,0,95.83463,95.79428342773001
CALCE,CS2_37,666,74.8126680517817,0,95.83571,95.79419542882509
CALCE,CS2_37,667,75.48633195501458,0,95.643814,95.60195756262665
CALCE,CS2_37,668,75.53678435229477,0,95.64603,95.60419294929171
CALCE,CS2_37,669,74.57803714504678,0,95.406044,95.36077653769509
CALCE,CS2_37,670,73.88584303589796,0,95.44073,95.39500149746411
CALCE,CS2_37,671,73.85459758996282,0,95.15352,95.10578258146221
CALCE,CS2_37,672,73.6460455582663,0,94.869514,94.81930029839577
CALCE,CS2_37,673,73.43829272016163,0,94.880905,94.830259446241
CALCE,CS2_37,674,73.31083916525536,0,94.85225,94.80151757247923
CALCE,CS2_37,675,74.2817365580114,0,95.2866,95.24035695293023
CALCE,CS2_37,676,74.43637875475464,0,95.25001,95.2034473937748
CALCE,CS2_37,677,62.74048639792096,0,89.170845,89.08305475310496
CALCE,CS2_37,678,73.08606322588147,0,94.80691,94.72799087858753
CALCE,CS2_37,679,72.78807750959474,0,94.74588,94.69282332668743
CALCE,CS2_37,680,72.97895540800502,0,94.74562,94.6939791435937
CALCE,CS2_37,681,72.74549364653136,0,94.74291,94.6905094611865
CALCE,CS2_37,682,73.44124146638167,0,83.25041,83.12624220818795
CALCE,CS2_37,683,73.01061489442624,0,94.78196,94.7303329610674
CALCE,CS2_37,684,74.40510720286363,0,84.478905,84.37124155888853
CALCE,CS2_37,685,73.69034274219231,0,94.94102,94.89193284183001
CALCE,CS2_37,686,72.59448064996961,0,94.38251,94.32795119532953
CALCE,CS2_37,687,72.00492789190687,0,94.29373,94.23690551700635
CALCE,CS2_37,688,72.03628438880673,0,94.47394,94.38105176889468
CALCE,CS2_37,689,72.07178556318226,0,94.386665,94.33129830837561
CALCE,CS2_37,690,71.89946218331657,0,94.34912,94.29338616658363
CALCE,CS2_37,691,71.55310483223315,0,94.26173,94.2050677887245
CALCE,CS2_37,692,72.72048033410302,0,94.880875,94.83092877930657
CALCE,CS2_37,693,72.91727757202182,0,94.88327,94.83396587907588
CALCE,CS2_37,694,72.98360875197302,0,94.65833,94.60898930847888
CALCE,CS2_37,695,71.52456545384648,0,94.113785,94.05696436272476
CALCE,CS2_37,696,71.65484668159905,0,94.33988,94.28484311481384
CALCE,CS2_37,697,71.51270376546049,0,93.96029,93.9027134724109
CALCE,CS2_37,698,71.56791058736309,0,93.96018,93.90306518380088
CALCE,CS2_37,699,71.19551408407607,0,93.71542,93.65474106725307
CALCE,CS2_37,700,71.96763085736153,0,94.508354,94.45555199670972
CALCE,CS2_37,701,60.310432699631434,0,85.825714,85.7116353058487
CALCE,CS2_37,702,72.26924866551138,0,94.39776,94.3460351399135
CALCE,CS2_37,703,72.38036552463821,0,94.26197,94.20966246429242
CALCE,CS2_37,704,72.41465334140011,0,94.26462,94.21251142758372
CALCE,CS2_37,705,72.4534833434765,0,94.24473,94.19244307461777
CALCE,CS2_37,706,72.48380932406818,0,94.24473,94.19239845162225
CALCE,CS2_37,707,72.53368759461604,0,94.2414,94.1889988003805
CALCE,CS2_37,708,72.56395569017896,0,94.16069,94.1079595180562
CALCE,CS2_37,709,72.58515796999713,0,94.16069,94.1079724458818
CALCE,CS2_37,710,72.58793366881633,0,94.16069,94.10844242831247
CALCE,CS2_37,711,72.60426283519705,0,94.14191,94.08956557515259
CALCE,CS2_37,712,72.61026147634479,0,94.163,94.1110647446064
CALCE,CS2_37,713,72.65597154417316,0,94.166,94.11424127958145
CALCE,CS2_37,714,73.01975798615862,0,82.3357,82.29048815371536
CALCE,CS2_37,715,71.26444325375432,0,93.833244,93.77517776745903
CALCE,CS2_37,716,70.87043252939881,0,93.5274,93.46623417281528
CALCE,CS2_37,717,71.69937836506905,0,94.436646,94.38565654661602
CALCE,CS2_37,718,71.85010493626946,0,94.4204,94.36958727388804
CALCE,CS2_37,719,71.157869130722,0,93.41899,93.3596083895156
CALCE,CS2_37,720,70.15010924305369,0,93.18754,93.08781694456681
CALCE,CS2_37,721,70.18124287099516,0,92.82812,92.72052068194408
CALCE,CS2_37,722,70.0085323631494,0,93.06334,93.00014031776223
CALCE,CS2_37,723,69.99186058372256,0,93.038605,92.97544785723896
CALCE,CS2_37,724,69.85806787476585,0,92.875084,92.81090099307823
CALCE,CS2_37,725,70.49628870521828,0,93.247925,93.18768529168534
CALCE,CS2_37,726,70.66451668940478,0,93.188416,93.0918730694852
CALCE,CS2_37,727,70.68228343564658,0,93.10308,93.0434398456743
CALCE,CS2_37,728,69.52137034804402,0,92.642815,92.5416022465891
CALCE,CS2_37,729,69.2731153210597,0,92.50319,92.39976642458772
CALCE,CS2_37,730,69.27429216239513,0,91.6997,91.6265549158926
CALCE,CS2_37,731,69.28378896632137,0,92.146164,92.07655046130259
CALCE,CS2_37,732,69.19879943072415,0,92.14199,92.07260234670211
CALCE,CS2_37,733,69.03027664537336,0,91.86608,91.79451644731621
CALCE,CS2_37,734,69.89692257592401,0,92.01914,91.95122141571511
CALCE,CS2_37,735,69.90172515879092,0,92.66118,92.57011399839082
CALCE,CS2_37,736,69.858925893909,0,92.61025,92.54739430308273
CALCE,CS2_37,737,68.4737891481718,0,91.36832,91.29162619747072
CALCE,CS2_37,738,68.31899957599204,0,90.47003,90.38666029877056
CALCE,CS2_37,739,68.37999642439013,0,90.35509,90.2717250447404
CALCE,CS2_37,740,68.16023837103322,0,90.35746,90.27381404632656
CALCE,CS2_37,741,67.98628199823756,0,90.502495,90.41852435330031
CALCE,CS2_37,742,68.51583829281186,0,90.3533,90.26993255107031
CALCE,CS2_37,743,69.19148506062595,0,91.75897,91.68940301236292
CALCE,CS2_37,744,69.33091871230224,0,91.729546,91.65960177727612
CALCE,CS2_37,745,68.68108745434952,0,90.87162,90.79391813278622
CALCE,CS2_37,746,68.24860216729044,0,90.53971,90.45857852803113
CALCE,CS2_37,747,68.07946277551574,0,89.47981,89.39070794130745
CALCE,CS2_37,748,68.39693136378393,0,89.8045,89.71878463012044
CALCE,CS2_37,749,68.33385323311528,0,90.54667,90.46652397742363
CALCE,CS2_37,750,68.18103172236106,0,90.10983,90.02635986413078
CALCE,CS2_37,751,68.94184713840002,0,90.48816,90.4092534032574
CALCE,CS2_37,752,69.94267659462598,0,80.30913,80.22754331357024
CALCE,CS2_37,753,69.16361777283414,0,91.13795,91.06504988772896
CALCE,CS2_37,754,69.21029370932055,0,91.13795,91.06503278389201
CALCE,CS2_37,755,69.22788806434758,0,91.13795,91.06503238625396
CALCE,CS2_37,756,57.905562325631955,0,82.27393,82.13799180171472
CALCE,CS2_37,757,69.14212598335861,0,91.07907,91.00634269325366
CALCE,CS2_37,758,69.21264325208054,0,91.58591,91.4672832745986
CALCE,CS2_37,759,69.23309148943619,0,91.07907,91.0060727170269
CALCE,CS2_37,760,69.2418993855281,0,91.07907,91.00606038414656
CALCE,CS2_37,761,69.19257995525243,0,90.940895,90.86706363095466
CALCE,CS2_37,762,69.19119062900336,0,91.07907,91.00601929292401
CALCE,CS2_37,763,69.99119882367431,0,80.39186,80.26366844974245
CALCE,CS2_37,764,70.18741591299568,0,90.30612,90.22669006879946
CALCE,CS2_37,765,69.38005708298999,0,91.795044,91.72550605888017
CALCE,CS2_37,766,69.57257101861407,0,79.37,79.21273432986693
CALCE,CS2_37,767,69.52203762105069,0,91.658615,91.58892934192801
CALCE,CS2_37,768,69.44563434245146,0,91.6376,91.56789066402374
CALCE,CS2_37,769,69.3523923317206,0,91.19371,91.1209081728335
CALCE,CS2_37,770,68.27752514805857,0,90.111176,90.0285176452948
CALCE,CS2_37,771,67.64271874479036,0,89.35562,89.26530812379566
CALCE,CS2_37,772,67.4604867332538,0,88.40541,88.30832933884905
CALCE,CS2_37,773,67.43363584169798,0,87.830536,87.72960852934723
CALCE,CS2_37,774,67.15962381177143,0,88.037704,87.93705317793139
CALCE,CS2_37,775,66.99105213064954,0,87.808075,87.705029806614
CALCE,CS2_37,776,68.30697522828169,0,88.958885,88.8691108924772
CALCE,CS2_37,777,69.19542496029015,0,79.41692,79.26366176448255
CALCE,CS2_37,778,68.42756063183596,0,89.90465,89.82211215081131
CALCE,CS2_37,779,67.08571049451965,0,87.73943,87.63715911004492
CALCE,CS2_37,780,66.66818051786656,0,87.070984,86.96289931199311
CALCE,CS2_37,781,66.64465153365526,0,86.83622,86.7269251567498
CALCE,CS2_37,782,66.45528049377837,0,86.91662,86.80757971519998
CALCE,CS2_37,783,66.28031823506898,0,87.28241,87.17467036256369
CALCE,CS2_37,784,66.33285584134627,0,87.089096,86.98047239161494
CALCE,CS2_37,785,67.52110755276539,0,87.781166,87.68180882270295
CALCE,CS2_37,786,56.65090174085836,0,81.3448,81.20153989300768
CALCE,CS2_37,787,67.57935808815088,0,88.331604,88.23715656607473
CALCE,CS2_37,788,66.53322273074406,0,87.013336,86.9061107079271
CALCE,CS2_37,789,65.96938492799217,0,85.73002,85.55717966829071
CALCE,CS2_37,790,66.51413548586116,0,77.133736,76.95898100379702
CALCE,CS2_37,791,70.39665324606594,0,74.304474,74.10786172628683
CALCE,CS2_37,792,69.60645770383445,0,91.24505,91.1718751855509
CALCE,CS2_37,793,66.03843121524518,0,86.9424,86.8300331585445
CALCE,CS2_37,794,64.64477714985544,0,84.37589,84.24069992539182
CALCE,CS2_37,795,66.28984536477337,0,86.97825,86.86795652005276
CALCE,CS2_37,796,66.44731798267692,0,86.96439,86.85534891630722
CALCE,CS2_37,797,66.42075771153549,0,86.95767,86.84888763833976
CALCE,CS2_37,798,63.77054514087914,0,83.31909,83.17605400080328
CALCE,CS2_37,799,62.77760742765766,0,81.618034,81.45632752951582
CALCE,CS2_37,800,62.07779489934604,0,80.44714,80.27468634435441
CALCE,CS2_37,801,61.391918144069976,0,80.64226,80.4702307835394
CALCE,CS2_37,802,61.23838935038035,0,80.41112,80.23741660599909
CALCE,CS2_37,803,60.626782089309586,0,79.66326,79.48363719377197
CALCE,CS2_37,804,62.32233851864491,0,81.653404,81.49291132923285
CALCE,CS2_37,805,62.69715853640195,0,81.72954,81.57447166304996
CALCE,CS2_37,806,63.106808946252755,0,82.6099,82.46333121452975
CALCE,CS2_37,807,60.81973883009313,0,79.50711,79.32856760175453
CALCE,CS2_37,808,60.52210640121884,0,73.83371,73.64882236989865
CALCE,CS2_37,809,59.86859521970494,0,78.46433,78.27639167226849
CALCE,CS2_37,810,59.958418180413965,0,73.86147,73.67717174518339
CALCE,CS2_37,811,59.29877816012266,0,78.49409,78.30653722130195
CALCE,CS2_37,812,58.594788035898794,0,78.69033,78.50494396342143
CALCE,CS2_37,813,59.42184967740537,0,78.466484,78.27794418369494
CALCE,CS2_37,814,60.779486216306786,0,79.498405,79.32069520144223
CALCE,CS2_37,815,49.14220229530394,0,75.159805,74.9558711741731
CALCE,CS2_37,816,61.107174790031515,0,79.61926,79.44585477184442
CALCE,CS2_37,817,58.414305915812136,0,76.90883,76.7115187874671
CALCE,CS2_37,818,57.6482785101201,0,77.072716,76.87691914914024
CALCE,CS2_37,819,57.645896215427015,0,76.86177,76.66483903855502
CALCE,CS2_37,820,57.36983345687143,0,77.07959,76.88340902672684
CALCE,CS2_37,821,57.28905845964062,0,77.03782,76.84083361064903
CALCE,CS2_37,822,56.622797504826536,0,77.04656,76.85133605098429
CALCE,CS2_37,823,56.21762992753997,0,75.1525,74.94400616419904
CALCE,CS2_37,824,55.929940764287686,0,75.15013,74.94238307085489
CALCE,CS2_37,825,55.64350219526656,0,75.1525,74.94544105176942
CALCE,CS2_37,826,55.450923511147685,0,75.15013,74.94311231388667
CALCE,CS2_37,827,55.14991195741757,0,75.15013,74.94505486513701
CALCE,CS2_37,828,55.02137295428638,0,74.481766,74.27088578066744
CALCE,CS2_37,829,55.50337135572549,0,74.45959,74.2462550962334
CALCE,CS2_37,830,56.17883550223698,0,74.88648,74.67520546978598
CALCE,CS2_37,831,56.55740253869755,0,76.850525,76.65317104238885
CALCE,CS2_37,832,56.2865111042394,0,76.850525,76.65344896352133
CALCE,CS2_37,833,56.23609335494084,0,74.88648,74.67535658039122
CALCE,CS2_37,834,56.18202739004584,0,74.88648,74.67526676674466
CALCE,CS2_37,835,56.18254196019995,0,74.9287,74.71793517002295
CALCE,CS2_37,836,56.2580105491496,0,74.92884,74.7175322716898
CALCE,CS2_37,837,56.294251476364934,0,76.898056,76.70086303801013
CALCE,CS2_37,838,56.29620405243205,0,76.898056,76.7007220620524
CALCE,CS2_37,839,56.274931971253665,0,74.92884,74.71718303641768
CALCE,CS2_37,840,56.29038370117709,0,76.84766,76.65003266128274
CALCE,CS2_37,841,58.83697304962553,0,77.907326,77.72746006307305
CALCE,CS2_37,842,47.58144164929274,0,73.76679,73.55623216003642
CALCE,CS2_37,843,57.841579913895394,0,76.893875,76.69992619289222
CALCE,CS2_37,844,57.060436177934825,0,76.84407,76.64802866352647
CALCE,CS2_37,845,56.67201121634643,0,76.89176,76.69599503297557
CALCE,CS2_37,846,56.292112616209664,0,76.90045,76.70424521783794
CALCE,CS2_37,847,56.01356789523233,0,74.92884,74.71865974844054
CALCE,CS2_37,848,55.85101809651793,0,74.9311,74.72093583752788
CALCE,CS2_37,849,55.64901205189634,0,74.890274,74.59941661253258
CALCE,CS2_37,850,56.56810792531872,0,76.89735,76.69927032147062
CALCE,CS2_37,851,56.67965737135001,0,71.71367,71.52501147295679
CALCE,CS2_37,852,56.07537902542592,0,74.92995,74.7183178047166
CALCE,CS2_37,853,55.832589817353885,0,74.90034,74.6886691670365
CALCE,CS2_37,854,55.333116112568334,0,74.88115,74.66972776043848
CALCE,CS2_37,855,55.02218634162388,0,74.927284,74.71638749985222
CALCE,CS2_37,856,54.718248903773926,0,74.939735,74.72876763890326
CALCE,CS2_37,857,54.4195254352735,0,74.93987,74.7298977971777
CALCE,CS2_37,858,54.81006985076991,0,69.02851,68.87616179482914
CALCE,CS2_37,859,54.16978895595385,0,74.52588,74.23126992632471
CALCE,CS2_37,860,54.185522447220535,0,74.93987,74.72947084645278
CALCE,CS2_37,861,55.852918852695254,0,74.96348,74.7500896671405
CALCE,CS2_37,862,54.577595576408356,0,74.9236,74.71283004758556
CALCE,CS2_37,863,53.81748636191696,0,73.58491,73.36549262542559
CALCE,CS2_37,864,53.251731222013746,0,73.643166,73.4251704721918
CALCE,CS2_37,865,52.80147356909979,0,72.9748,72.75331511706862
CALCE,CS2_37,866,52.623001291283614,0,72.9748,72.75333274635616
CALCE,CS2_37,867,52.18727925363523,0,72.91382,72.69303564290225
CALCE,CS2_37,868,52.011852127851355,0,72.957634,72.73803960562776
CALCE,CS2_37,869,51.61407448241593,0,72.925064,72.70637083577745
CALCE,CS2_37,870,51.56228001807924,0,72.95046,72.73164011054756
CALCE,CS2_37,871,51.890222685599326,0,72.92454,72.70465981683353
CALCE,CS2_37,872,51.458981102201165,0,71.09205,70.85997201179241
CALCE,CS2_37,873,51.517194009842584,0,70.73646,70.40997267650111
CALCE,CS2_37,874,51.334874819467444,0,71.10935,70.87841807157875
CALCE,CS2_37,875,50.808535655170715,0,71.09888,70.86940120809689
CALCE,CS2_37,876,50.83157030798161,0,66.85507,66.62221129666753
CALCE,CS2_37,877,50.059372325228644,0,71.1271,70.90061176356613
CALCE,CS2_37,878,49.323192332464565,0,71.10772,70.8833245084195
CALCE,CS2_37,879,49.02864070122167,0,71.340996,71.11817331380217
CALCE,CS2_37,880,48.76937989249984,0,66.07044,65.80955937377222
CALCE,CS2_37,881,48.811092891089345,0,68.67776,68.43552423784779
CALCE,CS2_37,882,49.05787826475812,0,67.9142,67.55929529786054
CALCE,CS2_37,883,48.7302833819433,0,68.40885,68.16592504188688
CALCE,CS2_37,884,48.65013998644964,0,66.00256,65.74171928598724
CALCE,CS2_37,885,48.3225696748236,0,66.103615,65.84477009421227
CALCE,CS2_37,886,47.88080583548581,0,66.103615,65.84398620485058
CALCE,CS2_37,887,47.42658888780713,0,65.02614,64.6351573310801
CALCE,CS2_37,888,47.34132378701445,0,66.14534,65.88512169874171
CALCE,CS2_37,889,47.329197613963515,0,64.577774,64.34167195816684
CALCE,CS2_37,890,46.85899325524982,0,66.13934,65.8776407234413
CALCE,CS2_37,891,48.12431409696849,0,65.36914,65.10867483023672
CALCE,CS2_37,892,47.22135407807784,0,66.09279,65.83728664711437
CALCE,CS2_37,893,46.15663159568599,0,66.17593,65.91559574274537
CALCE,CS2_37,894,45.41292967100546,0,64.56185,64.28416955516266
CALCE,CS2_37,895,45.19407616484994,0,64.56898,64.28692405298237
CALCE,CS2_37,896,45.372234444596685,0,64.42831,64.28586800394673
CALCE,CS2_37,897,44.98125830270999,0,64.584145,64.33812637575666
CALCE,CS2_37,898,44.31787947153115,0,64.53941,64.24507501127535
CALCE,CS2_37,899,32.17172059971775,0,63.561344,63.22737485674462
CALCE,CS2_37,900,43.94572203731718,0,64.53623,64.24155587804923
CALCE,CS2_37,901,44.22057312746319,0,63.718105,63.42886852506989
CALCE,CS2_37,902,44.53319032300621,0,64.56849,64.29277184326237
CALCE,CS2_37,903,44.00647969337887,0,64.567184,64.2832150028281
CALCE,CS2_37,904,43.54420359421766,0,64.59916,64.30233851222332
CALCE,CS2_37,905,31.94919788827544,0,63.51383,63.1892240572333
CALCE,CS2_37,906,42.50626776836187,0,64.5463,64.10078786855053
CALCE,CS2_37,907,42.08833272145102,0,63.90406,63.610198349671194
CALCE,CS2_37,908,41.19328126664581,0,63.898663,63.53799321455981
CALCE,CS2_37,909,40.573577514767656,0,63.898663,63.534131972955436
CALCE,CS2_37,910,40.22267926754316,0,63.899364,63.53383012426177
CALCE,CS2_37,911,40.05518484436121,0,63.899364,63.53327475959536
CALCE,CS2_37,912,39.937643915086596,0,63.892406,63.527385164553266
CALCE,CS2_37,913,39.909348052430424,0,63.899364,63.533960421905
CALCE,CS2_37,914,40.35031128938948,0,63.898663,63.5356976396096
CALCE,CS2_37,915,40.25086690680953,0,63.898663,63.53432177516599
CALCE,CS2_37,916,39.99347848350936,0,63.891537,63.52631115483958
CALCE,CS2_37,917,40.53114545129236,0,63.891537,63.53059572486684
CALCE,CS2_37,918,39.40063151809703,0,63.894764,63.52920682490027
CALCE,CS2_37,919,38.74941165664152,0,63.887806,63.52255716131406
CALCE,CS2_37,920,38.512529087269186,0,63.887806,63.52315283154989
CALCE,CS2_37,921,38.135677916040414,0,63.887806,63.52360558166502
CALCE,CS2_37,922,37.975615875672425,0,62.78787,62.41502643376258
CALCE,CS2_37,923,37.94178048313999,0,62.78787,62.41531276547323
CALCE,CS2_37,924,37.66473799813355,0,62.795948,62.42340019379309
CALCE,CS2_37,925,37.606216993833286,0,62.795948,62.42365897833799
CALCE,CS2_37,926,38.00873748564895,0,62.78787,62.41373944804564
CALCE,CS2_37,927,38.2182085089752,0,62.794827,62.41871665611011
CALCE,CS2_37,928,38.14370485198373,0,63.894764,63.52767083568083
CALCE,CS2_37,929,37.90342129387532,0,63.894764,63.52970820300766
CALCE,CS2_37,930,37.90260189941568,0,62.794827,62.42050348567805
CALCE,CS2_37,931,37.204416585784806,0,62.802906,62.43040647070544
CALCE,CS2_37,932,36.969949732762345,0,62.801624,62.42942948415471
CALCE,CS2_37,933,36.71682851602417,0,62.797672,62.424086316988465
CALCE,CS2_37,934,36.41484850560563,0,62.801624,62.42995888560809
CALCE,CS2_37,935,36.286585528495316,0,62.801624,62.429772446689014
CALCE,CS2_37,936,36.09670069909677,0,62.801624,62.429660291756804
CALCE,CS2_37,937,35.912014550850216,0,62.801624,62.43018507179283
CALCE,CS2_37,938,35.719606508526056,0,62.801624,62.42966626434231
CALCE,CS2_37,939,35.5936927548324,0,62.801624,62.43087860770326
CALCE,CS2_37,940,35.41173111544468,0,62.801624,62.429907784141115
CALCE,CS2_37,941,39.33353206514168,0,62.82723,62.463274829097884
CALCE,CS2_37,942,38.157892446042574,0,63.887638,63.52972337676472
CALCE,CS2_37,943,37.42046908699252,0,63.31696,62.853783477391445
CALCE,CS2_37,944,36.42646477166708,0,62.79578,62.43354034121519
CALCE,CS2_37,945,35.79797066185986,0,62.79578,62.431908939142346
CALCE,CS2_37,946,35.249319897336534,0,62.802906,62.43825812412625
CALCE,CS2_37,947,34.80884377994098,0,62.802906,62.43757352313647
CALCE,CS2_37,948,34.48046782324045,0,62.802906,62.436020654257625
CALCE,CS2_37,949,34.2698837382864,0,62.802906,62.435795015795335
CALCE,CS2_37,950,33.961059335546615,0,62.802906,62.43501992346419
CALCE,CS2_37,951,33.74961613807156,0,62.802906,62.43471596251868
CALCE,CS2_37,952,33.6454216809802,0,62.802906,62.43469934960833
CALCE,CS2_37,953,34.07094986716456,0,62.802906,62.43351209651442
CALCE,CS2_37,954,34.07849488639556,0,62.802906,62.43236487891387
CALCE,CS2_37,955,33.49901666837983,0,62.79578,62.42816236321439
CALCE,CS2_37,956,33.206645959558834,0,62.7933,62.42385482019933
CALCE,CS2_37,957,33.77843425164125,0,62.79578,62.425719578799516
CALCE,CS2_37,958,33.68517476510378,0,62.802906,62.43348263040643
CALCE,CS2_37,959,32.39126918417313,0,62.800426,62.43262128406977
CALCE,CS2_37,960,31.977691681257852,0,62.79347,62.42334640537775
CALCE,CS2_37,961,31.721726927031384,0,62.847404,62.478200165721844
CALCE,CS2_37,962,31.38552156851872,0,62.802635,62.43287443753607
CALCE,CS2_37,963,32.00564398075328,0,62.800426,62.42940889338964
CALCE,CS2_37,964,32.08192876083995,0,62.800426,62.4297639129568
CALCE,CS2_37,965,32.259452347608345,0,62.800426,62.42977829304035
CALCE,CS2_37,966,32.34744365999751,0,62.613422,62.3484284687824
CALCE,CS2_37,967,32.16237760709978,0,62.800426,62.42869121892836
CALCE,CS2_37,968,32.412156101080754,0,62.800426,62.42969621967716
CALCE,CS2_37,969,32.71916568403181,0,62.7933,62.421294345887866
CALCE,CS2_37,970,32.67701300708306,0,62.7933,62.42092061027627
CALCE,CS2_37,971,32.33857085689543,0,62.7933,62.42319473463824
CALCE,CS2_37,972,31.658981771229815,0,62.798042,62.426598618050335
CALCE,CS2_37,973,31.4043953442224,0,62.798042,62.42620239541627
CALCE,CS2_37,974,31.168888663797006,0,62.80787,62.43564435796371
CALCE,CS2_37,975,30.88660036302721,0,62.80787,62.435412528809984
CALCE,CS2_37,976,30.64368616835701,0,62.80787,62.4358572969305
CALCE,CS2_37,977,29.695003371774796,0,62.80787,62.434710435973365
CALCE,CS2_37,978,29.21813973411781,0,63.278244,62.820059155291275
CALCE,CS2_37,979,28.937624429809773,0,62.80091,62.4260831622821
CALCE,CS2_37,980,29.099670473276397,0,62.80091,62.42566160983883
CALCE,CS2_37,981,29.081985678863266,0,62.80091,62.42624831317242
CALCE,CS2_37,982,29.04546324064719,0,62.802635,62.42871105131915
CALCE,CS2_37,983,28.63703227528143,0,62.80091,62.42521926183489
CALCE,CS2_37,984,28.383872840113934,0,62.80164,62.42595451897502
CALCE,CS2_37,985,18.867403810540683,0,62.755314,62.374421691362464
CALCE,CS2_37,986,28.035477009704696,0,63.341484,62.8794607675801
CALCE,CS2_37,987,27.982460369567576,0,62.84641,62.47094982635338
CALCE,CS2_37,988,27.662619614591033,0,62.84641,62.471366213447396
CALCE,CS2_37,989,24.236206935720357,0,62.82433,62.43949562818767
CALCE,CS2_37,990,21.56600672164199,0,62.7794,62.385385613686395
CALCE,CS2_37,991,21.25324800880555,0,62.7794,62.38618391009004
CALCE,CS2_37,992,20.740262994935417,0,62.7794,62.38521393170655
CALCE,CS2_37,993,20.55712626048667,0,62.78892,62.3946592136704
CALCE,CS2_37,994,20.170669043135707,0,62.78892,62.39225159468754
CALCE,CS2_37,995,19.638283856552814,0,62.78892,62.39245260205761
CALCE,CS2_37,996,19.31772166182281,0,62.696075,62.34155388699256
CALCE,CS2_37,997,18.8906391490496,0,62.79128,62.39277600268476
CALCE,CS2_37,998,18.599956965885276,0,63.326046,62.83238535497633
CALCE,CS2_37,999,18.463695265931403,0,62.79128,62.39064704512057
CALCE,CS2_37,1000,18.248588599378515,0,62.77586,62.37469370846083
CALCE,CS2_37,1001,18.097776031426772,0,62.79128,62.390922408238346
CALCE,CS2_37,1002,17.94185087000133,0,62.740673,62.33763264975393
CALCE,CS2_37,1003,17.796599125289724,0,62.740673,62.33767857091834
CALCE,CS2_37,1004,17.70810834168008,0,63.341957,62.83999111468822
CALCE,CS2_37,1005,17.251690352793876,0,62.746586,62.341234297252186
CALCE,CS2_37,1006,17.328751280051293,0,62.746586,62.34176949107893
CALCE,CS2_37,1007,17.363523666517345,0,62.740673,62.334695772345185
CALCE,CS2_37,1008,17.278863552518988,0,62.740673,62.332835075920116
CALCE,CS2_37,1009,17.712699038723787,0,62.740673,62.332125023196085
CALCE,CS2_37,1010,18.18418066603528,0,62.78892,62.38121743296588
CALCE,CS2_37,1011,18.249170835435653,0,62.79128,62.38311202922831
CALCE,CS2_37,1012,18.04564436214947,0,62.740673,62.332326425231216
CALCE,CS2_37,1013,17.9747264148762,0,63.36043,62.860746652632606
CALCE,CS2_37,1014,17.81121487727034,0,62.740673,62.334428950426016
CALCE,CS2_37,1015,17.652021213164222,0,62.746586,62.339043323604955
CALCE,CS2_37,1016,17.46146474632085,0,62.740673,62.3317946696624
CALCE,CS2_37,1017,17.096650144699215,0,62.740673,62.33281368291541
CALCE,CS2_37,1018,16.917052056878408,0,62.746586,62.336983390829
CALCE,CS2_37,1019,16.7490786469147,0,62.746586,62.336434527326176
CALCE,CS2_37,1020,16.700313367450022,0,62.740673,62.331506139970415
CALCE,CS2_37,1021,16.584328915506596,0,62.740673,62.33032083739702
CALCE,CS2_37,1022,16.480221049080708,0,62.746586,62.33539754900447
CALCE,CS2_37,1023,16.52965128399007,0,62.746586,62.3342127343107
CALCE,CS2_37,1024,16.62975413225446,0,62.65325,62.3110736034922
CALCE,CS2_37,1025,16.752192140050546,0,62.45588,62.12752604236656
CALCE,CS2_37,1026,16.45924995319754,0,62.746586,62.33154803323569
CALCE,CS2_37,1027,16.238107238422515,0,62.746586,62.333333510517384
CALCE,CS2_37,1028,16.291219237748393,0,62.740673,62.32795860984345
CALCE,CS2_37,1029,16.22675419946019,0,62.746586,62.33207191058923
CALCE,CS2_37,1030,16.03008243542575,0,62.746586,62.33014323614085
CALCE,CS2_37,1031,16.020123280925663,0,62.746586,62.33130820335818
CALCE,CS2_37,1032,16.398563171165303,0,62.746586,62.330217589554586
CALCE,CS2_37,1033,16.50954372728452,0,62.746586,62.33146232974321
CALCE,CS2_37,1034,16.34234724545964,0,62.668133,62.306263903105204
CALCE,CS2_37,1035,16.59218782698763,0,62.756687,62.33931625035461
CALCE,CS2_37,1036,16.638647058735213,0,62.746586,62.332953352097334
CALCE,CS2_37,1037,16.96042324564267,0,62.756687,62.342547026198346
CALCE,CS2_37,1038,16.796523031876713,0,62.756687,62.341775119307016
