dataset,battery_id,cycle_idx,SOH,RUL,pred_XGBoost_fusion_expanded,pred_Stacking_Ridge_fusion_expanded
CALCE,CS2_35,1,100.06435800537554,125,83.11627,78.79816164831027
CALCE,CS2_35,2,100.0,124,85.166,84.31496987267766
CALCE,CS2_35,3,99.97830577746268,123,85.02039,84.18004855328216
CALCE,CS2_35,4,99.9441476329588,122,85.02039,84.13838636599984
CALCE,CS2_35,5,98.63347543245247,121,82.86654,78.94235389667422
CALCE,CS2_35,6,99.26501032306166,120,82.39588,81.76693889340359
CALCE,CS2_35,7,98.72493606430633,119,83.53455,82.8044296282299
CALCE,CS2_35,8,97.65387534177933,118,84.60443,83.7719918459287
CALCE,CS2_35,9,97.21640059084815,117,85.38935,84.62168792973445
CALCE,CS2_35,10,96.91486217404447,116,86.29372,85.44134116240373
CALCE,CS2_35,11,96.52068140551775,115,85.649925,84.80548333721417
CALCE,CS2_35,12,97.06146761664567,114,85.649925,84.72172637509293
CALCE,CS2_35,13,97.19359440168076,113,90.15581,88.84641841242583
CALCE,CS2_35,14,97.17640059678058,112,89.579895,88.27723178670806
CALCE,CS2_35,15,97.13869876321967,111,90.016975,88.69839948171823
CALCE,CS2_35,16,97.08903397703305,110,89.26406,87.66317156479538
CALCE,CS2_35,17,97.04789451219898,109,89.98347,88.64582812560745
CALCE,CS2_35,18,97.00325830937105,108,87.916794,86.73697079070368
CALCE,CS2_35,19,96.9382348559894,107,86.293,85.31050805339547
CALCE,CS2_35,20,96.85204044240746,106,83.61239,82.98700854985839
CALCE,CS2_35,21,96.78919744515444,105,87.75993,86.46463338870538
CALCE,CS2_35,22,96.72000574287277,104,86.293,85.40732410091329
CALCE,CS2_35,23,96.66060181918581,103,86.293,85.37735799954831
CALCE,CS2_35,24,96.60737026987529,102,88.52915,87.4357133206495
CALCE,CS2_35,25,96.55086816992579,101,89.97701,88.84850931350776
CALCE,CS2_35,26,96.4788385104094,100,88.52915,87.3880316591394
CALCE,CS2_35,27,96.41032524752231,99,88.96305,87.75064824345831
CALCE,CS2_35,28,95.46145455419646,98,85.78923,84.78726803291407
CALCE,CS2_35,29,94.79966976159918,97,85.75675,84.80470507735977
CALCE,CS2_35,30,94.47582197181433,96,85.02931,84.22356731519086
CALCE,CS2_35,31,94.2368135099607,95,88.52835,87.32280715586298
CALCE,CS2_35,32,93.97148822311352,94,85.044014,84.18140227751107
CALCE,CS2_35,33,94.87046076883729,93,88.52915,87.43620676559733
CALCE,CS2_35,34,95.08015806072785,92,90.19587,88.8866299780101
CALCE,CS2_35,35,94.37312002115267,91,85.74689,84.84178495669308
CALCE,CS2_35,36,93.69003625347693,90,86.157646,85.18879985109085
CALCE,CS2_35,37,93.47611784586076,89,86.72371,85.71963083557658
CALCE,CS2_35,38,93.35681661110542,88,85.908165,84.9756611288619
CALCE,CS2_35,39,93.14581415149586,87,86.72371,85.66530956268682
CALCE,CS2_35,40,94.04871286851963,86,88.96305,87.81644299450898
CALCE,CS2_35,41,94.25769356278816,85,88.52915,87.40668680458174
CALCE,CS2_35,42,93.79469673075322,84,88.56083,87.35300357316906
CALCE,CS2_35,43,92.9456925100294,83,86.60913,85.57257912677329
CALCE,CS2_35,44,92.85419614345778,82,86.59443,85.56314566923713
CALCE,CS2_35,45,92.77593711045824,81,87.02796,85.94845547316453
CALCE,CS2_35,46,92.6289442917905,80,89.0656,87.75234950901725
CALCE,CS2_35,47,93.19065484569302,79,89.61157,88.27576467881143
CALCE,CS2_35,48,93.55039015645144,78,88.56083,87.39425659661173
CALCE,CS2_35,49,93.66097080039833,77,86.32468,85.29369102326407
CALCE,CS2_35,50,92.53446634490513,76,85.75675,84.82589140544843
CALCE,CS2_35,51,92.44295899613364,75,88.29779,87.073934687875
CALCE,CS2_35,52,92.33851711643048,74,87.92674,86.72328849365854
CALCE,CS2_35,53,92.16522552079883,73,87.812164,86.69093454360383
CALCE,CS2_35,54,95.64463417950826,72,89.622604,85.6971564431534
CALCE,CS2_35,55,96.12187076895563,71,83.06974,82.39735416872834
CALCE,CS2_35,56,96.45511635466481,70,82.90448,82.2842965147777
CALCE,CS2_35,57,96.42198681494543,69,82.90448,82.40867343052412
CALCE,CS2_35,58,95.57981107636118,68,86.293,85.28554280339365
CALCE,CS2_35,59,85.34012875725239,67,82.48623,81.94903499450139
CALCE,CS2_35,60,95.09967300909864,66,85.76505,84.87148014362513
CALCE,CS2_35,61,94.8586575414801,65,85.75755,84.8307479787864
CALCE,CS2_35,62,94.10568852369643,64,85.07649,84.25594695671482
CALCE,CS2_35,63,94.29025535799255,63,85.67992,84.84656434562008
CALCE,CS2_35,64,94.08124023595524,62,85.76505,84.95441679261486
CALCE,CS2_35,65,93.36921416682884,61,85.76886,84.87387236795666
CALCE,CS2_35,66,93.1690348861332,60,84.54736,83.33544385011511
CALCE,CS2_35,67,92.18381109688443,59,85.49398,78.9641840467002
CALCE,CS2_35,68,92.86167460854485,58,87.245804,86.11818650505018
CALCE,CS2_35,69,92.46248370678869,57,86.83767,85.7533360207649
CALCE,CS2_35,70,92.65702204274176,56,85.044014,84.23572291251901
CALCE,CS2_35,71,92.58908704564554,55,85.88399,84.95447137317787
CALCE,CS2_35,72,91.29350601543341,54,87.0161,81.63854677938254
CALCE,CS2_35,73,91.89312073328149,53,87.37538,86.23357550999826
CALCE,CS2_35,74,91.80822613577133,52,87.46727,86.32552584740732
CALCE,CS2_35,75,91.71846524573921,51,87.955376,86.77223709849565
CALCE,CS2_35,76,91.33333534746507,50,88.40176,87.15712487912927
CALCE,CS2_35,77,91.6656710804025,49,87.37538,86.321890898082
CALCE,CS2_35,78,91.63045139718406,48,87.37538,86.30753954663298
CALCE,CS2_35,79,91.51811457897776,47,87.37538,86.27647151098583
CALCE,CS2_35,80,91.37883703160091,46,87.86349,86.73354722465018
CALCE,CS2_35,81,91.28126678697491,45,87.36068,86.23766071698218
CALCE,CS2_35,82,91.27214747973849,44,87.36068,86.22982237220418
CALCE,CS2_35,83,91.17634866426096,43,87.37538,86.28196539016481
CALCE,CS2_35,84,91.00266504254806,42,87.37538,86.28617911101011
CALCE,CS2_35,85,90.88958947532355,41,87.812164,86.65249533838478
CALCE,CS2_35,86,90.80739000972409,40,87.37538,86.22781528485656
CALCE,CS2_35,87,90.68495981669872,39,87.86349,86.72278029250441
CALCE,CS2_35,88,89.81062883973297,38,86.38702,79.79988992288098
CALCE,CS2_35,89,90.53870147941807,37,86.61687,85.53620555640364
CALCE,CS2_35,90,90.55786743988102,36,87.86349,86.73612475256411
CALCE,CS2_35,91,90.4018410426089,35,87.01014,85.99160965222224
CALCE,CS2_35,92,90.30347016666873,34,88.15829,86.86101542943406
CALCE,CS2_35,93,90.24956928122711,33,87.516594,86.23147739873224
CALCE,CS2_35,94,89.40715070365356,32,87.59831,86.3683589118836
CALCE,CS2_35,95,89.09509916536831,31,86.828064,85.61949869430526
CALCE,CS2_35,96,89.00100937836143,30,86.590195,85.4165267718645
CALCE,CS2_35,97,88.85173407546479,29,87.539894,86.25456192954533
CALCE,CS2_35,98,90.46047630848433,28,85.85932,84.96357968862668
CALCE,CS2_35,99,90.35408707977317,27,87.96349,86.77634211567188
CALCE,CS2_35,100,90.1374441931963,26,87.92596,86.77551299227324
CALCE,CS2_35,101,90.89175054825917,25,87.13054,86.21921562119593
CALCE,CS2_35,102,90.91765194904777,24,87.665985,86.70738364726793
CALCE,CS2_35,103,90.02770607694977,23,87.02484,85.98765504654452
CALCE,CS2_35,104,80.57770173815373,22,55.721725,47.96829774532355
CALCE,CS2_35,105,92.60538630937472,21,85.59704,84.84351938858896
CALCE,CS2_35,106,92.54781233011387,20,88.38975,87.18801912239417
CALCE,CS2_35,107,93.18210547644942,19,85.76505,84.84593935594329
CALCE,CS2_35,108,93.27439423104268,18,85.07649,84.25780144116086
CALCE,CS2_35,109,92.03819413969286,17,86.642845,85.71343041980253
CALCE,CS2_35,110,91.99103363426782,16,86.90342,85.97070918957498
CALCE,CS2_35,111,92.06560700877573,15,86.4178,85.50514428590445
CALCE,CS2_35,112,91.84710250666794,14,86.9359,85.98691255932974
CALCE,CS2_35,113,91.68516962535102,13,86.4178,85.50226424936669
CALCE,CS2_35,114,91.66804178561121,12,90.15211,84.98573469377727
CALCE,CS2_35,115,92.51516084586352,11,85.76505,84.84184460934836
CALCE,CS2_35,116,91.57207494022511,10,87.10636,86.06746264843918
CALCE,CS2_35,117,91.20553405352057,9,86.87343,86.00110503890441
CALCE,CS2_35,118,90.98279820116632,8,86.536736,85.58883554863124
CALCE,CS2_35,119,90.85501703229556,7,86.536736,85.60808459310843
CALCE,CS2_35,120,90.52843966686174,6,87.398285,86.29816401220847
CALCE,CS2_35,121,91.46870977446278,5,86.4178,85.4267025346489
CALCE,CS2_35,122,91.55170860195015,4,87.30289,86.43673316562838
CALCE,CS2_35,123,90.61214030668468,3,87.02484,85.98464792511889
CALCE,CS2_35,124,90.00631931777347,2,87.58596,86.346009430797
CALCE,CS2_35,125,90.09022895240258,1,86.38532,85.34419146293958
CALCE,CS2_35,126,79.29974539743564,0,71.930824,72.31995199187357
CALCE,CS2_35,127,89.70190473017189,0,87.848785,86.65470692586935
CALCE,CS2_35,128,90.19798283570914,0,89.90214,88.66533182476587
CALCE,CS2_35,129,90.61315471756254,0,87.63431,86.59175760127118
CALCE,CS2_35,130,90.64026386754708,0,89.87046,88.64608613684277
CALCE,CS2_35,131,90.62412307110831,0,89.87046,88.64295201138866
CALCE,CS2_35,132,90.5965473013949,0,87.63431,86.62833008234401
CALCE,CS2_35,133,90.56512912631045,0,89.87046,88.66392953807649
CALCE,CS2_35,134,90.58616116986533,0,87.63431,86.62559419654919
CALCE,CS2_35,135,90.5678229157698,0,88.46503,87.15608681844189
CALCE,CS2_35,136,90.52745289640207,0,89.87046,88.64876177843051
CALCE,CS2_35,137,90.4666343294035,0,90.30436,88.98277355850094
CALCE,CS2_35,138,90.42020804095701,0,91.358284,89.94184557363245
CALCE,CS2_35,139,90.38108353118305,0,91.324776,89.88167126147322
CALCE,CS2_35,140,90.36169471572435,0,90.30436,88.94482744315005
CALCE,CS2_35,141,90.3520528450835,0,91.358284,89.89067524187277
CALCE,CS2_35,142,90.34940112036917,0,91.358284,89.84689101389262
CALCE,CS2_35,143,90.4101473066799,0,89.87046,88.60014125737693
CALCE,CS2_35,144,90.46271385220717,0,87.63431,86.54334485303929
CALCE,CS2_35,145,80.84579544469813,0,76.82119,76.76449166853213
CALCE,CS2_35,146,88.76495886860121,0,87.86349,86.72615370928833
CALCE,CS2_35,147,88.88672938877498,0,86.52203,85.52175461461486
CALCE,CS2_35,148,88.63093618535103,0,87.87463,86.71910333392664
CALCE,CS2_35,149,88.54685971202218,0,87.77533,86.57470961038725
CALCE,CS2_35,150,88.28643347493819,0,87.86349,86.70737692463224
CALCE,CS2_35,151,89.31345221385834,0,87.10636,86.12446150018178
CALCE,CS2_35,152,89.39646926777797,0,86.4178,85.52740299539157
CALCE,CS2_35,153,88.116602506151,0,87.69737,86.54610384142727
CALCE,CS2_35,154,87.90279689953837,0,87.37538,86.24920949259503
CALCE,CS2_35,155,88.40419679509701,0,87.05499,85.91836870149153
CALCE,CS2_35,156,78.65246395319922,0,77.25827,77.1573347583562
CALCE,CS2_35,157,88.49493779778716,0,87.70871,87.10422765920292
CALCE,CS2_35,158,88.52902667670712,0,91.69193,86.24696080786393
CALCE,CS2_35,159,88.04511098141336,0,87.57126,86.42090305754525
CALCE,CS2_35,160,87.38286926991124,0,87.23006,80.63252688260894
CALCE,CS2_35,161,88.23640741796913,0,86.87343,85.79327414285201
CALCE,CS2_35,162,88.16735596398576,0,87.13412,86.23797514978897
CALCE,CS2_35,163,88.30140284532638,0,87.07388,86.05486569129377
CALCE,CS2_35,164,88.9990295462247,0,87.63431,86.6161527625187
CALCE,CS2_35,165,89.16989633235647,0,87.10636,86.15369354346254
CALCE,CS2_35,166,88.09112467643178,0,87.01014,85.96293006661783
CALCE,CS2_35,167,87.97471159087038,0,88.344025,87.06112289138414
CALCE,CS2_35,168,77.46146241420323,0,72.24464,72.63350034794455
CALCE,CS2_35,169,87.80486992170525,0,87.22397,86.13137583079565
CALCE,CS2_35,170,87.97343124494998,0,86.38532,85.3626715848599
CALCE,CS2_35,171,88.65021577777573,0,86.4178,85.54714498871179
CALCE,CS2_35,172,88.99150976799865,0,87.09886,86.13862447615686
CALCE,CS2_35,173,89.0584050272478,0,87.81343,86.46043998400899
CALCE,CS2_35,174,86.96815030954836,0,87.86059,80.549784835296
CALCE,CS2_35,175,88.04078179153585,0,87.07388,86.08406793316136
CALCE,CS2_35,176,88.41863852153591,0,87.09886,86.15244138533438
CALCE,CS2_35,177,79.23086596435695,0,72.21202,72.41882122709943
CALCE,CS2_35,178,88.27541921536145,0,91.6092,86.21397511980312
CALCE,CS2_35,179,89.12615760798295,0,88.4463,87.1472994245596
CALCE,CS2_35,180,89.15599002670561,0,88.44426,87.1521994956477
CALCE,CS2_35,181,89.1876332606203,0,90.856544,89.42861024640914
CALCE,CS2_35,182,89.22061044530601,0,90.21729,89.07401347131888
CALCE,CS2_35,183,89.24755369614142,0,89.396935,88.1846694621144
CALCE,CS2_35,184,89.3521630197543,0,90.95769,89.59516031354151
CALCE,CS2_35,185,89.38036157698485,0,89.87046,88.59275709510048
CALCE,CS2_35,186,89.39768941212336,0,90.30436,88.98707884159461
CALCE,CS2_35,187,89.40463889066251,0,89.87046,88.59726729054452
CALCE,CS2_35,188,89.44706608950108,0,88.54181,87.19669041895365
CALCE,CS2_35,189,89.46128560857235,0,87.09886,86.11673711067255
CALCE,CS2_35,190,89.46714646380407,0,87.10636,86.12155285472772
CALCE,CS2_35,191,89.47506338324665,0,87.10636,86.11509756223315
CALCE,CS2_35,192,89.48594166529332,0,88.39095,87.04990050626851
CALCE,CS2_35,193,89.48254789006485,0,87.09886,86.09283587900383
CALCE,CS2_35,194,89.48414370825607,0,87.09886,86.08992118005564
CALCE,CS2_35,195,89.48025470990214,0,87.09886,86.08700256823073
CALCE,CS2_35,196,88.59453852484175,0,86.4178,85.47675028082313
CALCE,CS2_35,197,88.3318324566718,0,87.10636,86.14487353215304
CALCE,CS2_35,198,88.2703260336321,0,87.10636,86.15091041961635
CALCE,CS2_35,199,87.97693966033646,0,86.87343,86.00853346984081
CALCE,CS2_35,200,87.77584904586018,0,88.4921,87.26189348517028
CALCE,CS2_35,201,88.58682165468682,0,91.358284,90.01873986938325
CALCE,CS2_35,202,88.84610832045134,0,86.4178,85.51547306178085
CALCE,CS2_35,203,88.75033529486551,0,87.63431,86.62741704912943
CALCE,CS2_35,204,87.73702343301811,0,88.344025,87.12555310318244
CALCE,CS2_35,205,90.74123669848197,0,84.48103,84.96167101642345
CALCE,CS2_35,206,91.79189354128145,0,87.71338,86.94264515895371
CALCE,CS2_35,207,92.0370862899414,0,86.9359,86.00583578084978
CALCE,CS2_35,208,92.10263728476384,0,87.445465,86.49363208164273
CALCE,CS2_35,209,92.10989042110279,0,84.13047,83.43496908388668
CALCE,CS2_35,210,92.07922016051592,0,84.42575,83.6266247195341
CALCE,CS2_35,211,92.07268195183418,0,84.42575,83.66044034997353
CALCE,CS2_35,212,92.08720060901236,0,84.42575,83.63104291983274
CALCE,CS2_35,213,92.05066165792172,0,84.74204,83.6024232569268
CALCE,CS2_35,214,91.99287388660838,0,84.41825,83.62495841888985
CALCE,CS2_35,215,91.93232167450964,0,84.13047,83.42055885566832
CALCE,CS2_35,216,91.82020263071176,0,84.7717,83.98697570125982
CALCE,CS2_35,217,91.78720245886542,0,84.7717,83.99539447295679
CALCE,CS2_35,218,91.73974542057954,0,87.445465,86.4171248987419
CALCE,CS2_35,219,91.69008384944779,0,87.445465,86.4018707298684
CALCE,CS2_35,220,91.67389508102976,0,87.445465,86.37598759971958
CALCE,CS2_35,221,81.66712130872311,0,71.0746,71.54004067714314
CALCE,CS2_35,222,91.57501569940257,0,86.9359,85.87173240812248
CALCE,CS2_35,223,90.79092287770317,0,87.445465,86.44972369897586
CALCE,CS2_35,224,90.00051348093592,0,87.15241,86.13975014300534
CALCE,CS2_35,225,90.11861038172341,0,87.15241,86.15049040477571
CALCE,CS2_35,226,89.92899805775711,0,86.67532,85.80250776201311
CALCE,CS2_35,227,89.63964907687847,0,87.13771,86.19662317208694
CALCE,CS2_35,228,89.52793035299929,0,88.496506,83.58317146982685
CALCE,CS2_35,229,89.753852642605,0,90.06524,85.42417862242915
CALCE,CS2_35,230,90.24982858043454,0,87.63431,86.63479788317282
CALCE,CS2_35,231,89.24903766515202,0,86.87192,85.98642267271552
CALCE,CS2_35,232,77.15128532791016,0,71.674934,67.35631380449513
CALCE,CS2_35,233,89.14327920244143,0,87.303825,86.34706870222522
CALCE,CS2_35,234,89.02399349898901,0,86.857216,85.9652106716544
CALCE,CS2_35,235,88.76612487272322,0,87.38101,86.46690404912445
CALCE,CS2_35,236,89.63317287979406,0,86.90591,86.00800555110722
CALCE,CS2_35,237,89.73422131147575,0,86.9359,86.00810777655744
CALCE,CS2_35,238,88.8858606516805,0,87.13771,86.25743872314273
CALCE,CS2_35,239,88.44170659773408,0,87.15241,86.14606913952638
CALCE,CS2_35,240,88.29594336744168,0,86.963806,86.10766967031941
CALCE,CS2_35,241,88.20172300894524,0,86.857216,85.94544007033974
CALCE,CS2_35,242,87.9836715920709,0,86.857216,85.96286930308962
CALCE,CS2_35,243,88.85769507249863,0,86.4178,85.52943180470818
CALCE,CS2_35,244,89.05316378285076,0,86.9359,86.01403636734167
CALCE,CS2_35,245,88.57494063663037,0,86.642845,85.71644215547522
CALCE,CS2_35,246,87.64691330020997,0,86.87192,85.87589486345527
CALCE,CS2_35,247,87.71403913820252,0,87.303825,86.23609378141056
CALCE,CS2_35,248,87.64098562682511,0,87.303825,86.22526296773496
CALCE,CS2_35,249,87.5444343312111,0,87.70252,86.58053063020336
CALCE,CS2_35,250,88.09281537245893,0,87.619606,86.60017183040794
CALCE,CS2_35,251,88.42588591034695,0,86.9359,85.92653915358176
CALCE,CS2_35,252,88.48112193143442,0,87.445465,86.46651128798311
CALCE,CS2_35,253,86.38867302166786,0,85.72258,86.02595093218092
CALCE,CS2_35,254,87.0637674881234,0,87.766655,86.6832591298025
CALCE,CS2_35,255,88.07403705164475,0,87.70252,86.55174561236731
CALCE,CS2_35,256,88.63515556588388,0,87.445465,86.40016255266073
CALCE,CS2_35,257,88.6923159891042,0,87.63431,86.57597652965273
CALCE,CS2_35,258,88.68163107040333,0,88.296196,87.11193123967472
CALCE,CS2_35,259,88.67290404622746,0,89.87046,88.68080369571778
CALCE,CS2_35,260,88.68419064261566,0,87.63431,86.64755760628228
CALCE,CS2_35,261,88.67870046540375,0,87.63431,86.66260192076123
CALCE,CS2_35,262,88.67312070021417,0,87.09886,86.17869193436594
CALCE,CS2_35,263,88.63684740395256,0,87.63431,86.6515113095642
CALCE,CS2_35,264,88.60135016044657,0,87.09886,86.13992154975811
CALCE,CS2_35,265,88.5715390633913,0,87.63431,86.5999997667348
CALCE,CS2_35,266,88.54210987641957,0,89.87046,88.64133935820998
CALCE,CS2_35,267,88.52223331999123,0,89.87046,88.638245845667
CALCE,CS2_35,268,88.51196239999251,0,89.87046,88.63869869001776
CALCE,CS2_35,269,88.51197033812703,0,89.87046,88.64838190275782
CALCE,CS2_35,270,88.49213630501076,0,89.87046,88.64918424351555
CALCE,CS2_35,271,88.47893889389783,0,89.87046,88.63841174555048
CALCE,CS2_35,272,88.44362350173319,0,87.202545,86.21664403783119
CALCE,CS2_35,273,87.11693282399298,0,86.857216,85.98834020715819
CALCE,CS2_35,274,86.88079613554538,0,87.303825,86.25130450096012
CALCE,CS2_35,275,86.83332486502024,0,86.87192,85.88037198494847
CALCE,CS2_35,276,86.6349107980999,0,86.919685,85.89814321626082
CALCE,CS2_35,277,86.5161267702676,0,87.84346,86.7740089064334
CALCE,CS2_35,278,87.63369850050746,0,86.9359,85.93832537000938
CALCE,CS2_35,279,87.77568298108473,0,89.87046,88.60119366370749
CALCE,CS2_35,280,87.00831724392005,0,87.303825,86.38336814519242
CALCE,CS2_35,281,86.41563332502396,0,87.44861,86.40126809762138
CALCE,CS2_35,282,86.41018082955917,0,87.40055,86.34406820583679
CALCE,CS2_35,283,86.40171518999836,0,83.39811,82.83293230952458
CALCE,CS2_35,284,86.33711279424445,0,85.48073,84.35895274918198
CALCE,CS2_35,285,87.04619217620403,0,86.90342,85.94053286719242
CALCE,CS2_35,286,87.25038020730975,0,88.88271,87.71783864995169
CALCE,CS2_35,287,87.42935990946077,0,86.9359,85.99986824322743
CALCE,CS2_35,288,86.11660472998693,0,87.503395,86.31079593935225
CALCE,CS2_35,289,85.97098622473642,0,87.503395,86.40819744123029
CALCE,CS2_35,290,85.94696504732426,0,87.503395,86.42490859899247
CALCE,CS2_35,291,86.03986860783392,0,83.5047,82.87887064275644
CALCE,CS2_35,292,86.04613007717366,0,83.13265,82.48070515177649
CALCE,CS2_35,293,86.9455145250026,0,86.90342,85.9527877368546
CALCE,CS2_35,294,87.05010601562888,0,87.41299,86.37520305350573
CALCE,CS2_35,295,86.21898134825742,0,83.55033,82.96918921104375
CALCE,CS2_35,296,85.79006374448356,0,87.04551,86.0127454107125
CALCE,CS2_35,297,85.81385836257236,0,87.185455,86.18730423528321
CALCE,CS2_35,298,85.72353286385855,0,83.49038,82.97473924878517
CALCE,CS2_35,299,85.54882389983892,0,87.52004,86.44016286212438
CALCE,CS2_35,300,86.37083181594446,0,86.642845,85.72508258602385
CALCE,CS2_35,301,86.6969931562678,0,86.90591,86.0390743113895
CALCE,CS2_35,302,86.5410690005947,0,87.28912,86.37813100308647
CALCE,CS2_35,303,85.3777522027801,0,74.361984,74.35932446172151
CALCE,CS2_35,304,85.42534974029685,0,87.346985,86.19000398992331
CALCE,CS2_35,305,85.83217913546973,0,87.25689,86.27251864805281
CALCE,CS2_35,306,85.72516874346043,0,87.40055,86.32876107223278
CALCE,CS2_35,307,86.55677667239755,0,87.13771,86.1562941479244
CALCE,CS2_35,308,86.67569713895814,0,86.9359,86.06691655320382
CALCE,CS2_35,309,86.69386203759669,0,86.9359,86.06003653929652
CALCE,CS2_35,310,86.70118555765697,0,87.63247,86.25699402965452
CALCE,CS2_35,311,86.70911457652596,0,86.9359,86.06460554553485
CALCE,CS2_35,312,86.87398826666102,0,87.445465,86.40185671914996
CALCE,CS2_35,313,86.91013358914208,0,87.445465,86.39400680340258
CALCE,CS2_35,314,86.94008482685302,0,89.224594,88.01414958477976
CALCE,CS2_35,315,86.95550631017178,0,89.2581,88.10670942710915
CALCE,CS2_35,316,86.96947870674215,0,88.81015,87.70388272595811
CALCE,CS2_35,317,86.97961022341009,0,89.87046,88.67135422983452
CALCE,CS2_35,318,86.98365863286284,0,87.09886,86.12833219561698
CALCE,CS2_35,319,87.00140148082679,0,87.63431,86.6274345125777
CALCE,CS2_35,320,87.02033214712576,0,87.63431,86.62974471024513
CALCE,CS2_35,321,87.062471644737,0,87.10636,86.17329852723236
CALCE,CS2_35,322,87.03435701815306,0,87.09886,86.1381934205279
CALCE,CS2_35,323,87.03606363157732,0,87.09886,86.13545553919813
CALCE,CS2_35,324,85.96961045547546,0,83.55033,82.98425705339538
CALCE,CS2_35,325,85.52285476261855,0,70.4992,71.0104163444336
CALCE,CS2_35,326,85.55053332961589,0,83.41281,82.86319566233509
CALCE,CS2_35,327,85.52761645550042,0,83.41281,82.84713105585605
CALCE,CS2_35,328,85.35931484381916,0,71.805275,72.19768726335536
CALCE,CS2_35,329,86.06848284200271,0,83.03029,82.44131333396564
CALCE,CS2_35,330,86.37999189555855,0,88.846634,87.7536010497117
CALCE,CS2_35,331,75.59138231692275,0,71.82659,72.25692102130344
CALCE,CS2_35,332,85.50071898384158,0,83.41281,82.82537012111854
CALCE,CS2_35,333,85.31389235283463,0,71.8529,72.2389988220295
CALCE,CS2_35,334,85.40109104402649,0,83.41281,82.80768651663104
CALCE,CS2_35,335,85.17884511856231,0,72.12117,72.36621803103317
CALCE,CS2_35,336,84.15057790994126,0,72.02028,67.73120328346631
CALCE,CS2_35,337,86.0772396899405,0,83.50738,82.92672218963983
CALCE,CS2_35,338,86.31033319101876,0,87.09886,86.14969676083277
CALCE,CS2_35,339,85.75477230842793,0,82.75986,82.38396196580618
CALCE,CS2_35,340,85.04540486601026,0,71.52742,71.97127195922332
CALCE,CS2_35,341,85.14326123317069,0,71.452225,71.96498272897585
CALCE,CS2_35,342,84.43167465205072,0,73.111305,67.86099864403944
CALCE,CS2_35,343,85.15812100405785,0,71.71538,72.17561357767543
CALCE,CS2_35,344,85.60478648728417,0,83.55033,82.93794489127532
CALCE,CS2_35,345,86.17694792397886,0,82.2019,81.68517384408035
CALCE,CS2_35,346,86.29814691735452,0,87.10636,86.11919992147769
CALCE,CS2_35,347,85.32482153244617,0,83.41281,82.81647703559058
CALCE,CS2_35,348,85.10031462814734,0,71.71538,72.19824867344995
CALCE,CS2_35,349,85.13587693033882,0,71.66533,72.17492948403095
CALCE,CS2_35,350,85.06136969541318,0,71.43752,71.96330609366625
CALCE,CS2_35,351,84.92716656814366,0,71.387474,71.85804694705692
CALCE,CS2_35,352,85.45428269475654,0,82.88935,82.27604858398065
CALCE,CS2_35,353,84.80060536460034,0,71.387474,71.82574023268893
CALCE,CS2_35,354,84.70278301862655,0,71.71538,72.09133705607168
CALCE,CS2_35,355,85.28746077972923,0,71.66533,72.04980570555762
CALCE,CS2_35,356,85.19221289898499,0,71.402176,71.86221793566115
CALCE,CS2_35,357,85.00385776573945,0,71.43752,71.91143713345002
CALCE,CS2_35,358,85.77459945491321,0,83.38422,82.71697866074584
CALCE,CS2_35,359,85.91270786187778,0,87.53344,86.38780949649076
CALCE,CS2_35,360,85.97504122073126,0,82.92183,82.42113753986173
CALCE,CS2_35,361,86.00972952295625,0,83.60689,83.22095959833453
CALCE,CS2_35,362,86.02580069333466,0,83.50738,82.89172483791982
CALCE,CS2_35,363,86.0617145794218,0,83.50738,82.87055703941358
CALCE,CS2_35,364,81.08026938341224,0,57.275536,49.35714242271668
CALCE,CS2_35,365,86.20362311500828,0,83.14966,82.65779363193593
CALCE,CS2_35,366,86.60413936292474,0,86.63063,85.95317017647639
CALCE,CS2_35,367,86.8585219019536,0,87.41299,86.42480732703982
CALCE,CS2_35,368,86.13605417674646,0,83.80666,79.29861253255177
CALCE,CS2_35,369,86.14000362559105,0,83.5047,82.95588729008097
CALCE,CS2_35,370,86.1357103624139,0,83.39892,82.71690748772023
CALCE,CS2_35,371,86.3918597501041,0,87.28912,86.32343005259968
CALCE,CS2_35,372,85.76611492300856,0,79.14078,75.56902802766045
CALCE,CS2_35,373,86.5552877656774,0,86.78072,85.88943713290693
CALCE,CS2_35,374,86.9440855459656,0,84.41825,83.73744221052358
CALCE,CS2_35,375,87.01655450872623,0,86.4178,85.54314567475946
CALCE,CS2_35,376,86.58957471057205,0,86.857216,85.88979366025477
CALCE,CS2_35,377,86.26817748583274,0,83.39892,82.832529408057
CALCE,CS2_35,378,86.25185595342191,0,83.55033,82.9692023930837
CALCE,CS2_35,379,86.48135001490706,0,86.66062,85.81292283926649
CALCE,CS2_35,380,86.47475674207163,0,86.63063,85.75405461342355
CALCE,CS2_35,381,86.60318273454558,0,87.01356,86.0873703668928
CALCE,CS2_35,382,86.80756323439691,0,84.42575,83.63296519557304
CALCE,CS2_35,383,86.83775315841127,0,84.41825,83.61351628975567
CALCE,CS2_35,384,86.11253545781655,0,87.523926,86.4567738984849
CALCE,CS2_35,385,86.09490462187435,0,83.39892,82.85041715473696
CALCE,CS2_35,386,86.05263974040368,0,83.39892,82.85672014963889
CALCE,CS2_35,387,85.16296714767502,0,83.640205,80.37443442332797
CALCE,CS2_35,388,85.78944881083663,0,83.2467,82.59666228989595
CALCE,CS2_35,389,86.3642014239437,0,86.9359,86.06079041198964
CALCE,CS2_35,390,86.49341618860083,0,87.43076,86.46280288414465
CALCE,CS2_35,391,86.1165903224432,0,83.39892,82.79325469037938
CALCE,CS2_35,392,85.7311680775682,0,83.2467,82.61208798698199
CALCE,CS2_35,393,85.81168156100165,0,87.46752,86.39801231834797
CALCE,CS2_35,394,85.88832113888029,0,82.89184,82.45476880376098
CALCE,CS2_35,395,86.03113168993234,0,83.39892,82.78676657966368
CALCE,CS2_35,396,86.10297293134659,0,82.962685,82.3452787485093
CALCE,CS2_35,397,86.40884208886499,0,87.445465,86.44549374039883
CALCE,CS2_35,398,86.46508518768266,0,87.445465,86.48149068685164
CALCE,CS2_35,399,86.48705696755957,0,87.445465,86.48075367213603
CALCE,CS2_35,400,86.50011595496878,0,86.998856,86.0737457063184
CALCE,CS2_35,401,86.49958875066945,0,86.998856,86.07429719860798
CALCE,CS2_35,402,86.59261475518875,0,83.73719,83.12615721739543
CALCE,CS2_35,403,86.62309171381828,0,83.73719,83.05844861638829
CALCE,CS2_35,404,86.63673998667247,0,83.73719,83.06584733355196
CALCE,CS2_35,405,86.63651256210885,0,83.73719,83.0616352898975
CALCE,CS2_35,406,86.63586212493878,0,83.73719,83.06589114786759
CALCE,CS2_35,407,86.6085757564776,0,83.73719,83.05977778641632
CALCE,CS2_35,408,86.6159873645384,0,83.73719,83.04803378087671
CALCE,CS2_35,409,85.79624608728037,0,82.46185,79.01377427392573
CALCE,CS2_35,410,86.60538169134257,0,83.73719,83.05350792072186
CALCE,CS2_35,411,86.60575204790862,0,83.73719,83.07184642176507
CALCE,CS2_35,412,86.6018361283523,0,83.73719,83.06222530160812
CALCE,CS2_35,413,86.5761999427317,0,84.13047,83.47733596138903
CALCE,CS2_35,414,85.90635216355427,0,83.39892,82.88162768797503
CALCE,CS2_35,415,87.51828192092553,0,86.07027,85.29960094390147
CALCE,CS2_35,416,86.52215111993004,0,87.82768,84.12721882274154
CALCE,CS2_35,417,87.44565479365473,0,87.17019,86.39158331639622
CALCE,CS2_35,418,88.00573311928137,0,87.445465,86.49839175552788
CALCE,CS2_35,419,88.12637301284599,0,84.14576,83.46496117844256
CALCE,CS2_35,420,87.44264648416393,0,85.7603,84.85432497601369
CALCE,CS2_35,421,87.31802313277863,0,84.63556,83.99601941252344
CALCE,CS2_35,422,87.36605714268578,0,86.63063,85.78161393476692
CALCE,CS2_35,423,87.31841387041777,0,86.10624,85.51504566175117
CALCE,CS2_35,424,87.13109277238182,0,86.87192,85.96334909043333
CALCE,CS2_35,425,87.68573938982675,0,86.90591,85.94237793437867
CALCE,CS2_35,426,87.78038716969552,0,86.9359,86.0075299475616
CALCE,CS2_35,427,87.50381757244939,0,86.98108,86.07749980030017
CALCE,CS2_35,428,86.84914820579094,0,87.15241,86.22201400430531
CALCE,CS2_35,429,86.92321108992537,0,86.720505,85.7662492537079
CALCE,CS2_35,430,86.91154162517898,0,86.720505,85.77930645158327
CALCE,CS2_35,431,86.22072225938645,0,83.41281,82.76679319529347
CALCE,CS2_35,432,86.28415747067663,0,83.2614,82.70182081477866
CALCE,CS2_35,433,86.9509808972914,0,83.73719,83.14282699179473
CALCE,CS2_35,434,87.04423168881677,0,86.9359,86.00745044574852
CALCE,CS2_35,435,86.0681035846017,0,83.41281,82.7693214777637
CALCE,CS2_35,436,85.54231936699716,0,83.24155,82.76168577730402
CALCE,CS2_35,437,85.44202832318135,0,83.24155,82.7545988084485
CALCE,CS2_35,438,85.26519093668608,0,71.5881,72.07093180098141
CALCE,CS2_35,439,85.09587965187113,0,71.60574,72.13459704457034
CALCE,CS2_35,440,86.03798900703428,0,83.2614,82.72482420144836
CALCE,CS2_35,441,86.25777243540895,0,78.78971,78.60521564029321
CALCE,CS2_35,442,86.33940900308681,0,83.0003,82.4728630686192
CALCE,CS2_35,443,75.69274886191768,0,71.811584,72.30518708393467
CALCE,CS2_35,444,86.3555639232998,0,83.03029,82.50740428737228
CALCE,CS2_35,445,86.41462810303769,0,87.445465,86.52250601680574
CALCE,CS2_35,446,86.46056478497691,0,87.01356,86.12495772622688
CALCE,CS2_35,447,86.46247200889485,0,87.01356,86.12006214128667
CALCE,CS2_35,448,85.6161582658716,0,80.8739,77.07712739597766
CALCE,CS2_35,449,86.28957317302851,0,83.03029,82.52408671114064
CALCE,CS2_35,450,86.23705522852228,0,83.0003,82.44429665689293
CALCE,CS2_35,451,86.18589454126784,0,82.962685,82.40090841023077
CALCE,CS2_35,452,86.1329989910135,0,79.26118,79.04835710285582
CALCE,CS2_35,453,86.1202841761575,0,87.65808,86.590954751575
CALCE,CS2_35,454,86.09706653370556,0,79.26118,79.01968470220301
CALCE,CS2_35,455,86.06914034048,0,82.962685,82.3559397599083
CALCE,CS2_35,456,85.22686528568227,0,82.63408,79.1489313554176
CALCE,CS2_35,457,86.00075102104864,0,79.240204,79.36384888406799
CALCE,CS2_35,458,84.44702272895022,0,71.452225,71.94614495706925
CALCE,CS2_35,459,84.27071033751635,0,71.81712,72.37049377307585
CALCE,CS2_35,460,83.70294426567658,0,73.39283,73.60224278940508
CALCE,CS2_35,461,83.61805269733384,0,73.65108,73.8100467406838
CALCE,CS2_35,462,83.38865747403057,0,74.388245,74.5087633880035
CALCE,CS2_35,463,84.67244715272618,0,71.80285,72.28175307465445
CALCE,CS2_35,464,84.91458858654202,0,71.87196,72.3618950158866
CALCE,CS2_35,465,84.31442432728343,0,74.44489,74.76738544462482
CALCE,CS2_35,466,84.03125639520039,0,70.27215,70.8349190039126
CALCE,CS2_35,467,84.45458196153226,0,71.66533,72.15677197525768
CALCE,CS2_35,468,84.93300722263275,0,71.387474,71.93530713224484
CALCE,CS2_35,469,84.99177858215131,0,71.387474,71.8953524076132
CALCE,CS2_35,470,83.73294256984653,0,70.89106,71.3453458897359
CALCE,CS2_35,471,83.28247019944304,0,73.222404,73.69333540567398
CALCE,CS2_35,472,83.12481679268816,0,70.94263,71.50526377054223
CALCE,CS2_35,473,83.09888522638774,0,57.541306,59.383151772997046
CALCE,CS2_35,474,81.75577970044499,0,73.316414,68.91534316463752
CALCE,CS2_35,475,82.79826374925871,0,71.452225,71.96387619842021
CALCE,CS2_35,476,83.31157974902199,0,72.69595,73.08145023029
CALCE,CS2_35,477,84.0011694467494,0,71.513916,71.93492102826887
CALCE,CS2_35,478,84.20619765689,0,67.85158,68.9332015733627
CALCE,CS2_35,479,83.24068886923027,0,71.408104,71.91776369402616
CALCE,CS2_35,480,82.99707822301431,0,71.5881,72.09468036541502
CALCE,CS2_35,481,82.96815558381238,0,71.98669,72.62297651573981
CALCE,CS2_35,482,82.76668766957512,0,74.17252,74.36600123711392
CALCE,CS2_35,483,81.84100010449121,0,71.958305,68.25998737243317
CALCE,CS2_35,484,82.65682463992225,0,73.76334,71.27404962711692
CALCE,CS2_35,485,83.7507424427939,0,71.651436,72.0992782418134
CALCE,CS2_35,486,83.56782739610777,0,70.720184,71.21146987753843
CALCE,CS2_35,487,81.80863770368096,0,72.43779,68.8836336753115
CALCE,CS2_35,488,82.58247093435406,0,74.40975,74.64166635918669
CALCE,CS2_35,489,82.33880200245481,0,74.24501,74.45738552142966
CALCE,CS2_35,490,82.22127008798553,0,74.14846,74.18543511862929
CALCE,CS2_35,491,82.18902260729926,0,74.12035,74.17158672506575
CALCE,CS2_35,492,83.01966898931708,0,71.452225,72.02197084051966
CALCE,CS2_35,493,82.37060288403508,0,70.65543,68.55332458830753
CALCE,CS2_35,494,82.2795317812627,0,74.40975,74.55308303466616
CALCE,CS2_35,495,82.08042654287799,0,74.150475,74.26235466871911
CALCE,CS2_35,496,82.20728061610953,0,74.144806,74.25251974313349
CALCE,CS2_35,497,82.13019031901673,0,74.207184,74.3026506427675
CALCE,CS2_35,498,82.07122983830075,0,74.20445,74.32616967802507
CALCE,CS2_35,499,82.5326470865368,0,71.43752,71.96705475153605
CALCE,CS2_35,500,82.84448889840851,0,71.66533,72.16792488147223
CALCE,CS2_35,501,82.91659607206743,0,71.513916,71.95530261898918
CALCE,CS2_35,502,81.92846754106911,0,74.39403,74.59467681474312
CALCE,CS2_35,503,81.88612866261722,0,74.44394,74.59463167638208
CALCE,CS2_35,504,81.88054581967258,0,74.33832,74.46464494045811
CALCE,CS2_35,505,81.81624718817146,0,71.65579,72.0625887257641
CALCE,CS2_35,506,81.5905219246224,0,70.8611,71.4062028528116
CALCE,CS2_35,507,82.34216162563825,0,71.402176,71.94567017931233
CALCE,CS2_35,508,82.46910906375248,0,71.65063,72.13475293104415
CALCE,CS2_35,509,82.51200058820773,0,71.387474,71.97985898789734
CALCE,CS2_35,510,82.5070843268816,0,71.23606,71.83565711836691
CALCE,CS2_35,511,82.49817794988253,0,71.23606,71.83069364023345
CALCE,CS2_35,512,82.48237595976015,0,71.23606,71.8299491112546
CALCE,CS2_35,513,82.47082484879294,0,73.64455,74.07620060261677
CALCE,CS2_35,514,71.1491425337833,0,71.68676,72.20110252772567
CALCE,CS2_35,515,82.42442664054262,0,70.68416,71.19692055394574
CALCE,CS2_35,516,82.43539680828997,0,71.65063,72.22386749214961
CALCE,CS2_35,517,71.11550679704399,0,71.983894,72.49393783025106
CALCE,CS2_35,518,82.36019666412902,0,71.651436,72.23808160557017
CALCE,CS2_35,519,82.34237906703545,0,71.651436,72.21892600527661
CALCE,CS2_35,520,82.30607783017861,0,71.66533,72.15345596874343
CALCE,CS2_35,521,82.18504995283556,0,71.23986,71.74073894437899
CALCE,CS2_35,522,82.14363642964005,0,71.452225,72.06875890287525
CALCE,CS2_35,523,81.91783636940495,0,74.40975,74.6592435005656
CALCE,CS2_35,524,81.6641969397064,0,74.30319,74.40551398859212
CALCE,CS2_35,525,81.85390625833475,0,71.65579,72.24340837826601
CALCE,CS2_35,526,82.20769358826242,0,71.402176,71.93331574938094
CALCE,CS2_35,527,82.21193597549137,0,71.402176,71.92265537815196
CALCE,CS2_35,528,81.29772432783075,0,74.207184,74.29930748078513
CALCE,CS2_35,529,81.07244705963556,0,73.789696,74.31152069356708
CALCE,CS2_35,530,81.04166391758089,0,70.882095,71.40631794872817
CALCE,CS2_35,531,80.86726364655334,0,74.30545,74.74680400487955
CALCE,CS2_35,532,80.72261956010051,0,74.40975,74.80943138326727
CALCE,CS2_35,533,81.2525490791204,0,71.5881,72.07638345039366
CALCE,CS2_35,534,81.41325994770786,0,72.70605,73.18670466718928
CALCE,CS2_35,535,81.46241353827043,0,71.452225,72.05352404487823
CALCE,CS2_35,536,80.44171618667069,0,74.249626,74.52397509903186
CALCE,CS2_35,537,80.27978480049875,0,72.553406,72.7885861529775
CALCE,CS2_35,538,80.25462618028435,0,72.78307,73.35345861982177
CALCE,CS2_35,539,80.08910886404337,0,71.34823,71.90343833120069
CALCE,CS2_35,540,80.13869738872434,0,73.39334,73.82721113367386
CALCE,CS2_35,541,80.74656647764506,0,74.22383,74.46235722587781
CALCE,CS2_35,542,80.8033027491524,0,74.38429,74.60519682800388
CALCE,CS2_35,543,80.46470461001101,0,74.33468,74.4585844318377
CALCE,CS2_35,544,79.82624349512822,0,73.2842,73.46650491532196
CALCE,CS2_35,545,78.75327069971195,0,72.98273,69.7838633474651
CALCE,CS2_35,546,79.80905752885184,0,73.52857,73.88210962605838
CALCE,CS2_35,547,79.48443593709747,0,72.300804,72.7706600438666
CALCE,CS2_35,548,79.2558280745491,0,72.56017,72.8222440609066
CALCE,CS2_35,549,79.34783617673263,0,72.56424,69.14813118871656
CALCE,CS2_35,550,80.26542625980532,0,74.22383,74.43352916123894
CALCE,CS2_35,551,79.54728830738442,0,73.105804,73.50390336311177
CALCE,CS2_35,552,78.28655795909665,0,73.738815,69.95749822233873
CALCE,CS2_35,553,78.50094756715554,0,73.70586,70.45055727817446
CALCE,CS2_35,554,79.28615071118963,0,73.39334,73.67247331869699
CALCE,CS2_35,555,79.14819264312307,0,72.44911,72.91674191753921
CALCE,CS2_35,556,78.50107996702096,0,72.22484,69.32879664487129
CALCE,CS2_35,557,79.72002896874176,0,74.44124,74.91127289972526
CALCE,CS2_35,558,79.74886619353936,0,74.170265,74.61944458285525
CALCE,CS2_35,559,78.97688893831963,0,73.56902,67.80818373947449
CALCE,CS2_35,560,79.79118478881483,0,74.83639,75.23374058509245
CALCE,CS2_35,561,68.1197509880628,0,67.47237,68.44470095233963
CALCE,CS2_35,562,78.9604732300998,0,72.02028,69.08242921923028
CALCE,CS2_35,563,79.82744174684053,0,71.57087,72.03825516030402
CALCE,CS2_35,564,79.85392607011705,0,71.74569,72.21024468289144
CALCE,CS2_35,565,79.86089361599625,0,71.74569,72.20339819041298
CALCE,CS2_35,566,79.85788863647556,0,71.65579,72.11986253157778
CALCE,CS2_35,567,79.8702382713089,0,74.24842,74.47280838436178
CALCE,CS2_35,568,79.89339462505178,0,71.43752,71.88497013135071
CALCE,CS2_35,569,79.83688257505707,0,71.452225,71.90716482435784
CALCE,CS2_35,570,79.8335281868811,0,71.452225,71.90312105936653
CALCE,CS2_35,571,79.83400433844166,0,71.452225,71.90661280498423
CALCE,CS2_35,572,79.84193493386759,0,71.422806,71.85873930599236
CALCE,CS2_35,573,78.68045282828923,0,66.21198,67.41490592170341
CALCE,CS2_35,574,78.30931798755904,0,68.63047,69.24039271816817
CALCE,CS2_35,575,78.42905973362897,0,72.300804,72.70682097893867
CALCE,CS2_35,576,78.96964274554603,0,73.90397,74.1795737963482
CALCE,CS2_35,577,79.03158393303993,0,74.35984,74.53660560821068
CALCE,CS2_35,578,78.25785518244324,0,72.43096,72.61378237202034
CALCE,CS2_35,579,78.05974822129961,0,68.736946,69.28340281917579
CALCE,CS2_35,580,78.00080349913162,0,68.779976,69.35583767875568
CALCE,CS2_35,581,78.0896908431251,0,72.03681,72.3893938337087
CALCE,CS2_35,582,78.01788416906004,0,72.03681,72.436081738205
CALCE,CS2_35,583,78.34476993244822,0,73.24687,73.56029033434554
CALCE,CS2_35,584,78.57893666328795,0,73.49493,73.98527985515629
CALCE,CS2_35,585,78.60371046868276,0,72.80234,73.31923328587358
CALCE,CS2_35,586,77.74301083184525,0,72.33607,72.62531232013978
CALCE,CS2_35,587,76.6839267009829,0,62.757607,65.2970233472254
CALCE,CS2_35,588,77.60457853207812,0,68.53129,69.24678952228047
CALCE,CS2_35,589,77.56839098385204,0,72.38391,72.67307426930167
CALCE,CS2_35,590,77.43859353908769,0,72.7907,73.00643937063093
CALCE,CS2_35,591,77.84694298879276,0,72.53834,72.92173007099441
CALCE,CS2_35,592,77.14355890836524,0,73.20818,69.53264097173187
CALCE,CS2_35,593,77.96191853942095,0,72.62244,73.20760298383192
CALCE,CS2_35,594,77.02152380749347,0,69.864716,70.37767846410665
CALCE,CS2_35,595,76.77035657889829,0,72.47793,72.61852622833779
CALCE,CS2_35,596,76.77642895914128,0,72.05583,72.27257893827213
CALCE,CS2_35,597,76.62008274659199,0,72.47793,72.54468641704179
CALCE,CS2_35,598,76.47405045471322,0,69.67756,70.1885386265097
CALCE,CS2_35,599,77.37661933663115,0,73.199554,73.70608413617177
CALCE,CS2_35,600,77.59644913287606,0,73.6092,73.89592085695676
CALCE,CS2_35,601,77.67095533937017,0,71.890495,72.37942265641254
CALCE,CS2_35,602,64.83382524381882,0,71.28563,71.63069061254869
CALCE,CS2_35,603,76.60881127466172,0,69.13828,69.90667857972187
CALCE,CS2_35,604,76.75942619771516,0,65.74269,66.71152833230306
CALCE,CS2_35,605,76.88811724127245,0,72.26671,72.54950089767945
CALCE,CS2_35,606,76.86069145368715,0,72.33296,72.61342883117284
CALCE,CS2_35,607,77.27872291029979,0,73.601746,73.98895486999164
CALCE,CS2_35,608,77.63769531266182,0,73.446396,73.98968387949813
CALCE,CS2_35,609,77.74098479733908,0,71.35236,71.9238912454362
CALCE,CS2_35,610,77.77760385997968,0,73.0971,73.52949759451063
CALCE,CS2_35,611,76.97291332430804,0,73.013664,69.76793357592406
CALCE,CS2_35,612,77.80069522986204,0,71.35236,71.907217754275
CALCE,CS2_35,613,77.80806384579328,0,73.1474,73.58315640597536
CALCE,CS2_35,614,77.78632218231934,0,73.1474,73.56937378212831
CALCE,CS2_35,615,77.77265599281652,0,73.1474,73.56809956831609
CALCE,CS2_35,616,77.75996036882583,0,73.06924,73.50207575578794
CALCE,CS2_35,617,77.74708090171617,0,73.1474,73.56965290090595
CALCE,CS2_35,618,77.72063702853846,0,74.30545,74.63627425065224
CALCE,CS2_35,619,77.68450018130319,0,74.30545,74.6470714503044
CALCE,CS2_35,620,77.64140613200061,0,74.30319,74.63212793207377
CALCE,CS2_35,621,66.5859189204465,0,67.64365,68.58604108768323
CALCE,CS2_35,622,77.57272167090396,0,74.04495,74.49048406146777
CALCE,CS2_35,623,77.68271258511076,0,70.93012,71.74090975722144
CALCE,CS2_35,624,77.27165472045576,0,71.610886,72.13060726945949
CALCE,CS2_35,625,77.06390145097471,0,71.59174,72.07878921400834
CALCE,CS2_35,626,77.70138415536071,0,72.80234,73.32702792391599
CALCE,CS2_35,627,77.69522960310545,0,72.80234,73.2899350317699
CALCE,CS2_35,628,76.92882911564766,0,71.864265,72.19156683802981
CALCE,CS2_35,629,76.29845519536552,0,71.83551,72.20001529038196
CALCE,CS2_35,630,76.2853520047507,0,69.31401,70.12100495234402
CALCE,CS2_35,631,76.30748001477076,0,69.706085,70.26237202922398
CALCE,CS2_35,632,76.11327058333842,0,71.5373,71.92646578517707
CALCE,CS2_35,633,76.04859403098482,0,70.897545,71.3855714124674
CALCE,CS2_35,634,77.13100183275213,0,72.236984,72.77238171269535
CALCE,CS2_35,635,77.19162737351093,0,70.40849,71.342142813552
CALCE,CS2_35,636,76.67532710343275,0,70.752,71.23714870002456
CALCE,CS2_35,637,76.00835029800902,0,71.53298,71.85961133711096
CALCE,CS2_35,638,75.87405370337163,0,67.532906,68.21373315384375
CALCE,CS2_35,639,76.02314424169418,0,71.66409,72.00634012465613
CALCE,CS2_35,640,75.84622690163685,0,71.659325,72.02060689335453
CALCE,CS2_35,641,75.77176005150642,0,72.21238,72.45546323546084
CALCE,CS2_35,642,76.61878509515218,0,73.601746,73.89826960695025
CALCE,CS2_35,643,75.96090291653,0,72.22401,69.47924035412272
CALCE,CS2_35,644,76.59848727809708,0,73.445755,73.92922093366732
CALCE,CS2_35,645,75.35326196103247,0,71.703835,71.9614375930594
CALCE,CS2_35,646,75.00236932146733,0,72.35741,72.55580606554294
CALCE,CS2_35,647,77.7038298757717,0,58.614277,60.5816668288992
CALCE,CS2_35,648,76.46403397720903,0,72.140396,72.86666189733835
CALCE,CS2_35,649,74.2052979655021,0,69.42707,70.02643078312929
CALCE,CS2_35,650,72.99005172572349,0,69.18943,69.78658638291094
CALCE,CS2_35,651,73.97458311322671,0,72.011406,72.34279877888301
CALCE,CS2_35,652,74.03687593046612,0,71.41743,71.85416363470644
CALCE,CS2_35,653,73.86220148718522,0,72.18345,72.53500886567734
CALCE,CS2_35,654,71.72830834251714,0,69.18943,69.741278967174
CALCE,CS2_35,655,58.19534764240126,0,63.412342,65.67191895193923
CALCE,CS2_35,656,70.51546540233323,0,69.71562,70.32517946548766
CALCE,CS2_35,657,70.09224669997631,0,69.22364,69.82714305608302
CALCE,CS2_35,658,69.79481857796267,0,69.278244,69.90344574492683
CALCE,CS2_35,659,69.49490346038006,0,69.19955,69.80881760456325
CALCE,CS2_35,660,70.66130891537337,0,69.67756,70.21195404562741
CALCE,CS2_35,661,70.9486089729885,0,69.87492,70.38765707650622
CALCE,CS2_35,662,70.33911847943804,0,69.327835,69.88485793216378
CALCE,CS2_35,663,68.84644571649208,0,69.246544,69.87689936814908
CALCE,CS2_35,664,68.59733646981796,0,59.373344,60.81740321969147
CALCE,CS2_35,665,68.23349973106528,0,56.000763,57.809733557440694
CALCE,CS2_35,666,68.01587968479575,0,48.442814,51.20866251255529
CALCE,CS2_35,667,66.52860333732332,0,30.489937,35.70912677901095
CALCE,CS2_35,668,68.26088411989643,0,56.33918,58.11181687265008
CALCE,CS2_35,669,68.85121309317461,0,69.71177,70.27170950081538
CALCE,CS2_35,670,69.14985755693532,0,68.872894,69.4798614133663
CALCE,CS2_35,671,67.39891918157639,0,66.658875,67.50811169618208
CALCE,CS2_35,672,66.51456855861551,0,40.56032,43.75754223794306
CALCE,CS2_35,673,66.5650180503639,0,40.56032,43.771482089613365
CALCE,CS2_35,674,66.31354235032117,0,58.100964,60.04054685012704
CALCE,CS2_35,675,66.09628525785595,0,55.69825,57.79138785787601
CALCE,CS2_35,676,65.87090537791579,0,38.717453,42.13109225961571
CALCE,CS2_35,677,65.39269488998688,0,39.812622,43.30757703731456
CALCE,CS2_35,678,65.20758105539203,0,40.192734,43.339898718780034
CALCE,CS2_35,679,65.31978517854449,0,39.812622,43.330527349118185
CALCE,CS2_35,680,64.91566209754782,0,40.892555,44.072419202654885
CALCE,CS2_35,681,64.35207808556736,0,50.35107,48.531129253458985
CALCE,CS2_35,682,65.36113014963085,0,60.02322,61.26323862502325
CALCE,CS2_35,683,66.1328244760754,0,60.048016,61.67880119720522
CALCE,CS2_35,684,66.4204065149439,0,55.62065,57.69960377405586
CALCE,CS2_35,685,65.95553615216438,0,55.62065,57.74058097833502
CALCE,CS2_35,686,66.19380584321564,0,55.62065,57.66384618752741
CALCE,CS2_35,687,65.9594488771224,0,60.048016,61.7335973168949
CALCE,CS2_35,688,65.59095635365728,0,47.327286,51.0703747110105
CALCE,CS2_35,689,66.4264894842031,0,56.000763,57.78502528866626
CALCE,CS2_35,690,66.18477063485115,0,55.954483,57.705580831469014
CALCE,CS2_35,691,65.76353587150582,0,47.611176,51.30155082346431
CALCE,CS2_35,692,66.26141553344792,0,59.72397,60.5685016596198
CALCE,CS2_35,693,66.21590963476798,0,55.851048,57.601558127095274
CALCE,CS2_35,694,66.1201983022112,0,55.954483,57.746471169519005
CALCE,CS2_35,695,66.00396472817538,0,55.954483,57.77038549045068
CALCE,CS2_35,696,65.83456379842636,0,59.795334,61.524966353339295
CALCE,CS2_35,697,68.80508270699963,0,59.589794,61.01281136600085
CALCE,CS2_35,698,67.17927639873223,0,57.531445,60.31619256329154
CALCE,CS2_35,699,56.175186446426565,0,71.20415,71.48138030999057
CALCE,CS2_35,700,65.94748807452262,0,58.80256,58.24361753009147
CALCE,CS2_35,701,66.45394141561599,0,55.855812,57.638397185029135
CALCE,CS2_35,702,66.18265626746748,0,55.851048,57.601524067246075
CALCE,CS2_35,703,66.01009768827389,0,55.62065,57.73882783510726
CALCE,CS2_35,704,65.88166175728281,0,59.824898,60.68195342212192
CALCE,CS2_35,705,54.653276306743095,0,56.886196,58.4232289062702
CALCE,CS2_35,706,65.80199433230108,0,59.87233,60.76795262079153
CALCE,CS2_35,707,65.67329159118825,0,48.065655,50.35346196204914
CALCE,CS2_35,708,65.20430311498274,0,55.913124,57.72115179050203
CALCE,CS2_35,709,64.85577190949269,0,60.012047,61.745181766784114
CALCE,CS2_35,710,64.60522193306566,0,55.954483,57.720737776535174
CALCE,CS2_35,711,64.42629126728362,0,39.43797,43.03901867599192
CALCE,CS2_35,712,64.29088426783902,0,39.81808,43.08405958691476
CALCE,CS2_35,713,52.42622053559908,0,52.88396,54.21363189815553
CALCE,CS2_35,714,63.9545160340008,0,39.730442,42.989790362856006
CALCE,CS2_35,715,64.47230726675497,0,55.954483,57.78410494209899
CALCE,CS2_35,716,64.99439651317005,0,56.6834,58.470361362431525
CALCE,CS2_35,717,63.83244651812606,0,55.954483,57.71141575927488
CALCE,CS2_35,718,63.432420416355704,0,39.053543,42.42692188881816
CALCE,CS2_35,719,63.10395964700915,0,35.814434,39.691961637037835
CALCE,CS2_35,720,62.864745217317974,0,39.80883,43.0383340365523
CALCE,CS2_35,721,62.64464842081237,0,60.956356,62.237007298164045
CALCE,CS2_35,722,62.438392233966454,0,37.275368,40.82430190064068
CALCE,CS2_35,723,49.82812681850689,0,56.788647,58.2256996863728
CALCE,CS2_35,724,62.12695772039382,0,40.192734,43.37950607728767
CALCE,CS2_35,725,62.2320818175497,0,58.09104,59.38897710341281
CALCE,CS2_35,726,61.70427208612801,0,18.03973,24.39129850464192
CALCE,CS2_35,727,62.10770372909341,0,59.836678,61.14074984148364
CALCE,CS2_35,728,61.70547769108903,0,40.804916,44.00201560842774
CALCE,CS2_35,729,61.46412142620545,0,60.04274,61.17201153023295
CALCE,CS2_35,730,60.82527507002084,0,59.90776,61.55457275938515
CALCE,CS2_35,731,60.5214793028496,0,30.042503,34.0537511727472
CALCE,CS2_35,732,60.29619128769903,0,40.192734,43.40481491532904
CALCE,CS2_35,733,60.2461231104215,0,40.105095,43.370184580579235
CALCE,CS2_35,734,60.36562639650216,0,40.105095,43.29720935464418
CALCE,CS2_35,735,47.609671828714234,0,57.660843,59.44152135280679
CALCE,CS2_35,736,60.186303485855355,0,29.939564,34.0476765428724
CALCE,CS2_35,737,60.00458676662037,0,60.103107,61.56342097950606
CALCE,CS2_35,738,59.70609860510474,0,40.192734,43.410621447141104
CALCE,CS2_35,739,59.573833648215235,0,40.192734,43.36868887882112
CALCE,CS2_35,740,59.39892643050174,0,38.84879,42.2356921298767
CALCE,CS2_35,741,59.29102406834965,0,57.705173,59.344457550287984
CALCE,CS2_35,742,59.182791861678815,0,58.77408,60.35001553511391
CALCE,CS2_35,743,59.05282853893951,0,59.065754,60.59302863014467
CALCE,CS2_35,744,59.176185362806265,0,40.513237,43.72763990649332
CALCE,CS2_35,745,59.181897630611715,0,38.816956,42.2154052996992
CALCE,CS2_35,746,59.25040901705771,0,60.671303,62.317433719756835
CALCE,CS2_35,747,62.079152554757485,0,54.791058,56.65957737732112
CALCE,CS2_35,748,60.905347329839984,0,56.987736,58.650591270641456
CALCE,CS2_35,749,60.095107869082696,0,59.231228,60.41498064681808
CALCE,CS2_35,750,59.58616082963527,0,57.671192,58.91465992763837
CALCE,CS2_35,751,59.172055515410925,0,61.298954,62.360215956998644
CALCE,CS2_35,752,58.92955166223187,0,60.366367,61.90294776629642
CALCE,CS2_35,753,58.60707285043344,0,38.039547,41.429908366892434
CALCE,CS2_35,754,58.53026485438634,0,33.095722,37.120645802506914
CALCE,CS2_35,755,58.59781901592158,0,38.764957,42.12050854457227
CALCE,CS2_35,756,58.70410026389966,0,38.764957,42.08353648407362
CALCE,CS2_35,757,58.040392565041884,0,58.426525,59.99334512206208
CALCE,CS2_35,758,57.50344440592242,0,37.623913,41.07124028046913
CALCE,CS2_35,759,57.02120157746663,0,60.100925,61.73112740645868
CALCE,CS2_35,760,56.521381230870794,0,58.58918,60.909194111429784
CALCE,CS2_35,761,56.14477349100149,0,38.10622,41.47444434961072
CALCE,CS2_35,762,55.922676680881345,0,59.18654,61.42644340034887
CALCE,CS2_35,763,55.703321816809456,0,58.55612,60.88946822062391
CALCE,CS2_35,764,55.76416385261575,0,58.05037,60.259365153264255
CALCE,CS2_35,765,55.92409400393844,0,59.973595,61.32032840209489
CALCE,CS2_35,766,55.86185679828192,0,61.128506,63.22704135137451
CALCE,CS2_35,767,55.59735853153738,0,50.683193,45.05198817503148
CALCE,CS2_35,768,54.857680899136305,0,50.568195,41.31172547655984
CALCE,CS2_35,769,54.751448460265394,0,36.80986,40.31820972055513
CALCE,CS2_35,770,54.58130255289203,0,60.11862,62.36942827166526
CALCE,CS2_35,771,54.36523747160605,0,57.676483,60.05276876467347
CALCE,CS2_35,772,53.84329931122954,0,40.141056,39.93364193066127
CALCE,CS2_35,773,54.058607337620415,0,58.558666,60.86357161895174
CALCE,CS2_35,774,54.24116286022341,0,36.469383,40.323523060188414
CALCE,CS2_35,775,54.390379378466335,0,60.21566,62.39194726094151
CALCE,CS2_35,776,54.175924137143525,0,59.76186,61.62380741182757
CALCE,CS2_35,777,53.87835901201736,0,59.697086,62.064715730827004
CALCE,CS2_35,778,53.21054127905713,0,36.505,40.31241520543149
CALCE,CS2_35,779,53.00445631090059,0,58.857857,61.22781622420544
CALCE,CS2_35,780,52.60987862742132,0,60.89791,62.85772668807893
CALCE,CS2_35,781,52.423890391169735,0,57.95434,60.1681362199423
CALCE,CS2_35,782,51.900279074943235,0,40.523563,39.14439215321204
CALCE,CS2_35,783,52.04938180638475,0,57.946404,59.97904157033085
CALCE,CS2_35,784,51.84188373155365,0,76.05586,76.73266828433302
CALCE,CS2_35,785,51.653525565887946,0,64.175995,65.86378020754825
CALCE,CS2_35,786,51.45857950280249,0,54.791656,57.19536682654207
CALCE,CS2_35,787,37.16447317337914,0,53.36638,54.68056615209624
CALCE,CS2_35,788,53.12194537735561,0,36.40271,40.23112977017621
CALCE,CS2_35,789,53.6578225827209,0,61.130993,63.19105299126355
CALCE,CS2_35,790,53.390349762388,0,52.95418,45.49490724925971
CALCE,CS2_35,791,53.92473973161142,0,61.130993,62.900457737949196
CALCE,CS2_35,792,53.899379490109865,0,61.13868,63.17140667371376
CALCE,CS2_35,793,53.89262602566429,0,61.130993,62.879248148107024
CALCE,CS2_35,794,53.84935835639458,0,61.104996,63.12113960959687
CALCE,CS2_35,795,53.80158632967973,0,60.87649,62.89011099000142
CALCE,CS2_35,796,53.72262158709267,0,61.037113,63.0582001398908
CALCE,CS2_35,797,53.305491668658924,0,47.293602,50.624501634942725
CALCE,CS2_35,798,52.10927769396535,0,56.637398,59.20727525937477
CALCE,CS2_35,799,51.27001922851869,0,58.495235,60.419250667581
CALCE,CS2_35,800,50.648096713303545,0,55.095028,57.477294217815974
CALCE,CS2_35,801,50.158445606765625,0,74.78143,74.97759070348009
CALCE,CS2_35,802,49.725711848569595,0,43.457806,46.167756408574604
CALCE,CS2_35,803,49.29882180393469,0,65.05567,65.88989825515293
CALCE,CS2_35,804,49.105055202665866,0,66.41175,67.16213873965171
CALCE,CS2_35,805,48.790058237669015,0,43.369938,46.05867690396701
CALCE,CS2_35,806,48.97752492109244,0,52.40707,54.405502408354295
CALCE,CS2_35,807,48.77813131980993,0,47.11353,49.369672622655514
CALCE,CS2_35,808,48.24630259923809,0,65.83854,66.72493058270315
CALCE,CS2_35,809,48.45773506343954,0,66.05445,66.83238181146622
CALCE,CS2_35,810,48.0594815209015,0,6.4718075,14.164760722342901
CALCE,CS2_35,811,47.24510862124169,0,63.98288,64.4636565286218
CALCE,CS2_35,812,46.94852409665751,0,66.57174,68.02164108632881
CALCE,CS2_35,813,46.692415936132186,0,50.113323,50.36398342749322
CALCE,CS2_35,814,47.42143265398199,0,66.42993,66.9382672180892
CALCE,CS2_35,815,47.56651236627349,0,65.36458,66.28452827793845
CALCE,CS2_35,816,47.537966371184254,0,67.39448,68.13515195051006
CALCE,CS2_35,817,47.565572981504296,0,67.35265,68.20577600227982
CALCE,CS2_35,818,48.092476036213185,0,42.98812,45.5375357361456
CALCE,CS2_35,819,47.771345326331826,0,64.42912,65.3336229935859
CALCE,CS2_35,820,47.32085184194214,0,47.212875,50.09447315854578
CALCE,CS2_35,821,46.88006717428801,0,64.42912,65.87785155139301
CALCE,CS2_35,822,46.358622687471716,0,45.57753,46.277102393136005
CALCE,CS2_35,823,46.38872510315453,0,47.41625,50.54986832777565
CALCE,CS2_35,824,45.76454387692772,0,67.318344,68.84506466164332
CALCE,CS2_35,825,44.912587620014754,0,21.320381,26.238403122813985
CALCE,CS2_35,826,44.57000072494873,0,67.97558,69.35301717925414
CALCE,CS2_35,827,44.57811148111145,0,67.351166,68.80291222168972
CALCE,CS2_35,828,44.36360065727972,0,28.267225,33.20753507710609
CALCE,CS2_35,829,43.66095846056275,0,-1.9072969,6.027573468671655
CALCE,CS2_35,830,43.539459870951696,0,15.908899,18.267376324833194
CALCE,CS2_35,831,43.38056783747533,0,27.888937,32.73735238814329
CALCE,CS2_35,832,43.11768315525633,0,27.810673,32.679974133252124
CALCE,CS2_35,833,43.98290016455322,0,21.402655,26.637712979209823
CALCE,CS2_35,834,43.98290016455322,0,21.402655,26.637712979209823
CALCE,CS2_35,835,41.72852540383291,0,25.83008,30.36065402474506
CALCE,CS2_35,836,41.72852540383291,0,25.83008,30.36065402474506
CALCE,CS2_35,837,40.82776449164017,0,24.098654,28.585388040186402
CALCE,CS2_35,838,40.82776449164017,0,24.098654,28.585388040186402
CALCE,CS2_35,839,40.45240643573372,0,20.462847,25.31040709505404
CALCE,CS2_35,840,40.45240643573372,0,20.462847,25.31040709505404
CALCE,CS2_35,841,38.90116769873476,0,24.905437,30.37781532544453
CALCE,CS2_35,842,38.90116769873476,0,24.905437,30.37781532544453
CALCE,CS2_35,843,38.00501715812465,0,15.059296,21.397272054428328
CALCE,CS2_35,844,38.00501715812465,0,15.059296,21.397272054428328
CALCE,CS2_35,845,37.32442269343011,0,14.976752,21.29797611776638
CALCE,CS2_35,846,37.32442269343011,0,14.976752,21.29797611776638
CALCE,CS2_35,847,36.762313152713055,0,16.35922,22.840561234559736
CALCE,CS2_35,848,36.762313152713055,0,16.35922,22.840561234559736
CALCE,CS2_35,849,36.2785263833638,0,14.878212,21.11355851267976
CALCE,CS2_35,850,36.2785263833638,0,14.878212,21.11355851267976
CALCE,CS2_35,851,35.80464282454906,0,25.701656,30.846002730636073
CALCE,CS2_35,852,35.80464282454906,0,25.701656,30.846002730636073
CALCE,CS2_35,853,35.009795606668334,0,19.80033,25.40627057782773
CALCE,CS2_35,854,35.009795606668334,0,19.80033,25.40627057782773
CALCE,CS2_35,855,34.9267499908374,0,18.252598,24.108829981507863
CALCE,CS2_35,856,34.9267499908374,0,18.252598,24.108829981507863
CALCE,CS2_35,857,34.94038140745625,0,25.701656,30.769470523630567
CALCE,CS2_35,858,34.94038140745625,0,25.701656,30.769470523630567
CALCE,CS2_35,859,35.365747972150814,0,19.441616,25.12816724893571
CALCE,CS2_35,860,35.365747972150814,0,19.441616,25.12816724893571
CALCE,CS2_35,861,35.27521443428509,0,24.670658,29.893835422607815
CALCE,CS2_35,862,35.27521443428509,0,24.670658,29.893835422607815
CALCE,CS2_35,863,34.97512402081651,0,24.804794,30.032734048703972
CALCE,CS2_35,864,34.97512402081651,0,24.804794,30.032734048703972
CALCE,CS2_35,865,34.46250589766856,0,27.13983,30.831013708022056
CALCE,CS2_35,866,34.46250589766856,0,27.13983,30.831013708022056
CALCE,CS2_35,867,34.01588186089376,0,26.673653,31.62001142667593
CALCE,CS2_35,868,34.01588186089376,0,26.673653,31.62001142667593
CALCE,CS2_35,869,33.120184910407694,0,18.487707,23.170562822142735
CALCE,CS2_35,870,33.120184910407694,0,18.487707,23.170562822142735
CALCE,CS2_35,871,32.856606123843335,0,19.48126,25.36480207020015
CALCE,CS2_35,872,32.856606123843335,0,19.48126,25.36480207020015
CALCE,CS2_35,873,23.506856040913345,0,32.071686,37.098361687633066
CALCE,CS2_35,874,23.506856040913345,0,32.071686,37.098361687633066
CALCE,CS2_35,875,32.39557797396972,0,27.077282,32.19966883443661
CALCE,CS2_35,876,32.39557797396972,0,27.077282,32.19966883443661
CALCE,CS2_35,877,32.093893169636864,0,19.249205,25.194802789904752
CALCE,CS2_35,878,32.093893169636864,0,19.249205,25.194802789904752
CALCE,CS2_35,879,31.692956702226155,0,17.801256,23.59605045893486
CALCE,CS2_35,880,31.692956702226155,0,17.801256,23.59605045893486
CALCE,CS2_35,881,22.749354695667876,0,31.31479,36.41590582305595
CALCE,CS2_35,882,22.749354695667876,0,31.31479,36.41590582305595
CALCE,CS2_35,883,21.641112767462058,0,31.839422,36.37055111973561
CALCE,CS2_35,884,21.641112767462058,0,31.839422,36.37055111973561
CALCE,CS2_35,885,31.057057211561006,0,19.526533,25.41099792575659
CALCE,CS2_35,886,31.057057211561006,0,19.526533,25.41099792575659
CALCE,CS2_35,887,30.604125525275716,0,14.113663,19.937236415313606
CALCE,CS2_35,888,30.604125525275716,0,14.113663,19.937236415313606
CALCE,CS2_35,889,31.144061780444403,0,19.372316,25.36286065507758
CALCE,CS2_35,890,31.144061780444403,0,19.372316,25.36286065507758
CALCE,CS2_35,891,31.363169889316605,0,19.372316,25.03257901788266
CALCE,CS2_35,892,31.363169889316605,0,19.372316,25.03257901788266
CALCE,CS2_35,893,22.528158438561185,0,31.31479,36.437425527930536
CALCE,CS2_35,894,22.528158438561185,0,31.31479,36.437425527930536
CALCE,CS2_35,895,31.79343469924033,0,24.940151,30.33088913835249
CALCE,CS2_35,896,31.79343469924033,0,24.940151,30.33088913835249
CALCE,CS2_35,897,31.78687609005566,0,18.386856,24.3765926908165
CALCE,CS2_35,898,31.78687609005566,0,18.386856,24.3765926908165
CALCE,CS2_35,899,31.476742340426327,0,19.249205,24.947021689600895
CALCE,CS2_35,900,31.476742340426327,0,19.249205,24.947021689600895
CALCE,CS2_35,901,30.54015303373368,0,19.372316,25.43552358816641
CALCE,CS2_35,902,30.54015303373368,0,19.372316,25.43552358816641
CALCE,CS2_35,903,29.508075596296834,0,19.575752,24.670415737945866
CALCE,CS2_35,904,29.508075596296834,0,19.575752,24.670415737945866
CALCE,CS2_35,905,29.21236665451469,0,17.73061,23.045409459666935
CALCE,CS2_35,906,29.21236665451469,0,17.73061,23.045409459666935
CALCE,CS2_35,907,28.87911115590449,0,19.441616,24.623914029727892
CALCE,CS2_35,908,28.87911115590449,0,19.441616,24.623914029727892
CALCE,CS2_35,909,28.58611323672957,0,19.575752,23.892844593948197
CALCE,CS2_35,910,28.58611323672957,0,19.575752,23.892844593948197
CALCE,CS2_35,911,28.36414314880034,0,19.575752,23.460777664248365
CALCE,CS2_35,912,28.36414314880034,0,19.575752,23.460777664248365
CALCE,CS2_35,913,28.12223944232133,0,19.575752,23.691983709952282
CALCE,CS2_35,914,28.12223944232133,0,19.575752,23.691983709952282
CALCE,CS2_35,915,27.82390098363247,0,0.5776297,6.979052335645264
CALCE,CS2_35,916,27.82390098363247,0,0.5776297,6.979052335645264
CALCE,CS2_35,917,27.550389324460774,0,19.845245,23.526174813027076
CALCE,CS2_35,918,27.550389324460774,0,19.845245,23.526174813027076
CALCE,CS2_35,919,27.663217749237116,0,19.845245,23.52392192235925
CALCE,CS2_35,920,27.663217749237116,0,19.845245,23.52392192235925
CALCE,CS2_35,921,27.802424041051005,0,19.845245,23.7420294700159
CALCE,CS2_35,922,27.802424041051005,0,19.845245,23.7420294700159
CALCE,CS2_35,923,27.65373930529972,0,18.626493,22.157630839134757
CALCE,CS2_35,924,27.65373930529972,0,18.626493,22.157630839134757
CALCE,CS2_35,925,27.576420402821032,0,19.845245,23.753112226622935
CALCE,CS2_35,926,27.576420402821032,0,19.845245,23.753112226622935
CALCE,CS2_35,927,26.928393288653435,0,18.626493,22.18185417005582
CALCE,CS2_35,928,26.928393288653435,0,18.626493,22.18185417005582
CALCE,CS2_35,929,27.24423705864605,0,19.845245,23.550145018855304
CALCE,CS2_35,930,27.24423705864605,0,19.845245,23.550145018855304
CALCE,CS2_35,931,26.688555294441596,0,19.575752,22.830367652265764
CALCE,CS2_35,932,26.688555294441596,0,19.575752,22.830367652265764
CALCE,CS2_36,1,100.10565007731027,96,85.28631,84.72701204115357
CALCE,CS2_36,2,100.0,95,82.16411,81.67550488480708
CALCE,CS2_36,3,99.9585801179834,94,82.56607,82.04642925612104
CALCE,CS2_36,4,99.86307981945785,93,83.4166,82.57383897471122
CALCE,CS2_36,5,99.60941189831509,92,82.53608,82.01962094653338
CALCE,CS2_36,6,99.58088881687662,91,85.44886,84.68958536079505
CALCE,CS2_36,7,98.41163843279199,90,82.944626,78.85387196595431
CALCE,CS2_36,8,98.36857739940014,89,83.19451,82.70154396090987
CALCE,CS2_36,9,98.08262625072051,88,85.31741,84.67568385274329
CALCE,CS2_36,10,97.86731635656096,87,85.184975,84.46482641858226
CALCE,CS2_36,11,97.55528163589118,86,85.4093,84.72770375707283
CALCE,CS2_36,12,98.01050613260696,85,82.87449,82.38815890143528
CALCE,CS2_36,13,98.13401464565852,84,85.649925,84.82770140632077
CALCE,CS2_36,14,98.14380953271726,83,83.87919,82.78968480609245
CALCE,CS2_36,15,97.32651435026874,82,83.51406,78.88290404006545
CALCE,CS2_36,16,98.09156381631479,81,85.65638,85.01715731134924
CALCE,CS2_36,17,98.06501002176496,80,85.10734,84.34750465029954
CALCE,CS2_36,18,98.04653475541879,79,85.10734,84.34166244084257
CALCE,CS2_36,19,97.98944078463641,78,87.46352,86.34757912367569
CALCE,CS2_36,20,97.923131738175,77,87.44252,86.32640039827906
CALCE,CS2_36,21,97.86632274492325,76,87.44252,86.3274018689393
CALCE,CS2_36,22,97.8096463492808,75,85.67992,84.88447413827723
CALCE,CS2_36,23,97.77328453524402,74,85.67992,84.86803602007755
CALCE,CS2_36,24,96.94641481481735,73,86.75823,86.17162595626881
CALCE,CS2_36,25,96.87369509538291,72,86.75823,86.14630516336406
CALCE,CS2_36,26,96.81494700989354,71,83.537994,79.10985120001271
CALCE,CS2_36,27,96.76356997044542,70,86.75823,86.12905157252573
CALCE,CS2_36,28,96.65732495397032,69,85.86124,85.06375133130881
CALCE,CS2_36,29,96.30888538739305,68,86.25482,85.62880457098609
CALCE,CS2_36,30,96.10697810031603,67,86.908134,86.06568778530816
CALCE,CS2_36,31,95.96289528790548,66,85.92322,85.1236404529818
CALCE,CS2_36,32,95.78001029454532,65,85.31979,84.6594769651343
CALCE,CS2_36,33,96.48730962320082,64,85.07649,84.3753205265775
CALCE,CS2_36,34,95.80101259113154,63,84.90839,80.41721885513874
CALCE,CS2_36,35,95.76621683328572,62,85.38201,84.75138703932738
CALCE,CS2_36,36,95.43166590724016,61,86.04271,85.33816118276472
CALCE,CS2_36,37,95.39096630721163,60,85.36803,84.80314816613512
CALCE,CS2_36,38,95.25969298493948,59,85.413826,84.76197034680315
CALCE,CS2_36,39,95.3138014723441,58,88.205124,87.22711927914615
CALCE,CS2_36,40,95.92333902673349,57,87.38182,86.25574948801848
CALCE,CS2_36,41,95.20777720395307,56,87.096466,81.91719766705656
CALCE,CS2_36,42,94.32749600560061,55,89.25389,84.76136075442884
CALCE,CS2_36,43,94.98246098859472,54,87.47988,86.5206575959698
CALCE,CS2_36,44,94.14560041064223,53,89.19787,84.16776517246664
CALCE,CS2_36,45,94.88907414135109,52,85.99365,85.22421960959717
CALCE,CS2_36,46,94.77515162722739,51,86.2783,85.43579629916866
CALCE,CS2_36,47,94.65546631129652,50,84.583496,79.94293825224743
CALCE,CS2_36,48,95.57717147672078,49,87.120544,86.2317158645926
CALCE,CS2_36,49,94.84337727049106,48,86.183815,85.54433699005325
CALCE,CS2_36,50,94.72014611451715,47,87.68088,86.60324895168291
CALCE,CS2_36,51,94.62597464316225,46,88.35848,87.41704788774783
CALCE,CS2_36,52,93.72990418091463,45,88.720726,83.65672743662991
CALCE,CS2_36,53,94.342025215798,44,85.227905,84.52994978616417
CALCE,CS2_36,54,97.43456521696659,43,85.48881,84.87017986044546
CALCE,CS2_36,55,97.21416947593148,42,85.31741,84.59294284679008
CALCE,CS2_36,56,96.70330631844422,41,84.36131,80.48896376962267
CALCE,CS2_36,57,97.47315060471095,40,85.71574,85.14166043992994
CALCE,CS2_36,58,96.74145197994781,39,85.426575,84.64973210509608
CALCE,CS2_36,59,86.5703309563731,38,81.19278,80.88597913500531
CALCE,CS2_36,60,96.393242115115,37,85.67992,84.90867480147061
CALCE,CS2_36,61,96.2045464436516,36,83.81484,83.36284104251985
CALCE,CS2_36,62,94.80403797933963,35,84.22082,80.18199338505828
CALCE,CS2_36,63,95.78562207439296,34,85.51891,84.81095434679324
CALCE,CS2_36,64,95.62829293746063,33,82.88978,82.3851416884147
CALCE,CS2_36,65,95.08658101887943,32,85.68726,85.12735396902926
CALCE,CS2_36,66,94.9678460660681,31,86.43547,85.83899517361034
CALCE,CS2_36,67,94.8314086770852,30,85.70733,85.16403577495045
CALCE,CS2_36,68,94.74127798751613,29,86.8127,86.15548530118538
CALCE,CS2_36,69,94.44937063304519,28,86.06466,85.37585827865985
CALCE,CS2_36,70,93.78694873182086,27,90.998566,85.85420245865106
CALCE,CS2_36,71,93.73600772562185,26,86.33483,86.18913450518438
CALCE,CS2_36,72,93.34198355204657,25,85.56408,81.17168544414707
CALCE,CS2_36,73,93.27931827110784,24,86.11051,81.40240088876206
CALCE,CS2_36,74,94.02034840530496,23,86.53522,85.82274001861649
CALCE,CS2_36,75,93.9481212807375,22,86.442696,85.83501264213054
CALCE,CS2_36,76,93.80364985122131,21,87.69734,86.6529383422552
CALCE,CS2_36,77,94.00547538851751,20,86.42971,85.66979771830971
CALCE,CS2_36,78,93.94586599107309,19,87.75801,86.80470613446748
CALCE,CS2_36,79,93.87848326115108,18,86.04271,85.31264554953417
CALCE,CS2_36,80,93.03171267152588,17,86.078835,80.84371673681065
CALCE,CS2_36,81,93.79841873946738,16,87.658775,86.62928634849744
CALCE,CS2_36,82,83.65495730312779,15,72.32798,72.68237978043224
CALCE,CS2_36,83,82.79049656111032,14,73.84348,70.32170317055751
CALCE,CS2_36,84,93.64461812852703,13,86.00002,85.27718027152584
CALCE,CS2_36,85,93.57396119607264,12,85.3966,84.69538706246392
CALCE,CS2_36,86,93.52525027703969,11,87.72342,86.65218797783264
CALCE,CS2_36,87,93.4733055033939,10,85.89323,85.167595021035
CALCE,CS2_36,88,83.18041662428553,9,72.42122,72.85883366658545
CALCE,CS2_36,89,93.376685267325,8,85.31979,84.63045838605164
CALCE,CS2_36,90,92.59594900462605,7,89.90722,84.85689136930311
CALCE,CS2_36,91,93.28315874343345,6,86.198814,85.5420806607199
CALCE,CS2_36,92,93.22373358886968,5,87.57882,86.51671607672925
CALCE,CS2_36,93,93.12548611760242,4,85.98024,85.28479289231355
CALCE,CS2_36,94,92.56687395853073,3,86.442696,85.6951197130956
CALCE,CS2_36,95,92.43959020140645,2,85.93313,85.27548811578596
CALCE,CS2_36,96,92.33597455523955,1,85.397865,84.79804249235563
CALCE,CS2_36,98,93.02531929135216,0,82.21381,81.8232223647136
CALCE,CS2_36,99,92.20245487051928,0,84.960175,80.70498401235206
CALCE,CS2_36,100,92.9455741041119,0,86.04271,85.30234940428305
CALCE,CS2_36,101,93.41657390149506,0,86.293,85.44563735503738
CALCE,CS2_36,102,93.51397369658956,0,85.07649,84.30548942112523
CALCE,CS2_36,103,93.06220199928885,0,88.055626,87.07785993054313
CALCE,CS2_36,104,92.80235884912564,0,86.07963,85.32603714395516
CALCE,CS2_36,105,92.79129600519205,0,85.81784,85.08508214958266
CALCE,CS2_36,106,92.75354744297464,0,85.941284,85.182684804235
CALCE,CS2_36,107,92.51672058574084,0,85.95284,85.15647766340524
CALCE,CS2_36,108,93.09873765379226,0,86.26354,85.55476088089128
CALCE,CS2_36,109,93.23202966376147,0,83.58102,83.16192861437038
CALCE,CS2_36,110,82.6130013793535,0,72.993195,69.22547807064664
CALCE,CS2_36,111,92.36825052481595,0,87.3436,86.27282506474762
CALCE,CS2_36,112,92.36364974375108,0,86.04035,85.3767157364725
CALCE,CS2_36,113,92.34559897532779,0,86.04035,85.36155713231257
CALCE,CS2_36,114,92.11465877746764,0,85.98024,85.18569990557387
CALCE,CS2_36,115,92.40776011813334,0,86.29719,85.65296014653754
CALCE,CS2_36,116,92.81578465287124,0,89.10934,88.09505286004732
CALCE,CS2_36,117,82.21623561480092,0,74.164,69.86516465601726
CALCE,CS2_36,118,92.03375843822758,0,85.287315,84.51245635688876
CALCE,CS2_36,119,91.92399971799881,0,85.88441,85.18311120447159
CALCE,CS2_36,120,91.94919139270874,0,85.3113,84.62261565587917
CALCE,CS2_36,121,90.9823500322482,0,86.531166,86.6724473247874
CALCE,CS2_36,122,91.61159906914367,0,87.119415,86.40163730216861
CALCE,CS2_36,123,91.56954507562,0,91.85148,86.9051325723732
CALCE,CS2_36,124,91.65650061288969,0,89.00922,83.88188832745338
CALCE,CS2_36,125,92.61190684621025,0,85.86124,85.04365548432082
CALCE,CS2_36,126,92.72286568985487,0,86.40586,85.4868678824958
CALCE,CS2_36,127,91.99474013045023,0,88.433525,83.53304701820527
CALCE,CS2_36,128,92.04629034756266,0,87.64052,82.66336304640427
CALCE,CS2_36,129,92.89525244320672,0,85.517044,84.83395769412164
CALCE,CS2_36,130,92.96477524170888,0,86.059105,85.32529371050087
CALCE,CS2_36,131,92.9703432917907,0,82.87449,82.32102739392546
CALCE,CS2_36,132,92.9901627564367,0,82.8328,82.38450173148333
CALCE,CS2_36,133,93.01034511406678,0,84.50876,83.44303986759725
CALCE,CS2_36,134,93.02259132823475,0,83.08444,82.53668532791173
CALCE,CS2_36,135,93.03150309846797,0,87.46516,86.33389581606515
CALCE,CS2_36,136,93.04385418308253,0,82.39588,81.93896323876696
CALCE,CS2_36,137,93.04422973022953,0,82.39588,81.92949203600742
CALCE,CS2_36,138,93.04356869987606,0,83.49739,83.00898220069605
CALCE,CS2_36,139,92.43268909030917,0,84.503914,83.85881279705382
CALCE,CS2_36,140,91.771487933001,0,85.34378,84.7735325350906
CALCE,CS2_36,141,91.72886389760029,0,87.45481,86.6979614742945
CALCE,CS2_36,142,91.66911521307694,0,87.7912,86.90148577746055
CALCE,CS2_36,143,91.4784396407901,0,87.14672,86.34208340220381
CALCE,CS2_36,144,92.14991323523279,0,86.26354,85.57443947737497
CALCE,CS2_36,145,92.39482626539169,0,83.08444,82.55256076371727
CALCE,CS2_36,146,92.20316746141934,0,88.54831,87.65987705096363
CALCE,CS2_36,147,91.3501808346841,0,87.05732,86.20282497444028
CALCE,CS2_36,148,92.0973735182383,0,88.10305,87.02808111008416
CALCE,CS2_36,149,92.23996182268492,0,86.81761,86.11843165844975
CALCE,CS2_36,150,92.73278860590555,0,85.07649,84.31962905797168
CALCE,CS2_36,151,92.7979963662018,0,87.92089,86.98712834491174
CALCE,CS2_36,152,91.69694715499288,0,86.27871,85.49327394140242
CALCE,CS2_36,153,91.69603365162354,0,87.73562,86.81121707753212
CALCE,CS2_36,154,91.72902301931397,0,87.08416,86.22471952966242
CALCE,CS2_36,155,91.62409003090403,0,87.7838,86.80626807320023
CALCE,CS2_36,156,91.59186326415087,0,87.8127,86.90020831395755
CALCE,CS2_36,157,92.29312031708979,0,85.67992,84.90449194180725
CALCE,CS2_36,158,92.40638485549822,0,82.39588,81.9542658423421
CALCE,CS2_36,159,91.57271842436036,0,87.8059,86.94720579225113
CALCE,CS2_36,160,91.40713900519565,0,87.19857,86.44073719723819
CALCE,CS2_36,161,91.39628391736044,0,87.021164,86.25420906016653
CALCE,CS2_36,162,90.56879811485038,0,86.98344,82.98144002387022
CALCE,CS2_36,163,91.11223437624041,0,87.54533,86.73481084251237
CALCE,CS2_36,164,91.94046438365437,0,87.623474,86.76734482369594
CALCE,CS2_36,165,92.11400340724282,0,85.649925,84.89221856233101
CALCE,CS2_36,166,91.3991742227926,0,87.77578,86.85991260037143
CALCE,CS2_36,167,91.07829453425799,0,86.98119,86.26017758560975
CALCE,CS2_36,168,91.18405978176033,0,87.05732,86.22891901080928
CALCE,CS2_36,169,91.10266022846402,0,87.096466,86.33917133512632
CALCE,CS2_36,170,90.89033166097376,0,87.404854,86.66081598615851
CALCE,CS2_36,171,91.62610264275351,0,88.43505,87.27833534724465
CALCE,CS2_36,172,91.82122780051972,0,84.939186,84.30000794877203
CALCE,CS2_36,173,81.95844807487121,0,68.25177,69.180037116504
CALCE,CS2_36,174,91.91801763010841,0,86.569214,85.74392133456108
CALCE,CS2_36,175,91.15608717576849,0,89.02972,84.46891691171744
CALCE,CS2_36,176,92.0085462191828,0,88.53711,87.42556856449632
CALCE,CS2_36,177,91.2515016311233,0,88.192856,82.99729012117703
CALCE,CS2_36,178,91.28280613491935,0,88.43563,83.04232169276507
CALCE,CS2_36,179,91.28466919285827,0,87.53147,87.0244019720974
CALCE,CS2_36,180,91.28044222658285,0,85.332146,80.06154922982611
CALCE,CS2_36,181,92.07647155435228,0,83.51572,83.01150807439065
CALCE,CS2_36,182,91.27813633018452,0,85.27972,79.93052672043065
CALCE,CS2_36,183,92.09065625241021,0,83.51572,83.00722449586803
CALCE,CS2_36,184,92.1038483210139,0,83.51572,82.99042117008075
CALCE,CS2_36,185,92.11353631403215,0,87.78699,86.83246810682367
CALCE,CS2_36,186,92.20788168575655,0,88.15849,86.98938187486634
CALCE,CS2_36,187,92.2224626510963,0,85.649925,84.83654775536216
CALCE,CS2_36,188,91.31185003658653,0,87.202545,86.29431641248405
CALCE,CS2_36,189,91.09648091609907,0,87.706154,86.94146760270458
CALCE,CS2_36,190,91.05421587610584,0,87.84518,87.03151857175197
CALCE,CS2_36,191,90.97232809754911,0,87.59688,86.72060437443902
CALCE,CS2_36,192,90.70894014811813,0,87.673676,86.84286028147257
CALCE,CS2_36,193,91.45643799673076,0,87.59688,86.68774427043554
CALCE,CS2_36,194,91.5990703359481,0,84.41825,83.70858652474213
CALCE,CS2_36,195,90.99680586611244,0,87.59688,86.73749323400023
CALCE,CS2_36,196,90.63280295492888,0,87.75032,86.85206957626443
CALCE,CS2_36,197,90.69073800808538,0,89.38842,88.43260090456785
CALCE,CS2_36,198,90.98535428336511,0,87.530624,86.68277533807715
CALCE,CS2_36,199,90.8614333121106,0,87.15376,86.9420007052607
CALCE,CS2_36,200,91.8083335027437,0,86.90591,86.0700762157009
CALCE,CS2_36,201,91.3012764460025,0,87.65629,86.74579206153388
CALCE,CS2_36,202,90.88854254989454,0,88.11163,87.1236463934096
CALCE,CS2_36,203,91.01377447220428,0,88.378746,87.10065848123631
CALCE,CS2_36,204,90.95907259444336,0,87.22867,86.4869276739832
CALCE,CS2_36,205,80.35744872897858,0,71.735275,72.41844927747164
CALCE,CS2_36,206,91.09146481014854,0,84.41825,83.76845914940043
CALCE,CS2_36,207,91.4570822651253,0,84.16046,83.56646796337937
CALCE,CS2_36,208,90.75642042043387,0,87.41193,87.06823933758443
CALCE,CS2_36,209,90.71518865709432,0,86.90591,86.00349684742754
CALCE,CS2_36,210,90.72464132491696,0,86.90591,86.09956263100362
CALCE,CS2_36,211,90.67703509911982,0,88.12007,87.0380736606589
CALCE,CS2_36,212,89.85729464954699,0,90.95193,85.71873133786164
CALCE,CS2_36,213,90.67581707209372,0,87.59962,86.79714746903096
CALCE,CS2_36,214,90.53202840207636,0,87.27331,86.89954091823044
CALCE,CS2_36,215,90.63899286546008,0,88.71954,83.47284061497976
CALCE,CS2_36,216,89.89969775935566,0,90.78793,85.86212426038063
CALCE,CS2_36,217,90.66084338757686,0,88.10305,87.0111609954169
CALCE,CS2_36,218,90.70742665136243,0,88.16939,87.1108646011114
CALCE,CS2_36,219,91.37349229704306,0,84.16046,83.60904318882528
CALCE,CS2_36,220,90.66785454338425,0,89.18319,83.99050298631879
CALCE,CS2_36,221,90.66609474999456,0,86.52374,81.56634770085998
CALCE,CS2_36,222,91.48222452213804,0,84.13047,83.5249079892625
CALCE,CS2_36,223,91.49508258623759,0,84.13047,83.51232389579626
CALCE,CS2_36,224,90.7023431897352,0,86.12834,81.32290399285124
CALCE,CS2_36,225,90.72147053314323,0,85.8375,81.16590014864119
CALCE,CS2_36,226,90.80022337531686,0,87.53147,87.11289511118332
CALCE,CS2_36,227,91.58836667549818,0,88.017075,86.83185411210192
CALCE,CS2_36,228,90.79193710494499,0,84.64274,80.29429774821669
CALCE,CS2_36,229,81.18664269454473,0,69.086296,66.37355262631013
CALCE,CS2_36,230,90.76594301666609,0,85.85786,81.34770573715095
CALCE,CS2_36,231,90.7664676479863,0,85.92109,81.42769393392483
CALCE,CS2_36,232,90.76993940601044,0,87.53147,87.12027486596136
CALCE,CS2_36,233,90.7603036663971,0,85.85786,81.34188591810575
CALCE,CS2_36,234,91.56891970540993,0,86.36332,85.4691970458179
CALCE,CS2_36,235,90.76789609832363,0,85.85786,81.36492322277779
CALCE,CS2_36,236,91.56049014081194,0,86.9359,86.00616478084797
CALCE,CS2_36,237,90.74973059994407,0,85.38333,80.96468730214784
CALCE,CS2_36,238,90.78043534010607,0,87.59688,86.68081476833775
CALCE,CS2_36,239,89.90973288697775,0,87.77445,83.17138257370208
CALCE,CS2_36,240,90.62831446047898,0,87.05732,86.22110867010693
CALCE,CS2_36,241,89.59127975392461,0,90.74485,86.11904277560771
CALCE,CS2_36,242,90.19343042355864,0,87.53993,86.79469768473389
CALCE,CS2_36,243,90.87469118966588,0,86.90591,85.9969208129978
CALCE,CS2_36,244,91.04369144727293,0,87.59688,86.69564317960048
CALCE,CS2_36,245,89.78131835614678,0,89.44071,85.05291580070958
CALCE,CS2_36,246,89.37399907367606,0,87.86798,83.50907079179414
CALCE,CS2_36,247,90.20345107555428,0,87.22744,86.38929454690665
CALCE,CS2_36,248,91.50216559018645,0,85.95513,85.3540485746836
CALCE,CS2_36,249,91.13955303883002,0,86.64668,86.64132878751239
CALCE,CS2_36,250,92.16403867655319,0,88.02994,86.93431180709347
CALCE,CS2_36,251,91.78856206452517,0,85.64444,85.00613109909102
CALCE,CS2_36,252,91.11518647440853,0,87.39547,86.58300464462893
CALCE,CS2_36,253,90.28089569346814,0,84.83296,80.95824825522449
CALCE,CS2_36,254,91.01732186936691,0,87.02591,86.28765569990627
CALCE,CS2_36,255,12.862606604823974,0,55.6096,52.66057876273206
CALCE,CS2_36,256,90.37824092067474,0,84.03213,83.58899441154013
CALCE,CS2_36,257,89.33257094736013,0,87.73009,84.1035724137513
CALCE,CS2_36,258,90.91477385604946,0,87.300385,86.47593905531465
CALCE,CS2_36,259,91.07290539979336,0,88.35027,87.42046464551899
CALCE,CS2_36,260,90.64095546968115,0,84.224915,83.69916204333383
CALCE,CS2_36,261,90.12738971572982,0,86.82755,86.21050136127138
CALCE,CS2_36,262,90.15192753137457,0,84.30441,83.87126143093882
CALCE,CS2_36,263,90.20921639447373,0,87.105515,86.37700375641859
CALCE,CS2_36,264,90.14780418378446,0,80.064316,80.0161618948034
CALCE,CS2_36,265,90.00627023718992,0,87.55493,86.84184545553912
CALCE,CS2_36,266,90.03180260885648,0,87.62132,86.90226801375005
CALCE,CS2_36,267,90.65045886142087,0,84.563194,84.02971764059173
CALCE,CS2_36,268,90.92205092353778,0,87.455124,86.61107054397557
CALCE,CS2_36,269,90.88654808848202,0,87.91388,87.07162928734711
CALCE,CS2_36,270,90.0268908996439,0,87.3216,86.53166900847536
CALCE,CS2_36,271,89.3080617605879,0,87.86798,83.47921268221967
CALCE,CS2_36,272,89.93733324058172,0,87.12646,86.41792635533872
CALCE,CS2_36,273,89.8230448390228,0,86.850266,86.09077274348125
CALCE,CS2_36,274,90.04137026034168,0,86.73429,86.02556245893508
CALCE,CS2_36,275,90.47660299254994,0,87.21465,86.39179317288776
CALCE,CS2_36,276,90.56475189381324,0,88.60148,87.61654798235593
CALCE,CS2_36,277,89.60530222216676,0,86.794815,86.17211760144967
CALCE,CS2_36,278,89.62580380246635,0,87.11342,86.4054159148824
CALCE,CS2_36,279,89.59459204571178,0,86.98119,86.40547903405145
CALCE,CS2_36,280,89.59561815648433,0,87.0833,86.35152023519404
CALCE,CS2_36,281,89.56549251599614,0,88.19384,87.2139448280935
CALCE,CS2_36,282,90.09022684330648,0,84.906494,84.28760448296201
CALCE,CS2_36,283,90.19673281986853,0,84.13047,83.57152805131722
CALCE,CS2_36,284,90.24641347602082,0,87.340546,86.55779938507067
CALCE,CS2_36,285,89.47645624601395,0,84.80834,81.06584893520305
CALCE,CS2_36,286,90.31539042613839,0,87.445465,86.51860789591453
CALCE,CS2_36,287,90.348810749732,0,87.31509,86.50517284843211
CALCE,CS2_36,288,90.40896972360606,0,87.59688,86.86038309279617
CALCE,CS2_36,289,90.40299887580807,0,88.20094,87.1363524560885
CALCE,CS2_36,290,89.63334249853534,0,87.81987,83.41959345085844
CALCE,CS2_36,291,90.38575689583256,0,87.59688,86.81916884172564
CALCE,CS2_36,292,90.35451436093155,0,88.22171,87.14295088821325
CALCE,CS2_36,293,90.45305890993205,0,87.16497,86.49964504510233
CALCE,CS2_36,294,90.40504781623864,0,87.59688,86.76390597299071
CALCE,CS2_36,295,90.43622269017682,0,87.16497,86.45081839626519
CALCE,CS2_36,296,90.44633997977989,0,88.41965,87.3165169823297
CALCE,CS2_36,297,90.49062908663772,0,88.615486,87.4942746046828
CALCE,CS2_36,298,90.16528590763282,0,84.14576,83.56765656987582
CALCE,CS2_36,299,88.39085811125558,0,87.95022,83.80578173326678
CALCE,CS2_36,300,89.31906815881693,0,87.3216,86.53798848322289
CALCE,CS2_36,301,89.14215152199155,0,86.70961,86.03871870003469
CALCE,CS2_36,302,88.97932141560703,0,87.05784,86.33978338872676
CALCE,CS2_36,303,89.33883781174877,0,87.86339,86.82576111582908
CALCE,CS2_36,304,89.77154690177784,0,87.445465,86.57636874313059
CALCE,CS2_36,305,89.84313125624276,0,88.43431,87.51068632616145
CALCE,CS2_36,306,88.82141741880778,0,86.98119,86.22253101527974
CALCE,CS2_36,307,88.76924081320031,0,86.856155,86.1273868467115
CALCE,CS2_36,308,88.78870902940635,0,86.94751,86.3168218560293
CALCE,CS2_36,309,88.76074442481811,0,87.45708,86.78850771408833
CALCE,CS2_36,310,88.52285270171444,0,86.84855,86.27209849070404
CALCE,CS2_36,311,88.45088515656762,0,86.86248,82.3677541784335
CALCE,CS2_36,312,89.37532113516397,0,84.58541,84.06364585869464
CALCE,CS2_36,313,78.11118344568324,0,67.85115,68.90537673746013
CALCE,CS2_36,314,89.52842196105367,0,86.86663,86.1687221062911
CALCE,CS2_36,315,89.4404723941684,0,86.82755,86.2748563526467
CALCE,CS2_36,316,89.89181840154988,0,83.73719,83.26309217645003
CALCE,CS2_36,317,90.09890632480729,0,87.80051,87.03661853907232
CALCE,CS2_36,318,90.1347979945627,0,87.3836,86.63656696828687
CALCE,CS2_36,319,89.03064114285742,0,86.695946,86.02376112292201
CALCE,CS2_36,320,89.02004199758227,0,87.13932,86.55308344012967
CALCE,CS2_36,321,88.92309642459577,0,87.14385,86.48473867548678
CALCE,CS2_36,322,88.86063326517909,0,87.22162,86.55002544989065
CALCE,CS2_36,323,88.94438374397522,0,86.65142,85.67870451418847
CALCE,CS2_36,324,88.60843231829485,0,87.78226,83.65170024413219
CALCE,CS2_36,325,89.49420118739842,0,87.01109,86.43119919734247
CALCE,CS2_36,326,88.7192045167217,0,88.01169,82.9700794382448
CALCE,CS2_36,327,89.53702285101521,0,83.73719,83.41028000083513
CALCE,CS2_36,328,89.59542161822547,0,83.73719,83.16808660820791
CALCE,CS2_36,329,89.59203243927908,0,83.73719,83.17340048179312
CALCE,CS2_36,330,89.58004893785332,0,83.73719,83.17559837244383
CALCE,CS2_36,331,89.5501684075502,0,88.1686,87.2115537718575
CALCE,CS2_36,332,89.53059327579074,0,84.17411,83.91434056442586
CALCE,CS2_36,333,89.50166791103692,0,83.73719,83.31892003267649
CALCE,CS2_36,334,79.01008075266877,0,66.19775,67.47227788274945
CALCE,CS2_36,335,89.45675007373279,0,84.60968,84.17895486516602
CALCE,CS2_36,336,89.45859003035162,0,87.08731,86.33577869800946
CALCE,CS2_36,337,89.45287391633249,0,87.59688,86.80160283003873
CALCE,CS2_36,338,79.06202035101592,0,64.316696,65.62846417500867
CALCE,CS2_36,339,89.42585793696158,0,84.30996,83.78197551275598
CALCE,CS2_36,340,89.40288290036767,0,84.30996,83.74892319872765
CALCE,CS2_36,341,88.33318583124313,0,87.09872,86.27844148516755
CALCE,CS2_36,342,88.07443459570491,0,86.32061,85.75232395903407
CALCE,CS2_36,343,87.98960462091111,0,87.06339,86.32376153394945
CALCE,CS2_36,344,87.8274725797835,0,86.695946,86.02339465689123
CALCE,CS2_36,345,87.602384814215,0,86.86921,86.1783336928342
CALCE,CS2_36,346,88.50242058451808,0,87.212555,86.65329114762908
CALCE,CS2_36,347,88.6412723905803,0,87.27425,86.62031955447061
CALCE,CS2_36,348,88.00849179324719,0,87.14385,86.5451475346842
CALCE,CS2_36,349,87.53013082732826,0,86.83556,86.13430066819167
CALCE,CS2_36,350,87.54810589631357,0,86.93723,86.39701013007821
CALCE,CS2_36,351,87.38898297866501,0,86.96454,86.23633103080995
CALCE,CS2_36,352,87.42158485332193,0,86.60443,85.92363451128244
CALCE,CS2_36,353,87.91473310916302,0,86.88863,86.17712794354752
CALCE,CS2_36,354,88.06697475619194,0,87.37399,86.57036219857605
CALCE,CS2_36,355,88.1272413675775,0,87.77578,86.91605227818494
CALCE,CS2_36,356,87.15127925968376,0,86.68264,86.13189282024852
CALCE,CS2_36,357,87.10382317004817,0,86.85193,86.2255861019489
CALCE,CS2_36,358,86.93235517481459,0,86.85193,86.14007603098867
CALCE,CS2_36,359,86.97880177692133,0,86.7857,86.33997659034479
CALCE,CS2_36,360,87.12260945656053,0,86.88391,86.20710432279849
CALCE,CS2_36,361,87.69468239175261,0,87.23334,86.53145934412017
CALCE,CS2_36,362,87.7808216202817,0,87.830475,87.0128914827549
CALCE,CS2_36,363,86.93661922080508,0,86.66794,86.11170571120282
CALCE,CS2_36,364,87.26463139112414,0,86.8004,86.14465636365915
CALCE,CS2_36,365,87.12231810768083,0,86.12869,85.61662614964945
CALCE,CS2_36,366,86.76777632622725,0,86.83638,86.16076555240177
CALCE,CS2_36,367,87.57609447382578,0,87.35929,86.6214901213113
CALCE,CS2_36,368,87.70377251849128,0,87.32917,86.509016376861
CALCE,CS2_36,369,86.92834547267108,0,87.1199,86.52869398746856
CALCE,CS2_36,370,85.74659923076065,0,85.122406,85.55017758213818
CALCE,CS2_36,371,86.56991291499322,0,86.99701,86.29696137507614
CALCE,CS2_36,372,86.48541721857804,0,86.91661,86.22988116614509
CALCE,CS2_36,373,86.28736726834288,0,87.48214,86.66333597803727
CALCE,CS2_36,374,86.93920383219115,0,86.85193,86.24414477480737
CALCE,CS2_36,375,87.13572644573864,0,87.11342,86.32822427567383
CALCE,CS2_36,376,87.18784444306459,0,88.203705,87.30022362813766
CALCE,CS2_36,377,87.20259444775085,0,88.203705,87.2925995177109
CALCE,CS2_36,378,86.42738368050016,0,88.565765,84.29917729315113
CALCE,CS2_36,379,87.36220016133875,0,86.66946,86.01293814031408
CALCE,CS2_36,380,87.40515071351822,0,87.34613,86.54814412526574
CALCE,CS2_36,381,86.63324096672618,0,87.80964,83.75491263997066
CALCE,CS2_36,382,87.45647370571749,0,87.37399,86.56355969004285
CALCE,CS2_36,383,87.4647122593449,0,87.34613,86.53434207774453
CALCE,CS2_36,384,87.46422222839124,0,87.34387,86.52934900910473
CALCE,CS2_36,385,87.46254493629868,0,87.99322,87.03806371442589
CALCE,CS2_36,386,87.46440715467281,0,87.34387,86.51084468643158
CALCE,CS2_36,387,87.4742282663386,0,87.37806,86.5127037418551
CALCE,CS2_36,388,87.51614043176966,0,86.9359,86.11103613762
CALCE,CS2_36,389,77.03654634410408,0,68.68567,69.53749831329577
CALCE,CS2_36,390,87.46657157736598,0,88.13578,87.14310622844768
CALCE,CS2_36,391,87.41744193635317,0,88.1686,87.28015488627908
CALCE,CS2_36,392,86.10962824732675,0,86.981514,86.31845637949822
CALCE,CS2_36,393,85.9599112150414,0,83.31519,82.90301215107482
CALCE,CS2_36,394,85.89221142952212,0,83.39282,82.87710141520324
CALCE,CS2_36,395,85.79088825791507,0,83.31519,82.91876992013847
CALCE,CS2_36,396,85.71204658756848,0,83.14149,82.6711691058167
CALCE,CS2_36,397,86.48836052285219,0,87.39547,86.5778558057166
CALCE,CS2_36,398,86.64385631734545,0,87.71338,87.06809032919479
CALCE,CS2_36,399,85.78957572944152,0,87.416664,86.71819682218772
CALCE,CS2_36,400,85.48332128207956,0,85.30121,84.4598543933083
CALCE,CS2_36,401,85.57827486765478,0,87.09361,86.20788663012652
CALCE,CS2_36,402,85.34478846272702,0,87.11341,86.62954165812513
CALCE,CS2_36,403,84.29105724616664,0,72.02028,67.9131554938565
CALCE,CS2_36,404,85.97364696041694,0,83.655975,83.26036010658409
CALCE,CS2_36,405,86.26847029792044,0,86.96649,86.31185443336322
CALCE,CS2_36,406,86.07315181533521,0,87.60857,86.8545423319283
CALCE,CS2_36,407,85.09104549206566,0,87.45185,86.95639690388808
CALCE,CS2_36,408,85.13126485711639,0,70.94497,71.73561891393226
CALCE,CS2_36,409,85.26592825800914,0,87.221985,86.37681945561107
CALCE,CS2_36,410,85.11875919729405,0,83.39282,82.91602735320268
CALCE,CS2_36,411,85.25152419239954,0,83.32643,82.83187210041086
CALCE,CS2_36,412,85.18261989389123,0,82.35145,79.04021188521911
CALCE,CS2_36,413,86.10289570076833,0,86.94376,86.41675241167161
CALCE,CS2_36,414,85.6445156927328,0,87.237045,86.6075551947754
CALCE,CS2_36,415,85.63592463669008,0,87.30386,86.62482649857112
CALCE,CS2_36,416,85.3750937422944,0,87.182396,86.58437090559141
CALCE,CS2_36,417,85.03788927960446,0,70.65633,71.38582273985779
CALCE,CS2_36,418,84.8279121858086,0,73.28931,73.7274212147253
CALCE,CS2_36,419,84.84702375113913,0,72.06892,72.76388557171255
CALCE,CS2_36,420,84.81540771225143,0,74.05268,74.47966680398493
CALCE,CS2_36,421,84.71475510171405,0,74.16669,74.66698443378701
CALCE,CS2_36,422,84.49673089902286,0,73.30872,73.8572007546585
CALCE,CS2_36,423,84.4854017987788,0,82.65457,76.85970597180348
CALCE,CS2_36,424,85.48197220842049,0,86.98168,86.17026557023611
CALCE,CS2_36,425,85.55289629395625,0,83.14149,82.7212348232695
CALCE,CS2_36,426,85.58769224262068,0,83.32613,82.84682178473633
CALCE,CS2_36,427,85.60373462465974,0,83.424805,83.0431607668752
CALCE,CS2_36,428,84.82053048685812,0,82.458244,79.07765391450988
CALCE,CS2_36,429,85.64034472895948,0,83.450455,83.08465200172246
CALCE,CS2_36,430,84.36718508306667,0,73.44969,74.16954349375244
CALCE,CS2_36,431,84.13333302364364,0,74.31713,74.83957404940742
CALCE,CS2_36,432,84.5728522021129,0,83.59988,83.17075724240225
CALCE,CS2_36,433,84.72666989729683,0,82.98759,82.75571387495638
CALCE,CS2_36,434,84.73281374484085,0,82.98759,82.72295127296736
CALCE,CS2_36,435,82.70189934120445,0,72.01721,69.11588140279555
CALCE,CS2_36,436,83.41638960487916,0,75.12188,75.481155402722
CALCE,CS2_36,437,83.56385569404962,0,73.34229,73.96987753611877
CALCE,CS2_36,438,83.43681498468791,0,73.498985,73.83679047861875
CALCE,CS2_36,439,82.43031799422073,0,72.61082,69.69691957723545
CALCE,CS2_36,440,83.99566842985713,0,71.01159,71.70273527313392
CALCE,CS2_36,441,83.25797239459632,0,72.22484,68.39723984693798
CALCE,CS2_36,442,83.46424984805742,0,73.55563,74.37919571814328
CALCE,CS2_36,443,82.8612529088656,0,71.43138,72.0754787743579
CALCE,CS2_36,444,82.80038709926042,0,71.319145,71.92632617678397
CALCE,CS2_36,445,82.92856217534589,0,70.37859,71.3248554629471
CALCE,CS2_36,446,82.93762013583486,0,72.09618,72.69082000773616
CALCE,CS2_36,447,82.909378344983,0,73.33603,74.03056222439761
CALCE,CS2_36,448,83.65192966744233,0,71.49887,72.15742445653215
CALCE,CS2_36,449,83.74391245633193,0,73.252426,73.87552811288639
CALCE,CS2_36,450,82.65301324719734,0,71.70449,72.13307808268206
CALCE,CS2_36,451,82.00456217217807,0,68.21272,69.07453973201139
CALCE,CS2_36,452,82.27596210521182,0,69.20624,70.12525490729116
CALCE,CS2_36,453,82.42730560295814,0,73.64091,74.22096834954093
CALCE,CS2_36,454,82.05958531980536,0,71.50946,72.0278787298607
CALCE,CS2_36,455,82.82756537580993,0,73.72534,74.52545393656247
CALCE,CS2_36,456,83.13548135498667,0,71.66947,72.38710814593647
CALCE,CS2_36,457,83.21265514246036,0,70.919754,71.6243550548067
CALCE,CS2_36,458,81.86640791775773,0,71.91234,72.44994792594652
CALCE,CS2_36,459,81.56969719707335,0,71.83243,72.31724937214591
CALCE,CS2_36,460,81.76063594611281,0,72.09425,72.66087807320005
CALCE,CS2_36,461,82.05558740813987,0,73.33603,74.08042571216085
CALCE,CS2_36,462,81.72430369747721,0,72.18837,72.5773523379615
CALCE,CS2_36,463,82.61972189086144,0,71.772255,72.72496113069407
CALCE,CS2_36,464,82.7993623677326,0,71.66947,72.6072385506261
CALCE,CS2_36,465,82.06054023069986,0,72.61229,68.97789391045738
CALCE,CS2_36,466,82.90067869615292,0,71.196556,72.10252838035711
CALCE,CS2_36,467,82.1053657126899,0,67.74793,69.85359332526217
CALCE,CS2_36,468,82.94019925911836,0,71.196556,72.07535594815174
CALCE,CS2_36,469,82.21576217149922,0,72.590546,67.59315109330923
CALCE,CS2_36,470,82.99402551465317,0,70.46392,71.18445750352927
CALCE,CS2_36,471,82.96320112969046,0,73.252426,73.88438393638613
CALCE,CS2_36,472,82.14681904500168,0,72.22484,67.9486260573993
CALCE,CS2_36,473,82.90229528806057,0,71.04734,71.95216688125812
CALCE,CS2_36,474,82.87092140155839,0,71.196556,72.13904666754011
CALCE,CS2_36,475,82.82700139538053,0,71.22475,72.17122450198981
CALCE,CS2_36,476,82.8160769350532,0,71.196556,72.1704567151063
CALCE,CS2_36,477,82.00232784855078,0,72.43779,68.74518151072954
CALCE,CS2_36,478,81.9805235593414,0,72.47425,68.26933968566661
CALCE,CS2_36,479,82.75113875930127,0,73.252426,74.17594532634591
CALCE,CS2_36,480,81.38834933828878,0,67.67322,64.78167071158295
CALCE,CS2_36,481,81.83552702813628,0,71.30485,71.7741199475637
CALCE,CS2_36,482,82.56262769672126,0,69.21991,70.07589446768213
CALCE,CS2_36,483,81.96297022743958,0,72.912254,69.92454415935909
CALCE,CS2_36,484,82.77601175618553,0,71.54391,72.60762933860369
CALCE,CS2_36,485,80.39460435498725,0,62.477844,65.13204001545874
CALCE,CS2_36,486,81.0569171406804,0,71.544014,71.91388699743077
CALCE,CS2_36,487,80.28144230050114,0,67.31402,68.90326105877833
CALCE,CS2_36,488,81.05778091873374,0,69.11718,70.05995464767489
CALCE,CS2_36,489,80.75845372623888,0,69.3272,70.33292366257237
CALCE,CS2_36,490,80.9342016027704,0,67.43079,69.62377058239515
CALCE,CS2_36,491,81.18044940983941,0,71.71711,67.06516273233146
CALCE,CS2_36,492,81.68794793968797,0,69.13132,70.05055305268962
CALCE,CS2_36,493,80.54986154393491,0,69.3272,70.30432607115533
CALCE,CS2_36,494,80.67894549414301,0,68.78831,69.93684585011898
CALCE,CS2_36,495,79.76147250546732,0,62.477844,65.14419793563744
CALCE,CS2_36,496,80.39998025369044,0,71.51906,71.86280236214256
CALCE,CS2_36,497,80.10386472165239,0,71.21023,71.90458659732799
CALCE,CS2_36,498,81.27238043995581,0,71.25932,72.01236566440762
CALCE,CS2_36,499,81.43406650809791,0,69.22315,70.18458218979382
CALCE,CS2_36,500,79.87176707644927,0,67.87306,64.8928291742752
CALCE,CS2_36,501,78.94607626011747,0,67.28699,65.80933245424553
CALCE,CS2_36,502,79.87579360976456,0,71.32896,71.86952375146917
CALCE,CS2_36,503,79.08682114942876,0,62.308456,65.02936256747532
CALCE,CS2_36,504,78.56962957384664,0,60.44068,62.32085380848645
CALCE,CS2_36,505,78.02130420763685,0,60.05237,61.82346437710211
CALCE,CS2_36,506,79.9889693181263,0,71.544014,72.09034592858633
CALCE,CS2_36,507,80.26030369624783,0,69.11249,70.08308930332583
CALCE,CS2_36,508,78.95510440967854,0,60.83416,62.46156685650719
CALCE,CS2_36,509,77.5678101838564,0,60.155964,61.74080257936606
CALCE,CS2_36,510,77.58469665701554,0,60.89573,62.51725071808808
CALCE,CS2_36,511,76.50474279150296,0,46.441776,50.681623194287795
CALCE,CS2_36,512,77.16590639065014,0,60.81703,62.46729715316722
CALCE,CS2_36,513,77.4815894414179,0,57.478268,59.519408642372355
CALCE,CS2_36,514,78.22188847855584,0,67.35365,64.19480218585437
CALCE,CS2_36,515,79.36926465888217,0,71.6483,72.22465014404041
CALCE,CS2_36,516,79.55024385455818,0,70.22283,70.73794630520776
CALCE,CS2_36,517,79.65762687384542,0,69.11249,70.13450320840168
CALCE,CS2_36,518,79.7350908287049,0,69.11249,70.13600263051025
CALCE,CS2_36,519,79.15287897164023,0,65.55876,68.01824242575272
CALCE,CS2_36,520,79.99825747775758,0,68.22545,69.47497577252228
CALCE,CS2_36,521,80.04170857676145,0,71.417175,72.27859618874962
CALCE,CS2_36,522,79.12490215517714,0,70.30173,66.95959640291544
CALCE,CS2_36,523,79.83835783238345,0,70.6921,71.44950095756379
CALCE,CS2_36,524,79.7954486268278,0,70.72516,71.418867848359
CALCE,CS2_36,525,79.75419626266554,0,70.907684,71.52392353846312
CALCE,CS2_36,526,78.89677339396889,0,71.75988,65.21086494850621
CALCE,CS2_36,527,79.71290012862923,0,70.6921,71.4554190164439
CALCE,CS2_36,528,79.71772631671213,0,68.75418,69.86504279841394
CALCE,CS2_36,529,79.70413614057261,0,70.09163,70.93502220123389
CALCE,CS2_36,530,77.20598011927547,0,46.441776,50.63012844546236
CALCE,CS2_36,531,77.32369054370012,0,60.05237,61.8360503920907
CALCE,CS2_36,532,78.64846160918235,0,71.85555,72.30827127281377
CALCE,CS2_36,533,66.93012721951193,0,65.573654,62.127127440720486
CALCE,CS2_36,534,79.21366541775981,0,68.35141,69.62020163003818
CALCE,CS2_36,535,77.42833665717541,0,69.577705,70.31212536633518
CALCE,CS2_36,536,75.60295773726713,0,56.15544,53.67877803496918
CALCE,CS2_36,537,76.38097120647303,0,60.81703,62.48193595316887
CALCE,CS2_36,538,76.26576486916721,0,60.81703,62.55904448266631
CALCE,CS2_36,539,76.06261067532259,0,58.31996,60.37457651582318
CALCE,CS2_36,540,75.78029441160167,0,46.414124,50.58884390617398
CALCE,CS2_36,541,76.83808326112134,0,56.288605,59.58766396148681
CALCE,CS2_36,542,77.89801168563987,0,69.69654,70.95417269167251
CALCE,CS2_36,543,76.3089122789236,0,60.81703,62.49282073382233
CALCE,CS2_36,544,75.39664897076527,0,58.32762,60.450212401951006
CALCE,CS2_36,545,74.27704294178127,0,48.62555,52.45599260976971
CALCE,CS2_36,546,23.2535445105625,0,31.586142,38.20573504855795
CALCE,CS2_36,547,77.7798705568501,0,54.08014,56.83179145757926
CALCE,CS2_36,548,76.65412015332295,0,69.73265,70.47957975378961
CALCE,CS2_36,549,76.58580557830862,0,69.175446,70.00438833508161
CALCE,CS2_36,550,76.87835233254054,0,69.57824,70.50971855294847
CALCE,CS2_36,551,77.14633141575986,0,65.31801,62.22859952709314
CALCE,CS2_36,552,77.3182954263956,0,67.737785,65.20746654656797
CALCE,CS2_36,553,76.54955740299951,0,60.05237,61.8280339751806
CALCE,CS2_36,554,75.63652894112658,0,56.615025,58.4329935999762
CALCE,CS2_36,555,75.66855696514483,0,59.49414,61.667713178328114
CALCE,CS2_36,556,75.1999539024019,0,58.199844,60.19129479384307
CALCE,CS2_36,557,75.07853954470716,0,60.796494,62.411315147279694
CALCE,CS2_36,558,75.37607014802569,0,57.869816,59.97637805272268
CALCE,CS2_36,559,75.74822291163807,0,64.49797,66.88599475242194
CALCE,CS2_36,560,76.84084776705156,0,60.81703,62.48677589075287
CALCE,CS2_36,561,75.49763760242458,0,60.81703,62.47803408822861
CALCE,CS2_36,562,74.54482101803919,0,58.350792,60.36728592453066
CALCE,CS2_36,563,73.71202881578012,0,46.623535,50.894068841078834
CALCE,CS2_36,564,74.10563830164062,0,60.69769,62.35145184014657
CALCE,CS2_36,565,73.90679920560248,0,58.32762,60.37954262003001
CALCE,CS2_36,566,73.16151514247375,0,48.345436,47.08060146843924
CALCE,CS2_36,567,75.39684344047004,0,60.81703,62.50011902331231
CALCE,CS2_36,568,75.7167964357006,0,60.81703,62.50338657036187
CALCE,CS2_36,569,74.47602137159596,0,58.31996,60.41628433100074
CALCE,CS2_36,570,73.82106894178139,0,58.32762,60.44617842879305
CALCE,CS2_36,571,74.17086891162337,0,60.89573,62.58371675974412
CALCE,CS2_36,572,73.92685923812185,0,58.32762,60.356859226715116
CALCE,CS2_36,573,73.79322840001285,0,60.81703,62.51951578827618
CALCE,CS2_36,574,73.54280851656817,0,60.155964,61.31109276448676
CALCE,CS2_36,575,74.31593604834099,0,46.043316,50.21479924098638
CALCE,CS2_36,576,74.53134116413793,0,64.98541,61.9696083193044
CALCE,CS2_36,577,74.77511740061887,0,60.05237,61.855272189155855
CALCE,CS2_36,578,73.633628540741,0,58.31996,60.34358010507982
CALCE,CS2_36,579,73.76288203376082,0,60.44068,62.36342054001334
CALCE,CS2_36,580,72.80974050782797,0,46.750507,50.8064389222237
CALCE,CS2_36,581,73.56846359876256,0,60.89573,62.547586411911354
CALCE,CS2_36,582,73.26613815997959,0,58.32762,60.299771989915456
CALCE,CS2_36,583,74.54124952856583,0,60.44068,62.38883219110686
CALCE,CS2_36,584,74.81725284823861,0,60.775635,62.4047711266534
CALCE,CS2_36,585,74.98462532512173,0,67.69905,68.76199399535967
CALCE,CS2_36,586,75.04121627450273,0,68.757706,70.01202125812658
CALCE,CS2_36,587,74.26657201771361,0,70.92682,68.06804274751512
CALCE,CS2_36,588,74.2675330484475,0,69.12617,65.51951756517977
CALCE,CS2_36,589,75.04102306025277,0,66.42854,67.4556940557676
CALCE,CS2_36,590,75.11461441961734,0,70.448906,71.38316576292934
CALCE,CS2_36,591,75.12061101728182,0,70.558014,71.42999531474673
CALCE,CS2_36,592,75.10509925568522,0,70.55957,71.43256042696174
CALCE,CS2_36,593,75.0851087734662,0,69.7329,70.77720624720332
CALCE,CS2_36,594,75.10381939525608,0,69.958084,70.81041844376803
CALCE,CS2_36,595,74.3307150175874,0,65.357796,67.72346679216801
CALCE,CS2_36,596,75.0811389924679,0,69.839264,70.72199202288374
CALCE,CS2_36,597,74.54791874124595,0,42.828854,46.10585958829589
CALCE,CS2_36,598,73.7478369395935,0,59.501957,61.277702065248775
CALCE,CS2_36,599,73.69155117103885,0,60.44068,62.36241204818511
CALCE,CS2_36,600,74.60576797531064,0,69.73265,70.52768248664982
CALCE,CS2_36,601,73.81492107848655,0,65.42667,62.71743054796515
CALCE,CS2_36,602,73.09708734354827,0,60.44068,62.31348507214432
CALCE,CS2_36,603,72.41473007097296,0,60.44068,62.294928362825786
CALCE,CS2_36,604,72.37541497741951,0,60.81703,62.40863125327566
CALCE,CS2_36,605,71.38239167079982,0,45.900723,50.01302608432587
CALCE,CS2_36,606,71.89038533372252,0,60.89573,62.525701101186996
CALCE,CS2_36,607,71.65893152573372,0,60.81703,62.4175731132416
CALCE,CS2_36,608,72.85004793921743,0,69.25414,70.14994708173965
CALCE,CS2_36,609,73.1120564753678,0,69.3686,70.43056533325145
CALCE,CS2_36,610,72.38162782982947,0,65.25842,67.8172042155016
CALCE,CS2_36,611,71.41017308844229,0,60.44068,62.35596114350902
CALCE,CS2_36,612,71.23889742069298,0,59.619617,61.41734392778211
CALCE,CS2_36,613,71.29274287106675,0,60.89573,62.54295028242909
CALCE,CS2_36,614,70.9485276552677,0,58.31996,60.30703962310382
CALCE,CS2_36,615,70.96904516125672,0,59.323093,61.076427553756375
CALCE,CS2_36,616,71.60149890752973,0,61.305164,62.921504178436976
CALCE,CS2_36,617,60.98022980271591,0,65.90874,67.09553906618179
CALCE,CS2_36,618,72.2207428503853,0,68.362206,69.6683615417423
CALCE,CS2_36,619,70.71806857156906,0,45.577484,49.716041995835226
CALCE,CS2_36,620,70.54353236365907,0,60.89573,62.579975368386
CALCE,CS2_36,621,70.03724231427796,0,60.81703,62.477938842271314
CALCE,CS2_36,622,70.61193396730819,0,60.81703,62.48662683495155
CALCE,CS2_36,623,70.3185799745064,0,60.89573,62.557361071886376
CALCE,CS2_36,624,58.348766929467885,0,67.83564,68.8123150937497
CALCE,CS2_36,625,69.52214111976011,0,45.81358,50.18013805855311
CALCE,CS2_36,626,71.2088212225846,0,60.119335,61.94215423202273
CALCE,CS2_36,627,71.08411337870818,0,53.7063,57.13020407915668
CALCE,CS2_36,628,60.50296199664492,0,67.57774,68.48321499108839
CALCE,CS2_36,629,70.18911157608704,0,60.12932,61.737412527666706
CALCE,CS2_36,630,70.47702248135276,0,58.26825,60.35373285362232
CALCE,CS2_36,631,70.44286968805147,0,59.619617,61.44095176421055
CALCE,CS2_36,632,69.6620576900521,0,46.148064,50.23336904539478
CALCE,CS2_36,633,70.1992309523516,0,60.89573,62.599648246522506
CALCE,CS2_36,634,71.0440510959649,0,58.566437,60.83496179606135
CALCE,CS2_36,635,71.41004214752293,0,60.44068,62.331222633318745
CALCE,CS2_36,636,71.48984012370913,0,69.71657,70.39303684406046
CALCE,CS2_36,637,71.59875402607278,0,58.067856,60.35816389742405
CALCE,CS2_36,638,70.79983397650416,0,53.7082,57.35280959755632
CALCE,CS2_36,639,71.71888995706212,0,58.067856,60.37102682513601
CALCE,CS2_36,640,71.7698751938739,0,57.218693,59.22386221911636
CALCE,CS2_36,641,71.86278235512734,0,60.81703,62.513390364684156
CALCE,CS2_36,642,71.81525943558258,0,58.067856,60.36497408291329
CALCE,CS2_36,643,71.8123952735132,0,58.067856,60.35887906993493
CALCE,CS2_36,644,71.84135745609048,0,58.067856,60.353258742721096
CALCE,CS2_36,645,71.91187147625293,0,60.44068,62.38774379916636
CALCE,CS2_36,646,71.15271760049289,0,68.09771,66.58489600097248
CALCE,CS2_36,647,70.38277106149184,0,42.828854,46.113850960667705
CALCE,CS2_36,648,69.4345371665719,0,58.12192,60.12116843696886
CALCE,CS2_36,649,68.18611377161477,0,47.373016,51.36393812387244
CALCE,CS2_36,650,69.43743794075782,0,55.936058,53.470866360998144
CALCE,CS2_36,651,69.56171673757613,0,46.237106,50.304149253823496
CALCE,CS2_36,652,68.84671930734292,0,46.607914,50.60667718691248
CALCE,CS2_36,653,68.54402811676226,0,57.869816,60.15491508217046
CALCE,CS2_36,654,68.63435272279217,0,42.50305,45.80588084628944
CALCE,CS2_36,655,68.5196313418166,0,57.776276,60.037750070756886
CALCE,CS2_36,656,68.51999786605101,0,60.69769,62.32086140696548
CALCE,CS2_36,657,68.42617075742847,0,58.067856,60.30324691214754
CALCE,CS2_36,658,69.17025139169033,0,60.84428,62.69669991310421
CALCE,CS2_36,659,69.51854836930796,0,69.16689,69.97325852615519
CALCE,CS2_36,660,69.60946283783429,0,60.89573,62.56946399858671
CALCE,CS2_36,661,68.1952408048809,0,60.61899,62.2884048355497
CALCE,CS2_36,662,67.87034646877436,0,38.663704,42.29294988996355
CALCE,CS2_36,663,67.90853678484706,0,34.120674,38.54623445838536
CALCE,CS2_36,664,68.02929543855772,0,42.550144,45.842067999124964
CALCE,CS2_36,665,67.86980453903386,0,57.66456,59.56363286495744
CALCE,CS2_36,666,67.01547706474378,0,15.3952875,22.236341019714764
CALCE,CS2_36,667,68.62736576220762,0,42.448742,46.037124081246105
CALCE,CS2_36,668,68.81880929252635,0,60.89573,62.56177852710198
CALCE,CS2_36,669,68.86671572089031,0,60.89573,62.54399857102726
CALCE,CS2_36,670,67.22677007390033,0,57.194836,59.41980040926569
CALCE,CS2_36,671,66.19262466695278,0,16.43913,23.15914728049859
CALCE,CS2_36,672,67.19272350341777,0,38.663704,42.31523057473795
CALCE,CS2_36,673,66.29134310192562,0,15.776222,22.53784213105822
CALCE,CS2_36,674,66.85172982915336,0,35.311462,39.61453145162828
CALCE,CS2_36,675,66.92278516397899,0,38.663704,42.28314231126551
CALCE,CS2_36,676,68.27047315289738,0,42.951576,46.43022148095534
CALCE,CS2_36,677,57.2040861574066,0,67.55405,68.7701032741249
CALCE,CS2_36,678,56.208464124814604,0,65.0059,66.74146778761013
CALCE,CS2_36,679,67.49680129762314,0,57.692863,59.552959194831196
CALCE,CS2_36,680,66.50403225618903,0,15.3952875,22.17765937578268
CALCE,CS2_36,681,67.39379649148259,0,38.84399,42.48265826221644
CALCE,CS2_36,682,67.68156290143561,0,38.943226,42.51956182890955
CALCE,CS2_36,683,66.94572356793658,0,59.5875,62.386721560387045
CALCE,CS2_36,684,66.82976937523509,0,48.23119,52.06385526416752
CALCE,CS2_36,685,68.58669565064406,0,70.4214,71.14674565087496
CALCE,CS2_36,686,68.08129676214133,0,60.423355,63.36565155140984
CALCE,CS2_36,687,68.21345054198967,0,60.558468,63.488779953591845
CALCE,CS2_36,688,69.11856159427461,0,69.314224,70.3745441197273
CALCE,CS2_36,689,69.1480850744571,0,68.87733,70.09176421494074
CALCE,CS2_36,690,68.3550477467115,0,60.819912,63.48373731547764
CALCE,CS2_36,691,69.206561640849,0,72.02809,72.87146207211224
CALCE,CS2_36,692,69.24051595157553,0,70.31796,71.03915565322268
CALCE,CS2_36,693,68.45974623424249,0,65.52359,67.74641236874679
CALCE,CS2_36,694,69.26607785827554,0,70.07205,71.05817519293268
CALCE,CS2_36,695,69.2434987567424,0,70.07205,71.05305979453738
CALCE,CS2_36,696,68.42009180216291,0,64.80485,67.31732408694333
CALCE,CS2_36,697,69.52830789768932,0,59.682358,61.438060858252726
CALCE,CS2_36,698,67.90254440544929,0,59.901775,62.403767715949456
CALCE,CS2_36,699,68.08511552463139,0,69.25414,70.13475950135351
CALCE,CS2_36,700,68.45115944927949,0,62.335243,65.03305233163273
CALCE,CS2_36,701,69.2921019485157,0,71.69804,72.2921541037786
CALCE,CS2_36,702,68.4414813427772,0,65.41617,67.81912905741218
CALCE,CS2_36,703,66.97095949612084,0,57.46669,60.3584889198908
CALCE,CS2_36,704,67.05254814385529,0,57.739143,59.5899871063919
CALCE,CS2_36,705,67.16520755946722,0,55.13654,57.34391692503162
CALCE,CS2_36,706,65.98037499946152,0,58.32772,57.95866136635891
CALCE,CS2_36,707,65.90027323720882,0,47.067947,50.94546572358959
CALCE,CS2_36,708,66.54882546353751,0,38.943226,42.49091451446938
CALCE,CS2_36,709,67.24312228295028,0,50.54245,54.33105418062953
CALCE,CS2_36,710,68.16239175399804,0,68.510704,69.45373578701079
CALCE,CS2_36,711,67.378065595435,0,60.22234,63.12982844880308
CALCE,CS2_36,712,66.57702712511556,0,67.075386,67.50136442769806
CALCE,CS2_36,713,66.02018605608112,0,38.664516,42.208154636494726
CALCE,CS2_36,714,66.0208342846048,0,53.34485,55.69078876012401
CALCE,CS2_36,715,65.64418360683582,0,38.989506,42.54388024417552
CALCE,CS2_36,716,64.62712486984536,0,30.485992,35.834366157395884
CALCE,CS2_36,717,65.36377728829197,0,38.710796,42.29663196244792
CALCE,CS2_36,718,66.87290078901883,0,60.017254,61.55660293919016
CALCE,CS2_36,719,67.00783863866407,0,67.35122,68.28231161309945
CALCE,CS2_36,720,67.00416892361633,0,66.19526,67.59523751777999
CALCE,CS2_36,721,65.32354287417478,0,63.617683,65.05754563897239
CALCE,CS2_36,722,63.87284727355037,0,51.39852,48.23418171596579
CALCE,CS2_36,723,64.38276667179137,0,38.330685,42.12697428684816
CALCE,CS2_36,724,65.50826501706537,0,48.008423,51.67521296319866
CALCE,CS2_36,725,64.91475612898549,0,67.5234,68.35392406172109
CALCE,CS2_36,726,61.59186137560583,0,39.410614,42.809187424341225
CALCE,CS2_36,727,60.48329989851198,0,38.283592,42.09330203982621
CALCE,CS2_36,728,62.66818564375791,0,54.915573,57.34203353064975
CALCE,CS2_36,729,62.1212175020255,0,47.755768,51.4715473166141
CALCE,CS2_36,730,62.123530006780825,0,51.656063,51.713333419758754
CALCE,CS2_36,731,58.864014580593086,0,51.73372,45.88533774376894
CALCE,CS2_36,732,58.22409379521692,0,33.671448,37.74569125443239
CALCE,CS2_36,733,57.52838818518582,0,57.703213,60.329364205001426
CALCE,CS2_36,734,56.69782554877979,0,36.53562,40.30688586470235
CALCE,CS2_36,735,43.7865516930097,0,45.415,43.2746756901727
CALCE,CS2_36,736,56.12967307305248,0,58.66069,61.122674760297244
CALCE,CS2_36,737,55.54011553902672,0,20.311996,26.70163690514201
CALCE,CS2_36,738,58.10249033394314,0,35.10678,39.06149378956441
CALCE,CS2_36,739,57.987947880767685,0,17.983955,24.665747124689616
CALCE,CS2_36,740,59.032174512217175,0,35.35349,39.31608639612644
CALCE,CS2_36,741,55.959756267381536,0,57.259296,59.84998758684554
CALCE,CS2_36,742,55.14866995195625,0,58.39279,60.74728096984292
CALCE,CS2_36,743,55.0259706604247,0,57.457745,59.80937576437577
CALCE,CS2_36,744,54.44291907868363,0,36.9521,40.800513616628606
CALCE,CS2_36,745,54.209934637253646,0,57.25032,59.84987026270172
CALCE,CS2_36,746,53.51904667450963,0,57.95607,60.35072762077529
CALCE,CS2_36,747,54.58218632853041,0,34.424576,38.35162351683439
CALCE,CS2_36,748,56.1103704103858,0,58.54713,60.7858267064604
CALCE,CS2_36,749,56.55681577089037,0,39.36352,42.835886222215926
CALCE,CS2_36,750,56.88599653631935,0,57.879597,59.654345884970425
CALCE,CS2_36,751,53.946623097032045,0,53.916958,56.773745773044766
CALCE,CS2_36,752,52.8890562141602,0,34.593037,38.79911034266746
CALCE,CS2_36,753,53.227900002054426,0,63.61969,65.406612748308
CALCE,CS2_36,754,52.93142843987441,0,57.802345,60.30175156945796
CALCE,CS2_36,755,52.78697639125618,0,34.593037,38.72015075707745
CALCE,CS2_36,756,52.15855708315226,0,63.334038,64.75630961392642
CALCE,CS2_36,757,51.32680834964165,0,31.732626,34.26963063667548
CALCE,CS2_36,758,51.43272442212437,0,72.29007,72.77319497119332
CALCE,CS2_36,759,37.889524290959066,0,50.592216,52.76208546848575
CALCE,CS2_36,760,50.83170595208034,0,34.593037,38.85577651646778
CALCE,CS2_36,761,50.6281503338873,0,74.56158,75.02978849790182
CALCE,CS2_36,762,50.18929986507804,0,55.230003,57.87510964037346
CALCE,CS2_36,763,50.28209776642041,0,55.230003,57.60550149101962
CALCE,CS2_36,764,50.42620151457914,0,59.006912,61.352240070410645
CALCE,CS2_36,765,52.07848722331108,0,58.175587,60.46333530978353
CALCE,CS2_36,766,51.6343873816296,0,16.934101,23.68324075209977
CALCE,CS2_36,767,51.51418822711632,0,32.3602,31.250871238658817
CALCE,CS2_36,768,51.45181192527101,0,32.3602,31.576411112511487
CALCE,CS2_36,769,51.8743782963043,0,33.18254,37.553554594998545
CALCE,CS2_36,770,51.82581394238544,0,59.381332,61.14616957327506
CALCE,CS2_36,771,51.929196921017194,0,59.406063,61.01371354312843
CALCE,CS2_36,772,51.94328331393125,0,59.406063,61.043247488628865
CALCE,CS2_36,773,51.904454073098584,0,59.381332,61.11288490107815
CALCE,CS2_36,774,54.56782452027157,0,5.530788,13.33532375976694
CALCE,CS2_36,775,54.1940419228227,0,38.13301,41.958815875456004
CALCE,CS2_36,776,53.133928842089226,0,58.613945,60.86180045003623
CALCE,CS2_36,777,52.28778400019043,0,34.935715,39.136979287865046
CALCE,CS2_36,778,51.0483681946884,0,38.812294,39.575944409082354
CALCE,CS2_36,779,51.17634732199656,0,57.931522,59.779242975306694
CALCE,CS2_36,780,50.80265527506159,0,33.73636,37.952185230380394
CALCE,CS2_36,781,50.103666911487046,0,45.914303,47.284262338966
CALCE,CS2_36,782,50.39582044462969,0,56.474068,58.454401555041215
CALCE,CS2_36,783,51.7888368935741,0,37.39139,41.35919751709025
CALCE,CS2_36,784,51.204744885364526,0,60.17364,61.49305762099014
CALCE,CS2_36,785,50.532192809346995,0,49.017628,50.56614443292502
CALCE,CS2_36,786,50.78711912219146,0,36.237503,40.2651759187962
CALCE,CS2_36,787,50.2031854725909,0,61.706272,63.211717486642826
CALCE,CS2_36,788,49.57780683999049,0,56.474068,58.99425830806673
CALCE,CS2_36,789,49.28068219572366,0,64.67333,66.5148192088999
CALCE,CS2_36,790,49.04382288718608,0,59.78798,61.94779079085097
CALCE,CS2_36,791,48.93209106691809,0,59.014515,61.31056006671817
CALCE,CS2_36,792,48.712318088716366,0,54.8891,57.061832372356584
CALCE,CS2_36,793,48.51226978952235,0,33.73636,37.97695794426687
CALCE,CS2_36,794,48.320615817707804,0,44.334385,45.267349411781694
CALCE,CS2_36,795,51.851247925694366,0,37.34625,41.35119954876722
CALCE,CS2_36,796,49.286458544104406,0,60.658905,62.40936437219962
CALCE,CS2_36,797,48.05263200563334,0,16.672192,23.44722901685668
CALCE,CS2_36,798,47.83762200233674,0,58.856293,61.08369207965522
CALCE,CS2_36,799,47.31721795366505,0,55.475124,57.726189952196236
CALCE,CS2_36,800,46.89247549700504,0,65.75514,66.87308840016695
CALCE,CS2_36,801,35.428663175895856,0,31.177298,34.93399033188285
CALCE,CS2_36,802,46.407702299353865,0,57.098053,59.73147957366782
CALCE,CS2_36,803,45.77376384319139,0,38.817093,35.516285789238246
CALCE,CS2_36,804,45.86727857707004,0,52.051792,55.26554409888632
CALCE,CS2_36,805,45.23842063096388,0,5.6772656,13.380509474580307
CALCE,CS2_36,806,46.048462846711416,0,18.4937,24.115907678753615
CALCE,CS2_36,807,45.804677055836244,0,47.51321,50.99126405719272
CALCE,CS2_36,808,46.009258194267204,0,18.36099,24.000271048943247
CALCE,CS2_36,809,45.73344332279027,0,47.399075,50.85460866571191
CALCE,CS2_36,810,45.02944537326039,0,68.559,70.2393272904096
CALCE,CS2_36,811,44.411112142759414,0,57.924755,53.914776765096704
CALCE,CS2_36,812,44.51745421588779,0,65.2624,67.28788742298046
CALCE,CS2_36,813,43.3189370682101,0,28.195942,33.43172620724259
CALCE,CS2_36,814,43.01166002639255,0,6.3158484,13.213519335724008
CALCE,CS2_36,815,42.57995229215242,0,22.90292,28.258906682287858
CALCE,CS2_36,816,42.42461861606057,0,22.967281,28.42757343118022
CALCE,CS2_36,817,42.5386415867272,0,28.195942,33.13219606152952
CALCE,CS2_36,818,42.811543675224655,0,28.386452,33.68314240626527
CALCE,CS2_36,819,42.747621699758504,0,6.971222,13.864810005127687
CALCE,CS2_36,820,42.451069253641386,0,28.025356,33.215521245121685
CALCE,CS2_36,821,41.771331816893046,0,15.857542,16.62835489008434
CALCE,CS2_36,822,41.613299030217625,0,28.308187,33.234778743212516
CALCE,CS2_36,823,41.21707513442103,0,22.918964,28.26312799963368
CALCE,CS2_36,824,43.898070687264564,0,68.02298,69.83361126979537
CALCE,CS2_36,825,42.57752279768815,0,22.684753,28.17041267327719
CALCE,CS2_36,826,41.44422007636045,0,29.968216,34.62151834123998
CALCE,CS2_36,827,40.676677629025725,0,22.85304,27.472776976700235
CALCE,CS2_36,828,40.18809046513498,0,23.258642,27.88211775038594
CALCE,CS2_36,829,39.76033581377455,0,24.793522,29.374935758500776
CALCE,CS2_36,830,39.06480243141619,0,18.02441,20.053692486293855
CALCE,CS2_36,831,27.92692240552605,0,29.656834,33.69845322397414
CALCE,CS2_36,832,38.94254056068912,0,5.522986,12.163045005260912
CALCE,CS2_36,833,38.75617596035792,0,23.118448,28.81406633123676
CALCE,CS2_36,834,38.85445075204188,0,29.785967,34.222495219437235
CALCE,CS2_36,835,38.80503306410348,0,18.410526,20.66677671390454
CALCE,CS2_36,836,39.88971766417143,0,23.926786,29.38658982104276
CALCE,CS2_36,837,37.6479901342307,0,9.503199,10.153326019371946
CALCE,CS2_36,838,37.557776733524456,0,25.326635,30.966824931270985
CALCE,CS2_36,839,36.851314512637664,0,23.683346,29.14997682750387
CALCE,CS2_36,840,36.86780129445276,0,5.671436,12.053443967187903
CALCE,CS2_36,841,35.277249595479915,0,14.915422,21.032395323203588
CALCE,CS2_36,842,34.94228937471347,0,24.90655,30.29422633638498
CALCE,CS2_36,843,34.09383081403587,0,18.487707,23.319312529727227
CALCE,CS2_36,844,34.24441861404318,0,17.829454,23.71580566177942
CALCE,CS2_36,845,34.03010512222488,0,18.220057,24.107095919319676
CALCE,CS2_36,846,33.79840133632907,0,19.619211,25.270441867252742
CALCE,CS2_36,847,33.96301133938414,0,17.620596,23.370994338592382
CALCE,CS2_36,848,35.01199895430819,0,25.230904,30.440276299586337
CALCE,CS2_36,849,34.805425225912,0,24.686272,29.895438228225963
CALCE,CS2_36,850,34.95594598609876,0,18.290854,24.39699716098778
CALCE,CS2_36,851,35.3663245566337,0,15.038573,20.505297693821284
CALCE,CS2_36,852,35.23205733989185,0,26.741161,31.12439801578416
CALCE,CS2_36,853,33.89858798878536,0,0.46461633,7.0131295311734725
CALCE,CS2_36,854,33.29115557338562,0,-3.8726847,3.6776263433701644
CALCE,CS2_36,855,33.678920261142586,0,17.357538,23.60924488215403
CALCE,CS2_36,856,33.03762407260331,0,19.800234,25.973452756657537
CALCE,CS2_36,857,32.91596894987263,0,17.760124,24.070768337603408
CALCE,CS2_36,858,33.09820313849637,0,17.6111,23.909918092320908
CALCE,CS2_36,859,32.75604435600676,0,17.357538,23.61514454869301
CALCE,CS2_36,860,32.84309197269239,0,17.357538,23.533364557308406
CALCE,CS2_36,861,33.01802866258815,0,13.974877,13.466526526047602
CALCE,CS2_36,862,33.68898369742649,0,24.805458,30.48352221154122
CALCE,CS2_36,863,33.44323636949258,0,25.0109,30.696955329712218
CALCE,CS2_36,864,33.33979109331266,0,18.070847,24.384231181771042
CALCE,CS2_36,865,32.88954028749216,0,18.882809,24.980843241007022
CALCE,CS2_36,866,32.392880019654655,0,20.420553,26.566801728945705
CALCE,CS2_36,867,31.899939038847037,0,18.36673,24.582278660264183
CALCE,CS2_36,868,31.624367470443143,0,18.703478,24.80025021880637
CALCE,CS2_36,869,31.321723640896025,0,18.603695,24.739066539860545
CALCE,CS2_36,870,31.12016830733242,0,19.863695,25.836895277378442
CALCE,CS2_36,871,30.9270500183998,0,19.973608,25.949809082370507
CALCE,CS2_36,872,30.763017870802756,0,18.703478,24.646621867372975
CALCE,CS2_36,873,30.76850658765382,0,15.108405,21.364483026913348
CALCE,CS2_36,874,35.70004796725806,0,19.965334,25.957760822524314
CALCE,CS2_36,875,34.262828428203704,0,0.6670299,7.080974697150706
CALCE,CS2_36,876,33.176659850616886,0,0.5776297,6.898255946779987
CALCE,CS2_36,877,32.27693916341843,0,20.18214,26.146067131436823
CALCE,CS2_36,878,31.773800235052096,0,18.703478,24.700992027476055
CALCE,CS2_36,879,31.105309801386312,0,20.00242,26.262985748932174
CALCE,CS2_36,880,30.540016709474234,0,18.603695,24.726257445916943
CALCE,CS2_36,881,30.495386648323546,0,18.964705,25.123078744687174
CALCE,CS2_36,882,30.296572332587544,0,18.964705,25.05240470244648
CALCE,CS2_36,883,30.04410633687596,0,19.012041,24.272972677355632
CALCE,CS2_36,884,29.84008415394637,0,18.989985,24.292957285946436
CALCE,CS2_36,885,29.576032917680983,0,19.41351,24.720312686431292
CALCE,CS2_36,886,29.54582398041779,0,18.989985,24.2732842306216
CALCE,CS2_36,887,29.919651293189325,0,17.754656,23.93602482070638
CALCE,CS2_36,888,29.291152376246917,0,20.19523,25.255318896914122
CALCE,CS2_36,889,28.858364509078815,0,19.012041,24.142885568355812
CALCE,CS2_36,890,27.707623575924075,0,19.450396,23.963990556507852
CALCE,CS2_36,891,29.21648953911821,0,19.41351,24.714751153289914
CALCE,CS2_36,892,29.455066041369815,0,19.289772,24.258779526852837
CALCE,CS2_36,893,28.747787376375243,0,19.696125,24.814229047433397
CALCE,CS2_36,894,26.819925948301364,0,19.565754,23.935657205382356
CALCE,CS2_36,895,26.63797612789041,0,0.5776297,6.847513477126487
CALCE,CS2_36,896,26.499052588878147,0,19.879911,24.593181323033807
CALCE,CS2_36,897,27.15597833540544,0,20.488024,24.966211211054514
CALCE,CS2_36,898,27.8759555523052,0,18.989985,23.459094691998462
CALCE,CS2_36,899,28.109616953322853,0,19.590399,24.231894637248867
CALCE,CS2_36,900,28.19072511906226,0,19.111824,23.74657247654056
CALCE,CS2_36,901,28.052503621400117,0,19.590399,24.268494418886483
CALCE,CS2_36,902,28.193026773010903,0,-0.243511,5.753210127597665
CALCE,CS2_36,903,28.50944515908572,0,-1.9448534,4.20862780300156
CALCE,CS2_36,904,28.9304919969782,0,18.989985,23.615459094779567
CALCE,CS2_36,905,28.575240782693633,0,18.626493,20.900196972877964
CALCE,CS2_36,906,28.629485042099144,0,19.084318,23.852494487760826
CALCE,CS2_36,907,28.143266391955436,0,19.761835,24.404874098964456
CALCE,CS2_36,908,27.70135224109494,0,19.66707,23.774325603110405
CALCE,CS2_36,909,27.508545112694406,0,19.565754,23.60198735420335
CALCE,CS2_36,910,27.42002770660004,0,19.288023,23.525603507110063
CALCE,CS2_36,911,27.189454696900828,0,19.265966,23.289632259126428
CALCE,CS2_36,912,26.99902596068748,0,19.084318,23.035114408479778
CALCE,CS2_36,913,25.412953160155364,0,19.747147,23.952076053511373
CALCE,CS2_36,914,24.840275938922836,0,19.669067,23.624505131354532
CALCE,CS2_36,915,24.598812110376294,0,19.669067,23.4295077321016
CALCE,CS2_36,916,24.42590800531536,0,19.747147,24.693151540345145
CALCE,CS2_36,917,24.99577004028092,0,19.669067,23.578216189142708
CALCE,CS2_36,918,24.853206355985083,0,19.81529,23.643734066625775
CALCE,CS2_36,919,24.69220182470733,0,-1.6398432,4.441292535365971
CALCE,CS2_36,920,24.400570578892598,0,0.6276032,6.436605648978588
CALCE,CS2_36,921,24.085493183010232,0,26.901104,31.163960550731453
CALCE,CS2_36,922,24.06473166519791,0,27.211563,31.612756405785156
CALCE,CS2_36,923,23.81655533744479,0,0.6276032,6.651916262199496
CALCE,CS2_36,924,18.383607676945346,0,27.408442,31.358639779695054
CALCE,CS2_36,925,18.957764755076614,0,27.65531,31.86962436129287
CALCE,CS2_36,926,18.474301788262004,0,32.413498,29.041552085220715
CALCE,CS2_36,927,18.23949155868884,0,31.680956,31.484629635762943
CALCE,CS2_36,928,18.151040450985423,0,27.294434,22.914796397696236
CALCE,CS2_36,929,17.812838330606343,0,27.118744,21.71502313880756
CALCE,CS2_36,930,17.3720642498872,0,28.984314,24.535910243442473
CALCE,CS2_36,931,17.008338053025007,0,28.984314,22.976437982932246
CALCE,CS2_36,932,16.812104692313998,0,29.956505,25.25668005728771
CALCE,CS2_36,933,16.631210162294195,0,29.761475,32.93450398117143
CALCE,CS2_36,934,16.439089561711576,0,30.253174,33.22387844262494
CALCE,CS2_36,935,16.349010964205853,0,29.677195,32.7188395898147
CALCE,CS2_36,936,16.23985572395705,0,30.137156,33.60651795588148
CALCE,CS2_36,937,15.950398656992029,0,24.483503,16.100348553076305
CALCE,CS2_36,938,16.07684260207156,0,30.253174,33.58804254575465
CALCE,CS2_36,939,16.010106325562827,0,30.518106,33.64938974312386
CALCE,CS2_36,940,12.65871135908185,0,32.591614,36.656765174741345
CALCE,CS2_36,941,15.432476178792513,0,27.928387,28.39982846981774
CALCE,CS2_36,942,15.521324847077667,0,30.253174,32.82988629859169
CALCE,CS2_36,943,15.514339126649945,0,30.253174,32.63865409598026
CALCE,CS2_36,944,15.611723634559166,0,30.253174,32.4248891481885
CALCE,CS2_36,945,15.789289347424848,0,29.677195,32.061574958521355
CALCE,CS2_36,946,16.000042654109144,0,29.20638,31.747634645422117
CALCE,CS2_36,947,16.354200567895923,0,7.1901045,13.544435055267925
CALCE,CS2_36,948,16.224338650242114,0,29.428703,31.96105921796405
CALCE,CS2_36,949,16.28554423885377,0,29.428703,32.38090688098757
CALCE,CS2_36,950,16.071936013738426,0,29.428703,31.714182903296873
CALCE,CS2_36,951,16.1649227608068,0,28.753592,31.815546605404123
CALCE,CS2_36,952,15.932635382851053,0,28.984314,31.621420239953117
CALCE,CS2_36,953,15.877408463364052,0,29.462042,32.08180567858759
CALCE,CS2_36,954,15.376255541319766,0,29.758718,31.882065947284502
CALCE,CS2_36,955,15.328463264865933,0,30.518106,33.124088317741695
CALCE,CS2_36,956,15.129221677106738,0,30.518106,32.653065027833286
CALCE,CS2_36,957,11.952646913565593,0,35.07777,38.878660470190255
CALCE,CS2_36,958,14.85863337956586,0,28.870686,31.44200721275896
CALCE,CS2_36,959,14.751535736004284,0,30.253174,32.113672802243784
CALCE,CS2_36,960,14.759717053429423,0,30.518106,32.163064771128575
CALCE,CS2_36,961,14.73175691056761,0,30.518106,32.22783983509868
CALCE,CS2_36,962,14.468210112076086,0,25.288185,18.368985297604908
CALCE,CS2_36,963,14.577922590129964,0,30.518106,32.026212702626495
CALCE,CS2_36,964,14.506730067047446,0,30.518106,31.928281332661214
CALCE,CS2_36,965,14.428559655986497,0,30.518106,32.522427196594855
CALCE,CS2_36,966,14.362551598596179,0,30.518106,32.38565967382326
CALCE,CS2_36,967,14.321859076569602,0,30.518106,32.22934438496864
CALCE,CS2_36,968,14.06297367092933,0,24.433163,18.046757272716555
CALCE,CS2_36,969,14.25857789190332,0,30.518106,32.14547604221863
CALCE,CS2_36,970,14.532049846664854,0,9.976485,16.067989940254247
CALCE,CS2_36,971,14.74440319190473,0,29.758718,32.01610833734959
CALCE,CS2_36,972,14.593528357453081,0,30.518106,32.557804329122455
CALCE,CS2_36,973,15.06463753045316,0,29.462042,32.733500025615136
CALCE,CS2_37,1,100.90359144858726,97,84.43339,83.93148228421273
CALCE,CS2_37,2,100.0,96,85.10069,85.4141593083219
CALCE,CS2_37,3,99.97384472464678,95,85.01802,85.2944035432387
CALCE,CS2_37,4,100.72463269599999,94,84.55744,83.37609194401526
CALCE,CS2_37,5,99.56154921387564,93,86.39377,86.1941252637882
CALCE,CS2_37,6,99.45648611874847,92,86.33954,86.00383438422146
CALCE,CS2_37,7,98.91050226889799,91,85.60708,85.66494285997689
CALCE,CS2_37,8,98.6477012007347,90,85.92913,84.63036229090814
CALCE,CS2_37,9,97.45521697196915,89,85.60708,85.6544780359517
CALCE,CS2_37,10,97.16342258231526,88,85.60708,85.74798619259927
CALCE,CS2_37,11,96.78880460009786,87,85.86223,85.88458110913031
CALCE,CS2_37,12,97.34456382431911,86,86.67661,86.04910480858399
CALCE,CS2_37,13,97.52564206823558,85,86.75823,86.06647017817447
CALCE,CS2_37,14,97.54090014241055,84,86.75823,86.02030350825606
CALCE,CS2_37,15,97.50641738268837,83,86.75823,86.00630330210828
CALCE,CS2_37,16,97.46698166363524,82,86.75823,86.00320964024026
CALCE,CS2_37,17,88.01528735653805,81,87.64914,86.48148049565708
CALCE,CS2_37,18,97.3887961577536,80,86.75823,85.95179242772348
CALCE,CS2_37,19,97.34638716373146,79,88.44242,83.40821847611265
CALCE,CS2_37,20,97.27304953105215,78,86.651985,85.81920972987503
CALCE,CS2_37,21,97.20799768639009,77,86.651985,85.83432381011788
CALCE,CS2_37,22,97.14895304936822,76,87.01004,86.24136224293862
CALCE,CS2_37,23,97.09018772057337,75,87.01004,86.27787528410961
CALCE,CS2_37,24,97.04764198668067,74,87.01004,86.25522862811927
CALCE,CS2_37,25,97.82181381528623,73,86.88431,85.61775133534458
CALCE,CS2_37,26,96.93189415463485,72,87.01004,86.21582308394551
CALCE,CS2_37,27,96.86955158714231,71,87.01004,86.19604805018669
CALCE,CS2_37,28,96.31016742986644,70,86.96824,86.52640446315748
CALCE,CS2_37,29,95.28900881000595,69,86.651985,86.30398013726851
CALCE,CS2_37,30,94.9950038324945,68,86.67661,86.27774911445873
CALCE,CS2_37,31,95.56695555492394,67,86.49024,84.89507595599972
CALCE,CS2_37,32,95.30936467425943,66,87.6538,86.62913813842805
CALCE,CS2_37,33,95.28598260873112,65,87.04215,86.28069329482182
CALCE,CS2_37,34,95.59146358414363,64,87.01004,86.16673796064121
CALCE,CS2_37,35,95.31284161470364,63,86.96824,86.40324673206317
CALCE,CS2_37,36,94.32252699515915,62,86.67661,86.26865442801544
CALCE,CS2_37,37,94.02787887939735,61,86.4167,86.17046277349961
CALCE,CS2_37,38,93.93008608481773,60,86.72902,86.45969270799232
CALCE,CS2_37,39,93.70558961038313,59,86.88662,86.58334154244211
CALCE,CS2_37,40,94.55818735332507,58,87.04215,86.31022069794102
CALCE,CS2_37,41,94.84694389499624,57,87.01004,86.14289455032404
CALCE,CS2_37,42,94.91045038938319,56,86.69379,85.82800236745534
CALCE,CS2_37,43,93.59132601524594,55,86.570366,86.2201982843819
CALCE,CS2_37,44,93.50443363245995,54,86.651985,86.1744195476486
CALCE,CS2_37,45,93.38150172773014,53,86.570366,86.13430510019072
CALCE,CS2_37,46,93.24300716348722,52,86.570366,86.10778962592292
CALCE,CS2_37,47,93.62927659466904,51,87.04215,86.33236050903334
CALCE,CS2_37,48,94.16387165745289,50,86.651985,85.89324864570736
CALCE,CS2_37,49,94.33554356830987,49,87.01004,86.20241769261843
CALCE,CS2_37,50,93.18692273936153,48,86.732956,86.32434911928364
CALCE,CS2_37,51,93.05028328318889,47,87.46949,87.07697608429564
CALCE,CS2_37,52,92.92187380625847,46,87.736885,87.29307885244289
CALCE,CS2_37,53,92.7879287628476,45,87.392456,86.94517976122896
CALCE,CS2_37,54,96.82558466478804,44,85.60708,85.79129711747134
CALCE,CS2_37,55,96.49635674583448,43,86.123795,85.96813595545193
CALCE,CS2_37,56,96.87016677976058,42,86.733986,86.18714359930053
CALCE,CS2_37,57,96.81928731693354,41,86.82031,86.15743858377797
CALCE,CS2_37,58,95.89186262494373,40,86.33954,86.05704658087181
CALCE,CS2_37,59,95.48640278826616,39,86.33483,86.16464642259787
CALCE,CS2_37,60,95.33205919402197,38,86.33954,86.05041953007412
CALCE,CS2_37,61,85.11704661770239,37,73.00073,73.57474809995672
CALCE,CS2_37,62,94.35133746896877,36,85.86223,85.85168610862648
CALCE,CS2_37,63,94.72708374984083,35,86.67661,86.32721709141421
CALCE,CS2_37,64,94.49591758124551,34,86.67661,86.28118437379784
CALCE,CS2_37,65,93.72945104269331,33,86.123795,86.12581411900615
CALCE,CS2_37,66,93.60146983458799,32,86.437546,79.85241225388086
CALCE,CS2_37,67,93.42227633953839,31,85.873024,85.73206448414993
CALCE,CS2_37,68,93.25400145368484,30,85.59305,85.70386687388081
CALCE,CS2_37,69,92.86079139175968,29,86.986435,86.92362855727457
CALCE,CS2_37,70,93.14194417220898,28,87.05328,86.81169434154064
CALCE,CS2_37,71,93.0878645137088,27,87.15717,86.87274530821657
CALCE,CS2_37,72,92.52573010469233,26,86.531166,86.51682265007271
CALCE,CS2_37,73,92.36967204384639,25,86.531166,86.55615182670462
CALCE,CS2_37,74,92.33910004941782,24,86.83164,86.77285793057003
CALCE,CS2_37,75,92.24338657811688,23,86.83164,86.7473703774284
CALCE,CS2_37,76,91.85464498275176,22,86.90299,86.8215021851258
CALCE,CS2_37,77,92.36027780780036,21,87.299995,80.68849514018446
CALCE,CS2_37,78,92.33121179006191,20,87.15717,86.84926079765305
CALCE,CS2_37,79,92.24797250691427,19,87.15717,86.82819685198704
CALCE,CS2_37,80,92.96032755070851,18,88.3439,87.1051369334308
CALCE,CS2_37,81,92.05744273833236,17,87.31084,86.9320689937513
CALCE,CS2_37,82,81.88669770450417,16,74.46933,74.72753543981149
CALCE,CS2_37,83,92.01268303499751,15,87.392456,86.93950403054609
CALCE,CS2_37,84,91.8618728030927,14,87.53147,87.08367901696354
CALCE,CS2_37,85,91.75882863860193,13,87.43113,86.97507825942951
CALCE,CS2_37,86,91.68377674637685,12,87.210495,86.7657020500129
CALCE,CS2_37,87,91.59518898855252,11,87.15717,86.7817031737942
CALCE,CS2_37,88,91.51719112652292,10,87.43182,87.129206728344
CALCE,CS2_37,89,91.45033083061944,9,87.46949,87.15371476291969
CALCE,CS2_37,90,91.44031359276751,8,87.46949,87.1301458137116
CALCE,CS2_37,91,81.17436921318536,7,74.38771,74.73529178879382
CALCE,CS2_37,92,91.25664770944982,6,87.31084,86.94707608480464
CALCE,CS2_37,93,91.2045889224591,5,87.31084,86.9297411767893
CALCE,CS2_37,94,80.52939140816511,4,75.27349,68.14123489789684
CALCE,CS2_37,95,90.05969112818502,3,86.531166,86.71318587730163
CALCE,CS2_37,96,89.92437298558875,2,86.31053,86.48764051190417
CALCE,CS2_37,97,89.80147303578083,1,86.306595,86.44943304326004
CALCE,CS2_37,99,91.30624237655705,0,81.85335,82.3867837141061
CALCE,CS2_37,100,91.21931788282762,0,86.93313,86.78527213881358
CALCE,CS2_37,101,91.09904794467664,0,87.30743,87.05841909344521
CALCE,CS2_37,102,91.64196210246274,0,87.31084,86.68110766045673
CALCE,CS2_37,103,91.75665532464383,0,87.53147,86.8916612956917
CALCE,CS2_37,104,91.31721474774737,0,87.07099,86.79586054411772
CALCE,CS2_37,105,90.75093800190554,0,86.83164,86.70014299608988
CALCE,CS2_37,106,90.75060436972791,0,86.98946,86.78564248637016
CALCE,CS2_37,107,90.702236001402,0,86.83164,86.65681371660237
CALCE,CS2_37,108,90.49379879241165,0,90.45673,82.84105633161964
CALCE,CS2_37,109,90.96831323699935,0,87.53147,86.91055517828715
CALCE,CS2_37,110,91.23038950995422,0,87.392456,86.79370524623019
CALCE,CS2_37,111,91.26917357067956,0,87.70871,87.1026502554491
CALCE,CS2_37,112,90.11914253333788,0,86.90299,86.72142729743923
CALCE,CS2_37,113,79.71764123608321,0,73.00073,73.69171226401157
CALCE,CS2_37,114,89.97886405455327,0,86.58087,86.47807062580961
CALCE,CS2_37,115,89.85119532766917,0,87.14396,87.04888474273004
CALCE,CS2_37,116,89.52492107668711,0,87.15376,87.06799989817385
CALCE,CS2_37,117,90.59661464541675,0,87.70871,87.14978863044071
CALCE,CS2_37,118,91.52151032437867,0,87.550514,86.12745075825129
CALCE,CS2_37,119,89.91832814289431,0,86.83164,86.73101815803953
CALCE,CS2_37,120,89.50322429129523,0,87.15376,86.99674833200054
CALCE,CS2_37,121,89.45079831547466,0,87.30743,87.12607826541421
CALCE,CS2_37,122,89.5278081018988,0,87.08679,86.84059984765106
CALCE,CS2_37,123,88.91376686870379,0,87.84141,82.51849236953387
CALCE,CS2_37,124,89.9994229087559,0,87.31084,86.69733348175619
CALCE,CS2_37,125,90.21128271660425,0,87.53147,86.92173338470599
CALCE,CS2_37,126,90.28021482919284,0,87.392456,86.78865460948083
CALCE,CS2_37,127,80.56979191661551,0,74.553055,74.64743100600042
CALCE,CS2_37,128,90.52395405795967,0,87.70871,87.07299061730357
CALCE,CS2_37,129,90.6194676293312,0,87.70871,87.07301435735236
CALCE,CS2_37,130,90.66464286415093,0,87.70871,87.06244703286032
CALCE,CS2_37,131,90.71855436343671,0,87.70871,86.96186118990666
CALCE,CS2_37,132,90.79554888344717,0,92.25793,86.96844728835137
CALCE,CS2_37,133,90.7875567031742,0,87.392456,86.67926390577001
CALCE,CS2_37,134,90.82281289987543,0,87.392456,86.65863756692826
CALCE,CS2_37,135,90.84585920326745,0,87.61309,86.8665906558249
CALCE,CS2_37,136,90.87677754602814,0,87.61309,86.86489019397985
CALCE,CS2_37,137,90.89897232372354,0,87.31084,86.60023864055103
CALCE,CS2_37,138,90.91028047388585,0,87.61309,86.8696487097208
CALCE,CS2_37,139,90.91479977060087,0,87.61309,86.87135208904407
CALCE,CS2_37,140,90.93272169535118,0,87.61309,86.87667978323444
CALCE,CS2_37,141,90.31307569882453,0,87.291626,86.93902831247031
CALCE,CS2_37,142,89.23082305429705,0,86.31053,86.34991509486171
CALCE,CS2_37,143,89.30181789996658,0,86.90299,86.73153983070472
CALCE,CS2_37,144,89.1479014205964,0,86.31053,86.38075165817207
CALCE,CS2_37,145,89.87404965666119,0,86.84769,85.1960170828753
CALCE,CS2_37,146,89.64236776504119,0,87.70871,87.1459808613608
CALCE,CS2_37,147,90.2277464737124,0,87.392456,86.71683157740922
CALCE,CS2_37,148,90.33124637371041,0,87.392456,86.70637075777934
CALCE,CS2_37,149,90.92460287699852,0,85.78098,84.48485354734139
CALCE,CS2_37,150,90.34885608311023,0,87.53147,87.12647316918172
CALCE,CS2_37,151,90.96326634735075,0,87.53147,86.9361652782933
CALCE,CS2_37,152,91.04150395282281,0,87.61309,86.9638076608095
CALCE,CS2_37,153,89.76358745132309,0,86.31053,86.40954538651143
CALCE,CS2_37,154,89.63618334377435,0,86.93313,86.88464581315746
CALCE,CS2_37,155,89.95669056616474,0,86.58087,86.49249876450183
CALCE,CS2_37,156,89.75165030734098,0,87.14396,87.0956320051732
CALCE,CS2_37,157,90.30036547913183,0,88.311714,87.33598621290238
CALCE,CS2_37,158,90.46645861140902,0,87.392456,86.86208484887928
CALCE,CS2_37,159,90.64521132179149,0,87.392456,86.84844442784072
CALCE,CS2_37,160,89.8198639593991,0,87.14396,87.05434458262762
CALCE,CS2_37,161,89.42975243800423,0,87.30743,87.17174868334067
CALCE,CS2_37,162,89.51559840362067,0,87.30743,87.09460472929038
CALCE,CS2_37,163,89.52213916993959,0,87.30743,87.05318153590805
CALCE,CS2_37,164,89.96905583475639,0,86.30262,85.00481644822737
CALCE,CS2_37,165,89.82726324066256,0,87.46949,87.02593869882669
CALCE,CS2_37,166,91.02502880400094,0,87.51461,85.99435670505287
CALCE,CS2_37,167,90.3415308674591,0,87.392456,86.77102083313514
CALCE,CS2_37,168,88.99338254069151,0,86.62285,86.7402984754989
CALCE,CS2_37,169,89.05676579419627,0,86.62285,86.66566787707893
CALCE,CS2_37,170,89.10265546920336,0,86.306595,86.36813785331474
CALCE,CS2_37,171,89.07483196385162,0,86.576935,86.59626527001639
CALCE,CS2_37,172,88.95543468607431,0,87.14396,87.11009651606352
CALCE,CS2_37,173,89.8865984462271,0,87.47343,86.97766229641667
CALCE,CS2_37,174,90.04675081462614,0,87.31084,86.69850380610713
CALCE,CS2_37,175,90.18651352480047,0,87.53147,86.89725050021151
CALCE,CS2_37,176,90.2138148645278,0,87.53147,86.89767591809327
CALCE,CS2_37,177,90.24498821055464,0,87.61309,86.97443831727945
CALCE,CS2_37,178,90.36209604390542,0,87.392456,86.76247528671168
CALCE,CS2_37,179,90.4211874376661,0,87.392456,86.7787576819194
CALCE,CS2_37,180,90.4476071405182,0,87.392456,86.78712007349179
CALCE,CS2_37,181,90.47512909581855,0,87.392456,86.7866729853151
CALCE,CS2_37,182,90.50867966400389,0,87.392456,86.79606706447034
CALCE,CS2_37,183,90.51681507115393,0,87.70871,87.08569888510051
CALCE,CS2_37,184,90.54548302040313,0,87.392456,86.79851954899212
CALCE,CS2_37,185,90.58950539232892,0,87.392456,86.80507151180969
CALCE,CS2_37,186,90.63067522301154,0,87.392456,86.81520432191921
CALCE,CS2_37,187,90.64963658201455,0,87.392456,86.80760832198617
CALCE,CS2_37,188,90.7909408625157,0,87.392456,86.65904020168237
CALCE,CS2_37,189,90.81280105503879,0,87.53147,86.8101049832653
CALCE,CS2_37,190,79.57273540235428,0,73.00073,73.6932754964346
CALCE,CS2_37,191,89.45018902069975,0,87.30743,87.10652724076012
CALCE,CS2_37,192,89.40121354418564,0,87.30743,87.13053879198834
CALCE,CS2_37,193,89.35019495629255,0,86.90299,86.72401654561854
CALCE,CS2_37,194,89.07376159129092,0,86.31053,86.39969524875325
CALCE,CS2_37,195,89.89023119208615,0,87.15717,86.75189836107113
CALCE,CS2_37,196,90.15550925610195,0,87.53147,86.92680892887108
CALCE,CS2_37,197,89.90206593814116,0,86.89546,86.70608191707949
CALCE,CS2_37,198,88.98435668556064,0,86.306595,86.38328119137483
CALCE,CS2_37,199,89.6792975508773,0,86.531166,86.64573074443098
CALCE,CS2_37,200,90.37596645424495,0,87.53147,87.08426042419171
CALCE,CS2_37,201,90.55001179475299,0,87.31084,86.86733893358065
CALCE,CS2_37,202,89.98958809647297,0,86.531166,86.5787887448591
CALCE,CS2_37,203,89.45736991513895,0,86.641975,86.66334801219263
CALCE,CS2_37,204,89.60603465898399,0,87.15376,87.03006734034368
CALCE,CS2_37,205,89.64408963013688,0,87.15376,86.98945775852364
CALCE,CS2_37,206,78.80247682380073,0,70.85937,71.90707403354061
CALCE,CS2_37,207,89.59369821093833,0,87.30743,87.02294949699791
CALCE,CS2_37,208,90.11833929995106,0,87.53147,87.00154119446118
CALCE,CS2_37,209,90.27449899286586,0,87.53147,86.97321398087199
CALCE,CS2_37,210,89.4265011340591,0,86.64668,86.6341213112484
CALCE,CS2_37,211,89.33720068382041,0,86.960365,86.85133214999506
CALCE,CS2_37,212,89.38973521196716,0,86.960365,86.83276583368887
CALCE,CS2_37,213,89.27615849956264,0,86.531166,86.52178916460238
CALCE,CS2_37,214,89.23107903838857,0,86.531166,86.54675684590642
CALCE,CS2_37,215,90.00238568798625,0,87.37781,86.82187943195561
CALCE,CS2_37,216,90.22997045827984,0,87.53147,86.93962972664342
CALCE,CS2_37,217,90.58200555386901,0,87.94766,86.72629706631862
CALCE,CS2_37,218,89.1783212541307,0,86.531166,86.61000441972176
CALCE,CS2_37,219,89.45573051734904,0,87.3648,87.09651538249202
CALCE,CS2_37,220,89.93926997193057,0,87.37781,86.85438059108242
CALCE,CS2_37,221,90.24598110400694,0,87.53147,86.93210605250611
CALCE,CS2_37,222,90.29029923910696,0,87.53147,86.93889766248789
CALCE,CS2_37,223,90.29903047436008,0,87.53147,86.93685492226615
CALCE,CS2_37,224,90.33587358080877,0,87.53147,86.93173453449775
CALCE,CS2_37,225,90.36149470381069,0,87.61309,87.01423038714536
CALCE,CS2_37,226,90.37202822120362,0,87.61309,87.02148503211554
CALCE,CS2_37,227,90.41358130427489,0,87.61309,87.0080178859646
CALCE,CS2_37,228,90.50453836993556,0,87.61309,87.03012920278037
CALCE,CS2_37,229,90.48278256525636,0,87.61309,87.03780147544579
CALCE,CS2_37,230,90.47289112324836,0,87.61309,87.04741091045965
CALCE,CS2_37,231,90.48667032018194,0,87.61309,87.03371093299369
CALCE,CS2_37,232,90.49298380965092,0,87.61309,87.04165845772768
CALCE,CS2_37,233,90.50779798723278,0,87.61309,87.04365121285737
CALCE,CS2_37,234,90.52224155362946,0,87.61309,87.05323198727557
CALCE,CS2_37,235,90.56513914822936,0,87.61309,87.04074004539548
CALCE,CS2_37,236,90.52422577153322,0,87.61309,87.05388832358422
CALCE,CS2_37,237,90.51653280703692,0,87.61309,87.05575370548819
CALCE,CS2_37,238,90.51322988092706,0,87.53147,86.99242519195857
CALCE,CS2_37,239,90.51422984375242,0,87.61309,87.06271864487391
CALCE,CS2_37,240,89.41058725978574,0,86.64668,86.64922061957209
CALCE,CS2_37,241,89.59882791066318,0,87.3648,87.11003357238117
CALCE,CS2_37,242,89.46381187484201,0,87.400665,82.27207627600363
CALCE,CS2_37,243,89.17220254801855,0,86.531166,86.66157332945723
CALCE,CS2_37,244,89.02990486663056,0,86.531166,86.66790726731082
CALCE,CS2_37,245,89.88323166786144,0,87.37781,86.99875083618072
CALCE,CS2_37,246,90.02319123556424,0,87.53147,86.96354701232049
CALCE,CS2_37,247,89.22939352486166,0,86.531166,86.66497428806359
CALCE,CS2_37,248,88.94873754941516,0,86.531166,86.65474816497728
CALCE,CS2_37,249,89.18398620682997,0,86.531166,86.58188052306839
CALCE,CS2_37,250,89.09800987341407,0,86.531166,86.5734164750363
CALCE,CS2_37,251,88.60242835663401,0,86.170235,86.37778142202501
CALCE,CS2_37,252,89.46421071705505,0,87.52733,87.08988143856787
CALCE,CS2_37,253,89.63645060860449,0,87.53147,87.09362276721767
CALCE,CS2_37,254,89.04592353529085,0,86.531166,86.67324084644773
CALCE,CS2_37,255,88.49768091245835,0,85.82665,86.09735640079528
CALCE,CS2_37,256,88.67024596270006,0,86.64668,86.63382689857633
CALCE,CS2_37,257,88.41100126732312,0,85.82665,86.09666211945206
CALCE,CS2_37,258,88.4841200273529,0,86.54049,86.63897679246647
CALCE,CS2_37,259,88.7610506164151,0,87.36951,87.12394998736706
CALCE,CS2_37,260,89.13076832431447,0,87.2101,86.99264050526311
CALCE,CS2_37,261,89.26608730686473,0,87.311584,86.88643492300729
CALCE,CS2_37,262,88.27453925523942,0,86.147446,86.39903934120164
CALCE,CS2_37,263,88.23586637479859,0,86.156204,86.3857563332623
CALCE,CS2_37,264,88.42509313145969,0,86.531166,86.66988556208301
CALCE,CS2_37,265,88.24270639850754,0,86.531166,86.70811744245789
CALCE,CS2_37,266,88.20131479686313,0,86.531166,86.70600040316359
CALCE,CS2_37,267,89.02234935206187,0,87.311584,87.01160804006939
CALCE,CS2_37,268,89.14340431693807,0,87.311584,86.94915329993992
CALCE,CS2_37,269,88.29771095864493,0,86.156204,86.37452512328923
CALCE,CS2_37,270,88.01203165221354,0,86.5452,86.7158160751949
CALCE,CS2_37,271,87.92163697357114,0,86.170235,86.39644700804703
CALCE,CS2_37,272,88.06765491718521,0,86.531166,86.62368129515318
CALCE,CS2_37,273,88.81348446040809,0,78.70293,79.69099531715209
CALCE,CS2_37,274,88.15289182026298,0,85.72258,86.05551862677792
CALCE,CS2_37,275,88.98162966176393,0,86.89546,86.79351982187352
CALCE,CS2_37,276,89.15643530074149,0,87.2101,86.9973131176546
CALCE,CS2_37,277,88.89350930156704,0,86.531166,86.63091789157183
CALCE,CS2_37,278,88.78109944976495,0,85.968445,84.57056200663199
CALCE,CS2_37,279,87.96400062551896,0,86.16553,86.3977801092837
CALCE,CS2_37,280,87.77057190720603,0,85.739944,86.04941985208302
CALCE,CS2_37,281,74.17908175534662,0,45.80902,49.98201306249531
CALCE,CS2_37,282,88.2181127569286,0,85.7319,86.06424269759418
CALCE,CS2_37,283,88.11345035501603,0,85.831375,86.15175525877997
CALCE,CS2_37,284,76.81018264559202,0,72.3647,73.79628317310436
CALCE,CS2_37,285,88.80164059031137,0,87.3648,87.13489374210336
CALCE,CS2_37,286,89.0328323902759,0,87.311584,87.09316390655529
CALCE,CS2_37,287,88.89661847581931,0,87.15376,87.07326953353123
CALCE,CS2_37,288,87.82502925767548,0,85.84068,86.14999836303114
CALCE,CS2_37,289,87.84285894929278,0,85.84068,86.11205362147221
CALCE,CS2_37,290,87.66326771605159,0,85.892204,86.21702479340262
CALCE,CS2_37,291,87.58300805698308,0,85.72652,86.05707740424204
CALCE,CS2_37,292,88.44224565339292,0,87.82062,86.70314618018791
CALCE,CS2_37,293,88.25306961797554,0,87.05228,86.96983895457325
CALCE,CS2_37,294,88.35479972967825,0,86.95933,86.8780069156077
CALCE,CS2_37,295,76.42568937387819,0,69.80309,71.35867188944266
CALCE,CS2_37,296,87.01698564987763,0,85.47552,85.82705296657474
CALCE,CS2_37,297,87.07675786355267,0,85.484825,85.81458409912783
CALCE,CS2_37,298,87.12925372471334,0,85.930084,86.20335760691269
CALCE,CS2_37,299,86.95346200462212,0,85.5675,85.91066434949663
CALCE,CS2_37,300,88.3429055436371,0,88.04665,86.89646308440142
CALCE,CS2_37,301,87.79346471140427,0,86.960365,86.85819794027482
CALCE,CS2_37,302,87.87649926848506,0,87.11403,86.96209971061711
CALCE,CS2_37,303,87.90778621940005,0,87.11403,86.96692273157313
CALCE,CS2_37,304,87.94972447048846,0,87.3648,87.17812779152503
CALCE,CS2_37,305,88.02331663828946,0,87.15376,86.9661103520058
CALCE,CS2_37,306,88.03966650008694,0,87.15376,86.97058989073038
CALCE,CS2_37,307,88.90464652885429,0,87.84137,86.67854838499389
CALCE,CS2_37,308,88.10093765062686,0,87.311584,87.11493295486059
CALCE,CS2_37,309,88.11491725121972,0,87.311584,87.1100296353491
CALCE,CS2_37,310,88.07768941218158,0,87.311584,87.11223093658508
CALCE,CS2_37,311,88.06132228065592,0,90.92625,86.12756902886542
CALCE,CS2_37,312,88.16482362296993,0,87.311584,87.10529296370046
CALCE,CS2_37,313,88.09593629309379,0,87.311584,87.11224082276631
CALCE,CS2_37,314,88.13822530569504,0,87.311584,87.0971744384379
CALCE,CS2_37,315,88.16449243555846,0,87.311584,87.09012925114772
CALCE,CS2_37,316,88.19937613379666,0,87.09095,86.90007360771756
CALCE,CS2_37,317,78.11193600585628,0,70.77039,71.61145475663476
CALCE,CS2_37,318,86.89501760379851,0,85.548874,85.92142104581542
CALCE,CS2_37,319,86.674582846546,0,85.39713,85.76782975694236
CALCE,CS2_37,320,86.89039646605003,0,85.4755,85.74803562319526
CALCE,CS2_37,321,86.5647416224245,0,85.5535,85.90275405050666
CALCE,CS2_37,322,86.33234516289062,0,69.09724,70.93094797452135
CALCE,CS2_37,323,87.2652758058434,0,86.60614,86.60914419646
CALCE,CS2_37,324,87.47277926254816,0,86.531166,86.5400746993445
CALCE,CS2_37,325,86.92967565873374,0,85.4755,85.79701656204033
CALCE,CS2_37,326,86.18503100888198,0,69.17991,71.00940423523252
CALCE,CS2_37,327,87.0693100202218,0,85.70283,84.61216061379369
CALCE,CS2_37,328,86.32127408895637,0,72.69377,74.15900315687658
CALCE,CS2_37,329,86.17408026504778,0,71.85116,73.42191745285031
CALCE,CS2_37,330,87.20385379549579,0,86.224655,84.85216725929318
CALCE,CS2_37,331,86.89252501507355,0,86.299545,86.31410485268796
CALCE,CS2_37,332,87.33624393003034,0,85.56043,85.95642860285797
CALCE,CS2_37,333,87.16611898932909,0,85.56676,85.92990085068529
CALCE,CS2_37,334,87.5718682251831,0,85.909325,86.1884115320848
CALCE,CS2_37,335,87.86878684436289,0,86.60431,86.71050345856003
CALCE,CS2_37,336,87.93560291372803,0,86.64668,86.70871877598822
CALCE,CS2_37,337,86.9002468478257,0,85.41039,85.8002831327223
CALCE,CS2_37,338,86.79473768563537,0,85.40107,85.77534355912296
CALCE,CS2_37,339,86.71476418115735,0,85.39713,85.77415052917199
CALCE,CS2_37,340,86.6178288636657,0,85.39713,85.77591700192276
CALCE,CS2_37,341,86.3534308557643,0,69.17991,71.0143165975888
CALCE,CS2_37,342,87.11901842848324,0,86.299545,86.4429295330538
CALCE,CS2_37,343,76.15322171411646,0,72.70169,73.84626472133947
CALCE,CS2_37,344,87.2870335828893,0,86.531166,86.641927976116
CALCE,CS2_37,345,88.13491133937794,0,86.79932,85.27870057339211
CALCE,CS2_37,346,88.16117404906926,0,87.45147,86.59861958495173
CALCE,CS2_37,347,87.39798880425509,0,92.96224,88.50455654607816
CALCE,CS2_37,348,87.40884514794924,0,86.531166,86.62263420820817
CALCE,CS2_37,349,87.40992928323314,0,86.31053,86.42081001180902
CALCE,CS2_37,350,87.41102597499032,0,86.531166,86.62428756637176
CALCE,CS2_37,351,87.38858320575068,0,86.531166,86.61508215288971
CALCE,CS2_37,352,87.36725402591698,0,86.531166,86.61618879897975
CALCE,CS2_37,353,87.35073017590493,0,86.531166,86.61432995079177
CALCE,CS2_37,354,87.33766488613973,0,86.531166,86.61009418756983
CALCE,CS2_37,355,87.33265156641782,0,86.531166,86.60705006147892
CALCE,CS2_37,356,87.33672831872045,0,86.531166,86.60425839309289
CALCE,CS2_37,357,87.34785688630421,0,86.531166,86.59191440625244
CALCE,CS2_37,358,87.31924831627992,0,86.531166,86.59724991297814
CALCE,CS2_37,359,86.94917041447297,0,82.85813,78.78833718791024
CALCE,CS2_37,360,85.86492838688086,0,71.926765,73.53008344429786
CALCE,CS2_37,361,85.80167938059559,0,71.77279,73.38943313340525
CALCE,CS2_37,362,86.53571630992218,0,69.21018,69.82789977221174
CALCE,CS2_37,363,85.5469592352965,0,69.17917,71.01596788955722
CALCE,CS2_37,364,85.684758102752,0,71.93383,73.52241845284813
CALCE,CS2_37,365,75.16689499974729,0,72.70169,73.90870590799848
CALCE,CS2_37,366,86.47875990836764,0,86.299545,86.49618177751519
CALCE,CS2_37,367,85.84912083419431,0,71.77279,73.37902111035721
CALCE,CS2_37,368,85.27320206503664,0,67.721596,69.71258326482436
CALCE,CS2_37,369,85.31686824713948,0,69.022804,70.90046381400359
CALCE,CS2_37,370,85.12368360654395,0,71.9307,73.52736586724237
CALCE,CS2_37,371,85.20593124138985,0,71.9307,73.52815280151118
CALCE,CS2_37,372,85.63180056523758,0,72.69377,74.17129633044209
CALCE,CS2_37,373,85.9059196177816,0,71.91521,73.48746554236395
CALCE,CS2_37,374,86.08342814182596,0,82.462036,78.65770000628196
CALCE,CS2_37,375,85.04069522544219,0,71.926765,73.52904258490116
CALCE,CS2_37,376,84.89743754776315,0,71.926765,73.53260515326855
CALCE,CS2_37,377,84.77791859919641,0,69.022804,70.89588224930874
CALCE,CS2_37,378,84.7013065988687,0,69.022804,70.8720700140773
CALCE,CS2_37,379,84.67862397091615,0,69.022804,70.86779377369088
CALCE,CS2_37,380,85.4950038999299,0,72.69377,74.16764702847644
CALCE,CS2_37,381,85.66192961181007,0,72.69377,74.17209829606281
CALCE,CS2_37,382,85.45234014518519,0,69.022804,70.88297291626665
CALCE,CS2_37,383,85.35155702844187,0,67.63396,69.64111886346862
CALCE,CS2_37,384,85.02173958292722,0,70.00078,71.7863866436419
CALCE,CS2_37,385,85.83647995836803,0,71.77279,73.37102482197177
CALCE,CS2_37,386,85.99539093243482,0,71.93383,73.50075289953712
CALCE,CS2_37,387,85.34051739222056,0,68.99846,70.87529761261868
CALCE,CS2_37,388,84.76438533599998,0,69.022804,70.89102487613644
CALCE,CS2_37,389,84.83089245376502,0,71.776726,73.39875938930582
CALCE,CS2_37,390,84.74138077192526,0,71.776726,73.3876234249058
CALCE,CS2_37,391,84.58062733288173,0,67.25833,69.3000278725789
CALCE,CS2_37,392,85.80955611784371,0,69.486305,69.94259776157595
CALCE,CS2_37,393,85.38407040105054,0,71.85116,73.41563975604883
CALCE,CS2_37,394,85.43875835103537,0,73.111305,70.35455485717729
CALCE,CS2_37,395,85.48770448846273,0,69.09724,70.90931400857987
CALCE,CS2_37,396,85.51794686513654,0,69.93985,71.67276328605874
CALCE,CS2_37,397,85.5720791157699,0,72.69377,74.16211796523065
CALCE,CS2_37,398,85.66849990896301,0,72.69377,74.16876425840215
CALCE,CS2_37,399,85.74103166125354,0,72.59303,74.08082694553363
CALCE,CS2_37,400,85.78129574265839,0,72.59303,74.07683476536847
CALCE,CS2_37,401,85.79186109469681,0,72.681076,74.156793048676
CALCE,CS2_37,402,85.81438490330807,0,72.589096,74.0659612982004
CALCE,CS2_37,403,85.83608529369289,0,72.59303,74.06984704499679
CALCE,CS2_37,404,85.83702257951387,0,72.68501,74.1553412482135
CALCE,CS2_37,405,85.85134279931769,0,72.59303,74.06943543627358
CALCE,CS2_37,406,85.87516527744826,0,72.68501,74.15174521001614
CALCE,CS2_37,407,85.9078000722773,0,72.59303,74.06480102000563
CALCE,CS2_37,408,85.87835241320046,0,72.681076,74.14073078895642
CALCE,CS2_37,409,85.88032540840842,0,72.681076,74.14273069806681
CALCE,CS2_37,410,84.62622028705937,0,69.11044,70.96067065822974
CALCE,CS2_37,411,84.34422172620583,0,67.25833,69.29139618665232
CALCE,CS2_37,412,84.21916450529592,0,67.24686,69.28419001742435
CALCE,CS2_37,413,84.13021326811165,0,68.79722,70.69189716760428
CALCE,CS2_37,414,83.91629336703002,0,67.34597,69.35700014938973
CALCE,CS2_37,415,84.7738725001056,0,69.09724,70.93130536393473
CALCE,CS2_37,416,85.0326147237556,0,71.91127,73.49678795926535
CALCE,CS2_37,417,84.96918803425683,0,71.77279,73.37669129717723
CALCE,CS2_37,418,83.88194480835062,0,67.34597,69.36003611185771
CALCE,CS2_37,419,84.01276697891288,0,69.26442,71.12347676703159
CALCE,CS2_37,420,83.96162060751365,0,69.11044,70.98253468530469
CALCE,CS2_37,421,83.83847522284277,0,67.19199,69.218494356291
CALCE,CS2_37,422,83.58062269856654,0,67.48083,69.50591095897465
CALCE,CS2_37,423,84.60561674924078,0,69.09724,70.92093168657466
CALCE,CS2_37,424,84.80980844887216,0,69.09724,70.92131535406405
CALCE,CS2_37,425,84.07381425104418,0,69.172844,71.03527900696506
CALCE,CS2_37,426,83.61571805095332,0,67.48083,69.50635813049571
CALCE,CS2_37,427,83.63096705126685,0,67.39084,69.42472755901197
CALCE,CS2_37,428,83.78347777770331,0,69.11044,70.9731772146331
CALCE,CS2_37,429,84.50457746242293,0,69.31997,69.64976843136209
CALCE,CS2_37,430,84.10123427190398,0,71.77279,73.38550130125545
CALCE,CS2_37,431,84.5439599604849,0,69.09724,70.92137151692378
CALCE,CS2_37,432,84.25256720913121,0,68.20624,70.1661381649187
CALCE,CS2_37,433,84.14383723148939,0,67.246025,69.28512062508314
CALCE,CS2_37,434,84.11521884419993,0,67.334496,69.36366987998892
CALCE,CS2_37,435,83.74653456732196,0,73.65673,70.03078301570476
CALCE,CS2_37,436,83.58640364715495,0,67.38058,69.41617288341902
CALCE,CS2_37,437,83.60924963225791,0,67.52888,69.55025124023193
CALCE,CS2_37,438,83.63474050031209,0,67.39084,69.42549866810137
CALCE,CS2_37,439,83.55269872911094,0,67.52888,69.54973821808362
CALCE,CS2_37,440,83.34736033743373,0,67.52494,69.55073738258591
CALCE,CS2_37,441,83.93034396971298,0,69.26681,71.11085021852911
CALCE,CS2_37,442,84.2061403065363,0,71.77279,73.38748494088237
CALCE,CS2_37,443,84.3105629653825,0,69.022804,70.8765383499747
CALCE,CS2_37,444,84.37070524187045,0,69.022804,70.88061255512213
CALCE,CS2_37,445,84.39373142194849,0,71.776726,73.38913853533343
CALCE,CS2_37,446,84.40678639760016,0,71.91606,67.18385029212858
CALCE,CS2_37,447,84.44726710770603,0,69.022804,70.88848773192433
CALCE,CS2_37,448,83.66894846604211,0,59.516518,59.36859416350474
CALCE,CS2_37,449,83.63267769790795,0,67.496704,69.52834699840821
CALCE,CS2_37,450,84.2704714723013,0,71.776726,73.37688241270608
CALCE,CS2_37,451,84.46013972991437,0,69.17991,71.01320858482894
CALCE,CS2_37,452,84.21503903855022,0,71.77279,73.36899872854325
CALCE,CS2_37,453,83.67504943556975,0,67.721596,69.71663384302282
CALCE,CS2_37,454,83.8399495250399,0,69.26681,71.07621747219403
CALCE,CS2_37,455,84.03443529135303,0,69.11044,70.95291149613738
CALCE,CS2_37,456,84.20456074593386,0,71.776726,73.37296829800572
CALCE,CS2_37,457,84.2394326886961,0,71.77279,73.36767913775883
CALCE,CS2_37,458,84.69385986888051,0,70.02749,71.72824732843128
CALCE,CS2_37,459,84.7569167735004,0,70.02749,71.72033839823067
CALCE,CS2_37,460,84.18422606809541,0,69.022804,70.87706383851454
CALCE,CS2_37,461,83.86925871626913,0,69.26755,71.08809315981436
CALCE,CS2_37,462,83.98921564549393,0,69.26755,71.09920328274721
CALCE,CS2_37,463,84.79747643115869,0,68.81364,69.28316963750473
CALCE,CS2_37,464,83.8876928718418,0,69.26755,71.09691052425343
CALCE,CS2_37,465,84.27414793686052,0,73.35679,70.84587040109639
CALCE,CS2_37,466,84.45220202437696,0,69.26755,71.07906495534321
CALCE,CS2_37,467,84.49904994217466,0,69.08793,70.90658839347374
CALCE,CS2_37,468,83.63415644020857,0,67.34597,69.37481233884874
CALCE,CS2_37,469,83.58849008012865,0,67.721596,69.71215257509574
CALCE,CS2_37,470,83.58964423134796,0,67.721596,69.71291842250055
CALCE,CS2_37,471,83.55419131804416,0,67.721596,69.7067924984347
CALCE,CS2_37,472,83.35825626529062,0,67.34597,69.37179786474363
CALCE,CS2_37,473,83.98648108019147,0,69.184875,71.01667846548047
CALCE,CS2_37,474,84.1341002710047,0,71.93383,73.52309824358036
CALCE,CS2_37,475,83.90120236568457,0,69.17557,71.02273226813735
CALCE,CS2_37,476,83.26447628924622,0,69.26442,71.11977967765588
CALCE,CS2_37,477,84.17171468767818,0,71.899864,71.89439887575037
CALCE,CS2_37,478,83.30600181610471,0,69.26442,71.11114827753737
CALCE,CS2_37,479,84.35115164840413,0,71.52742,72.08624896603447
CALCE,CS2_37,480,83.3538247570897,0,69.26442,71.11480721494617
CALCE,CS2_37,481,83.95254291518773,0,69.184875,71.01863292218898
CALCE,CS2_37,482,84.03449219072097,0,69.184875,71.02218198978316
CALCE,CS2_37,483,84.05732591418025,0,69.17557,71.00912925896824
CALCE,CS2_37,484,84.09610221781509,0,69.17991,71.02301132523773
CALCE,CS2_37,485,84.111512620427,0,69.17991,71.01435293127095
CALCE,CS2_37,486,84.16417419831683,0,71.93383,73.5146760076499
CALCE,CS2_37,487,84.24238681045617,0,71.93309,73.5165968864883
CALCE,CS2_37,488,84.29036590265898,0,71.93383,73.50994430234242
CALCE,CS2_37,489,84.28630919765908,0,71.93383,73.50967871577873
CALCE,CS2_37,490,84.28566469783267,0,69.17991,71.00464910987624
CALCE,CS2_37,491,84.27646461761698,0,71.93383,73.51320184477176
CALCE,CS2_37,492,84.25312152959317,0,69.17991,71.0120883100712
CALCE,CS2_37,493,84.23323968905571,0,71.93383,73.51685858855176
CALCE,CS2_37,494,84.26372422118499,0,71.93383,73.51456574159802
CALCE,CS2_37,495,84.25874727176756,0,69.17991,71.0085827123123
CALCE,CS2_37,496,84.23046925622614,0,71.93383,73.51470306925664
CALCE,CS2_37,497,84.20334181486884,0,71.93383,73.52162680162522
CALCE,CS2_37,498,83.736316980212,0,67.33843,69.40325415338405
CALCE,CS2_37,499,83.59732377739742,0,67.33843,69.38599845663705
CALCE,CS2_37,500,83.97635975091548,0,69.26755,71.10974085533852
CALCE,CS2_37,501,84.19788284870616,0,69.11044,70.9720688615085
CALCE,CS2_37,502,84.19554053915597,0,69.022804,70.89025830450586
CALCE,CS2_37,503,83.25864689411253,0,67.34597,69.38869366464469
CALCE,CS2_37,504,83.14408159476486,0,67.19199,69.24723283102959
CALCE,CS2_37,505,83.34416651807439,0,69.11044,70.97942967557675
CALCE,CS2_37,506,83.26406657396042,0,69.11044,70.98869196479757
CALCE,CS2_37,507,83.81212817159178,0,66.69596,67.2845250699131
CALCE,CS2_37,508,83.65557260205195,0,69.11044,70.99786543857017
CALCE,CS2_37,509,83.74813325399843,0,69.26755,71.12296279656131
CALCE,CS2_37,510,83.6725665748615,0,69.11044,70.9966119082265
CALCE,CS2_37,511,82.79666761527982,0,67.33843,69.39250563238892
CALCE,CS2_37,512,82.8087858179601,0,67.33843,69.39505587906058
CALCE,CS2_37,513,71.7512160496116,0,68.77604,70.60549059945637
CALCE,CS2_37,514,82.89767730346307,0,67.721596,69.74816755071929
CALCE,CS2_37,515,82.66811759659967,0,67.33843,69.3897880410138
CALCE,CS2_37,516,83.29345169615522,0,69.248924,71.11489453577535
CALCE,CS2_37,517,83.4164404361482,0,69.11044,70.98875118466611
CALCE,CS2_37,518,83.32581916808319,0,69.11044,70.9848127871719
CALCE,CS2_37,519,82.42563745850141,0,67.45022,69.5001146388658
CALCE,CS2_37,520,71.05988629402832,0,68.910736,70.76404640615867
CALCE,CS2_37,521,82.28510600102993,0,67.496994,69.5256263791248
CALCE,CS2_37,522,82.38087045576282,0,67.496994,69.5383270452156
CALCE,CS2_37,523,82.17580962695043,0,67.65097,69.68245558240704
CALCE,CS2_37,524,82.84936747783306,0,67.721596,69.74996905186458
CALCE,CS2_37,525,83.0203379476175,0,69.26755,71.12282527078973
CALCE,CS2_37,526,82.95230116655577,0,69.11044,70.99410346941862
CALCE,CS2_37,527,81.93419702030185,0,67.74863,69.78735930365494
CALCE,CS2_37,528,82.76800380837338,0,72.08378,72.26281695713608
CALCE,CS2_37,529,82.02016019754815,0,67.52888,69.59355998751549
CALCE,CS2_37,530,82.84315157489888,0,70.67044,71.49129499579468
CALCE,CS2_37,531,81.79536015994758,0,67.48083,69.5436568339335
CALCE,CS2_37,532,82.53116514134987,0,69.11044,71.00155821512878
CALCE,CS2_37,533,82.67389360987738,0,69.26442,71.14842184741381
CALCE,CS2_37,534,82.69325353383287,0,69.26442,71.14817333377643
CALCE,CS2_37,535,82.71699022738706,0,69.26442,71.14953409018854
CALCE,CS2_37,536,82.75132362263096,0,69.26442,71.14975323191767
CALCE,CS2_37,537,82.7883075193674,0,69.26442,71.15241578129104
CALCE,CS2_37,538,82.82462361795278,0,67.543274,69.59450709412107
CALCE,CS2_37,539,82.8086633800713,0,67.721596,69.75711508891027
CALCE,CS2_37,540,82.81979050591455,0,67.721596,69.75609206275973
CALCE,CS2_37,541,82.76192479458531,0,67.721596,69.75503762581016
CALCE,CS2_37,542,82.73729370685355,0,69.26442,71.15154857004681
CALCE,CS2_37,543,82.72182017657578,0,69.26442,71.15379460521325
CALCE,CS2_37,544,82.69544611870558,0,69.26442,71.15487070755123
CALCE,CS2_37,545,82.67443071951307,0,69.26442,71.15586680645053
CALCE,CS2_37,546,82.67891956702888,0,69.26442,71.15867275018975
CALCE,CS2_37,547,82.6761080639669,0,69.26442,71.15831269525381
CALCE,CS2_37,548,82.2468252643222,0,67.83388,69.87907385007608
CALCE,CS2_37,549,81.98906303958127,0,68.34224,70.35270144409041
CALCE,CS2_37,550,82.53284434529779,0,67.45022,69.51135987476941
CALCE,CS2_37,551,82.75730780407058,0,67.721596,69.76002633033958
CALCE,CS2_37,552,82.78835142140214,0,67.721596,69.76532575035176
CALCE,CS2_37,553,81.64847595504511,0,67.55749,69.63149715784704
CALCE,CS2_37,554,81.51446841619853,0,67.565025,69.62662888698591
CALCE,CS2_37,555,81.44187673930956,0,67.55749,69.61402320073572
CALCE,CS2_37,556,81.4262257851753,0,67.55749,69.61325574942703
CALCE,CS2_37,557,81.28387230069292,0,68.42594,70.44155366560463
CALCE,CS2_37,558,82.7949845574372,0,70.00317,70.26809432879736
CALCE,CS2_37,559,82.18848689032836,0,67.67187,69.71057774176359
CALCE,CS2_37,560,82.23794353250693,0,67.67187,69.70791643273985
CALCE,CS2_37,561,70.07009875459575,0,68.68737,70.67086704108772
CALCE,CS2_37,562,81.13178517434523,0,68.046715,70.0897312999949
CALCE,CS2_37,563,81.09135784396267,0,68.351715,70.36624982193148
CALCE,CS2_37,564,81.02468999783838,0,67.633125,69.71055573464488
CALCE,CS2_37,565,80.86322031851277,0,67.69988,69.77903222965072
CALCE,CS2_37,566,81.54050051372683,0,67.565025,69.6404466234492
CALCE,CS2_37,567,81.73939753564959,0,67.45022,69.52732554780943
CALCE,CS2_37,568,81.81977353717113,0,67.65097,69.71405967456084
CALCE,CS2_37,569,80.64667552005119,0,67.74793,69.8160534656148
CALCE,CS2_37,570,80.50361666071531,0,68.59503,70.62771721558835
CALCE,CS2_37,571,80.67323734228309,0,67.60989,69.68795271314842
CALCE,CS2_37,572,80.77754421455623,0,69.280365,70.15678534080867
CALCE,CS2_37,573,79.21896577392606,0,65.84028,68.13135970555639
CALCE,CS2_37,574,80.4391564041467,0,68.62669,70.64616273641808
CALCE,CS2_37,575,80.83048987426807,0,67.565025,69.65408249200145
CALCE,CS2_37,576,80.9818282907683,0,67.55749,69.65020546914452
CALCE,CS2_37,577,79.0388558839436,0,62.56643,65.15413077372695
CALCE,CS2_37,578,78.85809406927706,0,65.23045,67.58292798894136
CALCE,CS2_37,579,78.63836118514733,0,62.147797,64.76663315904126
CALCE,CS2_37,580,65.86613483561105,0,63.249622,65.86618663108396
CALCE,CS2_37,581,78.8870892151098,0,64.83581,65.97946529414497
CALCE,CS2_37,582,79.40753307736522,0,68.44649,70.49201659045049
CALCE,CS2_37,583,79.95580042578848,0,67.69988,69.80937441586101
CALCE,CS2_37,584,80.15299908723705,0,67.74793,69.83754504914752
CALCE,CS2_37,585,80.27745681590574,0,68.4993,70.53183567152846
CALCE,CS2_37,586,80.35320422330366,0,68.62669,70.65484791759583
CALCE,CS2_37,587,80.38900770760996,0,68.62669,70.65458422590079
CALCE,CS2_37,588,80.53277979398969,0,72.22484,66.41386689034438
CALCE,CS2_37,589,80.56987901603819,0,67.585075,69.69889280607453
CALCE,CS2_37,590,80.60152810864366,0,67.44268,69.56347875622171
CALCE,CS2_37,591,81.21621605012515,0,67.00744,67.84209358911964
CALCE,CS2_37,592,80.34864799695973,0,68.4993,70.54107732623017
CALCE,CS2_37,593,80.31863794324141,0,68.4993,70.53795280869669
CALCE,CS2_37,594,81.09111715525836,0,68.38617,69.21640518760881
CALCE,CS2_37,595,80.24789082979792,0,67.633125,69.74521483762352
CALCE,CS2_37,596,80.26298913752315,0,68.043724,70.12334574480305
CALCE,CS2_37,597,80.25815400198367,0,67.633125,69.74898288546417
CALCE,CS2_37,598,78.7953093949583,0,62.367195,64.97261044694596
CALCE,CS2_37,599,78.32063898595402,0,62.19425,64.81064682808704
CALCE,CS2_37,600,79.35803667205188,0,68.561295,70.58751249398382
CALCE,CS2_37,601,79.75355695042984,0,68.42594,70.47796023369729
CALCE,CS2_37,602,79.89509456858855,0,67.69988,69.7965376565365
CALCE,CS2_37,603,78.07571584445915,0,62.335243,64.96039660446056
CALCE,CS2_37,604,77.70340711016784,0,62.384468,65.01180827572978
CALCE,CS2_37,605,77.62758853820976,0,62.56643,65.16246834400599
CALCE,CS2_37,606,77.45376071008894,0,62.323387,64.94791442176496
CALCE,CS2_37,607,77.09555041640735,0,62.335243,64.9549378789409
CALCE,CS2_37,608,78.13704799020466,0,65.5985,67.93807155513933
CALCE,CS2_37,609,78.68137794085158,0,69.21251,71.2056491458227
CALCE,CS2_37,610,78.83467195918405,0,69.33267,71.32305864686982
CALCE,CS2_37,611,77.09288527705512,0,62.220448,64.85610036164816
CALCE,CS2_37,612,76.6904749906626,0,62.335243,64.96643733632963
CALCE,CS2_37,613,76.6357638647156,0,62.335243,64.9803415313104
CALCE,CS2_37,614,78.17716146152685,0,42.38864,46.908530011274756
CALCE,CS2_37,615,77.45233350385696,0,62.367195,65.01004090802844
CALCE,CS2_37,616,77.22405401019856,0,62.448715,65.0392719543698
CALCE,CS2_37,617,76.96813670296714,0,62.323387,64.90038118854494
CALCE,CS2_37,618,78.19687997270744,0,67.96768,70.01760392691926
CALCE,CS2_37,619,78.45142405277653,0,67.74793,69.80972498298419
CALCE,CS2_37,620,77.73153214962612,0,62.63064,65.15953094470315
CALCE,CS2_37,621,76.69771376782172,0,62.551105,65.10164904274102
CALCE,CS2_37,622,76.69977510055872,0,62.63064,65.1767580611336
CALCE,CS2_37,623,76.38391378852754,0,62.30759,64.74894333392734
CALCE,CS2_37,624,76.95093966093148,0,65.16887,66.19217076369306
CALCE,CS2_37,625,75.90109753177396,0,62.477844,65.06215542955222
CALCE,CS2_37,626,77.15254449600553,0,65.47667,67.80535071161701
CALCE,CS2_37,627,77.44066640498241,0,68.38235,70.42049360388845
CALCE,CS2_37,628,76.94576833867298,0,62.551105,65.12436444193415
CALCE,CS2_37,629,75.79476984289502,0,62.335243,64.9830150303884
CALCE,CS2_37,630,75.72161704151362,0,62.314423,64.97831900900799
CALCE,CS2_37,631,75.30102505400414,0,62.42922,65.05711540859268
CALCE,CS2_37,632,75.17850319568412,0,62.335243,64.95702915670184
CALCE,CS2_37,633,74.9743546424036,0,61.98138,64.69061525815538
CALCE,CS2_37,634,76.13804888386058,0,65.63123,67.97412481922002
CALCE,CS2_37,635,76.46567783085683,0,65.16212,67.55174025323876
CALCE,CS2_37,636,76.26354902733402,0,65.16212,67.53735890744876
CALCE,CS2_37,637,74.93771037706978,0,62.195915,64.71344011500861
CALCE,CS2_37,638,75.11972323281181,0,62.335243,64.97569505939028
CALCE,CS2_37,639,75.16848032224527,0,62.335243,64.9740481239099
CALCE,CS2_37,640,75.08362569395824,0,62.335243,64.98478505225677
CALCE,CS2_37,641,74.89046602637295,0,62.165863,64.84779665044671
CALCE,CS2_37,642,75.85979069510266,0,65.47667,67.83671336495647
CALCE,CS2_37,643,76.10253278420156,0,65.86161,68.1865026925998
CALCE,CS2_37,644,76.21177240449063,0,65.66726,68.01691571953737
CALCE,CS2_37,645,74.89636098847042,0,62.42922,65.08138542060051
CALCE,CS2_37,646,74.87329406989181,0,62.42922,65.08825981316369
CALCE,CS2_37,647,74.81315323113536,0,62.42922,65.0796227957631
CALCE,CS2_37,648,74.70519908745871,0,62.42922,65.07880596377255
CALCE,CS2_37,649,74.43439895471104,0,62.335243,65.00594195838205
CALCE,CS2_37,650,75.28393377455778,0,65.516426,67.8898611749251
CALCE,CS2_37,651,75.55008418905472,0,65.2524,67.65732470903501
CALCE,CS2_37,652,75.63766393641845,0,65.23045,67.6326378303673
CALCE,CS2_37,653,75.68376961053293,0,70.6987,68.18692871147441
CALCE,CS2_37,654,75.66720486180475,0,65.16212,67.5766509344629
CALCE,CS2_37,655,75.6370949672648,0,65.34526,67.73914109158122
CALCE,CS2_37,656,75.6359300914333,0,65.34526,67.73646405001742
CALCE,CS2_37,657,75.68392722693575,0,65.53429,67.91649541136503
CALCE,CS2_37,658,75.7522230099776,0,65.71331,68.06182780924935
CALCE,CS2_37,659,75.72841472857465,0,70.68671,68.28463014592668
CALCE,CS2_37,660,75.71138757473204,0,65.51896,67.89849878511792
CALCE,CS2_37,661,75.65145325047162,0,65.53429,67.91271753495668
CALCE,CS2_37,662,75.60249904208914,0,65.79739,68.14705007347912
CALCE,CS2_37,663,75.54265297123456,0,65.68259,68.0374406049498
CALCE,CS2_37,664,75.48747690751509,0,53.449886,56.87286829178264
CALCE,CS2_37,665,74.93315357974069,0,62.314423,64.97609102561138
CALCE,CS2_37,666,74.8126680517817,0,62.335243,64.98367736003684
CALCE,CS2_37,667,75.48633195501458,0,65.34526,67.7127826993107
CALCE,CS2_37,668,75.53678435229477,0,65.276924,67.6532821535698
CALCE,CS2_37,669,74.57803714504678,0,62.335243,64.9665908127714
CALCE,CS2_37,670,73.88584303589796,0,62.308456,64.9611007871245
CALCE,CS2_37,671,73.85459758996282,0,62.42922,65.06809954816976
CALCE,CS2_37,672,73.6460455582663,0,62.335243,64.98881144622821
CALCE,CS2_37,673,73.43829272016163,0,62.42922,65.0857293689388
CALCE,CS2_37,674,73.31083916525536,0,62.177498,64.87196915464743
CALCE,CS2_37,675,74.2817365580114,0,62.19425,64.84910099477915
CALCE,CS2_37,676,74.43637875475464,0,65.64909,68.00809715535246
CALCE,CS2_37,677,62.74048639792096,0,62.414352,65.09292986572049
CALCE,CS2_37,678,73.08606322588147,0,62.450573,64.89098799418493
CALCE,CS2_37,679,72.78807750959474,0,62.092022,64.77634231668641
CALCE,CS2_37,680,72.97895540800502,0,62.165863,64.84179121564189
CALCE,CS2_37,681,72.74549364653136,0,61.94943,64.63366546744332
CALCE,CS2_37,682,73.44124146638167,0,64.90558,66.04227434696647
CALCE,CS2_37,683,73.01061489442624,0,62.165863,64.86283987983565
CALCE,CS2_37,684,74.40510720286363,0,64.924255,66.14848786701158
CALCE,CS2_37,685,73.69034274219231,0,65.36721,67.76024816885749
CALCE,CS2_37,686,72.59448064996961,0,61.961063,64.68207044296639
CALCE,CS2_37,687,72.00492789190687,0,62.103657,64.79647916935572
CALCE,CS2_37,688,72.03628438880673,0,61.929466,64.46193359163938
CALCE,CS2_37,689,72.07178556318226,0,62.103657,64.80058222647814
CALCE,CS2_37,690,71.89946218331657,0,61.961063,64.65689618306997
CALCE,CS2_37,691,71.55310483223315,0,61.88621,64.59972233474643
CALCE,CS2_37,692,72.72048033410302,0,62.335243,65.0198081837524
CALCE,CS2_37,693,72.91727757202182,0,62.335243,65.00827283834022
CALCE,CS2_37,694,72.98360875197302,0,65.34578,67.72190408012844
CALCE,CS2_37,695,71.52456545384648,0,61.911785,64.61316108860385
CALCE,CS2_37,696,71.65484668159905,0,62.177498,64.88376313837567
CALCE,CS2_37,697,71.51270376546049,0,61.961063,64.65958786926743
CALCE,CS2_37,698,71.56791058736309,0,62.177498,64.86496542753049
CALCE,CS2_37,699,71.19551408407607,0,61.961063,64.67438387737151
CALCE,CS2_37,700,71.96763085736153,0,62.335243,65.0274932288843
CALCE,CS2_37,701,60.310432699631434,0,63.68886,66.28803257320068
CALCE,CS2_37,702,72.26924866551138,0,62.220448,64.89864076499258
CALCE,CS2_37,703,72.38036552463821,0,65.30136,67.70357175109194
CALCE,CS2_37,704,72.41465334140011,0,65.30136,67.70186144416935
CALCE,CS2_37,705,72.4534833434765,0,65.49254,67.88812009103542
CALCE,CS2_37,706,72.48380932406818,0,65.34578,67.7472894121696
CALCE,CS2_37,707,72.53368759461604,0,65.34578,67.74357907199625
CALCE,CS2_37,708,72.56395569017896,0,65.23045,67.63149361826189
CALCE,CS2_37,709,72.58515796999713,0,65.16212,67.56189320280258
CALCE,CS2_37,710,72.58793366881633,0,65.681046,68.03036148381322
CALCE,CS2_37,711,72.60426283519705,0,65.516426,67.87043245585566
CALCE,CS2_37,712,72.61026147634479,0,65.66572,68.01136919416275
CALCE,CS2_37,713,72.65597154417316,0,65.89356,68.21057445428764
CALCE,CS2_37,714,73.01975798615862,0,59.14295,60.91648207799081
CALCE,CS2_37,715,71.26444325375432,0,61.88621,64.561133276966
CALCE,CS2_37,716,70.87043252939881,0,61.918163,64.61313589922457
CALCE,CS2_37,717,71.69937836506905,0,62.367195,65.00949442534152
CALCE,CS2_37,718,71.85010493626946,0,62.20859,64.84741273628033
CALCE,CS2_37,719,71.157869130722,0,62.212784,64.84263889171503
CALCE,CS2_37,720,70.15010924305369,0,61.560894,64.09062444261728
CALCE,CS2_37,721,70.18124287099516,0,61.610165,64.13732669871928
CALCE,CS2_37,722,70.0085323631494,0,61.846268,64.54266600096237
CALCE,CS2_37,723,69.99186058372256,0,61.846268,64.53791490636767
CALCE,CS2_37,724,69.85806787476585,0,61.846268,64.52591759289518
CALCE,CS2_37,725,70.49628870521828,0,62.46117,65.09789236703071
CALCE,CS2_37,726,70.66451668940478,0,61.984344,64.44762276597976
CALCE,CS2_37,727,70.68228343564658,0,62.367195,65.00293187580023
CALCE,CS2_37,728,69.52137034804402,0,61.832733,64.28773125921447
CALCE,CS2_37,729,69.2731153210597,0,56.927013,59.861846138303875
CALCE,CS2_37,730,69.27429216239513,0,47.055897,51.10647415915379
CALCE,CS2_37,731,69.28378896632137,0,56.932858,60.09365530788318
CALCE,CS2_37,732,69.19879943072415,0,57.309864,60.416027834663595
CALCE,CS2_37,733,69.03027664537336,0,47.432896,51.40820753558732
CALCE,CS2_37,734,69.89692257592401,0,53.072887,56.55398703672711
CALCE,CS2_37,735,69.90172515879092,0,62.324677,64.7404346361116
CALCE,CS2_37,736,69.858925893909,0,61.99019,64.65869323451994
CALCE,CS2_37,737,68.4737891481718,0,57.048576,60.202973595588915
CALCE,CS2_37,738,68.31899957599204,0,47.576122,51.55377062073687
CALCE,CS2_37,739,68.37999642439013,0,47.432896,51.43038429176499
CALCE,CS2_37,740,68.16023837103322,0,47.432896,51.404004927424424
CALCE,CS2_37,741,67.98628199823756,0,47.432896,51.41754908461175
CALCE,CS2_37,742,68.51583829281186,0,47.26162,51.29349630603563
CALCE,CS2_37,743,69.19148506062595,0,57.30703,60.41816497834394
CALCE,CS2_37,744,69.33091871230224,0,57.578297,60.648013528425096
CALCE,CS2_37,745,68.68108745434952,0,57.401005,60.469375391167475
CALCE,CS2_37,746,68.24860216729044,0,57.163116,60.26163935925149
CALCE,CS2_37,747,68.07946277551574,0,47.432896,51.407440317031806
CALCE,CS2_37,748,68.39693136378393,0,47.26162,51.2685099787148
CALCE,CS2_37,749,68.33385323311528,0,57.51466,60.5939510460024
CALCE,CS2_37,750,68.18103172236106,0,57.51466,60.57661905846612
CALCE,CS2_37,751,68.94184713840002,0,47.737034,51.68725134170284
CALCE,CS2_37,752,69.94267659462598,0,65.762726,67.1493489512154
CALCE,CS2_37,753,69.16361777283414,0,57.578297,60.64404255000265
CALCE,CS2_37,754,69.21029370932055,0,57.578297,60.65134551399137
CALCE,CS2_37,755,69.22788806434758,0,60.622097,63.41118755103625
CALCE,CS2_37,756,57.905562325631955,0,61.593243,64.31591800691288
CALCE,CS2_37,757,69.14212598335861,0,60.52872,63.31502654308437
CALCE,CS2_37,758,69.21264325208054,0,65.01915,63.167494692172966
CALCE,CS2_37,759,69.23309148943619,0,60.50678,63.30725374222905
CALCE,CS2_37,760,69.2418993855281,0,59.887924,62.74197113221686
CALCE,CS2_37,761,69.19257995525243,0,60.50678,63.31354397201035
CALCE,CS2_37,762,69.19119062900336,0,60.52872,63.33134075453704
CALCE,CS2_37,763,69.99119882367431,0,66.235405,67.44445948082596
CALCE,CS2_37,764,70.18741591299568,0,53.072887,56.540554656194075
CALCE,CS2_37,765,69.38005708298999,0,57.30703,60.37596526468417
CALCE,CS2_37,766,69.57257101861407,0,63.641083,64.72708386923655
CALCE,CS2_37,767,69.52203762105069,0,57.801132,60.81577449414867
CALCE,CS2_37,768,69.44563434245146,0,57.546223,60.58695515795523
CALCE,CS2_37,769,69.3523923317206,0,57.223347,60.27790798595487
CALCE,CS2_37,770,68.27752514805857,0,57.367912,60.42304782301433
CALCE,CS2_37,771,67.64271874479036,0,56.932858,60.07166131235307
CALCE,CS2_37,772,67.4604867332538,0,47.432896,51.39375313733912
CALCE,CS2_37,773,67.43363584169798,0,47.432896,51.386157133776
CALCE,CS2_37,774,67.15962381177143,0,47.432896,51.39659930798643
CALCE,CS2_37,775,66.99105213064954,0,47.42126,51.38058333852445
CALCE,CS2_37,776,68.30697522828169,0,48.114033,52.0284389335944
CALCE,CS2_37,777,69.19542496029015,0,67.18126,67.96800477800032
CALCE,CS2_37,778,68.42756063183596,0,57.48492,60.55487809942389
CALCE,CS2_37,779,67.08571049451965,0,57.15148,60.242908911750206
CALCE,CS2_37,780,66.66818051786656,0,47.432896,51.41526702309021
CALCE,CS2_37,781,66.64465153365526,0,47.432896,51.4087315741709
CALCE,CS2_37,782,66.45528049377837,0,47.432896,51.39986454029621
CALCE,CS2_37,783,66.28031823506898,0,47.432896,51.41100549555377
CALCE,CS2_37,784,66.33285584134627,0,47.432896,51.42043873602797
CALCE,CS2_37,785,67.52110755276539,0,47.842766,51.79678245506917
CALCE,CS2_37,786,56.65090174085836,0,65.064575,67.47658555151594
CALCE,CS2_37,787,67.57935808815088,0,57.578297,60.64440579619719
CALCE,CS2_37,788,66.53322273074406,0,57.277912,60.35616330929395
CALCE,CS2_37,789,65.96938492799217,0,51.726448,51.20843866266424
CALCE,CS2_37,790,66.51413548586116,0,51.381355,53.82842473416065
CALCE,CS2_37,791,70.39665324606594,0,39.22379,43.89979098994251
CALCE,CS2_37,792,69.60645770383445,0,62.335243,64.93782596563331
CALCE,CS2_37,793,66.03843121524518,0,36.08423,41.11330396114392
CALCE,CS2_37,794,64.64477714985544,0,17.983955,24.55566406102104
CALCE,CS2_37,795,66.28984536477337,0,47.57549,51.527565299798695
CALCE,CS2_37,796,66.44731798267692,0,57.420506,60.48908184091924
CALCE,CS2_37,797,66.42075771153549,0,57.40887,60.476775107945045
CALCE,CS2_37,798,63.77054514087914,0,48.705494,52.504775287600786
CALCE,CS2_37,799,62.77760742765766,0,18.9992,25.548614829838833
CALCE,CS2_37,800,62.07779489934604,0,17.841364,24.466038496599648
CALCE,CS2_37,801,61.391918144069976,0,18.927944,25.401058726237842
CALCE,CS2_37,802,61.23838935038035,0,16.731754,23.47915791916204
CALCE,CS2_37,803,60.626782089309586,0,18.927944,25.414031151285155
CALCE,CS2_37,804,62.32233851864491,0,17.983955,24.626938546970923
CALCE,CS2_37,805,62.69715853640195,0,30.311653,35.86972747556071
CALCE,CS2_37,806,63.106808946252755,0,47.69315,51.66385196696923
CALCE,CS2_37,807,60.81973883009313,0,18.086866,24.667740079116058
CALCE,CS2_37,808,60.52210640121884,0,28.7089,33.29085451881013
CALCE,CS2_37,809,59.86859521970494,0,18.927944,25.448713698023035
CALCE,CS2_37,810,59.958418180413965,0,28.550947,33.1770404903206
CALCE,CS2_37,811,59.29877816012266,0,18.927944,25.452100612442027
CALCE,CS2_37,812,58.594788035898794,0,18.9992,25.508634002288403
CALCE,CS2_37,813,59.42184967740537,0,18.9992,25.5616114863586
CALCE,CS2_37,814,60.779486216306786,0,17.841364,24.496207703227107
CALCE,CS2_37,815,49.14220229530394,0,50.254112,54.01399524642286
CALCE,CS2_37,816,61.107174790031515,0,30.311653,35.86885537304247
CALCE,CS2_37,817,58.414305915812136,0,18.9992,25.483344513045445
CALCE,CS2_37,818,57.6482785101201,0,18.9992,25.486847914916414
CALCE,CS2_37,819,57.645896215427015,0,18.9992,25.48696602187116
CALCE,CS2_37,820,57.36983345687143,0,18.9992,25.474862266200674
CALCE,CS2_37,821,57.28905845964062,0,18.9992,25.465993391004012
CALCE,CS2_37,822,56.622797504826536,0,18.9992,25.472952813285957
CALCE,CS2_37,823,56.21762992753997,0,17.985136,24.566649443947398
CALCE,CS2_37,824,55.929940764287686,0,20.311996,26.654281364189234
CALCE,CS2_37,825,55.64350219526656,0,18.9992,25.434205642265837
CALCE,CS2_37,826,55.450923511147685,0,17.494146,24.130302369814256
CALCE,CS2_37,827,55.14991195741757,0,20.252583,26.598097100143768
CALCE,CS2_37,828,55.02137295428638,0,20.311996,26.649675218570213
CALCE,CS2_37,829,55.50337135572549,0,16.240765,23.02624432453307
CALCE,CS2_37,830,56.17883550223698,0,16.240765,23.028395883586505
CALCE,CS2_37,831,56.55740253869755,0,16.731754,23.458077529395748
CALCE,CS2_37,832,56.2865111042394,0,16.240765,23.047094961099425
CALCE,CS2_37,833,56.23609335494084,0,16.240765,23.029652334447157
CALCE,CS2_37,834,56.18202739004584,0,16.240765,23.03210770417555
CALCE,CS2_37,835,56.18254196019995,0,16.240765,23.0374700282212
CALCE,CS2_37,836,56.2580105491496,0,16.285673,23.10637454307617
CALCE,CS2_37,837,56.294251476364934,0,16.285673,23.11989043726005
CALCE,CS2_37,838,56.29620405243205,0,16.285673,23.113049368261084
CALCE,CS2_37,839,56.274931971253665,0,16.285673,23.108229406450885
CALCE,CS2_37,840,56.29038370117709,0,16.285673,23.12311728342795
CALCE,CS2_37,841,58.83697304962553,0,15.1969185,22.05410968952306
CALCE,CS2_37,842,47.58144164929274,0,50.268368,53.942012217637156
CALCE,CS2_37,843,57.841579913895394,0,17.841364,24.48157662647889
CALCE,CS2_37,844,57.060436177934825,0,15.299841,22.1686564974247
CALCE,CS2_37,845,56.67201121634643,0,17.944275,24.51197920948984
CALCE,CS2_37,846,56.292112616209664,0,16.285673,23.085106390826663
CALCE,CS2_37,847,56.01356789523233,0,19.044107,25.542910626576724
CALCE,CS2_37,848,55.85101809651793,0,17.944275,24.528436176490217
CALCE,CS2_37,849,55.64901205189634,0,51.243004,41.225205905569354
CALCE,CS2_37,850,56.56810792531872,0,17.944275,24.595325556197317
CALCE,CS2_37,851,56.67965737135001,0,30.676744,35.202440809051645
CALCE,CS2_37,852,56.07537902542592,0,15.67683,22.526371462502336
CALCE,CS2_37,853,55.832589817353885,0,18.362713,24.944499598004754
CALCE,CS2_37,854,55.333116112568334,0,16.776663,23.52549314335263
CALCE,CS2_37,855,55.02218634162388,0,19.044107,25.568357601762663
CALCE,CS2_37,856,54.718248903773926,0,16.285673,23.08634600460868
CALCE,CS2_37,857,54.4195254352735,0,17.163181,23.86261411587504
CALCE,CS2_37,858,54.81006985076991,0,36.066612,40.24836217718007
CALCE,CS2_37,859,54.16978895595385,0,45.634872,48.09166837818808
CALCE,CS2_37,860,54.185522447220535,0,16.095264,22.891226202890998
CALCE,CS2_37,861,55.852918852695254,0,15.299841,22.247196895350292
CALCE,CS2_37,862,54.577595576408356,0,15.718278,22.581907821046787
CALCE,CS2_37,863,53.81748636191696,0,16.672192,23.460449351677738
CALCE,CS2_37,864,53.251731222013746,0,16.095264,22.855774132707324
CALCE,CS2_37,865,52.80147356909979,0,16.672192,23.397449495089806
CALCE,CS2_37,866,52.623001291283614,0,17.163181,23.825854134755872
CALCE,CS2_37,867,52.18727925363523,0,16.672192,23.43137003361627
CALCE,CS2_37,868,52.011852127851355,0,16.672192,23.388647664243024
CALCE,CS2_37,869,51.61407448241593,0,16.672192,23.33414804383296
CALCE,CS2_37,870,51.56228001807924,0,16.672192,23.35671959187799
CALCE,CS2_37,871,51.890222685599326,0,16.672192,23.379886356426667
CALCE,CS2_37,872,51.458981102201165,0,16.684132,23.41625043416238
CALCE,CS2_37,873,51.517194009842584,0,46.02107,45.264553352965514
CALCE,CS2_37,874,51.334874819467444,0,16.672192,23.401657685375394
CALCE,CS2_37,875,50.808535655170715,0,16.668247,23.330469754133073
CALCE,CS2_37,876,50.83157030798161,0,25.1448,30.240067500139297
CALCE,CS2_37,877,50.059372325228644,0,16.668247,23.34427960048852
CALCE,CS2_37,878,49.323192332464565,0,16.668247,23.322384615511176
CALCE,CS2_37,879,49.02864070122167,0,19.118708,25.603685041620608
CALCE,CS2_37,880,48.76937989249984,0,16.672192,23.354764174971184
CALCE,CS2_37,881,48.811092891089345,0,16.688076,23.378494576514885
CALCE,CS2_37,882,49.05787826475812,0,45.620125,45.354727423546535
CALCE,CS2_37,883,48.7302833819433,0,16.688076,23.36919977607338
CALCE,CS2_37,884,48.65013998644964,0,16.668247,23.34022671651264
CALCE,CS2_37,885,48.3225696748236,0,16.668247,23.30502654240471
CALCE,CS2_37,886,47.88080583548581,0,4.9680343,12.699261255782464
CALCE,CS2_37,887,47.42658888780713,0,35.893898,34.619446095331476
CALCE,CS2_37,888,47.34132378701445,0,8.784242,16.235374314533892
CALCE,CS2_37,889,47.329197613963515,0,12.857057,18.923762127062176
CALCE,CS2_37,890,46.85899325524982,0,4.1646795,12.006449137631673
CALCE,CS2_37,891,48.12431409696849,0,9.12636,16.523911809570542
CALCE,CS2_37,892,47.22135407807784,0,19.118708,25.610161756757243
CALCE,CS2_37,893,46.15663159568599,0,4.296899,12.271361836774027
CALCE,CS2_37,894,45.41292967100546,0,4.3228893,12.313906691146641
CALCE,CS2_37,895,45.19407616484994,0,4.296899,12.285958894991147
CALCE,CS2_37,896,45.372234444596685,0,20.944635,26.522790631151253
CALCE,CS2_37,897,44.98125830270999,0,14.078104,20.198556245179848
CALCE,CS2_37,898,44.31787947153115,0,-1.9728795,6.3799071958325335
CALCE,CS2_37,899,32.17172059971775,0,8.063968,15.37601260426537
CALCE,CS2_37,900,43.94572203731718,0,-1.2282782,7.120298162782614
CALCE,CS2_37,901,44.22057312746319,0,-2.3229723,6.1828895614829875
CALCE,CS2_37,902,44.53319032300621,0,-1.7753551,6.813523974322624
CALCE,CS2_37,903,44.00647969337887,0,-1.0921148,7.389766304761949
CALCE,CS2_37,904,43.54420359421766,0,-2.3229723,6.106026913626039
CALCE,CS2_37,905,31.94919788827544,0,10.823242,17.917114339644108
CALCE,CS2_37,906,42.50626776836187,0,19.644247,20.32079239868836
CALCE,CS2_37,907,42.08833272145102,0,3.3497322,10.146265089841346
CALCE,CS2_37,908,41.19328126664581,0,-1.6357877,6.323839666103185
CALCE,CS2_37,909,40.573577514767656,0,-2.7659016,5.183495448473641
CALCE,CS2_37,910,40.22267926754316,0,-2.7659016,5.1012840715459085
CALCE,CS2_37,911,40.05518484436121,0,-2.1274438,5.813088915258874
CALCE,CS2_37,912,39.937643915086596,0,-2.7399106,5.145122405533874
CALCE,CS2_37,913,39.909348052430424,0,-2.2182844,5.659920103941278
CALCE,CS2_37,914,40.35031128938948,0,-2.6305552,5.421297992188652
CALCE,CS2_37,915,40.25086690680953,0,-2.7659016,5.18403529711998
CALCE,CS2_37,916,39.99347848350936,0,-2.1274438,5.867541133954635
CALCE,CS2_37,917,40.53114545129236,0,-2.6305552,5.441736580613972
CALCE,CS2_37,918,39.40063151809703,0,-2.7659016,5.0741739240489405
CALCE,CS2_37,919,38.74941165664152,0,-2.7659016,5.095578435434632
CALCE,CS2_37,920,38.512529087269186,0,-2.1274438,5.664843234255516
CALCE,CS2_37,921,38.135677916040414,0,-2.2182844,5.516912861746892
CALCE,CS2_37,922,37.975615875672425,0,-2.2182844,5.566451059737421
CALCE,CS2_37,923,37.94178048313999,0,-2.7399106,5.0773911474269084
CALCE,CS2_37,924,37.66473799813355,0,-2.1274438,5.647347643048299
CALCE,CS2_37,925,37.606216993833286,0,-2.6006458,5.247032652529104
CALCE,CS2_37,926,38.00873748564895,0,-2.2182844,5.627440036737559
CALCE,CS2_37,927,38.2182085089752,0,-2.1274438,5.714157824557342
CALCE,CS2_37,928,38.14370485198373,0,-2.1274438,5.696395010051019
CALCE,CS2_37,929,37.90342129387532,0,-2.7399106,5.082994832305921
CALCE,CS2_37,930,37.90260189941568,0,-2.7399106,5.11270026049333
CALCE,CS2_37,931,37.204416585784806,0,-2.1274438,5.640752634352422
CALCE,CS2_37,932,36.969949732762345,0,-2.7399106,4.95327547556634
CALCE,CS2_37,933,36.71682851602417,0,-2.217168,5.522907686119554
CALCE,CS2_37,934,36.41484850560563,0,-2.1274438,5.541189273939054
CALCE,CS2_37,935,36.286585528495316,0,-2.2182844,5.373091553003302
CALCE,CS2_37,936,36.09670069909677,0,-2.1274438,5.50376022662606
CALCE,CS2_37,937,35.912014550850216,0,-2.217168,5.363720925215198
CALCE,CS2_37,938,35.719606508526056,0,-2.1274438,5.448277138229972
CALCE,CS2_37,939,35.5936927548324,0,-1.7953732,5.776050548819271
CALCE,CS2_37,940,35.41173111544468,0,-1.7075634,5.746795326885396
CALCE,CS2_37,941,39.33353206514168,0,-1.8805664,5.8282262051018385
CALCE,CS2_37,942,38.157892446042574,0,-2.1313875,5.565225004646212
CALCE,CS2_37,943,37.42046908699252,0,19.018,17.667264039834805
CALCE,CS2_37,944,36.42646477166708,0,-1.7444034,5.823536747962848
CALCE,CS2_37,945,35.79797066185986,0,-1.7404597,5.699715879407751
CALCE,CS2_37,946,35.249319897336534,0,-3.8158553,3.8309639864432805
CALCE,CS2_37,947,34.80884377994098,0,-3.8158553,3.7770199482795856
CALCE,CS2_37,948,34.48046782324045,0,-3.8158553,3.7502328102974936
CALCE,CS2_37,949,34.2698837382864,0,-3.8158553,3.8024567807166108
CALCE,CS2_37,950,33.961059335546615,0,-3.7771533,3.694128029106401
CALCE,CS2_37,951,33.74961613807156,0,-3.7771533,3.6987039908909445
CALCE,CS2_37,952,33.6454216809802,0,-4.2308254,3.3640551397868705
CALCE,CS2_37,953,34.07094986716456,0,-1.7404597,5.6771701135636246
CALCE,CS2_37,954,34.07849488639556,0,-1.7404597,5.670398648367009
CALCE,CS2_37,955,33.49901666837983,0,-3.8158553,3.8490270200256944
CALCE,CS2_37,956,33.206645959558834,0,-3.7771533,3.7476667273297535
CALCE,CS2_37,957,33.77843425164125,0,-1.7404597,5.623374954861937
CALCE,CS2_37,958,33.68517476510378,0,-1.7404597,5.67394206906191
CALCE,CS2_37,959,32.39126918417313,0,-3.7771533,3.703317785641209
CALCE,CS2_37,960,31.977691681257852,0,-3.7509782,3.741830129826031
CALCE,CS2_37,961,31.721726927031384,0,-3.7528927,3.661065293573344
CALCE,CS2_37,962,31.38552156851872,0,-3.7528927,3.6235142141517684
CALCE,CS2_37,963,32.00564398075328,0,-3.7509782,3.7620052870726717
CALCE,CS2_37,964,32.08192876083995,0,-3.7896798,3.691118236426285
CALCE,CS2_37,965,32.259452347608345,0,-3.7790678,3.665936652148888
CALCE,CS2_37,966,32.34744365999751,0,0.6670299,7.186070512624061
CALCE,CS2_37,967,32.16237760709978,0,-3.7790678,3.6906564261351917
CALCE,CS2_37,968,32.412156101080754,0,-3.8158553,3.751378696124629
CALCE,CS2_37,969,32.71916568403181,0,-1.7404597,5.725581777077494
CALCE,CS2_37,970,32.67701300708306,0,-1.7404597,5.703185984426433
CALCE,CS2_37,971,32.33857085689543,0,-3.7771533,3.8179349380514065
CALCE,CS2_37,972,31.658981771229815,0,-4.192124,3.3515854619348406
CALCE,CS2_37,973,31.4043953442224,0,-3.7790678,3.662306853550567
CALCE,CS2_37,974,31.168888663797006,0,-3.7528927,3.7604418801085657
CALCE,CS2_37,975,30.88660036302721,0,-3.7528927,3.6900649783628294
CALCE,CS2_37,976,30.64368616835701,0,-4.1940384,3.2433460638687226
CALCE,CS2_37,977,29.695003371774796,0,-3.7528927,3.625158907663094
CALCE,CS2_37,978,29.21813973411781,0,18.626493,24.092917305024017
CALCE,CS2_37,979,28.937624429809773,0,-4.1940384,3.1356509431403206
CALCE,CS2_37,980,29.099670473276397,0,-3.7528927,3.5405314949073983
CALCE,CS2_37,981,29.081985678863266,0,-4.1940384,3.1581748148687545
CALCE,CS2_37,982,29.04546324064719,0,-3.7528927,3.5520755730134885
CALCE,CS2_37,983,28.63703227528143,0,-3.7528927,3.55876454091211
CALCE,CS2_37,984,28.383872840113934,0,-3.7528927,3.5574083918440342
CALCE,CS2_37,985,18.867403810540683,0,-2.320943,5.448661740644329
CALCE,CS2_37,986,28.035477009704696,0,18.626493,24.141996963089298
CALCE,CS2_37,987,27.982460369567576,0,-3.7528927,3.4639930870981157
CALCE,CS2_37,988,27.662619614591033,0,-3.7528927,3.5387801683220124
CALCE,CS2_37,989,24.236206935720357,0,-3.5596156,4.126242053537874
CALCE,CS2_37,990,21.56600672164199,0,-2.6816885,5.073147761846826
CALCE,CS2_37,991,21.25324800880555,0,-3.0651658,4.774064417599217
CALCE,CS2_37,992,20.740262994935417,0,-2.591964,5.083083824335448
CALCE,CS2_37,993,20.55712626048667,0,-3.0651658,4.749470909212281
CALCE,CS2_37,994,20.170669043135707,0,-2.664582,4.99256652164318
CALCE,CS2_37,995,19.638283856552814,0,-3.0651658,4.594924009683684
CALCE,CS2_37,996,19.31772166182281,0,1.2237499,7.975613439567594
CALCE,CS2_37,997,18.8906391490496,0,-1.326577,6.021884996767751
CALCE,CS2_37,998,18.599956965885276,0,20.111849,16.380238056104897
CALCE,CS2_37,999,18.463695265931403,0,-1.6162318,5.707144027733797
CALCE,CS2_37,1000,18.248588599378515,0,-0.5778967,6.566763740812448
CALCE,CS2_37,1001,18.097776031426772,0,0.095233545,7.277091150030202
CALCE,CS2_37,1002,17.94185087000133,0,-0.7906505,6.460549382376797
CALCE,CS2_37,1003,17.796599125289724,0,-1.454895,5.750587477236984
CALCE,CS2_37,1004,17.70810834168008,0,24.854578,22.78600717357763
CALCE,CS2_37,1005,17.251690352793876,0,0.11122456,6.470679316390363
CALCE,CS2_37,1006,17.328751280051293,0,-0.5778967,6.066553434210311
CALCE,CS2_37,1007,17.363523666517345,0,-0.5778967,6.130393900833532
CALCE,CS2_37,1008,17.278863552518988,0,-0.79176724,6.100869338792695
CALCE,CS2_37,1009,17.712699038723787,0,-1.4739387,5.773879527443841
CALCE,CS2_37,1010,18.18418066603528,0,-0.836272,6.423240134524399
CALCE,CS2_37,1011,18.249170835435653,0,-1.1268874,6.072334673926296
CALCE,CS2_37,1012,18.04564436214947,0,-1.3094702,6.0911698857031205
CALCE,CS2_37,1013,17.9747264148762,0,20.971214,25.189561563076733
CALCE,CS2_37,1014,17.81121487727034,0,-0.70092595,6.595112761854244
CALCE,CS2_37,1015,17.652021213164222,0,-1.3772945,5.973786550088544
CALCE,CS2_37,1016,17.46146474632085,0,-1.3772945,5.795703591487321
CALCE,CS2_37,1017,17.096650144699215,0,-1.3772945,5.756905372620819
CALCE,CS2_37,1018,16.917052056878408,0,-1.3772945,5.466185737712632
CALCE,CS2_37,1019,16.7490786469147,0,-1.3772945,5.302542126594304
CALCE,CS2_37,1020,16.700313367450022,0,-0.47430512,5.9172212245963784
CALCE,CS2_37,1021,16.584328915506596,0,-0.12725309,5.601211938398745
CALCE,CS2_37,1022,16.480221049080708,0,-0.47430512,5.564955723850085
CALCE,CS2_37,1023,16.52965128399007,0,-0.12725309,5.977970401421178
CALCE,CS2_37,1024,16.62975413225446,0,5.702293,12.354046131528982
CALCE,CS2_37,1025,16.752192140050546,0,5.0432277,11.565812888862318
CALCE,CS2_37,1026,16.45924995319754,0,-1.3513036,5.121995712543523
CALCE,CS2_37,1027,16.238107238422515,0,-1.3772945,4.660227955270692
CALCE,CS2_37,1028,16.291219237748393,0,-1.3772945,4.727999361650031
CALCE,CS2_37,1029,16.22675419946019,0,-1.3772945,4.582638128659978
CALCE,CS2_37,1030,16.03008243542575,0,-0.12725309,5.285541509485146
CALCE,CS2_37,1031,16.020123280925663,0,-0.43560356,5.241560117623299
CALCE,CS2_37,1032,16.398563171165303,0,-0.5973338,5.9565547887027535
CALCE,CS2_37,1033,16.50954372728452,0,-1.3513036,5.5155493321249445
CALCE,CS2_37,1034,16.34234724545964,0,6.221459,12.875383940748826
CALCE,CS2_37,1035,16.59218782698763,0,-0.68817556,6.330760566569182
CALCE,CS2_37,1036,16.638647058735213,0,-1.0302434,5.895640762325026
CALCE,CS2_37,1037,16.96042324564267,0,-1.3385929,5.939674514639151
CALCE,CS2_37,1038,16.796523031876713,0,-1.3772945,5.951348877625051
