battery_id,y_true,pred
Batch-1/2C_battery-1,106.41368252271512,99.8765
Batch-1/2C_battery-1,99.57242116515232,98.304695
Batch-1/2C_battery-1,100.0,98.6934
Batch-1/2C_battery-1,100.32068412613575,97.9884
Batch-1/2C_battery-1,100.64136825227152,98.29986
Batch-1/2C_battery-1,100.9086050240513,98.56439
Batch-1/2C_battery-1,101.12239444147515,97.76249
Batch-1/2C_battery-1,101.38963121325494,97.89004
Batch-1/2C_battery-1,101.60342063067877,97.98774
Batch-1/2C_battery-1,101.54997327632283,97.39433
Batch-1/2C_battery-1,101.7103153393907,97.72161
Batch-1/2C_battery-1,102.0844468198824,97.6243
Batch-1/2C_battery-1,102.2447888829503,97.4249
Batch-1/2C_battery-1,102.45857830037413,97.398026
Batch-1/2C_battery-1,102.618920363442,97.42464
Batch-1/2C_battery-1,102.7792624265099,97.39337
Batch-1/2C_battery-1,102.93960448957775,97.39337
Batch-1/2C_battery-1,103.04649919828968,97.39337
Batch-1/2C_battery-1,103.1533939070016,97.24364
Batch-1/2C_battery-1,103.31373597006947,97.24364
Batch-1/2C_battery-1,103.47407803313735,97.24364
Batch-1/2C_battery-1,103.58097274184928,97.22947
Batch-1/2C_battery-1,103.6878674505612,97.23354
Batch-1/2C_battery-1,103.79476215927312,97.233025
Batch-1/2C_battery-1,103.90165686798503,97.03025
Batch-1/2C_battery-1,103.95510422234099,97.01111
Batch-1/2C_battery-1,104.06199893105293,96.94575
Batch-1/2C_battery-1,104.11544628540888,96.94271
Batch-1/2C_battery-1,104.16889363976483,97.423965
Batch-1/2C_battery-1,104.2223409941208,97.46559
Batch-1/2C_battery-1,104.27578834847675,97.46559
Batch-1/2C_battery-1,104.3292357028327,97.4021
Batch-1/2C_battery-1,104.38268305718867,97.39823
Batch-1/2C_battery-1,104.43613041154462,97.20546
Batch-1/2C_battery-1,104.4895777659006,97.20546
Batch-1/2C_battery-1,104.5964724746125,97.196495
Batch-1/2C_battery-1,104.64991982896848,96.817184
Batch-1/2C_battery-1,104.64991982896848,96.71808
Batch-1/2C_battery-1,104.70336718332443,96.82615
Batch-1/2C_battery-1,104.75681453768037,96.74423
Batch-1/2C_battery-1,104.75681453768037,96.66861
Batch-1/2C_battery-1,104.81026189203635,96.66861
Batch-1/2C_battery-1,104.81026189203635,96.11307
Batch-1/2C_battery-1,104.75681453768037,96.18869
Batch-1/2C_battery-1,104.81026189203635,96.22114
Batch-1/2C_battery-1,104.81026189203635,96.16883
Batch-1/2C_battery-1,104.81026189203635,96.15987
Batch-1/2C_battery-1,105.1309460181721,96.15987
Batch-1/2C_battery-1,105.07749866381614,96.03583
Batch-1/2C_battery-1,104.91715660074827,96.10321
Batch-1/2C_battery-1,104.91715660074827,96.13566
Batch-1/2C_battery-1,104.8637092463923,95.568214
Batch-1/2C_battery-1,104.8637092463923,95.568214
Batch-1/2C_battery-1,104.8637092463923,95.56414
Batch-1/2C_battery-1,104.8637092463923,95.52192
Batch-1/2C_battery-1,104.97060395510422,95.03829
Batch-1/2C_battery-1,105.07749866381614,95.06909
Batch-1/2C_battery-1,104.97060395510422,94.98613
Batch-1/2C_battery-1,105.1309460181721,93.96251
Batch-1/2C_battery-1,105.18439337252805,93.86342
Batch-1/2C_battery-1,105.1309460181721,93.82268
Batch-1/2C_battery-1,105.1309460181721,93.491974
Batch-1/2C_battery-1,104.97060395510422,93.491974
Batch-1/2C_battery-1,104.97060395510422,93.46786
Batch-1/2C_battery-1,104.97060395510422,93.14999
Batch-1/2C_battery-1,104.91715660074827,93.18079
Batch-1/2C_battery-1,104.8637092463923,93.12405
Batch-1/2C_battery-1,104.8637092463923,93.120186
Batch-1/2C_battery-1,105.02405130946018,93.146126
Batch-1/2C_battery-1,105.18439337252805,93.00711
Batch-1/2C_battery-1,105.1309460181721,92.88052
Batch-1/2C_battery-1,105.1309460181721,92.88052
Batch-1/2C_battery-1,105.1309460181721,92.95616
Batch-1/2C_battery-1,105.07749866381614,92.97963
Batch-1/2C_battery-1,105.02405130946018,92.95369
Batch-1/2C_battery-1,105.02405130946018,92.96363
Batch-1/2C_battery-1,105.02405130946018,92.96363
Batch-1/2C_battery-1,104.97060395510422,92.96363
Batch-1/2C_battery-1,104.97060395510422,92.94139
Batch-1/2C_battery-1,104.91715660074827,92.94139
Batch-1/2C_battery-1,104.97060395510422,92.945465
Batch-1/2C_battery-1,105.02405130946018,92.945465
Batch-1/2C_battery-1,105.34473543559595,92.98957
Batch-1/2C_battery-1,105.23784072688403,92.88876
Batch-1/2C_battery-1,105.07749866381614,92.83642
Batch-1/2C_battery-1,104.97060395510422,92.91648
Batch-1/2C_battery-1,104.91715660074827,92.92246
Batch-1/2C_battery-1,104.8637092463923,92.91378
Batch-1/2C_battery-1,104.81026189203635,92.92246
Batch-1/2C_battery-1,104.81026189203635,92.91839
Batch-1/2C_battery-1,104.75681453768037,92.91839
Batch-1/2C_battery-1,104.75681453768037,92.91839
Batch-1/2C_battery-1,104.70336718332443,92.81914
Batch-1/2C_battery-1,104.75681453768037,92.83926
Batch-1/2C_battery-1,104.70336718332443,92.81914
Batch-1/2C_battery-1,104.75681453768037,92.35351
Batch-1/2C_battery-1,104.75681453768037,92.36219
Batch-1/2C_battery-1,104.75681453768037,92.32878
Batch-1/2C_battery-1,104.70336718332443,91.73633
Batch-1/2C_battery-1,104.64991982896848,91.72743
Batch-1/2C_battery-1,104.5964724746125,91.88519
Batch-1/2C_battery-1,104.54302512025654,91.13266
Batch-1/2C_battery-1,104.4895777659006,91.1102
Batch-1/2C_battery-1,104.43613041154462,91.18605
Batch-1/2C_battery-1,104.54302512025654,91.14894
Batch-1/2C_battery-1,104.64991982896848,91.1102
Batch-1/2C_battery-1,104.64991982896848,90.96796
Batch-1/2C_battery-1,104.64991982896848,90.96796
Batch-1/2C_battery-1,104.64991982896848,90.96796
Batch-1/2C_battery-1,104.5964724746125,90.96796
Batch-1/2C_battery-1,104.54302512025654,90.972565
Batch-1/2C_battery-1,104.4895777659006,90.96796
Batch-1/2C_battery-1,104.4895777659006,90.972565
Batch-1/2C_battery-1,104.43613041154462,91.08314
Batch-1/2C_battery-1,104.38268305718867,91.10789
Batch-1/2C_battery-1,104.3292357028327,91.10789
Batch-1/2C_battery-1,104.38268305718867,91.134544
Batch-1/2C_battery-1,104.4895777659006,91.10559
Batch-1/2C_battery-1,104.54302512025654,90.96796
Batch-1/2C_battery-1,104.4895777659006,90.96796
Batch-1/2C_battery-1,104.54302512025654,90.96796
Batch-1/2C_battery-1,104.4895777659006,90.75222
Batch-1/2C_battery-1,104.4895777659006,90.97203
Batch-1/2C_battery-1,104.43613041154462,90.99417
Batch-1/2C_battery-1,104.38268305718867,90.95577
Batch-1/2C_battery-1,104.38268305718867,90.95985
Batch-1/2C_battery-1,104.3292357028327,90.95577
Batch-1/2C_battery-1,104.3292357028327,90.95577
Batch-1/2C_battery-1,104.27578834847675,90.936905
Batch-1/2C_battery-1,104.27578834847675,90.95577
Batch-1/2C_battery-1,104.27578834847675,90.92579
Batch-1/2C_battery-1,104.27578834847675,90.95985
Batch-1/2C_battery-1,104.3292357028327,90.95985
Batch-1/2C_battery-1,104.27578834847675,90.95887
Batch-1/2C_battery-1,104.27578834847675,90.95985
Batch-1/2C_battery-1,104.2223409941208,90.94098
Batch-1/2C_battery-1,104.16889363976483,90.94098
Batch-1/2C_battery-1,104.11544628540888,90.92259
Batch-1/2C_battery-1,104.06199893105293,90.93071
Batch-1/2C_battery-1,104.00855157669695,90.92504
Batch-1/2C_battery-1,103.95510422234099,91.16517
Batch-1/2C_battery-1,104.06199893105293,90.92259
Batch-1/2C_battery-1,104.16889363976483,90.92579
Batch-1/2C_battery-1,104.11544628540888,90.89698
Batch-1/2C_battery-1,104.11544628540888,90.94098
Batch-1/2C_battery-1,104.06199893105293,91.0339
Batch-1/2C_battery-1,104.00855157669695,90.92259
Batch-1/2C_battery-1,104.00855157669695,91.04474
Batch-1/2C_battery-1,103.90165686798503,91.05284
Batch-1/2C_battery-1,103.90165686798503,90.96843
Batch-1/2C_battery-1,103.84820951362907,90.96843
Batch-1/2C_battery-1,103.79476215927312,91.00247
Batch-1/2C_battery-1,103.74131480491715,90.96843
Batch-1/2C_battery-1,103.79476215927312,90.96843
Batch-1/2C_battery-1,104.00855157669695,91.02092
Batch-1/2C_battery-1,104.16889363976483,90.82219
Batch-1/2C_battery-1,104.16889363976483,90.84041
Batch-1/2C_battery-1,104.06199893105293,90.79931
Batch-1/2C_battery-1,104.00855157669695,90.99435
Batch-1/2C_battery-1,103.95510422234099,90.97181
Batch-1/2C_battery-1,103.90165686798503,90.97181
Batch-1/2C_battery-1,103.90165686798503,90.97181
Batch-1/2C_battery-1,103.84820951362907,90.97991
Batch-1/2C_battery-1,103.79476215927312,90.97991
Batch-1/2C_battery-1,103.79476215927312,90.97991
Batch-1/2C_battery-1,103.74131480491715,90.93362
Batch-1/2C_battery-1,103.79476215927312,90.960075
Batch-1/2C_battery-1,103.74131480491715,90.93362
Batch-1/2C_battery-1,103.74131480491715,90.93362
Batch-1/2C_battery-1,103.74131480491715,90.93362
Batch-1/2C_battery-1,103.63442009620525,90.93362
Batch-1/2C_battery-1,103.58097274184928,90.96256
Batch-1/2C_battery-1,103.52752538749333,90.97153
Batch-1/2C_battery-1,103.52752538749333,90.9725
Batch-1/2C_battery-1,103.47407803313735,90.9725
Batch-1/2C_battery-1,103.42063067878141,90.9725
Batch-1/2C_battery-1,103.36718332442545,90.96843
Batch-1/2C_battery-1,103.36718332442545,90.9379
Batch-1/2C_battery-1,103.31373597006947,90.9379
Batch-1/2C_battery-1,103.26028861571352,90.9379
Batch-1/2C_battery-1,103.26028861571352,90.9379
Batch-1/2C_battery-1,103.20684126135757,90.9379
Batch-1/2C_battery-1,103.20684126135757,90.9379
Batch-1/2C_battery-1,103.1533939070016,90.9379
Batch-1/2C_battery-1,103.1533939070016,90.9379
Batch-1/2C_battery-1,103.09994655264565,90.9379
Batch-1/2C_battery-1,103.09994655264565,90.9379
Batch-1/2C_battery-1,103.04649919828968,91.04886
Batch-1/2C_battery-1,102.99305184393373,91.00417
Batch-1/2C_battery-1,102.99305184393373,91.00417
Batch-1/2C_battery-1,102.93960448957775,91.00417
Batch-1/2C_battery-1,102.93960448957775,91.00417
Batch-1/2C_battery-1,102.8861571352218,91.03544
Batch-1/2C_battery-1,102.83270978086586,91.00417
Batch-1/2C_battery-1,102.83270978086586,91.00417
Batch-1/2C_battery-1,102.83270978086586,91.00417
Batch-1/2C_battery-1,102.7792624265099,91.03544
Batch-1/2C_battery-1,102.7792624265099,91.03544
Batch-1/2C_battery-1,102.72581507215392,91.03544
Batch-1/2C_battery-1,102.67236771779797,91.03544
Batch-1/2C_battery-1,102.618920363442,90.93571
Batch-1/2C_battery-1,102.56547300908605,90.93571
Batch-1/2C_battery-1,102.51202565473008,90.93252
Batch-1/2C_battery-1,102.45857830037413,90.92887
Batch-1/2C_battery-1,102.45857830037413,90.98883
Batch-1/2C_battery-1,102.40513094601818,90.601875
Batch-1/2C_battery-1,102.29823623730626,90.369385
Batch-1/2C_battery-1,102.29823623730626,90.30242
Batch-1/2C_battery-1,102.2447888829503,89.968834
Batch-1/2C_battery-1,102.19134152859432,89.701324
Batch-1/2C_battery-1,102.13789417423837,89.66136
Batch-1/2C_battery-1,102.0844468198824,89.683914
Batch-1/2C_battery-1,102.03099946552645,89.67504
Batch-1/2C_battery-1,102.03099946552645,89.67419
Batch-1/2C_battery-1,101.92410475681454,89.67504
Batch-1/2C_battery-1,101.92410475681454,89.67504
Batch-1/2C_battery-1,101.81721004810262,89.702354
Batch-1/2C_battery-1,101.76376269374666,89.702354
Batch-1/2C_battery-1,101.76376269374666,89.66157
Batch-1/2C_battery-1,101.65686798503472,89.30492
Batch-1/2C_battery-1,101.60342063067877,89.30492
Batch-1/2C_battery-1,101.49652592196688,89.30492
Batch-1/2C_battery-1,101.4430785676109,89.30492
Batch-1/2C_battery-1,101.33618385889898,89.203445
Batch-1/2C_battery-1,101.28273650454302,89.131355
Batch-1/2C_battery-1,101.22928915018706,89.172905
Batch-1/2C_battery-1,101.12239444147515,89.172905
Batch-1/2C_battery-1,101.01549973276323,89.172905
Batch-1/2C_battery-1,100.96205237840728,89.172905
Batch-1/2C_battery-1,100.85515766969534,89.172905
Batch-1/2C_battery-1,100.74826296098342,89.124725
Batch-1/2C_battery-1,100.69481560662747,89.124725
Batch-1/2C_battery-1,100.58792089791555,89.138535
Batch-1/2C_battery-1,100.5344735435596,89.138535
Batch-1/2C_battery-1,100.48102618920363,89.13334
Batch-1/2C_battery-1,100.3741314804917,89.13328
Batch-1/2C_battery-1,100.32068412613575,89.13328
Batch-1/2C_battery-1,100.2672367717798,89.27904
Batch-1/2C_battery-1,100.21378941742385,89.27858
Batch-1/2C_battery-1,100.10689470871192,89.23285
Batch-1/2C_battery-1,100.05344735435597,89.23285
Batch-1/2C_battery-1,100.0,89.234436
Batch-1/2C_battery-1,99.94655264564405,89.25668
Batch-1/2C_battery-1,99.94655264564405,89.26776
Batch-1/2C_battery-1,99.83965793693213,89.22044
Batch-1/2C_battery-1,99.83965793693213,89.22044
Batch-1/2C_battery-1,99.78621058257616,89.22044
Batch-1/2C_battery-1,99.67931587386424,89.22366
Batch-1/2C_battery-1,99.62586851950829,89.18797
Batch-1/2C_battery-1,99.57242116515232,89.202255
Batch-1/2C_battery-1,99.4655264564404,89.245895
Batch-1/2C_battery-1,99.41207910208445,89.166504
Batch-1/2C_battery-1,99.35863174772848,89.1714
Batch-1/2C_battery-1,99.35863174772848,89.1714
Batch-1/2C_battery-1,99.51897381079637,89.245895
Batch-1/2C_battery-1,99.41207910208445,89.245895
Batch-1/2C_battery-1,99.41207910208445,89.245895
Batch-1/2C_battery-1,99.62586851950829,89.245895
Batch-1/2C_battery-1,99.57242116515232,89.245895
Batch-1/2C_battery-1,99.57242116515232,89.245895
Batch-1/2C_battery-1,99.57242116515232,89.245895
Batch-1/2C_battery-1,99.4655264564404,89.245895
Batch-1/2C_battery-1,99.41207910208445,89.245895
Batch-1/2C_battery-1,99.30518439337254,89.17767
Batch-1/2C_battery-1,99.30518439337254,89.17767
Batch-1/2C_battery-1,98.82415820416888,89.04132
Batch-1/2C_battery-1,98.77071084981294,89.12358
Batch-1/2C_battery-1,98.82415820416888,89.11243
Batch-1/2C_battery-1,98.77071084981294,89.12358
Batch-1/2C_battery-1,98.77071084981294,89.12358
Batch-1/2C_battery-1,98.66381614110102,89.04132
Batch-1/2C_battery-1,98.61036878674506,89.1078
Batch-1/2C_battery-1,98.5569214323891,89.1078
Batch-1/2C_battery-1,98.45002672367718,89.1078
Batch-1/2C_battery-1,98.39657936932122,89.1078
Batch-1/2C_battery-1,98.34313201496526,89.12172
Batch-1/2C_battery-1,98.39657936932122,89.1078
Batch-1/2C_battery-1,98.39657936932122,89.04225
Batch-1/2C_battery-1,98.34313201496526,89.038864
Batch-1/2C_battery-1,98.23623730625334,89.052765
Batch-1/2C_battery-1,98.12934259754142,89.074524
Batch-1/2C_battery-1,97.96900053447354,89.12099
Batch-1/2C_battery-1,97.86210582576163,89.08824
Batch-1/2C_battery-1,97.7552111170497,89.11484
Batch-1/2C_battery-1,97.64831640833779,89.1062
Batch-1/2C_battery-1,97.59486905398184,89.16092
Batch-1/2C_battery-1,97.48797434526992,89.04661
Batch-1/2C_battery-1,97.381079636558,89.08053
Batch-1/2C_battery-1,97.48797434526992,89.16092
Batch-1/2C_battery-1,97.54142169962586,89.244736
Batch-1/2C_battery-1,97.43452699091395,89.284805
Batch-1/2C_battery-1,97.32763228220203,89.04149
Batch-1/2C_battery-1,97.22073757349011,89.060844
Batch-1/2C_battery-1,97.27418492784608,89.03934
Batch-1/2C_battery-1,97.22073757349011,88.997284
Batch-1/2C_battery-1,97.00694815606627,88.97642
Batch-1/2C_battery-1,96.8466060929984,88.96051
Batch-1/2C_battery-1,96.73971138428648,89.01572
Batch-1/2C_battery-1,96.63281667557456,89.18837
Batch-1/2C_battery-1,96.52592196686264,89.11909
Batch-1/2C_battery-1,96.52592196686264,89.18837
Batch-1/2C_battery-1,96.57936932121859,89.48817
Batch-1/2C_battery-1,96.63281667557456,89.31606
Batch-1/2C_battery-1,96.41902725815072,89.420494
Batch-1/2C_battery-1,96.36557990379477,89.420494
Batch-1/2C_battery-1,96.20523784072688,89.70649
Batch-1/2C_battery-1,96.15179048637093,89.61347
Batch-1/2C_battery-1,96.04489577765901,89.70649
Batch-1/2C_battery-1,95.93800106894709,89.84228
Batch-1/2C_battery-1,95.77765900587922,89.34718
Batch-1/2C_battery-1,95.67076429716728,89.34718
Batch-1/2C_battery-1,95.56386958845538,89.33961
Batch-1/2C_battery-1,95.51042223409941,89.34009
Batch-1/2C_battery-1,95.45697487974346,89.0249
Batch-1/2C_battery-1,95.29663281667557,89.04068
Batch-1/2C_battery-1,95.18973810796365,89.009964
Batch-1/2C_battery-1,94.97594869053981,88.4238
Batch-1/2C_battery-1,94.8690539818279,88.0786
Batch-1/2C_battery-1,94.70871191876003,88.09255
Batch-1/2C_battery-1,94.6018172100481,88.17567
Batch-1/2C_battery-1,94.44147514698022,88.37237
Batch-1/2C_battery-1,94.3345804382683,88.39251
Batch-1/2C_battery-1,94.17423837520043,88.322945
Batch-1/2C_battery-1,94.06734366648851,88.322945
Batch-1/2C_battery-1,93.90700160342062,88.322945
Batch-1/2C_battery-1,93.85355424906467,88.83645
Batch-1/2C_battery-1,93.69321218599679,88.83645
Batch-1/2C_battery-1,93.53287012292891,88.83645
Batch-1/2C_battery-1,93.42597541421699,88.928246
Batch-1/2C_battery-1,93.31908070550507,88.928246
Batch-1/2C_battery-1,93.26563335114912,89.04061
Batch-1/2C_battery-1,93.1587386424372,88.864876
Batch-1/2C_battery-1,93.05184393372528,88.94747
Batch-1/2C_battery-1,92.78460716194549,88.94747
Batch-1/2C_battery-1,92.67771245323357,89.01803
Batch-1/2C_battery-1,92.57081774452165,88.96761
Batch-1/2C_battery-1,92.35702832709781,88.634056
Batch-1/2C_battery-1,92.25013361838589,88.78799
Batch-1/2C_battery-1,92.19668626402994,88.696175
Batch-1/2C_battery-1,92.03634420096205,88.6244
Batch-1/2C_battery-1,91.9828968466061,88.696175
Batch-1/2C_battery-1,91.82255478353821,88.26023
Batch-1/2C_battery-1,91.82255478353821,88.22024
Batch-1/2C_battery-1,91.76910742918226,88.22024
Batch-1/2C_battery-1,91.66221272047034,88.25381
Batch-1/2C_battery-1,91.50187065740246,88.50504
Batch-1/2C_battery-1,91.39497594869054,88.50147
Batch-1/2C_battery-1,91.34152859433459,88.82572
Batch-1/2C_battery-1,91.23463388562266,89.03762
Batch-1/2C_battery-1,91.07429182255478,89.049736
Batch-1/2C_battery-1,91.07429182255478,89.03762
Batch-1/2C_battery-1,90.96739711384286,89.18099
Batch-1/2C_battery-1,90.91394975948691,89.18099
Batch-1/2C_battery-1,90.75360769641902,89.59226
Batch-1/2C_battery-1,90.59326563335115,89.59226
Batch-1/2C_battery-1,90.48637092463923,90.25686
Batch-1/2C_battery-1,90.32602886157134,90.25686
Batch-1/2C_battery-1,90.21913415285943,90.34516
Batch-1/2C_battery-1,90.16568679850347,90.42626
Batch-1/2C_battery-1,90.00534473543559,90.55793
Batch-1/2C_battery-1,89.89845002672368,90.55793
Batch-1/2C_battery-1,89.84500267236773,90.55793
Batch-1/2C_battery-1,89.79155531801175,90.5171
Batch-1/2C_battery-1,89.84500267236773,90.55793
Batch-1/2C_battery-1,89.68466060929984,90.51591
Batch-1/2C_battery-1,89.57776590058792,90.51591
Batch-1/2C_battery-1,89.470871191876,90.493614
Batch-1/2C_battery-1,89.31052912880813,90.493614
Batch-1/2C_battery-1,89.20363442009621,90.42257
Batch-1/2C_battery-1,89.09673971138429,90.12978
Batch-1/2C_battery-1,88.98984500267237,90.12978
Batch-1/2C_battery-1,88.82950293960448,90.136696
Batch-1/2C_battery-1,88.72260823089256,89.98823
Batch-1/2C_battery-1,88.61571352218066,89.98823
Batch-1/2C_battery-1,88.5622661678247,89.98823
Batch-1/2C_battery-1,88.72260823089256,89.966866
Batch-1/2C_battery-1,88.66916087653661,89.861916
Batch-1/2C_battery-1,88.5622661678247,89.88328
Batch-1/2C_battery-1,88.45537145911277,89.88328
Batch-1/2C_battery-1,88.40192410475682,89.86897
Batch-1/2C_battery-1,88.34847675040086,89.86897
Batch-1/2C_battery-1,88.24158204168894,89.63051
Batch-1/2C_battery-1,88.13468733297702,89.62222
Batch-1/2C_battery-1,87.97434526990914,89.744644
Batch-1/2C_battery-1,87.92089791555318,89.3875
Batch-1/2C_battery-1,87.81400320684126,89.83029
Batch-1/2C_battery-1,87.65366114377338,89.47348
Batch-1/2C_battery-1,87.70710849812934,89.47348
Batch-1/2C_battery-1,87.7605558524853,89.3875
Batch-1/2C_battery-1,85.08818813468734,88.993225
Batch-1/2C_battery-2,106.42398286937902,99.8765
Batch-1/2C_battery-2,99.62526766595289,98.304695
Batch-1/2C_battery-2,100.0,98.74232
Batch-1/2C_battery-2,100.3747323340471,97.9884
Batch-1/2C_battery-2,100.64239828693789,98.3425
Batch-1/2C_battery-2,100.91006423982869,98.56439
Batch-1/2C_battery-2,101.17773019271948,97.789085
Batch-1/2C_battery-2,101.39186295503211,97.92098
Batch-1/2C_battery-2,101.60599571734474,97.96296
Batch-1/2C_battery-2,101.55246252676659,97.39433
Batch-1/2C_battery-2,101.71306209850106,97.72161
Batch-1/2C_battery-2,102.08779443254818,97.58852
Batch-1/2C_battery-2,102.30192719486082,97.42125
Batch-1/2C_battery-2,102.46252676659529,97.42464
Batch-1/2C_battery-2,102.62312633832975,97.42464
Batch-1/2C_battery-2,102.78372591006423,97.42464
Batch-1/2C_battery-2,102.9443254817987,97.39337
Batch-1/2C_battery-2,103.1049250535332,97.39337
Batch-1/2C_battery-2,103.21199143468948,97.24364
Batch-1/2C_battery-2,103.31905781584581,97.24364
Batch-1/2C_battery-2,103.47965738758029,97.24364
Batch-1/2C_battery-2,103.64025695931475,97.24364
Batch-1/2C_battery-2,103.69379014989293,97.22947
Batch-1/2C_battery-2,103.80085653104925,97.22947
Batch-1/2C_battery-2,103.90792291220556,97.01111
Batch-1/2C_battery-2,103.96145610278371,97.007034
Batch-1/2C_battery-2,104.06852248394003,96.93961
Batch-1/2C_battery-2,104.1220556745182,96.938576
Batch-1/2C_battery-2,104.17558886509634,97.42087
Batch-1/2C_battery-2,104.22912205567452,97.42087
Batch-1/2C_battery-2,104.28265524625266,97.4041
Batch-1/2C_battery-2,104.38972162740899,97.462494
Batch-1/2C_battery-2,104.44325481798715,97.4041
Batch-1/2C_battery-2,104.44325481798715,97.20236
Batch-1/2C_battery-2,104.4967880085653,97.20236
Batch-1/2C_battery-2,104.60385438972162,97.23241
Batch-1/2C_battery-2,104.65738758029978,96.82305
Batch-1/2C_battery-2,104.65738758029978,96.827126
Batch-1/2C_battery-2,104.71092077087793,96.82305
Batch-1/2C_battery-2,104.71092077087793,96.77764
Batch-1/2C_battery-2,104.7644539614561,96.77764
Batch-1/2C_battery-2,104.81798715203425,96.77357
Batch-1/2C_battery-2,104.81798715203425,96.218025
Batch-1/2C_battery-2,104.71092077087793,96.16573
Batch-1/2C_battery-2,104.81798715203425,96.16573
Batch-1/2C_battery-2,104.81798715203425,96.16573
Batch-1/2C_battery-2,104.81798715203425,96.16573
Batch-1/2C_battery-2,105.13918629550321,96.218025
Batch-1/2C_battery-2,105.08565310492506,96.02759
Batch-1/2C_battery-2,104.92505353319058,96.132545
Batch-1/2C_battery-2,104.92505353319058,96.132545
Batch-1/2C_battery-2,104.92505353319058,95.56414
Batch-1/2C_battery-2,104.87152034261243,95.29564
Batch-1/2C_battery-2,104.87152034261243,95.70176
Batch-1/2C_battery-2,104.87152034261243,95.65955
Batch-1/2C_battery-2,104.97858672376874,95.17184
Batch-1/2C_battery-2,105.0321199143469,95.03422
Batch-1/2C_battery-2,104.97858672376874,94.992
Batch-1/2C_battery-2,105.13918629550321,94.0106
Batch-1/2C_battery-2,105.19271948608137,93.97245
Batch-1/2C_battery-2,105.13918629550321,93.93171
Batch-1/2C_battery-2,105.13918629550321,93.49784
Batch-1/2C_battery-2,104.97858672376874,93.47111
Batch-1/2C_battery-2,104.97858672376874,93.60873
Batch-1/2C_battery-2,104.97858672376874,93.33448
Batch-1/2C_battery-2,104.92505353319058,93.34179
Batch-1/2C_battery-2,104.92505353319058,93.339806
Batch-1/2C_battery-2,104.92505353319058,93.323296
Batch-1/2C_battery-2,105.08565310492506,93.288445
Batch-1/2C_battery-2,105.19271948608137,93.17286
Batch-1/2C_battery-2,105.13918629550321,93.01223
Batch-1/2C_battery-2,105.13918629550321,92.9855
Batch-1/2C_battery-2,105.13918629550321,92.9855
Batch-1/2C_battery-2,105.08565310492506,92.9855
Batch-1/2C_battery-2,105.0321199143469,92.972664
Batch-1/2C_battery-2,105.0321199143469,92.95956
Batch-1/2C_battery-2,105.0321199143469,93.097176
Batch-1/2C_battery-2,105.0321199143469,93.097176
Batch-1/2C_battery-2,104.97858672376874,93.11732
Batch-1/2C_battery-2,104.97858672376874,93.11775
Batch-1/2C_battery-2,104.97858672376874,93.09915
Batch-1/2C_battery-2,105.0321199143469,92.94139
Batch-1/2C_battery-2,105.40685224839402,92.9855
Batch-1/2C_battery-2,105.24625267665952,92.982895
Batch-1/2C_battery-2,105.08565310492506,92.95956
Batch-1/2C_battery-2,104.97858672376874,92.91338
Batch-1/2C_battery-2,104.92505353319058,93.0514
Batch-1/2C_battery-2,104.87152034261243,93.07154
Batch-1/2C_battery-2,104.87152034261243,93.107414
Batch-1/2C_battery-2,104.87152034261243,93.09014
Batch-1/2C_battery-2,104.81798715203425,93.09475
Batch-1/2C_battery-2,104.7644539614561,93.09014
Batch-1/2C_battery-2,104.7644539614561,93.02024
Batch-1/2C_battery-2,104.7644539614561,93.02024
Batch-1/2C_battery-2,104.7644539614561,93.02024
Batch-1/2C_battery-2,104.81798715203425,92.52987
Batch-1/2C_battery-2,104.7644539614561,92.54714
Batch-1/2C_battery-2,104.7644539614561,92.50975
Batch-1/2C_battery-2,104.71092077087793,91.88625
Batch-1/2C_battery-2,104.65738758029978,91.9173
Batch-1/2C_battery-2,104.60385438972162,91.8291
Batch-1/2C_battery-2,104.55032119914347,91.10086
Batch-1/2C_battery-2,104.4967880085653,90.8243
Batch-1/2C_battery-2,104.44325481798715,90.53215
Batch-1/2C_battery-2,104.60385438972162,90.50769
Batch-1/2C_battery-2,104.71092077087793,91.1602
Batch-1/2C_battery-2,104.71092077087793,90.91224
Batch-1/2C_battery-2,104.65738758029978,91.14894
Batch-1/2C_battery-2,104.71092077087793,91.14433
Batch-1/2C_battery-2,104.60385438972162,91.14894
Batch-1/2C_battery-2,104.55032119914347,91.14894
Batch-1/2C_battery-2,104.55032119914347,91.15674
Batch-1/2C_battery-2,104.55032119914347,91.151306
Batch-1/2C_battery-2,104.4967880085653,91.227776
Batch-1/2C_battery-2,104.44325481798715,91.21817
Batch-1/2C_battery-2,104.38972162740899,90.9416
Batch-1/2C_battery-2,104.44325481798715,91.09874
Batch-1/2C_battery-2,104.60385438972162,91.14894
Batch-1/2C_battery-2,104.60385438972162,91.12572
Batch-1/2C_battery-2,104.60385438972162,91.12572
Batch-1/2C_battery-2,104.60385438972162,91.12572
Batch-1/2C_battery-2,104.55032119914347,91.10559
Batch-1/2C_battery-2,104.55032119914347,91.12572
Batch-1/2C_battery-2,104.4967880085653,91.10559
Batch-1/2C_battery-2,104.44325481798715,91.17912
Batch-1/2C_battery-2,104.44325481798715,91.17912
Batch-1/2C_battery-2,104.38972162740899,91.134544
Batch-1/2C_battery-2,104.38972162740899,91.12188
Batch-1/2C_battery-2,104.33618843683084,91.134544
Batch-1/2C_battery-2,104.38972162740899,91.12188
Batch-1/2C_battery-2,104.38972162740899,91.10328
Batch-1/2C_battery-2,104.38972162740899,91.134544
Batch-1/2C_battery-2,104.38972162740899,91.08314
Batch-1/2C_battery-2,104.33618843683084,91.08314
Batch-1/2C_battery-2,104.33618843683084,91.08314
Batch-1/2C_battery-2,104.28265524625266,91.10328
Batch-1/2C_battery-2,104.22912205567452,91.08441
Batch-1/2C_battery-2,104.17558886509634,91.10301
Batch-1/2C_battery-2,104.1220556745182,91.088715
Batch-1/2C_battery-2,104.06852248394003,91.09682
Batch-1/2C_battery-2,104.06852248394003,91.09108
Batch-1/2C_battery-2,104.22912205567452,91.12188
Batch-1/2C_battery-2,104.28265524625266,90.95577
Batch-1/2C_battery-2,104.22912205567452,90.936905
Batch-1/2C_battery-2,104.17558886509634,90.77126
Batch-1/2C_battery-2,104.1220556745182,91.015915
Batch-1/2C_battery-2,104.06852248394003,91.04997
Batch-1/2C_battery-2,104.06852248394003,91.01284
Batch-1/2C_battery-2,104.01498929336188,91.01284
Batch-1/2C_battery-2,103.96145610278371,91.05221
Batch-1/2C_battery-2,103.90792291220556,91.03389
Batch-1/2C_battery-2,103.8543897216274,91.139175
Batch-1/2C_battery-2,103.8543897216274,91.139175
Batch-1/2C_battery-2,103.96145610278371,91.03144
Batch-1/2C_battery-2,104.22912205567452,90.92716
Batch-1/2C_battery-2,104.33618843683084,90.756165
Batch-1/2C_battery-2,104.22912205567452,90.74398
Batch-1/2C_battery-2,104.1220556745182,90.8635
Batch-1/2C_battery-2,104.06852248394003,90.8681
Batch-1/2C_battery-2,104.01498929336188,90.878044
Batch-1/2C_battery-2,104.01498929336188,90.834145
Batch-1/2C_battery-2,103.96145610278371,91.01068
Batch-1/2C_battery-2,103.90792291220556,90.990845
Batch-1/2C_battery-2,103.90792291220556,90.98677
Batch-1/2C_battery-2,103.8543897216274,90.99896
Batch-1/2C_battery-2,103.8543897216274,91.06062
Batch-1/2C_battery-2,103.8543897216274,91.056595
Batch-1/2C_battery-2,103.8543897216274,91.056595
Batch-1/2C_battery-2,103.8543897216274,91.0647
Batch-1/2C_battery-2,103.74732334047107,91.01744
Batch-1/2C_battery-2,103.69379014989293,91.01433
Batch-1/2C_battery-2,103.64025695931475,91.01433
Batch-1/2C_battery-2,103.5867237687366,91.01433
Batch-1/2C_battery-2,103.5867237687366,91.01433
Batch-1/2C_battery-2,103.53319057815844,90.78471
Batch-1/2C_battery-2,103.47965738758029,91.01433
Batch-1/2C_battery-2,103.47965738758029,90.78471
Batch-1/2C_battery-2,103.42612419700212,91.15381
Batch-1/2C_battery-2,103.37259100642397,91.12329
Batch-1/2C_battery-2,103.37259100642397,90.89368
Batch-1/2C_battery-2,103.31905781584581,91.12329
Batch-1/2C_battery-2,103.31905781584581,91.05754
Batch-1/2C_battery-2,103.26552462526766,91.12329
Batch-1/2C_battery-2,103.21199143468948,91.12329
Batch-1/2C_battery-2,103.21199143468948,91.088806
Batch-1/2C_battery-2,103.15845824411134,91.15456
Batch-1/2C_battery-2,103.1049250535332,91.10864
Batch-1/2C_battery-2,103.1049250535332,91.12604
Batch-1/2C_battery-2,103.05139186295503,91.12604
Batch-1/2C_battery-2,102.99785867237688,91.08134
Batch-1/2C_battery-2,102.99785867237688,91.08134
Batch-1/2C_battery-2,102.99785867237688,91.08134
Batch-1/2C_battery-2,102.9443254817987,91.08134
Batch-1/2C_battery-2,102.9443254817987,91.08134
Batch-1/2C_battery-2,102.89079229122055,91.08134
Batch-1/2C_battery-2,102.83725910064238,91.08134
Batch-1/2C_battery-2,102.83725910064238,91.07452
Batch-1/2C_battery-2,102.78372591006423,91.008766
Batch-1/2C_battery-2,102.78372591006423,90.9454
Batch-1/2C_battery-2,102.73019271948607,91.06598
Batch-1/2C_battery-2,102.67665952890792,90.60279
Batch-1/2C_battery-2,102.5695931477516,90.36659
Batch-1/2C_battery-2,102.5695931477516,90.29325
Batch-1/2C_battery-2,102.51605995717344,90.322044
Batch-1/2C_battery-2,102.46252676659529,90.30242
Batch-1/2C_battery-2,102.40899357601714,89.746796
Batch-1/2C_battery-2,102.35546038543897,89.77031
Batch-1/2C_battery-2,102.35546038543897,89.77821
Batch-1/2C_battery-2,102.30192719486082,89.77821
Batch-1/2C_battery-2,102.24839400428264,89.77821
Batch-1/2C_battery-2,102.19486081370451,89.77535
Batch-1/2C_battery-2,102.14132762312633,89.70638
Batch-1/2C_battery-2,102.08779443254818,89.70542
Batch-1/2C_battery-2,102.03426124197001,89.67504
Batch-1/2C_battery-2,101.98072805139186,89.634254
Batch-1/2C_battery-2,101.9271948608137,89.703224
Batch-1/2C_battery-2,101.82012847965738,89.66241
Batch-1/2C_battery-2,101.76659528907923,89.66241
Batch-1/2C_battery-2,101.71306209850106,89.66241
Batch-1/2C_battery-2,101.65952890792292,89.305756
Batch-1/2C_battery-2,101.60599571734474,89.305756
Batch-1/2C_battery-2,101.49892933618843,89.305756
Batch-1/2C_battery-2,101.44539614561027,89.30492
Batch-1/2C_battery-2,101.33832976445396,89.201126
Batch-1/2C_battery-2,101.2847965738758,89.170586
Batch-1/2C_battery-2,101.17773019271948,89.171425
Batch-1/2C_battery-2,101.12419700214133,89.170586
Batch-1/2C_battery-2,101.017130620985,89.12239
Batch-1/2C_battery-2,100.96359743040684,89.124725
Batch-1/2C_battery-2,100.85653104925052,89.124725
Batch-1/2C_battery-2,100.80299785867237,89.124725
Batch-1/2C_battery-2,100.69593147751605,89.138535
Batch-1/2C_battery-2,100.64239828693789,89.138535
Batch-1/2C_battery-2,100.58886509635974,89.138535
Batch-1/2C_battery-2,100.53533190578156,89.138535
Batch-1/2C_battery-2,100.42826552462525,89.138535
Batch-1/2C_battery-2,100.3747323340471,89.13334
Batch-1/2C_battery-2,100.32119914346896,89.13334
Batch-1/2C_battery-2,100.21413276231263,89.13328
Batch-1/2C_battery-2,100.16059957173447,89.27904
Batch-1/2C_battery-2,100.10706638115632,89.23331
Batch-1/2C_battery-2,100.05353319057815,89.23331
Batch-1/2C_battery-2,100.05353319057815,89.23331
Batch-1/2C_battery-2,100.0,89.23489
Batch-1/2C_battery-2,99.94646680942184,89.245514
Batch-1/2C_battery-2,99.94646680942184,89.245514
Batch-1/2C_battery-2,99.83940042826552,89.22044
Batch-1/2C_battery-2,99.7323340471092,89.26776
Batch-1/2C_battery-2,99.67880085653104,89.22044
Batch-1/2C_battery-2,99.62526766595289,89.1754
Batch-1/2C_battery-2,99.57173447537473,89.22537
Batch-1/2C_battery-2,99.46466809421841,89.234726
Batch-1/2C_battery-2,99.46466809421841,89.234726
Batch-1/2C_battery-2,99.41113490364025,89.234726
Batch-1/2C_battery-2,99.3576017130621,89.234726
Batch-1/2C_battery-2,99.3576017130621,89.166504
Batch-1/2C_battery-2,99.30406852248393,89.166504
Batch-1/2C_battery-2,99.25053533190578,89.166504
Batch-1/2C_battery-2,99.14346895074947,89.16023
Batch-1/2C_battery-2,99.0899357601713,89.16023
Batch-1/2C_battery-2,99.03640256959315,89.15759
Batch-1/2C_battery-2,98.98286937901499,89.15503
Batch-1/2C_battery-2,98.92933618843684,89.16876
Batch-1/2C_battery-2,98.87580299785867,89.15503
Batch-1/2C_battery-2,98.87580299785867,89.099945
Batch-1/2C_battery-2,98.82226980728052,89.14386
Batch-1/2C_battery-2,98.76873661670234,89.12358
Batch-1/2C_battery-2,98.76873661670234,89.11241
Batch-1/2C_battery-2,98.76873661670234,89.10126
Batch-1/2C_battery-2,98.7152034261242,89.11241
Batch-1/2C_battery-2,98.55460385438971,89.04132
Batch-1/2C_battery-2,98.50107066381156,89.1078
Batch-1/2C_battery-2,98.4475374732334,89.1078
Batch-1/2C_battery-2,98.34047109207708,89.1078
Batch-1/2C_battery-2,98.23340471092077,89.12172
Batch-1/2C_battery-2,98.23340471092077,89.12172
Batch-1/2C_battery-2,98.34047109207708,89.1078
Batch-1/2C_battery-2,98.34047109207708,89.1078
Batch-1/2C_battery-2,98.23340471092077,89.104416
Batch-1/2C_battery-2,98.23340471092077,89.104416
Batch-1/2C_battery-2,98.12633832976445,89.038864
Batch-1/2C_battery-2,97.96573875802997,89.08745
Batch-1/2C_battery-2,97.91220556745182,89.092026
Batch-1/2C_battery-2,97.75160599571734,89.07533
Batch-1/2C_battery-2,97.64453961456103,89.1062
Batch-1/2C_battery-2,97.5374732334047,89.1062
Batch-1/2C_battery-2,97.4304068522484,89.04959
Batch-1/2C_battery-2,97.48394004282655,89.12698
Batch-1/2C_battery-2,97.64453961456103,89.17175
Batch-1/2C_battery-2,97.59100642398286,89.06012
Batch-1/2C_battery-2,97.48394004282655,89.1062
Batch-1/2C_battery-2,97.37687366167023,89.16092
Batch-1/2C_battery-2,97.37687366167023,89.16092
Batch-1/2C_battery-2,97.48394004282655,89.11484
Batch-1/2C_battery-2,97.37687366167023,89.16092
Batch-1/2C_battery-2,97.10920770877945,89.050934
Batch-1/2C_battery-2,97.00214132762312,88.98839
Batch-1/2C_battery-2,96.8950749464668,89.0724
Batch-1/2C_battery-2,96.73447537473233,89.066055
Batch-1/2C_battery-2,96.68094218415418,89.11108
Batch-1/2C_battery-2,96.84154175588864,88.98839
Batch-1/2C_battery-2,96.94860813704496,88.997284
Batch-1/2C_battery-2,96.84154175588864,88.718216
Batch-1/2C_battery-2,96.73447537473233,89.05202
Batch-1/2C_battery-2,96.68094218415418,88.95708
Batch-1/2C_battery-2,96.5203426124197,89.127716
Batch-1/2C_battery-2,96.46680942184153,89.127716
Batch-1/2C_battery-2,96.35974304068522,89.36171
Batch-1/2C_battery-2,96.35974304068522,89.33823
Batch-1/2C_battery-2,96.19914346895074,89.40115
Batch-1/2C_battery-2,96.09207708779442,89.59412
Batch-1/2C_battery-2,96.03854389721627,89.59412
Batch-1/2C_battery-2,95.9850107066381,89.59412
Batch-1/2C_battery-2,95.93147751605994,90.06181
Batch-1/2C_battery-2,95.77087794432548,90.049995
Batch-1/2C_battery-2,95.66381156316915,90.049995
Batch-1/2C_battery-2,95.55674518201283,89.34718
Batch-1/2C_battery-2,95.39614561027837,89.29028
Batch-1/2C_battery-2,95.28907922912205,89.33961
Batch-1/2C_battery-2,95.12847965738757,89.0249
Batch-1/2C_battery-2,95.02141327623124,89.04068
Batch-1/2C_battery-2,94.86081370449678,88.625946
Batch-1/2C_battery-2,94.75374732334046,88.63133
Batch-1/2C_battery-2,94.59314775160598,89.01535
Batch-1/2C_battery-2,94.48608137044967,88.17567
Batch-1/2C_battery-2,94.43254817987152,88.09255
Batch-1/2C_battery-2,94.27194860813704,88.37237
Batch-1/2C_battery-2,94.16488222698072,88.322945
Batch-1/2C_battery-2,94.0578158458244,88.3628
Batch-1/2C_battery-2,93.89721627408993,88.30456
Batch-1/2C_battery-2,93.89721627408993,88.31338
Batch-1/2C_battery-2,93.84368308351176,88.30048
Batch-1/2C_battery-2,93.6830835117773,88.30048
Batch-1/2C_battery-2,93.52248394004282,88.767555
Batch-1/2C_battery-2,93.36188436830835,88.82279
Batch-1/2C_battery-2,93.25481798715202,88.92416
Batch-1/2C_battery-2,93.09421841541756,89.072365
Batch-1/2C_battery-2,92.98715203426124,89.02293
Batch-1/2C_battery-2,92.93361884368308,88.90661
Batch-1/2C_battery-2,92.88008565310493,88.864876
Batch-1/2C_battery-2,92.98715203426124,89.02293
Batch-1/2C_battery-2,92.6659528907923,88.94747
Batch-1/2C_battery-2,92.61241970021412,88.96769
Batch-1/2C_battery-2,92.55888650963597,89.011604
Batch-1/2C_battery-2,92.29122055674517,88.58776
Batch-1/2C_battery-2,92.07708779443254,88.62881
Batch-1/2C_battery-2,91.97002141327623,88.68975
Batch-1/2C_battery-2,91.86295503211991,88.61797
Batch-1/2C_battery-2,91.70235546038545,88.60813
Batch-1/2C_battery-2,91.64882226980727,88.16094
Batch-1/2C_battery-2,91.59528907922912,88.16094
Batch-1/2C_battery-2,91.43468950749464,88.243965
Batch-1/2C_battery-2,91.32762312633832,88.4952
Batch-1/2C_battery-2,91.22055674518201,88.49163
Batch-1/2C_battery-2,91.05995717344754,88.90543
Batch-1/2C_battery-2,90.95289079229121,89.049736
Batch-1/2C_battery-2,90.8458244111349,89.049736
Batch-1/2C_battery-2,90.73875802997858,89.049736
Batch-1/2C_battery-2,90.5781584582441,89.16386
Batch-1/2C_battery-2,90.47109207708779,89.59226
Batch-1/2C_battery-2,90.36402569593147,89.852
Batch-1/2C_battery-2,90.25695931477516,90.23353
Batch-1/2C_battery-2,90.25695931477516,89.852
Batch-1/2C_battery-2,90.36402569593147,89.852
Batch-1/2C_battery-2,90.203426124197,90.36849
Batch-1/2C_battery-2,90.04282655246251,90.34516
Batch-1/2C_battery-2,89.88222698072805,90.42626
Batch-1/2C_battery-2,89.77516059957173,90.55793
Batch-1/2C_battery-2,89.66809421841542,90.5171
Batch-1/2C_battery-2,89.50749464668093,90.520256
Batch-1/2C_battery-2,89.40042826552461,90.520256
Batch-1/2C_battery-2,89.23982869379014,90.213615
Batch-1/2C_battery-2,89.13276231263383,90.40107
Batch-1/2C_battery-2,88.97216274089935,90.330025
Batch-1/2C_battery-2,88.9186295503212,90.35139
Batch-1/2C_battery-2,89.07922912205566,90.41386
Batch-1/2C_battery-2,89.02569593147751,90.213615
Batch-1/2C_battery-2,88.81156316916487,90.12978
Batch-1/2C_battery-2,88.75802997858672,90.11533
Batch-1/2C_battery-2,88.59743040685224,90.136696
Batch-1/2C_battery-2,88.54389721627408,89.98823
Batch-1/2C_battery-2,88.32976445396145,89.64483
Batch-1/2C_battery-2,88.16916488222698,89.63653
Batch-1/2C_battery-2,88.00856531049249,89.62601
Batch-1/2C_battery-2,87.84796573875802,89.711655
Batch-1/2C_battery-2,87.7408993576017,89.83029
Batch-1/2C_battery-2,87.58029978586723,89.47348
Batch-1/2C_battery-2,87.52676659528908,89.47348
Batch-1/2C_battery-2,87.52676659528908,89.47348
Batch-1/2C_battery-2,87.41970021413276,89.44165
Batch-1/2C_battery-2,89.2933618843683,90.41767
Batch-1/2C_battery-2,87.79443254817986,89.79846
Batch-1/2C_battery-2,87.47323340471091,89.44165
Batch-1/2C_battery-2,87.20556745182012,88.72679
Batch-1/2C_battery-2,87.04496788008565,82.99916
Batch-1/2C_battery-2,86.99143468950749,82.99916
Batch-1/2C_battery-2,86.99143468950749,88.95814
Batch-1/2C_battery-2,86.88436830835117,88.95814
Batch-1/2C_battery-2,86.7237687366167,88.732574
Batch-1/2C_battery-2,86.56316916488223,88.74386
Batch-1/2C_battery-2,86.45610278372591,82.78771
Batch-1/2C_battery-2,86.3490364025696,82.78771
Batch-1/2C_battery-2,86.13490364025695,82.748985
Batch-1/2C_battery-2,85.97430406852249,82.748985
Batch-1/2C_battery-2,85.813704496788,82.664665
Batch-1/2C_battery-2,85.65310492505354,82.664665
Batch-1/2C_battery-2,85.54603854389723,82.50422
Batch-1/2C_battery-3,106.37044967880085,99.8765
Batch-1/2C_battery-3,99.62526766595289,98.3581
Batch-1/2C_battery-3,100.0,98.772484
Batch-1/2C_battery-3,100.32119914346896,98.000626
Batch-1/2C_battery-3,100.64239828693789,98.357445
Batch-1/2C_battery-3,100.85653104925052,98.58894
Batch-1/2C_battery-3,101.12419700214133,97.789085
Batch-1/2C_battery-3,101.33832976445396,97.910034
Batch-1/2C_battery-3,101.55246252676659,97.95594
Batch-1/2C_battery-3,101.49892933618843,97.39433
Batch-1/2C_battery-3,101.60599571734474,97.72161
Batch-1/2C_battery-3,102.03426124197001,97.6243
Batch-1/2C_battery-3,102.19486081370451,97.41344
Batch-1/2C_battery-3,102.35546038543897,97.42464
Batch-1/2C_battery-3,102.51605995717344,97.42464
Batch-1/2C_battery-3,102.67665952890792,97.39337
Batch-1/2C_battery-3,102.83725910064238,97.39337
Batch-1/2C_battery-3,102.99785867237688,97.39337
Batch-1/2C_battery-3,103.1049250535332,97.24364
Batch-1/2C_battery-3,103.21199143468948,97.24364
Batch-1/2C_battery-3,103.37259100642397,97.24364
Batch-1/2C_battery-3,103.53319057815844,97.24364
Batch-1/2C_battery-3,103.64025695931475,97.22947
Batch-1/2C_battery-3,103.74732334047107,96.96143
Batch-1/2C_battery-3,103.80085653104925,97.01111
Batch-1/2C_battery-3,103.90792291220556,97.01111
Batch-1/2C_battery-3,103.96145610278371,96.94575
Batch-1/2C_battery-3,104.01498929336188,96.94575
Batch-1/2C_battery-3,104.1220556745182,97.42494
Batch-1/2C_battery-3,104.17558886509634,97.42494
Batch-1/2C_battery-3,104.22912205567452,97.40817
Batch-1/2C_battery-3,104.28265524625266,97.46657
Batch-1/2C_battery-3,104.33618843683084,97.40721
Batch-1/2C_battery-3,104.38972162740899,97.21155
Batch-1/2C_battery-3,104.44325481798715,97.206436
Batch-1/2C_battery-3,104.4967880085653,97.21155
Batch-1/2C_battery-3,104.60385438972162,96.79708
Batch-1/2C_battery-3,104.60385438972162,96.82615
Batch-1/2C_battery-3,104.65738758029978,96.82305
Batch-1/2C_battery-3,104.65738758029978,96.77668
Batch-1/2C_battery-3,104.71092077087793,96.77764
Batch-1/2C_battery-3,104.71092077087793,96.77764
Batch-1/2C_battery-3,104.7644539614561,96.2221
Batch-1/2C_battery-3,104.71092077087793,96.22114
Batch-1/2C_battery-3,104.71092077087793,96.218025
Batch-1/2C_battery-3,104.7644539614561,96.2221
Batch-1/2C_battery-3,104.7644539614561,96.16981
Batch-1/2C_battery-3,105.08565310492506,96.218025
Batch-1/2C_battery-3,105.0321199143469,96.02759
Batch-1/2C_battery-3,104.87152034261243,96.13566
Batch-1/2C_battery-3,104.87152034261243,96.13662
Batch-1/2C_battery-3,104.87152034261243,95.60488
Batch-1/2C_battery-3,104.81798715203425,95.60488
Batch-1/2C_battery-3,104.81798715203425,95.56414
Batch-1/2C_battery-3,104.81798715203425,95.56414
Batch-1/2C_battery-3,104.87152034261243,95.03422
Batch-1/2C_battery-3,104.97858672376874,95.07903
Batch-1/2C_battery-3,104.92505353319058,94.76979
Batch-1/2C_battery-3,105.08565310492506,94.01467
Batch-1/2C_battery-3,105.13918629550321,94.00473
Batch-1/2C_battery-3,105.0321199143469,93.94052
Batch-1/2C_battery-3,105.0321199143469,93.501915
Batch-1/2C_battery-3,104.92505353319058,93.501915
Batch-1/2C_battery-3,104.92505353319058,93.49784
Batch-1/2C_battery-3,104.87152034261243,93.21076
Batch-1/2C_battery-3,104.87152034261243,93.18403
Batch-1/2C_battery-3,104.81798715203425,93.18403
Batch-1/2C_battery-3,104.81798715203425,93.125984
Batch-1/2C_battery-3,104.92505353319058,93.17286
Batch-1/2C_battery-3,105.08565310492506,93.17597
Batch-1/2C_battery-3,105.0321199143469,92.972305
Batch-1/2C_battery-3,105.0321199143469,92.98957
Batch-1/2C_battery-3,105.0321199143469,92.98957
Batch-1/2C_battery-3,104.97858672376874,92.98225
Batch-1/2C_battery-3,104.97858672376874,92.97674
Batch-1/2C_battery-3,104.97858672376874,92.972664
Batch-1/2C_battery-3,104.92505353319058,92.95956
Batch-1/2C_battery-3,104.87152034261243,92.95956
Batch-1/2C_battery-3,104.87152034261243,92.95956
Batch-1/2C_battery-3,104.81798715203425,92.94139
Batch-1/2C_battery-3,104.87152034261243,92.94139
Batch-1/2C_battery-3,104.87152034261243,92.95956
Batch-1/2C_battery-3,105.19271948608137,92.9855
Batch-1/2C_battery-3,105.19271948608137,92.88876
Batch-1/2C_battery-3,104.97858672376874,92.95369
Batch-1/2C_battery-3,104.87152034261243,92.91338
Batch-1/2C_battery-3,104.81798715203425,92.91378
Batch-1/2C_battery-3,104.7644539614561,92.91378
Batch-1/2C_battery-3,104.71092077087793,92.91378
Batch-1/2C_battery-3,104.71092077087793,93.0514
Batch-1/2C_battery-3,104.65738758029978,93.0514
Batch-1/2C_battery-3,104.60385438972162,93.07154
Batch-1/2C_battery-3,104.60385438972162,92.99702
Batch-1/2C_battery-3,104.60385438972162,92.99702
Batch-1/2C_battery-3,104.60385438972162,92.97689
Batch-1/2C_battery-3,104.60385438972162,92.542534
Batch-1/2C_battery-3,104.65738758029978,92.35351
Batch-1/2C_battery-3,104.55032119914347,92.4664
Batch-1/2C_battery-3,104.55032119914347,91.86765
Batch-1/2C_battery-3,104.4967880085653,91.89409
Batch-1/2C_battery-3,104.44325481798715,91.90379
Batch-1/2C_battery-3,104.33618843683084,91.14894
Batch-1/2C_battery-3,104.33618843683084,91.14894
Batch-1/2C_battery-3,104.22912205567452,91.17427
Batch-1/2C_battery-3,104.33618843683084,91.03621
Batch-1/2C_battery-3,104.4967880085653,91.14433
Batch-1/2C_battery-3,104.55032119914347,91.13922
Batch-1/2C_battery-3,104.44325481798715,91.10559
Batch-1/2C_battery-3,104.4967880085653,91.119095
Batch-1/2C_battery-3,104.44325481798715,91.10559
Batch-1/2C_battery-3,104.38972162740899,91.12572
Batch-1/2C_battery-3,104.33618843683084,91.14433
Batch-1/2C_battery-3,104.28265524625266,91.14433
Batch-1/2C_battery-3,104.28265524625266,91.16646
Batch-1/2C_battery-3,104.22912205567452,91.12188
Batch-1/2C_battery-3,104.17558886509634,91.12188
Batch-1/2C_battery-3,104.17558886509634,91.12969
Batch-1/2C_battery-3,104.33618843683084,91.14433
Batch-1/2C_battery-3,104.38972162740899,90.96796
Batch-1/2C_battery-3,104.33618843683084,90.96796
Batch-1/2C_battery-3,104.33618843683084,91.10559
Batch-1/2C_battery-3,104.28265524625266,90.96796
Batch-1/2C_battery-3,104.28265524625266,90.96796
Batch-1/2C_battery-3,104.22912205567452,90.9901
Batch-1/2C_battery-3,104.17558886509634,90.95577
Batch-1/2C_battery-3,104.17558886509634,91.08314
Batch-1/2C_battery-3,104.1220556745182,91.08314
Batch-1/2C_battery-3,104.1220556745182,91.08314
Batch-1/2C_battery-3,104.06852248394003,91.06427
Batch-1/2C_battery-3,104.06852248394003,91.08441
Batch-1/2C_battery-3,104.06852248394003,90.95577
Batch-1/2C_battery-3,104.06852248394003,90.95577
Batch-1/2C_battery-3,104.06852248394003,90.95577
Batch-1/2C_battery-3,104.06852248394003,90.95577
Batch-1/2C_battery-3,104.01498929336188,90.936905
Batch-1/2C_battery-3,103.96145610278371,90.936905
Batch-1/2C_battery-3,103.96145610278371,90.936905
Batch-1/2C_battery-3,103.90792291220556,91.20336
Batch-1/2C_battery-3,103.8543897216274,91.20336
Batch-1/2C_battery-3,103.74732334047107,91.15377
Batch-1/2C_battery-3,103.69379014989293,91.196434
Batch-1/2C_battery-3,103.80085653104925,91.23463
Batch-1/2C_battery-3,103.96145610278371,90.776985
Batch-1/2C_battery-3,103.90792291220556,91.08225
Batch-1/2C_battery-3,103.90792291220556,91.07818
Batch-1/2C_battery-3,103.80085653104925,91.06388
Batch-1/2C_battery-3,103.74732334047107,91.02982
Batch-1/2C_battery-3,103.74732334047107,91.040665
Batch-1/2C_battery-3,103.69379014989293,91.04877
Batch-1/2C_battery-3,103.64025695931475,91.00247
Batch-1/2C_battery-3,103.5867237687366,91.14195
Batch-1/2C_battery-3,103.53319057815844,91.14195
Batch-1/2C_battery-3,103.47965738758029,91.14195
Batch-1/2C_battery-3,103.53319057815844,91.17322
Batch-1/2C_battery-3,103.74732334047107,91.02092
Batch-1/2C_battery-3,103.96145610278371,91.04478
Batch-1/2C_battery-3,103.96145610278371,90.82219
Batch-1/2C_battery-3,103.8543897216274,91.013214
Batch-1/2C_battery-3,103.80085653104925,90.98611
Batch-1/2C_battery-3,103.69379014989293,90.97181
Batch-1/2C_battery-3,103.69379014989293,91.00074
Batch-1/2C_battery-3,103.64025695931475,91.00074
Batch-1/2C_battery-3,103.5867237687366,91.0188
Batch-1/2C_battery-3,103.53319057815844,90.9725
Batch-1/2C_battery-3,103.53319057815844,90.9725
Batch-1/2C_battery-3,103.47965738758029,90.9725
Batch-1/2C_battery-3,103.53319057815844,90.9725
Batch-1/2C_battery-3,103.53319057815844,91.00882
Batch-1/2C_battery-3,103.47965738758029,90.96256
Batch-1/2C_battery-3,103.47965738758029,90.97153
Batch-1/2C_battery-3,103.37259100642397,90.9725
Batch-1/2C_battery-3,103.31905781584581,90.96843
Batch-1/2C_battery-3,103.26552462526766,90.96843
Batch-1/2C_battery-3,103.26552462526766,90.96843
Batch-1/2C_battery-3,103.21199143468948,90.96843
Batch-1/2C_battery-3,103.15845824411134,90.96843
Batch-1/2C_battery-3,103.15845824411134,90.96843
Batch-1/2C_battery-3,103.1049250535332,90.9379
Batch-1/2C_battery-3,103.05139186295503,91.07738
Batch-1/2C_battery-3,103.05139186295503,91.07738
Batch-1/2C_battery-3,102.99785867237688,91.07738
Batch-1/2C_battery-3,102.9443254817987,90.9379
Batch-1/2C_battery-3,102.9443254817987,91.07738
Batch-1/2C_battery-3,102.89079229122055,91.07738
Batch-1/2C_battery-3,102.89079229122055,91.07738
Batch-1/2C_battery-3,102.83725910064238,91.07738
Batch-1/2C_battery-3,102.78372591006423,91.04886
Batch-1/2C_battery-3,102.78372591006423,91.03544
Batch-1/2C_battery-3,102.73019271948607,91.03544
Batch-1/2C_battery-3,102.67665952890792,91.03544
Batch-1/2C_battery-3,102.67665952890792,91.03544
Batch-1/2C_battery-3,102.67665952890792,91.03544
Batch-1/2C_battery-3,102.62312633832975,91.03544
Batch-1/2C_battery-3,102.5695931477516,91.03544
Batch-1/2C_battery-3,102.5695931477516,91.03544
Batch-1/2C_battery-3,102.51605995717344,91.03544
Batch-1/2C_battery-3,102.51605995717344,91.03544
Batch-1/2C_battery-3,102.46252676659529,91.0286
Batch-1/2C_battery-3,102.46252676659529,91.0286
Batch-1/2C_battery-3,102.40899357601714,90.98883
Batch-1/2C_battery-3,102.30192719486082,90.69703
Batch-1/2C_battery-3,102.24839400428264,90.369385
Batch-1/2C_battery-3,102.19486081370451,90.322044
Batch-1/2C_battery-3,102.14132762312633,89.968834
Batch-1/2C_battery-3,102.14132762312633,89.968834
Batch-1/2C_battery-3,102.03426124197001,89.67781
Batch-1/2C_battery-3,101.98072805139186,89.701324
Batch-1/2C_battery-3,101.9271948608137,89.701324
Batch-1/2C_battery-3,101.9271948608137,89.70087
Batch-1/2C_battery-3,101.87366167023555,89.70087
Batch-1/2C_battery-3,101.82012847965738,89.70542
Batch-1/2C_battery-3,101.71306209850106,89.67504
Batch-1/2C_battery-3,101.71306209850106,89.67504
Batch-1/2C_battery-3,101.65952890792292,89.634254
Batch-1/2C_battery-3,101.55246252676659,89.634254
Batch-1/2C_battery-3,101.49892933618843,89.66241
Batch-1/2C_battery-3,101.44539614561027,89.66157
Batch-1/2C_battery-3,101.39186295503211,89.30492
Batch-1/2C_battery-3,101.2847965738758,89.305756
Batch-1/2C_battery-3,101.2847965738758,89.30492
Batch-1/2C_battery-3,101.17773019271948,89.30492
Batch-1/2C_battery-3,101.07066381156315,89.30492
Batch-1/2C_battery-3,100.96359743040684,89.201126
Batch-1/2C_battery-3,100.91006423982869,89.203445
Batch-1/2C_battery-3,100.80299785867237,89.170586
Batch-1/2C_battery-3,100.7494646680942,89.172905
Batch-1/2C_battery-3,100.64239828693789,89.172905
Batch-1/2C_battery-3,100.53533190578156,89.124725
Batch-1/2C_battery-3,100.48179871520342,89.124725
Batch-1/2C_battery-3,100.3747323340471,89.11953
Batch-1/2C_battery-3,100.32119914346896,89.27904
Batch-1/2C_battery-3,100.21413276231263,89.27904
Batch-1/2C_battery-3,100.10706638115632,89.27858
Batch-1/2C_battery-3,100.0,89.27858
Batch-1/2C_battery-3,99.94646680942184,89.27858
Batch-1/2C_battery-3,99.83940042826552,89.30083
Batch-1/2C_battery-3,99.78586723768737,89.20778
Batch-1/2C_battery-3,99.67880085653104,89.211
Batch-1/2C_battery-3,99.62526766595289,89.218735
Batch-1/2C_battery-3,99.57173447537473,89.23302
Batch-1/2C_battery-3,99.51820128479658,89.164795
Batch-1/2C_battery-3,99.41113490364025,89.164795
Batch-1/2C_battery-3,99.3576017130621,89.15852
Batch-1/2C_battery-3,99.3576017130621,89.164795
Batch-1/2C_battery-3,99.25053533190578,89.15588
Batch-1/2C_battery-3,99.19700214132762,89.113464
Batch-1/2C_battery-3,99.19700214132762,89.11084
Batch-1/2C_battery-3,99.0899357601713,89.14386
Batch-1/2C_battery-3,98.98286937901499,89.14386
Batch-1/2C_battery-3,98.92933618843684,89.09677
Batch-1/2C_battery-3,98.82226980728052,89.10126
Batch-1/2C_battery-3,98.76873661670234,89.11241
Batch-1/2C_battery-3,98.7152034261242,89.03015
Batch-1/2C_battery-3,98.66167023554603,89.03015
Batch-1/2C_battery-3,98.55460385438971,89.04132
Batch-1/2C_battery-3,98.50107066381156,89.03015
Batch-1/2C_battery-3,98.55460385438971,89.03015
Batch-1/2C_battery-3,98.4475374732334,89.04132
Batch-1/2C_battery-3,98.39400428265525,89.03015
Batch-1/2C_battery-3,98.28693790149893,89.04132
Batch-1/2C_battery-3,98.17987152034262,88.981476
Batch-1/2C_battery-3,98.12633832976445,89.04796
Batch-1/2C_battery-3,98.07280513918629,89.04225
Batch-1/2C_battery-3,97.96573875802997,89.06401
Batch-1/2C_battery-3,97.91220556745182,89.07692
Batch-1/2C_battery-3,97.91220556745182,89.07692
Batch-1/2C_battery-3,97.80513918629549,89.090836
Batch-1/2C_battery-3,97.75160599571734,89.1416
Batch-1/2C_battery-3,97.75160599571734,89.1416
Batch-1/2C_battery-3,97.80513918629549,89.1277
Batch-1/2C_battery-3,97.69807280513918,89.083496
Batch-1/2C_battery-3,97.5374732334047,89.20123
Batch-1/2C_battery-3,97.4304068522484,89.20204
Batch-1/2C_battery-3,97.37687366167023,89.20204
Batch-1/2C_battery-3,97.2698072805139,89.20204
Batch-1/2C_battery-3,97.16274089935759,89.27875
Batch-1/2C_battery-3,97.10920770877945,89.264435
Batch-1/2C_battery-3,97.2698072805139,89.11693
Batch-1/2C_battery-3,97.21627408993577,89.23872
Batch-1/2C_battery-3,97.10920770877945,89.231155
Batch-1/2C_battery-3,97.05567451820127,89.284805
Batch-1/2C_battery-3,97.00214132762312,89.21077
Batch-1/2C_battery-3,96.78800856531049,88.9769
Batch-1/2C_battery-3,96.68094218415418,89.05461
Batch-1/2C_battery-3,96.57387580299786,89.27524
Batch-1/2C_battery-3,96.41327623126338,89.25517
Batch-1/2C_battery-3,96.30620985010707,89.32016
Batch-1/2C_battery-3,96.19914346895074,89.63508
Batch-1/2C_battery-3,96.14561027837259,89.61572
Batch-1/2C_battery-3,96.41327623126338,89.27524
Batch-1/2C_battery-3,96.30620985010707,89.40584
Batch-1/2C_battery-3,96.14561027837259,89.59412
Batch-1/2C_battery-3,96.03854389721627,89.71947
Batch-1/2C_battery-3,95.93147751605994,89.68715
Batch-1/2C_battery-3,96.03854389721627,89.59412
Batch-1/2C_battery-3,95.87794432548179,89.809006
Batch-1/2C_battery-3,95.61027837259101,89.39748
Batch-1/2C_battery-3,95.44967880085652,89.44986
Batch-1/2C_battery-3,95.28907922912205,89.05886
Batch-1/2C_battery-3,95.12847965738757,89.009964
Batch-1/2C_battery-3,94.9678800856531,89.04068
Batch-1/2C_battery-3,95.07494646680942,88.81746
Batch-1/2C_battery-3,95.18201284796574,89.02134
Batch-1/2C_battery-3,95.07494646680942,88.625946
Batch-1/2C_battery-3,94.86081370449678,88.4238
Batch-1/2C_battery-3,94.80728051391863,88.15633
Batch-1/2C_battery-3,94.64668094218415,88.15633
Batch-1/2C_battery-3,94.53961456102783,88.17926
Batch-1/2C_battery-3,94.37901498929335,88.35303
Batch-1/2C_battery-3,94.27194860813704,88.37237
Batch-1/2C_battery-3,94.16488222698072,88.31414
Batch-1/2C_battery-3,94.00428265524626,88.31414
Batch-1/2C_battery-3,93.89721627408993,88.31414
Batch-1/2C_battery-3,93.79014989293361,88.28661
Batch-1/2C_battery-3,93.79014989293361,88.78271
Batch-1/2C_battery-3,93.62955032119913,88.85436
Batch-1/2C_battery-3,93.52248394004282,88.93931
Batch-1/2C_battery-3,93.3083511777302,89.08602
Batch-1/2C_battery-3,93.14775160599571,88.87853
Batch-1/2C_battery-3,92.98715203426124,88.96113
Batch-1/2C_battery-3,92.88008565310493,88.98777
Batch-1/2C_battery-3,92.71948608137043,88.897804
Batch-1/2C_battery-3,92.61241970021412,88.8677
Batch-1/2C_battery-3,92.3982869379015,88.65826
Batch-1/2C_battery-3,92.34475374732334,88.79528
Batch-1/2C_battery-3,92.18415417558886,88.66996
Batch-1/2C_battery-3,92.13062098501071,88.79528
Batch-1/2C_battery-3,91.97002141327623,88.70983
Batch-1/2C_battery-3,91.80942184154175,88.25306
Batch-1/2C_battery-3,91.70235546038545,88.30251
Batch-1/2C_battery-3,91.59528907922912,88.51556
Batch-1/2C_battery-3,91.59528907922912,88.26023
Batch-1/2C_battery-3,91.4882226980728,88.51147
Batch-1/2C_battery-3,91.43468950749464,89.05746
Batch-1/2C_battery-3,91.16702355460386,89.05746
Batch-1/2C_battery-3,91.00642398286936,89.05389
Batch-1/2C_battery-3,90.89935760171306,89.18514
Batch-1/2C_battery-3,90.79229122055675,89.18514
Batch-1/2C_battery-3,90.63169164882227,89.60853
Batch-1/2C_battery-3,90.5781584582441,89.60853
Batch-1/2C_battery-3,90.52462526766595,89.60853
Batch-1/2C_battery-3,90.47109207708779,89.86826
Batch-1/2C_battery-3,90.41755888650962,90.378334
Batch-1/2C_battery-3,90.25695931477516,89.86184
Batch-1/2C_battery-3,90.25695931477516,90.378334
Batch-1/2C_battery-3,90.203426124197,90.378334
Batch-1/2C_battery-3,89.9357601713062,90.436104
Batch-1/2C_battery-3,89.82869379014988,90.56777
Batch-1/2C_battery-3,89.66809421841542,90.5171
Batch-1/2C_battery-3,89.5610278372591,90.5171
Batch-1/2C_battery-3,89.40042826552461,90.48055
Batch-1/2C_battery-3,89.34689507494646,90.52897
Batch-1/2C_battery-3,89.2933618843683,90.40951
Batch-1/2C_battery-3,89.13276231263383,90.42257
Batch-1/2C_battery-3,89.07922912205566,90.42257
Batch-1/2C_battery-3,88.97216274089935,90.22231
Batch-1/2C_battery-3,88.86509635974303,90.33874
Batch-1/2C_battery-3,88.81156316916487,90.12403
Batch-1/2C_battery-3,88.75802997858672,90.12403
Batch-1/2C_battery-3,88.6509635974304,90.14539
Batch-1/2C_battery-3,88.59743040685224,89.996925
Batch-1/2C_battery-3,88.49036402569592,89.89199
Batch-1/2C_battery-3,88.38329764453961,89.89199
Batch-1/2C_battery-3,88.2762312633833,89.65353
Batch-1/2C_battery-3,88.32976445396145,89.89199
Batch-1/2C_battery-3,88.49036402569592,89.87063
Batch-1/2C_battery-3,88.32976445396145,89.87767
Batch-1/2C_battery-3,88.22269807280513,89.87767
Batch-1/2C_battery-3,88.06209850107066,89.74153
Batch-1/2C_battery-3,87.95503211991435,89.73282
Batch-1/2C_battery-3,87.84796573875802,89.75293
Batch-1/2C_battery-3,87.7408993576017,89.3958
Batch-1/2C_battery-3,87.63383297644539,89.3958
Batch-1/2C_battery-3,87.52676659528908,88.76691
Batch-1/2C_battery-3,87.41970021413276,88.76691
Batch-1/2C_battery-3,87.31263383297645,88.76691
Batch-1/2C_battery-3,87.20556745182012,83.039276
Batch-1/2C_battery-3,87.41970021413276,88.68092
Batch-1/2C_battery-3,87.3661670235546,88.91635
Batch-1/2C_battery-3,87.20556745182012,88.99827
Batch-1/2C_battery-3,87.15203426124197,88.99827
Batch-1/2C_battery-3,87.0985010706638,88.99827
Batch-1/2C_battery-3,86.99143468950749,88.764404
Batch-1/2C_battery-3,86.83083511777302,88.764404
Batch-1/2C_battery-3,86.67023554603854,82.81791
Batch-1/2C_battery-3,86.50963597430406,82.82481
Batch-1/2C_battery-3,86.40256959314775,82.81954
Batch-1/2C_battery-3,86.29550321199143,82.780815
Batch-1/2C_battery-3,86.13490364025695,82.780815
Batch-1/2C_battery-3,86.0813704496788,82.664665
Batch-1/2C_battery-3,86.0813704496788,82.664665
Batch-1/2C_battery-3,86.13490364025695,82.748985
Batch-1/2C_battery-3,84.63597430406851,83.5659
Batch-1/2C_battery-4,106.64523043944266,99.8765
Batch-1/2C_battery-4,99.57127545551982,98.22088
Batch-1/2C_battery-4,100.0,98.772484
Batch-1/2C_battery-4,100.32154340836013,98.04327
Batch-1/2C_battery-4,100.58949624866023,98.52565
Batch-1/2C_battery-4,100.85744908896032,98.58894
Batch-1/2C_battery-4,101.12540192926045,97.82726
Batch-1/2C_battery-4,101.33976420150053,97.92144
Batch-1/2C_battery-4,101.55412647374062,97.980736
Batch-1/2C_battery-4,101.44694533762058,97.39433
Batch-1/2C_battery-4,101.66130760986066,97.72161
Batch-1/2C_battery-4,102.0364415862808,97.60864
Batch-1/2C_battery-4,102.2508038585209,97.41344
Batch-1/2C_battery-4,102.41157556270095,97.42464
Batch-1/2C_battery-4,102.57234726688102,97.39337
Batch-1/2C_battery-4,102.7331189710611,97.39337
Batch-1/2C_battery-4,102.84030010718112,97.39337
Batch-1/2C_battery-4,103.0010718113612,97.24364
Batch-1/2C_battery-4,103.10825294748123,97.24364
Batch-1/2C_battery-4,103.2690246516613,97.24364
Batch-1/2C_battery-4,103.42979635584135,97.24364
Batch-1/2C_battery-4,103.53697749196141,97.22947
Batch-1/2C_battery-4,103.64415862808146,97.23354
Batch-1/2C_battery-4,103.7513397642015,96.96453
Batch-1/2C_battery-4,103.85852090032152,97.03025
Batch-1/2C_battery-4,103.91211146838155,97.01111
Batch-1/2C_battery-4,104.0192926045016,97.01013
Batch-1/2C_battery-4,104.07288317256163,97.41706
Batch-1/2C_battery-4,104.12647374062165,97.415
Batch-1/2C_battery-4,104.18006430868168,97.423965
Batch-1/2C_battery-4,104.2336548767417,97.423965
Batch-1/2C_battery-4,104.34083601286173,97.46048
Batch-1/2C_battery-4,104.39442658092175,97.45663
Batch-1/2C_battery-4,104.44801714898178,97.20161
Batch-1/2C_battery-4,104.44801714898178,97.20161
Batch-1/2C_battery-4,104.55519828510182,97.21057
Batch-1/2C_battery-4,104.60878885316183,96.76878
Batch-1/2C_battery-4,104.60878885316183,96.71808
Batch-1/2C_battery-4,104.66237942122187,96.79372
Batch-1/2C_battery-4,104.66237942122187,96.74423
Batch-1/2C_battery-4,104.71596998928187,96.74423
Batch-1/2C_battery-4,104.7695605573419,96.66861
Batch-1/2C_battery-4,104.7695605573419,96.21216
Batch-1/2C_battery-4,104.66237942122187,96.18869
Batch-1/2C_battery-4,104.71596998928187,96.2221
Batch-1/2C_battery-4,104.7695605573419,96.22114
Batch-1/2C_battery-4,104.7695605573419,96.22114
Batch-1/2C_battery-4,105.14469453376205,96.18869
Batch-1/2C_battery-4,104.983922829582,96.1089
Batch-1/2C_battery-4,104.87674169346195,96.10321
Batch-1/2C_battery-4,104.87674169346195,96.12668
Batch-1/2C_battery-4,104.82315112540192,95.60798
Batch-1/2C_battery-4,104.82315112540192,95.60798
Batch-1/2C_battery-4,104.82315112540192,95.608955
Batch-1/2C_battery-4,104.82315112540192,95.568214
Batch-1/2C_battery-4,104.93033226152197,95.07496
Batch-1/2C_battery-4,104.983922829582,95.06909
Batch-1/2C_battery-4,104.93033226152197,95.07903
Batch-1/2C_battery-4,105.037513397642,94.013695
Batch-1/2C_battery-4,105.09110396570203,93.905624
Batch-1/2C_battery-4,105.037513397642,93.905624
Batch-1/2C_battery-4,104.983922829582,93.491974
Batch-1/2C_battery-4,104.93033226152197,93.50094
Batch-1/2C_battery-4,104.93033226152197,93.501915
Batch-1/2C_battery-4,104.87674169346195,93.1881
Batch-1/2C_battery-4,104.87674169346195,93.21076
Batch-1/2C_battery-4,104.82315112540192,93.17672
Batch-1/2C_battery-4,104.82315112540192,93.13882
Batch-1/2C_battery-4,105.037513397642,93.146126
Batch-1/2C_battery-4,105.14469453376205,93.04117
Batch-1/2C_battery-4,105.09110396570203,92.873215
Batch-1/2C_battery-4,105.09110396570203,93.00636
Batch-1/2C_battery-4,105.037513397642,92.982895
Batch-1/2C_battery-4,105.037513397642,92.97963
Batch-1/2C_battery-4,104.983922829582,92.95455
Batch-1/2C_battery-4,104.983922829582,92.988594
Batch-1/2C_battery-4,104.983922829582,92.988594
Batch-1/2C_battery-4,104.93033226152197,93.00347
Batch-1/2C_battery-4,104.93033226152197,92.96363
Batch-1/2C_battery-4,104.87674169346195,92.95956
Batch-1/2C_battery-4,104.93033226152197,92.98629
Batch-1/2C_battery-4,104.93033226152197,92.962654
Batch-1/2C_battery-4,105.35905680600213,92.90726
Batch-1/2C_battery-4,105.19828510182208,92.9025
Batch-1/2C_battery-4,104.983922829582,92.85458
Batch-1/2C_battery-4,104.93033226152197,92.945465
Batch-1/2C_battery-4,104.82315112540192,92.91746
Batch-1/2C_battery-4,104.7695605573419,92.91378
Batch-1/2C_battery-4,104.7695605573419,92.91839
Batch-1/2C_battery-4,104.71596998928187,92.91378
Batch-1/2C_battery-4,104.71596998928187,92.91839
Batch-1/2C_battery-4,104.71596998928187,92.91839
Batch-1/2C_battery-4,104.66237942122187,92.83926
Batch-1/2C_battery-4,104.71596998928187,92.843864
Batch-1/2C_battery-4,104.66237942122187,92.843864
Batch-1/2C_battery-4,104.71596998928187,92.358116
Batch-1/2C_battery-4,104.71596998928187,92.358116
Batch-1/2C_battery-4,104.66237942122187,92.358116
Batch-1/2C_battery-4,104.66237942122187,91.73923
Batch-1/2C_battery-4,104.55519828510182,91.74094
Batch-1/2C_battery-4,104.5016077170418,91.86505
Batch-1/2C_battery-4,104.44801714898178,91.130325
Batch-1/2C_battery-4,104.39442658092175,91.15126
Batch-1/2C_battery-4,104.39442658092175,91.14894
Batch-1/2C_battery-4,104.55519828510182,91.162445
Batch-1/2C_battery-4,104.66237942122187,90.98436
Batch-1/2C_battery-4,104.66237942122187,90.95963
Batch-1/2C_battery-4,104.60878885316183,90.98607
Batch-1/2C_battery-4,104.60878885316183,90.98607
Batch-1/2C_battery-4,104.55519828510182,90.972565
Batch-1/2C_battery-4,104.5016077170418,90.96796
Batch-1/2C_battery-4,104.5016077170418,90.9749
Batch-1/2C_battery-4,104.5016077170418,91.1102
Batch-1/2C_battery-4,104.44801714898178,91.1102
Batch-1/2C_battery-4,104.39442658092175,91.11252
Batch-1/2C_battery-4,104.39442658092175,91.152466
Batch-1/2C_battery-4,104.44801714898178,91.130325
Batch-1/2C_battery-4,104.60878885316183,90.98607
Batch-1/2C_battery-4,104.60878885316183,90.97664
Batch-1/2C_battery-4,104.55519828510182,90.97664
Batch-1/2C_battery-4,104.60878885316183,90.97664
Batch-1/2C_battery-4,104.55519828510182,90.97664
Batch-1/2C_battery-4,104.5016077170418,90.972565
Batch-1/2C_battery-4,104.5016077170418,90.972565
Batch-1/2C_battery-4,104.44801714898178,90.96796
Batch-1/2C_battery-4,104.44801714898178,90.994705
Batch-1/2C_battery-4,104.39442658092175,90.994705
Batch-1/2C_battery-4,104.39442658092175,90.994705
Batch-1/2C_battery-4,104.34083601286173,90.96038
Batch-1/2C_battery-4,104.44801714898178,90.994705
Batch-1/2C_battery-4,104.39442658092175,90.994705
Batch-1/2C_battery-4,104.44801714898178,90.994705
Batch-1/2C_battery-4,104.44801714898178,90.99878
Batch-1/2C_battery-4,104.39442658092175,90.95985
Batch-1/2C_battery-4,104.39442658092175,90.96038
Batch-1/2C_battery-4,104.34083601286173,90.96038
Batch-1/2C_battery-4,104.2872454448017,90.9627
Batch-1/2C_battery-4,104.2336548767417,90.94151
Batch-1/2C_battery-4,104.18006430868168,90.929535
Batch-1/2C_battery-4,104.12647374062165,90.929535
Batch-1/2C_battery-4,104.18006430868168,91.05458
Batch-1/2C_battery-4,104.39442658092175,90.95577
Batch-1/2C_battery-4,104.39442658092175,90.98423
Batch-1/2C_battery-4,104.34083601286173,90.95451
Batch-1/2C_battery-4,104.2872454448017,90.94
Batch-1/2C_battery-4,104.2336548767417,90.94098
Batch-1/2C_battery-4,104.2336548767417,90.94098
Batch-1/2C_battery-4,104.18006430868168,90.90345
Batch-1/2C_battery-4,104.18006430868168,90.903984
Batch-1/2C_battery-4,104.12647374062165,90.90749
Batch-1/2C_battery-4,104.07288317256163,90.90643
Batch-1/2C_battery-4,104.0192926045016,90.90643
Batch-1/2C_battery-4,104.0192926045016,90.90643
Batch-1/2C_battery-4,104.18006430868168,90.91369
Batch-1/2C_battery-4,104.5016077170418,90.93321
Batch-1/2C_battery-4,104.55519828510182,90.86699
Batch-1/2C_battery-4,104.44801714898178,90.87822
Batch-1/2C_battery-4,104.39442658092175,90.83016
Batch-1/2C_battery-4,104.2872454448017,90.82192
Batch-1/2C_battery-4,104.2872454448017,90.803055
Batch-1/2C_battery-4,104.2336548767417,90.803055
Batch-1/2C_battery-4,104.18006430868168,90.803055
Batch-1/2C_battery-4,104.18006430868168,90.86438
Batch-1/2C_battery-4,104.12647374062165,90.88785
Batch-1/2C_battery-4,104.12647374062165,90.88785
Batch-1/2C_battery-4,104.12647374062165,90.88785
Batch-1/2C_battery-4,104.12647374062165,90.78874
Batch-1/2C_battery-4,104.12647374062165,90.78874
Batch-1/2C_battery-4,104.12647374062165,90.78874
Batch-1/2C_battery-4,104.0192926045016,90.7958
Batch-1/2C_battery-4,103.96570203644157,90.89926
Batch-1/2C_battery-4,103.96570203644157,90.90387
Batch-1/2C_battery-4,103.91211146838155,91.006546
Batch-1/2C_battery-4,103.91211146838155,91.006546
Batch-1/2C_battery-4,103.85852090032152,91.006546
Batch-1/2C_battery-4,103.80493033226152,91.006546
Batch-1/2C_battery-4,103.80493033226152,91.006546
Batch-1/2C_battery-4,103.80493033226152,91.00247
Batch-1/2C_battery-4,103.7513397642015,91.00247
Batch-1/2C_battery-4,103.69774919614147,91.00708
Batch-1/2C_battery-4,103.69774919614147,91.00708
Batch-1/2C_battery-4,103.69774919614147,90.942505
Batch-1/2C_battery-4,103.64415862808146,90.9379
Batch-1/2C_battery-4,103.64415862808146,90.942505
Batch-1/2C_battery-4,103.59056806002143,90.942505
Batch-1/2C_battery-4,103.53697749196141,90.942505
Batch-1/2C_battery-4,103.53697749196141,90.9379
Batch-1/2C_battery-4,103.4833869239014,90.9379
Batch-1/2C_battery-4,103.4833869239014,91.081985
Batch-1/2C_battery-4,103.42979635584135,91.081985
Batch-1/2C_battery-4,103.42979635584135,91.081985
Batch-1/2C_battery-4,103.42979635584135,91.05347
Batch-1/2C_battery-4,103.37620578778134,91.05347
Batch-1/2C_battery-4,103.37620578778134,91.05347
Batch-1/2C_battery-4,103.37620578778134,91.00878
Batch-1/2C_battery-4,103.32261521972133,91.00878
Batch-1/2C_battery-4,103.32261521972133,91.00878
Batch-1/2C_battery-4,103.2690246516613,91.0111
Batch-1/2C_battery-4,103.21543408360128,91.042366
Batch-1/2C_battery-4,103.16184351554125,91.042366
Batch-1/2C_battery-4,103.10825294748123,91.035545
Batch-1/2C_battery-4,103.05466237942123,90.935814
Batch-1/2C_battery-4,103.05466237942123,90.97385
Batch-1/2C_battery-4,103.0010718113612,90.70164
Batch-1/2C_battery-4,102.94748124330117,90.37631
Batch-1/2C_battery-4,102.89389067524115,90.32899
Batch-1/2C_battery-4,102.84030010718112,90.30935
Batch-1/2C_battery-4,102.84030010718112,89.67929
Batch-1/2C_battery-4,102.7867095391211,89.970314
Batch-1/2C_battery-4,102.7331189710611,89.67929
Batch-1/2C_battery-4,102.67952840300106,89.70262
Batch-1/2C_battery-4,102.62593783494106,89.69426
Batch-1/2C_battery-4,102.57234726688102,89.69426
Batch-1/2C_battery-4,102.518756698821,89.67652
Batch-1/2C_battery-4,102.46516613076098,89.67652
Batch-1/2C_battery-4,102.41157556270095,89.67652
Batch-1/2C_battery-4,102.35798499464093,89.635735
Batch-1/2C_battery-4,102.30439442658093,89.66389
Batch-1/2C_battery-4,102.2508038585209,89.66389
Batch-1/2C_battery-4,102.14362272240085,89.307236
Batch-1/2C_battery-4,102.09003215434083,89.307236
Batch-1/2C_battery-4,101.9828510182208,89.307236
Batch-1/2C_battery-4,101.92926045016075,89.307236
Batch-1/2C_battery-4,101.82207931404072,89.203445
Batch-1/2C_battery-4,101.7684887459807,89.172905
Batch-1/2C_battery-4,101.66130760986066,89.172905
Batch-1/2C_battery-4,101.55412647374062,89.172905
Batch-1/2C_battery-4,101.50053590568061,89.135895
Batch-1/2C_battery-4,101.44694533762058,89.135895
Batch-1/2C_battery-4,101.33976420150053,89.135895
Batch-1/2C_battery-4,101.23258306538048,89.135895
Batch-1/2C_battery-4,101.12540192926045,89.149704
Batch-1/2C_battery-4,101.07181136120043,89.149704
Batch-1/2C_battery-4,100.96463022508037,89.149704
Batch-1/2C_battery-4,100.91103965702035,89.149704
Batch-1/2C_battery-4,100.85744908896032,89.149704
Batch-1/2C_battery-4,100.80385852090032,89.149704
Batch-1/2C_battery-4,100.69667738478027,89.149704
Batch-1/2C_battery-4,100.64308681672026,89.10399
Batch-1/2C_battery-4,100.58949624866023,89.10399
Batch-1/2C_battery-4,100.48231511254018,89.10556
Batch-1/2C_battery-4,100.48231511254018,89.10556
Batch-1/2C_battery-4,100.42872454448018,89.11665
Batch-1/2C_battery-4,100.37513397642014,89.11665
Batch-1/2C_battery-4,100.37513397642014,89.11665
Batch-1/2C_battery-4,100.32154340836013,89.11665
Batch-1/2C_battery-4,100.21436227224008,89.06634
Batch-1/2C_battery-4,100.10718113612005,89.22638
Batch-1/2C_battery-4,100.05359056806003,89.25885
Batch-1/2C_battery-4,100.0,89.25839
Batch-1/2C_battery-4,99.94640943193997,89.25839
Batch-1/2C_battery-4,99.83922829581992,89.25503
Batch-1/2C_battery-4,99.78563772775992,89.25503
Batch-1/2C_battery-4,99.73204715969989,89.277275
Batch-1/2C_battery-4,99.78563772775992,89.25839
Batch-1/2C_battery-4,99.73204715969989,89.22996
Batch-1/2C_battery-4,99.67845659163987,89.22996
Batch-1/2C_battery-4,99.57127545551982,89.22996
Batch-1/2C_battery-4,99.46409431939979,89.22996
Batch-1/2C_battery-4,99.41050375133976,89.24253
Batch-1/2C_battery-4,99.35691318327974,89.24253
Batch-1/2C_battery-4,99.30332261521971,89.17431
Batch-1/2C_battery-4,99.2497320471597,89.17431
Batch-1/2C_battery-4,99.30332261521971,89.17431
Batch-1/2C_battery-4,99.19614147909968,89.17431
Batch-1/2C_battery-4,99.14255091103965,89.234505
Batch-1/2C_battery-4,99.14255091103965,89.16802
Batch-1/2C_battery-4,99.14255091103965,89.16802
Batch-1/2C_battery-4,99.08896034297963,89.234505
Batch-1/2C_battery-4,98.92818863879957,89.23188
Batch-1/2C_battery-4,98.82100750267952,89.24578
Batch-1/2C_battery-4,98.7674169346195,89.24578
Batch-1/2C_battery-4,98.71382636655949,89.18496
Batch-1/2C_battery-4,98.60664523043944,89.28831
Batch-1/2C_battery-4,98.60664523043944,89.24122
Batch-1/2C_battery-4,98.71382636655949,89.17422
Batch-1/2C_battery-4,98.66023579849946,89.18496
Batch-1/2C_battery-4,98.60664523043944,89.11834
Batch-1/2C_battery-4,98.60664523043944,89.18606
Batch-1/2C_battery-4,98.49946409431939,89.11495
Batch-1/2C_battery-4,98.33869239013933,89.13848
Batch-1/2C_battery-4,98.23151125401928,89.18456
Batch-1/2C_battery-4,98.12433011789923,89.073235
Batch-1/2C_battery-4,97.96355841371918,89.08483
Batch-1/2C_battery-4,97.85637727759914,89.08483
Batch-1/2C_battery-4,97.80278670953912,89.02499
Batch-1/2C_battery-4,97.80278670953912,89.02499
Batch-1/2C_battery-4,98.0171489817792,89.18456
Batch-1/2C_battery-4,97.96355841371918,89.01339
Batch-1/2C_battery-4,97.80278670953912,89.02499
Batch-1/2C_battery-4,97.7491961414791,89.04102
Batch-1/2C_battery-4,97.69560557341907,89.02499
Batch-1/2C_battery-4,97.80278670953912,89.01339
Batch-1/2C_battery-4,97.58842443729903,89.05395
Batch-1/2C_battery-4,97.37406216505894,89.075226
Batch-1/2C_battery-4,97.21329046087888,89.1604
Batch-1/2C_battery-4,97.10610932475883,89.27814
Batch-1/2C_battery-4,96.94533762057877,89.0589
Batch-1/2C_battery-4,96.83815648445872,89.18407
Batch-1/2C_battery-4,97.05251875669882,89.27814
Batch-1/2C_battery-4,97.15969989281885,89.21376
Batch-1/2C_battery-4,96.9989281886388,89.0589
Batch-1/2C_battery-4,96.83815648445872,89.160324
Batch-1/2C_battery-4,96.73097534833869,89.11003
Batch-1/2C_battery-4,96.57020364415862,89.21206
Batch-1/2C_battery-4,96.57020364415862,89.02489
Batch-1/2C_battery-4,96.40943193997855,89.161766
Batch-1/2C_battery-4,96.35584137191854,89.28922
Batch-1/2C_battery-4,96.2486602357985,89.3133
Batch-1/2C_battery-4,96.14147909967845,89.3133
Batch-1/2C_battery-4,96.03429796355842,89.52787
Batch-1/2C_battery-4,95.98070739549838,89.50626
Batch-1/2C_battery-4,95.87352625937834,89.50626
Batch-1/2C_battery-4,95.71275455519827,89.94279
Batch-1/2C_battery-4,95.55198285101821,89.735085
Batch-1/2C_battery-4,95.39121114683815,89.754425
Batch-1/2C_battery-4,95.17684887459806,89.9933
Batch-1/2C_battery-4,95.06966773847803,89.35895
Batch-1/2C_battery-4,94.90889603429795,89.06002
Batch-1/2C_battery-4,94.7481243301179,89.029305
Batch-1/2C_battery-4,94.58735262593783,89.029305
Batch-1/2C_battery-4,94.48017148981778,88.30447
Batch-1/2C_battery-4,94.31939978563773,88.17567
Batch-1/2C_battery-4,94.2658092175777,88.30447
Batch-1/2C_battery-4,94.05144694533762,88.39251
Batch-1/2C_battery-4,93.89067524115755,88.39251
Batch-1/2C_battery-4,93.72990353697749,88.322945
Batch-1/2C_battery-4,93.56913183279742,88.322945
Batch-1/2C_battery-4,93.46195069667738,88.313896
Batch-1/2C_battery-4,93.40836012861736,88.771645
Batch-1/2C_battery-4,93.24758842443728,88.928246
Batch-1/2C_battery-4,92.97963558413718,89.02599
Batch-1/2C_battery-4,92.7652733118971,88.841835
Batch-1/2C_battery-4,92.60450160771704,88.82429
Batch-1/2C_battery-4,92.44372990353698,88.86515
Batch-1/2C_battery-4,92.39013933547695,88.86515
Batch-1/2C_battery-4,92.2829581993569,88.77172
Batch-1/2C_battery-4,92.17577706323686,88.76815
Batch-1/2C_battery-4,92.12218649517685,88.76815
Batch-1/2C_battery-4,92.06859592711683,88.76815
Batch-1/2C_battery-4,91.96141479099677,88.71264
Batch-1/2C_battery-4,91.85423365487674,88.773735
Batch-1/2C_battery-4,91.69346195069667,88.70396
Batch-1/2C_battery-4,91.42550911039656,88.25675
Batch-1/2C_battery-4,91.2647374062165,88.306206
Batch-1/2C_battery-4,91.15755627009646,88.57633
Batch-1/2C_battery-4,90.99678456591639,88.57633
Batch-1/2C_battery-4,90.88960342979635,89.04488
Batch-1/2C_battery-4,90.83601286173634,89.03504
Batch-1/2C_battery-4,90.72883172561629,89.03504
Batch-1/2C_battery-4,90.56806002143621,89.03504
Batch-1/2C_battery-4,90.46087888531618,89.1663
Batch-1/2C_battery-4,90.35369774919614,89.16224
Batch-1/2C_battery-4,90.24651661307608,89.59063
Batch-1/2C_battery-4,90.13933547695605,89.53643
Batch-1/2C_battery-4,90.032154340836,89.79618
Batch-1/2C_battery-4,89.92497320471597,90.19239
Batch-1/2C_battery-4,89.7642015005359,90.325386
Batch-1/2C_battery-4,89.65702036441586,90.325386
Batch-1/2C_battery-4,89.54983922829581,90.40649
Batch-1/2C_battery-4,89.49624866023579,90.538155
Batch-1/2C_battery-4,89.60342979635584,90.385124
Batch-1/2C_battery-4,89.54983922829581,90.385124
Batch-1/2C_battery-4,89.38906752411575,90.538155
Batch-1/2C_battery-4,89.22829581993568,90.229225
Batch-1/2C_battery-4,89.06752411575562,90.228035
Batch-1/2C_battery-4,88.90675241157557,90.231834
Batch-1/2C_battery-4,88.79957127545552,90.125435
Batch-1/2C_battery-4,88.69239013933547,90.125435
Batch-1/2C_battery-4,88.5316184351554,90.00211
Batch-1/2C_battery-4,88.42443729903536,90.00211
Batch-1/2C_battery-4,88.2636655948553,89.98766
Batch-1/2C_battery-4,88.21007502679528,89.98766
Batch-1/2C_battery-4,88.37084673097534,90.198845
Batch-1/2C_battery-4,88.31725616291531,89.75355
Batch-1/2C_battery-4,88.15648445873526,89.839195
Batch-1/2C_battery-4,88.10289389067523,89.839195
Batch-1/2C_battery-4,87.94212218649517,89.73426
Batch-1/2C_battery-4,87.88853161843515,89.71994
Batch-1/2C_battery-4,87.67416934619506,89.71994
Batch-1/2C_battery-4,87.45980707395498,83.88785
Batch-1/2C_battery-4,87.35262593783493,83.88258
Batch-1/2C_battery-4,87.24544480171488,83.51749
Batch-1/2C_battery-4,87.08467309753483,83.51749
Batch-1/2C_battery-4,86.97749196141478,83.04585
Batch-1/2C_battery-4,86.92390139335477,83.04585
Batch-1/2C_battery-4,87.03108252947482,83.51749
Batch-1/2C_battery-4,86.92390139335477,83.02573
Batch-1/2C_battery-4,87.03108252947482,83.02573
Batch-1/2C_battery-4,86.65594855305466,83.00638
Batch-1/2C_battery-4,86.54876741693461,83.00638
Batch-1/2C_battery-4,86.38799571275455,82.780815
Batch-1/2C_battery-4,86.22722400857448,82.780815
Batch-1/2C_battery-4,86.06645230439443,83.03729
Batch-1/2C_battery-4,85.95927116827438,82.78771
Batch-1/2C_battery-4,85.79849946409432,82.78771
Batch-1/2C_battery-5,105.87926509186352,99.8516
Batch-1/2C_battery-5,99.79002624671915,99.209915
Batch-1/2C_battery-5,100.0,99.54988
Batch-1/2C_battery-5,100.20997375328085,98.7018
Batch-1/2C_battery-5,100.4199475065617,98.781425
Batch-1/2C_battery-5,100.5774278215223,98.863884
Batch-1/2C_battery-5,100.73490813648294,97.90671
Batch-1/2C_battery-5,100.83989501312335,97.90527
Batch-1/2C_battery-5,100.99737532808399,97.95263
Batch-1/2C_battery-5,100.83989501312335,97.39102
Batch-1/2C_battery-5,101.0498687664042,97.73189
Batch-1/2C_battery-5,101.36482939632545,97.58852
Batch-1/2C_battery-5,101.46981627296587,97.42125
Batch-1/2C_battery-5,101.62729658792651,97.41344
Batch-1/2C_battery-5,101.67979002624672,97.41047
Batch-1/2C_battery-5,101.78477690288715,97.40995
Batch-1/2C_battery-5,101.88976377952757,97.39081
Batch-1/2C_battery-5,101.99475065616798,97.29418
Batch-1/2C_battery-5,102.0997375328084,97.29212
Batch-1/2C_battery-5,102.1522309711286,97.29212
Batch-1/2C_battery-5,102.25721784776903,97.29212
Batch-1/2C_battery-5,102.36220472440945,97.14239
Batch-1/2C_battery-5,102.41469816272965,97.20396
Batch-1/2C_battery-5,102.46719160104986,97.20396
Batch-1/2C_battery-5,102.51968503937007,96.98573
Batch-1/2C_battery-5,102.6246719160105,96.990326
Batch-1/2C_battery-5,102.6246719160105,96.990326
Batch-1/2C_battery-5,102.67716535433071,96.990326
Batch-1/2C_battery-5,102.72965879265092,96.990326
Batch-1/2C_battery-5,102.72965879265092,96.990326
Batch-1/2C_battery-5,102.72965879265092,96.990326
Batch-1/2C_battery-5,102.83464566929135,96.990326
Batch-1/2C_battery-5,102.83464566929135,96.938034
Batch-1/2C_battery-5,102.88713910761153,96.73094
Batch-1/2C_battery-5,102.88713910761153,96.73094
Batch-1/2C_battery-5,102.93963254593177,96.73094
Batch-1/2C_battery-5,102.99212598425196,96.51037
Batch-1/2C_battery-5,102.93963254593177,96.51037
Batch-1/2C_battery-5,102.99212598425196,96.51037
Batch-1/2C_battery-5,102.99212598425196,96.460884
Batch-1/2C_battery-5,103.04461942257217,96.460884
Batch-1/2C_battery-5,103.04461942257217,96.460884
Batch-1/2C_battery-5,102.99212598425196,95.86314
Batch-1/2C_battery-5,102.93963254593177,95.86314
Batch-1/2C_battery-5,102.99212598425196,95.86314
Batch-1/2C_battery-5,102.99212598425196,95.82908
Batch-1/2C_battery-5,103.2020997375328,95.86314
Batch-1/2C_battery-5,103.35958005249344,95.8338
Batch-1/2C_battery-5,103.14960629921259,95.83402
Batch-1/2C_battery-5,103.09711286089238,95.82995
Batch-1/2C_battery-5,103.04461942257217,95.78307
Batch-1/2C_battery-5,103.04461942257217,95.24229
Batch-1/2C_battery-5,103.04461942257217,95.21555
Batch-1/2C_battery-5,102.99212598425196,95.36529
Batch-1/2C_battery-5,102.99212598425196,95.34712
Batch-1/2C_battery-5,103.14960629921259,94.8621
Batch-1/2C_battery-5,103.04461942257217,94.712364
Batch-1/2C_battery-5,103.09711286089238,94.71969
Batch-1/2C_battery-5,103.2020997375328,93.92199
Batch-1/2C_battery-5,103.2020997375328,93.9293
Batch-1/2C_battery-5,103.14960629921259,93.925224
Batch-1/2C_battery-5,103.04461942257217,93.44926
Batch-1/2C_battery-5,102.99212598425196,93.59899
Batch-1/2C_battery-5,102.99212598425196,93.59939
Batch-1/2C_battery-5,102.99212598425196,93.31231
Batch-1/2C_battery-5,102.93963254593177,93.31231
Batch-1/2C_battery-5,102.93963254593177,93.14971
Batch-1/2C_battery-5,102.99212598425196,93.27441
Batch-1/2C_battery-5,103.2020997375328,93.15228
Batch-1/2C_battery-5,103.14960629921259,93.12835
Batch-1/2C_battery-5,103.09711286089238,92.96404
Batch-1/2C_battery-5,103.14960629921259,92.96404
Batch-1/2C_battery-5,103.09711286089238,92.96404
Batch-1/2C_battery-5,103.04461942257217,92.96404
Batch-1/2C_battery-5,103.04461942257217,92.78042
Batch-1/2C_battery-5,103.04461942257217,92.96404
Batch-1/2C_battery-5,102.99212598425196,92.96865
Batch-1/2C_battery-5,102.93963254593177,92.96865
Batch-1/2C_battery-5,102.88713910761153,93.09366
Batch-1/2C_battery-5,102.93963254593177,93.09366
Batch-1/2C_battery-5,102.93963254593177,93.09366
Batch-1/2C_battery-5,103.25459317585302,92.963646
Batch-1/2C_battery-5,103.30708661417323,92.92883
Batch-1/2C_battery-5,103.04461942257217,92.97175
Batch-1/2C_battery-5,102.93963254593177,92.97268
Batch-1/2C_battery-5,102.88713910761153,93.10659
Batch-1/2C_battery-5,102.78215223097114,93.10659
Batch-1/2C_battery-5,102.78215223097114,93.10659
Batch-1/2C_battery-5,102.78215223097114,93.137856
Batch-1/2C_battery-5,102.72965879265092,93.137856
Batch-1/2C_battery-5,102.67716535433071,93.12177
Batch-1/2C_battery-5,102.67716535433071,93.12177
Batch-1/2C_battery-5,102.67716535433071,93.12409
Batch-1/2C_battery-5,102.6246719160105,93.077194
Batch-1/2C_battery-5,102.67716535433071,93.12177
Batch-1/2C_battery-5,102.67716535433071,92.64529
Batch-1/2C_battery-5,102.6246719160105,92.629654
Batch-1/2C_battery-5,102.6246719160105,92.63197
Batch-1/2C_battery-5,102.57217847769029,92.0084
Batch-1/2C_battery-5,102.46719160104986,91.99642
Batch-1/2C_battery-5,102.41469816272965,92.007866
Batch-1/2C_battery-5,102.36220472440945,90.877754
Batch-1/2C_battery-5,102.30971128608924,90.822586
Batch-1/2C_battery-5,102.41469816272965,90.64422
Batch-1/2C_battery-5,102.6246719160105,91.25587
Batch-1/2C_battery-5,102.6246719160105,91.24347
Batch-1/2C_battery-5,102.57217847769029,91.2246
Batch-1/2C_battery-5,102.57217847769029,91.22227
Batch-1/2C_battery-5,102.51968503937007,91.21029
Batch-1/2C_battery-5,102.41469816272965,91.241554
Batch-1/2C_battery-5,102.41469816272965,91.20338
Batch-1/2C_battery-5,102.41469816272965,91.20104
Batch-1/2C_battery-5,102.36220472440945,91.20338
Batch-1/2C_battery-5,102.30971128608924,91.20338
Batch-1/2C_battery-5,102.30971128608924,91.20338
Batch-1/2C_battery-5,102.30971128608924,91.211174
Batch-1/2C_battery-5,102.46719160104986,91.239235
Batch-1/2C_battery-5,102.51968503937007,91.06849
Batch-1/2C_battery-5,102.46719160104986,91.0303
Batch-1/2C_battery-5,102.51968503937007,91.06849
Batch-1/2C_battery-5,102.46719160104986,91.07659
Batch-1/2C_battery-5,102.41469816272965,91.17211
Batch-1/2C_battery-5,102.36220472440945,91.16978
Batch-1/2C_battery-5,102.36220472440945,91.16978
Batch-1/2C_battery-5,102.30971128608924,91.16978
Batch-1/2C_battery-5,102.30971128608924,91.20104
Batch-1/2C_battery-5,102.30971128608924,91.20338
Batch-1/2C_battery-5,102.25721784776903,91.20104
Batch-1/2C_battery-5,102.30971128608924,91.20104
Batch-1/2C_battery-5,102.25721784776903,91.17211
Batch-1/2C_battery-5,102.25721784776903,91.17211
Batch-1/2C_battery-5,102.30971128608924,91.0303
Batch-1/2C_battery-5,102.25721784776903,91.16978
Batch-1/2C_battery-5,102.25721784776903,91.16978
Batch-1/2C_battery-5,102.20472440944881,91.16978
Batch-1/2C_battery-5,102.20472440944881,91.17211
Batch-1/2C_battery-5,102.1522309711286,91.16978
Batch-1/2C_battery-5,102.0997375328084,91.20104
Batch-1/2C_battery-5,102.04724409448818,91.1388
Batch-1/2C_battery-5,101.99475065616798,91.1388
Batch-1/2C_battery-5,102.1522309711286,91.20104
Batch-1/2C_battery-5,102.30971128608924,91.0303
Batch-1/2C_battery-5,102.20472440944881,91.0303
Batch-1/2C_battery-5,102.1522309711286,91.02569
Batch-1/2C_battery-5,102.0997375328084,91.16517
Batch-1/2C_battery-5,102.0997375328084,91.16978
Batch-1/2C_battery-5,102.04724409448818,91.1052
Batch-1/2C_battery-5,101.99475065616798,91.081985
Batch-1/2C_battery-5,101.99475065616798,91.081985
Batch-1/2C_battery-5,101.94225721784778,91.081985
Batch-1/2C_battery-5,101.88976377952757,91.081985
Batch-1/2C_battery-5,101.83727034120736,91.115585
Batch-1/2C_battery-5,101.94225721784778,91.11325
Batch-1/2C_battery-5,102.25721784776903,91.00247
Batch-1/2C_battery-5,102.41469816272965,91.01397
Batch-1/2C_battery-5,102.30971128608924,90.975914
Batch-1/2C_battery-5,102.20472440944881,90.97314
Batch-1/2C_battery-5,102.1522309711286,90.996605
Batch-1/2C_battery-5,102.0997375328084,91.006546
Batch-1/2C_battery-5,102.04724409448818,91.006546
Batch-1/2C_battery-5,102.04724409448818,91.006546
Batch-1/2C_battery-5,101.99475065616798,90.942505
Batch-1/2C_battery-5,101.94225721784778,90.9379
Batch-1/2C_battery-5,101.94225721784778,90.942505
Batch-1/2C_battery-5,101.94225721784778,90.942505
Batch-1/2C_battery-5,101.94225721784778,90.942505
Batch-1/2C_battery-5,101.94225721784778,90.94197
Batch-1/2C_battery-5,101.94225721784778,90.94197
Batch-1/2C_battery-5,101.88976377952757,90.94197
Batch-1/2C_battery-5,101.83727034120736,90.942505
Batch-1/2C_battery-5,101.78477690288715,90.942505
Batch-1/2C_battery-5,101.73228346456693,90.91399
Batch-1/2C_battery-5,101.73228346456693,90.91399
Batch-1/2C_battery-5,101.67979002624672,90.86469
Batch-1/2C_battery-5,101.62729658792651,91.00878
Batch-1/2C_battery-5,101.5748031496063,91.00878
Batch-1/2C_battery-5,101.5748031496063,91.00878
Batch-1/2C_battery-5,101.52230971128608,91.00878
Batch-1/2C_battery-5,101.52230971128608,91.00878
Batch-1/2C_battery-5,101.46981627296587,91.04005
Batch-1/2C_battery-5,101.46981627296587,91.04005
Batch-1/2C_battery-5,101.41732283464566,91.04005
Batch-1/2C_battery-5,101.41732283464566,91.04005
Batch-1/2C_battery-5,101.36482939632545,90.942635
Batch-1/2C_battery-5,101.31233595800524,90.940315
Batch-1/2C_battery-5,101.31233595800524,90.940315
Batch-1/2C_battery-5,101.25984251968505,90.942635
Batch-1/2C_battery-5,101.25984251968505,90.940315
Batch-1/2C_battery-5,101.20734908136481,90.940315
Batch-1/2C_battery-5,101.20734908136481,90.942635
Batch-1/2C_battery-5,101.20734908136481,90.935814
Batch-1/2C_battery-5,101.15485564304463,90.942635
Batch-1/2C_battery-5,101.15485564304463,90.935814
Batch-1/2C_battery-5,101.1023622047244,90.935814
Batch-1/2C_battery-5,101.1023622047244,90.93946
Batch-1/2C_battery-5,101.0498687664042,90.93946
Batch-1/2C_battery-5,101.0498687664042,90.99577
Batch-1/2C_battery-5,100.99737532808399,90.81442
Batch-1/2C_battery-5,100.94488188976378,90.36795
Batch-1/2C_battery-5,100.83989501312335,90.30004
Batch-1/2C_battery-5,100.83989501312335,89.63959
Batch-1/2C_battery-5,100.78740157480314,89.63959
Batch-1/2C_battery-5,100.73490813648294,89.6631
Batch-1/2C_battery-5,100.68241469816273,89.6631
Batch-1/2C_battery-5,100.62992125984252,89.671005
Batch-1/2C_battery-5,100.5774278215223,89.69398
Batch-1/2C_battery-5,100.5774278215223,89.70758
Batch-1/2C_battery-5,100.5249343832021,89.707504
Batch-1/2C_battery-5,100.47244094488188,89.707504
Batch-1/2C_battery-5,100.4199475065617,89.49661
Batch-1/2C_battery-5,100.36745406824146,89.488525
Batch-1/2C_battery-5,100.36745406824146,89.44774
Batch-1/2C_battery-5,100.26246719160103,89.44774
Batch-1/2C_battery-5,100.20997375328085,89.44728
Batch-1/2C_battery-5,100.15748031496064,89.44728
Batch-1/2C_battery-5,100.10498687664042,89.34349
Batch-1/2C_battery-5,100.05249343832021,89.36574
Batch-1/2C_battery-5,100.0,89.31842
Batch-1/2C_battery-5,99.89501312335958,89.31842
Batch-1/2C_battery-5,99.84251968503936,89.32779
Batch-1/2C_battery-5,99.73753280839894,89.33896
Batch-1/2C_battery-5,99.68503937007874,89.33896
Batch-1/2C_battery-5,99.58005249343832,89.27074
Batch-1/2C_battery-5,99.5275590551181,89.22254
Batch-1/2C_battery-5,99.42257217847768,89.19954
Batch-1/2C_battery-5,99.31758530183727,89.19954
Batch-1/2C_battery-5,99.26509186351706,89.196915
Batch-1/2C_battery-5,99.21259842519684,89.10947
Batch-1/2C_battery-5,99.10761154855643,89.13925
Batch-1/2C_battery-5,99.00262467191601,89.14058
Batch-1/2C_battery-5,98.89763779527559,89.10759
Batch-1/2C_battery-5,98.84514435695539,89.02533
Batch-1/2C_battery-5,98.74015748031496,89.07881
Batch-1/2C_battery-5,98.68766404199474,89.07881
Batch-1/2C_battery-5,98.58267716535433,88.95476
Batch-1/2C_battery-5,98.53018372703411,89.03961
Batch-1/2C_battery-5,98.4776902887139,89.00885
Batch-1/2C_battery-5,98.37270341207349,89.04132
Batch-1/2C_battery-5,98.37270341207349,88.97577
Batch-1/2C_battery-5,98.32020997375328,88.97239
Batch-1/2C_battery-5,98.26771653543308,88.97811
Batch-1/2C_battery-5,98.21522309711285,88.97811
Batch-1/2C_battery-5,98.16272965879266,88.97811
Batch-1/2C_battery-5,98.11023622047243,88.97811
Batch-1/2C_battery-5,98.11023622047243,88.99415
Batch-1/2C_battery-5,97.95275590551181,89.00707
Batch-1/2C_battery-5,97.9002624671916,88.978935
Batch-1/2C_battery-5,97.79527559055119,89.05784
Batch-1/2C_battery-5,97.74278215223097,88.98641
Batch-1/2C_battery-5,97.69028871391076,89.03365
Batch-1/2C_battery-5,97.63779527559055,89.03365
Batch-1/2C_battery-5,97.58530183727035,89.11747
Batch-1/2C_battery-5,97.48031496062993,89.18395
Batch-1/2C_battery-5,97.48031496062993,89.18395
Batch-1/2C_battery-5,97.48031496062993,89.18395
Batch-1/2C_battery-5,97.3753280839895,89.18395
Batch-1/2C_battery-5,97.3228346456693,89.21459
Batch-1/2C_battery-5,97.21784776902888,89.17539
Batch-1/2C_battery-5,97.16535433070867,89.18429
Batch-1/2C_battery-5,97.11286089238845,89.1639
Batch-1/2C_battery-5,97.00787401574803,89.19283
Batch-1/2C_battery-5,96.95538057742782,89.374794
Batch-1/2C_battery-5,96.95538057742782,89.19283
Batch-1/2C_battery-5,96.90288713910762,89.23388
Batch-1/2C_battery-5,96.8503937007874,89.374794
Batch-1/2C_battery-5,96.8503937007874,89.374794
Batch-1/2C_battery-5,96.8503937007874,89.374794
Batch-1/2C_battery-5,96.8503937007874,89.374794
Batch-1/2C_battery-5,96.69291338582677,89.56638
Batch-1/2C_battery-5,96.58792650918635,89.56638
Batch-1/2C_battery-5,96.53543307086613,89.27419
Batch-1/2C_battery-5,96.43044619422571,89.50036
Batch-1/2C_battery-5,96.3254593175853,89.50036
Batch-1/2C_battery-5,96.27296587926509,89.47875
Batch-1/2C_battery-5,96.43044619422571,89.341866
Batch-1/2C_battery-5,96.48293963254594,89.341866
Batch-1/2C_battery-5,96.37795275590551,89.50036
Batch-1/2C_battery-5,96.3254593175853,89.50036
Batch-1/2C_battery-5,96.3254593175853,89.475365
Batch-1/2C_battery-5,96.16797900262468,89.600716
Batch-1/2C_battery-5,96.01049868766404,89.6415
Batch-1/2C_battery-5,95.90551181102362,90.049995
Batch-1/2C_battery-5,95.8005249343832,89.84272
Batch-1/2C_battery-5,95.69553805774278,89.16607
Batch-1/2C_battery-5,95.59055118110236,89.145874
Batch-1/2C_battery-5,95.48556430446193,89.16607
Batch-1/2C_battery-5,95.74803149606299,90.049995
Batch-1/2C_battery-5,95.8005249343832,89.84228
Batch-1/2C_battery-5,95.69553805774278,89.39748
Batch-1/2C_battery-5,95.53805774278216,89.65087
Batch-1/2C_battery-5,95.48556430446193,89.50015
Batch-1/2C_battery-5,95.59055118110236,89.39748
Batch-1/2C_battery-5,95.48556430446193,89.50015
Batch-1/2C_battery-5,95.2230971128609,89.08182
Batch-1/2C_battery-5,95.06561679790025,89.009964
Batch-1/2C_battery-5,94.96062992125984,88.4238
Batch-1/2C_battery-5,94.80314960629921,89.009964
Batch-1/2C_battery-5,94.64566929133858,88.15633
Batch-1/2C_battery-5,94.85564304461943,88.625946
Batch-1/2C_battery-5,94.96062992125984,88.4807
Batch-1/2C_battery-5,94.85564304461943,88.285126
Batch-1/2C_battery-5,94.69816272965879,88.15633
Batch-1/2C_battery-5,94.59317585301838,88.12512
Batch-1/2C_battery-5,94.48818897637796,88.12512
Batch-1/2C_battery-5,94.38320209973753,88.35303
Batch-1/2C_battery-5,94.27821522309712,88.303604
Batch-1/2C_battery-5,94.1732283464567,88.30899
Batch-1/2C_battery-5,94.01574803149606,88.322945
Batch-1/2C_battery-5,93.91076115485563,88.322945
Batch-1/2C_battery-5,93.80577427821521,88.31414
Batch-1/2C_battery-5,93.75328083989501,88.32348
Batch-1/2C_battery-5,93.70078740157479,88.46827
Batch-1/2C_battery-5,93.49081364829395,88.93931
Batch-1/2C_battery-5,93.43832020997375,88.93931
Batch-1/2C_battery-5,93.28083989501312,89.08602
Batch-1/2C_battery-5,93.1233595800525,89.08602
Batch-1/2C_battery-5,93.07086614173228,88.920265
Batch-1/2C_battery-5,92.96587926509186,89.03658
Batch-1/2C_battery-5,92.86089238845143,88.96113
Batch-1/2C_battery-5,92.70341207349081,88.96113
Batch-1/2C_battery-5,92.5984251968504,88.897804
Batch-1/2C_battery-5,92.49343832020998,88.8677
Batch-1/2C_battery-5,92.38845144356955,88.65826
Batch-1/2C_battery-5,92.28346456692913,88.76177
Batch-1/2C_battery-5,92.17847769028872,88.66996
Batch-1/2C_battery-5,92.07349081364829,88.66996
Batch-1/2C_battery-5,91.96850393700787,88.70983
Batch-1/2C_battery-5,91.91601049868765,88.26264
Batch-1/2C_battery-5,91.86351706036746,88.700264
Batch-1/2C_battery-5,91.81102362204724,88.25306
Batch-1/2C_battery-5,91.5485564304462,88.264305
Batch-1/2C_battery-5,91.39107611548557,88.26023
Batch-1/2C_battery-5,91.28608923884515,88.5079
Batch-1/2C_battery-5,91.12860892388451,88.832146
Batch-1/2C_battery-5,90.97112860892389,89.05389
Batch-1/2C_battery-5,90.86614173228347,89.066
Batch-1/2C_battery-5,90.81364829396325,89.19726
Batch-1/2C_battery-5,90.70866141732283,89.066
Batch-1/2C_battery-5,90.65616797900263,89.60853
Batch-1/2C_battery-5,90.44619422572178,89.066
Batch-1/2C_battery-5,90.39370078740157,89.86826
Batch-1/2C_battery-5,90.28871391076116,89.86826
Batch-1/2C_battery-5,90.02624671916011,90.436104
Batch-1/2C_battery-5,89.86876640419948,90.436104
Batch-1/2C_battery-5,89.71128608923885,90.436104
Batch-1/2C_battery-5,89.55380577427822,90.52694
Batch-1/2C_battery-5,89.39632545931758,90.54
Batch-1/2C_battery-5,89.29133858267717,90.53881
Batch-1/2C_battery-5,89.18635170603675,90.493614
Batch-1/2C_battery-5,89.02887139107611,90.40978
Batch-1/2C_battery-5,88.87139107611549,90.13848
Batch-1/2C_battery-5,88.76640419947506,90.13848
Batch-1/2C_battery-5,88.60892388451444,90.14539
Batch-1/2C_battery-5,88.50393700787401,89.996925
Batch-1/2C_battery-5,88.39895013123359,89.996925
Batch-1/2C_battery-5,88.29396325459317,89.65353
Batch-1/2C_battery-5,88.13648293963254,89.65353
Batch-1/2C_battery-5,88.03149606299213,89.643005
Batch-1/2C_battery-5,87.87401574803148,89.76164
Batch-1/2C_battery-5,87.82152230971128,89.76164
Batch-1/2C_battery-5,87.9790026246719,89.63922
Batch-1/2C_battery-5,87.92650918635171,89.74153
Batch-1/2C_battery-5,87.76902887139107,89.74153
Batch-1/2C_battery-5,87.66404199475065,89.404495
Batch-1/2C_battery-5,87.45406824146981,88.77562
Batch-1/2C_battery-5,87.3490813648294,88.77562
Batch-1/2C_battery-5,87.24409448818898,88.77562
Batch-1/2C_battery-5,87.08661417322836,89.01103
Batch-1/2C_battery-5,86.98162729658793,89.006966
Batch-1/2C_battery-5,86.8241469816273,88.99827
Batch-1/2C_battery-5,86.71916010498687,88.77269
Batch-1/2C_battery-5,86.56167979002625,82.80965
Batch-1/2C_battery-5,86.77165354330708,82.80965
Batch-1/2C_battery-5,86.77165354330708,88.77269
Batch-1/2C_battery-5,86.56167979002625,88.77269
Batch-1/2C_battery-5,86.50918635170603,88.7796
Batch-1/2C_battery-5,86.40419947506561,88.7796
Batch-1/2C_battery-5,86.3517060367454,88.7796
Batch-1/2C_battery-5,86.08923884514435,88.775024
Batch-1/2C_battery-5,85.93175853018373,82.93782
Batch-1/2C_battery-5,85.8267716535433,82.68823
Batch-1/2C_battery-5,85.7217847769029,82.68823
Batch-1/2C_battery-5,85.56430446194226,82.5195
Batch-1/2C_battery-5,85.45931758530183,82.5195
Batch-1/2C_battery-5,85.45931758530183,82.5195
Batch-1/2C_battery-5,85.51181102362204,82.5195
Batch-1/2C_battery-5,85.45931758530183,82.5195
Batch-1/2C_battery-5,85.35433070866141,82.31847
Batch-1/2C_battery-5,85.19685039370079,82.31847
Batch-1/2C_battery-5,85.09186351706036,82.35186
Batch-1/2C_battery-5,84.98687664041995,82.35186
Batch-1/2C_battery-5,84.88188976377953,82.35186
Batch-1/2C_battery-5,84.7244094488189,82.35186
Batch-1/2C_battery-5,84.56692913385827,82.35186
Batch-1/2C_battery-5,84.46194225721784,82.18927
Batch-1/2C_battery-5,84.35695538057743,82.18927
Batch-1/2C_battery-5,84.19947506561681,82.07104
Batch-1/2C_battery-5,84.19947506561681,82.07104
Batch-1/2C_battery-5,84.25196850393701,82.138145
Batch-1/2C_battery-5,84.19947506561681,82.07104
Batch-1/2C_battery-5,84.09448818897638,82.07104
Batch-1/2C_battery-5,83.98950131233596,82.07104
Batch-1/2C_battery-5,83.83202099737532,81.81137
Batch-1/2C_battery-6,106.02409638554218,99.47886
Batch-1/2C_battery-6,99.84284965950759,99.55562
Batch-1/2C_battery-6,100.0,99.74242
Batch-1/2C_battery-6,100.2095337873232,98.75687
Batch-1/2C_battery-6,100.3666841278156,98.76873
Batch-1/2C_battery-6,100.52383446830801,98.86721
Batch-1/2C_battery-6,100.62860136196963,97.92144
Batch-1/2C_battery-6,100.78575170246202,97.99134
Batch-1/2C_battery-6,100.89051859612361,98.01826
Batch-1/2C_battery-6,100.68098480880042,97.39102
Batch-1/2C_battery-6,100.94290204295442,97.6936
Batch-1/2C_battery-6,101.20481927710843,97.678085
Batch-1/2C_battery-6,101.25720272393923,97.47577
Batch-1/2C_battery-6,101.41435306443162,97.42827
Batch-1/2C_battery-6,101.51911995809324,97.41073
Batch-1/2C_battery-6,101.62388685175485,97.40708
Batch-1/2C_battery-6,101.67627029858566,97.39875
Batch-1/2C_battery-6,101.78103719224725,97.38742
Batch-1/2C_battery-6,101.83342063907806,97.31425
Batch-1/2C_battery-6,101.93818753273965,97.296776
Batch-1/2C_battery-6,101.99057097957045,97.31219
Batch-1/2C_battery-6,102.09533787323207,97.318275
Batch-1/2C_battery-6,102.20010476689367,97.307365
Batch-1/2C_battery-6,102.20010476689367,97.304695
Batch-1/2C_battery-6,102.25248821372446,97.08646
Batch-1/2C_battery-6,102.35725510738607,97.08646
Batch-1/2C_battery-6,102.35725510738607,97.09932
Batch-1/2C_battery-6,102.40963855421687,97.09932
Batch-1/2C_battery-6,102.40963855421687,97.09932
Batch-1/2C_battery-6,102.46202200104766,97.09932
Batch-1/2C_battery-6,102.46202200104766,97.04703
Batch-1/2C_battery-6,102.56678889470928,97.04703
Batch-1/2C_battery-6,102.56678889470928,97.04703
Batch-1/2C_battery-6,102.61917234154008,96.88068
Batch-1/2C_battery-6,102.61917234154008,96.88068
Batch-1/2C_battery-6,102.67155578837087,96.88068
Batch-1/2C_battery-6,102.67155578837087,96.6601
Batch-1/2C_battery-6,102.67155578837087,96.6601
Batch-1/2C_battery-6,102.72393923520168,96.61788
Batch-1/2C_battery-6,102.72393923520168,96.56841
Batch-1/2C_battery-6,102.77632268203247,96.56841
Batch-1/2C_battery-6,102.77632268203247,96.534355
Batch-1/2C_battery-6,102.72393923520168,96.01008
Batch-1/2C_battery-6,102.67155578837087,95.98414
Batch-1/2C_battery-6,102.72393923520168,96.00654
Batch-1/2C_battery-6,102.72393923520168,95.98414
Batch-1/2C_battery-6,102.88108957569409,95.99726
Batch-1/2C_battery-6,103.19539025667888,95.82908
Batch-1/2C_battery-6,102.88108957569409,95.769966
Batch-1/2C_battery-6,102.82870612886327,95.9197
Batch-1/2C_battery-6,102.77632268203247,95.950966
Batch-1/2C_battery-6,102.77632268203247,95.37711
Batch-1/2C_battery-6,102.77632268203247,95.37711
Batch-1/2C_battery-6,102.72393923520168,95.39991
Batch-1/2C_battery-6,102.72393923520168,95.441765
Batch-1/2C_battery-6,102.82870612886327,94.87739
Batch-1/2C_battery-6,102.77632268203247,94.85038
Batch-1/2C_battery-6,102.82870612886327,94.90864
Batch-1/2C_battery-6,102.98585646935567,94.11479
Batch-1/2C_battery-6,102.98585646935567,94.05552
Batch-1/2C_battery-6,102.88108957569409,94.055916
Batch-1/2C_battery-6,102.82870612886327,93.661995
Batch-1/2C_battery-6,102.77632268203247,93.67286
Batch-1/2C_battery-6,102.72393923520168,93.68528
Batch-1/2C_battery-6,102.72393923520168,93.40185
Batch-1/2C_battery-6,102.67155578837087,93.38293
Batch-1/2C_battery-6,102.67155578837087,93.25538
Batch-1/2C_battery-6,102.67155578837087,93.06663
Batch-1/2C_battery-6,102.9334730225249,93.312614
Batch-1/2C_battery-6,102.9334730225249,93.279015
Batch-1/2C_battery-6,102.88108957569409,93.120705
Batch-1/2C_battery-6,102.88108957569409,93.15197
Batch-1/2C_battery-6,102.88108957569409,92.93338
Batch-1/2C_battery-6,102.82870612886327,93.15368
Batch-1/2C_battery-6,102.82870612886327,93.15368
Batch-1/2C_battery-6,102.77632268203247,93.140175
Batch-1/2C_battery-6,102.77632268203247,93.140175
Batch-1/2C_battery-6,102.72393923520168,93.140175
Batch-1/2C_battery-6,102.67155578837087,93.140175
Batch-1/2C_battery-6,102.67155578837087,93.17703
Batch-1/2C_battery-6,102.77632268203247,93.14799
Batch-1/2C_battery-6,102.98585646935567,93.15368
Batch-1/2C_battery-6,103.19539025667888,92.97097
Batch-1/2C_battery-6,102.98585646935567,92.96325
Batch-1/2C_battery-6,102.77632268203247,93.140175
Batch-1/2C_battery-6,102.67155578837087,93.12409
Batch-1/2C_battery-6,102.61917234154008,93.087326
Batch-1/2C_battery-6,102.56678889470928,92.94588
Batch-1/2C_battery-6,102.56678889470928,92.53442
Batch-1/2C_battery-6,102.51440544787846,92.91983
Batch-1/2C_battery-6,102.46202200104766,92.48325
Batch-1/2C_battery-6,102.46202200104766,92.48325
Batch-1/2C_battery-6,102.46202200104766,92.45391
Batch-1/2C_battery-6,102.46202200104766,92.501236
Batch-1/2C_battery-6,102.46202200104766,92.501236
Batch-1/2C_battery-6,102.51440544787846,92.040054
Batch-1/2C_battery-6,102.46202200104766,92.040054
Batch-1/2C_battery-6,102.40963855421687,92.04817
Batch-1/2C_battery-6,102.40963855421687,91.30816
Batch-1/2C_battery-6,102.35725510738607,91.30816
Batch-1/2C_battery-6,102.25248821372446,90.66586
Batch-1/2C_battery-6,102.20010476689367,89.979645
Batch-1/2C_battery-6,102.14772132006284,89.979645
Batch-1/2C_battery-6,102.14772132006284,89.979645
Batch-1/2C_battery-6,102.40963855421687,89.97914
Batch-1/2C_battery-6,102.51440544787846,91.054535
Batch-1/2C_battery-6,102.46202200104766,91.211174
Batch-1/2C_battery-6,102.40963855421687,90.578285
Batch-1/2C_battery-6,102.40963855421687,91.23587
Batch-1/2C_battery-6,102.30487166055526,90.822586
Batch-1/2C_battery-6,102.30487166055526,90.578285
Batch-1/2C_battery-6,102.25248821372446,90.23925
Batch-1/2C_battery-6,102.25248821372446,90.23925
Batch-1/2C_battery-6,102.20010476689367,90.23925
Batch-1/2C_battery-6,102.20010476689367,90.174675
Batch-1/2C_battery-6,102.14772132006284,89.88365
Batch-1/2C_battery-6,102.30487166055526,89.97174
Batch-1/2C_battery-6,102.46202200104766,91.0227
Batch-1/2C_battery-6,102.40963855421687,91.20338
Batch-1/2C_battery-6,102.40963855421687,90.877754
Batch-1/2C_battery-6,102.40963855421687,91.21482
Batch-1/2C_battery-6,102.35725510738607,91.15853
Batch-1/2C_battery-6,102.35725510738607,91.05558
Batch-1/2C_battery-6,102.30487166055526,91.04694
Batch-1/2C_battery-6,102.25248821372446,90.58067
Batch-1/2C_battery-6,102.25248821372446,90.53335
Batch-1/2C_battery-6,102.25248821372446,90.53335
Batch-1/2C_battery-6,102.25248821372446,90.53335
Batch-1/2C_battery-6,102.20010476689367,90.51371
Batch-1/2C_battery-6,102.25248821372446,90.174675
Batch-1/2C_battery-6,102.20010476689367,90.58067
Batch-1/2C_battery-6,102.25248821372446,90.59792
Batch-1/2C_battery-6,102.25248821372446,91.05928
Batch-1/2C_battery-6,102.20010476689367,90.84554
Batch-1/2C_battery-6,102.20010476689367,90.58067
Batch-1/2C_battery-6,102.20010476689367,90.58067
Batch-1/2C_battery-6,102.14772132006284,90.58067
Batch-1/2C_battery-6,102.09533787323207,90.41904
Batch-1/2C_battery-6,102.04295442640125,90.50483
Batch-1/2C_battery-6,101.99057097957045,90.08684
Batch-1/2C_battery-6,102.04295442640125,89.87865
Batch-1/2C_battery-6,102.25248821372446,90.53335
Batch-1/2C_battery-6,102.25248821372446,91.1388
Batch-1/2C_battery-6,102.25248821372446,91.1388
Batch-1/2C_battery-6,102.14772132006284,91.1388
Batch-1/2C_battery-6,102.09533787323207,90.75801
Batch-1/2C_battery-6,102.04295442640125,90.552155
Batch-1/2C_battery-6,101.99057097957045,91.04222
Batch-1/2C_battery-6,101.99057097957045,90.46962
Batch-1/2C_battery-6,101.99057097957045,90.46962
Batch-1/2C_battery-6,101.93818753273965,90.42228
Batch-1/2C_battery-6,101.88580408590886,90.40266
Batch-1/2C_battery-6,101.83342063907806,89.7726
Batch-1/2C_battery-6,102.04295442640125,89.860435
Batch-1/2C_battery-6,102.40963855421687,91.18016
Batch-1/2C_battery-6,102.46202200104766,91.009415
Batch-1/2C_battery-6,102.30487166055526,90.94484
Batch-1/2C_battery-6,102.25248821372446,91.08432
Batch-1/2C_battery-6,102.20010476689367,91.08432
Batch-1/2C_battery-6,102.14772132006284,91.115585
Batch-1/2C_battery-6,102.09533787323207,91.115585
Batch-1/2C_battery-6,102.04295442640125,91.115585
Batch-1/2C_battery-6,102.04295442640125,91.08707
Batch-1/2C_battery-6,101.99057097957045,91.035545
Batch-1/2C_battery-6,101.99057097957045,91.035545
Batch-1/2C_battery-6,101.99057097957045,91.094864
Batch-1/2C_battery-6,102.04295442640125,91.08707
Batch-1/2C_battery-6,101.99057097957045,91.08707
Batch-1/2C_battery-6,101.99057097957045,91.08707
Batch-1/2C_battery-6,101.93818753273965,91.042366
Batch-1/2C_battery-6,101.83342063907806,91.095505
Batch-1/2C_battery-6,101.83342063907806,90.80004
Batch-1/2C_battery-6,101.78103719224725,90.81127
Batch-1/2C_battery-6,101.72865374541644,90.73449
Batch-1/2C_battery-6,101.72865374541644,90.42228
Batch-1/2C_battery-6,101.67627029858566,90.42593
Batch-1/2C_battery-6,101.62388685175485,90.326195
Batch-1/2C_battery-6,101.62388685175485,90.23254
Batch-1/2C_battery-6,101.57150340492404,89.96754
Batch-1/2C_battery-6,101.57150340492404,89.96754
Batch-1/2C_battery-6,101.51911995809324,89.67929
Batch-1/2C_battery-6,101.51911995809324,89.67929
Batch-1/2C_battery-6,101.46673651126244,89.67929
Batch-1/2C_battery-6,101.46673651126244,89.67929
Batch-1/2C_battery-6,101.41435306443162,89.702805
Batch-1/2C_battery-6,101.36196961760085,89.702805
Batch-1/2C_battery-6,101.30958617077003,89.71071
Batch-1/2C_battery-6,101.30958617077003,89.71071
Batch-1/2C_battery-6,101.25720272393923,89.71071
Batch-1/2C_battery-6,101.25720272393923,89.71071
Batch-1/2C_battery-6,101.20481927710843,89.71071
Batch-1/2C_battery-6,101.20481927710843,89.71071
Batch-1/2C_battery-6,101.15243583027764,89.71071
Batch-1/2C_battery-6,101.15243583027764,89.72431
Batch-1/2C_battery-6,101.15243583027764,89.70235
Batch-1/2C_battery-6,101.10005238344684,89.715004
Batch-1/2C_battery-6,101.04766893661603,89.715004
Batch-1/2C_battery-6,101.04766893661603,89.68461
Batch-1/2C_battery-6,100.94290204295442,89.68461
Batch-1/2C_battery-6,100.89051859612361,89.64382
Batch-1/2C_battery-6,100.83813514929282,89.67199
Batch-1/2C_battery-6,100.78575170246202,89.67199
Batch-1/2C_battery-6,100.73336825563122,89.67199
Batch-1/2C_battery-6,100.68098480880042,89.67199
Batch-1/2C_battery-6,100.62860136196963,89.31534
Batch-1/2C_battery-6,100.57621791513883,89.31534
Batch-1/2C_battery-6,100.52383446830801,89.31534
Batch-1/2C_battery-6,100.52383446830801,89.31014
Batch-1/2C_battery-6,100.47145102147721,89.31007
Batch-1/2C_battery-6,100.4190675746464,89.31007
Batch-1/2C_battery-6,100.3666841278156,89.44774
Batch-1/2C_battery-6,100.31430068098481,89.44774
Batch-1/2C_battery-6,100.26191723415401,89.34349
Batch-1/2C_battery-6,100.1571503404924,89.34349
Batch-1/2C_battery-6,100.1047668936616,89.34349
Batch-1/2C_battery-6,100.0,89.30321
Batch-1/2C_battery-6,99.9476165531692,89.31842
Batch-1/2C_battery-6,99.8952331063384,89.31842
Batch-1/2C_battery-6,99.84284965950759,89.290764
Batch-1/2C_battery-6,99.73808276584599,89.290764
Batch-1/2C_battery-6,99.63331587218438,89.290764
Batch-1/2C_battery-6,99.52854897852278,89.23637
Batch-1/2C_battery-6,99.47616553169199,89.23008
Batch-1/2C_battery-6,99.37139863803039,89.23008
Batch-1/2C_battery-6,99.26663174436878,89.196915
Batch-1/2C_battery-6,99.21424829753798,89.13925
Batch-1/2C_battery-6,99.10948140387636,89.14058
Batch-1/2C_battery-6,99.00471451021477,89.09485
Batch-1/2C_battery-6,98.95233106338397,89.02533
Batch-1/2C_battery-6,98.79518072289156,89.03961
Batch-1/2C_battery-6,98.74279727606077,89.03961
Batch-1/2C_battery-6,98.63803038239915,89.03961
Batch-1/2C_battery-6,98.53326348873756,88.99457
Batch-1/2C_battery-6,98.48088004190674,89.00885
Batch-1/2C_battery-6,98.37611314824515,88.981476
Batch-1/2C_battery-6,98.27134625458355,88.981476
Batch-1/2C_battery-6,98.21896280775275,88.97811
Batch-1/2C_battery-6,98.16657936092196,89.00707
Batch-1/2C_battery-6,98.06181246726034,89.00707
Batch-1/2C_battery-6,98.00942902042954,89.05784
Batch-1/2C_battery-6,97.95704557359875,88.978935
Batch-1/2C_battery-6,97.90466212676793,88.99973
Batch-1/2C_battery-6,97.85227867993714,88.978935
Batch-1/2C_battery-6,97.79989523310634,89.03365
Batch-1/2C_battery-6,97.79989523310634,88.99973
Batch-1/2C_battery-6,97.74751178627554,89.03365
Batch-1/2C_battery-6,97.59036144578313,89.11747
Batch-1/2C_battery-6,97.53797799895233,89.22402
Batch-1/2C_battery-6,97.43321110529072,89.21459
Batch-1/2C_battery-6,97.38082765845992,89.16149
Batch-1/2C_battery-6,97.32844421162913,89.16149
Batch-1/2C_battery-6,97.27606076479832,89.18429
Batch-1/2C_battery-6,97.17129387113673,89.139244
Batch-1/2C_battery-6,97.17129387113673,89.1639
Batch-1/2C_battery-6,97.17129387113673,89.13657
Batch-1/2C_battery-6,97.11891042430592,89.35128
Batch-1/2C_battery-6,97.01414353064432,89.35128
Batch-1/2C_battery-6,96.9617600838135,89.40754
Batch-1/2C_battery-6,96.90937663698271,89.374794
Batch-1/2C_battery-6,96.80460974332111,89.5203
Batch-1/2C_battery-6,96.7522262964903,89.543785
Batch-1/2C_battery-6,96.69984284965952,89.62931
Batch-1/2C_battery-6,96.6474594028287,89.69698
Batch-1/2C_battery-6,96.59507595599791,89.62931
Batch-1/2C_battery-6,96.54269250916711,89.62931
Batch-1/2C_battery-6,96.54269250916711,89.843895
Batch-1/2C_battery-6,96.4903090623363,89.843895
Batch-1/2C_battery-6,96.54269250916711,89.69698
Batch-1/2C_battery-6,96.4903090623363,89.82229
Batch-1/2C_battery-6,96.3855421686747,89.6041
Batch-1/2C_battery-6,96.2807752750131,89.915276
Batch-1/2C_battery-6,96.2283918281823,89.94645
Batch-1/2C_battery-6,96.12362493452069,89.96435
Batch-1/2C_battery-6,96.01885804085909,89.76876
Batch-1/2C_battery-6,95.9664745940283,89.7936
Batch-1/2C_battery-6,96.12362493452069,89.96435
Batch-1/2C_battery-6,96.12362493452069,89.915276
Batch-1/2C_battery-6,96.01885804085909,89.720055
Batch-1/2C_battery-6,96.01885804085909,89.704185
Batch-1/2C_battery-6,95.9664745940283,89.704185
Batch-1/2C_battery-6,95.80932425353588,89.77729
Batch-1/2C_battery-6,95.65217391304348,89.50015
Batch-1/2C_battery-6,95.49502357255108,89.14789
Batch-1/2C_battery-6,95.39025667888946,89.50015
Batch-1/2C_battery-6,95.28548978522787,89.13211
Batch-1/2C_battery-6,95.18072289156626,89.11717
Batch-1/2C_battery-6,95.07595599790466,89.097595
Batch-1/2C_battery-6,95.39025667888946,89.50015
Batch-1/2C_battery-6,95.44264012572027,89.13211
Batch-1/2C_battery-6,95.33787323205867,89.14789
Batch-1/2C_battery-6,95.18072289156626,89.11717
Batch-1/2C_battery-6,95.12833944473546,89.14789
Batch-1/2C_battery-6,95.23310633839706,89.11717
Batch-1/2C_battery-6,95.18072289156626,88.53099
Batch-1/2C_battery-6,94.91880565741226,88.342026
Batch-1/2C_battery-6,94.70927187008905,88.15633
Batch-1/2C_battery-6,94.60450497642745,88.17926
Batch-1/2C_battery-6,94.49973808276584,88.35303
Batch-1/2C_battery-6,94.34258774227344,88.303604
Batch-1/2C_battery-6,94.49973808276584,88.15633
Batch-1/2C_battery-6,94.70927187008905,88.17926
Batch-1/2C_battery-6,94.70927187008905,88.35303
Batch-1/2C_battery-6,94.55212152959665,88.35303
Batch-1/2C_battery-6,94.49973808276584,88.303604
Batch-1/2C_battery-6,94.39497118910425,88.35303
Batch-1/2C_battery-6,94.34258774227344,88.2948
Batch-1/2C_battery-6,94.29020429544263,88.2948
Batch-1/2C_battery-6,94.23782084861183,88.303604
Batch-1/2C_battery-6,94.08067050811944,88.2948
Batch-1/2C_battery-6,94.02828706128862,88.27266
Batch-1/2C_battery-6,93.97590361445783,88.300186
Batch-1/2C_battery-6,93.92352016762703,88.454315
Batch-1/2C_battery-6,93.97590361445783,88.44893
Batch-1/2C_battery-6,93.81875327396541,88.837944
Batch-1/2C_battery-6,93.76636982713462,88.93931
Batch-1/2C_battery-6,93.66160293347302,88.85436
Batch-1/2C_battery-6,93.45206914614982,89.08752
Batch-1/2C_battery-6,93.39968569931901,89.05169
Batch-1/2C_battery-6,93.29491880565742,88.87757
Batch-1/2C_battery-6,93.1901519119958,88.87757
Batch-1/2C_battery-6,93.0853850183342,88.920265
Batch-1/2C_battery-6,93.0330015715034,88.96113
Batch-1/2C_battery-6,92.9282346778418,88.96113
Batch-1/2C_battery-6,92.8234677841802,88.98777
Batch-1/2C_battery-6,92.7710843373494,89.031685
Batch-1/2C_battery-6,92.66631744368779,88.65826
Batch-1/2C_battery-6,92.61393399685699,88.8677
Batch-1/2C_battery-6,92.5091671031954,88.81219
Batch-1/2C_battery-6,92.40440020953379,88.85813
Batch-1/2C_battery-6,92.45678365636458,88.724754
Batch-1/2C_battery-6,92.40440020953379,88.724754
Batch-1/2C_battery-6,92.24724986904138,88.781624
Batch-1/2C_battery-6,92.09009952854898,88.6563
Batch-1/2C_battery-6,91.98533263488737,88.6563
Batch-1/2C_battery-6,91.88056574122577,88.29214
Batch-1/2C_battery-6,91.72341540073336,88.33201
Batch-1/2C_battery-6,91.67103195390257,88.33201
Batch-1/2C_battery-6,91.56626506024097,88.83572
Batch-1/2C_battery-6,91.56626506024097,88.51147
Batch-1/2C_battery-6,91.61864850707177,88.33201
Batch-1/2C_battery-6,91.40911471974856,88.83572
Batch-1/2C_battery-6,91.40911471974856,89.05746
Batch-1/2C_battery-6,91.35673127291776,89.05103
Batch-1/2C_battery-6,91.14719748559456,89.05103
Batch-1/2C_battery-6,90.93766369827134,89.1616
Batch-1/2C_battery-6,90.83289680460975,89.58999
Batch-1/2C_battery-6,90.78051335777894,89.1616
Batch-1/2C_battery-6,90.62336301728654,89.86184
Batch-1/2C_battery-6,90.46621267679413,89.59226
Batch-1/2C_battery-6,90.46621267679413,89.8399
Batch-1/2C_battery-6,90.30906233630172,90.36849
Batch-1/2C_battery-6,90.20429544264013,90.44961
Batch-1/2C_battery-6,90.09952854897853,90.44961
Batch-1/2C_battery-6,89.88999476165532,90.55793
Batch-1/2C_battery-6,89.83761131482451,90.5171
Batch-1/2C_battery-6,89.6804609743321,90.55793
Batch-1/2C_battery-6,89.57569408067052,90.51591
Batch-1/2C_battery-6,89.41854374017811,90.51591
Batch-1/2C_battery-6,89.3137768465165,90.48055
Batch-1/2C_battery-6,89.1566265060241,90.42257
Batch-1/2C_battery-6,89.1042430591933,90.22231
Batch-1/2C_battery-6,89.1566265060241,90.40951
Batch-1/2C_battery-6,89.2090099528549,90.40951
Batch-1/2C_battery-6,89.05185961236249,90.20925
Batch-1/2C_battery-6,88.84232582503928,90.20786
Batch-1/2C_battery-6,88.68517548454689,89.97556
Batch-1/2C_battery-6,88.47564169722368,89.87063
Batch-1/2C_battery-6,88.37087480356207,89.89199
Batch-1/2C_battery-6,88.26610790990047,89.87767
Batch-1/2C_battery-6,88.05657412257727,89.86897
Batch-1/2C_battery-6,87.95180722891567,89.73282
Batch-1/2C_battery-6,87.79465688842325,89.3757
Batch-1/2C_battery-6,87.58512310110005,89.3958
Batch-1/2C_battery-6,87.68988999476164,89.3757
Batch-1/2C_battery-6,87.79465688842325,89.61415
Batch-1/2C_battery-6,87.58512310110005,88.66083
Batch-1/2C_battery-6,87.48035620743845,88.896255
Batch-1/2C_battery-6,87.37558931377684,88.91635
Batch-1/2C_battery-6,87.21843897328444,88.912285
Batch-1/2C_battery-6,86.95652173913044,88.99827
Batch-1/2C_battery-6,86.74698795180721,88.77269
Batch-1/2C_battery-6,86.58983761131482,88.7796
Batch-1/2C_battery-6,86.48507071765323,88.7713
Batch-1/2C_battery-6,86.32792037716082,82.769516
Batch-1/2C_battery-6,86.17077003666842,82.76425
Batch-1/2C_battery-6,86.1183865898376,82.76425
Batch-1/2C_battery-6,86.17077003666842,82.769516
Batch-1/2C_battery-6,86.1183865898376,88.66115
Batch-1/2C_battery-6,86.06600314300681,88.66115
Batch-1/2C_battery-6,85.8564693556836,88.52951
Batch-1/2C_battery-6,85.6993190151912,82.48767
Batch-1/2C_battery-6,85.64693556836039,82.28664
Batch-1/2C_battery-6,85.4374017810372,82.28664
Batch-1/2C_battery-6,85.28025144054479,82.33533
Batch-1/2C_battery-6,85.17548454688317,82.33533
Batch-1/2C_battery-6,85.01833420639078,82.33533
Batch-1/2C_battery-6,84.86118386589838,82.35186
Batch-1/2C_battery-6,84.70403352540598,82.25638
Batch-1/2C_battery-6,84.65165007857517,82.25638
Batch-1/2C_battery-6,84.80880041906758,82.25638
Batch-1/2C_battery-6,84.70403352540598,82.25638
Batch-1/2C_battery-6,84.59926663174436,82.25638
Batch-1/2C_battery-6,84.49449973808277,82.138145
Batch-1/2C_battery-6,84.33734939759037,82.138145
Batch-1/2C_battery-6,84.18019905709797,81.87848
Batch-1/2C_battery-6,83.97066526977474,81.81137
Batch-1/2C_battery-6,83.81351492928235,81.691
Batch-1/2C_battery-6,83.65636458878994,81.691
Batch-1/2C_battery-7,105.25502318392581,99.63741
Batch-1/2C_battery-7,99.8454404945904,99.796005
Batch-1/2C_battery-7,100.0,99.91232
Batch-1/2C_battery-7,100.15455950540957,98.54587
Batch-1/2C_battery-7,100.25759917568263,98.57442
Batch-1/2C_battery-7,100.41215868109221,98.57048
Batch-1/2C_battery-7,100.46367851622875,97.66487
Batch-1/2C_battery-7,100.61823802163833,97.7231
Batch-1/2C_battery-7,100.66975785677485,97.78997
Batch-1/2C_battery-7,100.36063884595569,97.30553
Batch-1/2C_battery-7,100.7212776919114,97.63279
Batch-1/2C_battery-7,100.82431736218444,97.38439
Batch-1/2C_battery-7,100.9273570324575,97.243126
Batch-1/2C_battery-7,101.03039670273056,97.09339
Batch-1/2C_battery-7,101.08191653786707,97.16007
Batch-1/2C_battery-7,101.1334363730036,97.15496
Batch-1/2C_battery-7,101.18495620814012,97.16007
Batch-1/2C_battery-7,101.23647604327665,97.159035
Batch-1/2C_battery-7,101.23647604327665,97.1719
Batch-1/2C_battery-7,101.2879958784132,97.1719
Batch-1/2C_battery-7,101.33951571354972,97.16196
Batch-1/2C_battery-7,101.39103554868625,97.13301
Batch-1/2C_battery-7,101.44255538382276,97.13849
Batch-1/2C_battery-7,101.44255538382276,97.13301
Batch-1/2C_battery-7,101.44255538382276,96.91479
Batch-1/2C_battery-7,101.4940752189593,96.92025
Batch-1/2C_battery-7,101.4940752189593,96.91479
Batch-1/2C_battery-7,101.4940752189593,96.86248
Batch-1/2C_battery-7,101.4940752189593,96.891426
Batch-1/2C_battery-7,101.44255538382276,96.86796
Batch-1/2C_battery-7,101.4940752189593,96.891426
Batch-1/2C_battery-7,101.54559505409584,96.86796
Batch-1/2C_battery-7,101.4940752189593,96.891426
Batch-1/2C_battery-7,101.4940752189593,96.725075
Batch-1/2C_battery-7,101.54559505409584,96.735016
Batch-1/2C_battery-7,101.54559505409584,96.72122
Batch-1/2C_battery-7,101.54559505409584,96.50161
Batch-1/2C_battery-7,101.4940752189593,96.487526
Batch-1/2C_battery-7,101.54559505409584,96.4885
Batch-1/2C_battery-7,101.54559505409584,96.39681
Batch-1/2C_battery-7,101.54559505409584,96.39681
Batch-1/2C_battery-7,101.54559505409584,96.39681
Batch-1/2C_battery-7,101.44255538382276,95.768364
Batch-1/2C_battery-7,101.44255538382276,95.76429
Batch-1/2C_battery-7,101.44255538382276,95.76429
Batch-1/2C_battery-7,101.44255538382276,95.76469
Batch-1/2C_battery-7,101.7001545595054,95.869865
Batch-1/2C_battery-7,101.59711488923236,95.765724
Batch-1/2C_battery-7,101.4940752189593,95.761345
Batch-1/2C_battery-7,101.44255538382276,95.700554
Batch-1/2C_battery-7,101.44255538382276,95.70153
Batch-1/2C_battery-7,101.39103554868625,95.20791
Batch-1/2C_battery-7,101.33951571354972,95.16978
Batch-1/2C_battery-7,101.33951571354972,95.16978
Batch-1/2C_battery-7,101.39103554868625,95.203835
Batch-1/2C_battery-7,101.39103554868625,94.639854
Batch-1/2C_battery-7,101.39103554868625,94.67391
Batch-1/2C_battery-7,101.4940752189593,94.67391
Batch-1/2C_battery-7,101.4940752189593,93.88352
Batch-1/2C_battery-7,101.39103554868625,93.88352
Batch-1/2C_battery-7,101.33951571354972,93.85472
Batch-1/2C_battery-7,101.2879958784132,93.45136
Batch-1/2C_battery-7,101.23647604327665,93.43786
Batch-1/2C_battery-7,101.23647604327665,93.58759
Batch-1/2C_battery-7,101.18495620814012,93.300514
Batch-1/2C_battery-7,101.1334363730036,93.300514
Batch-1/2C_battery-7,101.1334363730036,93.374
Batch-1/2C_battery-7,101.33951571354972,93.276115
Batch-1/2C_battery-7,101.39103554868625,93.130455
Batch-1/2C_battery-7,101.33951571354972,93.11695
Batch-1/2C_battery-7,101.33951571354972,92.95225
Batch-1/2C_battery-7,101.2879958784132,92.95225
Batch-1/2C_battery-7,101.23647604327665,92.95225
Batch-1/2C_battery-7,101.23647604327665,92.95225
Batch-1/2C_battery-7,101.23647604327665,92.956856
Batch-1/2C_battery-7,101.18495620814012,92.956856
Batch-1/2C_battery-7,101.1334363730036,92.94077
Batch-1/2C_battery-7,101.08191653786707,92.90184
Batch-1/2C_battery-7,101.08191653786707,93.04132
Batch-1/2C_battery-7,101.1334363730036,93.04593
Batch-1/2C_battery-7,101.18495620814012,92.90184
Batch-1/2C_battery-7,101.4940752189593,92.9045
Batch-1/2C_battery-7,101.33951571354972,92.917435
Batch-1/2C_battery-7,101.1334363730036,92.91052
Batch-1/2C_battery-7,101.03039670273056,92.88758
Batch-1/2C_battery-7,100.97887686759401,92.88758
Batch-1/2C_battery-7,100.9273570324575,93.00814
Batch-1/2C_battery-7,100.9273570324575,93.01275
Batch-1/2C_battery-7,100.87583719732096,92.86147
Batch-1/2C_battery-7,100.82431736218444,92.95005
Batch-1/2C_battery-7,100.82431736218444,92.98592
Batch-1/2C_battery-7,100.77279752704791,92.98592
Batch-1/2C_battery-7,100.77279752704791,92.98592
Batch-1/2C_battery-7,100.77279752704791,92.95466
Batch-1/2C_battery-7,100.82431736218444,92.981316
Batch-1/2C_battery-7,100.77279752704791,92.5583
Batch-1/2C_battery-7,100.7212776919114,92.560616
Batch-1/2C_battery-7,100.66975785677485,92.5583
Batch-1/2C_battery-7,100.61823802163833,91.95591
Batch-1/2C_battery-7,100.5667181865018,91.95591
Batch-1/2C_battery-7,100.51519835136529,91.77991
Batch-1/2C_battery-7,100.46367851622875,91.05696
Batch-1/2C_battery-7,100.46367851622875,90.991005
Batch-1/2C_battery-7,100.61823802163833,91.22894
Batch-1/2C_battery-7,100.7212776919114,91.16517
Batch-1/2C_battery-7,100.61823802163833,91.0303
Batch-1/2C_battery-7,100.61823802163833,91.196434
Batch-1/2C_battery-7,100.61823802163833,91.16517
Batch-1/2C_battery-7,100.51519835136529,91.16517
Batch-1/2C_battery-7,100.46367851622875,91.13647
Batch-1/2C_battery-7,100.46367851622875,91.13186
Batch-1/2C_battery-7,100.41215868109221,91.13186
Batch-1/2C_battery-7,100.41215868109221,91.13186
Batch-1/2C_battery-7,100.36063884595569,91.14088
Batch-1/2C_battery-7,100.30911901081916,91.13627
Batch-1/2C_battery-7,100.41215868109221,91.19963
Batch-1/2C_battery-7,100.5667181865018,91.16517
Batch-1/2C_battery-7,100.46367851622875,91.02569
Batch-1/2C_battery-7,100.46367851622875,91.16517
Batch-1/2C_battery-7,100.46367851622875,91.02569
Batch-1/2C_battery-7,100.41215868109221,91.10059
Batch-1/2C_battery-7,100.41215868109221,91.10059
Batch-1/2C_battery-7,100.36063884595569,91.105
Batch-1/2C_battery-7,100.30911901081916,91.13627
Batch-1/2C_battery-7,100.30911901081916,91.13619
Batch-1/2C_battery-7,100.25759917568263,91.13627
Batch-1/2C_battery-7,100.25759917568263,91.16588
Batch-1/2C_battery-7,100.20607934054611,91.13619
Batch-1/2C_battery-7,100.25759917568263,91.13619
Batch-1/2C_battery-7,100.20607934054611,91.10493
Batch-1/2C_battery-7,100.25759917568263,91.13627
Batch-1/2C_battery-7,100.25759917568263,91.10493
Batch-1/2C_battery-7,100.20607934054611,91.13461
Batch-1/2C_battery-7,100.15455950540957,91.16588
Batch-1/2C_battery-7,100.15455950540957,91.13736
Batch-1/2C_battery-7,100.10303967027305,91.13736
Batch-1/2C_battery-7,100.05151983513652,91.091415
Batch-1/2C_battery-7,100.0,91.091415
Batch-1/2C_battery-7,99.94848016486347,91.091415
Batch-1/2C_battery-7,100.0,91.091415
Batch-1/2C_battery-7,100.15455950540957,91.13461
Batch-1/2C_battery-7,100.15455950540957,90.99921
Batch-1/2C_battery-7,100.15455950540957,90.99513
Batch-1/2C_battery-7,100.05151983513652,90.88276
Batch-1/2C_battery-7,100.0,91.02224
Batch-1/2C_battery-7,100.0,91.02224
Batch-1/2C_battery-7,99.94848016486347,91.02224
Batch-1/2C_battery-7,99.94848016486347,91.02127
Batch-1/2C_battery-7,99.89696032972695,91.02127
Batch-1/2C_battery-7,99.8454404945904,90.97395
Batch-1/2C_battery-7,99.79392065945389,91.03835
Batch-1/2C_battery-7,99.79392065945389,91.03835
Batch-1/2C_battery-7,100.05151983513652,91.07742
Batch-1/2C_battery-7,100.25759917568263,90.94258
Batch-1/2C_battery-7,100.25759917568263,90.903145
Batch-1/2C_battery-7,100.10303967027305,90.903145
Batch-1/2C_battery-7,100.05151983513652,90.932076
Batch-1/2C_battery-7,100.0,90.935745
Batch-1/2C_battery-7,99.94848016486347,90.93167
Batch-1/2C_battery-7,99.89696032972695,90.83447
Batch-1/2C_battery-7,99.89696032972695,90.83447
Batch-1/2C_battery-7,99.8454404945904,90.8297
Batch-1/2C_battery-7,99.8454404945904,90.8297
Batch-1/2C_battery-7,99.79392065945389,90.8297
Batch-1/2C_battery-7,99.8454404945904,90.8297
Batch-1/2C_battery-7,99.8454404945904,90.83377
Batch-1/2C_battery-7,99.8454404945904,90.83377
Batch-1/2C_battery-7,99.79392065945389,90.83292
Batch-1/2C_battery-7,99.74240082431736,90.8459
Batch-1/2C_battery-7,99.69088098918083,90.8459
Batch-1/2C_battery-7,99.63936115404431,90.77768
Batch-1/2C_battery-7,99.58784131890778,90.67795
Batch-1/2C_battery-7,99.58784131890778,90.81743
Batch-1/2C_battery-7,99.53632148377125,90.81743
Batch-1/2C_battery-7,99.53632148377125,90.81743
Batch-1/2C_battery-7,99.48480164863473,90.81114
Batch-1/2C_battery-7,99.43328181349818,90.81114
Batch-1/2C_battery-7,99.43328181349818,90.81114
Batch-1/2C_battery-7,99.38176197836167,90.81114
Batch-1/2C_battery-7,99.38176197836167,90.88032
Batch-1/2C_battery-7,99.38176197836167,90.807526
Batch-1/2C_battery-7,99.33024214322514,90.8767
Batch-1/2C_battery-7,99.33024214322514,90.8767
Batch-1/2C_battery-7,99.27872230808862,90.8767
Batch-1/2C_battery-7,99.22720247295209,90.8767
Batch-1/2C_battery-7,99.22720247295209,90.87353
Batch-1/2C_battery-7,99.17568263781556,90.87353
Batch-1/2C_battery-7,99.17568263781556,90.865166
Batch-1/2C_battery-7,99.12416280267902,90.865166
Batch-1/2C_battery-7,99.12416280267902,90.86199
Batch-1/2C_battery-7,99.12416280267902,90.865166
Batch-1/2C_battery-7,99.0726429675425,90.86648
Batch-1/2C_battery-7,99.0726429675425,90.88265
Batch-1/2C_battery-7,99.02112313240598,90.88265
Batch-1/2C_battery-7,99.02112313240598,90.86343
Batch-1/2C_battery-7,98.96960329726944,90.85659
Batch-1/2C_battery-7,98.91808346213291,90.77798
Batch-1/2C_battery-7,98.8665636269964,90.31348
Batch-1/2C_battery-7,98.81504379185986,90.09005
Batch-1/2C_battery-7,98.76352395672335,89.73684
Batch-1/2C_battery-7,98.7120041215868,89.49486
Batch-1/2C_battery-7,98.7120041215868,89.49486
Batch-1/2C_battery-7,98.66048428645028,89.2082
Batch-1/2C_battery-7,98.55744461617722,89.25271
Batch-1/2C_battery-7,98.55744461617722,89.26631
Batch-1/2C_battery-7,98.5059247810407,89.26546
Batch-1/2C_battery-7,98.5059247810407,89.26546
Batch-1/2C_battery-7,98.45440494590417,89.251854
Batch-1/2C_battery-7,98.40288511076764,89.217476
Batch-1/2C_battery-7,98.35136527563112,89.22318
Batch-1/2C_battery-7,98.29984544049458,89.22318
Batch-1/2C_battery-7,98.24832560535806,89.135445
Batch-1/2C_battery-7,98.19680577022153,89.09466
Batch-1/2C_battery-7,98.145285935085,89.09698
Batch-1/2C_battery-7,98.09376609994848,89.09466
Batch-1/2C_battery-7,98.04224626481195,89.1099
Batch-1/2C_battery-7,97.99072642967542,89.16067
Batch-1/2C_battery-7,97.88768675940236,89.081764
Batch-1/2C_battery-7,97.83616692426584,89.068886
Batch-1/2C_battery-7,97.73312725399278,89.102806
Batch-1/2C_battery-7,97.68160741885626,89.11663
Batch-1/2C_battery-7,97.63008758371973,89.20045
Batch-1/2C_battery-7,97.5785677485832,89.20045
Batch-1/2C_battery-7,97.47552807831013,89.11533
Batch-1/2C_battery-7,97.37248840803709,89.17789
Batch-1/2C_battery-7,97.32096857290057,89.11536
Batch-1/2C_battery-7,97.2179289026275,89.12425
Batch-1/2C_battery-7,97.16640906749097,89.07852
Batch-1/2C_battery-7,97.06336939721793,89.06239
Batch-1/2C_battery-7,96.96032972694486,89.26405
Batch-1/2C_battery-7,96.90880989180835,89.26405
Batch-1/2C_battery-7,96.85729005667181,89.26405
Batch-1/2C_battery-7,96.8057702215353,89.26405
Batch-1/2C_battery-7,96.70273055126223,89.36073
Batch-1/2C_battery-7,96.6512107161257,89.41127
Batch-1/2C_battery-7,96.59969088098917,89.44592
Batch-1/2C_battery-7,96.49665121071612,89.43475
Batch-1/2C_battery-7,96.44513137557959,89.51236
Batch-1/2C_battery-7,96.39361154044308,89.51236
Batch-1/2C_battery-7,96.34209170530654,89.65927
Batch-1/2C_battery-7,96.34209170530654,89.65927
Batch-1/2C_battery-7,96.29057187017001,89.637665
Batch-1/2C_battery-7,96.18753219989695,89.637665
Batch-1/2C_battery-7,96.2390520350335,89.637665
Batch-1/2C_battery-7,96.13601236476043,89.73068
Batch-1/2C_battery-7,96.03297269448738,90.10536
Batch-1/2C_battery-7,95.98145285935085,90.12326
Batch-1/2C_battery-7,95.92993302421432,90.07419
Batch-1/2C_battery-7,95.82689335394127,89.87895
Batch-1/2C_battery-7,95.77537351880474,89.945435
Batch-1/2C_battery-7,95.77537351880474,89.945435
Batch-1/2C_battery-7,95.67233384853168,89.94588
Batch-1/2C_battery-7,95.62081401339516,89.50063
Batch-1/2C_battery-7,95.62081401339516,89.55044
Batch-1/2C_battery-7,95.56929417825863,89.76793
Batch-1/2C_battery-7,95.51777434312211,89.564354
Batch-1/2C_battery-7,95.46625450798557,89.42705
Batch-1/2C_battery-7,95.36321483771252,89.532326
Batch-1/2C_battery-7,95.31169500257599,89.18658
Batch-1/2C_battery-7,95.26017516743947,89.15383
Batch-1/2C_battery-7,95.20865533230294,89.16961
Batch-1/2C_battery-7,95.1571354971664,89.13889
Batch-1/2C_battery-7,95.10561566202989,89.13889
Batch-1/2C_battery-7,95.05409582689335,89.16961
Batch-1/2C_battery-7,95.00257599175683,88.88233
Batch-1/2C_battery-7,95.00257599175683,88.68018
Batch-1/2C_battery-7,95.05409582689335,88.83625
Batch-1/2C_battery-7,94.9510561566203,88.88233
Batch-1/2C_battery-7,94.84801648634725,88.23914
Batch-1/2C_battery-7,94.74497681607419,88.270096
Batch-1/2C_battery-7,94.69345698093767,88.08807
Batch-1/2C_battery-7,94.5904173106646,88.284775
Batch-1/2C_battery-7,94.48737764039156,88.23836
Batch-1/2C_battery-7,94.5904173106646,88.06872
Batch-1/2C_battery-7,94.64193714580112,88.06872
Batch-1/2C_battery-7,94.5904173106646,88.05687
Batch-1/2C_battery-7,94.43585780525503,88.30492
Batch-1/2C_battery-7,94.48737764039156,88.16324
Batch-1/2C_battery-7,94.33281813498196,88.29259
Batch-1/2C_battery-7,94.22977846470891,88.29259
Batch-1/2C_battery-7,94.12673879443585,88.35759
Batch-1/2C_battery-7,93.97217928902629,88.35759
Batch-1/2C_battery-7,93.86913961875322,88.35759
Batch-1/2C_battery-7,93.76609994848016,88.34877
Batch-1/2C_battery-7,93.66306027820711,88.3517
Batch-1/2C_battery-7,93.76609994848016,88.34877
Batch-1/2C_battery-7,93.97217928902629,88.34877
Batch-1/2C_battery-7,93.86913961875322,88.5029
Batch-1/2C_battery-7,93.71458011334364,88.5029
Batch-1/2C_battery-7,93.61154044307057,88.5029
Batch-1/2C_battery-7,93.66306027820711,88.5029
Batch-1/2C_battery-7,93.71458011334364,88.88901
Batch-1/2C_battery-7,93.40546110252447,88.97688
Batch-1/2C_battery-7,93.30242143225142,88.91997
Batch-1/2C_battery-7,93.14786192684184,88.91997
Batch-1/2C_battery-7,93.04482225656878,89.06818
Batch-1/2C_battery-7,92.94178258629572,88.90146
Batch-1/2C_battery-7,92.89026275115918,89.01874
Batch-1/2C_battery-7,93.14786192684184,89.01874
Batch-1/2C_battery-7,93.14786192684184,89.01874
Batch-1/2C_battery-7,92.99330242143225,88.90146
Batch-1/2C_battery-7,92.89026275115918,88.94232
Batch-1/2C_battery-7,92.78722308088614,88.94232
Batch-1/2C_battery-7,92.68418341061307,88.84889
Batch-1/2C_battery-7,92.58114374034002,89.018265
Batch-1/2C_battery-7,92.52962390520351,88.85428
Batch-1/2C_battery-7,92.42658423493044,88.86823
Batch-1/2C_battery-7,92.3235445646574,88.73487
Batch-1/2C_battery-7,92.22050489438433,88.73487
Batch-1/2C_battery-7,92.11746522411129,88.73487
Batch-1/2C_battery-7,92.1689850592478,88.795815
Batch-1/2C_battery-7,92.01442555383824,88.795815
Batch-1/2C_battery-7,91.91138588356516,88.795815
Batch-1/2C_battery-7,91.70530654301906,88.347115
Batch-1/2C_battery-7,91.55074703760947,88.348076
Batch-1/2C_battery-7,91.44770736733642,88.4311
Batch-1/2C_battery-7,91.34466769706336,88.4311
Batch-1/2C_battery-7,91.19010819165379,88.65338
Batch-1/2C_battery-7,91.08706852138073,89.0066
Batch-1/2C_battery-7,90.93250901597114,89.22834
Batch-1/2C_battery-7,90.82946934569809,89.22834
Batch-1/2C_battery-7,90.72642967542504,89.23429
Batch-1/2C_battery-7,90.62339000515198,89.22834
Batch-1/2C_battery-7,90.52035033487891,89.217155
Batch-1/2C_battery-7,90.41731066460586,89.25703
Batch-1/2C_battery-7,90.26275115919628,89.68543
Batch-1/2C_battery-7,90.15971148892324,90.27825
Batch-1/2C_battery-7,90.1081916537867,90.27825
Batch-1/2C_battery-7,90.05667181865019,90.3803
Batch-1/2C_battery-7,89.85059247810406,90.46142
Batch-1/2C_battery-7,89.64451313755795,90.45785
Batch-1/2C_battery-7,89.48995363214837,90.54459
Batch-1/2C_battery-7,89.38691396187532,90.555504
Batch-1/2C_battery-7,89.23235445646573,90.555504
Batch-1/2C_battery-7,89.02627511591963,90.52015
Batch-1/2C_battery-7,88.9747552807831,90.449104
Batch-1/2C_battery-7,88.8201957753735,90.24886
Batch-1/2C_battery-7,88.8201957753735,90.24886
Batch-1/2C_battery-7,88.71715610510046,90.23441
Batch-1/2C_battery-7,88.66563626996394,90.24886
Batch-1/2C_battery-7,88.61411643482741,90.085945
Batch-1/2C_battery-7,88.40803709428128,90.0626
Batch-1/2C_battery-7,88.20195775373519,90.056175
Batch-1/2C_battery-7,88.09891808346212,89.95124
Batch-1/2C_battery-7,87.99587841318908,89.95124
Batch-1/2C_battery-7,87.8413189077795,89.94998
Batch-1/2C_battery-7,87.78979907264296,90.05229
Batch-1/2C_battery-7,87.8413189077795,89.93692
Batch-1/2C_battery-7,87.6867594023699,90.04245
Batch-1/2C_battery-7,87.58371973209685,89.68533
Batch-1/2C_battery-7,87.4806800618238,89.6015
Batch-1/2C_battery-7,87.37764039155074,89.6015
Batch-1/2C_battery-7,87.32612055641422,88.88663
Batch-1/2C_battery-7,87.22308088614116,88.90799
Batch-1/2C_battery-7,87.1200412158681,89.14342
Batch-1/2C_battery-7,87.01700154559505,89.14342
Batch-1/2C_battery-7,86.86244204018546,88.90089
Batch-1/2C_battery-7,86.75940236991241,88.67532
Batch-1/2C_battery-7,86.65636269963936,88.92098
Batch-1/2C_battery-7,86.65636269963936,88.90089
Batch-1/2C_battery-7,86.81092220504894,89.13935
Batch-1/2C_battery-7,86.65636269963936,88.67532
Batch-1/2C_battery-7,86.50180319422978,88.67532
Batch-1/2C_battery-7,86.29572385368367,88.70232
Batch-1/2C_battery-7,86.19268418341062,88.7883
Batch-1/2C_battery-7,86.03812467800103,88.78899
Batch-1/2C_battery-7,85.9866048428645,88.78899
Batch-1/2C_battery-7,85.7805255023184,88.67815
Batch-1/2C_battery-7,85.67748583204533,88.67815
Batch-1/2C_battery-7,85.57444616177227,88.66943
Batch-1/2C_battery-7,85.47140649149922,88.574905
Batch-1/2C_battery-7,85.47140649149922,88.574905
Batch-1/2C_battery-7,85.52292632663575,88.66943
Batch-1/2C_battery-7,85.47140649149922,88.33804
Batch-1/2C_battery-7,85.31684698608963,88.574905
Batch-1/2C_battery-7,85.16228748068006,88.33804
Batch-1/2C_battery-7,85.11076764554353,88.38847
Batch-1/2C_battery-7,84.95620814013395,88.38321
Batch-1/2C_battery-7,84.69860896445131,88.38321
Batch-1/2C_battery-7,84.54404945904173,88.28773
Batch-1/2C_battery-7,84.44100978876867,88.28773
Batch-1/2C_battery-7,84.28645028335909,88.28773
Batch-1/2C_battery-7,84.13189077794951,82.15343
Batch-1/2C_battery-7,83.97733127253993,82.15343
Batch-1/2C_battery-7,84.02885110767645,82.15343
Batch-1/2C_battery-7,84.08037094281298,88.08235
Batch-1/2C_battery-7,83.9258114374034,87.93525
Batch-1/2C_battery-7,83.82277176713035,87.93525
Batch-1/2C_battery-7,83.61669242658422,87.81958
Batch-1/2C_battery-7,83.5651725914477,87.78775
Batch-1/2C_battery-7,83.41061308603813,87.8043
Batch-1/2C_battery-7,83.25605358062855,87.64561
Batch-1/2C_battery-7,83.04997424008243,81.59942
Batch-1/2C_battery-7,82.94693456980939,81.60763
Batch-1/2C_battery-7,82.79237506439979,81.60763
Batch-1/2C_battery-7,82.63781555899021,81.60763
Batch-1/2C_battery-7,82.53477588871716,81.60763
Batch-1/2C_battery-7,82.63781555899021,81.60763
Batch-1/2C_battery-7,82.68933539412674,87.720924
Batch-1/2C_battery-7,82.58629572385368,87.720924
Batch-1/2C_battery-7,82.48325605358062,87.24328
Batch-1/2C_battery-7,82.27717671303452,87.24328
Batch-1/2C_battery-8,105.96306068601582,99.09956
Batch-1/2C_battery-8,99.89445910290237,99.59589
Batch-1/2C_battery-8,100.0,99.63943
Batch-1/2C_battery-8,100.15831134564644,98.54905
Batch-1/2C_battery-8,100.31662269129286,98.594536
Batch-1/2C_battery-8,100.42216358839052,98.586136
Batch-1/2C_battery-8,100.52770448548813,97.70819
Batch-1/2C_battery-8,100.63324538258576,97.80495
Batch-1/2C_battery-8,100.7915567282322,97.733536
Batch-1/2C_battery-8,100.8970976253298,97.39102
Batch-1/2C_battery-8,100.63324538258576,97.30064
Batch-1/2C_battery-8,100.84432717678101,97.57733
Batch-1/2C_battery-8,101.10817941952506,97.443436
Batch-1/2C_battery-8,101.21372031662268,97.41156
Batch-1/2C_battery-8,101.3192612137203,97.45249
Batch-1/2C_battery-8,101.42480211081795,97.39927
Batch-1/2C_battery-8,101.47757255936676,97.38386
Batch-1/2C_battery-8,101.58311345646437,97.360954
Batch-1/2C_battery-8,101.63588390501319,97.36147
Batch-1/2C_battery-8,101.688654353562,97.360954
Batch-1/2C_battery-8,101.74142480211081,97.34181
Batch-1/2C_battery-8,101.84696569920844,97.32206
Batch-1/2C_battery-8,101.95250659630605,97.296776
Batch-1/2C_battery-8,102.00527704485489,97.243126
Batch-1/2C_battery-8,102.05804749340368,97.04034
Batch-1/2C_battery-8,102.11081794195252,97.0716
Batch-1/2C_battery-8,102.21635883905013,97.10248
Batch-1/2C_battery-8,102.26912928759894,97.10248
Batch-1/2C_battery-8,102.26912928759894,97.10248
Batch-1/2C_battery-8,102.32189973614776,97.09157
Batch-1/2C_battery-8,102.37467018469657,97.11772
Batch-1/2C_battery-8,102.42744063324538,97.08646
Batch-1/2C_battery-8,102.4802110817942,97.08646
Batch-1/2C_battery-8,102.53298153034301,96.89467
Batch-1/2C_battery-8,102.53298153034301,96.89467
Batch-1/2C_battery-8,102.4802110817942,96.93297
Batch-1/2C_battery-8,102.63852242744062,96.78147
Batch-1/2C_battery-8,102.63852242744062,96.712395
Batch-1/2C_battery-8,102.69129287598943,96.458336
Batch-1/2C_battery-8,102.69129287598943,96.69419
Batch-1/2C_battery-8,102.74406332453827,96.69419
Batch-1/2C_battery-8,102.79683377308706,96.69419
Batch-1/2C_battery-8,102.79683377308706,96.13865
Batch-1/2C_battery-8,102.79683377308706,96.13865
Batch-1/2C_battery-8,102.74406332453827,96.12582
Batch-1/2C_battery-8,102.79683377308706,96.114136
Batch-1/2C_battery-8,102.79683377308706,96.11132
Batch-1/2C_battery-8,102.9023746701847,96.12415
Batch-1/2C_battery-8,103.21899736147758,95.92446
Batch-1/2C_battery-8,103.00791556728232,95.79389
Batch-1/2C_battery-8,102.95514511873351,96.04034
Batch-1/2C_battery-8,102.9023746701847,95.49955
Batch-1/2C_battery-8,102.9023746701847,95.52195
Batch-1/2C_battery-8,102.9023746701847,95.52195
Batch-1/2C_battery-8,102.9023746701847,95.52975
Batch-1/2C_battery-8,102.9023746701847,94.985306
Batch-1/2C_battery-8,102.95514511873351,94.89127
Batch-1/2C_battery-8,102.95514511873351,94.97386
Batch-1/2C_battery-8,103.00791556728232,93.95781
Batch-1/2C_battery-8,103.11345646437995,94.19756
Batch-1/2C_battery-8,103.16622691292876,94.19756
Batch-1/2C_battery-8,103.06068601583114,93.70047
Batch-1/2C_battery-8,103.00791556728232,93.550545
Batch-1/2C_battery-8,102.95514511873351,93.30907
Batch-1/2C_battery-8,102.95514511873351,92.844666
Batch-1/2C_battery-8,102.95514511873351,92.792625
Batch-1/2C_battery-8,102.9023746701847,92.792625
Batch-1/2C_battery-8,102.9023746701847,92.608376
Batch-1/2C_battery-8,102.9023746701847,92.35936
Batch-1/2C_battery-8,103.16622691292876,93.28268
Batch-1/2C_battery-8,103.21899736147758,93.11059
Batch-1/2C_battery-8,103.11345646437995,93.110985
Batch-1/2C_battery-8,103.16622691292876,93.16229
Batch-1/2C_battery-8,103.11345646437995,93.1188
Batch-1/2C_battery-8,103.06068601583114,93.000565
Batch-1/2C_battery-8,103.11345646437995,92.99608
Batch-1/2C_battery-8,103.11345646437995,93.122444
Batch-1/2C_battery-8,103.06068601583114,93.122444
Batch-1/2C_battery-8,103.06068601583114,93.14784
Batch-1/2C_battery-8,103.00791556728232,92.977974
Batch-1/2C_battery-8,102.95514511873351,92.53758
Batch-1/2C_battery-8,103.11345646437995,92.58195
Batch-1/2C_battery-8,103.32453825857519,92.85116
Batch-1/2C_battery-8,103.53562005277044,92.963646
Batch-1/2C_battery-8,103.27176781002638,92.96404
Batch-1/2C_battery-8,103.06068601583114,93.137566
Batch-1/2C_battery-8,103.00791556728232,92.58366
Batch-1/2C_battery-8,102.95514511873351,92.550514
Batch-1/2C_battery-8,102.9023746701847,92.11551
Batch-1/2C_battery-8,102.95514511873351,92.12341
Batch-1/2C_battery-8,102.9023746701847,92.550514
Batch-1/2C_battery-8,102.8496042216359,92.09943
Batch-1/2C_battery-8,102.9023746701847,92.08617
Batch-1/2C_battery-8,102.8496042216359,92.07799
Batch-1/2C_battery-8,102.8496042216359,92.07713
Batch-1/2C_battery-8,102.8496042216359,91.46736
Batch-1/2C_battery-8,102.9023746701847,91.45398
Batch-1/2C_battery-8,102.8496042216359,91.475266
Batch-1/2C_battery-8,102.79683377308706,90.78515
Batch-1/2C_battery-8,102.79683377308706,90.79791
Batch-1/2C_battery-8,102.74406332453827,90.75754
Batch-1/2C_battery-8,102.63852242744062,90.03884
Batch-1/2C_battery-8,102.63852242744062,90.03651
Batch-1/2C_battery-8,102.63852242744062,90.00616
Batch-1/2C_battery-8,102.63852242744062,90.03884
Batch-1/2C_battery-8,102.9023746701847,90.06969
Batch-1/2C_battery-8,102.95514511873351,90.891624
Batch-1/2C_battery-8,102.79683377308706,90.96029
Batch-1/2C_battery-8,102.8496042216359,90.04818
Batch-1/2C_battery-8,102.8496042216359,90.28942
Batch-1/2C_battery-8,102.74406332453827,90.0229
Batch-1/2C_battery-8,102.69129287598943,90.03884
Batch-1/2C_battery-8,102.69129287598943,90.03651
Batch-1/2C_battery-8,102.69129287598943,90.03334
Batch-1/2C_battery-8,102.69129287598943,90.03102
Batch-1/2C_battery-8,102.63852242744062,89.987045
Batch-1/2C_battery-8,102.63852242744062,90.00065
Batch-1/2C_battery-8,102.79683377308706,90.03651
Batch-1/2C_battery-8,102.9023746701847,90.69542
Batch-1/2C_battery-8,102.79683377308706,91.058556
Batch-1/2C_battery-8,102.8496042216359,90.628456
Batch-1/2C_battery-8,102.8496042216359,90.91361
Batch-1/2C_battery-8,102.79683377308706,90.27511
Batch-1/2C_battery-8,102.79683377308706,90.27511
Batch-1/2C_battery-8,102.74406332453827,89.9996
Batch-1/2C_battery-8,102.69129287598943,89.984726
Batch-1/2C_battery-8,102.69129287598943,89.984726
Batch-1/2C_battery-8,102.69129287598943,89.984726
Batch-1/2C_battery-8,102.63852242744062,90.00065
Batch-1/2C_battery-8,102.63852242744062,89.984726
Batch-1/2C_battery-8,102.69129287598943,89.97682
Batch-1/2C_battery-8,102.63852242744062,89.86251
Batch-1/2C_battery-8,102.74406332453827,89.97766
Batch-1/2C_battery-8,102.69129287598943,89.95415
Batch-1/2C_battery-8,102.63852242744062,89.97766
Batch-1/2C_battery-8,102.63852242744062,89.984726
Batch-1/2C_battery-8,102.58575197889182,89.984726
Batch-1/2C_battery-8,102.58575197889182,89.97682
Batch-1/2C_battery-8,102.53298153034301,89.977325
Batch-1/2C_battery-8,102.4802110817942,89.977325
Batch-1/2C_battery-8,102.4802110817942,89.977325
Batch-1/2C_battery-8,102.58575197889182,89.99917
Batch-1/2C_battery-8,102.74406332453827,90.87081
Batch-1/2C_battery-8,102.69129287598943,91.20789
Batch-1/2C_battery-8,102.69129287598943,90.57136
Batch-1/2C_battery-8,102.53298153034301,89.94591
Batch-1/2C_battery-8,102.53298153034301,89.978165
Batch-1/2C_battery-8,102.53298153034301,89.96235
Batch-1/2C_battery-8,102.42744063324538,89.95495
Batch-1/2C_battery-8,102.42744063324538,89.946205
Batch-1/2C_battery-8,102.42744063324538,89.95411
Batch-1/2C_battery-8,102.37467018469657,89.88247
Batch-1/2C_battery-8,102.32189973614776,89.889534
Batch-1/2C_battery-8,102.42744063324538,89.96855
Batch-1/2C_battery-8,102.69129287598943,90.65328
Batch-1/2C_battery-8,102.8496042216359,91.1604
Batch-1/2C_battery-8,102.74406332453827,91.040665
Batch-1/2C_battery-8,102.69129287598943,91.17322
Batch-1/2C_battery-8,102.63852242744062,91.17322
Batch-1/2C_battery-8,102.58575197889182,91.18612
Batch-1/2C_battery-8,102.53298153034301,90.99254
Batch-1/2C_battery-8,102.4802110817942,90.79244
Batch-1/2C_battery-8,102.4802110817942,90.615105
Batch-1/2C_battery-8,102.42744063324538,90.54814
Batch-1/2C_battery-8,102.37467018469657,90.214554
Batch-1/2C_battery-8,102.37467018469657,89.92353
Batch-1/2C_battery-8,102.42744063324538,90.615105
Batch-1/2C_battery-8,102.42744063324538,91.02544
Batch-1/2C_battery-8,102.42744063324538,90.81355
Batch-1/2C_battery-8,102.37467018469657,91.02914
Batch-1/2C_battery-8,102.26912928759894,90.50319
Batch-1/2C_battery-8,102.21635883905013,89.858955
Batch-1/2C_battery-8,102.21635883905013,89.88247
Batch-1/2C_battery-8,102.16358839050133,89.88247
Batch-1/2C_battery-8,102.16358839050133,89.858955
Batch-1/2C_battery-8,102.11081794195252,89.88247
Batch-1/2C_battery-8,102.05804749340368,89.79463
Batch-1/2C_battery-8,102.05804749340368,89.802536
Batch-1/2C_battery-8,102.00527704485489,89.79463
Batch-1/2C_battery-8,101.95250659630605,89.802536
Batch-1/2C_battery-8,101.95250659630605,89.81614
Batch-1/2C_battery-8,101.95250659630605,89.81614
Batch-1/2C_battery-8,101.89973614775725,89.802536
Batch-1/2C_battery-8,101.89973614775725,89.802536
Batch-1/2C_battery-8,101.84696569920844,89.802536
Batch-1/2C_battery-8,101.79419525065963,89.81614
Batch-1/2C_battery-8,101.79419525065963,89.81614
Batch-1/2C_battery-8,101.74142480211081,89.819786
Batch-1/2C_battery-8,101.74142480211081,89.819786
Batch-1/2C_battery-8,101.688654353562,89.7192
Batch-1/2C_battery-8,101.688654353562,89.720055
Batch-1/2C_battery-8,101.63588390501319,89.720055
Batch-1/2C_battery-8,101.63588390501319,89.7192
Batch-1/2C_battery-8,101.58311345646437,89.720055
Batch-1/2C_battery-8,101.58311345646437,89.720055
Batch-1/2C_battery-8,101.58311345646437,89.72283
Batch-1/2C_battery-8,101.53034300791558,89.682045
Batch-1/2C_battery-8,101.53034300791558,89.682045
Batch-1/2C_battery-8,101.42480211081795,89.682045
Batch-1/2C_battery-8,101.37203166226914,89.682045
Batch-1/2C_battery-8,101.26649076517151,89.683525
Batch-1/2C_battery-8,101.26649076517151,89.681206
Batch-1/2C_battery-8,101.21372031662268,89.672844
Batch-1/2C_battery-8,101.21372031662268,89.67368
Batch-1/2C_battery-8,101.10817941952506,89.6415
Batch-1/2C_battery-8,101.05540897097625,89.64234
Batch-1/2C_battery-8,101.00263852242743,89.64382
Batch-1/2C_battery-8,101.00263852242743,89.6415
Batch-1/2C_battery-8,100.94986807387862,89.6415
Batch-1/2C_battery-8,100.94986807387862,89.67199
Batch-1/2C_battery-8,100.8970976253298,89.66157
Batch-1/2C_battery-8,100.84432717678101,89.66389
Batch-1/2C_battery-8,100.7915567282322,89.66389
Batch-1/2C_battery-8,100.73878627968338,89.307236
Batch-1/2C_battery-8,100.68601583113457,89.307236
Batch-1/2C_battery-8,100.58047493403693,89.307236
Batch-1/2C_battery-8,100.52770448548813,89.259056
Batch-1/2C_battery-8,100.4749340369393,89.15007
Batch-1/2C_battery-8,100.42216358839052,89.149994
Batch-1/2C_battery-8,100.31662269129286,89.29575
Batch-1/2C_battery-8,100.26385224274405,89.29575
Batch-1/2C_battery-8,100.15831134564644,89.295296
Batch-1/2C_battery-8,100.10554089709763,89.295296
Batch-1/2C_battery-8,100.0,89.295296
Batch-1/2C_battery-8,99.94722955145117,89.287
Batch-1/2C_battery-8,99.84168865435356,89.287
Batch-1/2C_battery-8,99.73614775725594,89.25351
Batch-1/2C_battery-8,99.73614775725594,89.25351
Batch-1/2C_battery-8,99.63060686015831,89.26288
Batch-1/2C_battery-8,99.52506596306068,89.26288
Batch-1/2C_battery-8,99.41952506596306,89.19466
Batch-1/2C_battery-8,99.31398416886543,89.19466
Batch-1/2C_battery-8,99.31398416886543,89.142654
Batch-1/2C_battery-8,99.2084432717678,89.15051
Batch-1/2C_battery-8,99.15567282321899,89.15852
Batch-1/2C_battery-8,99.10290237467018,89.15588
Batch-1/2C_battery-8,99.05013192612138,89.15588
Batch-1/2C_battery-8,98.94459102902374,89.15332
Batch-1/2C_battery-8,98.89182058047494,89.05318
Batch-1/2C_battery-8,98.83905013192611,89.07863
Batch-1/2C_battery-8,98.78627968337732,89.11243
Batch-1/2C_battery-8,98.78627968337732,89.14386
Batch-1/2C_battery-8,98.7335092348285,89.10794
Batch-1/2C_battery-8,98.62796833773086,89.11241
Batch-1/2C_battery-8,98.62796833773086,89.12358
Batch-1/2C_battery-8,98.57519788918206,89.12358
Batch-1/2C_battery-8,98.46965699208444,89.04132
Batch-1/2C_battery-8,98.41688654353563,89.04132
Batch-1/2C_battery-8,98.311345646438,89.04132
Batch-1/2C_battery-8,98.311345646438,89.04132
Batch-1/2C_battery-8,98.25857519788919,89.04132
Batch-1/2C_battery-8,98.20580474934036,89.04132
Batch-1/2C_battery-8,98.10026385224275,89.04132
Batch-1/2C_battery-8,98.10026385224275,89.04132
Batch-1/2C_battery-8,98.04749340369393,89.04132
Batch-1/2C_battery-8,97.99472295514512,88.97577
Batch-1/2C_battery-8,97.99472295514512,88.97577
Batch-1/2C_battery-8,97.94195250659631,88.97577
Batch-1/2C_battery-8,97.8891820580475,89.04225
Batch-1/2C_battery-8,97.78364116094987,89.04225
Batch-1/2C_battery-8,97.73087071240106,89.32077
Batch-1/2C_battery-8,97.67810026385224,89.06401
Batch-1/2C_battery-8,97.62532981530343,89.07791
Batch-1/2C_battery-8,97.67810026385224,89.07692
Batch-1/2C_battery-8,97.57255936675462,89.090836
Batch-1/2C_battery-8,97.46701846965699,89.0627
Batch-1/2C_battery-8,97.46701846965699,89.1416
Batch-1/2C_battery-8,97.46701846965699,89.0627
Batch-1/2C_battery-8,97.46701846965699,89.0627
Batch-1/2C_battery-8,97.36147757255937,89.0627
Batch-1/2C_battery-8,97.30870712401057,89.117035
Batch-1/2C_battery-8,97.20316622691293,89.20204
Batch-1/2C_battery-8,97.15039577836411,89.20204
Batch-1/2C_battery-8,97.04485488126649,89.24812
Batch-1/2C_battery-8,97.15039577836411,89.118225
Batch-1/2C_battery-8,97.20316622691293,89.23477
Batch-1/2C_battery-8,97.15039577836411,89.20204
Batch-1/2C_battery-8,97.04485488126649,89.20204
Batch-1/2C_battery-8,97.0976253298153,89.11354
Batch-1/2C_battery-8,96.88654353562005,89.21077
Batch-1/2C_battery-8,96.78100263852242,88.98569
Batch-1/2C_battery-8,96.72823218997361,88.89174
Batch-1/2C_battery-8,96.56992084432719,88.99624
Batch-1/2C_battery-8,96.46437994722955,89.149086
Batch-1/2C_battery-8,96.41160949868073,89.05202
Batch-1/2C_battery-8,96.3060686015831,89.14707
Batch-1/2C_battery-8,96.46437994722955,88.9769
Batch-1/2C_battery-8,96.67546174142481,88.9653
Batch-1/2C_battery-8,96.51715039577836,88.88196
Batch-1/2C_battery-8,96.41160949868073,89.07397
Batch-1/2C_battery-8,96.3060686015831,89.149086
Batch-1/2C_battery-8,96.35883905013193,89.05461
Batch-1/2C_battery-8,96.41160949868073,89.20012
Batch-1/2C_battery-8,96.14775725593668,89.420494
Batch-1/2C_battery-8,95.98944591029024,89.48817
Batch-1/2C_battery-8,95.8839050131926,89.70405
Batch-1/2C_battery-8,95.77836411609498,89.63508
Batch-1/2C_battery-8,95.72559366754618,89.61347
Batch-1/2C_battery-8,95.72559366754618,89.61347
Batch-1/2C_battery-8,95.98944591029024,89.570076
Batch-1/2C_battery-8,95.98944591029024,89.550735
Batch-1/2C_battery-8,95.8839050131926,89.61347
Batch-1/2C_battery-8,95.8311345646438,89.61347
Batch-1/2C_battery-8,95.72559366754618,89.61347
Batch-1/2C_battery-8,95.67282321899737,89.61347
Batch-1/2C_battery-8,95.62005277044855,89.70649
Batch-1/2C_battery-8,95.56728232189973,89.48948
Batch-1/2C_battery-8,95.51451187335093,90.049995
Batch-1/2C_battery-8,95.4089709762533,90.049995
Batch-1/2C_battery-8,95.35620052770449,89.84228
Batch-1/2C_battery-8,95.35620052770449,90.049995
Batch-1/2C_battery-8,95.4617414248021,89.84228
Batch-1/2C_battery-8,95.30343007915567,89.65087
Batch-1/2C_battery-8,95.25065963060686,89.84272
Batch-1/2C_battery-8,95.14511873350922,89.60058
Batch-1/2C_battery-8,94.93403693931398,89.392944
Batch-1/2C_battery-8,94.88126649076517,89.05886
Batch-1/2C_battery-8,94.82849604221636,89.392944
Batch-1/2C_battery-8,94.72295514511873,89.0249
Batch-1/2C_battery-8,94.67018469656992,89.0249
Batch-1/2C_battery-8,94.6174142480211,89.04068
Batch-1/2C_battery-8,94.51187335092348,88.625946
Batch-1/2C_battery-8,94.45910290237467,88.285126
Batch-1/2C_battery-8,94.45910290237467,89.009964
Batch-1/2C_battery-8,94.35356200527704,88.4238
Batch-1/2C_battery-8,94.30079155672823,88.29051
Batch-1/2C_battery-8,94.24802110817943,88.0786
Batch-1/2C_battery-8,94.1952506596306,88.09255
Batch-1/2C_battery-8,94.30079155672823,88.414215
Batch-1/2C_battery-8,94.30079155672823,88.414215
Batch-1/2C_battery-8,94.08970976253298,88.166084
Batch-1/2C_battery-8,93.98416886543535,88.237175
Batch-1/2C_battery-8,93.93139841688655,88.16201
Batch-1/2C_battery-8,93.87862796833772,88.30929
Batch-1/2C_battery-8,93.72031662269129,88.30929
Batch-1/2C_battery-8,93.66754617414247,88.30929
Batch-1/2C_battery-8,93.66754617414247,88.30929
Batch-1/2C_battery-8,93.72031662269129,88.30929
Batch-1/2C_battery-8,93.72031662269129,88.30929
Batch-1/2C_battery-8,93.56200527704485,88.30929
Batch-1/2C_battery-8,93.61477572559367,88.30929
Batch-1/2C_battery-8,93.61477572559367,88.30929
Batch-1/2C_battery-8,93.3509234828496,88.29406
Batch-1/2C_battery-8,93.2981530343008,88.29406
Batch-1/2C_battery-8,93.24538258575197,88.26653
Batch-1/2C_battery-8,93.13984168865434,88.44669
Batch-1/2C_battery-8,93.08707124010554,88.83279
Batch-1/2C_battery-8,93.13984168865434,88.29406
Batch-1/2C_battery-8,93.03430079155672,88.806526
Batch-1/2C_battery-8,92.9287598944591,88.90789
Batch-1/2C_battery-8,92.87598944591029,88.90789
Batch-1/2C_battery-8,92.82321899736147,88.90789
Batch-1/2C_battery-8,92.71767810026384,89.0561
Batch-1/2C_battery-8,92.66490765171504,89.0561
Batch-1/2C_battery-8,92.61213720316623,88.84861
Batch-1/2C_battery-8,92.5065963060686,88.84861
Batch-1/2C_battery-8,92.45382585751979,89.0561
Batch-1/2C_battery-8,92.34828496042216,88.931206
Batch-1/2C_battery-8,92.24274406332454,88.88079
Batch-1/2C_battery-8,92.29551451187335,88.931206
Batch-1/2C_battery-8,92.5065963060686,88.931206
Batch-1/2C_battery-8,92.45382585751979,88.931206
Batch-1/2C_battery-8,92.29551451187335,89.00176
Batch-1/2C_battery-8,92.03166226912928,88.86788
Batch-1/2C_battery-8,91.97889182058047,88.78736
Batch-1/2C_battery-8,91.87335092348286,88.77172
Batch-1/2C_battery-8,91.76781002638523,88.618965
Batch-1/2C_battery-8,91.60949868073878,88.60813
Batch-1/2C_battery-8,91.50395778364116,88.60813
Batch-1/2C_battery-8,91.45118733509236,88.599434
Batch-1/2C_battery-8,91.34564643799473,88.15223
Batch-1/2C_battery-8,91.45118733509236,88.599434
Batch-1/2C_battery-8,91.50395778364116,88.63134
Batch-1/2C_battery-8,91.39841688654353,88.22401
Batch-1/2C_battery-8,91.2928759894459,88.22401
Batch-1/2C_battery-8,91.18733509234829,88.23525
Batch-1/2C_battery-8,91.08179419525065,88.23525
Batch-1/2C_battery-8,90.8179419525066,88.80718
Batch-1/2C_battery-8,90.65963060686015,89.02892
Batch-1/2C_battery-8,90.44854881266491,89.04102
Batch-1/2C_battery-8,90.29023746701847,89.17228
Batch-1/2C_battery-8,90.18469656992085,89.15516
Batch-1/2C_battery-8,90.0263852242744,89.54589
Batch-1/2C_battery-8,89.9736147757256,89.1175
Batch-1/2C_battery-8,90.07915567282322,89.560585
Batch-1/2C_battery-8,89.9736147757256,89.82032
Batch-1/2C_battery-8,89.86807387862797,89.82032
Batch-1/2C_battery-8,89.6042216358839,90.313484
Batch-1/2C_battery-8,89.39313984168865,90.313484
Batch-1/2C_battery-8,89.28759894459102,90.5091
Batch-1/2C_battery-8,89.02374670184697,90.48133
Batch-1/2C_battery-8,88.86543535620052,84.24529
Batch-1/2C_battery-8,88.65435356200527,84.266655
Batch-1/2C_battery-8,88.44327176781002,84.160255
Batch-1/2C_battery-8,88.28496042216359,83.92179
Batch-1/2C_battery-8,88.07387862796834,83.87571
Batch-1/2C_battery-8,88.17941952506597,83.87191
Batch-1/2C_battery-8,88.17941952506597,84.144005
Batch-1/2C_battery-8,87.96833773087072,89.70965
Batch-1/2C_battery-8,87.81002638522428,83.65397
Batch-1/2C_battery-8,87.54617414248021,83.72908
Batch-1/2C_battery-8,87.4934036939314,83.64343
Batch-1/2C_battery-8,87.12401055408972,83.84772
Batch-1/2C_battery-8,86.91292875989446,83.49092
Batch-1/2C_battery-8,86.75461741424802,83.01929
Batch-1/2C_battery-8,86.54353562005277,82.99037
Batch-1/2C_battery-8,86.38522427440634,82.99037
Batch-1/2C_battery-8,86.17414248021107,82.986305
Batch-1/2C_battery-8,86.33245382585751,82.98983
Batch-1/2C_battery-8,86.43799472295514,82.99157
Batch-1/2C_battery-8,86.22691292875989,82.769516
Batch-1/2C_battery-8,86.06860158311346,82.76073
Batch-1/2C_battery-8,85.69920844327177,82.76764
Batch-1/2C_battery-8,85.4353562005277,82.748985
Batch-1/2C_battery-8,85.22427440633246,82.66114
Batch-1/2C_battery-8,85.06596306068602,82.50422
Batch-1/2C_battery-8,84.85488126649076,82.49915
Batch-1/2C_battery-8,84.69656992084433,82.29459
Batch-1/2C_battery-8,84.43271767810026,82.227486
Batch-1/2C_battery-8,84.32717678100265,82.27616
Batch-2/3C_battery-1,105.81643543223052,99.8738
Batch-2/3C_battery-1,99.57310565635005,97.942924
Batch-2/3C_battery-1,100.0,98.50899
Batch-2/3C_battery-1,100.32017075773744,97.78737
Batch-2/3C_battery-1,100.64034151547492,98.20693
Batch-2/3C_battery-1,100.90715048025613,98.51387
Batch-2/3C_battery-1,101.17395944503733,97.71717
Batch-2/3C_battery-1,101.44076840981857,97.80269
Batch-2/3C_battery-1,101.65421558164354,97.91992
Batch-2/3C_battery-1,101.92102454642476,97.50452
Batch-2/3C_battery-1,101.86766275346851,97.56615
Batch-2/3C_battery-1,102.08110992529349,97.71925
Batch-2/3C_battery-1,102.40128068303093,97.51263
Batch-2/3C_battery-1,102.61472785485593,97.51152
Batch-2/3C_battery-1,102.8281750266809,97.489136
Batch-2/3C_battery-1,102.98826040554962,97.42674
Batch-2/3C_battery-1,103.14834578441835,97.42674
Batch-2/3C_battery-1,103.25506937033084,97.47575
Batch-2/3C_battery-1,103.41515474919956,97.31185
Batch-2/3C_battery-1,103.52187833511206,97.31185
Batch-2/3C_battery-1,103.62860192102454,97.29219
Batch-2/3C_battery-1,103.78868729989328,97.29219
Batch-2/3C_battery-1,103.89541088580576,97.22683
Batch-2/3C_battery-1,103.948772678762,97.14646
Batch-2/3C_battery-1,104.05549626467447,96.94369
Batch-2/3C_battery-1,104.10885805763073,96.94369
Batch-2/3C_battery-1,104.16221985058698,97.00072
Batch-2/3C_battery-1,104.21558164354323,97.00485
Batch-2/3C_battery-1,104.26894343649946,96.98498
Batch-2/3C_battery-1,104.32230522945571,96.98498
Batch-2/3C_battery-1,104.37566702241195,96.95603
Batch-2/3C_battery-1,104.4290288153682,96.96151
Batch-2/3C_battery-1,104.4290288153682,96.98498
Batch-2/3C_battery-1,104.48239060832442,96.7539
Batch-2/3C_battery-1,104.48239060832442,97.12743
Batch-2/3C_battery-1,104.53575240128067,97.08669
Batch-2/3C_battery-1,104.53575240128067,96.752975
Batch-2/3C_battery-1,104.58911419423691,96.77644
Batch-2/3C_battery-1,104.58911419423691,96.77644
Batch-2/3C_battery-1,104.58911419423691,96.73594
Batch-2/3C_battery-1,104.64247598719317,96.72696
Batch-2/3C_battery-1,104.64247598719317,96.70349
Batch-2/3C_battery-1,104.64247598719317,96.17142
Batch-2/3C_battery-1,104.64247598719317,96.14795
Batch-2/3C_battery-1,104.64247598719317,96.119125
Batch-2/3C_battery-1,104.64247598719317,96.09566
Batch-2/3C_battery-1,104.64247598719317,96.09566
Batch-2/3C_battery-1,104.58911419423691,96.082825
Batch-2/3C_battery-1,104.58911419423691,96.082085
Batch-2/3C_battery-1,104.58911419423691,96.082085
Batch-2/3C_battery-1,104.58911419423691,96.06898
Batch-2/3C_battery-1,104.69583778014942,95.56724
Batch-2/3C_battery-1,104.85592315901815,95.511475
Batch-2/3C_battery-1,104.64247598719317,95.43323
Batch-2/3C_battery-1,104.58911419423691,95.5413
Batch-2/3C_battery-1,104.58911419423691,95.011375
Batch-2/3C_battery-1,104.53575240128067,95.01235
Batch-2/3C_battery-1,104.53575240128067,94.99419
Batch-2/3C_battery-1,104.53575240128067,93.90182
Batch-2/3C_battery-1,104.48239060832442,93.90182
Batch-2/3C_battery-1,104.48239060832442,93.90182
Batch-2/3C_battery-1,104.64247598719317,93.51818
Batch-2/3C_battery-1,104.53575240128067,93.43573
Batch-2/3C_battery-1,104.53575240128067,93.472404
Batch-2/3C_battery-1,104.58911419423691,93.18622
Batch-2/3C_battery-1,104.58911419423691,93.175
Batch-2/3C_battery-1,104.53575240128067,93.076294
Batch-2/3C_battery-1,104.48239060832442,93.104256
Batch-2/3C_battery-1,104.37566702241195,93.07848
Batch-2/3C_battery-1,104.37566702241195,93.12467
Batch-2/3C_battery-1,104.32230522945571,92.91378
Batch-2/3C_battery-1,104.26894343649946,92.96404
Batch-2/3C_battery-1,104.21558164354323,92.939316
Batch-2/3C_battery-1,104.21558164354323,92.96575
Batch-2/3C_battery-1,104.16221985058698,92.95225
Batch-2/3C_battery-1,104.26894343649946,92.96404
Batch-2/3C_battery-1,104.32230522945571,92.917854
Batch-2/3C_battery-1,104.26894343649946,92.958176
Batch-2/3C_battery-1,104.26894343649946,92.96812
Batch-2/3C_battery-1,104.26894343649946,92.94339
Batch-2/3C_battery-1,104.16221985058698,92.969826
Batch-2/3C_battery-1,104.16221985058698,92.992485
Batch-2/3C_battery-1,104.10885805763073,92.97898
Batch-2/3C_battery-1,104.05549626467447,92.95225
Batch-2/3C_battery-1,104.05549626467447,92.95225
Batch-2/3C_battery-1,103.948772678762,92.97898
Batch-2/3C_battery-1,103.948772678762,92.865395
Batch-2/3C_battery-1,103.89541088580576,92.84931
Batch-2/3C_battery-1,103.89541088580576,92.84931
Batch-2/3C_battery-1,103.89541088580576,92.865395
Batch-2/3C_battery-1,104.10885805763073,92.90563
Batch-2/3C_battery-1,104.00213447171825,92.94417
Batch-2/3C_battery-1,103.89541088580576,92.955345
Batch-2/3C_battery-1,103.8420490928495,92.936165
Batch-2/3C_battery-1,103.73532550693703,92.708206
Batch-2/3C_battery-1,103.62860192102454,92.218864
Batch-2/3C_battery-1,103.62860192102454,92.218864
Batch-2/3C_battery-1,103.57524012806829,92.218864
Batch-2/3C_battery-1,103.57524012806829,91.74166
Batch-2/3C_battery-1,103.46851654215581,91.74166
Batch-2/3C_battery-1,103.41515474919956,91.74976
Batch-2/3C_battery-1,103.41515474919956,90.97988
Batch-2/3C_battery-1,103.36179295624332,90.91389
Batch-2/3C_battery-1,103.30843116328707,90.948616
Batch-2/3C_battery-1,103.30843116328707,90.91389
Batch-2/3C_battery-1,103.30843116328707,90.88262
Batch-2/3C_battery-1,103.25506937033084,90.88262
Batch-2/3C_battery-1,103.20170757737459,90.948616
Batch-2/3C_battery-1,103.20170757737459,90.948616
Batch-2/3C_battery-1,103.0949839914621,90.97988
Batch-2/3C_battery-1,103.04162219850585,90.91389
Batch-2/3C_battery-1,102.93489861259337,90.915306
Batch-2/3C_battery-1,102.88153681963712,90.89117
Batch-2/3C_battery-1,102.77481323372464,90.92675
Batch-2/3C_battery-1,102.8281750266809,90.318054
Batch-2/3C_battery-1,102.93489861259337,90.91389
Batch-2/3C_battery-1,102.93489861259337,90.98164
Batch-2/3C_battery-1,102.93489861259337,90.95118
Batch-2/3C_battery-1,102.88153681963712,90.92065
Batch-2/3C_battery-1,102.88153681963712,90.883354
Batch-2/3C_battery-1,102.77481323372464,90.883354
Batch-2/3C_battery-1,102.7214514407684,90.883354
Batch-2/3C_battery-1,102.66808964781215,90.883354
Batch-2/3C_battery-1,102.66808964781215,90.883354
Batch-2/3C_battery-1,102.61472785485593,90.883354
Batch-2/3C_battery-1,102.56136606189968,90.87339
Batch-2/3C_battery-1,102.50800426894344,90.85267
Batch-2/3C_battery-1,102.45464247598719,90.797
Batch-2/3C_battery-1,102.50800426894344,90.94453
Batch-2/3C_battery-1,102.56136606189968,90.96665
Batch-2/3C_battery-1,102.56136606189968,90.864525
Batch-2/3C_battery-1,102.50800426894344,90.864525
Batch-2/3C_battery-1,102.50800426894344,90.9009
Batch-2/3C_battery-1,102.45464247598719,90.92541
Batch-2/3C_battery-1,102.45464247598719,90.920296
Batch-2/3C_battery-1,102.40128068303093,90.854485
Batch-2/3C_battery-1,102.34791889007471,90.74405
Batch-2/3C_battery-1,102.29455709711846,90.80966
Batch-2/3C_battery-1,102.29455709711846,90.57138
Batch-2/3C_battery-1,102.2411953041622,90.56646
Batch-2/3C_battery-1,102.18783351120597,90.846954
Batch-2/3C_battery-1,102.13447171824971,90.56646
Batch-2/3C_battery-1,102.13447171824971,90.56646
Batch-2/3C_battery-1,102.13447171824971,90.53008
Batch-2/3C_battery-1,102.08110992529349,90.56135
Batch-2/3C_battery-1,102.08110992529349,90.52652
Batch-2/3C_battery-1,102.08110992529349,90.5216
Batch-2/3C_battery-1,102.02774813233724,90.52965
Batch-2/3C_battery-1,101.97438633938101,90.52946
Batch-2/3C_battery-1,101.92102454642476,90.52965
Batch-2/3C_battery-1,101.92102454642476,90.44351
Batch-2/3C_battery-1,101.81430096051227,90.43484
Batch-2/3C_battery-1,101.76093916755602,90.449936
Batch-2/3C_battery-1,101.70757737459977,90.52405
Batch-2/3C_battery-1,101.65421558164354,90.3676
Batch-2/3C_battery-1,101.70757737459977,90.3676
Batch-2/3C_battery-1,101.76093916755602,90.42992
Batch-2/3C_battery-1,101.76093916755602,90.39865
Batch-2/3C_battery-1,101.70757737459977,90.429726
Batch-2/3C_battery-1,101.65421558164354,90.42992
Batch-2/3C_battery-1,101.60085378868729,90.424805
Batch-2/3C_battery-1,101.54749199573105,90.42992
Batch-2/3C_battery-1,101.4941302027748,90.45505
Batch-2/3C_battery-1,101.44076840981857,90.45505
Batch-2/3C_battery-1,101.44076840981857,90.51913
Batch-2/3C_battery-1,101.38740661686232,90.514015
Batch-2/3C_battery-1,101.33404482390608,90.29201
Batch-2/3C_battery-1,101.28068303094983,90.35126
Batch-2/3C_battery-1,101.22732123799358,90.05532
Batch-2/3C_battery-1,101.33404482390608,90.232765
Batch-2/3C_battery-1,101.4941302027748,90.45505
Batch-2/3C_battery-1,101.54749199573105,90.39865
Batch-2/3C_battery-1,101.4941302027748,90.25917
Batch-2/3C_battery-1,101.44076840981857,90.25917
Batch-2/3C_battery-1,101.38740661686232,90.25917
Batch-2/3C_battery-1,101.33404482390608,90.39865
Batch-2/3C_battery-1,101.28068303094983,90.39865
Batch-2/3C_battery-1,101.22732123799358,90.42992
Batch-2/3C_battery-1,101.17395944503733,90.429115
Batch-2/3C_battery-1,101.1205976520811,90.429115
Batch-2/3C_battery-1,101.06723585912485,90.42069
Batch-2/3C_battery-1,101.01387406616863,90.431755
Batch-2/3C_battery-1,101.01387406616863,90.449066
Batch-2/3C_battery-1,101.01387406616863,90.41938
Batch-2/3C_battery-1,101.01387406616863,90.449066
Batch-2/3C_battery-1,100.96051227321237,90.46524
Batch-2/3C_battery-1,100.90715048025613,90.46524
Batch-2/3C_battery-1,100.85378868729988,90.43878
Batch-2/3C_battery-1,100.7470651013874,90.22874
Batch-2/3C_battery-1,100.69370330843115,90.046165
Batch-2/3C_battery-1,100.64034151547492,89.94905
Batch-2/3C_battery-1,100.64034151547492,89.88211
Batch-2/3C_battery-1,100.53361792956241,89.63382
Batch-2/3C_battery-1,100.48025613660619,89.39182
Batch-2/3C_battery-1,100.48025613660619,89.085464
Batch-2/3C_battery-1,100.42689434364993,89.09804
Batch-2/3C_battery-1,100.3735325506937,89.14253
Batch-2/3C_battery-1,100.32017075773744,89.09804
Batch-2/3C_battery-1,100.26680896478122,89.08783
Batch-2/3C_battery-1,100.21344717182497,89.08156
Batch-2/3C_battery-1,100.16008537886873,89.09516
Batch-2/3C_battery-1,100.10672358591248,89.09516
Batch-2/3C_battery-1,100.05336179295622,89.07403
Batch-2/3C_battery-1,100.0,89.03335
Batch-2/3C_battery-1,99.94663820704375,89.03335
Batch-2/3C_battery-1,99.83991462113127,89.0196
Batch-2/3C_battery-1,99.78655282817502,89.0196
Batch-2/3C_battery-1,99.73319103521878,88.97253
Batch-2/3C_battery-1,99.67982924226254,88.97253
Batch-2/3C_battery-1,99.62646744930629,88.93323
Batch-2/3C_battery-1,99.57310565635005,88.94438
Batch-2/3C_battery-1,99.57310565635005,88.86212
Batch-2/3C_battery-1,99.5197438633938,88.86212
Batch-2/3C_battery-1,99.46638207043756,88.86212
Batch-2/3C_battery-1,99.35965848452508,88.86212
Batch-2/3C_battery-1,99.30629669156883,88.86212
Batch-2/3C_battery-1,99.2529348986126,88.86212
Batch-2/3C_battery-1,99.19957310565634,88.86212
Batch-2/3C_battery-1,99.1462113127001,88.86212
Batch-2/3C_battery-1,99.03948772678763,88.82795
Batch-2/3C_battery-1,98.93276414087512,88.80656
Batch-2/3C_battery-1,98.82604055496265,88.80656
Batch-2/3C_battery-1,98.7726787620064,88.831245
Batch-2/3C_battery-1,98.66595517609392,88.65861
Batch-2/3C_battery-1,98.61259338313766,88.75501
Batch-2/3C_battery-1,98.50586979722519,88.74323
Batch-2/3C_battery-1,98.3991462113127,88.67751
Batch-2/3C_battery-1,98.34578441835646,88.51316
Batch-2/3C_battery-1,98.23906083244395,88.79684
Batch-2/3C_battery-1,98.18569903948773,88.67528
Batch-2/3C_battery-1,98.13233724653148,88.71535
Batch-2/3C_battery-1,98.02561366061899,88.70337
Batch-2/3C_battery-1,97.9188900747065,88.49016
Batch-2/3C_battery-1,97.81216648879402,88.57994
Batch-2/3C_battery-1,97.70544290288153,88.670654
Batch-2/3C_battery-1,97.59871931696904,88.67331
Batch-2/3C_battery-1,97.49199573105656,88.97374
Batch-2/3C_battery-1,97.38527214514406,88.81157
Batch-2/3C_battery-1,97.22518676627534,89.15454
Batch-2/3C_battery-1,97.1718249733191,89.284485
Batch-2/3C_battery-1,97.01173959445038,89.60185
Batch-2/3C_battery-1,96.90501600853788,89.16446
Batch-2/3C_battery-1,96.7982924226254,89.16446
Batch-2/3C_battery-1,96.63820704375667,89.29387
Batch-2/3C_battery-1,96.47812166488794,89.11255
Batch-2/3C_battery-1,96.37139807897545,89.11032
Batch-2/3C_battery-1,96.21131270010672,88.644325
Batch-2/3C_battery-1,96.05122732123799,88.41323
Batch-2/3C_battery-1,95.89114194236925,88.09127
Batch-2/3C_battery-1,95.73105656350053,87.58993
Batch-2/3C_battery-1,95.51760939167556,86.94637
Batch-2/3C_battery-1,95.35752401280682,87.02149
Batch-2/3C_battery-1,95.25080042689433,86.50164
Batch-2/3C_battery-1,95.03735325506936,86.637024
Batch-2/3C_battery-1,94.87726787620063,86.5876
Batch-2/3C_battery-1,94.66382070437567,86.5876
Batch-2/3C_battery-1,94.45037353255069,86.59694
Batch-2/3C_battery-1,94.3436499466382,86.56302
Batch-2/3C_battery-1,94.18356456776947,87.00221
Batch-2/3C_battery-1,93.9701173959445,87.14972
Batch-2/3C_battery-1,93.81003201707577,87.08496
Batch-2/3C_battery-1,93.64994663820704,86.48447
Batch-2/3C_battery-1,93.43649946638206,86.41748
Batch-2/3C_battery-1,93.27641408751333,86.184074
Batch-2/3C_battery-1,93.06296691568836,86.00823
Batch-2/3C_battery-1,92.90288153681963,85.71163
Batch-2/3C_battery-1,92.68943436499467,85.31779
Batch-2/3C_battery-1,92.52934898612592,85.31779
Batch-2/3C_battery-1,92.3692636072572,85.31875
Batch-2/3C_battery-1,92.20917822838847,85.18163
Batch-2/3C_battery-1,91.99573105656349,85.264656
Batch-2/3C_battery-1,91.83564567769477,84.86796
Batch-2/3C_battery-1,91.6221985058698,84.85122
Batch-2/3C_battery-1,91.40875133404482,84.636375
Batch-2/3C_battery-1,91.19530416221984,84.534676
Batch-2/3C_battery-1,90.98185699039487,84.37768
Batch-2/3C_battery-1,90.7684098185699,84.277626
Batch-2/3C_battery-1,90.55496264674493,85.13668
Batch-2/3C_battery-1,90.34151547491996,84.40295
Batch-2/3C_battery-1,90.12806830309498,84.40684
Batch-2/3C_battery-1,89.96798292422625,84.38883
Batch-2/3C_battery-1,89.75453575240128,84.38763
Batch-2/3C_battery-1,89.59445037353255,84.34875
Batch-2/3C_battery-1,89.32764140875132,85.06104
Batch-2/3C_battery-1,89.11419423692635,85.01116
Batch-2/3C_battery-1,88.84738527214515,84.89814
Batch-2/3C_battery-1,88.58057630736393,84.596596
Batch-2/3C_battery-1,88.31376734258271,84.600784
Batch-2/3C_battery-1,88.04695837780149,84.161316
Batch-2/3C_battery-1,87.78014941302027,83.68968
Batch-2/3C_battery-1,87.51334044823905,83.11615
Batch-2/3C_battery-1,87.29989327641408,83.13221
Batch-2/3C_battery-1,87.03308431163286,82.90293
Batch-2/3C_battery-1,86.76627534685164,82.99227
Batch-2/3C_battery-1,86.49946638207044,79.39173
Batch-2/3C_battery-1,86.17929562433298,79.281456
Batch-2/3C_battery-1,85.965848452508,78.919975
Batch-2/3C_battery-1,85.64567769477054,78.9045
Batch-2/3C_battery-1,85.32550693703308,79.044785
Batch-2/3C_battery-10,109.56569543705335,99.8776
Batch-2/3C_battery-10,99.50522264980759,97.883804
Batch-2/3C_battery-10,100.0,98.00806
Batch-2/3C_battery-10,100.38482682792744,97.49347
Batch-2/3C_battery-10,100.71467839472238,97.90463
Batch-2/3C_battery-10,100.98955470038482,98.19199
Batch-2/3C_battery-10,101.37438152831226,97.714935
Batch-2/3C_battery-10,101.64925783397472,97.80127
Batch-2/3C_battery-10,101.92413413963718,97.922745
Batch-2/3C_battery-10,102.19901044529962,97.50452
Batch-2/3C_battery-10,102.41891148982958,97.6682
Batch-2/3C_battery-10,102.58383727322706,97.6304
Batch-2/3C_battery-10,102.80373831775702,97.45787
Batch-2/3C_battery-10,103.02363936228699,97.308136
Batch-2/3C_battery-10,103.13358988455195,97.31123
Batch-2/3C_battery-10,103.29851566794943,97.25697
Batch-2/3C_battery-10,103.4634414513469,97.22752
Batch-2/3C_battery-10,103.62836723474437,97.20838
Batch-2/3C_battery-10,103.73831775700934,97.1492
Batch-2/3C_battery-10,104.12314458493677,97.21193
Batch-2/3C_battery-10,104.39802089059924,97.27692
Batch-2/3C_battery-10,104.45299615173171,97.30437
Batch-2/3C_battery-10,104.5629466739967,97.34935
Batch-2/3C_battery-10,104.6179219351292,97.35451
Batch-2/3C_battery-10,104.72787245739417,97.42884
Batch-2/3C_battery-10,104.78284771852667,96.99762
Batch-2/3C_battery-10,104.89279824079165,97.43131
Batch-2/3C_battery-10,104.89279824079165,97.408775
Batch-2/3C_battery-10,104.94777350192415,97.41393
Batch-2/3C_battery-10,105.00274876305662,97.38322
Batch-2/3C_battery-10,105.00274876305662,97.33308
Batch-2/3C_battery-10,105.11269928532161,97.38322
Batch-2/3C_battery-10,105.38757559098406,97.32041
Batch-2/3C_battery-10,105.44255085211655,97.09669
Batch-2/3C_battery-10,105.49752611324905,97.09669
Batch-2/3C_battery-10,105.55250137438152,97.09669
Batch-2/3C_battery-10,105.49752611324905,96.683
Batch-2/3C_battery-10,105.60747663551402,96.713974
Batch-2/3C_battery-10,105.49752611324905,96.63071
Batch-2/3C_battery-10,105.44255085211655,96.5479
Batch-2/3C_battery-10,105.44255085211655,96.55278
Batch-2/3C_battery-10,105.44255085211655,96.495605
Batch-2/3C_battery-10,105.38757559098406,95.996796
Batch-2/3C_battery-10,105.38757559098406,95.94449
Batch-2/3C_battery-10,105.38757559098406,95.94449
Batch-2/3C_battery-10,105.55250137438152,95.97015
Batch-2/3C_battery-10,105.60747663551402,95.788086
Batch-2/3C_battery-10,105.55250137438152,95.788086
Batch-2/3C_battery-10,105.49752611324905,95.7549
Batch-2/3C_battery-10,105.44255085211655,95.66135
Batch-2/3C_battery-10,105.44255085211655,95.884674
Batch-2/3C_battery-10,105.38757559098406,95.17493
Batch-2/3C_battery-10,105.38757559098406,95.35701
Batch-2/3C_battery-10,105.33260032985157,95.34418
Batch-2/3C_battery-10,105.27762506871908,95.33574
Batch-2/3C_battery-10,105.22264980758658,94.81093
Batch-2/3C_battery-10,105.22264980758658,94.80582
Batch-2/3C_battery-10,105.16767454645411,94.745445
Batch-2/3C_battery-10,105.27762506871908,93.72562
Batch-2/3C_battery-10,105.27762506871908,93.477554
Batch-2/3C_battery-10,105.22264980758658,93.477554
Batch-2/3C_battery-10,105.16767454645411,93.053116
Batch-2/3C_battery-10,105.05772402418911,93.14713
Batch-2/3C_battery-10,105.05772402418911,93.1653
Batch-2/3C_battery-10,104.94777350192415,92.679016
Batch-2/3C_battery-10,104.83782297965915,92.87138
Batch-2/3C_battery-10,104.78284771852667,92.8268
Batch-2/3C_battery-10,104.72787245739417,92.83348
Batch-2/3C_battery-10,104.6179219351292,92.43936
Batch-2/3C_battery-10,104.5629466739967,92.817245
Batch-2/3C_battery-10,104.5629466739967,92.38746
Batch-2/3C_battery-10,104.5629466739967,92.65489
Batch-2/3C_battery-10,104.5629466739967,92.26447
Batch-2/3C_battery-10,104.50797141286421,92.5765
Batch-2/3C_battery-10,104.45299615173171,92.339485
Batch-2/3C_battery-10,104.34304562946674,92.29513
Batch-2/3C_battery-10,104.23309510720176,92.32336
Batch-2/3C_battery-10,104.17811984606928,92.290794
Batch-2/3C_battery-10,104.0681693238043,92.55401
Batch-2/3C_battery-10,104.0131940626718,92.47264
Batch-2/3C_battery-10,103.9032435404068,92.471146
Batch-2/3C_battery-10,103.84826827927434,92.46284
Batch-2/3C_battery-10,103.73831775700934,92.46284
Batch-2/3C_battery-10,103.73831775700934,92.46284
Batch-2/3C_battery-10,103.73831775700934,92.476974
Batch-2/3C_battery-10,103.73831775700934,92.58872
Batch-2/3C_battery-10,103.62836723474437,92.580414
Batch-2/3C_battery-10,103.57339197361186,92.580414
Batch-2/3C_battery-10,103.5184167124794,92.580414
Batch-2/3C_battery-10,103.4084661902144,92.41009
Batch-2/3C_battery-10,103.29851566794943,92.36379
Batch-2/3C_battery-10,103.24354040681693,92.35946
Batch-2/3C_battery-10,103.13358988455195,92.28515
Batch-2/3C_battery-10,103.07861462341947,92.31611
Batch-2/3C_battery-10,102.96866410115449,92.31611
Batch-2/3C_battery-10,102.85871357888949,91.86556
Batch-2/3C_battery-10,102.80373831775702,91.861336
Batch-2/3C_battery-10,102.85871357888949,91.861336
Batch-2/3C_battery-10,102.80373831775702,91.236534
Batch-2/3C_battery-10,102.69378779549203,91.236534
Batch-2/3C_battery-10,102.58383727322706,91.236534
Batch-2/3C_battery-10,102.41891148982958,90.446815
Batch-2/3C_battery-10,102.30896096756459,90.47779
Batch-2/3C_battery-10,102.19901044529962,90.43018
Batch-2/3C_battery-10,102.08905992303463,90.39038
Batch-2/3C_battery-10,101.97910940076966,90.38571
Batch-2/3C_battery-10,101.86915887850468,90.38571
Batch-2/3C_battery-10,101.75920835623968,90.403046
Batch-2/3C_battery-10,101.64925783397472,90.289505
Batch-2/3C_battery-10,101.48433205057725,90.303314
Batch-2/3C_battery-10,101.37438152831226,90.303314
Batch-2/3C_battery-10,101.31940626717977,90.29065
Batch-2/3C_battery-10,101.31940626717977,90.294876
Batch-2/3C_battery-10,101.09950522264981,90.294876
Batch-2/3C_battery-10,100.98955470038482,90.303314
Batch-2/3C_battery-10,100.82462891698736,90.31034
Batch-2/3C_battery-10,100.6597031335899,90.35838
Batch-2/3C_battery-10,100.5497526113249,90.353226
Batch-2/3C_battery-10,100.38482682792744,90.24212
Batch-2/3C_battery-10,100.21990104452996,89.894775
Batch-2/3C_battery-10,100.0549752611325,89.89322
Batch-2/3C_battery-10,99.89004947773502,89.85745
Batch-2/3C_battery-10,99.78009895547004,89.85257
Batch-2/3C_battery-10,99.56019791094008,89.83052
Batch-2/3C_battery-10,99.39527212754261,89.82735
Batch-2/3C_battery-10,99.23034634414513,89.83983
Batch-2/3C_battery-10,99.12039582188015,89.75757
Batch-2/3C_battery-10,98.95547003848269,89.77605
Batch-2/3C_battery-10,98.73556899395273,89.692
Batch-2/3C_battery-10,98.57064321055525,89.7291
Batch-2/3C_battery-10,98.35074216602528,89.71491
Batch-2/3C_battery-10,98.13084112149532,89.52201
Batch-2/3C_battery-10,97.91094007696536,89.62978
Batch-2/3C_battery-10,97.6910390324354,89.519066
Batch-2/3C_battery-10,97.47113798790544,89.54659
Batch-2/3C_battery-10,97.25123694337547,89.46126
Batch-2/3C_battery-10,97.03133589884551,89.59653
Batch-2/3C_battery-10,96.81143485431556,89.68477
Batch-2/3C_battery-10,96.59153380978559,89.92233
Batch-2/3C_battery-10,96.42660802638812,90.24408
Batch-2/3C_battery-10,96.20670698185818,89.86539
Batch-2/3C_battery-10,95.93183067619572,89.419075
Batch-2/3C_battery-10,95.71192963166575,89.12512
Batch-2/3C_battery-10,95.4370533260033,88.63423
Batch-2/3C_battery-10,95.16217702034085,88.3062
Batch-2/3C_battery-10,94.88730071467839,88.30471
Batch-2/3C_battery-10,94.61242440901594,88.1034
Batch-2/3C_battery-10,94.3375481033535,88.07125
Batch-2/3C_battery-10,94.00769653655856,88.55602
Batch-2/3C_battery-10,93.73282023089611,88.65258
Batch-2/3C_battery-10,93.40296866410117,87.71122
Batch-2/3C_battery-10,93.07311709730621,87.27853
Batch-2/3C_battery-10,92.74326553051128,86.42879
Batch-2/3C_battery-10,92.41341396371632,86.45926
Batch-2/3C_battery-10,92.0835623969214,85.821045
Batch-2/3C_battery-10,91.69873556899395,85.52091
Batch-2/3C_battery-10,91.25893347993403,85.38507
Batch-2/3C_battery-10,90.8741066520066,85.64537
Batch-2/3C_battery-10,90.43430456294668,85.47131
Batch-2/3C_battery-10,89.93952721275426,85.39714
Batch-2/3C_battery-10,89.49972512369433,82.76808
Batch-2/3C_battery-10,88.94997251236944,81.78501
Batch-2/3C_battery-10,88.45519516217702,81.493576
Batch-2/3C_battery-10,87.90544255085211,79.857605
Batch-2/3C_battery-11,106.78807947019868,99.907814
Batch-2/3C_battery-11,99.33774834437085,97.41028
Batch-2/3C_battery-11,100.0,97.814606
Batch-2/3C_battery-11,100.44150110375276,97.45567
Batch-2/3C_battery-11,100.82781456953643,97.83255
Batch-2/3C_battery-11,101.21412803532009,98.18867
Batch-2/3C_battery-11,101.60044150110375,97.61955
Batch-2/3C_battery-11,101.93156732891833,97.71364
Batch-2/3C_battery-11,102.15231788079471,97.827515
Batch-2/3C_battery-11,102.42825607064019,97.50452
Batch-2/3C_battery-11,102.64900662251655,97.65279
Batch-2/3C_battery-11,102.86975717439293,97.59914
Batch-2/3C_battery-11,103.03532008830021,97.308136
Batch-2/3C_battery-11,103.2008830022075,97.29397
Batch-2/3C_battery-11,103.4216335540839,97.29804
Batch-2/3C_battery-11,103.53200883002206,97.265434
Batch-2/3C_battery-11,103.69757174392934,97.22752
Batch-2/3C_battery-11,103.80794701986756,97.14302
Batch-2/3C_battery-11,103.97350993377484,97.15126
Batch-2/3C_battery-11,104.24944812362031,97.15918
Batch-2/3C_battery-11,104.58057395143487,97.30437
Batch-2/3C_battery-11,104.58057395143487,97.23781
Batch-2/3C_battery-11,104.63576158940397,97.24269
Batch-2/3C_battery-11,104.69094922737308,97.23802
Batch-2/3C_battery-11,104.80132450331125,96.97689
Batch-2/3C_battery-11,104.85651214128036,96.980415
Batch-2/3C_battery-11,104.91169977924946,96.97689
Batch-2/3C_battery-11,104.91169977924946,96.93409
Batch-2/3C_battery-11,104.96688741721853,96.93409
Batch-2/3C_battery-11,105.02207505518764,97.27207
Batch-2/3C_battery-11,105.02207505518764,97.27645
Batch-2/3C_battery-11,105.07726269315671,97.27645
Batch-2/3C_battery-11,105.29801324503309,97.246025
Batch-2/3C_battery-11,105.4083885209713,96.840675
Batch-2/3C_battery-11,105.3532008830022,96.87899
Batch-2/3C_battery-11,105.4083885209713,96.87899
Batch-2/3C_battery-11,105.4083885209713,96.469635
Batch-2/3C_battery-11,105.4635761589404,96.469635
Batch-2/3C_battery-11,105.29801324503309,96.47341
Batch-2/3C_battery-11,105.24282560706402,96.51799
Batch-2/3C_battery-11,105.18763796909492,96.457245
Batch-2/3C_battery-11,105.18763796909492,96.457245
Batch-2/3C_battery-11,105.13245033112581,95.9017
Batch-2/3C_battery-11,105.13245033112581,95.88354
Batch-2/3C_battery-11,105.07726269315671,95.85553
Batch-2/3C_battery-11,105.13245033112581,95.8595
Batch-2/3C_battery-11,105.18763796909492,95.677414
Batch-2/3C_battery-11,105.13245033112581,95.61797
Batch-2/3C_battery-11,105.13245033112581,95.22282
Batch-2/3C_battery-11,105.02207505518764,95.490814
Batch-2/3C_battery-11,104.96688741721853,95.67088
Batch-2/3C_battery-11,104.91169977924946,94.96355
Batch-2/3C_battery-11,104.85651214128036,95.137955
Batch-2/3C_battery-11,104.74613686534215,95.137955
Batch-2/3C_battery-11,104.69094922737308,94.86881
Batch-2/3C_battery-11,104.63576158940397,94.5051
Batch-2/3C_battery-11,104.52538631346577,94.550064
Batch-2/3C_battery-11,104.47019867549669,94.28397
Batch-2/3C_battery-11,104.47019867549669,93.475914
Batch-2/3C_battery-11,104.47019867549669,93.54869
Batch-2/3C_battery-11,104.41501103752759,93.535095
Batch-2/3C_battery-11,104.3598233995585,93.107185
Batch-2/3C_battery-11,104.24944812362031,93.13373
Batch-2/3C_battery-11,104.19426048565121,93.11358
Batch-2/3C_battery-11,104.08388520971302,92.90747
Batch-2/3C_battery-11,103.97350993377484,92.87124
Batch-2/3C_battery-11,103.86313465783662,92.83935
Batch-2/3C_battery-11,103.80794701986756,92.760666
Batch-2/3C_battery-11,103.69757174392934,92.760666
Batch-2/3C_battery-11,103.58719646799118,92.60458
Batch-2/3C_battery-11,103.47682119205297,92.388885
Batch-2/3C_battery-11,103.47682119205297,92.45512
Batch-2/3C_battery-11,103.53200883002206,92.61363
Batch-2/3C_battery-11,103.4216335540839,92.85234
Batch-2/3C_battery-11,103.31125827814569,92.74829
Batch-2/3C_battery-11,103.2008830022075,92.51455
Batch-2/3C_battery-11,103.09050772626931,92.52161
Batch-2/3C_battery-11,102.98013245033113,92.32297
Batch-2/3C_battery-11,102.86975717439293,92.36379
Batch-2/3C_battery-11,102.70419426048565,92.333275
Batch-2/3C_battery-11,102.59381898454745,92.34687
Batch-2/3C_battery-11,102.48344370860927,92.333275
Batch-2/3C_battery-11,102.37306843267109,92.304054
Batch-2/3C_battery-11,102.20750551876381,92.25935
Batch-2/3C_battery-11,102.15231788079471,92.48619
Batch-2/3C_battery-11,102.15231788079471,92.62237
Batch-2/3C_battery-11,102.0419426048565,92.596596
Batch-2/3C_battery-11,101.87637969094922,92.549164
Batch-2/3C_battery-11,101.82119205298012,92.549164
Batch-2/3C_battery-11,101.60044150110375,92.52431
Batch-2/3C_battery-11,101.43487858719647,92.28036
Batch-2/3C_battery-11,101.26931567328919,92.23764
Batch-2/3C_battery-11,101.1037527593819,92.183235
Batch-2/3C_battery-11,100.9381898454746,92.136566
Batch-2/3C_battery-11,100.77262693156732,92.17557
Batch-2/3C_battery-11,100.55187637969094,91.67613
Batch-2/3C_battery-11,100.38631346578366,91.54697
Batch-2/3C_battery-11,100.22075055187638,91.53157
Batch-2/3C_battery-11,100.11037527593818,90.93468
Batch-2/3C_battery-11,100.0,90.90619
Batch-2/3C_battery-11,99.72406181015452,90.44506
Batch-2/3C_battery-11,99.50331125827813,89.75649
Batch-2/3C_battery-11,99.28256070640175,89.65678
Batch-2/3C_battery-11,99.06181015452538,89.89101
Batch-2/3C_battery-11,98.7858719646799,89.86427
Batch-2/3C_battery-11,98.56512141280353,89.893456
Batch-2/3C_battery-11,98.28918322295806,89.94317
Batch-2/3C_battery-11,98.01324503311258,89.84452
Batch-2/3C_battery-11,97.7373068432671,89.92948
Batch-2/3C_battery-11,97.46136865342163,89.94642
Batch-2/3C_battery-11,97.18543046357615,90.545235
Batch-2/3C_battery-11,96.90949227373068,90.442154
Batch-2/3C_battery-11,96.6335540838852,89.64634
Batch-2/3C_battery-11,96.41280353200882,89.3041
Batch-2/3C_battery-11,96.02649006622516,88.795555
Batch-2/3C_battery-11,95.69536423841059,88.30665
Batch-2/3C_battery-11,95.30905077262693,88.61094
Batch-2/3C_battery-11,94.97792494481236,88.44401
Batch-2/3C_battery-11,94.5364238410596,88.93168
Batch-2/3C_battery-11,94.15011037527593,87.82859
Batch-2/3C_battery-11,93.70860927152317,87.22892
Batch-2/3C_battery-11,93.21192052980133,86.43645
Batch-2/3C_battery-11,92.77041942604856,85.85397
Batch-2/3C_battery-11,92.27373068432671,85.75933
Batch-2/3C_battery-11,91.72185430463576,85.689255
Batch-2/3C_battery-11,91.1699779249448,85.663345
Batch-2/3C_battery-11,90.61810154525386,83.433945
Batch-2/3C_battery-11,90.01103752759381,83.17038
Batch-2/3C_battery-11,89.45916114790286,82.452675
Batch-2/3C_battery-11,88.74172185430463,81.07402
Batch-2/3C_battery-11,88.07947019867551,80.00149
Batch-2/3C_battery-12,106.87361419068735,99.90139
Batch-2/3C_battery-12,99.39024390243901,97.66073
Batch-2/3C_battery-12,100.0,97.81438
Batch-2/3C_battery-12,100.3880266075388,97.53235
Batch-2/3C_battery-12,100.72062084257205,97.82553
Batch-2/3C_battery-12,101.05321507760532,98.19199
Batch-2/3C_battery-12,101.38580931263859,97.64797
Batch-2/3C_battery-12,101.77383592017739,97.78393
Batch-2/3C_battery-12,101.99556541019956,97.82562
Batch-2/3C_battery-12,102.27272727272727,97.50452
Batch-2/3C_battery-12,102.49445676274944,97.6304
Batch-2/3C_battery-12,102.7161862527716,97.59914
Batch-2/3C_battery-12,102.93791574279379,97.308136
Batch-2/3C_battery-12,103.10421286031041,97.308136
Batch-2/3C_battery-12,103.32594235033258,97.31221
Batch-2/3C_battery-12,103.43680709534368,97.27114
Batch-2/3C_battery-12,103.6031042128603,97.24221
Batch-2/3C_battery-12,103.76940133037695,97.27704
Batch-2/3C_battery-12,103.93569844789357,97.27704
Batch-2/3C_battery-12,104.15742793791574,97.28476
Batch-2/3C_battery-12,104.49002217294901,97.31135
Batch-2/3C_battery-12,104.76718403547672,97.2942
Batch-2/3C_battery-12,104.82261640798225,97.226776
Batch-2/3C_battery-12,104.87804878048779,97.27692
Batch-2/3C_battery-12,104.93348115299335,97.48969
Batch-2/3C_battery-12,105.04434589800444,97.48722
Batch-2/3C_battery-12,105.15521064301552,97.38633
Batch-2/3C_battery-12,105.21064301552106,97.33886
Batch-2/3C_battery-12,105.26607538802662,97.33375
Batch-2/3C_battery-12,105.32150776053216,97.34998
Batch-2/3C_battery-12,105.37694013303769,97.31574
Batch-2/3C_battery-12,105.43237250554323,97.31574
Batch-2/3C_battery-12,105.54323725055433,97.32041
Batch-2/3C_battery-12,105.82039911308203,97.12333
Batch-2/3C_battery-12,105.93126385809313,97.09669
Batch-2/3C_battery-12,105.93126385809313,97.09669
Batch-2/3C_battery-12,106.0421286031042,96.64407
Batch-2/3C_battery-12,106.09756097560974,96.505264
Batch-2/3C_battery-12,106.1529933481153,96.68733
Batch-2/3C_battery-12,106.0421286031042,96.38437
Batch-2/3C_battery-12,105.98669623059867,96.514145
Batch-2/3C_battery-12,105.98669623059867,96.514145
Batch-2/3C_battery-12,106.0421286031042,95.9586
Batch-2/3C_battery-12,106.0421286031042,95.9586
Batch-2/3C_battery-12,106.0421286031042,95.9586
Batch-2/3C_battery-12,106.0421286031042,95.9586
Batch-2/3C_battery-12,106.20842572062084,95.9586
Batch-2/3C_battery-12,106.31929046563194,95.9586
Batch-2/3C_battery-12,106.31929046563194,95.74335
Batch-2/3C_battery-12,106.31929046563194,95.74335
Batch-2/3C_battery-12,106.2638580931264,95.70209
Batch-2/3C_battery-12,106.2638580931264,95.39775
Batch-2/3C_battery-12,106.2638580931264,95.35449
Batch-2/3C_battery-12,106.20842572062084,95.39775
Batch-2/3C_battery-12,106.20842572062084,95.39775
Batch-2/3C_battery-12,106.1529933481153,94.86783
Batch-2/3C_battery-12,106.1529933481153,94.82709
Batch-2/3C_battery-12,106.09756097560974,94.82709
Batch-2/3C_battery-12,106.09756097560974,93.762726
Batch-2/3C_battery-12,106.1529933481153,93.80347
Batch-2/3C_battery-12,106.31929046563194,93.80347
Batch-2/3C_battery-12,106.31929046563194,93.218216
Batch-2/3C_battery-12,106.31929046563194,93.218216
Batch-2/3C_battery-12,106.31929046563194,93.218216
Batch-2/3C_battery-12,106.20842572062084,92.49793
Batch-2/3C_battery-12,106.20842572062084,92.95122
Batch-2/3C_battery-12,106.09756097560974,93.002594
Batch-2/3C_battery-12,106.0421286031042,92.96573
Batch-2/3C_battery-12,105.98669623059867,92.938995
Batch-2/3C_battery-12,105.93126385809313,92.614525
Batch-2/3C_battery-12,105.93126385809313,92.78383
Batch-2/3C_battery-12,105.87583148558757,92.78383
Batch-2/3C_battery-12,105.93126385809313,92.79227
Batch-2/3C_battery-12,105.98669623059867,92.78548
Batch-2/3C_battery-12,105.98669623059867,92.69462
Batch-2/3C_battery-12,105.93126385809313,92.69084
Batch-2/3C_battery-12,105.98669623059867,92.69084
Batch-2/3C_battery-12,105.82039911308203,92.72095
Batch-2/3C_battery-12,105.7649667405765,92.764206
Batch-2/3C_battery-12,105.70953436807096,92.74604
Batch-2/3C_battery-12,105.6541019955654,92.74604
Batch-2/3C_battery-12,105.59866962305986,92.71843
Batch-2/3C_battery-12,105.54323725055433,92.714096
Batch-2/3C_battery-12,105.48780487804879,92.714096
Batch-2/3C_battery-12,105.43237250554323,92.714096
Batch-2/3C_battery-12,105.43237250554323,92.714096
Batch-2/3C_battery-12,105.54323725055433,92.65204
Batch-2/3C_battery-12,105.54323725055433,92.58541
Batch-2/3C_battery-12,105.48780487804879,92.5578
Batch-2/3C_battery-12,105.54323725055433,92.562515
Batch-2/3C_battery-12,105.48780487804879,92.562515
Batch-2/3C_battery-12,105.32150776053216,92.455734
Batch-2/3C_battery-12,105.26607538802662,92.5036
Batch-2/3C_battery-12,105.21064301552106,92.5036
Batch-2/3C_battery-12,105.15521064301552,92.49927
Batch-2/3C_battery-12,105.09977827050999,91.9905
Batch-2/3C_battery-12,105.04434589800444,91.70663
Batch-2/3C_battery-12,104.98891352549889,92.01694
Batch-2/3C_battery-12,104.93348115299335,91.384544
Batch-2/3C_battery-12,104.98891352549889,91.378395
Batch-2/3C_battery-12,105.09977827050999,91.25483
Batch-2/3C_battery-12,105.04434589800444,90.506516
Batch-2/3C_battery-12,104.93348115299335,90.475235
Batch-2/3C_battery-12,104.87804878048779,90.33458
Batch-2/3C_battery-12,104.82261640798225,90.5828
Batch-2/3C_battery-12,104.71175166297118,90.321075
Batch-2/3C_battery-12,104.65631929046562,90.57847
Batch-2/3C_battery-12,104.60088691796008,90.60944
Batch-2/3C_battery-12,104.54545454545455,90.652016
Batch-2/3C_battery-12,104.49002217294901,90.91559
Batch-2/3C_battery-12,104.43458980044345,90.61517
Batch-2/3C_battery-12,104.37915742793791,90.58272
Batch-2/3C_battery-12,104.32372505543238,90.56372
Batch-2/3C_battery-12,104.32372505543238,90.61517
Batch-2/3C_battery-12,104.43458980044345,90.61178
Batch-2/3C_battery-12,104.37915742793791,90.73275
Batch-2/3C_battery-12,104.21286031042128,90.54777
Batch-2/3C_battery-12,104.15742793791574,90.53417
Batch-2/3C_battery-12,104.10199556541019,90.53417
Batch-2/3C_battery-12,104.04656319290466,90.52914
Batch-2/3C_battery-12,103.9911308203991,90.515526
Batch-2/3C_battery-12,103.93569844789357,90.5546
Batch-2/3C_battery-12,103.88026607538802,90.52364
Batch-2/3C_battery-12,103.82483370288249,90.50831
Batch-2/3C_battery-12,103.76940133037695,90.52163
Batch-2/3C_battery-12,103.7139689578714,90.50831
Batch-2/3C_battery-12,103.65853658536585,90.50831
Batch-2/3C_battery-12,103.6031042128603,90.50831
Batch-2/3C_battery-12,103.54767184035477,90.4992
Batch-2/3C_battery-12,103.6031042128603,90.50831
Batch-2/3C_battery-12,103.54767184035477,90.48168
Batch-2/3C_battery-12,103.43680709534368,90.50831
Batch-2/3C_battery-12,103.38137472283813,90.50831
Batch-2/3C_battery-12,103.32594235033258,90.50831
Batch-2/3C_battery-12,103.27050997782705,90.46868
Batch-2/3C_battery-12,103.21507760532151,90.473564
Batch-2/3C_battery-12,103.15964523281596,90.46868
Batch-2/3C_battery-12,103.04878048780488,90.43217
Batch-2/3C_battery-12,102.99334811529934,90.39857
Batch-2/3C_battery-12,102.88248337028824,90.35387
Batch-2/3C_battery-12,102.8270509977827,90.35387
Batch-2/3C_battery-12,102.77161862527717,90.3492
Batch-2/3C_battery-12,102.77161862527717,90.39857
Batch-2/3C_battery-12,102.7161862527716,90.32713
Batch-2/3C_battery-12,102.60532150776054,90.3492
Batch-2/3C_battery-12,102.549889135255,90.3492
Batch-2/3C_battery-12,102.49445676274944,90.35387
Batch-2/3C_battery-12,102.38359201773835,90.32598
Batch-2/3C_battery-12,102.3281596452328,90.22625
Batch-2/3C_battery-12,102.21729490022173,90.23092
Batch-2/3C_battery-12,102.10643015521063,90.22979
Batch-2/3C_battery-12,101.99556541019956,90.22979
Batch-2/3C_battery-12,101.940133037694,90.2436
Batch-2/3C_battery-12,101.82926829268293,90.293724
Batch-2/3C_battery-12,101.77383592017739,90.293724
Batch-2/3C_battery-12,101.66297117516629,90.2436
Batch-2/3C_battery-12,101.60753880266076,90.292854
Batch-2/3C_battery-12,101.49667405764966,90.27926
Batch-2/3C_battery-12,101.38580931263859,90.26763
Batch-2/3C_battery-12,101.27494456762749,90.23296
Batch-2/3C_battery-12,101.16407982261639,90.26135
Batch-2/3C_battery-12,100.99778270509978,90.16138
Batch-2/3C_battery-12,100.88691796008868,89.85525
Batch-2/3C_battery-12,100.72062084257205,89.877495
Batch-2/3C_battery-12,100.60975609756098,89.8254
Batch-2/3C_battery-12,100.44345898004434,89.82157
Batch-2/3C_battery-12,100.33259423503327,89.82229
Batch-2/3C_battery-12,100.16629711751663,89.78394
Batch-2/3C_battery-12,100.05543237250554,89.75582
Batch-2/3C_battery-12,99.88913525498891,89.73861
Batch-2/3C_battery-12,99.77827050997783,89.74409
Batch-2/3C_battery-12,99.6119733924612,89.66883
Batch-2/3C_battery-12,99.44567627494457,89.68243
Batch-2/3C_battery-12,99.27937915742793,89.67753
Batch-2/3C_battery-12,99.05764966740576,89.69114
Batch-2/3C_battery-12,98.89135254988913,89.677795
Batch-2/3C_battery-12,98.7250554323725,89.634605
Batch-2/3C_battery-12,98.50332594235033,89.440315
Batch-2/3C_battery-12,98.33702882483371,89.55398
Batch-2/3C_battery-12,98.11529933481152,89.256805
Batch-2/3C_battery-12,97.94900221729489,89.463455
Batch-2/3C_battery-12,97.72727272727272,89.39198
Batch-2/3C_battery-12,97.50554323725055,89.543686
Batch-2/3C_battery-12,97.28381374722838,89.69603
Batch-2/3C_battery-12,97.11751662971176,90.27556
Batch-2/3C_battery-12,96.84035476718404,90.53511
Batch-2/3C_battery-12,96.61862527716187,90.67162
Batch-2/3C_battery-12,96.3968957871397,89.81829
Batch-2/3C_battery-12,96.17516629711751,89.6194
Batch-2/3C_battery-12,95.89800443458981,89.64659
Batch-2/3C_battery-12,95.67627494456762,88.8671
Batch-2/3C_battery-12,95.3991130820399,88.21934
Batch-2/3C_battery-12,95.17738359201773,86.768105
Batch-2/3C_battery-12,94.90022172949001,87.745026
Batch-2/3C_battery-12,94.73392461197339,87.74048
Batch-2/3C_battery-12,94.40133037694012,88.34831
Batch-2/3C_battery-12,94.17960088691795,88.49606
Batch-2/3C_battery-12,93.8470066518847,87.651085
Batch-2/3C_battery-12,93.51441241685144,87.317665
Batch-2/3C_battery-12,93.23725055432371,86.91857
Batch-2/3C_battery-12,92.90465631929045,86.55488
Batch-2/3C_battery-12,92.5720620842572,86.49164
Batch-2/3C_battery-12,92.23946784922394,86.048065
Batch-2/3C_battery-12,91.90687361419067,85.869064
Batch-2/3C_battery-12,91.57427937915742,85.58599
Batch-2/3C_battery-12,91.18625277161863,85.60905
Batch-2/3C_battery-12,90.74279379157427,85.559975
Batch-2/3C_battery-12,90.35476718403547,85.5743
Batch-2/3C_battery-12,89.96674057649668,85.323296
Batch-2/3C_battery-12,89.52328159645232,85.025566
Batch-2/3C_battery-12,89.02439024390245,81.53878
Batch-2/3C_battery-12,88.5809312638581,81.588196
Batch-2/3C_battery-13,107.00883002207506,99.907814
Batch-2/3C_battery-13,99.39293598233995,97.81727
Batch-2/3C_battery-13,100.0,98.08905
Batch-2/3C_battery-13,100.33112582781456,97.66957
Batch-2/3C_battery-13,100.60706401766004,97.90463
Batch-2/3C_battery-13,100.9381898454746,98.19199
Batch-2/3C_battery-13,101.26931567328919,97.72631
Batch-2/3C_battery-13,101.60044150110375,97.74734
Batch-2/3C_battery-13,101.87637969094922,97.94499
Batch-2/3C_battery-13,102.09713024282561,97.50452
Batch-2/3C_battery-13,102.37306843267109,97.6304
Batch-2/3C_battery-13,102.53863134657837,97.4494
Batch-2/3C_battery-13,102.75938189845475,97.308136
Batch-2/3C_battery-13,102.92494481236203,97.308136
Batch-2/3C_battery-13,103.09050772626931,97.308136
Batch-2/3C_battery-13,103.25607064017659,97.28108
Batch-2/3C_battery-13,103.4216335540839,97.25697
Batch-2/3C_battery-13,103.58719646799118,97.22804
Batch-2/3C_battery-13,103.69757174392934,97.23299
Batch-2/3C_battery-13,103.91832229580574,97.25738
Batch-2/3C_battery-13,104.24944812362031,97.26562
Batch-2/3C_battery-13,104.47019867549669,97.25792
Batch-2/3C_battery-13,104.58057395143487,97.27692
Batch-2/3C_battery-13,104.69094922737308,97.27176
Batch-2/3C_battery-13,104.74613686534215,97.11521
Batch-2/3C_battery-13,104.80132450331125,97.06719
Batch-2/3C_battery-13,104.91169977924946,97.4103
Batch-2/3C_battery-13,104.96688741721853,97.37626
Batch-2/3C_battery-13,105.02207505518764,97.37626
Batch-2/3C_battery-13,105.07726269315671,97.4063
Batch-2/3C_battery-13,105.13245033112581,97.36216
Batch-2/3C_battery-13,105.18763796909492,97.37559
Batch-2/3C_battery-13,105.29801324503309,97.37559
Batch-2/3C_battery-13,105.62913907284768,97.18142
Batch-2/3C_battery-13,105.68432671081678,97.1191
Batch-2/3C_battery-13,105.73951434878586,97.12377
Batch-2/3C_battery-13,105.90507726269315,96.713974
Batch-2/3C_battery-13,105.90507726269315,96.683
Batch-2/3C_battery-13,106.01545253863134,96.713974
Batch-2/3C_battery-13,105.90507726269315,96.514145
Batch-2/3C_battery-13,105.84988962472406,96.54123
Batch-2/3C_battery-13,105.84988962472406,96.53656
Batch-2/3C_battery-13,105.90507726269315,95.958954
Batch-2/3C_battery-13,105.90507726269315,95.63447
Batch-2/3C_battery-13,105.90507726269315,95.98569
Batch-2/3C_battery-13,105.90507726269315,95.98569
Batch-2/3C_battery-13,106.07064017660043,95.98569
Batch-2/3C_battery-13,106.18101545253862,95.984955
Batch-2/3C_battery-13,106.18101545253862,95.925415
Batch-2/3C_battery-13,106.23620309050771,95.925415
Batch-2/3C_battery-13,106.18101545253862,95.92108
Batch-2/3C_battery-13,106.18101545253862,95.4241
Batch-2/3C_battery-13,106.18101545253862,95.42438
Batch-2/3C_battery-13,106.12582781456953,95.424835
Batch-2/3C_battery-13,106.12582781456953,95.39322
Batch-2/3C_battery-13,106.12582781456953,94.86818
Batch-2/3C_battery-13,106.07064017660043,94.85417
Batch-2/3C_battery-13,106.01545253863134,94.78055
Batch-2/3C_battery-13,106.01545253863134,93.74646
Batch-2/3C_battery-13,106.18101545253862,93.82941
Batch-2/3C_battery-13,106.23620309050771,93.82982
Batch-2/3C_battery-13,106.29139072847681,93.346924
Batch-2/3C_battery-13,106.29139072847681,93.37366
Batch-2/3C_battery-13,106.29139072847681,93.37366
Batch-2/3C_battery-13,106.18101545253862,92.76173
Batch-2/3C_battery-13,106.18101545253862,93.014786
Batch-2/3C_battery-13,106.07064017660043,93.0462
Batch-2/3C_battery-13,106.07064017660043,92.99281
Batch-2/3C_battery-13,106.01545253863134,92.96608
Batch-2/3C_battery-13,105.96026490066224,92.96141
Batch-2/3C_battery-13,105.90507726269315,92.79149
Batch-2/3C_battery-13,105.90507726269315,92.792175
Batch-2/3C_battery-13,105.90507726269315,92.818115
Batch-2/3C_battery-13,106.12582781456953,92.78537
Batch-2/3C_battery-13,106.07064017660043,92.78548
Batch-2/3C_battery-13,106.01545253863134,92.75874
Batch-2/3C_battery-13,106.01545253863134,92.75874
Batch-2/3C_battery-13,105.90507726269315,92.763824
Batch-2/3C_battery-13,105.84988962472406,92.75989
Batch-2/3C_battery-13,105.79470198675496,92.75522
Batch-2/3C_battery-13,105.79470198675496,92.74058
Batch-2/3C_battery-13,105.73951434878586,92.72638
Batch-2/3C_battery-13,105.68432671081678,92.72638
Batch-2/3C_battery-13,105.62913907284768,92.77692
Batch-2/3C_battery-13,105.57395143487858,92.77692
Batch-2/3C_battery-13,105.62913907284768,92.77652
Batch-2/3C_battery-13,105.73951434878586,92.75989
Batch-2/3C_battery-13,105.73951434878586,92.764114
Batch-2/3C_battery-13,105.68432671081678,92.76357
Batch-2/3C_battery-13,105.73951434878586,92.763824
Batch-2/3C_battery-13,105.62913907284768,92.71497
Batch-2/3C_battery-13,105.51876379690948,92.726776
Batch-2/3C_battery-13,105.4083885209713,92.57794
Batch-2/3C_battery-13,105.4083885209713,92.57794
Batch-2/3C_battery-13,105.3532008830022,92.62808
Batch-2/3C_battery-13,105.29801324503309,92.14404
Batch-2/3C_battery-13,105.24282560706402,92.14404
Batch-2/3C_battery-13,105.18763796909492,92.119316
Batch-2/3C_battery-13,105.18763796909492,91.51923
Batch-2/3C_battery-13,105.29801324503309,91.525154
Batch-2/3C_battery-13,105.3532008830022,91.49331
Batch-2/3C_battery-13,105.29801324503309,90.68075
Batch-2/3C_battery-13,105.24282560706402,90.71171
Batch-2/3C_battery-13,105.13245033112581,90.68671
Batch-2/3C_battery-13,105.07726269315671,90.72187
Batch-2/3C_battery-13,105.02207505518764,90.70837
Batch-2/3C_battery-13,104.96688741721853,90.75849
Batch-2/3C_battery-13,104.91169977924946,90.785225
Batch-2/3C_battery-13,104.85651214128036,90.75849
Batch-2/3C_battery-13,104.80132450331125,90.7116
Batch-2/3C_battery-13,104.74613686534215,90.78007
Batch-2/3C_battery-13,104.69094922737308,90.75083
Batch-2/3C_battery-13,104.69094922737308,90.74836
Batch-2/3C_battery-13,104.74613686534215,90.777596
Batch-2/3C_battery-13,104.80132450331125,90.656425
Batch-2/3C_battery-13,104.63576158940397,90.69741
Batch-2/3C_battery-13,104.58057395143487,90.69826
Batch-2/3C_battery-13,104.52538631346577,90.63907
Batch-2/3C_battery-13,104.47019867549669,90.60433
Batch-2/3C_battery-13,104.41501103752759,90.60433
Batch-2/3C_battery-13,104.3598233995585,90.862305
Batch-2/3C_battery-13,104.3046357615894,90.8837
Batch-2/3C_battery-13,104.24944812362031,90.86795
Batch-2/3C_battery-13,104.19426048565121,90.74223
Batch-2/3C_battery-13,104.13907284768212,90.779526
Batch-2/3C_battery-13,104.13907284768212,90.779526
Batch-2/3C_battery-13,104.08388520971302,90.779526
Batch-2/3C_battery-13,104.02869757174393,90.74223
Batch-2/3C_battery-13,104.02869757174393,90.74223
Batch-2/3C_battery-13,104.08388520971302,90.71315
Batch-2/3C_battery-13,103.91832229580574,90.75566
Batch-2/3C_battery-13,103.86313465783662,90.779526
Batch-2/3C_battery-13,103.80794701986756,90.779526
Batch-2/3C_battery-13,103.75275938189846,90.77464
Batch-2/3C_battery-13,103.69757174392934,90.74411
Batch-2/3C_battery-13,103.64238410596025,90.7117
Batch-2/3C_battery-13,103.58719646799118,90.7117
Batch-2/3C_battery-13,103.47682119205297,90.70761
Batch-2/3C_battery-13,103.4216335540839,90.6906
Batch-2/3C_battery-13,103.4216335540839,90.69003
Batch-2/3C_battery-13,103.36644591611478,90.62479
Batch-2/3C_battery-13,103.36644591611478,90.675705
Batch-2/3C_battery-13,103.36644591611478,90.49222
Batch-2/3C_battery-13,103.25607064017659,90.606964
Batch-2/3C_battery-13,103.2008830022075,90.62801
Batch-2/3C_battery-13,103.1456953642384,90.38843
Batch-2/3C_battery-13,103.03532008830021,90.665306
Batch-2/3C_battery-13,102.98013245033113,90.376015
Batch-2/3C_battery-13,102.92494481236203,90.64209
Batch-2/3C_battery-13,102.81456953642383,90.368965
Batch-2/3C_battery-13,102.75938189845475,90.26923
Batch-2/3C_battery-13,102.64900662251655,90.26923
Batch-2/3C_battery-13,102.59381898454745,90.251884
Batch-2/3C_battery-13,102.53863134657837,90.241905
Batch-2/3C_battery-13,102.42825607064019,90.251884
Batch-2/3C_battery-13,102.37306843267109,90.241905
Batch-2/3C_battery-13,102.31788079470199,90.251884
Batch-2/3C_battery-13,102.2626931567329,90.241905
Batch-2/3C_battery-13,102.15231788079471,90.241905
Batch-2/3C_battery-13,102.0419426048565,90.241905
Batch-2/3C_battery-13,101.93156732891833,90.22434
Batch-2/3C_battery-13,101.82119205298012,90.19396
Batch-2/3C_battery-13,101.71081677704194,90.19396
Batch-2/3C_battery-13,101.60044150110375,90.14588
Batch-2/3C_battery-13,101.49006622516556,90.16937
Batch-2/3C_battery-13,101.32450331125828,89.79845
Batch-2/3C_battery-13,101.26931567328919,89.78991
Batch-2/3C_battery-13,101.15894039735099,89.74789
Batch-2/3C_battery-13,101.0485651214128,89.74691
Batch-2/3C_battery-13,100.9381898454746,89.74381
Batch-2/3C_battery-13,100.82781456953643,89.73108
Batch-2/3C_battery-13,100.66225165562915,89.87374
Batch-2/3C_battery-13,100.55187637969094,89.83977
Batch-2/3C_battery-13,100.38631346578366,89.83977
Batch-2/3C_battery-13,100.27593818984546,89.8147
Batch-2/3C_battery-13,100.11037527593818,89.95262
Batch-2/3C_battery-13,100.0,89.96881
Batch-2/3C_battery-13,99.8344370860927,89.916855
Batch-2/3C_battery-13,99.72406181015452,89.99357
Batch-2/3C_battery-13,99.61368653421633,89.983665
Batch-2/3C_battery-13,99.44812362030905,89.97637
Batch-2/3C_battery-13,99.28256070640175,89.98884
Batch-2/3C_battery-13,99.11699779249447,89.931725
Batch-2/3C_battery-13,98.95143487858718,89.976715
Batch-2/3C_battery-13,98.7306843267108,89.65188
Batch-2/3C_battery-13,98.56512141280353,89.334755
Batch-2/3C_battery-13,98.39955849889624,89.320564
Batch-2/3C_battery-13,98.23399558498896,88.82402
Batch-2/3C_battery-13,98.01324503311258,88.714836
Batch-2/3C_battery-13,97.84768211920529,88.84316
Batch-2/3C_battery-13,97.62693156732891,88.96284
Batch-2/3C_battery-13,97.46136865342163,88.91421
Batch-2/3C_battery-13,97.29580573951434,89.101585
Batch-2/3C_battery-13,97.13024282560706,89.310455
Batch-2/3C_battery-13,96.90949227373068,89.801834
Batch-2/3C_battery-13,96.6887417218543,90.02911
Batch-2/3C_battery-13,96.46799116997792,90.09227
Batch-2/3C_battery-13,96.24724061810154,89.92866
Batch-2/3C_battery-13,95.97130242825608,89.33751
Batch-2/3C_battery-13,95.7505518763797,89.1382
Batch-2/3C_battery-13,95.52980132450331,88.04651
Batch-2/3C_battery-13,95.30905077262693,87.5235
Batch-2/3C_battery-13,95.03311258278146,87.54749
Batch-2/3C_battery-13,94.81236203090508,87.688576
Batch-2/3C_battery-13,94.5364238410596,87.688576
Batch-2/3C_battery-13,94.31567328918322,87.89808
Batch-2/3C_battery-13,94.09492273730685,88.45498
Batch-2/3C_battery-13,93.81898454746135,88.364174
Batch-2/3C_battery-13,93.5430463576159,87.41867
Batch-2/3C_battery-13,93.26710816777042,87.4649
Batch-2/3C_battery-13,92.93598233995584,86.350746
Batch-2/3C_battery-13,92.66004415011038,86.304085
Batch-2/3C_battery-13,92.38410596026489,85.27369
Batch-2/3C_battery-13,92.05298013245033,85.747444
Batch-2/3C_battery-13,91.72185430463576,85.65208
Batch-2/3C_battery-13,91.39072847682118,85.51052
Batch-2/3C_battery-13,91.00441501103752,85.37301
Batch-2/3C_battery-13,90.61810154525386,85.28202
Batch-2/3C_battery-13,90.28697571743929,85.2945
Batch-2/3C_battery-13,90.12141280353201,85.43168
Batch-2/3C_battery-13,89.90066225165563,84.54134
Batch-2/3C_battery-13,89.62472406181016,85.28252
Batch-2/3C_battery-13,89.29359823399558,85.13231
Batch-2/3C_battery-13,88.96247240618102,84.75468
Batch-2/3C_battery-13,88.57615894039735,84.612305
Batch-2/3C_battery-13,88.24503311258279,83.679855
Batch-2/3C_battery-14,106.81063122923588,99.90511
Batch-2/3C_battery-14,99.33554817275747,97.41859
Batch-2/3C_battery-14,100.0,97.814606
Batch-2/3C_battery-14,100.33222591362126,97.45567
Batch-2/3C_battery-14,100.71982281284606,97.88333
Batch-2/3C_battery-14,101.10741971207086,98.18867
Batch-2/3C_battery-14,101.49501661129567,97.591545
Batch-2/3C_battery-14,101.82724252491695,97.74734
Batch-2/3C_battery-14,102.04872646733112,97.95594
Batch-2/3C_battery-14,102.32558139534885,97.50452
Batch-2/3C_battery-14,102.54706533776302,97.6304
Batch-2/3C_battery-14,102.76854928017718,97.59914
Batch-2/3C_battery-14,102.93466223698782,97.45787
Batch-2/3C_battery-14,103.10077519379846,97.29397
Batch-2/3C_battery-14,103.26688815060908,97.29804
Batch-2/3C_battery-14,103.43300110741971,97.25697
Batch-2/3C_battery-14,103.59911406423035,97.213844
Batch-2/3C_battery-14,103.70985603543743,97.14302
Batch-2/3C_battery-14,103.87596899224805,97.14096
Batch-2/3C_battery-14,104.09745293466224,97.1492
Batch-2/3C_battery-14,104.42967884828349,97.25586
Batch-2/3C_battery-14,104.54042081949058,97.28703
Batch-2/3C_battery-14,104.59579180509412,97.2917
Batch-2/3C_battery-14,104.65116279069765,97.19978
Batch-2/3C_battery-14,104.70653377630121,97.036736
Batch-2/3C_battery-14,104.76190476190474,97.03921
Batch-2/3C_battery-14,104.8172757475083,97.04696
Batch-2/3C_battery-14,104.87264673311185,96.97393
Batch-2/3C_battery-14,104.92801771871538,96.96877
Batch-2/3C_battery-14,104.98338870431894,96.97393
Batch-2/3C_battery-14,104.98338870431894,97.292336
Batch-2/3C_battery-14,105.03875968992249,97.292336
Batch-2/3C_battery-14,105.26024363233665,97.292336
Batch-2/3C_battery-14,105.42635658914728,97.09669
Batch-2/3C_battery-14,105.42635658914728,97.05595
Batch-2/3C_battery-14,105.48172757475083,97.092354
Batch-2/3C_battery-14,105.53709856035437,96.68733
Batch-2/3C_battery-14,105.59246954595791,96.68733
Batch-2/3C_battery-14,105.48172757475083,96.46452
Batch-2/3C_battery-14,105.42635658914728,96.52136
Batch-2/3C_battery-14,105.42635658914728,96.55234
Batch-2/3C_battery-14,105.37098560354374,96.55234
Batch-2/3C_battery-14,105.37098560354374,95.975525
Batch-2/3C_battery-14,105.37098560354374,95.92323
Batch-2/3C_battery-14,105.31561461794018,95.975525
Batch-2/3C_battery-14,105.42635658914728,95.98369
Batch-2/3C_battery-14,105.48172757475083,95.91786
Batch-2/3C_battery-14,105.48172757475083,95.694534
Batch-2/3C_battery-14,105.48172757475083,95.889786
Batch-2/3C_battery-14,105.42635658914728,95.694885
Batch-2/3C_battery-14,105.37098560354374,95.86853
Batch-2/3C_battery-14,105.37098560354374,95.34085
Batch-2/3C_battery-14,105.26024363233665,95.26283
Batch-2/3C_battery-14,105.20487264673311,95.24814
Batch-2/3C_battery-14,105.14950166112958,95.25287
Batch-2/3C_battery-14,105.09413067552602,94.65695
Batch-2/3C_battery-14,105.03875968992249,94.65262
Batch-2/3C_battery-14,104.98338870431894,94.65262
Batch-2/3C_battery-14,104.98338870431894,93.58826
Batch-2/3C_battery-14,105.03875968992249,93.59259
Batch-2/3C_battery-14,105.03875968992249,93.41051
Batch-2/3C_battery-14,104.98338870431894,92.9612
Batch-2/3C_battery-14,104.92801771871538,92.69204
Batch-2/3C_battery-14,104.8172757475083,92.951004
Batch-2/3C_battery-14,104.8172757475083,92.72475
Batch-2/3C_battery-14,104.65116279069765,92.559364
Batch-2/3C_battery-14,104.59579180509412,92.51328
Batch-2/3C_battery-14,104.54042081949058,92.50796
Batch-2/3C_battery-14,104.42967884828349,92.47538
Batch-2/3C_battery-14,104.31893687707641,92.69155
Batch-2/3C_battery-14,104.26356589147288,92.4966
Batch-2/3C_battery-14,104.26356589147288,92.54267
Batch-2/3C_battery-14,104.31893687707641,92.547005
Batch-2/3C_battery-14,104.26356589147288,92.675705
Batch-2/3C_battery-14,104.15282392026577,92.67193
Batch-2/3C_battery-14,104.15282392026577,92.67193
Batch-2/3C_battery-14,103.98671096345512,92.47835
Batch-2/3C_battery-14,103.87596899224805,92.436195
Batch-2/3C_battery-14,103.82059800664452,92.4219
Batch-2/3C_battery-14,103.70985603543743,92.4219
Batch-2/3C_battery-14,103.59911406423035,92.36379
Batch-2/3C_battery-14,103.54374307862679,92.35946
Batch-2/3C_battery-14,103.43300110741971,92.35946
Batch-2/3C_battery-14,103.32225913621262,92.349556
Batch-2/3C_battery-14,103.32225913621262,92.35946
Batch-2/3C_battery-14,103.32225913621262,92.36623
Batch-2/3C_battery-14,103.26688815060908,92.50801
Batch-2/3C_battery-14,103.15614617940199,92.50801
Batch-2/3C_battery-14,103.15614617940199,92.51077
Batch-2/3C_battery-14,103.10077519379846,92.51455
Batch-2/3C_battery-14,102.87929125138429,92.29245
Batch-2/3C_battery-14,102.76854928017718,92.333275
Batch-2/3C_battery-14,102.65780730897009,92.254616
Batch-2/3C_battery-14,102.54706533776302,92.21055
Batch-2/3C_battery-14,102.43632336655592,92.16586
Batch-2/3C_battery-14,102.32558139534885,91.71097
Batch-2/3C_battery-14,102.21483942414176,91.72089
Batch-2/3C_battery-14,102.10409745293467,91.72089
Batch-2/3C_battery-14,102.10409745293467,91.12283
Batch-2/3C_battery-14,102.04872646733112,91.12283
Batch-2/3C_battery-14,101.88261351052049,91.12283
Batch-2/3C_battery-14,101.71650055370985,90.2639
Batch-2/3C_battery-14,101.60575858250276,90.294876
Batch-2/3C_battery-14,101.43964562569214,90.29065
Batch-2/3C_battery-14,101.2735326688815,90.289505
Batch-2/3C_battery-14,101.10741971207086,90.29401
Batch-2/3C_battery-14,100.94130675526023,90.35838
Batch-2/3C_battery-14,100.7751937984496,90.30826
Batch-2/3C_battery-14,100.60908084163897,90.24728
Batch-2/3C_battery-14,100.44296788482836,89.9059
Batch-2/3C_battery-14,100.22148394241417,89.92284
Batch-2/3C_battery-14,100.05537098560353,89.86461
Batch-2/3C_battery-14,99.94462901439644,89.83714
Batch-2/3C_battery-14,99.83388704318936,89.91321
Batch-2/3C_battery-14,99.61240310077518,89.81656
Batch-2/3C_battery-14,99.39091915836102,89.76245
Batch-2/3C_battery-14,99.16943521594683,89.76245
Batch-2/3C_battery-14,98.94795127353267,89.715294
Batch-2/3C_battery-14,98.72646733111849,89.70788
Batch-2/3C_battery-14,98.44961240310077,89.51203
Batch-2/3C_battery-14,98.2281284606866,89.62978
Batch-2/3C_battery-14,97.95127353266886,89.61863
Batch-2/3C_battery-14,97.7297895902547,89.49859
Batch-2/3C_battery-14,97.45293466223698,89.55926
Batch-2/3C_battery-14,97.17607973421926,89.72281
Batch-2/3C_battery-14,96.89922480620154,89.409164
Batch-2/3C_battery-14,96.62236987818383,90.24845
Batch-2/3C_battery-14,96.3455149501661,89.82155
Batch-2/3C_battery-14,96.12403100775194,89.024536
Batch-2/3C_battery-14,95.79180509413067,88.71024
Batch-2/3C_battery-14,95.45957918050941,88.18796
Batch-2/3C_battery-14,95.12735326688815,88.11846
Batch-2/3C_battery-14,94.73975636766335,88.320045
Batch-2/3C_battery-14,94.35215946843853,88.334755
Batch-2/3C_battery-14,94.01993355481727,88.70713
Batch-2/3C_battery-14,93.57696566998892,87.52749
Batch-2/3C_battery-14,93.18936877076412,86.74072
Batch-2/3C_battery-14,92.74640088593577,86.27075
Batch-2/3C_battery-14,92.30343300110742,85.74049
Batch-2/3C_battery-14,91.86046511627907,85.634186
Batch-2/3C_battery-14,91.41749723145071,85.51163
Batch-2/3C_battery-14,90.97452934662236,85.6147
Batch-2/3C_battery-14,90.47619047619047,85.68849
Batch-2/3C_battery-14,89.97785160575859,83.14938
Batch-2/3C_battery-14,89.3687707641196,82.09586
Batch-2/3C_battery-14,88.81506090808416,82.18031
Batch-2/3C_battery-14,88.26135105204872,80.13808
Batch-2/3C_battery-15,106.95216907675196,99.87118
Batch-2/3C_battery-15,99.38820912124582,97.8258
Batch-2/3C_battery-15,100.0,97.94916
Batch-2/3C_battery-15,100.3893214682981,97.616165
Batch-2/3C_battery-15,100.7230255839822,97.8625
Batch-2/3C_battery-15,101.05672969966628,98.18867
Batch-2/3C_battery-15,101.44605116796441,97.75432
Batch-2/3C_battery-15,101.77975528364851,97.79938
Batch-2/3C_battery-15,102.00222469410456,97.91914
Batch-2/3C_battery-15,102.28031145717465,97.50452
Batch-2/3C_battery-15,102.50278086763069,97.65279
Batch-2/3C_battery-15,102.66963292547275,97.59914
Batch-2/3C_battery-15,102.8921023359288,97.308136
Batch-2/3C_battery-15,103.05895439377086,97.29397
Batch-2/3C_battery-15,103.2258064516129,97.29804
Batch-2/3C_battery-15,103.39265850945493,97.256454
Batch-2/3C_battery-15,103.559510567297,97.24629
Batch-2/3C_battery-15,103.67074527252502,97.14096
Batch-2/3C_battery-15,103.83759733036709,97.14096
Batch-2/3C_battery-15,104.06006674082313,97.1982
Batch-2/3C_battery-15,104.39377085650723,97.25586
Batch-2/3C_battery-15,104.50500556173526,97.29056
Batch-2/3C_battery-15,104.56062291434927,97.30437
Batch-2/3C_battery-15,104.6162402669633,97.30649
Batch-2/3C_battery-15,104.6718576195773,97.038124
Batch-2/3C_battery-15,104.72747497219133,97.038124
Batch-2/3C_battery-15,104.78309232480534,97.04272
Batch-2/3C_battery-15,104.83870967741935,97.35113
Batch-2/3C_battery-15,104.89432703003337,97.275
Batch-2/3C_battery-15,104.94994438264737,97.27967
Batch-2/3C_battery-15,105.00556173526138,97.27479
Batch-2/3C_battery-15,105.00556173526138,97.27921
Batch-2/3C_battery-15,105.28364849833147,97.31553
Batch-2/3C_battery-15,105.39488320355952,96.91462
Batch-2/3C_battery-15,105.39488320355952,96.91462
Batch-2/3C_battery-15,105.50611790878754,96.87336
Batch-2/3C_battery-15,105.50611790878754,96.50904
Batch-2/3C_battery-15,105.56173526140155,96.131775
Batch-2/3C_battery-15,105.50611790878754,96.50904
Batch-2/3C_battery-15,105.45050055617351,96.30237
Batch-2/3C_battery-15,105.39488320355952,96.525696
Batch-2/3C_battery-15,105.39488320355952,96.525696
Batch-2/3C_battery-15,105.39488320355952,95.97015
Batch-2/3C_battery-15,105.39488320355952,95.97015
Batch-2/3C_battery-15,105.39488320355952,95.91786
Batch-2/3C_battery-15,105.45050055617351,95.97015
Batch-2/3C_battery-15,105.56173526140155,95.788086
Batch-2/3C_battery-15,105.56173526140155,95.79186
Batch-2/3C_battery-15,105.56173526140155,95.70638
Batch-2/3C_battery-15,105.50611790878754,95.70638
Batch-2/3C_battery-15,105.45050055617351,95.70261
Batch-2/3C_battery-15,105.45050055617351,95.1787
Batch-2/3C_battery-15,105.33926585094548,95.18004
Batch-2/3C_battery-15,105.28364849833147,95.11752
Batch-2/3C_battery-15,105.28364849833147,95.11656
Batch-2/3C_battery-15,105.22803114571747,94.58664
Batch-2/3C_battery-15,105.17241379310344,94.49737
Batch-2/3C_battery-15,105.06117908787542,94.46936
Batch-2/3C_battery-15,105.11679644048944,93.43812
Batch-2/3C_battery-15,105.17241379310344,93.45906
Batch-2/3C_battery-15,105.17241379310344,93.4709
Batch-2/3C_battery-15,105.17241379310344,93.05821
Batch-2/3C_battery-15,105.11679644048944,93.059654
Batch-2/3C_battery-15,105.00556173526138,92.644104
Batch-2/3C_battery-15,105.00556173526138,92.46916
Batch-2/3C_battery-15,104.83870967741935,92.72752
Batch-2/3C_battery-15,104.78309232480534,92.72752
Batch-2/3C_battery-15,104.72747497219133,92.6934
Batch-2/3C_battery-15,104.6162402669633,92.686844
Batch-2/3C_battery-15,104.56062291434927,92.66953
Batch-2/3C_battery-15,104.50500556173526,92.25268
Batch-2/3C_battery-15,104.50500556173526,92.239746
Batch-2/3C_battery-15,104.56062291434927,92.23191
Batch-2/3C_battery-15,104.50500556173526,92.21719
Batch-2/3C_battery-15,104.44938820912124,92.1941
Batch-2/3C_battery-15,104.39377085650723,92.1941
Batch-2/3C_battery-15,104.2825361512792,92.675705
Batch-2/3C_battery-15,104.17130144605116,92.66915
Batch-2/3C_battery-15,104.11568409343717,92.66915
Batch-2/3C_battery-15,104.00444938820912,92.66915
Batch-2/3C_battery-15,103.9488320355951,92.62118
Batch-2/3C_battery-15,103.83759733036709,92.40368
Batch-2/3C_battery-15,103.78197997775307,92.436195
Batch-2/3C_battery-15,103.67074527252502,92.43863
Batch-2/3C_battery-15,103.67074527252502,92.43863
Batch-2/3C_battery-15,103.72636262513903,92.62773
Batch-2/3C_battery-15,103.67074527252502,92.59526
Batch-2/3C_battery-15,103.615127919911,92.58695
Batch-2/3C_battery-15,103.615127919911,92.62773
Batch-2/3C_battery-15,103.559510567297,92.63571
Batch-2/3C_battery-15,103.33704115684095,92.55707
Batch-2/3C_battery-15,103.2258064516129,92.50801
Batch-2/3C_battery-15,103.17018909899889,92.33162
Batch-2/3C_battery-15,103.05895439377086,92.291916
Batch-2/3C_battery-15,102.94771968854282,92.28948
Batch-2/3C_battery-15,102.8921023359288,91.83892
Batch-2/3C_battery-15,102.78086763070078,91.83892
Batch-2/3C_battery-15,102.66963292547275,91.8084
Batch-2/3C_battery-15,102.72525027808676,91.236534
Batch-2/3C_battery-15,102.72525027808676,91.38729
Batch-2/3C_battery-15,102.61401557285872,91.38729
Batch-2/3C_battery-15,102.50278086763069,90.601906
Batch-2/3C_battery-15,102.39154616240268,90.601906
Batch-2/3C_battery-15,102.28031145717465,90.58539
Batch-2/3C_battery-15,102.16907675194659,90.3704
Batch-2/3C_battery-15,102.05784204671858,90.367966
Batch-2/3C_battery-15,101.94660734149055,90.367966
Batch-2/3C_battery-15,101.8353726362625,90.35806
Batch-2/3C_battery-15,101.72413793103448,90.367966
Batch-2/3C_battery-15,101.61290322580645,90.268234
Batch-2/3C_battery-15,101.44605116796441,90.268234
Batch-2/3C_battery-15,101.33481646273637,90.268234
Batch-2/3C_battery-15,101.33481646273637,90.268234
Batch-2/3C_battery-15,101.27919911012235,90.41245
Batch-2/3C_battery-15,101.16796440489433,90.418205
Batch-2/3C_battery-15,101.00111234705228,90.26988
Batch-2/3C_battery-15,100.83426028921023,90.287384
Batch-2/3C_battery-15,100.7230255839822,90.239204
Batch-2/3C_battery-15,100.55617352614014,90.2472
Batch-2/3C_battery-15,100.44493882091213,90.12275
Batch-2/3C_battery-15,100.27808676307006,90.16207
Batch-2/3C_battery-15,100.11123470522803,89.87189
Batch-2/3C_battery-15,100.0,89.81993
Batch-2/3C_battery-15,99.83314794215795,89.795395
Batch-2/3C_battery-15,99.72191323692992,89.79222
Batch-2/3C_battery-15,99.55506117908787,89.78581
Batch-2/3C_battery-15,99.38820912124582,89.703026
Batch-2/3C_battery-15,99.2769744160178,89.71293
Batch-2/3C_battery-15,99.16573971078975,89.7183
Batch-2/3C_battery-15,98.99888765294772,89.687325
Batch-2/3C_battery-15,98.77641824249166,89.66934
Batch-2/3C_battery-15,98.6095661846496,89.65646
Batch-2/3C_battery-15,98.44271412680756,89.581635
Batch-2/3C_battery-15,98.2202447163515,89.53592
Batch-2/3C_battery-15,98.05339265850944,89.5558
Batch-2/3C_battery-15,97.83092324805338,89.6587
Batch-2/3C_battery-15,97.66407119021135,89.57224
Batch-2/3C_battery-15,97.44160177975529,89.55665
Batch-2/3C_battery-15,97.27474972191324,89.643654
Batch-2/3C_battery-15,97.05228031145717,89.94536
Batch-2/3C_battery-15,96.82981090100111,90.200226
Batch-2/3C_battery-15,96.71857619577308,90.255295
Batch-2/3C_battery-15,96.49610678531702,89.91536
Batch-2/3C_battery-15,96.27363737486095,89.38156
Batch-2/3C_battery-15,96.0511679644049,89.256035
Batch-2/3C_battery-15,95.82869855394883,88.766
Batch-2/3C_battery-15,95.55061179087875,88.46192
Batch-2/3C_battery-15,95.32814238042269,88.14636
Batch-2/3C_battery-15,95.10567296996662,88.11848
Batch-2/3C_battery-15,94.82758620689656,88.052055
Batch-2/3C_battery-15,94.6051167964405,88.22381
Batch-2/3C_battery-15,94.3270300333704,88.22259
Batch-2/3C_battery-15,94.04894327030033,88.25036
Batch-2/3C_battery-15,93.77085650723025,87.28324
Batch-2/3C_battery-15,93.49276974416017,87.45968
Batch-2/3C_battery-15,93.27030033370411,86.70591
Batch-2/3C_battery-15,92.93659621802001,86.456215
Batch-2/3C_battery-15,92.65850945494994,86.521736
Batch-2/3C_battery-15,92.32480533926585,85.93577
Batch-2/3C_battery-15,91.99110122358175,85.76147
Batch-2/3C_battery-15,91.65739710789765,85.67567
Batch-2/3C_battery-15,91.26807563959956,85.75035
Batch-2/3C_battery-15,90.93437152391546,85.71797
Batch-2/3C_battery-15,90.54505005561735,83.69629
Batch-2/3C_battery-15,90.10011123470522,83.44749
Batch-2/3C_battery-15,89.71078976640712,82.8899
Batch-2/3C_battery-15,89.26585094549499,82.278984
Batch-2/3C_battery-15,88.87652947719688,82.162926
Batch-2/3C_battery-2,108.72554204124802,99.81812
Batch-2/3C_battery-2,99.57694341618192,97.89193
Batch-2/3C_battery-2,100.0,98.34365
Batch-2/3C_battery-2,100.31729243786356,97.78737
Batch-2/3C_battery-2,100.63458487572714,98.15382
Batch-2/3C_battery-2,100.89899524061343,98.475426
Batch-2/3C_battery-2,101.16340560549975,97.79639
Batch-2/3C_battery-2,101.37493389740877,97.828926
Batch-2/3C_battery-2,101.63934426229508,97.93702
Batch-2/3C_battery-2,101.85087255420413,97.50452
Batch-2/3C_battery-2,101.63934426229508,97.45921
Batch-2/3C_battery-2,102.11528291909042,97.82461
Batch-2/3C_battery-2,102.37969328397674,97.489136
Batch-2/3C_battery-2,102.59122157588575,97.489136
Batch-2/3C_battery-2,102.74986779481756,97.45787
Batch-2/3C_battery-2,102.96139608672661,97.42674
Batch-2/3C_battery-2,103.06716023268112,97.27701
Batch-2/3C_battery-2,103.2258064516129,97.27701
Batch-2/3C_battery-2,103.3315705975674,97.27701
Batch-2/3C_battery-2,103.49021681649921,97.31185
Batch-2/3C_battery-2,103.59598096245372,97.31133
Batch-2/3C_battery-2,103.7546271813855,97.29219
Batch-2/3C_battery-2,103.86039132734004,97.296265
Batch-2/3C_battery-2,104.01903754627182,96.85305
Batch-2/3C_battery-2,104.07191961924906,97.026054
Batch-2/3C_battery-2,104.1776837652036,97.026054
Batch-2/3C_battery-2,104.23056583818087,97.00485
Batch-2/3C_battery-2,104.2834479111581,96.99589
Batch-2/3C_battery-2,104.2834479111581,96.98498
Batch-2/3C_battery-2,104.38921205711264,96.96694
Batch-2/3C_battery-2,104.38921205711264,96.95603
Batch-2/3C_battery-2,104.44209413008991,97.36965
Batch-2/3C_battery-2,104.49497620306715,97.29914
Batch-2/3C_battery-2,104.54785827604442,97.196495
Batch-2/3C_battery-2,104.54785827604442,97.22654
Batch-2/3C_battery-2,104.60074034902166,97.12743
Batch-2/3C_battery-2,104.65362242199893,96.71808
Batch-2/3C_battery-2,104.7065044949762,96.79372
Batch-2/3C_battery-2,104.7065044949762,96.71808
Batch-2/3C_battery-2,104.75938656795347,96.7677
Batch-2/3C_battery-2,104.75938656795347,96.77668
Batch-2/3C_battery-2,104.81226864093071,96.77764
Batch-2/3C_battery-2,104.75938656795347,96.17142
Batch-2/3C_battery-2,104.75938656795347,96.1804
Batch-2/3C_battery-2,104.75938656795347,96.17142
Batch-2/3C_battery-2,104.75938656795347,96.17142
Batch-2/3C_battery-2,104.65362242199893,96.17142
Batch-2/3C_battery-2,104.7065044949762,96.1804
Batch-2/3C_battery-2,104.7065044949762,96.14721
Batch-2/3C_battery-2,104.7065044949762,96.14721
Batch-2/3C_battery-2,104.91803278688525,96.120476
Batch-2/3C_battery-2,104.91803278688525,95.519714
Batch-2/3C_battery-2,104.75938656795347,95.511475
Batch-2/3C_battery-2,104.75938656795347,95.61643
Batch-2/3C_battery-2,104.75938656795347,95.568214
Batch-2/3C_battery-2,104.7065044949762,95.03422
Batch-2/3C_battery-2,104.65362242199893,94.981544
Batch-2/3C_battery-2,104.60074034902166,95.00828
Batch-2/3C_battery-2,104.54785827604442,93.89902
Batch-2/3C_battery-2,104.7065044949762,93.9826
Batch-2/3C_battery-2,104.60074034902166,93.92126
Batch-2/3C_battery-2,104.60074034902166,93.46921
Batch-2/3C_battery-2,104.7065044949762,93.48737
Batch-2/3C_battery-2,104.7065044949762,93.49145
Batch-2/3C_battery-2,104.60074034902166,93.18622
Batch-2/3C_battery-2,104.60074034902166,93.18622
Batch-2/3C_battery-2,104.49497620306715,93.184364
Batch-2/3C_battery-2,104.44209413008991,93.07848
Batch-2/3C_battery-2,104.44209413008991,93.00718
Batch-2/3C_battery-2,104.38921205711264,93.01125
Batch-2/3C_battery-2,104.33632998413538,92.84655
Batch-2/3C_battery-2,104.33632998413538,92.84655
Batch-2/3C_battery-2,104.2834479111581,92.84655
Batch-2/3C_battery-2,104.44209413008991,92.82693
Batch-2/3C_battery-2,104.44209413008991,92.917854
Batch-2/3C_battery-2,104.44209413008991,92.917854
Batch-2/3C_battery-2,104.38921205711264,92.917854
Batch-2/3C_battery-2,104.38921205711264,92.917854
Batch-2/3C_battery-2,104.33632998413538,92.91378
Batch-2/3C_battery-2,104.2834479111581,92.91378
Batch-2/3C_battery-2,104.23056583818087,92.83204
Batch-2/3C_battery-2,104.1776837652036,92.82693
Batch-2/3C_battery-2,104.12480169222633,92.82893
Batch-2/3C_battery-2,104.07191961924906,92.8789
Batch-2/3C_battery-2,104.01903754627182,93.01513
Batch-2/3C_battery-2,103.96615547329455,92.89213
Batch-2/3C_battery-2,103.96615547329455,92.949135
Batch-2/3C_battery-2,104.12480169222633,92.766045
Batch-2/3C_battery-2,104.23056583818087,92.91468
Batch-2/3C_battery-2,104.01903754627182,92.92909
Batch-2/3C_battery-2,103.91327340031728,92.831245
Batch-2/3C_battery-2,103.80750925436277,92.82613
Batch-2/3C_battery-2,103.7546271813855,92.87481
Batch-2/3C_battery-2,103.64886303543099,92.81415
Batch-2/3C_battery-2,103.64886303543099,92.94424
Batch-2/3C_battery-2,103.59598096245372,92.380066
Batch-2/3C_battery-2,103.54309888947645,92.347595
Batch-2/3C_battery-2,103.49021681649921,92.32873
Batch-2/3C_battery-2,103.43733474352194,91.77807
Batch-2/3C_battery-2,103.43733474352194,91.75885
Batch-2/3C_battery-2,103.3315705975674,91.71204
Batch-2/3C_battery-2,103.3315705975674,90.95718
Batch-2/3C_battery-2,103.3315705975674,90.966805
Batch-2/3C_battery-2,103.27868852459017,90.966805
Batch-2/3C_battery-2,103.2258064516129,90.97491
Batch-2/3C_battery-2,103.17292437863566,91.00617
Batch-2/3C_battery-2,103.12004230565839,90.721596
Batch-2/3C_battery-2,103.06716023268112,90.74284
Batch-2/3C_battery-2,102.96139608672661,90.71555
Batch-2/3C_battery-2,102.85563194077207,90.167465
Batch-2/3C_battery-2,102.8027498677948,90.08361
Batch-2/3C_battery-2,102.85563194077207,90.106
Batch-2/3C_battery-2,103.01427815970385,90.76502
Batch-2/3C_battery-2,102.96139608672661,90.70308
Batch-2/3C_battery-2,102.90851401374934,90.70308
Batch-2/3C_battery-2,102.90851401374934,90.70308
Batch-2/3C_battery-2,102.85563194077207,90.70308
Batch-2/3C_battery-2,102.74986779481756,90.70308
Batch-2/3C_battery-2,102.69698572184029,90.70308
Batch-2/3C_battery-2,102.64410364886302,90.74284
Batch-2/3C_battery-2,102.64410364886302,90.707924
Batch-2/3C_battery-2,102.53833950290851,90.70308
Batch-2/3C_battery-2,102.48545742993124,90.712326
Batch-2/3C_battery-2,102.432575356954,90.78131
Batch-2/3C_battery-2,102.432575356954,90.59773
Batch-2/3C_battery-2,102.48545742993124,90.74649
Batch-2/3C_battery-2,102.48545742993124,90.70308
Batch-2/3C_battery-2,102.432575356954,90.67255
Batch-2/3C_battery-2,102.432575356954,90.70308
Batch-2/3C_battery-2,102.37969328397674,90.67255
Batch-2/3C_battery-2,102.32681121099947,90.712326
Batch-2/3C_battery-2,102.32681121099947,90.71597
Batch-2/3C_battery-2,102.22104706504496,90.7568
Batch-2/3C_battery-2,102.16816499206769,90.70344
Batch-2/3C_battery-2,102.11528291909042,90.62001
Batch-2/3C_battery-2,102.11528291909042,90.7183
Batch-2/3C_battery-2,102.06240084611315,90.677475
Batch-2/3C_battery-2,102.00951877313591,90.58164
Batch-2/3C_battery-2,102.00951877313591,90.60241
Batch-2/3C_battery-2,101.95663670015864,90.552864
Batch-2/3C_battery-2,101.9037546271814,90.552864
Batch-2/3C_battery-2,101.95663670015864,90.552864
Batch-2/3C_battery-2,101.9037546271814,90.552864
Batch-2/3C_battery-2,101.85087255420413,90.552864
Batch-2/3C_battery-2,101.79799048122686,90.552864
Batch-2/3C_battery-2,101.74510840824959,90.552864
Batch-2/3C_battery-2,101.74510840824959,90.552864
Batch-2/3C_battery-2,101.69222633527235,90.52965
Batch-2/3C_battery-2,101.58646218931781,90.59925
Batch-2/3C_battery-2,101.53358011634054,90.39685
Batch-2/3C_battery-2,101.53358011634054,89.78644
Batch-2/3C_battery-2,101.58646218931781,90.08165
Batch-2/3C_battery-2,101.63934426229508,90.52965
Batch-2/3C_battery-2,101.53358011634054,90.49838
Batch-2/3C_battery-2,101.53358011634054,90.558426
Batch-2/3C_battery-2,101.42781597038604,90.52965
Batch-2/3C_battery-2,101.37493389740877,90.45505
Batch-2/3C_battery-2,101.3220518244315,90.45505
Batch-2/3C_battery-2,101.26916975145426,90.45505
Batch-2/3C_battery-2,101.26916975145426,90.51913
Batch-2/3C_battery-2,101.21628767847699,90.35637
Batch-2/3C_battery-2,101.16340560549975,90.232765
Batch-2/3C_battery-2,101.05764145954521,90.00798
Batch-2/3C_battery-2,101.05764145954521,89.454155
Batch-2/3C_battery-2,101.11052353252248,89.454155
Batch-2/3C_battery-2,101.21628767847699,90.49952
Batch-2/3C_battery-2,101.3220518244315,90.49838
Batch-2/3C_battery-2,101.3220518244315,90.3589
Batch-2/3C_battery-2,101.21628767847699,90.49838
Batch-2/3C_battery-2,101.16340560549975,90.42992
Batch-2/3C_battery-2,101.11052353252248,90.42992
Batch-2/3C_battery-2,101.05764145954521,90.42992
Batch-2/3C_battery-2,101.00475938656794,90.42992
Batch-2/3C_battery-2,100.9518773135907,90.45505
Batch-2/3C_battery-2,100.89899524061343,90.45791
Batch-2/3C_battery-2,100.84611316763616,90.518265
Batch-2/3C_battery-2,100.79323109465889,90.486206
Batch-2/3C_battery-2,100.79323109465889,90.45287
Batch-2/3C_battery-2,100.79323109465889,90.45743
Batch-2/3C_battery-2,100.79323109465889,90.45743
Batch-2/3C_battery-2,100.74034902168165,90.461365
Batch-2/3C_battery-2,100.68746694870438,90.486496
Batch-2/3C_battery-2,100.63458487572714,90.453
Batch-2/3C_battery-2,100.5288207297726,90.450874
Batch-2/3C_battery-2,100.5288207297726,90.00656
Batch-2/3C_battery-2,100.47593865679534,90.03696
Batch-2/3C_battery-2,100.4230565838181,89.76338
Batch-2/3C_battery-2,100.37017451084083,89.47408
Batch-2/3C_battery-2,100.37017451084083,89.47408
Batch-2/3C_battery-2,100.31729243786356,89.95924
Batch-2/3C_battery-2,100.26441036488629,89.4773
Batch-2/3C_battery-2,100.21152829190905,89.40951
Batch-2/3C_battery-2,100.15864621893178,89.40951
Batch-2/3C_battery-2,100.10576414595451,89.399315
Batch-2/3C_battery-2,100.05288207297724,89.399315
Batch-2/3C_battery-2,100.0,89.106544
Batch-2/3C_battery-2,99.94711792702273,89.10027
Batch-2/3C_battery-2,99.89423585404548,89.07914
Batch-2/3C_battery-2,99.78847170809095,89.06539
Batch-2/3C_battery-2,99.78847170809095,89.035355
Batch-2/3C_battery-2,99.73558963511368,89.02161
Batch-2/3C_battery-2,99.68270756213643,88.97453
Batch-2/3C_battery-2,99.62982548915917,88.97902
Batch-2/3C_battery-2,99.52406134320465,88.94438
Batch-2/3C_battery-2,99.52406134320465,88.94949
Batch-2/3C_battery-2,99.4711792702274,88.94949
Batch-2/3C_battery-2,99.41829719725013,88.94949
Batch-2/3C_battery-2,99.36541512427287,88.86723
Batch-2/3C_battery-2,99.3125330512956,88.86723
Batch-2/3C_battery-2,99.25965097831835,88.86723
Batch-2/3C_battery-2,99.20676890534108,88.87901
Batch-2/3C_battery-2,99.15388683236382,88.98015
Batch-2/3C_battery-2,99.10100475938657,88.87901
Batch-2/3C_battery-2,98.99524061343206,88.8739
Batch-2/3C_battery-2,98.88947646747754,88.83163
Batch-2/3C_battery-2,98.78371232152301,88.83163
Batch-2/3C_battery-2,98.73083024854574,88.80451
Batch-2/3C_battery-2,98.67794817556849,88.81834
Batch-2/3C_battery-2,98.57218402961396,88.95263
Batch-2/3C_battery-2,98.5193019566367,89.003395
Batch-2/3C_battery-2,98.46641988365944,89.003395
Batch-2/3C_battery-2,98.41353781068217,88.91161
Batch-2/3C_battery-2,98.30777366472766,88.79023
Batch-2/3C_battery-2,98.25489159175041,88.79023
Batch-2/3C_battery-2,98.20200951877314,88.9311
Batch-2/3C_battery-2,98.09624537281861,88.77199
Batch-2/3C_battery-2,97.99048122686409,88.76253
Batch-2/3C_battery-2,97.93759915388684,88.76253
Batch-2/3C_battery-2,97.83183500793231,88.82675
Batch-2/3C_battery-2,97.7260708619778,88.34337
Batch-2/3C_battery-2,97.62030671602328,88.73074
Batch-2/3C_battery-2,97.51454257006876,88.97203
Batch-2/3C_battery-2,97.40877842411423,88.79979
Batch-2/3C_battery-2,97.30301427815971,89.1203
Batch-2/3C_battery-2,97.19725013220518,89.01204
Batch-2/3C_battery-2,97.09148598625067,89.338394
Batch-2/3C_battery-2,96.98572184029615,89.5184
Batch-2/3C_battery-2,96.87995769434163,89.572296
Batch-2/3C_battery-2,96.72131147540983,89.572296
Batch-2/3C_battery-2,96.61554732945531,89.799545
Batch-2/3C_battery-2,96.45690111052355,89.87042
Batch-2/3C_battery-2,96.35113696456902,89.85675
Batch-2/3C_battery-2,96.13960867265997,89.39918
Batch-2/3C_battery-2,95.98096245372818,89.100235
Batch-2/3C_battery-2,95.87519830777366,89.31379
Batch-2/3C_battery-2,95.7165520888419,89.115654
Batch-2/3C_battery-2,95.5579058699101,88.96357
Batch-2/3C_battery-2,95.39925965097832,87.79983
Batch-2/3C_battery-2,95.18773135906928,87.637825
Batch-2/3C_battery-2,95.0290851401375,86.56276
Batch-2/3C_battery-2,94.92332099418297,87.69258
Batch-2/3C_battery-2,94.7646747752512,87.647125
Batch-2/3C_battery-2,94.6060285563194,87.71127
Batch-2/3C_battery-2,94.50026441036489,87.71211
Batch-2/3C_battery-2,94.34161819143311,87.71211
Batch-2/3C_battery-2,94.18297197250132,87.86626
Batch-2/3C_battery-2,93.97144368059227,88.32245
Batch-2/3C_battery-2,93.81279746166051,88.407394
Batch-2/3C_battery-2,93.60126916975146,87.970474
Batch-2/3C_battery-2,93.38974087784241,87.52414
Batch-2/3C_battery-2,93.17821258593338,87.377075
Batch-2/3C_battery-2,93.01956636700159,87.1543
Batch-2/3C_battery-2,92.86092014806981,86.33128
Batch-2/3C_battery-2,92.70227392913802,86.3372
Batch-2/3C_battery-2,92.49074563722898,86.40618
Batch-2/3C_battery-2,92.22633527234268,86.27952
Batch-2/3C_battery-2,91.96192490745638,86.31159
Batch-2/3C_battery-2,91.75039661554733,85.78152
Batch-2/3C_battery-2,91.48598625066103,85.657906
Batch-2/3C_battery-2,91.22157588577473,85.516335
Batch-2/3C_battery-2,90.95716552088842,85.44582
Batch-2/3C_battery-2,90.74563722897938,85.25352
Batch-2/3C_battery-2,90.5869910100476,85.27656
Batch-2/3C_battery-2,90.32258064516128,85.22907
Batch-2/3C_battery-2,90.1639344262295,85.30665
Batch-2/3C_battery-2,89.84664198836595,85.28742
Batch-2/3C_battery-2,89.52934955050237,85.2485
Batch-2/3C_battery-2,89.21205711263882,85.05038
Batch-2/3C_battery-2,88.9476467477525,84.921486
Batch-2/3C_battery-2,88.63035430988894,84.583534
Batch-2/3C_battery-2,88.26017979904812,84.67508
Batch-2/3C_battery-2,87.99576943416182,81.17828
Batch-2/3C_battery-2,87.67847699629824,79.91368
Batch-2/3C_battery-2,87.25542041248016,79.69816
Batch-2/3C_battery-2,86.93812797461659,79.15214
Batch-2/3C_battery-2,86.62083553675303,79.31597
Batch-2/3C_battery-2,86.25066102591221,79.12101
Batch-2/3C_battery-2,85.93336858804865,78.919975
Batch-2/3C_battery-2,85.56319407720783,78.968666
Batch-2/3C_battery-2,85.193019566367,78.9634
Batch-2/3C_battery-2,84.76996298254892,78.92326
Batch-2/3C_battery-2,84.34690639873082,78.62063
Batch-2/3C_battery-3,105.84484590860788,99.8765
Batch-2/3C_battery-3,99.7874601487779,98.305855
Batch-2/3C_battery-3,100.0,98.615105
Batch-2/3C_battery-3,100.37194473963868,97.90597
Batch-2/3C_battery-3,100.6376195536663,98.20693
Batch-2/3C_battery-3,100.90329436769395,98.402885
Batch-2/3C_battery-3,101.16896918172158,97.70262
Batch-2/3C_battery-3,101.38150903294367,97.54823
Batch-2/3C_battery-3,101.59404888416579,97.705894
Batch-2/3C_battery-3,101.80658873538788,97.39433
Batch-2/3C_battery-3,101.80658873538788,97.34287
Batch-2/3C_battery-3,101.80658873538788,97.597786
Batch-2/3C_battery-3,102.33793836344314,97.50055
Batch-2/3C_battery-3,102.55047821466525,97.398026
Batch-2/3C_battery-3,102.70988310308185,97.37564
Batch-2/3C_battery-3,102.86928799149841,97.37564
Batch-2/3C_battery-3,102.97555791710946,97.37564
Batch-2/3C_battery-3,103.08182784272051,97.344376
Batch-2/3C_battery-3,103.2412327311371,97.344376
Batch-2/3C_battery-3,103.34750265674815,97.33021
Batch-2/3C_battery-3,103.45377258235919,97.33021
Batch-2/3C_battery-3,103.56004250797027,97.40995
Batch-2/3C_battery-3,103.66631243358131,97.39081
Batch-2/3C_battery-3,103.82571732199789,97.39081
Batch-2/3C_battery-3,103.8788522848034,97.12061
Batch-2/3C_battery-3,103.98512221041447,97.08935
Batch-2/3C_battery-3,104.09139213602552,97.08935
Batch-2/3C_battery-3,104.14452709883105,97.15149
Batch-2/3C_battery-3,104.19766206163656,97.15149
Batch-2/3C_battery-3,104.2507970244421,97.13547
Batch-2/3C_battery-3,104.30393198724761,97.13547
Batch-2/3C_battery-3,104.35706695005314,97.14058
Batch-2/3C_battery-3,104.41020191285868,97.14058
Batch-2/3C_battery-3,104.46333687566418,96.97371
Batch-2/3C_battery-3,104.46333687566418,96.93297
Batch-2/3C_battery-3,104.56960680127526,97.42143
Batch-2/3C_battery-3,104.56960680127526,97.01208
Batch-2/3C_battery-3,104.62274176408077,96.99941
Batch-2/3C_battery-3,104.62274176408077,96.99941
Batch-2/3C_battery-3,104.6758767268863,96.97233
Batch-2/3C_battery-3,104.78214665249735,96.94994
Batch-2/3C_battery-3,104.72901168969182,96.93159
Batch-2/3C_battery-3,104.72901168969182,96.39146
Batch-2/3C_battery-3,104.72901168969182,96.42799
Batch-2/3C_battery-3,104.72901168969182,96.40888
Batch-2/3C_battery-3,104.72901168969182,96.3691
Batch-2/3C_battery-3,104.72901168969182,96.34774
Batch-2/3C_battery-3,104.72901168969182,96.1704
Batch-2/3C_battery-3,104.62274176408077,96.0273
Batch-2/3C_battery-3,104.72901168969182,95.858864
Batch-2/3C_battery-3,104.72901168969182,95.858864
Batch-2/3C_battery-3,104.72901168969182,95.311775
Batch-2/3C_battery-3,104.94155154091393,95.32656
Batch-2/3C_battery-3,104.99468650371946,95.61219
Batch-2/3C_battery-3,104.83528161530289,95.4868
Batch-2/3C_battery-3,104.78214665249735,94.749596
Batch-2/3C_battery-3,104.78214665249735,94.410545
Batch-2/3C_battery-3,104.72901168969182,94.68284
Batch-2/3C_battery-3,104.72901168969182,93.30741
Batch-2/3C_battery-3,104.6758767268863,93.62191
Batch-2/3C_battery-3,104.6758767268863,93.2794
Batch-2/3C_battery-3,104.78214665249735,92.747
Batch-2/3C_battery-3,104.83528161530289,92.7391
Batch-2/3C_battery-3,104.72901168969182,92.70662
Batch-2/3C_battery-3,104.83528161530289,92.39664
Batch-2/3C_battery-3,104.83528161530289,92.37513
Batch-2/3C_battery-3,104.88841657810839,92.38303
Batch-2/3C_battery-3,104.78214665249735,92.59758
Batch-2/3C_battery-3,104.78214665249735,92.33112
Batch-2/3C_battery-3,104.72901168969182,92.28348
Batch-2/3C_battery-3,104.72901168969182,92.05813
Batch-2/3C_battery-3,104.6758767268863,92.02407
Batch-2/3C_battery-3,104.6758767268863,92.05813
Batch-2/3C_battery-3,104.62274176408077,92.05813
Batch-2/3C_battery-3,104.56960680127526,92.05813
Batch-2/3C_battery-3,104.56960680127526,92.05813
Batch-2/3C_battery-3,104.72901168969182,92.05813
Batch-2/3C_battery-3,104.72901168969182,92.03662
Batch-2/3C_battery-3,104.6758767268863,92.044525
Batch-2/3C_battery-3,104.6758767268863,92.044525
Batch-2/3C_battery-3,104.6758767268863,92.03662
Batch-2/3C_battery-3,104.62274176408077,92.03662
Batch-2/3C_battery-3,104.62274176408077,92.0198
Batch-2/3C_battery-3,104.56960680127526,92.0198
Batch-2/3C_battery-3,104.51647183846973,92.046234
Batch-2/3C_battery-3,104.51647183846973,92.04633
Batch-2/3C_battery-3,104.46333687566418,92.04633
Batch-2/3C_battery-3,104.41020191285868,92.04633
Batch-2/3C_battery-3,104.41020191285868,92.04633
Batch-2/3C_battery-3,104.41020191285868,92.00555
Batch-2/3C_battery-3,104.51647183846973,92.00555
Batch-2/3C_battery-3,104.72901168969182,92.03662
Batch-2/3C_battery-3,104.56960680127526,92.35598
Batch-2/3C_battery-3,104.41020191285868,92.09407
Batch-2/3C_battery-3,104.30393198724761,92.09159
Batch-2/3C_battery-3,104.19766206163656,91.445145
Batch-2/3C_battery-3,104.14452709883105,91.38549
Batch-2/3C_battery-3,104.09139213602552,91.38549
Batch-2/3C_battery-3,104.14452709883105,90.7391
Batch-2/3C_battery-3,104.03825717321998,90.65983
Batch-2/3C_battery-3,103.98512221041447,90.7248
Batch-2/3C_battery-3,103.98512221041447,89.996574
Batch-2/3C_battery-3,103.98512221041447,90.00468
Batch-2/3C_battery-3,103.93198724760893,89.996574
Batch-2/3C_battery-3,103.93198724760893,89.996574
Batch-2/3C_battery-3,103.93198724760893,89.996574
Batch-2/3C_battery-3,103.93198724760893,89.996574
Batch-2/3C_battery-3,103.8788522848034,90.00468
Batch-2/3C_battery-3,103.8788522848034,89.95838
Batch-2/3C_battery-3,103.82571732199789,89.95838
Batch-2/3C_battery-3,103.71944739638683,89.95838
Batch-2/3C_battery-3,103.61317747077577,89.95098
Batch-2/3C_battery-3,103.56004250797027,89.95098
Batch-2/3C_battery-3,103.45377258235919,89.886406
Batch-2/3C_battery-3,103.40063761955366,89.886406
Batch-2/3C_battery-3,103.50690754516472,89.95014
Batch-2/3C_battery-3,103.66631243358131,89.95838
Batch-2/3C_battery-3,103.66631243358131,89.95838
Batch-2/3C_battery-3,103.56004250797027,89.95098
Batch-2/3C_battery-3,103.56004250797027,89.95098
Batch-2/3C_battery-3,103.50690754516472,89.95098
Batch-2/3C_battery-3,103.45377258235919,89.886406
Batch-2/3C_battery-3,103.40063761955366,89.886406
Batch-2/3C_battery-3,103.34750265674815,89.886406
Batch-2/3C_battery-3,103.34750265674815,89.886406
Batch-2/3C_battery-3,103.29436769394262,89.886406
Batch-2/3C_battery-3,103.2412327311371,89.886406
Batch-2/3C_battery-3,103.18809776833156,89.85789
Batch-2/3C_battery-3,103.13496280552606,89.79857
Batch-2/3C_battery-3,103.2412327311371,89.886406
Batch-2/3C_battery-3,103.29436769394262,89.886406
Batch-2/3C_battery-3,103.2412327311371,89.886406
Batch-2/3C_battery-3,103.18809776833156,89.886406
Batch-2/3C_battery-3,103.18809776833156,89.886406
Batch-2/3C_battery-3,103.13496280552606,89.85789
Batch-2/3C_battery-3,103.08182784272051,89.79857
Batch-2/3C_battery-3,103.02869287991498,89.79857
Batch-2/3C_battery-3,102.97555791710946,89.797714
Batch-2/3C_battery-3,102.92242295430394,89.79857
Batch-2/3C_battery-3,102.86928799149841,89.79857
Batch-2/3C_battery-3,102.8161530286929,89.79857
Batch-2/3C_battery-3,102.76301806588735,89.797714
Batch-2/3C_battery-3,102.76301806588735,89.451866
Batch-2/3C_battery-3,102.76301806588735,89.44822
Batch-2/3C_battery-3,102.70988310308185,89.75402
Batch-2/3C_battery-3,102.76301806588735,89.44822
Batch-2/3C_battery-3,102.76301806588735,89.750374
Batch-2/3C_battery-3,102.70988310308185,89.42865
Batch-2/3C_battery-3,102.60361317747078,89.32892
Batch-2/3C_battery-3,102.60361317747078,89.32892
Batch-2/3C_battery-3,102.6567481402763,89.32892
Batch-2/3C_battery-3,102.60361317747078,89.331696
Batch-2/3C_battery-3,102.49734325185973,89.19403
Batch-2/3C_battery-3,102.39107332624869,89.331696
Batch-2/3C_battery-3,102.39107332624869,89.331696
Batch-2/3C_battery-3,102.39107332624869,89.331696
Batch-2/3C_battery-3,102.49734325185973,89.331696
Batch-2/3C_battery-3,102.49734325185973,89.331696
Batch-2/3C_battery-3,102.39107332624869,89.331696
Batch-2/3C_battery-3,102.33793836344314,89.19403
Batch-2/3C_battery-3,102.28480340063764,89.331696
Batch-2/3C_battery-3,102.17853347502657,89.331696
Batch-2/3C_battery-3,102.12539851222104,89.32333
Batch-2/3C_battery-3,102.07226354941552,89.32333
Batch-2/3C_battery-3,102.01912858661,89.32239
Batch-2/3C_battery-3,101.96599362380448,89.29199
Batch-2/3C_battery-3,101.91285866099892,89.29199
Batch-2/3C_battery-3,101.80658873538788,89.29199
Batch-2/3C_battery-3,101.80658873538788,89.29199
Batch-2/3C_battery-3,101.96599362380448,89.32239
Batch-2/3C_battery-3,102.07226354941552,89.331696
Batch-2/3C_battery-3,102.12539851222104,89.633865
Batch-2/3C_battery-3,102.01912858661,89.633865
Batch-2/3C_battery-3,101.96599362380448,89.32333
Batch-2/3C_battery-3,101.91285866099892,89.29199
Batch-2/3C_battery-3,101.85972369819342,89.29199
Batch-2/3C_battery-3,101.80658873538788,89.29199
Batch-2/3C_battery-3,101.80658873538788,89.29199
Batch-2/3C_battery-3,101.70031880977683,89.24391
Batch-2/3C_battery-3,101.64718384697132,89.24391
Batch-2/3C_battery-3,101.70031880977683,89.24391
Batch-2/3C_battery-3,101.64718384697132,89.24391
Batch-2/3C_battery-3,101.64718384697132,89.29199
Batch-2/3C_battery-3,101.64718384697132,89.24391
Batch-2/3C_battery-3,101.59404888416579,89.24391
Batch-2/3C_battery-3,101.54091392136027,89.24391
Batch-2/3C_battery-3,101.48777895855471,89.24391
Batch-2/3C_battery-3,101.38150903294367,88.784904
Batch-2/3C_battery-3,101.32837407013815,88.784904
Batch-2/3C_battery-3,101.27523910733262,88.784904
Batch-2/3C_battery-3,101.16896918172158,88.784904
Batch-2/3C_battery-3,101.11583421891606,88.784904
Batch-2/3C_battery-3,101.16896918172158,88.784904
Batch-2/3C_battery-3,101.0626992561105,88.67592
Batch-2/3C_battery-3,101.009564293305,88.67586
Batch-2/3C_battery-3,101.0626992561105,88.67508
Batch-2/3C_battery-3,101.009564293305,88.67586
Batch-2/3C_battery-3,100.90329436769395,88.82076
Batch-2/3C_battery-3,100.90329436769395,88.82162
Batch-2/3C_battery-3,100.7970244420829,88.82162
Batch-2/3C_battery-3,100.69075451647184,88.82116
Batch-2/3C_battery-3,100.5844845908608,88.820305
Batch-2/3C_battery-3,100.47821466524974,88.795235
Batch-2/3C_battery-3,100.42507970244421,88.795235
Batch-2/3C_battery-3,100.31880977683316,88.82163
Batch-2/3C_battery-3,100.26567481402763,88.82247
Batch-2/3C_battery-3,100.15940488841659,88.75573
Batch-2/3C_battery-3,100.10626992561104,88.75341
Batch-2/3C_battery-3,100.0,88.75341
Batch-2/3C_battery-3,99.89373007438896,88.7364
Batch-2/3C_battery-3,99.84059511158343,88.7364
Batch-2/3C_battery-3,99.73432518597237,88.722664
Batch-2/3C_battery-3,99.62805526036132,88.722664
Batch-2/3C_battery-3,99.46865037194476,88.63143
Batch-2/3C_battery-3,99.41551540913922,88.64941
Batch-2/3C_battery-3,99.25611052072266,88.56481
Batch-2/3C_battery-3,99.1498405951116,88.56481
Batch-2/3C_battery-3,98.99043570669501,88.52209
Batch-2/3C_battery-3,98.83103081827844,88.52658
Batch-2/3C_battery-3,98.61849096705633,88.55554
Batch-2/3C_battery-3,98.45908607863974,88.527405
Batch-2/3C_battery-3,98.29968119022318,88.51453
Batch-2/3C_battery-3,98.1402763018066,88.63226
Batch-2/3C_battery-3,97.98087141339002,88.547165
Batch-2/3C_battery-3,97.82146652497343,88.634155
Batch-2/3C_battery-3,97.66206163655686,88.670746
Batch-2/3C_battery-3,97.50265674814028,88.666214
Batch-2/3C_battery-3,97.23698193411265,88.92464
Batch-2/3C_battery-3,96.97130712008502,89.06009
Batch-2/3C_battery-3,96.75876726886291,89.15265
Batch-2/3C_battery-3,96.65249734325187,89.27908
Batch-2/3C_battery-3,96.43995749202976,88.97005
Batch-2/3C_battery-3,96.28055260361319,88.19451
Batch-2/3C_battery-3,96.01487778958555,88.18009
Batch-2/3C_battery-3,95.74920297555792,87.90691
Batch-2/3C_battery-3,95.58979808714135,87.291756
Batch-2/3C_battery-3,95.32412327311371,86.5666
Batch-2/3C_battery-3,95.16471838469714,86.40913
Batch-2/3C_battery-3,94.84590860786398,86.59053
Batch-2/3C_battery-3,94.58023379383636,86.533615
Batch-2/3C_battery-3,94.36769394261425,86.50612
Batch-2/3C_battery-3,94.04888416578109,87.14972
Batch-2/3C_battery-3,93.78320935175346,87.11547
Batch-2/3C_battery-3,93.51753453772584,86.40174
Batch-2/3C_battery-3,93.30499468650373,86.19375
Batch-2/3C_battery-3,93.03931987247609,85.779305
Batch-2/3C_battery-3,92.93304994686504,85.72227
Batch-2/3C_battery-3,92.66737513283742,85.32992
Batch-2/3C_battery-3,92.40170031880979,85.32992
Batch-2/3C_battery-3,92.18916046758768,85.06098
Batch-2/3C_battery-3,91.87035069075453,84.704155
Batch-2/3C_battery-3,91.49840595111584,84.61564
Batch-2/3C_battery-3,91.28586609989372,84.61564
Batch-2/3C_battery-3,91.07332624867162,84.38885
Batch-2/3C_battery-3,90.91392136025506,84.42141
Batch-2/3C_battery-3,90.75451647183847,84.21154
Batch-2/3C_battery-3,90.54197662061637,84.26392
Batch-2/3C_battery-3,90.32943676939426,84.356316
Batch-2/3C_battery-3,90.11689691817216,84.410545
Batch-2/3C_battery-3,89.90435706695006,84.392525
Batch-2/3C_battery-3,89.74495217853348,84.39132
Batch-2/3C_battery-3,89.53241232731138,84.369026
Batch-2/3C_battery-3,89.31987247608927,84.21415
Batch-2/3C_battery-3,89.10733262486717,84.16427
Batch-2/3C_battery-3,89.00106269925612,84.21926
Batch-2/3C_battery-3,88.73538788522848,83.834175
Batch-2/3C_battery-3,88.62911795961743,83.729225
Batch-2/3C_battery-3,88.41657810839533,83.718704
Batch-2/3C_battery-3,88.20403825717322,83.94234
Batch-2/3C_battery-3,87.99149840595112,83.585526
Batch-2/3C_battery-3,87.77895855472902,83.11389
Batch-2/3C_battery-3,87.56641870350691,83.093765
Batch-2/3C_battery-3,87.35387885228481,83.0897
Batch-2/3C_battery-3,87.1413390010627,83.0897
Batch-2/3C_battery-3,86.98193411264613,82.85887
Batch-2/3C_battery-3,86.82252922422954,82.85887
Batch-2/3C_battery-3,86.66312433581297,82.86577
Batch-2/3C_battery-3,86.50371944739639,82.86224
Batch-2/3C_battery-3,86.34431455897982,82.81117
Batch-2/3C_battery-3,86.07863974495218,82.72333
Batch-2/3C_battery-3,85.91923485653561,82.56641
Batch-2/3C_battery-3,85.7066950053135,82.56288
Batch-2/3C_battery-3,85.4941551540914,82.37841
Batch-2/3C_battery-3,85.2816153028693,82.4271
Batch-2/3C_battery-3,85.0690754516472,82.35999
Batch-2/3C_battery-3,84.9096705632306,82.35999
Batch-2/3C_battery-4,105.92632140950346,99.8738
Batch-2/3C_battery-4,99.572877736252,97.93403
Batch-2/3C_battery-4,100.0,98.4294
Batch-2/3C_battery-4,100.32034169781099,97.79304
Batch-2/3C_battery-4,100.58729311265348,98.12115
Batch-2/3C_battery-4,100.85424452749601,98.40649
Batch-2/3C_battery-4,101.12119594233849,97.70262
Batch-2/3C_battery-4,101.33475707421249,97.7762
Batch-2/3C_battery-4,101.54831820608649,97.825806
Batch-2/3C_battery-4,101.76187933796048,97.50783
Batch-2/3C_battery-4,101.65509877202348,97.376495
Batch-2/3C_battery-4,101.76187933796048,97.71045
Batch-2/3C_battery-4,102.24239188467699,97.64707
Batch-2/3C_battery-4,102.45595301655099,97.61046
Batch-2/3C_battery-4,102.61612386545649,97.60687
Batch-2/3C_battery-4,102.77629471436198,97.55177
Batch-2/3C_battery-4,102.93646556326748,97.52699
Batch-2/3C_battery-4,103.04324612920448,97.44804
Batch-2/3C_battery-4,103.15002669514148,97.512825
Batch-2/3C_battery-4,103.31019754404697,97.438
Batch-2/3C_battery-4,103.41697810998399,97.43637
Batch-2/3C_battery-4,103.52375867592099,97.447685
Batch-2/3C_battery-4,103.68392952482648,97.36366
Batch-2/3C_battery-4,103.79071009076348,97.36265
Batch-2/3C_battery-4,103.89749065670048,97.23281
Batch-2/3C_battery-4,103.95088093966898,97.201294
Batch-2/3C_battery-4,104.05766150560598,97.15537
Batch-2/3C_battery-4,104.11105178857447,97.258224
Batch-2/3C_battery-4,104.16444207154298,97.190384
Batch-2/3C_battery-4,104.21783235451147,97.14495
Batch-2/3C_battery-4,104.27122263748,96.95115
Batch-2/3C_battery-4,104.32461292044847,97.122536
Batch-2/3C_battery-4,104.32461292044847,97.12521
Batch-2/3C_battery-4,104.32461292044847,96.98326
Batch-2/3C_battery-4,104.378003203417,96.7768
Batch-2/3C_battery-4,104.378003203417,96.804085
Batch-2/3C_battery-4,104.378003203417,96.726715
Batch-2/3C_battery-4,104.43139348638549,96.726715
Batch-2/3C_battery-4,104.43139348638549,96.71962
Batch-2/3C_battery-4,104.43139348638549,96.63443
Batch-2/3C_battery-4,104.48478376935397,96.63443
Batch-2/3C_battery-4,104.43139348638549,96.641525
Batch-2/3C_battery-4,104.43139348638549,95.90745
Batch-2/3C_battery-4,104.43139348638549,95.94896
Batch-2/3C_battery-4,104.43139348638549,95.914345
Batch-2/3C_battery-4,104.43139348638549,95.885155
Batch-2/3C_battery-4,104.43139348638549,95.89205
Batch-2/3C_battery-4,104.378003203417,95.88712
Batch-2/3C_battery-4,104.32461292044847,95.82763
Batch-2/3C_battery-4,104.378003203417,95.82763
Batch-2/3C_battery-4,104.32461292044847,95.80308
Batch-2/3C_battery-4,104.43139348638549,95.26287
Batch-2/3C_battery-4,104.64495461825946,95.311775
Batch-2/3C_battery-4,104.48478376935397,95.76911
Batch-2/3C_battery-4,104.378003203417,95.250496
Batch-2/3C_battery-4,104.32461292044847,94.72848
Batch-2/3C_battery-4,104.32461292044847,94.70047
Batch-2/3C_battery-4,104.27122263748,94.447235
Batch-2/3C_battery-4,104.21783235451147,93.65279
Batch-2/3C_battery-4,104.16444207154298,93.66639
Batch-2/3C_battery-4,104.16444207154298,93.66639
Batch-2/3C_battery-4,104.27122263748,93.10151
Batch-2/3C_battery-4,104.21783235451147,93.14752
Batch-2/3C_battery-4,104.16444207154298,93.10151
Batch-2/3C_battery-4,104.27122263748,92.74201
Batch-2/3C_battery-4,104.27122263748,92.69734
Batch-2/3C_battery-4,104.21783235451147,92.79492
Batch-2/3C_battery-4,104.16444207154298,92.6619
Batch-2/3C_battery-4,104.05766150560598,92.63718
Batch-2/3C_battery-4,104.05766150560598,92.63718
Batch-2/3C_battery-4,104.00427122263747,92.3906
Batch-2/3C_battery-4,103.95088093966898,92.3771
Batch-2/3C_battery-4,103.89749065670048,92.3771
Batch-2/3C_battery-4,103.84410037373198,92.357475
Batch-2/3C_battery-4,103.79071009076348,92.31919
Batch-2/3C_battery-4,103.95088093966898,92.332695
Batch-2/3C_battery-4,103.95088093966898,92.357376
Batch-2/3C_battery-4,103.89749065670048,92.357475
Batch-2/3C_battery-4,103.89749065670048,92.357475
Batch-2/3C_battery-4,103.89749065670048,92.34387
Batch-2/3C_battery-4,103.84410037373198,92.357475
Batch-2/3C_battery-4,103.79071009076348,92.357475
Batch-2/3C_battery-4,103.73731980779499,92.357475
Batch-2/3C_battery-4,103.73731980779499,92.357475
Batch-2/3C_battery-4,103.63053924185799,92.02689
Batch-2/3C_battery-4,103.57714895888948,92.296814
Batch-2/3C_battery-4,103.52375867592099,91.90907
Batch-2/3C_battery-4,103.47036839295247,92.217766
Batch-2/3C_battery-4,103.47036839295247,92.217766
Batch-2/3C_battery-4,103.47036839295247,92.217766
Batch-2/3C_battery-4,103.68392952482648,92.3243
Batch-2/3C_battery-4,103.68392952482648,92.32909
Batch-2/3C_battery-4,103.47036839295247,92.13878
Batch-2/3C_battery-4,103.41697810998399,92.15238
Batch-2/3C_battery-4,103.31019754404697,92.0998
Batch-2/3C_battery-4,103.20341697811,91.483116
Batch-2/3C_battery-4,103.096636412173,91.10926
Batch-2/3C_battery-4,103.096636412173,91.43682
Batch-2/3C_battery-4,103.096636412173,90.79043
Batch-2/3C_battery-4,102.98985584623598,90.79043
Batch-2/3C_battery-4,102.93646556326748,90.79043
Batch-2/3C_battery-4,102.88307528029898,90.0548
Batch-2/3C_battery-4,102.88307528029898,90.0548
Batch-2/3C_battery-4,102.82968499733047,90.03196
Batch-2/3C_battery-4,102.77629471436198,90.03196
Batch-2/3C_battery-4,102.77629471436198,89.72724
Batch-2/3C_battery-4,102.72290443139349,89.967384
Batch-2/3C_battery-4,102.66951414842498,89.93543
Batch-2/3C_battery-4,102.66951414842498,89.967384
Batch-2/3C_battery-4,102.562733582488,89.96057
Batch-2/3C_battery-4,102.45595301655099,89.918655
Batch-2/3C_battery-4,102.34917245061399,89.53291
Batch-2/3C_battery-4,102.29578216764548,89.53291
Batch-2/3C_battery-4,102.1890016017085,89.53291
Batch-2/3C_battery-4,102.1890016017085,89.77419
Batch-2/3C_battery-4,102.40256273358249,89.92862
Batch-2/3C_battery-4,102.40256273358249,89.997604
Batch-2/3C_battery-4,102.34917245061399,89.918655
Batch-2/3C_battery-4,102.29578216764548,89.83353
Batch-2/3C_battery-4,102.24239188467699,89.9025
Batch-2/3C_battery-4,102.1890016017085,89.84318
Batch-2/3C_battery-4,102.13561131873999,89.84318
Batch-2/3C_battery-4,102.0822210357715,89.84318
Batch-2/3C_battery-4,102.028830752803,89.84318
Batch-2/3C_battery-4,101.9754404698345,89.84318
Batch-2/3C_battery-4,101.922050186866,89.84318
Batch-2/3C_battery-4,101.86865990389748,89.846825
Batch-2/3C_battery-4,101.815269620929,89.846825
Batch-2/3C_battery-4,101.815269620929,89.81301
Batch-2/3C_battery-4,101.922050186866,89.86837
Batch-2/3C_battery-4,101.922050186866,89.86837
Batch-2/3C_battery-4,101.86865990389748,89.86837
Batch-2/3C_battery-4,101.86865990389748,89.6071
Batch-2/3C_battery-4,101.815269620929,89.86837
Batch-2/3C_battery-4,101.76187933796048,89.6071
Batch-2/3C_battery-4,101.70848905499199,89.61075
Batch-2/3C_battery-4,101.65509877202348,89.51102
Batch-2/3C_battery-4,101.60170848905499,89.4745
Batch-2/3C_battery-4,101.54831820608649,89.4745
Batch-2/3C_battery-4,101.54831820608649,89.477295
Batch-2/3C_battery-4,101.49492792311798,89.477295
Batch-2/3C_battery-4,101.44153764014949,89.477295
Batch-2/3C_battery-4,101.388147357181,89.489075
Batch-2/3C_battery-4,101.388147357181,89.47218
Batch-2/3C_battery-4,101.33475707421249,89.477295
Batch-2/3C_battery-4,101.388147357181,89.477295
Batch-2/3C_battery-4,101.33475707421249,89.477295
Batch-2/3C_battery-4,101.281366791244,89.45408
Batch-2/3C_battery-4,101.22797650827549,89.45408
Batch-2/3C_battery-4,101.22797650827549,89.45408
Batch-2/3C_battery-4,101.174586225307,89.45408
Batch-2/3C_battery-4,101.12119594233849,89.45408
Batch-2/3C_battery-4,101.06780565937,89.45408
Batch-2/3C_battery-4,100.961025093433,89.44572
Batch-2/3C_battery-4,100.9076348104645,89.444756
Batch-2/3C_battery-4,100.9076348104645,89.444756
Batch-2/3C_battery-4,101.0144153764015,89.45408
Batch-2/3C_battery-4,101.0144153764015,89.45408
Batch-2/3C_battery-4,100.961025093433,89.45408
Batch-2/3C_battery-4,100.9076348104645,89.459045
Batch-2/3C_battery-4,100.8008542445275,89.46863
Batch-2/3C_battery-4,100.8008542445275,89.46855
Batch-2/3C_battery-4,100.747463961559,89.54432
Batch-2/3C_battery-4,100.69407367859048,89.51392
Batch-2/3C_battery-4,100.640683395622,89.51392
Batch-2/3C_battery-4,100.58729311265348,89.513466
Batch-2/3C_battery-4,100.53390282968499,89.508354
Batch-2/3C_battery-4,100.42712226374799,89.40615
Batch-2/3C_battery-4,100.42712226374799,89.46525
Batch-2/3C_battery-4,100.48051254671648,89.483284
Batch-2/3C_battery-4,100.640683395622,89.53947
Batch-2/3C_battery-4,100.747463961559,89.57472
Batch-2/3C_battery-4,100.747463961559,89.59161
Batch-2/3C_battery-4,100.640683395622,89.57147
Batch-2/3C_battery-4,100.58729311265348,89.43823
Batch-2/3C_battery-4,100.53390282968499,89.53057
Batch-2/3C_battery-4,100.48051254671648,89.74968
Batch-2/3C_battery-4,100.42712226374799,89.74457
Batch-2/3C_battery-4,100.3737319807795,89.51275
Batch-2/3C_battery-4,100.2669514148425,89.685104
Batch-2/3C_battery-4,100.2669514148425,89.430504
Batch-2/3C_battery-4,100.213561131874,89.61177
Batch-2/3C_battery-4,100.1601708489055,89.61177
Batch-2/3C_battery-4,100.213561131874,89.61177
Batch-2/3C_battery-4,100.1601708489055,89.6055
Batch-2/3C_battery-4,100.1601708489055,89.6055
Batch-2/3C_battery-4,100.1601708489055,89.369514
Batch-2/3C_battery-4,100.05339028296851,89.22211
Batch-2/3C_battery-4,100.05339028296851,89.04202
Batch-2/3C_battery-4,99.9466097170315,89.1913
Batch-2/3C_battery-4,99.893219434063,89.1913
Batch-2/3C_battery-4,99.8398291510945,89.09982
Batch-2/3C_battery-4,99.786438868126,89.09982
Batch-2/3C_battery-4,99.7330485851575,89.096664
Batch-2/3C_battery-4,99.679658302189,89.10115
Batch-2/3C_battery-4,99.6262680192205,89.04233
Batch-2/3C_battery-4,99.6262680192205,88.96007
Batch-2/3C_battery-4,99.572877736252,89.04233
Batch-2/3C_battery-4,99.572877736252,88.96007
Batch-2/3C_battery-4,99.5194874532835,88.96007
Batch-2/3C_battery-4,99.41270688734652,88.96007
Batch-2/3C_battery-4,99.359316604378,88.96007
Batch-2/3C_battery-4,99.359316604378,88.96007
Batch-2/3C_battery-4,99.30592632140952,88.96007
Batch-2/3C_battery-4,99.25253603844101,88.96007
Batch-2/3C_battery-4,99.145755472504,88.8945
Batch-2/3C_battery-4,99.145755472504,88.91207
Batch-2/3C_battery-4,99.09236518953551,88.83851
Batch-2/3C_battery-4,99.038974906567,88.796234
Batch-2/3C_battery-4,98.98558462359851,88.796234
Batch-2/3C_battery-4,98.98558462359851,88.796234
Batch-2/3C_battery-4,98.98558462359851,88.796234
Batch-2/3C_battery-4,98.87880405766151,88.81227
Batch-2/3C_battery-4,98.825413774693,88.81227
Batch-2/3C_battery-4,98.77202349172451,88.825195
Batch-2/3C_battery-4,98.718633208756,88.889786
Batch-2/3C_battery-4,98.66524292578751,88.889786
Batch-2/3C_battery-4,98.611852642819,88.7419
Batch-2/3C_battery-4,98.611852642819,88.81088
Batch-2/3C_battery-4,98.55846235985051,88.76294
Batch-2/3C_battery-4,98.45168179391351,88.76294
Batch-2/3C_battery-4,98.398291510945,88.846756
Batch-2/3C_battery-4,98.29151094500801,88.83063
Batch-2/3C_battery-4,98.23812066203952,88.83063
Batch-2/3C_battery-4,98.184730379071,88.941376
Batch-2/3C_battery-4,98.13134009610252,88.87239
Batch-2/3C_battery-4,98.07794981313401,88.81723
Batch-2/3C_battery-4,98.0245595301655,88.833115
Batch-2/3C_battery-4,97.97116924719701,88.76572
Batch-2/3C_battery-4,97.91777896422852,88.77461
Batch-2/3C_battery-4,97.86438868126001,88.79259
Batch-2/3C_battery-4,97.75760811532301,88.76526
Batch-2/3C_battery-4,97.65082754938601,88.910995
Batch-2/3C_battery-4,97.59743726641751,88.86594
Batch-2/3C_battery-4,97.49065670048051,88.912704
Batch-2/3C_battery-4,97.43726641751202,89.11316
Batch-2/3C_battery-4,97.330485851575,89.147415
Batch-2/3C_battery-4,97.223705285638,89.27736
Batch-2/3C_battery-4,97.11692471970102,89.51126
Batch-2/3C_battery-4,97.01014415376402,89.51042
Batch-2/3C_battery-4,96.95675387079552,89.76015
Batch-2/3C_battery-4,96.903363587827,89.72783
Batch-2/3C_battery-4,96.79658302189002,89.80946
Batch-2/3C_battery-4,96.68980245595301,89.80292
Batch-2/3C_battery-4,96.58302189001601,89.749405
Batch-2/3C_battery-4,96.47624132407901,89.02927
Batch-2/3C_battery-4,96.36946075814201,89.01918
Batch-2/3C_battery-4,96.26268019220502,89.25242
Batch-2/3C_battery-4,96.15589962626801,89.25866
Batch-2/3C_battery-4,96.04911906033101,89.0628
Batch-2/3C_battery-4,95.88894821142551,89.04583
Batch-2/3C_battery-4,95.78216764548853,87.79296
Batch-2/3C_battery-4,95.72877736252,87.83904
Batch-2/3C_battery-4,95.62199679658302,86.8941
Batch-2/3C_battery-4,95.46182594767753,86.675316
Batch-2/3C_battery-4,95.35504538174052,86.42652
Batch-2/3C_battery-4,95.19487453283502,86.26504
Batch-2/3C_battery-4,95.08809396689803,86.44652
Batch-2/3C_battery-4,94.98131340096101,86.59216
Batch-2/3C_battery-4,94.87453283502401,86.5226
Batch-2/3C_battery-4,94.76775226908703,86.5876
Batch-2/3C_battery-4,94.66097170315003,86.5876
Batch-2/3C_battery-4,94.55419113721302,86.5876
Batch-2/3C_battery-4,94.44741057127602,86.5876
Batch-2/3C_battery-4,94.34063000533902,87.05618
Batch-2/3C_battery-4,94.23384943940204,87.102325
Batch-2/3C_battery-4,94.12706887346502,87.206635
Batch-2/3C_battery-4,94.02028830752802,87.14972
Batch-2/3C_battery-4,93.91350774159103,87.10785
Batch-2/3C_battery-4,93.86011745862253,87.08496
Batch-2/3C_battery-4,93.69994660971702,86.70462
Batch-2/3C_battery-4,93.64655632674854,86.41548
Batch-2/3C_battery-4,93.53977576081152,86.412094
Batch-2/3C_battery-4,93.37960491190604,86.164734
Batch-2/3C_battery-4,93.21943406300053,86.23848
Batch-2/3C_battery-4,93.11265349706353,85.97813
Batch-2/3C_battery-4,93.00587293112653,85.71163
Batch-2/3C_battery-4,92.84570208222104,85.71163
Batch-2/3C_battery-4,92.73892151628405,85.31458
Batch-2/3C_battery-4,92.63214095034704,85.31458
Batch-2/3C_battery-4,92.47197010144154,85.30192
Batch-2/3C_battery-4,92.36518953550453,85.17597
Batch-2/3C_battery-4,92.31179925253605,85.225426
Batch-2/3C_battery-4,92.20501868659903,85.25996
Batch-2/3C_battery-4,92.04484783769354,85.25996
Batch-2/3C_battery-4,91.88467698878804,84.86326
Batch-2/3C_battery-4,91.72450613988255,84.84652
Batch-2/3C_battery-4,91.61772557394553,84.84652
Batch-2/3C_battery-4,91.45755472504004,84.75698
Batch-2/3C_battery-4,91.35077415910304,84.59829
Batch-2/3C_battery-4,91.19060331019753,84.472984
Batch-2/3C_battery-4,91.03043246129204,84.54899
Batch-2/3C_battery-4,90.97704217832354,84.44213
Batch-2/3C_battery-4,90.76348104644954,84.46517
Batch-2/3C_battery-4,90.60331019754405,84.336586
Batch-2/3C_battery-4,90.49652963160705,84.41769
Batch-2/3C_battery-4,90.33635878270154,84.47724
Batch-2/3C_battery-4,90.22957821676455,85.28393
Batch-2/3C_battery-4,90.01601708489055,85.2438
Batch-2/3C_battery-4,89.80245595301655,85.17275
Batch-2/3C_battery-4,89.58889482114255,85.0492
Batch-2/3C_battery-4,89.37533368926856,85.08282
Batch-2/3C_battery-4,89.16177255739454,84.912834
Batch-2/3C_battery-4,88.89482114255206,84.59823
Batch-2/3C_battery-4,88.62786972770955,83.98691
Batch-2/3C_battery-4,88.62786972770955,84.59823
Batch-2/3C_battery-4,88.46769887880406,84.68625
Batch-2/3C_battery-4,88.25413774693006,84.23848
Batch-2/3C_battery-4,88.04057661505607,83.683014
Batch-2/3C_battery-4,87.88040576615056,83.347946
Batch-2/3C_battery-4,87.72023491724507,83.34388
Batch-2/3C_battery-4,87.39989321943406,82.893974
Batch-2/3C_battery-4,87.13294180459155,82.90087
Batch-2/3C_battery-4,86.91938067271757,79.353714
Batch-2/3C_battery-4,86.70581954084358,79.4397
Batch-2/3C_battery-4,86.43886812600107,79.319214
Batch-2/3C_battery-4,86.22530699412707,79.15877
Batch-2/3C_battery-4,85.95835557928457,78.95773
Batch-2/3C_battery-4,85.69140416444208,78.95247
Batch-2/3C_battery-4,85.74479444741058,78.95773
Batch-2/3C_battery-4,85.58462359850508,79.006424
Batch-2/3C_battery-4,85.37106246663107,79.092735
Batch-2/3C_battery-5,106.17678381256657,99.84629
Batch-2/3C_battery-5,99.57401490947818,97.73379
Batch-2/3C_battery-5,100.0,98.42389
Batch-2/3C_battery-5,100.31948881789137,97.89827
Batch-2/3C_battery-5,100.63897763578275,98.0839
Batch-2/3C_battery-5,100.95846645367412,98.43161
Batch-2/3C_battery-5,101.22470713525027,97.687485
Batch-2/3C_battery-5,101.4376996805112,97.80269
Batch-2/3C_battery-5,101.70394036208732,97.91992
Batch-2/3C_battery-5,101.97018104366349,97.50452
Batch-2/3C_battery-5,101.81043663471779,97.44966
Batch-2/3C_battery-5,102.07667731629392,97.78217
Batch-2/3C_battery-5,102.44941427050054,97.53839
Batch-2/3C_battery-5,102.66240681576144,97.489136
Batch-2/3C_battery-5,102.82215122470714,97.45787
Batch-2/3C_battery-5,102.98189563365283,97.42674
Batch-2/3C_battery-5,103.08839190628328,97.42674
Batch-2/3C_battery-5,103.19488817891373,97.27701
Batch-2/3C_battery-5,103.35463258785944,97.26284
Batch-2/3C_battery-5,103.46112886048988,97.26284
Batch-2/3C_battery-5,103.56762513312034,97.26232
Batch-2/3C_battery-5,103.67412140575081,97.29219
Batch-2/3C_battery-5,103.78061767838128,97.22683
Batch-2/3C_battery-5,103.88711395101173,97.14239
Batch-2/3C_battery-5,103.94036208732696,96.94369
Batch-2/3C_battery-5,104.0468583599574,97.00485
Batch-2/3C_battery-5,104.10010649627264,97.00485
Batch-2/3C_battery-5,104.15335463258786,97.00485
Batch-2/3C_battery-5,104.2066027689031,97.00485
Batch-2/3C_battery-5,104.25985090521831,96.93597
Batch-2/3C_battery-5,104.31309904153356,96.94495
Batch-2/3C_battery-5,104.36634717784878,96.93597
Batch-2/3C_battery-5,104.36634717784878,96.93597
Batch-2/3C_battery-5,104.36634717784878,96.72071
Batch-2/3C_battery-5,104.47284345047925,96.74803
Batch-2/3C_battery-5,104.47284345047925,96.7539
Batch-2/3C_battery-5,104.52609158679446,96.55679
Batch-2/3C_battery-5,104.52609158679446,96.52786
Batch-2/3C_battery-5,104.57933972310968,96.78541
Batch-2/3C_battery-5,104.57933972310968,96.62787
Batch-2/3C_battery-5,104.57933972310968,96.62787
Batch-2/3C_battery-5,104.57933972310968,96.72696
Batch-2/3C_battery-5,104.57933972310968,96.1804
Batch-2/3C_battery-5,104.57933972310968,96.1804
Batch-2/3C_battery-5,104.57933972310968,96.18136
Batch-2/3C_battery-5,104.57933972310968,96.18136
Batch-2/3C_battery-5,104.57933972310968,96.18136
Batch-2/3C_battery-5,104.47284345047925,95.88348
Batch-2/3C_battery-5,104.52609158679446,96.11817
Batch-2/3C_battery-5,104.52609158679446,95.84623
Batch-2/3C_battery-5,104.52609158679446,96.06994
Batch-2/3C_battery-5,104.7390841320554,95.61643
Batch-2/3C_battery-5,104.7390841320554,95.511475
Batch-2/3C_battery-5,104.57933972310968,95.43323
Batch-2/3C_battery-5,104.52609158679446,95.3035
Batch-2/3C_battery-5,104.47284345047925,94.774536
Batch-2/3C_battery-5,104.47284345047925,94.719795
Batch-2/3C_battery-5,104.419595314164,94.72019
Batch-2/3C_battery-5,104.36634717784878,93.9484
Batch-2/3C_battery-5,104.36634717784878,93.9484
Batch-2/3C_battery-5,104.419595314164,93.92167
Batch-2/3C_battery-5,104.47284345047925,93.49593
Batch-2/3C_battery-5,104.36634717784878,93.52267
Batch-2/3C_battery-5,104.47284345047925,93.518196
Batch-2/3C_battery-5,104.47284345047925,93.2356
Batch-2/3C_battery-5,104.47284345047925,93.23463
Batch-2/3C_battery-5,104.36634717784878,93.204796
Batch-2/3C_battery-5,104.31309904153356,93.151405
Batch-2/3C_battery-5,104.25985090521831,93.12467
Batch-2/3C_battery-5,104.2066027689031,93.099945
Batch-2/3C_battery-5,104.2066027689031,92.992485
Batch-2/3C_battery-5,104.15335463258786,92.96575
Batch-2/3C_battery-5,104.10010649627264,92.95225
Batch-2/3C_battery-5,104.0468583599574,93.10198
Batch-2/3C_battery-5,104.10010649627264,93.01513
Batch-2/3C_battery-5,104.2066027689031,92.939316
Batch-2/3C_battery-5,104.15335463258786,92.969826
Batch-2/3C_battery-5,104.15335463258786,92.992485
Batch-2/3C_battery-5,104.15335463258786,92.78213
Batch-2/3C_battery-5,104.10010649627264,92.95632
Batch-2/3C_battery-5,104.0468583599574,92.95225
Batch-2/3C_battery-5,103.99361022364218,92.97898
Batch-2/3C_battery-5,103.94036208732696,92.95225
Batch-2/3C_battery-5,103.94036208732696,92.95225
Batch-2/3C_battery-5,103.8338658146965,92.936165
Batch-2/3C_battery-5,103.8338658146965,92.936165
Batch-2/3C_battery-5,103.78061767838128,92.81499
Batch-2/3C_battery-5,103.72736954206603,92.922
Batch-2/3C_battery-5,103.72736954206603,92.95326
Batch-2/3C_battery-5,103.88711395101173,93.01513
Batch-2/3C_battery-5,104.0468583599574,92.973114
Batch-2/3C_battery-5,103.78061767838128,92.93926
Batch-2/3C_battery-5,103.67412140575081,92.708206
Batch-2/3C_battery-5,103.56762513312034,92.68934
Batch-2/3C_battery-5,103.51437699680513,92.81451
Batch-2/3C_battery-5,103.40788072417466,92.383415
Batch-2/3C_battery-5,103.40788072417466,92.34493
Batch-2/3C_battery-5,103.35463258785944,92.33712
Batch-2/3C_battery-5,103.3013844515442,91.73473
Batch-2/3C_battery-5,103.24813631522898,91.73473
Batch-2/3C_battery-5,103.19488817891373,91.73473
Batch-2/3C_battery-5,103.19488817891373,91.012375
Batch-2/3C_battery-5,103.08839190628328,90.98768
Batch-2/3C_battery-5,103.08839190628328,90.98768
Batch-2/3C_battery-5,103.08839190628328,91.05102
Batch-2/3C_battery-5,103.03514376996804,90.92533
Batch-2/3C_battery-5,102.98189563365283,90.91389
Batch-2/3C_battery-5,102.98189563365283,91.05102
Batch-2/3C_battery-5,102.92864749733761,90.921684
Batch-2/3C_battery-5,102.82215122470714,90.769775
Batch-2/3C_battery-5,102.71565495207669,90.659706
Batch-2/3C_battery-5,102.66240681576144,89.90754
Batch-2/3C_battery-5,102.555910543131,89.87902
Batch-2/3C_battery-5,102.555910543131,89.6805
Batch-2/3C_battery-5,102.71565495207669,90.55331
Batch-2/3C_battery-5,102.82215122470714,90.91389
Batch-2/3C_battery-5,102.71565495207669,90.85209
Batch-2/3C_battery-5,102.66240681576144,90.888466
Batch-2/3C_battery-5,102.60915867944622,90.89117
Batch-2/3C_battery-5,102.555910543131,90.883354
Batch-2/3C_battery-5,102.50266240681576,90.884834
Batch-2/3C_battery-5,102.44941427050054,90.856316
Batch-2/3C_battery-5,102.39616613418532,90.856316
Batch-2/3C_battery-5,102.39616613418532,90.83501
Batch-2/3C_battery-5,102.34291799787007,90.82817
Batch-2/3C_battery-5,102.23642172523961,90.82569
Batch-2/3C_battery-5,102.23642172523961,90.45274
Batch-2/3C_battery-5,102.23642172523961,90.678925
Batch-2/3C_battery-5,102.28966986155486,90.68744
Batch-2/3C_battery-5,102.28966986155486,90.5666
Batch-2/3C_battery-5,102.23642172523961,90.607895
Batch-2/3C_battery-5,102.23642172523961,90.607895
Batch-2/3C_battery-5,102.18317358892439,90.552986
Batch-2/3C_battery-5,102.12992545260917,90.594284
Batch-2/3C_battery-5,102.07667731629392,90.58425
Batch-2/3C_battery-5,102.0234291799787,90.61451
Batch-2/3C_battery-5,101.97018104366349,90.63667
Batch-2/3C_battery-5,101.97018104366349,90.53519
Batch-2/3C_battery-5,101.91693290734824,90.5473
Batch-2/3C_battery-5,101.86368477103302,90.56912
Batch-2/3C_battery-5,101.81043663471779,90.443344
Batch-2/3C_battery-5,101.81043663471779,90.32503
Batch-2/3C_battery-5,101.81043663471779,90.62247
Batch-2/3C_battery-5,101.75718849840256,90.268745
Batch-2/3C_battery-5,101.75718849840256,90.43403
Batch-2/3C_battery-5,101.75718849840256,90.58164
Batch-2/3C_battery-5,101.70394036208732,90.443344
Batch-2/3C_battery-5,101.6506922257721,90.243515
Batch-2/3C_battery-5,101.59744408945687,90.05253
Batch-2/3C_battery-5,101.59744408945687,90.42013
Batch-2/3C_battery-5,101.49094781682642,90.480835
Batch-2/3C_battery-5,101.4376996805112,90.232765
Batch-2/3C_battery-5,101.38445154419595,90.00798
Batch-2/3C_battery-5,101.33120340788074,89.98836
Batch-2/3C_battery-5,101.38445154419595,89.98836
Batch-2/3C_battery-5,101.4376996805112,90.42013
Batch-2/3C_battery-5,101.4376996805112,90.42992
Batch-2/3C_battery-5,101.4376996805112,90.458694
Batch-2/3C_battery-5,101.33120340788074,90.42992
Batch-2/3C_battery-5,101.27795527156549,90.29712
Batch-2/3C_battery-5,101.22470713525027,90.24831
Batch-2/3C_battery-5,101.17145899893505,90.05532
Batch-2/3C_battery-5,101.17145899893505,90.232765
Batch-2/3C_battery-5,101.1182108626198,90.310295
Batch-2/3C_battery-5,101.06496272630459,90.22354
Batch-2/3C_battery-5,100.95846645367412,90.03479
Batch-2/3C_battery-5,100.9052183173589,89.73648
Batch-2/3C_battery-5,100.9052183173589,89.49961
Batch-2/3C_battery-5,100.95846645367412,89.51382
Batch-2/3C_battery-5,101.17145899893505,90.42013
Batch-2/3C_battery-5,101.22470713525027,90.39785
Batch-2/3C_battery-5,101.1182108626198,90.42616
Batch-2/3C_battery-5,101.06496272630459,90.45743
Batch-2/3C_battery-5,100.95846645367412,90.45743
Batch-2/3C_battery-5,100.9052183173589,90.478134
Batch-2/3C_battery-5,100.85197018104365,90.478134
Batch-2/3C_battery-5,100.79872204472844,90.47312
Batch-2/3C_battery-5,100.7454739084132,90.0262
Batch-2/3C_battery-5,100.69222577209797,89.97888
Batch-2/3C_battery-5,100.63897763578275,89.76338
Batch-2/3C_battery-5,100.58572949946753,89.9821
Batch-2/3C_battery-5,100.58572949946753,89.716064
Batch-2/3C_battery-5,100.58572949946753,90.33884
Batch-2/3C_battery-5,100.58572949946753,90.280426
Batch-2/3C_battery-5,100.5324813631523,90.227005
Batch-2/3C_battery-5,100.47923322683707,90.136955
Batch-2/3C_battery-5,100.37273695420662,89.906944
Batch-2/3C_battery-5,100.31948881789137,89.859604
Batch-2/3C_battery-5,100.26624068157615,89.53361
Batch-2/3C_battery-5,100.21299254526093,89.00694
Batch-2/3C_battery-5,100.15974440894568,89.000656
Batch-2/3C_battery-5,100.10649627263047,89.03705
Batch-2/3C_battery-5,100.05324813631525,89.015915
Batch-2/3C_battery-5,100.0,89.02103
Batch-2/3C_battery-5,99.94675186368478,89.05179
Batch-2/3C_battery-5,99.89350372736953,89.04668
Batch-2/3C_battery-5,99.84025559105432,88.975685
Batch-2/3C_battery-5,99.7870074547391,88.97253
Batch-2/3C_battery-5,99.73375931842386,88.98817
Batch-2/3C_battery-5,99.68051118210863,88.98817
Batch-2/3C_battery-5,99.6272630457934,88.90591
Batch-2/3C_battery-5,99.57401490947818,88.91769
Batch-2/3C_battery-5,99.52076677316295,88.91769
Batch-2/3C_battery-5,99.46751863684771,88.86212
Batch-2/3C_battery-5,99.41427050053248,88.86212
Batch-2/3C_battery-5,99.30777422790203,88.8739
Batch-2/3C_battery-5,99.2545260915868,88.8739
Batch-2/3C_battery-5,99.20127795527158,88.808334
Batch-2/3C_battery-5,99.14802981895635,88.93217
Batch-2/3C_battery-5,99.09478168264111,88.816505
Batch-2/3C_battery-5,99.0415335463259,88.83163
Batch-2/3C_battery-5,98.98828541001066,88.87199
Batch-2/3C_battery-5,98.93503727369544,88.95263
Batch-2/3C_battery-5,98.8817891373802,88.831245
Batch-2/3C_battery-5,98.82854100106498,88.92449
Batch-2/3C_battery-5,98.72204472843451,88.9495
Batch-2/3C_battery-5,98.66879659211928,88.8706
Batch-2/3C_battery-5,98.61554845580406,88.91161
Batch-2/3C_battery-5,98.5090521831736,88.94553
Batch-2/3C_battery-5,98.40255591054314,88.97546
Batch-2/3C_battery-5,98.3493077742279,88.97546
Batch-2/3C_battery-5,98.24281150159744,88.95219
Batch-2/3C_battery-5,98.13631522896699,89.033226
Batch-2/3C_battery-5,98.08306709265176,88.84912
Batch-2/3C_battery-5,97.92332268370608,88.78174
Batch-2/3C_battery-5,97.87007454739086,88.83905
Batch-2/3C_battery-5,97.76357827476039,88.979965
Batch-2/3C_battery-5,97.71033013844516,88.87308
Batch-2/3C_battery-5,97.6038338658147,88.981674
Batch-2/3C_battery-5,97.49733759318424,89.216385
Batch-2/3C_battery-5,97.39084132055379,89.34633
Batch-2/3C_battery-5,97.28434504792332,89.60185
Batch-2/3C_battery-5,97.12460063897764,89.580246
Batch-2/3C_battery-5,97.01810436634719,89.796814
Batch-2/3C_battery-5,96.85835995740149,89.8719
Batch-2/3C_battery-5,96.75186368477104,89.81923
Batch-2/3C_battery-5,96.64536741214059,89.507126
Batch-2/3C_battery-5,96.4856230031949,89.50436
Batch-2/3C_battery-5,96.3258785942492,89.30601
Batch-2/3C_battery-5,96.16613418530352,89.058754
Batch-2/3C_battery-5,96.00638977635782,89.112526
Batch-2/3C_battery-5,95.84664536741215,87.56014
Batch-2/3C_battery-5,95.63365282215123,87.984535
Batch-2/3C_battery-5,95.47390841320555,86.41006
Batch-2/3C_battery-5,95.26091586794463,87.63527
Batch-2/3C_battery-5,95.10117145899895,86.44351
Batch-2/3C_battery-5,94.88817891373803,87.6423
Batch-2/3C_battery-5,94.67518636847711,86.59694
Batch-2/3C_battery-5,94.51544195953142,87.05618
Batch-2/3C_battery-5,94.35569755058573,88.20003
Batch-2/3C_battery-5,94.19595314164005,87.161835
Batch-2/3C_battery-5,93.98296059637913,87.13893
Batch-2/3C_battery-5,93.76996805111821,86.412094
Batch-2/3C_battery-5,93.61022364217253,86.412094
Batch-2/3C_battery-5,93.39723109691161,86.23309
Batch-2/3C_battery-5,93.23748668796593,85.958786
Batch-2/3C_battery-5,93.07774227902024,85.69768
Batch-2/3C_battery-5,92.91799787007456,86.27625
Batch-2/3C_battery-5,92.75825346112887,85.31928
Batch-2/3C_battery-5,92.59850905218319,85.31928
Batch-2/3C_battery-5,92.43876464323749,85.18217
Batch-2/3C_battery-5,92.22577209797657,84.867
Batch-2/3C_battery-5,92.06602768903089,84.86796
Batch-2/3C_battery-5,91.9062832800852,84.869484
Batch-2/3C_battery-5,91.74653887113952,84.85122
Batch-2/3C_battery-5,91.5335463258786,84.85122
Batch-2/3C_battery-5,91.3738019169329,84.60299
Batch-2/3C_battery-5,91.21405750798723,84.51382
Batch-2/3C_battery-5,91.00106496272632,84.55369
Batch-2/3C_battery-5,90.84132055378062,84.46987
Batch-2/3C_battery-5,90.68157614483493,85.14797
Batch-2/3C_battery-5,90.46858359957403,84.49996
Batch-2/3C_battery-5,90.25559105431311,85.30665
Batch-2/3C_battery-5,90.0425985090522,85.28385
Batch-2/3C_battery-5,89.82960596379127,85.17483
Batch-2/3C_battery-5,89.61661341853035,85.10378
Batch-2/3C_battery-5,89.45686900958466,85.0539
Batch-2/3C_battery-5,89.297124600639,85.08752
Batch-2/3C_battery-5,89.08413205537808,84.901665
Batch-2/3C_battery-5,88.87113951011716,84.58706
Batch-2/3C_battery-5,88.7646432374867,84.572754
Batch-2/3C_battery-5,88.55165069222578,84.67508
Batch-2/3C_battery-5,88.33865814696486,84.22731
Batch-2/3C_battery-5,88.12566560170396,83.671844
Batch-2/3C_battery-5,87.8594249201278,83.35814
Batch-2/3C_battery-5,87.64643237486688,83.35407
Batch-2/3C_battery-5,87.43343982960596,82.882805
Batch-2/3C_battery-5,87.16719914802982,82.90983
Batch-2/3C_battery-5,86.95420660276892,82.93188
Batch-2/3C_battery-5,86.68796592119276,79.281456
Batch-2/3C_battery-5,86.5814696485623,79.281456
Batch-2/3C_battery-5,86.26198083067094,79.12101
Batch-2/3C_battery-5,85.99574014909479,78.919975
Batch-2/3C_battery-5,85.72949946751865,78.9634
Batch-2/3C_battery-5,85.51650692225773,78.9634
Batch-2/3C_battery-5,85.30351437699682,78.98233
Batch-2/3C_battery-5,85.0905218317359,78.92326
Batch-2/3C_battery-6,106.42054574638844,99.8765
Batch-2/3C_battery-6,99.57196361690744,97.70469
Batch-2/3C_battery-6,100.0,98.30941
Batch-2/3C_battery-6,100.374531835206,97.84515
Batch-2/3C_battery-6,100.69555912252541,98.030785
Batch-2/3C_battery-6,101.01658640984483,98.20693
Batch-2/3C_battery-6,101.28410914927768,97.69316
Batch-2/3C_battery-6,101.55163188871053,97.815544
Batch-2/3C_battery-6,101.8191546281434,97.920166
Batch-2/3C_battery-6,102.03317281968967,97.50783
Batch-2/3C_battery-6,101.92616372391655,97.4382
Batch-2/3C_battery-6,102.24719101123596,97.79578
Batch-2/3C_battery-6,102.56821829855538,97.534744
Batch-2/3C_battery-6,102.78223649010165,97.45787
Batch-2/3C_battery-6,102.99625468164794,97.45787
Batch-2/3C_battery-6,103.15676832530765,97.27701
Batch-2/3C_battery-6,103.26377742108079,97.27701
Batch-2/3C_battery-6,103.42429106474052,97.27701
Batch-2/3C_battery-6,103.53130016051364,97.27701
Batch-2/3C_battery-6,103.69181380417336,97.31185
Batch-2/3C_battery-6,103.79882289994649,97.31185
Batch-2/3C_battery-6,103.90583199571964,97.31541
Batch-2/3C_battery-6,104.01284109149277,97.296265
Batch-2/3C_battery-6,104.1733547351525,97.2309
Batch-2/3C_battery-6,104.22685928303905,97.01817
Batch-2/3C_battery-6,104.3338683788122,97.01611
Batch-2/3C_battery-6,104.38737292669877,97.01611
Batch-2/3C_battery-6,104.49438202247192,96.96694
Batch-2/3C_battery-6,104.54788657035847,96.96694
Batch-2/3C_battery-6,104.60139111824505,96.99589
Batch-2/3C_battery-6,104.65489566613162,96.97242
Batch-2/3C_battery-6,104.7084002140182,96.95603
Batch-2/3C_battery-6,104.76190476190477,96.95092
Batch-2/3C_battery-6,104.76190476190477,97.09739
Batch-2/3C_battery-6,104.81540930979133,97.09739
Batch-2/3C_battery-6,104.8689138576779,97.12743
Batch-2/3C_battery-6,104.92241840556449,96.71808
Batch-2/3C_battery-6,104.92241840556449,96.67734
Batch-2/3C_battery-6,104.97592295345103,96.817184
Batch-2/3C_battery-6,105.02942750133761,96.66861
Batch-2/3C_battery-6,104.97592295345103,96.62787
Batch-2/3C_battery-6,104.97592295345103,96.62787
Batch-2/3C_battery-6,105.02942750133761,96.17142
Batch-2/3C_battery-6,105.02942750133761,96.1804
Batch-2/3C_battery-6,105.02942750133761,96.1804
Batch-2/3C_battery-6,105.02942750133761,96.12809
Batch-2/3C_battery-6,105.02942750133761,96.12907
Batch-2/3C_battery-6,104.92241840556449,96.12809
Batch-2/3C_battery-6,104.97592295345103,96.09588
Batch-2/3C_battery-6,104.97592295345103,96.09588
Batch-2/3C_battery-6,104.97592295345103,96.09492
Batch-2/3C_battery-6,105.18994114499733,95.56724
Batch-2/3C_battery-6,105.18994114499733,95.46741
Batch-2/3C_battery-6,105.02942750133761,95.44635
Batch-2/3C_battery-6,104.97592295345103,95.508865
Batch-2/3C_battery-6,104.97592295345103,95.00241
Batch-2/3C_battery-6,104.92241840556449,95.00241
Batch-2/3C_battery-6,104.8689138576779,95.00241
Batch-2/3C_battery-6,104.8689138576779,93.92885
Batch-2/3C_battery-6,104.81540930979133,93.83459
Batch-2/3C_battery-6,104.92241840556449,93.862595
Batch-2/3C_battery-6,104.92241840556449,93.39098
Batch-2/3C_battery-6,104.8689138576779,93.445274
Batch-2/3C_battery-6,104.97592295345103,93.51722
Batch-2/3C_battery-6,104.97592295345103,93.09534
Batch-2/3C_battery-6,104.8689138576779,93.0759
Batch-2/3C_battery-6,104.8689138576779,93.15763
Batch-2/3C_battery-6,104.76190476190477,93.104256
Batch-2/3C_battery-6,104.7084002140182,93.01029
Batch-2/3C_battery-6,104.7084002140182,93.01029
Batch-2/3C_battery-6,104.65489566613162,92.84965
Batch-2/3C_battery-6,104.65489566613162,92.87736
Batch-2/3C_battery-6,104.54788657035847,92.85263
Batch-2/3C_battery-6,104.49438202247192,92.8789
Batch-2/3C_battery-6,104.7084002140182,92.82693
Batch-2/3C_battery-6,104.7084002140182,92.80881
Batch-2/3C_battery-6,104.65489566613162,92.80881
Batch-2/3C_battery-6,104.65489566613162,92.93465
Batch-2/3C_battery-6,104.65489566613162,92.80881
Batch-2/3C_battery-6,104.60139111824505,92.88319
Batch-2/3C_battery-6,104.60139111824505,92.83173
Batch-2/3C_battery-6,104.54788657035847,92.91289
Batch-2/3C_battery-6,104.49438202247192,92.85953
Batch-2/3C_battery-6,104.44087747458535,92.86849
Batch-2/3C_battery-6,104.38737292669877,92.8962
Batch-2/3C_battery-6,104.38737292669877,92.86947
Batch-2/3C_battery-6,104.3338683788122,92.865395
Batch-2/3C_battery-6,104.3338683788122,92.865395
Batch-2/3C_battery-6,104.3338683788122,92.865395
Batch-2/3C_battery-6,104.54788657035847,92.82893
Batch-2/3C_battery-6,104.49438202247192,92.925674
Batch-2/3C_battery-6,104.3338683788122,92.92291
Batch-2/3C_battery-6,104.28036383092562,92.77906
Batch-2/3C_battery-6,104.1733547351525,92.74066
Batch-2/3C_battery-6,104.06634563937935,92.68934
Batch-2/3C_battery-6,104.01284109149277,92.218864
Batch-2/3C_battery-6,104.01284109149277,92.25616
Batch-2/3C_battery-6,103.95933654360621,92.20457
Batch-2/3C_battery-6,103.90583199571964,91.60218
Batch-2/3C_battery-6,103.85232744783306,91.74976
Batch-2/3C_battery-6,103.79882289994649,91.70347
Batch-2/3C_battery-6,103.79882289994649,90.948616
Batch-2/3C_battery-6,103.74531835205994,90.76843
Batch-2/3C_battery-6,103.74531835205994,90.948616
Batch-2/3C_battery-6,103.74531835205994,90.948616
Batch-2/3C_battery-6,103.69181380417336,90.948616
Batch-2/3C_battery-6,103.63830925628679,90.948616
Batch-2/3C_battery-6,103.58480470840021,90.948616
Batch-2/3C_battery-6,103.53130016051364,90.948616
Batch-2/3C_battery-6,103.42429106474052,90.948616
Batch-2/3C_battery-6,103.37078651685391,90.915306
Batch-2/3C_battery-6,103.26377742108079,90.92675
Batch-2/3C_battery-6,103.21027287319421,90.63851
Batch-2/3C_battery-6,103.31728196896736,90.835785
Batch-2/3C_battery-6,103.47779561262706,90.97988
Batch-2/3C_battery-6,103.47779561262706,90.809135
Batch-2/3C_battery-6,103.31728196896736,90.74456
Batch-2/3C_battery-6,103.31728196896736,90.88404
Batch-2/3C_battery-6,103.31728196896736,90.74456
Batch-2/3C_battery-6,103.21027287319421,90.88404
Batch-2/3C_battery-6,103.15676832530765,90.915306
Batch-2/3C_battery-6,103.15676832530765,90.87339
Batch-2/3C_battery-6,103.10326377742108,90.842125
Batch-2/3C_battery-6,103.10326377742108,90.81361
Batch-2/3C_battery-6,103.0497592295345,90.768906
Batch-2/3C_battery-6,102.99625468164794,90.768906
Batch-2/3C_battery-6,102.94275013376138,90.80017
Batch-2/3C_battery-6,103.0497592295345,90.856316
Batch-2/3C_battery-6,103.10326377742108,90.842125
Batch-2/3C_battery-6,103.0497592295345,90.674126
Batch-2/3C_battery-6,103.0497592295345,90.84487
Batch-2/3C_battery-6,103.0497592295345,90.768906
Batch-2/3C_battery-6,102.94275013376138,90.768906
Batch-2/3C_battery-6,102.94275013376138,90.80017
Batch-2/3C_battery-6,102.8892455858748,90.80017
Batch-2/3C_battery-6,102.83574103798823,90.80017
Batch-2/3C_battery-6,102.78223649010165,90.80017
Batch-2/3C_battery-6,102.78223649010165,90.756836
Batch-2/3C_battery-6,102.72873194221508,90.76367
Batch-2/3C_battery-6,102.67522739432853,90.82335
Batch-2/3C_battery-6,102.67522739432853,90.756836
Batch-2/3C_battery-6,102.67522739432853,90.756836
Batch-2/3C_battery-6,102.67522739432853,90.76367
Batch-2/3C_battery-6,102.67522739432853,90.756836
Batch-2/3C_battery-6,102.67522739432853,90.76367
Batch-2/3C_battery-6,102.62172284644195,90.76367
Batch-2/3C_battery-6,102.56821829855538,90.66394
Batch-2/3C_battery-6,102.56821829855538,90.637535
Batch-2/3C_battery-6,102.5147137506688,90.640724
Batch-2/3C_battery-6,102.46120920278223,90.640724
Batch-2/3C_battery-6,102.40770465489565,90.63389
Batch-2/3C_battery-6,102.3542001070091,90.637535
Batch-2/3C_battery-6,102.30069555912252,90.40609
Batch-2/3C_battery-6,102.30069555912252,90.24455
Batch-2/3C_battery-6,102.40770465489565,90.674255
Batch-2/3C_battery-6,102.40770465489565,90.640724
Batch-2/3C_battery-6,102.40770465489565,90.640724
Batch-2/3C_battery-6,102.3542001070091,90.60946
Batch-2/3C_battery-6,102.30069555912252,90.63389
Batch-2/3C_battery-6,102.24719101123596,90.63389
Batch-2/3C_battery-6,102.1936864633494,90.637535
Batch-2/3C_battery-6,102.1936864633494,90.332085
Batch-2/3C_battery-6,102.14018191546282,90.637535
Batch-2/3C_battery-6,102.08667736757624,90.63389
Batch-2/3C_battery-6,102.03317281968967,90.39773
Batch-2/3C_battery-6,101.97966827180309,90.05791
Batch-2/3C_battery-6,101.97966827180309,90.01057
Batch-2/3C_battery-6,102.03317281968967,90.00025
Batch-2/3C_battery-6,102.24719101123596,90.640724
Batch-2/3C_battery-6,102.3542001070091,90.46998
Batch-2/3C_battery-6,102.30069555912252,90.47405
Batch-2/3C_battery-6,102.1936864633494,90.46998
Batch-2/3C_battery-6,102.14018191546282,90.46998
Batch-2/3C_battery-6,102.08667736757624,90.60946
Batch-2/3C_battery-6,102.03317281968967,90.60946
Batch-2/3C_battery-6,102.03317281968967,90.60946
Batch-2/3C_battery-6,101.97966827180309,90.63236
Batch-2/3C_battery-6,101.92616372391655,90.69204
Batch-2/3C_battery-6,101.87265917602997,90.6314
Batch-2/3C_battery-6,101.8191546281434,90.6314
Batch-2/3C_battery-6,101.8191546281434,90.6314
Batch-2/3C_battery-6,101.87265917602997,90.6011
Batch-2/3C_battery-6,101.8191546281434,90.600136
Batch-2/3C_battery-6,101.76565008025682,90.60705
Batch-2/3C_battery-6,101.76565008025682,90.60102
Batch-2/3C_battery-6,101.65864098448367,90.569756
Batch-2/3C_battery-6,101.65864098448367,90.60102
Batch-2/3C_battery-6,101.60513643659712,90.55294
Batch-2/3C_battery-6,101.55163188871053,90.546104
Batch-2/3C_battery-6,101.49812734082397,90.55294
Batch-2/3C_battery-6,101.49812734082397,90.546104
Batch-2/3C_battery-6,101.4446227929374,90.54975
Batch-2/3C_battery-6,101.39111824505082,90.0871
Batch-2/3C_battery-6,101.33761369716426,90.13434
Batch-2/3C_battery-6,101.28410914927768,89.83527
Batch-2/3C_battery-6,101.28410914927768,89.59881
Batch-2/3C_battery-6,101.23060460139111,89.68497
Batch-2/3C_battery-6,101.17710005350456,89.55147
Batch-2/3C_battery-6,101.17710005350456,89.55147
Batch-2/3C_battery-6,101.12359550561798,89.531845
Batch-2/3C_battery-6,101.07009095773141,89.1978
Batch-2/3C_battery-6,101.01658640984483,88.914314
Batch-2/3C_battery-6,100.96308186195826,88.810524
Batch-2/3C_battery-6,100.96308186195826,88.85203
Batch-2/3C_battery-6,100.90957731407168,88.89652
Batch-2/3C_battery-6,100.85607276618514,88.89652
Batch-2/3C_battery-6,100.80256821829856,88.91877
Batch-2/3C_battery-6,100.80256821829856,88.93237
Batch-2/3C_battery-6,100.80256821829856,88.885056
Batch-2/3C_battery-6,100.74906367041199,88.87145
Batch-2/3C_battery-6,100.69555912252541,88.924286
Batch-2/3C_battery-6,100.69555912252541,88.87697
Batch-2/3C_battery-6,100.64205457463883,88.87697
Batch-2/3C_battery-6,100.58855002675227,88.88019
Batch-2/3C_battery-6,100.58855002675227,88.848755
Batch-2/3C_battery-6,100.53504547886571,88.848755
Batch-2/3C_battery-6,100.48154093097912,88.848755
Batch-2/3C_battery-6,100.42803638309256,88.78053
Batch-2/3C_battery-6,100.32102728731942,88.78053
Batch-2/3C_battery-6,100.26752273943286,88.77425
Batch-2/3C_battery-6,100.21401819154627,88.78543
Batch-2/3C_battery-6,100.10700909577315,88.78543
Batch-2/3C_battery-6,100.05350454788658,88.7717
Batch-2/3C_battery-6,100.0,88.72778
Batch-2/3C_battery-6,99.94649545211344,88.69639
Batch-2/3C_battery-6,99.89299090422686,88.697716
Batch-2/3C_battery-6,99.83948635634029,88.700035
Batch-2/3C_battery-6,99.78598180845371,88.697716
Batch-2/3C_battery-6,99.73247726056715,88.62661
Batch-2/3C_battery-6,99.67897271268058,88.62661
Batch-2/3C_battery-6,99.62546816479401,88.58088
Batch-2/3C_battery-6,99.51845906902086,88.58088
Batch-2/3C_battery-6,99.4649545211343,88.584785
Batch-2/3C_battery-6,99.41144997324773,88.582466
Batch-2/3C_battery-6,99.30444087747459,88.53427
Batch-2/3C_battery-6,99.25093632958801,88.536606
Batch-2/3C_battery-6,99.14392723381488,88.49155
Batch-2/3C_battery-6,99.09042268592832,88.445984
Batch-2/3C_battery-6,98.98341359015517,88.47847
Batch-2/3C_battery-6,98.92990904226859,88.49451
Batch-2/3C_battery-6,98.82289994649544,88.50743
Batch-2/3C_battery-6,98.7158908507223,88.479294
Batch-2/3C_battery-6,98.60888175494918,88.479294
Batch-2/3C_battery-6,98.50187265917603,88.50009
Batch-2/3C_battery-6,98.44836811128947,88.53401
Batch-2/3C_battery-6,98.34135901551633,88.61783
Batch-2/3C_battery-6,98.23434991974318,88.72438
Batch-2/3C_battery-6,98.07383627608347,88.71495
Batch-2/3C_battery-6,98.0203317281969,88.68465
Batch-2/3C_battery-6,97.91332263242376,88.68465
Batch-2/3C_battery-6,97.75280898876404,88.67824
Batch-2/3C_battery-6,97.64579989299091,88.81915
Batch-2/3C_battery-6,97.53879079721776,88.865234
Batch-2/3C_battery-6,97.43178170144462,88.51012
Batch-2/3C_battery-6,97.32477260567148,88.59833
Batch-2/3C_battery-6,97.21776350989833,88.62279
Batch-2/3C_battery-6,97.1107544141252,88.6734
Batch-2/3C_battery-6,97.00374531835206,88.729904
Batch-2/3C_battery-6,96.95024077046548,88.81619
Batch-2/3C_battery-6,96.78972712680579,88.934296
Batch-2/3C_battery-6,96.68271803103264,89.092316
Batch-2/3C_battery-6,96.5757089352595,89.16806
Batch-2/3C_battery-6,96.52220438737294,89.18596
Batch-2/3C_battery-6,96.36169074371321,88.941666
Batch-2/3C_battery-6,96.30818619582665,88.94211
Batch-2/3C_battery-6,96.2011771000535,88.60315
Batch-2/3C_battery-6,96.09416800428036,88.349754
Batch-2/3C_battery-6,96.04066345639379,88.282
Batch-2/3C_battery-6,95.93365436062065,88.28506
Batch-2/3C_battery-6,95.77314071696095,87.8601
Batch-2/3C_battery-6,95.6661316211878,87.87588
Batch-2/3C_battery-6,95.55912252541467,87.57975
Batch-2/3C_battery-6,95.45211342964151,87.57975
Batch-2/3C_battery-6,95.2915997859818,86.99358
Batch-2/3C_battery-6,95.18459069020867,86.64817
Batch-2/3C_battery-6,95.07758159443553,86.47596
Batch-2/3C_battery-6,94.97057249866239,86.3717
Batch-2/3C_battery-6,94.86356340288924,86.49201
Batch-2/3C_battery-6,94.81005885500268,86.61782
Batch-2/3C_battery-6,94.64954521134295,86.548256
Batch-2/3C_battery-6,94.54253611556982,86.548256
Batch-2/3C_battery-6,94.32851792402353,86.548256
Batch-2/3C_battery-6,94.16800428036383,86.700905
Batch-2/3C_battery-6,94.0609951845907,87.01536
Batch-2/3C_battery-6,93.90048154093097,87.162865
Batch-2/3C_battery-6,93.73996789727127,87.120995
Batch-2/3C_battery-6,93.57945425361156,86.717766
Batch-2/3C_battery-6,93.52594970572498,87.09811
Batch-2/3C_battery-6,93.31193151417871,86.33668
Batch-2/3C_battery-6,93.151417870519,86.08932
Batch-2/3C_battery-6,92.99090422685929,85.86306
Batch-2/3C_battery-6,92.83039058319957,85.56646
Batch-2/3C_battery-6,92.72338148742644,85.03826
Batch-2/3C_battery-6,92.56286784376671,85.13908
Batch-2/3C_battery-6,92.34884965222044,85.0673
Batch-2/3C_battery-6,92.18833600856074,84.97964
Batch-2/3C_battery-6,92.02782236490101,84.97607
Batch-2/3C_battery-6,91.76029962546816,84.61446
Batch-2/3C_battery-6,91.54628143392188,84.522514
Batch-2/3C_battery-6,91.27875869448903,84.61823
Batch-2/3C_battery-6,91.22525414660247,84.522514
Batch-2/3C_battery-6,91.11824505082933,84.29572
Batch-2/3C_battery-6,90.90422685928304,84.33187
Batch-2/3C_battery-6,90.63670411985018,84.22471
Batch-2/3C_battery-6,90.47619047619048,84.236
Batch-2/3C_battery-6,90.2621722846442,84.3171
Batch-2/3C_battery-6,89.94114499732477,84.38972
Batch-2/3C_battery-6,89.67362225789192,84.30468
Batch-2/3C_battery-6,89.40609951845907,84.21964
Batch-2/3C_battery-6,89.13857677902621,83.96494
Batch-2/3C_battery-6,88.87105403959336,83.82209
Batch-2/3C_battery-6,88.4430176565008,80.66019
Batch-2/3C_battery-6,88.0684858212948,80.768616
Batch-2/3C_battery-6,87.9079721776351,80.42203
Batch-2/3C_battery-6,87.85446762974853,79.5562
Batch-2/3C_battery-6,87.5334403424291,79.55213
Batch-2/3C_battery-6,87.10540395933654,79.52352
Batch-2/3C_battery-6,86.78437667201713,79.32096
Batch-2/3C_battery-6,86.46334938469771,79.25465
Batch-2/3C_battery-6,86.24933119315142,79.17034
Batch-2/3C_battery-6,85.87479935794542,78.808846
Batch-2/3C_battery-6,85.28624933119315,78.27855
Batch-2/3C_battery-7,106.15384615384616,99.8765
Batch-2/3C_battery-7,99.57559681697613,98.43045
Batch-2/3C_battery-7,100.0,98.83797
Batch-2/3C_battery-7,100.26525198938991,98.16537
Batch-2/3C_battery-7,100.58355437665783,98.3142
Batch-2/3C_battery-7,100.84880636604774,98.51411
Batch-2/3C_battery-7,101.06100795755968,97.71931
Batch-2/3C_battery-7,101.27320954907162,97.737625
Batch-2/3C_battery-7,101.48541114058357,97.688866
Batch-2/3C_battery-7,101.6445623342175,97.469666
Batch-2/3C_battery-7,101.48541114058357,97.4415
Batch-2/3C_battery-7,101.6445623342175,97.74823
Batch-2/3C_battery-7,102.06896551724138,97.538055
Batch-2/3C_battery-7,102.22811671087533,97.49245
Batch-2/3C_battery-7,102.44031830238727,97.46118
Batch-2/3C_battery-7,102.54641909814323,97.344376
Batch-2/3C_battery-7,102.70557029177718,97.19464
Batch-2/3C_battery-7,102.81167108753316,97.19464
Batch-2/3C_battery-7,102.97082228116712,97.344376
Batch-2/3C_battery-7,103.0769230769231,97.19464
Batch-2/3C_battery-7,103.18302387267906,97.19464
Batch-2/3C_battery-7,103.28912466843501,97.19464
Batch-2/3C_battery-7,103.39522546419097,97.24364
Batch-2/3C_battery-7,103.55437665782492,97.22947
Batch-2/3C_battery-7,103.6604774535809,97.026695
Batch-2/3C_battery-7,103.76657824933686,97.17591
Batch-2/3C_battery-7,103.87267904509284,97.007034
Batch-2/3C_battery-7,103.92572944297083,96.94167
Batch-2/3C_battery-7,103.9787798408488,96.93961
Batch-2/3C_battery-7,104.08488063660477,96.9345
Batch-2/3C_battery-7,104.08488063660477,96.9345
Batch-2/3C_battery-7,104.19098143236074,96.990845
Batch-2/3C_battery-7,104.19098143236074,96.98573
Batch-2/3C_battery-7,104.24403183023874,96.79393
Batch-2/3C_battery-7,104.29708222811671,97.20236
Batch-2/3C_battery-7,104.3501326259947,97.23241
Batch-2/3C_battery-7,104.40318302387269,96.82305
Batch-2/3C_battery-7,104.40318302387269,96.78231
Batch-2/3C_battery-7,104.45623342175068,96.78231
Batch-2/3C_battery-7,104.50928381962865,96.89059
Batch-2/3C_battery-7,104.56233421750663,96.73283
Batch-2/3C_battery-7,104.56233421750663,96.87046
Batch-2/3C_battery-7,104.56233421750663,96.177284
Batch-2/3C_battery-7,104.56233421750663,96.31402
Batch-2/3C_battery-7,104.61538461538463,96.30135
Batch-2/3C_battery-7,104.61538461538463,96.32375
Batch-2/3C_battery-7,104.61538461538463,96.30135
Batch-2/3C_battery-7,104.61538461538463,96.30135
Batch-2/3C_battery-7,104.61538461538463,96.30598
Batch-2/3C_battery-7,104.61538461538463,96.43486
Batch-2/3C_battery-7,104.61538461538463,96.37863
Batch-2/3C_battery-7,104.6684350132626,95.72068
Batch-2/3C_battery-7,104.9867374005305,95.7405
Batch-2/3C_battery-7,104.82758620689654,95.52192
Batch-2/3C_battery-7,104.72148541114059,95.66686
Batch-2/3C_battery-7,104.72148541114059,95.108376
Batch-2/3C_battery-7,104.72148541114059,95.130775
Batch-2/3C_battery-7,104.6684350132626,95.130775
Batch-2/3C_battery-7,104.6684350132626,94.04825
Batch-2/3C_battery-7,104.61538461538463,94.02024
Batch-2/3C_battery-7,104.61538461538463,94.02804
Batch-2/3C_battery-7,104.72148541114059,93.62625
Batch-2/3C_battery-7,104.6684350132626,93.580696
Batch-2/3C_battery-7,104.6684350132626,93.61741
Batch-2/3C_battery-7,104.77453580901856,93.290054
Batch-2/3C_battery-7,104.82758620689654,93.32714
Batch-2/3C_battery-7,104.77453580901856,93.242226
Batch-2/3C_battery-7,104.77453580901856,93.19813
Batch-2/3C_battery-7,104.6684350132626,93.22939
Batch-2/3C_battery-7,104.6684350132626,93.23217
Batch-2/3C_battery-7,104.61538461538463,93.07154
Batch-2/3C_battery-7,104.61538461538463,93.07154
Batch-2/3C_battery-7,104.56233421750663,93.102806
Batch-2/3C_battery-7,104.56233421750663,93.09014
Batch-2/3C_battery-7,104.45623342175068,93.065414
Batch-2/3C_battery-7,104.72148541114059,92.491264
Batch-2/3C_battery-7,104.82758620689654,93.0514
Batch-2/3C_battery-7,104.77453580901856,93.0514
Batch-2/3C_battery-7,104.77453580901856,93.0514
Batch-2/3C_battery-7,104.77453580901856,93.0514
Batch-2/3C_battery-7,104.72148541114059,93.07615
Batch-2/3C_battery-7,104.72148541114059,93.09014
Batch-2/3C_battery-7,104.72148541114059,93.0514
Batch-2/3C_battery-7,104.72148541114059,92.88905
Batch-2/3C_battery-7,104.6684350132626,92.9201
Batch-2/3C_battery-7,104.61538461538463,93.04421
Batch-2/3C_battery-7,104.56233421750663,93.09562
Batch-2/3C_battery-7,104.56233421750663,93.082954
Batch-2/3C_battery-7,104.50928381962865,93.082954
Batch-2/3C_battery-7,104.56233421750663,93.09077
Batch-2/3C_battery-7,104.77453580901856,93.065414
Batch-2/3C_battery-7,104.88063660477454,92.917854
Batch-2/3C_battery-7,104.61538461538463,92.82746
Batch-2/3C_battery-7,104.50928381962865,92.83207
Batch-2/3C_battery-7,104.45623342175068,92.95362
Batch-2/3C_battery-7,104.3501326259947,92.48163
Batch-2/3C_battery-7,104.24403183023874,92.62223
Batch-2/3C_battery-7,104.29708222811671,92.48374
Batch-2/3C_battery-7,104.29708222811671,92.0084
Batch-2/3C_battery-7,104.19098143236074,91.99409
Batch-2/3C_battery-7,104.13793103448276,92.028915
Batch-2/3C_battery-7,104.08488063660477,91.26024
Batch-2/3C_battery-7,104.08488063660477,90.954094
Batch-2/3C_battery-7,104.0318302387268,90.59792
Batch-2/3C_battery-7,104.0318302387268,91.018
Batch-2/3C_battery-7,104.08488063660477,90.641884
Batch-2/3C_battery-7,104.0318302387268,90.64293
Batch-2/3C_battery-7,103.9787798408488,89.95331
Batch-2/3C_battery-7,103.9787798408488,89.95331
Batch-2/3C_battery-7,103.92572944297083,89.95563
Batch-2/3C_battery-7,103.81962864721486,90.23925
Batch-2/3C_battery-7,103.71352785145889,89.83393
Batch-2/3C_battery-7,103.6604774535809,89.92867
Batch-2/3C_battery-7,103.60742705570291,89.92867
Batch-2/3C_battery-7,103.60742705570291,89.92867
Batch-2/3C_battery-7,103.87267904509284,89.99833
Batch-2/3C_battery-7,103.9787798408488,91.196434
Batch-2/3C_battery-7,103.81962864721486,91.20338
Batch-2/3C_battery-7,103.76657824933686,90.59098
Batch-2/3C_battery-7,103.76657824933686,90.461655
Batch-2/3C_battery-7,103.71352785145889,90.59098
Batch-2/3C_battery-7,103.60742705570291,89.90485
Batch-2/3C_battery-7,103.55437665782492,89.905685
Batch-2/3C_battery-7,103.55437665782492,89.88217
Batch-2/3C_battery-7,103.50132625994695,90.526405
Batch-2/3C_battery-7,103.50132625994695,90.50678
Batch-2/3C_battery-7,103.44827586206897,89.88133
Batch-2/3C_battery-7,103.39522546419097,89.88133
Batch-2/3C_battery-7,103.39522546419097,89.91359
Batch-2/3C_battery-7,103.50132625994695,90.173195
Batch-2/3C_battery-7,103.50132625994695,90.838615
Batch-2/3C_battery-7,103.44827586206897,90.50678
Batch-2/3C_battery-7,103.50132625994695,91.08701
Batch-2/3C_battery-7,103.44827586206897,90.90417
Batch-2/3C_battery-7,103.39522546419097,89.88217
Batch-2/3C_battery-7,103.342175066313,89.905685
Batch-2/3C_battery-7,103.28912466843501,89.87717
Batch-2/3C_battery-7,103.23607427055703,89.82575
Batch-2/3C_battery-7,103.18302387267906,89.839355
Batch-2/3C_battery-7,103.12997347480106,89.839355
Batch-2/3C_battery-7,103.0769230769231,89.82575
Batch-2/3C_battery-7,103.0238726790451,89.537186
Batch-2/3C_battery-7,103.0769230769231,89.537186
Batch-2/3C_battery-7,103.0238726790451,89.82575
Batch-2/3C_battery-7,102.97082228116712,89.537186
Batch-2/3C_battery-7,103.0238726790451,89.537186
Batch-2/3C_battery-7,103.0238726790451,89.82575
Batch-2/3C_battery-7,102.91777188328912,89.32914
Batch-2/3C_battery-7,102.86472148541115,89.51397
Batch-2/3C_battery-7,102.81167108753316,89.47318
Batch-2/3C_battery-7,102.81167108753316,89.51397
Batch-2/3C_battery-7,102.75862068965517,89.417885
Batch-2/3C_battery-7,102.65251989389921,89.417885
Batch-2/3C_battery-7,102.59946949602121,89.37989
Batch-2/3C_battery-7,102.54641909814323,89.379036
Batch-2/3C_battery-7,102.59946949602121,89.3771
Batch-2/3C_battery-7,102.70557029177718,89.51762
Batch-2/3C_battery-7,102.65251989389921,89.417885
Batch-2/3C_battery-7,102.70557029177718,89.51397
Batch-2/3C_battery-7,102.54641909814323,89.70923
Batch-2/3C_battery-7,102.49336870026524,89.37989
Batch-2/3C_battery-7,102.44031830238727,89.37989
Batch-2/3C_battery-7,102.33421750663129,89.37989
Batch-2/3C_battery-7,102.33421750663129,89.37989
Batch-2/3C_battery-7,102.2811671087533,89.37989
Batch-2/3C_battery-7,102.17506631299736,89.37989
Batch-2/3C_battery-7,102.12201591511936,89.37153
Batch-2/3C_battery-7,102.01591511936338,89.37057
Batch-2/3C_battery-7,101.96286472148542,89.36973
Batch-2/3C_battery-7,102.06896551724138,89.37989
Batch-2/3C_battery-7,102.33421750663129,89.42068
Batch-2/3C_battery-7,102.38726790450927,89.69855
Batch-2/3C_battery-7,102.2811671087533,89.67781
Batch-2/3C_battery-7,102.22811671087533,89.70923
Batch-2/3C_battery-7,102.12201591511936,89.407074
Batch-2/3C_battery-7,102.01591511936338,89.42068
Batch-2/3C_battery-7,101.96286472148542,89.412315
Batch-2/3C_battery-7,101.90981432360743,89.37057
Batch-2/3C_battery-7,101.80371352785147,89.34019
Batch-2/3C_battery-7,101.75066312997347,89.34019
Batch-2/3C_battery-7,101.6976127320955,89.33933
Batch-2/3C_battery-7,101.59151193633953,89.34019
Batch-2/3C_battery-7,101.6445623342175,89.34019
Batch-2/3C_battery-7,101.59151193633953,89.34019
Batch-2/3C_battery-7,101.59151193633953,89.34019
Batch-2/3C_battery-7,101.53846153846153,89.33933
Batch-2/3C_battery-7,101.48541114058357,89.29125
Batch-2/3C_battery-7,101.32625994694959,89.29125
Batch-2/3C_battery-7,101.27320954907162,88.8331
Batch-2/3C_battery-7,101.16710875331565,88.832245
Batch-2/3C_battery-7,101.11405835543765,88.832245
Batch-2/3C_battery-7,101.06100795755968,88.82705
Batch-2/3C_battery-7,101.00795755968169,88.82699
Batch-2/3C_battery-7,100.9549071618037,88.97275
Batch-2/3C_battery-7,100.84880636604774,88.86896
Batch-2/3C_battery-7,100.79575596816977,88.86896
Batch-2/3C_battery-7,100.74270557029178,88.87082
Batch-2/3C_battery-7,100.6896551724138,88.8685
Batch-2/3C_battery-7,100.63660477453583,88.8685
Batch-2/3C_battery-7,100.58355437665783,88.84489
Batch-2/3C_battery-7,100.53050397877985,88.795235
Batch-2/3C_battery-7,100.42440318302388,88.795235
Batch-2/3C_battery-7,100.42440318302388,88.80079
Batch-2/3C_battery-7,100.3183023872679,88.81014
Batch-2/3C_battery-7,100.26525198938991,88.81014
Batch-2/3C_battery-7,100.26525198938991,88.80781
Batch-2/3C_battery-7,100.21220159151194,88.81014
Batch-2/3C_battery-7,100.10610079575596,88.74192
Batch-2/3C_battery-7,100.10610079575596,88.74192
Batch-2/3C_battery-7,100.05305039787797,88.735634
Batch-2/3C_battery-7,100.0,88.741356
Batch-2/3C_battery-7,100.0,88.741356
Batch-2/3C_battery-7,99.94694960212202,88.73873
Batch-2/3C_battery-7,99.89389920424404,88.73873
Batch-2/3C_battery-7,99.78779840848806,88.73873
Batch-2/3C_battery-7,99.78779840848806,88.72498
Batch-2/3C_battery-7,99.73474801061008,88.72498
Batch-2/3C_battery-7,99.6286472148541,88.69535
Batch-2/3C_battery-7,99.52254641909813,88.69355
Batch-2/3C_battery-7,99.41644562334217,88.61129
Batch-2/3C_battery-7,99.31034482758622,88.56556
Batch-2/3C_battery-7,99.20424403183024,88.56556
Batch-2/3C_battery-7,99.04509283819628,88.56715
Batch-2/3C_battery-7,98.9920424403183,88.56715
Batch-2/3C_battery-7,98.88594164456234,88.47676
Batch-2/3C_battery-7,98.77984084880637,88.4928
Batch-2/3C_battery-7,98.72679045092838,88.50572
Batch-2/3C_battery-7,98.56763925729443,88.50743
Batch-2/3C_battery-7,98.56763925729443,88.479294
Batch-2/3C_battery-7,98.46153846153847,88.50009
Batch-2/3C_battery-7,98.3023872679045,88.61783
Batch-2/3C_battery-7,98.19628647214854,88.61783
Batch-2/3C_battery-7,98.14323607427056,88.53273
Batch-2/3C_battery-7,97.9840848806366,88.64847
Batch-2/3C_battery-7,97.93103448275863,88.64847
Batch-2/3C_battery-7,97.77188328912466,88.55327
Batch-2/3C_battery-7,97.61273209549071,88.74065
Batch-2/3C_battery-7,97.45358090185677,88.80713
Batch-2/3C_battery-7,97.29442970822282,88.9082
Batch-2/3C_battery-7,97.18832891246684,88.97273
Batch-2/3C_battery-7,97.0291777188329,89.18463
Batch-2/3C_battery-7,96.87002652519894,89.28917
Batch-2/3C_battery-7,96.65782493368701,89.29025
Batch-2/3C_battery-7,96.49867374005304,89.14111
Batch-2/3C_battery-7,96.3395225464191,88.24389
Batch-2/3C_battery-7,96.12732095490716,88.20251
Batch-2/3C_battery-7,96.0212201591512,87.82322
Batch-2/3C_battery-7,95.86206896551724,87.61799
Batch-2/3C_battery-7,95.64986737400531,87.10078
Batch-2/3C_battery-7,95.54376657824933,87.10078
Batch-2/3C_battery-7,95.43766578249337,86.581764
Batch-2/3C_battery-7,95.27851458885942,86.47442
Batch-2/3C_battery-7,95.06631299734748,86.66832
Batch-2/3C_battery-7,94.90716180371352,86.6017
Batch-2/3C_battery-7,94.74801061007958,86.544785
Batch-2/3C_battery-7,94.64190981432361,86.544785
Batch-2/3C_battery-7,94.48275862068965,86.69893
Batch-2/3C_battery-7,94.37665782493369,86.69893
Batch-2/3C_battery-7,94.16445623342175,87.06491
Batch-2/3C_battery-7,94.05835543766578,87.166275
Batch-2/3C_battery-7,93.89920424403184,87.11547
Batch-2/3C_battery-7,93.74005305039788,86.73513
Batch-2/3C_battery-7,93.58090185676392,86.442604
Batch-2/3C_battery-7,93.47480106100797,86.46195
Batch-2/3C_battery-7,93.26259946949602,86.28144
Batch-2/3C_battery-7,93.15649867374005,86.26211
Batch-2/3C_battery-7,93.05039787798408,85.779305
Batch-2/3C_battery-7,92.89124668435012,85.74163
Batch-2/3C_battery-7,92.78514588859417,85.28831
Batch-2/3C_battery-7,92.6790450928382,85.34925
Batch-2/3C_battery-7,92.57294429708224,85.34925
Batch-2/3C_battery-7,92.3607427055703,85.12261
Batch-2/3C_battery-7,92.20159151193634,85.205635
Batch-2/3C_battery-7,92.04244031830238,84.68362
Batch-2/3C_battery-7,91.88328912466844,84.72349
Batch-2/3C_battery-7,91.72413793103449,84.725044
Batch-2/3C_battery-7,91.56498673740053,84.635
Batch-2/3C_battery-7,91.45888594164457,84.635
Batch-2/3C_battery-7,91.29973474801062,84.40946
Batch-2/3C_battery-7,91.14058355437665,84.38877
Batch-2/3C_battery-7,91.08753315649868,84.38877
Batch-2/3C_battery-7,90.87533156498674,84.28872
Batch-2/3C_battery-7,90.76923076923077,84.215034
Batch-2/3C_battery-7,90.55702917771885,84.27868
Batch-2/3C_battery-7,90.39787798408487,84.359795
Batch-2/3C_battery-7,90.18567639257294,84.414024
Batch-2/3C_battery-7,89.973474801061,84.39481
Batch-2/3C_battery-7,89.81432360742706,84.39481
Batch-2/3C_battery-7,89.65517241379311,84.288414
Batch-2/3C_battery-7,89.54907161803713,84.288414
Batch-2/3C_battery-7,89.33687002652519,84.251595
Batch-2/3C_battery-7,89.17771883289124,84.28521
Batch-2/3C_battery-7,89.0185676392573,84.05474
Batch-2/3C_battery-7,88.85941644562334,83.94981
Batch-2/3C_battery-7,88.75331564986737,83.94981
Batch-2/3C_battery-7,88.64721485411141,83.95685
Batch-2/3C_battery-7,88.43501326259947,84.05916
Batch-2/3C_battery-7,88.27586206896552,83.46358
Batch-2/3C_battery-7,88.06366047745358,83.46358
Batch-2/3C_battery-7,87.90450928381964,83.012054
Batch-2/3C_battery-7,87.6923076923077,83.07383
Batch-2/3C_battery-7,87.48010610079575,83.07383
Batch-2/3C_battery-7,87.48010610079575,83.07383
Batch-2/3C_battery-7,87.42705570291777,82.84827
Batch-2/3C_battery-7,87.26790450928382,82.84827
Batch-2/3C_battery-7,87.05570291777188,82.85516
Batch-2/3C_battery-7,87.0026525198939,82.85516
Batch-2/3C_battery-7,86.79045092838196,82.81644
Batch-2/3C_battery-7,86.52519893899205,82.72685
Batch-2/3C_battery-7,86.3129973474801,82.56641
Batch-2/3C_battery-7,86.04774535809018,82.56641
Batch-2/3C_battery-7,85.83554376657825,78.83545
Batch-2/3C_battery-7,85.62334217506631,78.88414
Batch-2/3C_battery-7,85.35809018567639,78.88414
Batch-2/3C_battery-7,85.14588859416446,78.975716
Batch-2/3C_battery-7,85.09283819628648,78.99466
Batch-2/3C_battery-7,85.25198938992042,78.99466
Batch-2/3C_battery-7,85.03978779840848,78.99466
Batch-2/3C_battery-7,84.77453580901857,78.93559
Batch-2/3C_battery-8,106.30678781400323,99.8738
Batch-2/3C_battery-8,99.57242116515232,97.70469
Batch-2/3C_battery-8,100.0,98.35205
Batch-2/3C_battery-8,100.3741314804917,97.84515
Batch-2/3C_battery-8,100.74826296098342,98.030785
Batch-2/3C_battery-8,101.0689470871192,98.52747
Batch-2/3C_battery-8,101.33618385889898,97.74337
Batch-2/3C_battery-8,101.60342063067877,97.87487
Batch-2/3C_battery-8,101.87065740245858,97.9483
Batch-2/3C_battery-8,102.0844468198824,97.50783
Batch-2/3C_battery-8,101.81721004810262,97.410194
Batch-2/3C_battery-8,102.2447888829503,97.73117
Batch-2/3C_battery-8,102.56547300908605,97.52693
Batch-2/3C_battery-8,102.7792624265099,97.45787
Batch-2/3C_battery-8,102.99305184393373,97.45787
Batch-2/3C_battery-8,103.1533939070016,97.27701
Batch-2/3C_battery-8,103.31373597006947,97.27701
Batch-2/3C_battery-8,103.42063067878141,97.28108
Batch-2/3C_battery-8,103.58097274184928,97.28108
Batch-2/3C_battery-8,103.6878674505612,97.26595
Batch-2/3C_battery-8,103.79476215927312,97.25697
Batch-2/3C_battery-8,103.90165686798503,97.256454
Batch-2/3C_battery-8,104.00855157669695,97.24725
Batch-2/3C_battery-8,104.16889363976483,97.197495
Batch-2/3C_battery-8,104.27578834847675,96.98924
Batch-2/3C_battery-8,104.3292357028327,96.98718
Batch-2/3C_battery-8,104.43613041154462,97.049324
Batch-2/3C_battery-8,104.4895777659006,97.001854
Batch-2/3C_battery-8,104.54302512025654,97.001854
Batch-2/3C_battery-8,104.5964724746125,96.95603
Batch-2/3C_battery-8,104.64991982896848,96.95603
Batch-2/3C_battery-8,104.64991982896848,96.96427
Batch-2/3C_battery-8,104.70336718332443,97.30227
Batch-2/3C_battery-8,104.75681453768037,97.053505
Batch-2/3C_battery-8,104.81026189203635,97.06493
Batch-2/3C_battery-8,104.8637092463923,97.05663
Batch-2/3C_battery-8,104.8637092463923,96.69556
Batch-2/3C_battery-8,104.8637092463923,96.68878
Batch-2/3C_battery-8,104.91715660074827,96.67734
Batch-2/3C_battery-8,104.91715660074827,96.6393
Batch-2/3C_battery-8,104.91715660074827,96.63611
Batch-2/3C_battery-8,104.91715660074827,96.63611
Batch-2/3C_battery-8,104.91715660074827,96.07233
Batch-2/3C_battery-8,104.91715660074827,96.14795
Batch-2/3C_battery-8,104.91715660074827,96.07233
Batch-2/3C_battery-8,104.91715660074827,96.14795
Batch-2/3C_battery-8,104.8637092463923,96.17142
Batch-2/3C_battery-8,104.8637092463923,96.16854
Batch-2/3C_battery-8,104.8637092463923,96.148186
Batch-2/3C_battery-8,104.8637092463923,96.12541
Batch-2/3C_battery-8,104.97060395510422,96.03914
Batch-2/3C_battery-8,105.1309460181721,95.511475
Batch-2/3C_battery-8,104.97060395510422,95.519714
Batch-2/3C_battery-8,104.91715660074827,95.50688
Batch-2/3C_battery-8,104.8637092463923,95.4588
Batch-2/3C_battery-8,104.81026189203635,94.903305
Batch-2/3C_battery-8,104.81026189203635,94.93745
Batch-2/3C_battery-8,104.75681453768037,94.90944
Batch-2/3C_battery-8,104.70336718332443,93.84508
Batch-2/3C_battery-8,104.70336718332443,93.778244
Batch-2/3C_battery-8,104.75681453768037,93.88688
Batch-2/3C_battery-8,104.70336718332443,93.438995
Batch-2/3C_battery-8,104.70336718332443,93.405174
Batch-2/3C_battery-8,104.75681453768037,93.41527
Batch-2/3C_battery-8,104.70336718332443,93.22769
Batch-2/3C_battery-8,104.64991982896848,93.1252
Batch-2/3C_battery-8,104.5964724746125,92.77023
Batch-2/3C_battery-8,104.54302512025654,93.03799
Batch-2/3C_battery-8,104.54302512025654,93.01125
Batch-2/3C_battery-8,104.4895777659006,93.051575
Batch-2/3C_battery-8,104.43613041154462,92.90289
Batch-2/3C_battery-8,104.38268305718867,92.88909
Batch-2/3C_battery-8,104.38268305718867,92.92933
Batch-2/3C_battery-8,104.3292357028327,92.90563
Batch-2/3C_battery-8,104.4895777659006,92.908
Batch-2/3C_battery-8,104.43613041154462,92.93124
Batch-2/3C_battery-8,104.38268305718867,92.88229
Batch-2/3C_battery-8,104.38268305718867,92.887405
Batch-2/3C_battery-8,104.3292357028327,92.857315
Batch-2/3C_battery-8,104.3292357028327,92.88626
Batch-2/3C_battery-8,104.27578834847675,92.857315
Batch-2/3C_battery-8,104.2223409941208,92.89137
Batch-2/3C_battery-8,104.16889363976483,92.88626
Batch-2/3C_battery-8,104.16889363976483,92.86849
Batch-2/3C_battery-8,104.11544628540888,92.90034
Batch-2/3C_battery-8,104.06199893105293,92.87914
Batch-2/3C_battery-8,104.00855157669695,92.84172
Batch-2/3C_battery-8,104.00855157669695,92.81005
Batch-2/3C_battery-8,104.16889363976483,92.808586
Batch-2/3C_battery-8,104.27578834847675,92.910545
Batch-2/3C_battery-8,104.06199893105293,92.888504
Batch-2/3C_battery-8,103.95510422234099,92.72477
Batch-2/3C_battery-8,103.84820951362907,92.64472
Batch-2/3C_battery-8,103.79476215927312,92.62742
Batch-2/3C_battery-8,103.6878674505612,92.646324
Batch-2/3C_battery-8,103.6878674505612,92.315346
Batch-2/3C_battery-8,103.6878674505612,92.14678
Batch-2/3C_battery-8,103.58097274184928,92.19315
Batch-2/3C_battery-8,103.52752538749333,91.535286
Batch-2/3C_battery-8,103.42063067878141,91.535286
Batch-2/3C_battery-8,103.42063067878141,91.642586
Batch-2/3C_battery-8,103.36718332442545,90.95118
Batch-2/3C_battery-8,103.36718332442545,90.925026
Batch-2/3C_battery-8,103.36718332442545,90.925026
Batch-2/3C_battery-8,103.31373597006947,90.919914
Batch-2/3C_battery-8,103.26028861571352,90.919914
Batch-2/3C_battery-8,103.20684126135757,90.86288
Batch-2/3C_battery-8,103.1533939070016,90.88262
Batch-2/3C_battery-8,103.09994655264565,90.69286
Batch-2/3C_battery-8,102.99305184393373,90.883354
Batch-2/3C_battery-8,102.93960448957775,90.95449
Batch-2/3C_battery-8,102.83270978086586,90.61029
Batch-2/3C_battery-8,102.8861571352218,90.62027
Batch-2/3C_battery-8,103.04649919828968,90.931435
Batch-2/3C_battery-8,103.09994655264565,90.75482
Batch-2/3C_battery-8,102.93960448957775,90.73423
Batch-2/3C_battery-8,102.93960448957775,90.89449
Batch-2/3C_battery-8,102.8861571352218,90.89449
Batch-2/3C_battery-8,102.7792624265099,90.725044
Batch-2/3C_battery-8,102.72581507215392,90.95667
Batch-2/3C_battery-8,102.72581507215392,90.91332
Batch-2/3C_battery-8,102.67236771779797,90.915794
Batch-2/3C_battery-8,102.618920363442,90.8596
Batch-2/3C_battery-8,102.56547300908605,90.8522
Batch-2/3C_battery-8,102.51202565473008,90.78134
Batch-2/3C_battery-8,102.45857830037413,90.57171
Batch-2/3C_battery-8,102.51202565473008,90.8848
Batch-2/3C_battery-8,102.56547300908605,90.78593
Batch-2/3C_battery-8,102.51202565473008,90.76148
Batch-2/3C_battery-8,102.51202565473008,90.89689
Batch-2/3C_battery-8,102.51202565473008,90.47691
Batch-2/3C_battery-8,102.45857830037413,90.42712
Batch-2/3C_battery-8,102.40513094601818,90.71272
Batch-2/3C_battery-8,102.35168359166222,90.71272
Batch-2/3C_battery-8,102.29823623730626,90.57171
Batch-2/3C_battery-8,102.2447888829503,90.88347
Batch-2/3C_battery-8,102.19134152859432,90.602974
Batch-2/3C_battery-8,102.19134152859432,90.846954
Batch-2/3C_battery-8,102.0844468198824,90.846954
Batch-2/3C_battery-8,102.03099946552645,90.46673
Batch-2/3C_battery-8,102.0844468198824,90.56646
Batch-2/3C_battery-8,102.03099946552645,90.42187
Batch-2/3C_battery-8,102.03099946552645,90.552864
Batch-2/3C_battery-8,101.9775521111705,90.535194
Batch-2/3C_battery-8,101.9775521111705,90.42187
Batch-2/3C_battery-8,101.87065740245858,90.74722
Batch-2/3C_battery-8,101.87065740245858,90.45313
Batch-2/3C_battery-8,101.81721004810262,90.44351
Batch-2/3C_battery-8,101.76376269374666,90.39865
Batch-2/3C_battery-8,101.7103153393907,90.44351
Batch-2/3C_battery-8,101.65686798503472,90.4384
Batch-2/3C_battery-8,101.60342063067877,90.42992
Batch-2/3C_battery-8,101.54997327632283,90.72401
Batch-2/3C_battery-8,101.65686798503472,90.39865
Batch-2/3C_battery-8,101.65686798503472,90.25917
Batch-2/3C_battery-8,101.65686798503472,90.39865
Batch-2/3C_battery-8,101.60342063067877,90.27684
Batch-2/3C_battery-8,101.49652592196688,90.44351
Batch-2/3C_battery-8,101.4430785676109,90.42992
Batch-2/3C_battery-8,101.38963121325494,90.44351
Batch-2/3C_battery-8,101.38963121325494,90.51913
Batch-2/3C_battery-8,101.33618385889898,90.421555
Batch-2/3C_battery-8,101.28273650454302,90.39029
Batch-2/3C_battery-8,101.22928915018706,90.42059
Batch-2/3C_battery-8,101.1758417958311,90.40655
Batch-2/3C_battery-8,101.12239444147515,90.40516
Batch-2/3C_battery-8,101.1758417958311,90.22362
Batch-2/3C_battery-8,101.33618385889898,90.39865
Batch-2/3C_battery-8,101.38963121325494,90.263245
Batch-2/3C_battery-8,101.33618385889898,90.26692
Batch-2/3C_battery-8,101.28273650454302,90.26148
Batch-2/3C_battery-8,101.1758417958311,90.26107
Batch-2/3C_battery-8,101.12239444147515,90.27832
Batch-2/3C_battery-8,101.0689470871192,90.27832
Batch-2/3C_battery-8,101.01549973276323,90.294495
Batch-2/3C_battery-8,100.96205237840728,90.43878
Batch-2/3C_battery-8,100.9086050240513,90.43878
Batch-2/3C_battery-8,100.85515766969534,90.43878
Batch-2/3C_battery-8,100.80171031533938,90.46103
Batch-2/3C_battery-8,100.80171031533938,90.46103
Batch-2/3C_battery-8,100.80171031533938,90.25237
Batch-2/3C_battery-8,100.80171031533938,90.25237
Batch-2/3C_battery-8,100.74826296098342,90.33976
Batch-2/3C_battery-8,100.69481560662747,90.33976
Batch-2/3C_battery-8,100.58792089791555,90.26585
Batch-2/3C_battery-8,100.5344735435596,90.282036
Batch-2/3C_battery-8,100.48102618920363,90.04484
Batch-2/3C_battery-8,100.42757883484768,89.99288
Batch-2/3C_battery-8,100.3741314804917,90.021675
Batch-2/3C_battery-8,100.32068412613575,90.01174
Batch-2/3C_battery-8,100.2672367717798,90.01803
Batch-2/3C_battery-8,100.21378941742385,89.98661
Batch-2/3C_battery-8,100.16034206306787,90.01539
Batch-2/3C_battery-8,100.10689470871192,89.980316
Batch-2/3C_battery-8,100.05344735435597,89.707794
Batch-2/3C_battery-8,100.0,89.51874
Batch-2/3C_battery-8,99.94655264564405,89.47141
Batch-2/3C_battery-8,99.89310529128808,89.4275
Batch-2/3C_battery-8,99.83965793693213,89.16601
Batch-2/3C_battery-8,99.78621058257616,89.17716
Batch-2/3C_battery-8,99.73276322822021,88.935165
Batch-2/3C_battery-8,99.62586851950829,88.852905
Batch-2/3C_battery-8,99.57242116515232,88.897415
Batch-2/3C_battery-8,99.51897381079637,88.91102
Batch-2/3C_battery-8,99.41207910208445,88.91102
Batch-2/3C_battery-8,99.35863174772848,88.91102
Batch-2/3C_battery-8,99.30518439337254,88.91102
Batch-2/3C_battery-8,99.25173703901656,88.91102
Batch-2/3C_battery-8,99.19828968466061,88.84545
Batch-2/3C_battery-8,99.14484233030466,88.85791
Batch-2/3C_battery-8,99.03794762159272,88.86743
Batch-2/3C_battery-8,98.98450026723677,88.85545
Batch-2/3C_battery-8,98.87760555852486,88.81167
Batch-2/3C_battery-8,98.82415820416888,88.79232
Batch-2/3C_battery-8,98.77071084981294,88.796455
Batch-2/3C_battery-8,98.61036878674506,88.78356
Batch-2/3C_battery-8,98.50347407803314,88.8175
Batch-2/3C_battery-8,98.39657936932122,88.8962
Batch-2/3C_battery-8,98.34313201496526,88.809685
Batch-2/3C_battery-8,98.23623730625334,88.85134
Batch-2/3C_battery-8,98.12934259754142,88.84701
Batch-2/3C_battery-8,98.02244788882952,88.79769
Batch-2/3C_battery-8,97.91555318011758,88.59781
Batch-2/3C_battery-8,97.80865847140568,88.6716
Batch-2/3C_battery-8,97.70176376269374,88.88888
Batch-2/3C_battery-8,97.59486905398184,89.00026
Batch-2/3C_battery-8,97.48797434526992,89.12182
Batch-2/3C_battery-8,97.381079636558,89.0345
Batch-2/3C_battery-8,97.27418492784608,89.164444
Batch-2/3C_battery-8,97.16729021913416,89.39836
Batch-2/3C_battery-8,97.00694815606627,89.64725
Batch-2/3C_battery-8,96.90005344735435,89.69649
Batch-2/3C_battery-8,96.73971138428648,89.643814
Batch-2/3C_battery-8,96.57936932121859,89.39819
Batch-2/3C_battery-8,96.36557990379477,89.14449
Batch-2/3C_battery-8,96.20523784072688,88.88334
Batch-2/3C_battery-8,96.04489577765901,88.738945
Batch-2/3C_battery-8,95.83110636023517,88.439415
Batch-2/3C_battery-8,95.61731694281133,87.80912
Batch-2/3C_battery-8,95.40352752538749,87.40747
Batch-2/3C_battery-8,95.18973810796365,87.46217
Batch-2/3C_battery-8,95.02939604489578,87.46774
Batch-2/3C_battery-8,94.76215927311597,86.4806
Batch-2/3C_battery-8,94.54836985569214,87.7462
Batch-2/3C_battery-8,94.3345804382683,88.206604
Batch-2/3C_battery-8,94.06734366648851,88.197815
Batch-2/3C_battery-8,93.8001068947087,87.418304
Batch-2/3C_battery-8,93.58631747728487,87.41492
Batch-2/3C_battery-8,93.26563335114912,87.18414
Batch-2/3C_battery-8,92.94494922501336,86.30722
Batch-2/3C_battery-8,92.67771245323357,86.43603
Batch-2/3C_battery-8,92.35702832709781,86.322945
Batch-2/3C_battery-8,92.03634420096205,85.82644
Batch-2/3C_battery-8,91.76910742918226,85.75672
Batch-2/3C_battery-8,91.4484233030465,85.727715
Batch-2/3C_battery-8,91.12773917691075,85.365425
Batch-2/3C_battery-8,90.80705505077499,85.32148
Batch-2/3C_battery-8,90.43292357028326,85.2989
Batch-2/3C_battery-8,90.11223944414752,85.35488
Batch-2/3C_battery-8,89.7381079636558,85.21621
Batch-2/3C_battery-8,89.36397648316408,85.09528
Batch-2/3C_battery-8,88.98984500267237,84.95895
Batch-2/3C_battery-8,88.61571352218066,84.65492
Batch-2/3C_battery-8,88.18813468733298,84.22566
Batch-2/3C_battery-8,87.81400320684126,80.01053
Batch-2/3C_battery-8,87.33297701763763,79.45353
Batch-2/3C_battery-8,86.90539818278995,79.47657
Batch-2/3C_battery-8,86.37092463923037,79.35609
Batch-2/3C_battery-8,85.88989845002672,78.98936
Batch-2/3C_battery-8,85.30197755211117,79.03803
Batch-2/3C_battery-9,106.62617338487024,99.907814
Batch-2/3C_battery-9,99.50303699613474,97.7541
Batch-2/3C_battery-9,100.0,97.94916
Batch-2/3C_battery-9,100.3865267807841,97.53235
Batch-2/3C_battery-9,100.71783545002762,97.874466
Batch-2/3C_battery-9,101.04914411927113,98.19199
Batch-2/3C_battery-9,101.38045278851465,97.582634
Batch-2/3C_battery-9,101.76697956929873,97.78393
Batch-2/3C_battery-9,101.98785201546107,97.91684
Batch-2/3C_battery-9,102.263942573164,97.50452
Batch-2/3C_battery-9,102.48481501932636,97.67966
Batch-2/3C_battery-9,102.7056874654887,97.6682
Batch-2/3C_battery-9,102.92655991165103,97.489136
Batch-2/3C_battery-9,103.09221424627277,97.45787
Batch-2/3C_battery-9,103.31308669243514,97.308136
Batch-2/3C_battery-9,103.47874102705687,97.27701
Batch-2/3C_battery-9,103.64439536167865,97.26284
Batch-2/3C_battery-9,103.7548315847598,97.266914
Batch-2/3C_battery-9,103.92048591938155,97.266396
Batch-2/3C_battery-9,104.08614025400331,97.22096
Batch-2/3C_battery-9,104.36223081170624,97.25738
Batch-2/3C_battery-9,104.69353948094975,97.21399
Batch-2/3C_battery-9,104.74875759249034,97.25098
Batch-2/3C_battery-9,104.80397570403093,97.24393
Batch-2/3C_battery-9,104.85919381557152,97.0713
Batch-2/3C_battery-9,104.96963003865267,97.45133
Batch-2/3C_battery-9,105.02484815019326,97.39837
Batch-2/3C_battery-9,105.13528437327444,97.347145
Batch-2/3C_battery-9,105.19050248481503,97.347145
Batch-2/3C_battery-9,105.2457205963556,97.38094
Batch-2/3C_battery-9,105.30093870789618,97.35023
Batch-2/3C_battery-9,105.35615681943678,97.35023
Batch-2/3C_battery-9,105.41137493097736,97.35728
Batch-2/3C_battery-9,105.63224737713969,97.16064
Batch-2/3C_battery-9,105.79790171176147,97.18658
Batch-2/3C_battery-9,105.85311982330205,97.13645
Batch-2/3C_battery-9,105.90833793484262,96.7271
Batch-2/3C_battery-9,105.96355604638322,96.77722
Batch-2/3C_battery-9,106.0187741579238,96.7271
Batch-2/3C_battery-9,106.0187741579238,96.604034
Batch-2/3C_battery-9,105.96355604638322,96.604034
Batch-2/3C_battery-9,105.96355604638322,96.604034
Batch-2/3C_battery-9,105.96355604638322,96.043335
Batch-2/3C_battery-9,105.96355604638322,96.043335
Batch-2/3C_battery-9,105.96355604638322,96.043335
Batch-2/3C_battery-9,105.96355604638322,96.04086
Batch-2/3C_battery-9,106.0187741579238,96.043335
Batch-2/3C_battery-9,106.18442849254556,95.99835
Batch-2/3C_battery-9,106.23964660408613,95.9525
Batch-2/3C_battery-9,106.23964660408613,95.9525
Batch-2/3C_battery-9,106.18442849254556,95.9525
Batch-2/3C_battery-9,106.18442849254556,95.382614
Batch-2/3C_battery-9,106.18442849254556,95.420166
Batch-2/3C_battery-9,106.18442849254556,95.382614
Batch-2/3C_battery-9,106.12921038100498,95.395294
Batch-2/3C_battery-9,106.12921038100498,94.82463
Batch-2/3C_battery-9,106.07399226946438,94.91698
Batch-2/3C_battery-9,106.07399226946438,94.874756
Batch-2/3C_battery-9,106.0187741579238,93.810394
Batch-2/3C_battery-9,106.0187741579238,93.7785
Batch-2/3C_battery-9,106.07399226946438,93.81825
Batch-2/3C_battery-9,106.18442849254556,93.35533
Batch-2/3C_battery-9,106.18442849254556,93.36
Batch-2/3C_battery-9,106.18442849254556,93.35887
Batch-2/3C_battery-9,106.12921038100498,93.07179
Batch-2/3C_battery-9,106.12921038100498,93.06827
Batch-2/3C_battery-9,106.07399226946438,93.041534
Batch-2/3C_battery-9,106.0187741579238,92.991684
Batch-2/3C_battery-9,105.96355604638322,93.00549
Batch-2/3C_battery-9,105.96355604638322,92.95282
Batch-2/3C_battery-9,105.90833793484262,92.792175
Batch-2/3C_battery-9,105.85311982330205,92.842316
Batch-2/3C_battery-9,105.85311982330205,92.845726
Batch-2/3C_battery-9,105.90833793484262,92.82269
Batch-2/3C_battery-9,106.0187741579238,92.80789
Batch-2/3C_battery-9,105.96355604638322,92.785095
Batch-2/3C_battery-9,105.96355604638322,92.79973
Batch-2/3C_battery-9,105.96355604638322,92.75989
Batch-2/3C_battery-9,105.85311982330205,92.76379
Batch-2/3C_battery-9,105.79790171176147,92.74058
Batch-2/3C_battery-9,105.74268360022087,92.71257
Batch-2/3C_battery-9,105.68746548868029,92.71297
Batch-2/3C_battery-9,105.63224737713969,92.726776
Batch-2/3C_battery-9,105.63224737713969,92.726776
Batch-2/3C_battery-9,105.57702926559911,92.726776
Batch-2/3C_battery-9,105.52181115405854,92.726776
Batch-2/3C_battery-9,105.52181115405854,92.726776
Batch-2/3C_battery-9,105.63224737713969,92.726776
Batch-2/3C_battery-9,105.63224737713969,92.71411
Batch-2/3C_battery-9,105.57702926559911,92.71411
Batch-2/3C_battery-9,105.57702926559911,92.70944
Batch-2/3C_battery-9,105.57702926559911,92.71297
Batch-2/3C_battery-9,105.46659304251796,92.56528
Batch-2/3C_battery-9,105.41137493097736,92.56614
Batch-2/3C_battery-9,105.35615681943678,92.57965
Batch-2/3C_battery-9,105.30093870789618,92.09561
Batch-2/3C_battery-9,105.2457205963556,92.13225
Batch-2/3C_battery-9,105.2457205963556,92.13225
Batch-2/3C_battery-9,105.19050248481503,91.54009
Batch-2/3C_battery-9,105.13528437327444,91.5082
Batch-2/3C_battery-9,105.2457205963556,91.521706
Batch-2/3C_battery-9,105.35615681943678,90.729546
Batch-2/3C_battery-9,105.30093870789618,90.682755
Batch-2/3C_battery-9,105.2457205963556,90.69102
Batch-2/3C_battery-9,105.13528437327444,90.70837
Batch-2/3C_battery-9,105.08006626173385,90.69456
Batch-2/3C_battery-9,105.02484815019326,90.70837
Batch-2/3C_battery-9,104.96963003865267,90.70837
Batch-2/3C_battery-9,104.96963003865267,90.75599
Batch-2/3C_battery-9,104.91441192711208,90.721664
Batch-2/3C_battery-9,104.85919381557152,90.74324
Batch-2/3C_battery-9,104.80397570403093,90.7484
Batch-2/3C_battery-9,104.80397570403093,90.68919
Batch-2/3C_battery-9,104.74875759249034,90.66517
Batch-2/3C_battery-9,104.80397570403093,90.68404
Batch-2/3C_battery-9,104.85919381557152,90.70837
Batch-2/3C_battery-9,104.80397570403093,90.671524
Batch-2/3C_battery-9,104.74875759249034,90.63907
Batch-2/3C_battery-9,104.69353948094975,90.63907
Batch-2/3C_battery-9,104.63832136940916,90.881775
Batch-2/3C_battery-9,104.58310325786857,90.91907
Batch-2/3C_battery-9,104.58310325786857,90.862305
Batch-2/3C_battery-9,104.527885146328,90.862305
Batch-2/3C_battery-9,104.47266703478742,90.85983
Batch-2/3C_battery-9,104.47266703478742,90.86795
Batch-2/3C_battery-9,104.41744892324682,90.821655
Batch-2/3C_battery-9,104.36223081170624,90.85895
Batch-2/3C_battery-9,104.30701270016567,90.821655
Batch-2/3C_battery-9,104.30701270016567,90.80823
Batch-2/3C_battery-9,104.25179458862506,90.821655
Batch-2/3C_battery-9,104.30701270016567,90.82413
Batch-2/3C_battery-9,104.25179458862506,90.829285
Batch-2/3C_battery-9,104.19657647708449,90.829285
Batch-2/3C_battery-9,104.14135836554391,90.829285
Batch-2/3C_battery-9,104.08614025400331,90.821655
Batch-2/3C_battery-9,104.03092214246273,90.80823
Batch-2/3C_battery-9,103.97570403092216,90.80823
Batch-2/3C_battery-9,103.92048591938155,90.70714
Batch-2/3C_battery-9,103.86526780784098,90.70714
Batch-2/3C_battery-9,103.81004969630038,90.70714
Batch-2/3C_battery-9,103.81004969630038,90.70714
Batch-2/3C_battery-9,103.81004969630038,90.70714
Batch-2/3C_battery-9,103.7548315847598,90.70714
Batch-2/3C_battery-9,103.7548315847598,90.70714
Batch-2/3C_battery-9,103.81004969630038,90.72304
Batch-2/3C_battery-9,103.69961347321922,90.720566
Batch-2/3C_battery-9,103.64439536167865,90.70714
Batch-2/3C_battery-9,103.64439536167865,90.642006
Batch-2/3C_battery-9,103.58917725013804,90.61349
Batch-2/3C_battery-9,103.53395913859747,90.56392
Batch-2/3C_battery-9,103.47874102705687,90.56392
Batch-2/3C_battery-9,103.42352291551629,90.56392
Batch-2/3C_battery-9,103.42352291551629,90.55687
Batch-2/3C_battery-9,103.36830480397572,90.55687
Batch-2/3C_battery-9,103.31308669243514,90.55687
Batch-2/3C_battery-9,103.25786858089454,90.56392
Batch-2/3C_battery-9,103.25786858089454,90.59416
Batch-2/3C_battery-9,103.20265046935396,90.553116
Batch-2/3C_battery-9,103.20265046935396,90.56392
Batch-2/3C_battery-9,103.14743235781336,90.55687
Batch-2/3C_battery-9,103.09221424627277,90.55687
Batch-2/3C_battery-9,103.0369961347322,90.44661
Batch-2/3C_battery-9,102.98177802319162,90.443405
Batch-2/3C_battery-9,102.92655991165103,90.443405
Batch-2/3C_battery-9,102.87134180011044,90.443405
Batch-2/3C_battery-9,102.81612368856985,90.443405
Batch-2/3C_battery-9,102.76090557702926,90.443405
Batch-2/3C_battery-9,102.7056874654887,90.435165
Batch-2/3C_battery-9,102.6504693539481,90.435165
Batch-2/3C_battery-9,102.59525124240751,90.435165
Batch-2/3C_battery-9,102.54003313086693,90.4268
Batch-2/3C_battery-9,102.48481501932636,90.4268
Batch-2/3C_battery-9,102.48481501932636,90.435165
Batch-2/3C_battery-9,102.42959690778575,90.4341
Batch-2/3C_battery-9,102.31916068470458,90.39546
Batch-2/3C_battery-9,102.263942573164,90.39546
Batch-2/3C_battery-9,102.20872446162342,90.40094
Batch-2/3C_battery-9,102.15350635008285,90.35286
Batch-2/3C_battery-9,102.04307012700167,90.37633
Batch-2/3C_battery-9,101.98785201546107,90.37633
Batch-2/3C_battery-9,101.93263390392049,89.926285
Batch-2/3C_battery-9,101.8774157923799,89.92408
Batch-2/3C_battery-9,101.82219768083934,89.92726
Batch-2/3C_battery-9,101.76697956929873,89.92726
Batch-2/3C_battery-9,101.71176145775816,89.92726
Batch-2/3C_battery-9,101.60132523467698,89.92319
Batch-2/3C_battery-9,101.54610712313638,89.92726
Batch-2/3C_battery-9,101.49088901159583,89.86008
Batch-2/3C_battery-9,101.43567090005523,89.85834
Batch-2/3C_battery-9,101.32523467697405,89.85834
Batch-2/3C_battery-9,101.27001656543347,89.845604
Batch-2/3C_battery-9,101.21479845389287,89.84554
Batch-2/3C_battery-9,101.15958034235231,89.84554
Batch-2/3C_battery-9,101.04914411927113,89.94522
Batch-2/3C_battery-9,100.99392600773054,90.0847
Batch-2/3C_battery-9,100.99392600773054,90.0847
Batch-2/3C_battery-9,100.88348978464936,90.05073
Batch-2/3C_battery-9,100.82827167310879,90.05073
Batch-2/3C_battery-9,100.7730535615682,90.05073
Batch-2/3C_battery-9,100.66261733848702,90.09944
Batch-2/3C_battery-9,100.60739922694644,90.10388
Batch-2/3C_battery-9,100.49696300386528,90.1071
Batch-2/3C_battery-9,100.44174489232469,90.12329
Batch-2/3C_battery-9,100.33130866924351,90.12329
Batch-2/3C_battery-9,100.27609055770293,90.05507
Batch-2/3C_battery-9,100.16565433462176,90.04196
Batch-2/3C_battery-9,100.11043622308118,90.04196
Batch-2/3C_battery-9,100.0,90.04294
Batch-2/3C_battery-9,99.94478188845942,90.0466
Batch-2/3C_battery-9,99.88956377691883,90.04199
Batch-2/3C_battery-9,99.77912755383765,89.93008
Batch-2/3C_battery-9,99.72390944229707,89.72957
Batch-2/3C_battery-9,99.6134732192159,89.66254
Batch-2/3C_battery-9,99.50303699613474,89.29188
Batch-2/3C_battery-9,99.44781888459414,89.863045
Batch-2/3C_battery-9,99.33738266151298,89.74133
Batch-2/3C_battery-9,99.22694643843181,89.97769
Batch-2/3C_battery-9,99.11651021535064,89.52496
Batch-2/3C_battery-9,99.00607399226946,89.13863
Batch-2/3C_battery-9,98.8956377691883,89.20399
Batch-2/3C_battery-9,98.78520154610713,89.215416
Batch-2/3C_battery-9,98.72998343456653,88.547455
Batch-2/3C_battery-9,98.78520154610713,88.73188
Batch-2/3C_battery-9,98.72998343456653,89.95365
Batch-2/3C_battery-9,98.61954721148537,89.81982
Batch-2/3C_battery-9,98.56432909994479,88.73788
Batch-2/3C_battery-9,98.39867476532304,88.89713
Batch-2/3C_battery-9,98.34345665378244,88.69173
Batch-2/3C_battery-9,98.28823854224186,88.605774
Batch-2/3C_battery-9,98.1225842076201,89.1864
Batch-2/3C_battery-9,97.95692987299834,89.76009
Batch-2/3C_battery-9,97.79127553837658,89.11783
Batch-2/3C_battery-9,97.68083931529542,89.14826
Batch-2/3C_battery-9,97.57040309221424,89.709465
Batch-2/3C_battery-9,97.4047487575925,89.80287
Batch-2/3C_battery-9,97.29431253451132,90.28586
Batch-2/3C_battery-9,97.29431253451132,89.97865
Batch-2/3C_battery-9,97.23909442297072,90.403145
Batch-2/3C_battery-9,97.12865819988956,90.6336
Batch-2/3C_battery-9,97.01822197680839,90.74341
Batch-2/3C_battery-9,96.90778575372721,90.66508
Batch-2/3C_battery-9,96.74213141910548,90.50337
Batch-2/3C_battery-9,96.63169519602431,89.75323
Batch-2/3C_battery-9,96.52125897294313,89.72325
Batch-2/3C_battery-9,96.35560463832138,89.361786
Batch-2/3C_battery-9,96.18995030369962,89.17795
Batch-2/3C_battery-9,96.02429596907787,88.71057
Batch-2/3C_battery-9,95.9138597459967,88.15489
Batch-2/3C_battery-9,95.69298729983436,87.56639
Batch-2/3C_battery-9,95.63776918829376,87.61072
Batch-2/3C_battery-9,95.5273329652126,87.70798
Batch-2/3C_battery-9,95.36167863059084,87.89148
Batch-2/3C_battery-9,95.1408061844285,86.611275
Batch-2/3C_battery-9,94.97515184980674,87.74454
Batch-2/3C_battery-9,94.86471562672557,87.717865
Batch-2/3C_battery-9,94.75427940364439,88.25696
Batch-2/3C_battery-9,94.58862506902264,88.44064
Batch-2/3C_battery-9,94.36775262286031,88.4017
Batch-2/3C_battery-9,94.20209828823855,88.43338
Batch-2/3C_battery-9,94.03644395361678,87.49432
Batch-2/3C_battery-9,93.87078961899503,87.57418
Batch-2/3C_battery-9,93.64991717283269,87.49801
Batch-2/3C_battery-9,93.48426283821094,87.207726
Batch-2/3C_battery-9,93.26339039204859,86.838005
Batch-2/3C_battery-9,93.15295416896743,86.46338
Batch-2/3C_battery-9,92.93208172280508,86.46338
Batch-2/3C_battery-9,92.76642738818333,86.47467
Batch-2/3C_battery-9,92.54555494202098,85.90822
Batch-2/3C_battery-9,92.37990060739924,85.908264
Batch-2/3C_battery-9,92.15902816123689,85.78407
Batch-2/3C_battery-9,91.99337382661513,85.78407
Batch-2/3C_battery-9,91.77250138045278,85.71149
Batch-2/3C_battery-9,91.55162893429043,85.66153
Batch-2/3C_battery-9,91.3307564881281,85.505005
Batch-2/3C_battery-9,91.05466593042519,85.44336
Batch-2/3C_battery-9,90.83379348426284,85.57269
Batch-2/3C_battery-9,90.6129210381005,85.42876
Batch-2/3C_battery-9,90.39204859193816,85.49652
Batch-2/3C_battery-9,90.17117614577582,85.37073
Batch-2/3C_battery-9,90.00552181115405,85.37073
Batch-2/3C_battery-9,89.78464936499171,85.21163
Batch-2/3C_battery-9,89.56377691882939,84.99131
Batch-2/3C_battery-9,89.28768636112645,84.81604
Batch-2/3C_battery-9,89.01159580342353,84.63905
Batch-2/3C_battery-9,88.79072335726119,84.74138
Batch-2/3C_battery-9,88.45941468801767,81.22485
Batch-2/3C_battery-9,88.18332413031474,80.17507
Batch-3/R2.5_battery-1,103.97489539748955,99.8765
Batch-3/R2.5_battery-1,100.0,100.15611
Batch-3/R2.5_battery-1,97.85564853556485,100.13418
Batch-3/R2.5_battery-1,97.01882845188284,98.39137
Batch-3/R2.5_battery-1,97.9602510460251,98.34286
Batch-3/R2.5_battery-1,100.94142259414225,84.04288
Batch-3/R2.5_battery-1,101.67364016736403,97.43303
Batch-3/R2.5_battery-1,99.47698744769873,98.05773
Batch-3/R2.5_battery-1,98.53556485355648,97.80432
Batch-3/R2.5_battery-1,99.26778242677824,98.17977
Batch-3/R2.5_battery-1,101.77824267782427,83.613045
Batch-3/R2.5_battery-1,102.56276150627616,97.22095
Batch-3/R2.5_battery-1,100.62761506276149,97.462425
Batch-3/R2.5_battery-1,99.63389121338912,97.20347
Batch-3/R2.5_battery-1,100.26150627615063,98.18949
Batch-3/R2.5_battery-1,102.82426778242677,83.426025
Batch-3/R2.5_battery-1,103.50418410041841,97.00881
Batch-3/R2.5_battery-1,101.51673640167364,97.35418
Batch-3/R2.5_battery-1,100.52301255230125,97.31898
Batch-3/R2.5_battery-1,101.2029288702929,98.100815
Batch-3/R2.5_battery-1,103.55648535564855,83.518135
Batch-3/R2.5_battery-1,104.07949790794979,97.0055
Batch-3/R2.5_battery-1,102.19665271966527,97.320076
Batch-3/R2.5_battery-1,101.30753138075315,97.131676
Batch-3/R2.5_battery-1,101.93514644351464,97.413994
Batch-3/R2.5_battery-1,104.18410041841004,83.421776
Batch-3/R2.5_battery-1,104.49790794979079,96.88923
Batch-3/R2.5_battery-1,102.66736401673641,97.15922
Batch-3/R2.5_battery-1,101.8305439330544,96.90816
Batch-3/R2.5_battery-1,102.45815899581592,97.8856
Batch-3/R2.5_battery-1,104.55020920502093,83.406075
Batch-3/R2.5_battery-1,104.75941422594144,96.88923
Batch-3/R2.5_battery-1,102.92887029288704,96.93495
Batch-3/R2.5_battery-1,102.14435146443515,96.59798
Batch-3/R2.5_battery-1,102.82426778242677,97.53442
Batch-3/R2.5_battery-1,104.81171548117156,83.46377
Batch-3/R2.5_battery-1,104.86401673640167,96.25331
Batch-3/R2.5_battery-1,103.13807531380755,96.33662
Batch-3/R2.5_battery-1,102.45815899581592,96.126274
Batch-3/R2.5_battery-1,103.08577405857741,97.09506
Batch-3/R2.5_battery-1,105.02092050209207,83.36114
Batch-3/R2.5_battery-1,105.02092050209207,96.20332
Batch-3/R2.5_battery-1,103.29497907949792,95.75399
Batch-3/R2.5_battery-1,102.61506276150627,95.35139
Batch-3/R2.5_battery-1,103.29497907949792,96.400375
Batch-3/R2.5_battery-1,105.07322175732216,83.033806
Batch-3/R2.5_battery-1,105.02092050209207,95.65818
Batch-3/R2.5_battery-1,103.24267782426779,95.68574
Batch-3/R2.5_battery-1,102.66736401673641,95.29951
Batch-3/R2.5_battery-1,103.39958158995816,96.39811
Batch-3/R2.5_battery-1,105.12552301255229,83.054474
Batch-3/R2.5_battery-1,105.12552301255229,95.08703
Batch-3/R2.5_battery-1,103.55648535564855,94.93719
Batch-3/R2.5_battery-1,102.82426778242677,94.76266
Batch-3/R2.5_battery-1,103.50418410041841,95.872765
Batch-3/R2.5_battery-1,105.17782426778244,82.96048
Batch-3/R2.5_battery-1,104.96861924686193,94.469635
Batch-3/R2.5_battery-1,103.34728033472804,94.59733
Batch-3/R2.5_battery-1,102.77196652719667,93.12495
Batch-3/R2.5_battery-1,103.50418410041841,94.24981
Batch-3/R2.5_battery-1,105.12552301255229,83.04139
Batch-3/R2.5_battery-1,105.02092050209207,93.18029
Batch-3/R2.5_battery-1,103.39958158995816,93.22367
Batch-3/R2.5_battery-1,102.98117154811717,92.668144
Batch-3/R2.5_battery-1,103.60878661087867,93.53526
Batch-3/R2.5_battery-1,105.12552301255229,82.94928
Batch-3/R2.5_battery-1,105.02092050209207,92.86078
Batch-3/R2.5_battery-1,103.4518828451883,92.85648
Batch-3/R2.5_battery-1,102.87656903765692,92.307884
Batch-3/R2.5_battery-1,103.60878661087867,93.45515
Batch-3/R2.5_battery-1,105.12552301255229,83.017235
Batch-3/R2.5_battery-1,104.81171548117156,92.57634
Batch-3/R2.5_battery-1,103.29497907949792,92.50434
Batch-3/R2.5_battery-1,102.82426778242677,92.162575
Batch-3/R2.5_battery-1,103.55648535564855,93.312485
Batch-3/R2.5_battery-1,105.12552301255229,82.925125
Batch-3/R2.5_battery-1,104.91631799163179,92.477234
Batch-3/R2.5_battery-1,103.50418410041841,92.738045
Batch-3/R2.5_battery-1,103.0334728033473,92.237816
Batch-3/R2.5_battery-1,103.71338912133892,93.23981
Batch-3/R2.5_battery-1,105.12552301255229,82.93949
Batch-3/R2.5_battery-1,104.86401673640167,92.477234
Batch-3/R2.5_battery-1,103.39958158995816,92.681526
Batch-3/R2.5_battery-1,102.98117154811717,92.147255
Batch-3/R2.5_battery-1,103.66108786610879,93.24873
Batch-3/R2.5_battery-1,105.02092050209207,83.017235
Batch-3/R2.5_battery-1,104.65481171548117,92.55287
Batch-3/R2.5_battery-1,103.29497907949792,92.67437
Batch-3/R2.5_battery-1,102.92887029288704,92.16964
Batch-3/R2.5_battery-1,103.60878661087867,93.24873
Batch-3/R2.5_battery-1,105.07322175732216,83.03539
Batch-3/R2.5_battery-1,104.86401673640167,92.492516
Batch-3/R2.5_battery-1,103.39958158995816,92.625755
Batch-3/R2.5_battery-1,102.92887029288704,92.047615
Batch-3/R2.5_battery-1,103.55648535564855,93.311844
Batch-3/R2.5_battery-1,104.91631799163179,82.925125
Batch-3/R2.5_battery-1,104.49790794979079,91.97829
Batch-3/R2.5_battery-1,103.13807531380755,91.66489
Batch-3/R2.5_battery-1,102.77196652719667,91.0798
Batch-3/R2.5_battery-1,103.4518828451883,92.132706
Batch-3/R2.5_battery-1,104.75941422594144,83.112144
Batch-3/R2.5_battery-1,104.34100418410044,90.63004
Batch-3/R2.5_battery-1,103.0334728033473,89.67996
Batch-3/R2.5_battery-1,102.66736401673641,89.71801
Batch-3/R2.5_battery-1,103.39958158995816,91.48035
Batch-3/R2.5_battery-1,104.75941422594144,82.871895
Batch-3/R2.5_battery-1,104.34100418410044,90.62106
Batch-3/R2.5_battery-1,103.0334728033473,89.67996
Batch-3/R2.5_battery-1,102.66736401673641,90.12353
Batch-3/R2.5_battery-1,103.29497907949792,91.45506
Batch-3/R2.5_battery-1,104.60251046025104,82.966805
Batch-3/R2.5_battery-1,104.07949790794979,90.631004
Batch-3/R2.5_battery-1,102.71966527196652,89.44092
Batch-3/R2.5_battery-1,102.40585774058577,88.822205
Batch-3/R2.5_battery-1,103.19037656903767,91.508934
Batch-3/R2.5_battery-1,104.60251046025104,82.966805
Batch-3/R2.5_battery-1,104.23640167364016,90.59102
Batch-3/R2.5_battery-1,102.98117154811717,90.0419
Batch-3/R2.5_battery-1,102.61506276150627,90.0964
Batch-3/R2.5_battery-1,103.29497907949792,91.44702
Batch-3/R2.5_battery-1,104.55020920502093,82.84648
Batch-3/R2.5_battery-1,104.13179916317992,90.597595
Batch-3/R2.5_battery-1,102.87656903765692,89.67996
Batch-3/R2.5_battery-1,102.51046025104603,90.16654
Batch-3/R2.5_battery-1,103.19037656903767,91.403435
Batch-3/R2.5_battery-1,104.4456066945607,82.83922
Batch-3/R2.5_battery-1,103.97489539748955,90.631004
Batch-3/R2.5_battery-1,102.77196652719667,89.475494
Batch-3/R2.5_battery-1,102.51046025104603,90.25252
Batch-3/R2.5_battery-1,103.24267782426779,91.53569
Batch-3/R2.5_battery-1,104.4456066945607,82.79412
Batch-3/R2.5_battery-1,104.13179916317992,90.49193
Batch-3/R2.5_battery-1,102.92887029288704,90.70019
Batch-3/R2.5_battery-1,102.61506276150627,90.03159
Batch-3/R2.5_battery-1,103.24267782426779,91.350494
Batch-3/R2.5_battery-1,104.39330543933055,82.79412
Batch-3/R2.5_battery-1,104.02719665271967,90.597595
Batch-3/R2.5_battery-1,102.82426778242677,90.589966
Batch-3/R2.5_battery-1,102.51046025104603,90.0964
Batch-3/R2.5_battery-1,103.13807531380755,91.47787
Batch-3/R2.5_battery-1,104.34100418410044,82.67306
Batch-3/R2.5_battery-1,103.92259414225941,90.52197
Batch-3/R2.5_battery-1,102.82426778242677,90.0419
Batch-3/R2.5_battery-1,102.45815899581592,90.05398
Batch-3/R2.5_battery-1,103.08577405857741,91.45708
Batch-3/R2.5_battery-1,104.34100418410044,82.669075
Batch-3/R2.5_battery-1,103.92259414225941,90.52197
Batch-3/R2.5_battery-1,102.77196652719667,90.67697
Batch-3/R2.5_battery-1,102.45815899581592,90.03076
Batch-3/R2.5_battery-1,103.08577405857741,91.30649
Batch-3/R2.5_battery-1,104.23640167364016,82.64586
Batch-3/R2.5_battery-1,103.81799163179917,90.57438
Batch-3/R2.5_battery-1,102.56276150627616,90.018684
Batch-3/R2.5_battery-1,102.2489539748954,90.06775
Batch-3/R2.5_battery-1,102.92887029288704,91.39196
Batch-3/R2.5_battery-1,104.13179916317992,82.64586
Batch-3/R2.5_battery-1,103.81799163179917,90.49308
Batch-3/R2.5_battery-1,102.66736401673641,90.69142
Batch-3/R2.5_battery-1,102.45815899581592,90.14581
Batch-3/R2.5_battery-1,103.0334728033473,91.277985
Batch-3/R2.5_battery-1,104.13179916317992,82.66402
Batch-3/R2.5_battery-1,103.76569037656904,90.48408
Batch-3/R2.5_battery-1,102.56276150627616,90.67674
Batch-3/R2.5_battery-1,102.30125523012552,90.18689
Batch-3/R2.5_battery-1,102.92887029288704,91.37375
Batch-3/R2.5_battery-1,104.02719665271967,82.64586
Batch-3/R2.5_battery-1,103.60878661087867,90.48408
Batch-3/R2.5_battery-1,102.40585774058577,90.01301
Batch-3/R2.5_battery-1,102.19665271966527,90.25169
Batch-3/R2.5_battery-1,102.92887029288704,91.21604
Batch-3/R2.5_battery-1,104.13179916317992,82.65706
Batch-3/R2.5_battery-1,103.92259414225941,90.4558
Batch-3/R2.5_battery-1,102.77196652719667,90.50363
Batch-3/R2.5_battery-1,102.45815899581592,90.01184
Batch-3/R2.5_battery-1,103.0334728033473,91.16316
Batch-3/R2.5_battery-1,104.07949790794979,82.642426
Batch-3/R2.5_battery-1,103.76569037656904,90.44776
Batch-3/R2.5_battery-1,102.61506276150627,90.672806
Batch-3/R2.5_battery-1,102.30125523012552,89.99411
Batch-3/R2.5_battery-1,102.87656903765692,91.17005
Batch-3/R2.5_battery-1,103.97489539748955,82.65706
Batch-3/R2.5_battery-1,103.60878661087867,90.43952
Batch-3/R2.5_battery-1,102.56276150627616,90.69142
Batch-3/R2.5_battery-1,102.30125523012552,89.99872
Batch-3/R2.5_battery-1,102.87656903765692,91.2104
Batch-3/R2.5_battery-1,103.97489539748955,82.65706
Batch-3/R2.5_battery-1,103.60878661087867,90.44776
Batch-3/R2.5_battery-1,102.45815899581592,90.69142
Batch-3/R2.5_battery-1,102.19665271966527,90.16199
Batch-3/R2.5_battery-1,102.71966527196652,91.17481
Batch-3/R2.5_battery-1,103.81799163179917,82.65412
Batch-3/R2.5_battery-1,103.4518828451883,90.43952
Batch-3/R2.5_battery-1,102.30125523012552,90.67674
Batch-3/R2.5_battery-1,102.0397489539749,90.18689
Batch-3/R2.5_battery-1,102.66736401673641,91.20792
Batch-3/R2.5_battery-1,103.76569037656904,82.64586
Batch-3/R2.5_battery-1,103.34728033472804,90.4905
Batch-3/R2.5_battery-1,102.19665271966527,90.32868
Batch-3/R2.5_battery-1,101.98744769874477,90.209274
Batch-3/R2.5_battery-1,102.56276150627616,91.33296
Batch-3/R2.5_battery-1,103.66108786610879,82.64586
Batch-3/R2.5_battery-1,103.24267782426779,90.51397
Batch-3/R2.5_battery-1,102.14435146443515,90.01301
Batch-3/R2.5_battery-1,101.88284518828452,90.25169
Batch-3/R2.5_battery-1,102.45815899581592,91.27662
Batch-3/R2.5_battery-1,103.60878661087867,82.55375
Batch-3/R2.5_battery-1,103.13807531380755,90.52295
Batch-3/R2.5_battery-1,101.98744769874477,89.98466
Batch-3/R2.5_battery-1,101.77824267782427,90.25169
Batch-3/R2.5_battery-1,102.40585774058577,91.27662
Batch-3/R2.5_battery-1,103.50418410041841,82.58742
Batch-3/R2.5_battery-1,103.08577405857741,90.51224
Batch-3/R2.5_battery-1,101.93514644351464,89.63941
Batch-3/R2.5_battery-1,101.72594142259415,90.310165
Batch-3/R2.5_battery-1,102.35355648535564,91.28123
Batch-3/R2.5_battery-1,103.4518828451883,82.68959
Batch-3/R2.5_battery-1,102.98117154811717,90.51224
Batch-3/R2.5_battery-1,101.8305439330544,89.43493
Batch-3/R2.5_battery-1,101.6213389121339,90.03897
Batch-3/R2.5_battery-1,102.2489539748954,91.37355
Batch-3/R2.5_battery-1,103.34728033472804,82.68959
Batch-3/R2.5_battery-1,102.82426778242677,90.51224
Batch-3/R2.5_battery-1,101.6213389121339,89.40035
Batch-3/R2.5_battery-1,101.4121338912134,88.78164
Batch-3/R2.5_battery-1,102.0397489539749,90.95489
Batch-3/R2.5_battery-1,103.19037656903767,82.81863
Batch-3/R2.5_battery-1,102.61506276150627,90.59669
Batch-3/R2.5_battery-1,101.46443514644352,89.36981
Batch-3/R2.5_battery-1,101.30753138075315,88.71652
Batch-3/R2.5_battery-1,101.93514644351464,90.51412
Batch-3/R2.5_battery-1,103.08577405857741,83.536125
Batch-3/R2.5_battery-1,102.45815899581592,90.649345
Batch-3/R2.5_battery-1,101.30753138075315,89.44078
Batch-3/R2.5_battery-1,101.09832635983264,88.12904
Batch-3/R2.5_battery-1,101.77824267782427,90.36566
Batch-3/R2.5_battery-1,102.98117154811717,83.49593
Batch-3/R2.5_battery-1,102.2489539748954,90.72427
Batch-3/R2.5_battery-1,101.04602510460252,89.44078
Batch-3/R2.5_battery-1,100.88912133891215,88.67824
Batch-3/R2.5_battery-1,101.6213389121339,90.371155
Batch-3/R2.5_battery-1,102.82426778242677,83.5849
Batch-3/R2.5_battery-1,102.0397489539749,89.648445
Batch-3/R2.5_battery-1,100.836820083682,89.44078
Batch-3/R2.5_battery-1,100.67991631799164,88.67824
Batch-3/R2.5_battery-1,101.35983263598327,90.031136
Batch-3/R2.5_battery-1,102.61506276150627,83.55884
Batch-3/R2.5_battery-1,101.72594142259415,89.40481
Batch-3/R2.5_battery-1,100.52301255230125,89.39408
Batch-3/R2.5_battery-1,100.36610878661088,88.67824
Batch-3/R2.5_battery-1,101.09832635983264,90.220116
Batch-3/R2.5_battery-1,102.40585774058577,83.55884
Batch-3/R2.5_battery-1,101.46443514644352,89.4412
Batch-3/R2.5_battery-1,100.2092050209205,89.39408
Batch-3/R2.5_battery-1,100.10460251046025,88.56785
Batch-3/R2.5_battery-1,100.88912133891215,89.78439
Batch-3/R2.5_battery-1,102.19665271966527,81.76406
Batch-3/R2.5_battery-1,101.09832635983264,89.47526
Batch-3/R2.5_battery-1,99.89539748953975,89.39408
Batch-3/R2.5_battery-1,99.84309623430963,88.56785
Batch-3/R2.5_battery-1,100.62761506276149,89.77815
Batch-3/R2.5_battery-1,101.98744769874477,81.63909
Batch-3/R2.5_battery-1,100.836820083682,89.4412
Batch-3/R2.5_battery-1,99.63389121338912,89.39408
Batch-3/R2.5_battery-1,99.63389121338912,88.56785
Batch-3/R2.5_battery-1,100.47071129707115,89.67436
Batch-3/R2.5_battery-1,101.8305439330544,81.69329
Batch-3/R2.5_battery-1,100.67991631799164,89.4412
Batch-3/R2.5_battery-1,99.47698744769873,89.39408
Batch-3/R2.5_battery-1,99.47698744769873,88.56785
Batch-3/R2.5_battery-1,100.31380753138075,89.30943
Batch-3/R2.5_battery-1,101.72594142259415,81.705666
Batch-3/R2.5_battery-1,100.52301255230125,89.4412
Batch-3/R2.5_battery-1,99.26778242677824,89.39408
Batch-3/R2.5_battery-1,99.26778242677824,88.56785
Batch-3/R2.5_battery-1,100.15690376569037,89.30943
Batch-3/R2.5_battery-1,101.56903765690377,81.705666
Batch-3/R2.5_battery-1,100.31380753138075,89.39302
Batch-3/R2.5_battery-1,99.11087866108788,89.39408
Batch-3/R2.5_battery-1,99.11087866108788,88.56446
Batch-3/R2.5_battery-1,100.0,89.306046
Batch-3/R2.5_battery-1,101.4121338912134,81.6898
Batch-3/R2.5_battery-1,100.2092050209205,89.120735
Batch-3/R2.5_battery-1,98.9539748953975,89.39069
Batch-3/R2.5_battery-1,99.00627615062761,88.56446
Batch-3/R2.5_battery-1,99.84309623430963,89.319855
Batch-3/R2.5_battery-1,101.25523012552303,81.6898
Batch-3/R2.5_battery-1,100.05230125523012,89.38963
Batch-3/R2.5_battery-1,98.79707112970712,89.39069
Batch-3/R2.5_battery-1,98.84937238493724,88.56446
Batch-3/R2.5_battery-1,99.68619246861925,89.31649
Batch-3/R2.5_battery-1,101.09832635983264,81.6898
Batch-3/R2.5_battery-1,99.89539748953975,89.4586
Batch-3/R2.5_battery-1,98.69246861924687,89.39069
Batch-3/R2.5_battery-1,98.74476987447699,88.56446
Batch-3/R2.5_battery-1,99.581589958159,89.319855
Batch-3/R2.5_battery-1,101.04602510460252,81.701164
Batch-3/R2.5_battery-1,99.89539748953975,89.38963
Batch-3/R2.5_battery-1,98.58786610878661,89.39069
Batch-3/R2.5_battery-1,98.64016736401673,88.56446
Batch-3/R2.5_battery-1,99.47698744769873,89.31649
Batch-3/R2.5_battery-1,100.88912133891215,81.701164
Batch-3/R2.5_battery-1,99.581589958159,89.4586
Batch-3/R2.5_battery-1,98.32635983263597,89.39069
Batch-3/R2.5_battery-1,98.53556485355648,88.56446
Batch-3/R2.5_battery-1,99.42468619246863,89.31649
Batch-3/R2.5_battery-1,100.7845188284519,81.69321
Batch-3/R2.5_battery-1,99.52928870292888,89.38963
Batch-3/R2.5_battery-1,98.43096234309623,89.39069
Batch-3/R2.5_battery-1,98.43096234309623,88.480064
Batch-3/R2.5_battery-1,99.21548117154812,89.27076
Batch-3/R2.5_battery-1,100.62761506276149,81.76674
Batch-3/R2.5_battery-1,99.26778242677824,89.4586
Batch-3/R2.5_battery-1,98.06485355648536,89.39069
Batch-3/R2.5_battery-1,98.11715481171548,88.48873
Batch-3/R2.5_battery-1,98.9539748953975,89.283424
Batch-3/R2.5_battery-1,100.36610878661088,81.70708
Batch-3/R2.5_battery-1,99.05857740585773,89.4586
Batch-3/R2.5_battery-1,98.11715481171548,89.39069
Batch-3/R2.5_battery-1,98.16945606694561,88.48873
Batch-3/R2.5_battery-1,98.9539748953975,89.283424
Batch-3/R2.5_battery-1,100.36610878661088,81.69321
Batch-3/R2.5_battery-1,99.11087866108788,89.45857
Batch-3/R2.5_battery-1,98.06485355648536,89.39065
Batch-3/R2.5_battery-1,98.06485355648536,88.4887
Batch-3/R2.5_battery-1,98.79707112970712,89.25262
Batch-3/R2.5_battery-1,100.2092050209205,81.689384
Batch-3/R2.5_battery-1,98.84937238493724,89.45857
Batch-3/R2.5_battery-1,97.64644351464436,89.39065
Batch-3/R2.5_battery-1,97.64644351464436,88.4887
Batch-3/R2.5_battery-1,98.53556485355648,89.2851
Batch-3/R2.5_battery-1,100.0,81.712524
Batch-3/R2.5_battery-1,98.90167364016736,89.45857
Batch-3/R2.5_battery-1,97.7510460251046,89.39065
Batch-3/R2.5_battery-1,97.7510460251046,88.4887
Batch-3/R2.5_battery-1,98.58786610878661,89.2851
Batch-3/R2.5_battery-1,100.0,81.67934
Batch-3/R2.5_battery-1,98.74476987447699,89.45734
Batch-3/R2.5_battery-1,97.59414225941424,89.38943
Batch-3/R2.5_battery-1,97.64644351464436,88.487465
Batch-3/R2.5_battery-1,98.48326359832636,89.28387
Batch-3/R2.5_battery-1,99.84309623430963,81.66839
Batch-3/R2.5_battery-1,98.64016736401673,89.45734
Batch-3/R2.5_battery-1,97.48953974895397,89.383
Batch-3/R2.5_battery-1,97.5418410041841,88.48104
Batch-3/R2.5_battery-1,98.37866108786612,89.27744
Batch-3/R2.5_battery-1,99.7907949790795,81.68087
Batch-3/R2.5_battery-1,98.64016736401673,89.253845
Batch-3/R2.5_battery-1,97.43723849372385,89.185936
Batch-3/R2.5_battery-1,97.43723849372385,88.28397
Batch-3/R2.5_battery-1,98.22175732217573,89.080376
Batch-3/R2.5_battery-1,99.581589958159,81.66307
Batch-3/R2.5_battery-1,98.43096234309623,89.253845
Batch-3/R2.5_battery-1,97.28033472803348,89.185936
Batch-3/R2.5_battery-1,97.28033472803348,88.28397
Batch-3/R2.5_battery-1,98.06485355648536,89.080376
Batch-3/R2.5_battery-1,99.47698744769873,81.67103
Batch-3/R2.5_battery-1,98.32635983263597,89.253845
Batch-3/R2.5_battery-1,97.17573221757323,89.185936
Batch-3/R2.5_battery-1,97.12343096234311,88.28397
Batch-3/R2.5_battery-1,97.9602510460251,89.080376
Batch-3/R2.5_battery-1,99.32008368200837,81.72123
Batch-3/R2.5_battery-1,98.16945606694561,89.253845
Batch-3/R2.5_battery-1,97.07112970711297,89.185936
Batch-3/R2.5_battery-1,97.07112970711297,88.28397
Batch-3/R2.5_battery-1,97.85564853556485,89.080376
Batch-3/R2.5_battery-1,99.21548117154812,81.65104
Batch-3/R2.5_battery-1,98.11715481171548,89.253845
Batch-3/R2.5_battery-1,96.96652719665273,89.185936
Batch-3/R2.5_battery-1,96.9142259414226,88.28397
Batch-3/R2.5_battery-1,97.6987447698745,89.14686
Batch-3/R2.5_battery-1,99.05857740585773,81.64234
Batch-3/R2.5_battery-1,98.01255230125524,89.253845
Batch-3/R2.5_battery-1,96.86192468619248,89.197105
Batch-3/R2.5_battery-1,96.86192468619248,88.28397
Batch-3/R2.5_battery-1,97.6987447698745,89.51179
Batch-3/R2.5_battery-1,98.9539748953975,81.63916
Batch-3/R2.5_battery-1,98.01255230125524,89.253845
Batch-3/R2.5_battery-1,96.9142259414226,89.185936
Batch-3/R2.5_battery-1,96.80962343096235,88.28397
Batch-3/R2.5_battery-1,97.48953974895397,89.192154
Batch-3/R2.5_battery-1,98.79707112970712,81.596085
Batch-3/R2.5_battery-1,97.90794979079499,89.253845
Batch-3/R2.5_battery-1,96.75732217573223,89.177635
Batch-3/R2.5_battery-1,96.65271966527197,88.27569
Batch-3/R2.5_battery-1,97.3326359832636,89.54878
Batch-3/R2.5_battery-1,98.64016736401673,81.57984
Batch-3/R2.5_battery-1,97.80334728033473,89.24556
Batch-3/R2.5_battery-1,96.7050209205021,89.188805
Batch-3/R2.5_battery-1,96.54811715481172,88.27569
Batch-3/R2.5_battery-1,97.22803347280336,89.515564
Batch-3/R2.5_battery-1,98.43096234309623,81.55597
Batch-3/R2.5_battery-1,97.6987447698745,89.212326
Batch-3/R2.5_battery-1,96.54811715481172,89.14442
Batch-3/R2.5_battery-1,96.39121338912135,88.242455
Batch-3/R2.5_battery-1,97.01882845188284,89.476105
Batch-3/R2.5_battery-1,98.22175732217573,81.54801
Batch-3/R2.5_battery-1,97.5418410041841,89.212326
Batch-3/R2.5_battery-1,96.44351464435147,89.14442
Batch-3/R2.5_battery-1,96.39121338912135,88.242455
Batch-3/R2.5_battery-1,97.01882845188284,89.38922
Batch-3/R2.5_battery-1,98.16945606694561,81.62168
Batch-3/R2.5_battery-1,97.59414225941424,89.10254
Batch-3/R2.5_battery-1,96.44351464435147,89.0458
Batch-3/R2.5_battery-1,96.18200836820084,88.1278
Batch-3/R2.5_battery-1,96.75732217573223,89.398926
Batch-3/R2.5_battery-1,97.90794979079499,81.62168
Batch-3/R2.5_battery-1,97.38493723849373,89.09767
Batch-3/R2.5_battery-1,96.23430962343097,89.04092
Batch-3/R2.5_battery-1,95.97280334728033,88.1278
Batch-3/R2.5_battery-1,96.54811715481172,89.40832
Batch-3/R2.5_battery-1,97.64644351464436,81.60275
Batch-3/R2.5_battery-1,97.28033472803348,89.09767
Batch-3/R2.5_battery-1,96.23430962343097,89.04092
Batch-3/R2.5_battery-1,95.92050209205021,87.636
Batch-3/R2.5_battery-1,96.44351464435147,89.421394
Batch-3/R2.5_battery-1,97.5418410041841,81.6104
Batch-3/R2.5_battery-1,97.22803347280336,89.09767
Batch-3/R2.5_battery-1,96.02510460251047,88.806496
Batch-3/R2.5_battery-1,95.60669456066945,88.1278
Batch-3/R2.5_battery-1,96.12970711297072,89.775185
Batch-3/R2.5_battery-1,97.17573221757323,81.24632
Batch-3/R2.5_battery-1,96.86192468619248,89.09567
Batch-3/R2.5_battery-1,95.65899581589959,89.03893
Batch-3/R2.5_battery-1,95.2928870292887,88.1258
Batch-3/R2.5_battery-1,95.81589958158997,89.79521
Batch-3/R2.5_battery-1,96.9142259414226,81.233444
Batch-3/R2.5_battery-1,96.7050209205021,89.09012
Batch-3/R2.5_battery-1,95.55439330543933,89.03338
Batch-3/R2.5_battery-1,95.08368200836821,88.12025
Batch-3/R2.5_battery-1,95.55439330543933,89.73604
Batch-3/R2.5_battery-1,96.60041841004184,81.21928
Batch-3/R2.5_battery-1,96.39121338912135,89.08316
Batch-3/R2.5_battery-1,95.18828451882845,89.02642
Batch-3/R2.5_battery-1,94.71757322175732,88.11329
Batch-3/R2.5_battery-1,95.18828451882845,89.73201
Batch-3/R2.5_battery-1,96.23430962343097,81.21928
Batch-3/R2.5_battery-1,96.02510460251047,89.08316
Batch-3/R2.5_battery-1,94.82217573221757,89.02642
Batch-3/R2.5_battery-1,94.40376569037657,88.11329
Batch-3/R2.5_battery-1,94.92677824267783,89.62094
Batch-3/R2.5_battery-1,95.97280334728033,81.21928
Batch-3/R2.5_battery-1,95.92050209205021,89.08316
Batch-3/R2.5_battery-1,94.6652719665272,89.02642
Batch-3/R2.5_battery-1,94.14225941422595,88.11329
Batch-3/R2.5_battery-1,94.56066945606695,89.614746
Batch-3/R2.5_battery-1,95.55439330543933,81.18351
Batch-3/R2.5_battery-1,95.50209205020921,89.08316
Batch-3/R2.5_battery-1,94.29916317991632,88.99761
Batch-3/R2.5_battery-1,93.72384937238493,88.10366
Batch-3/R2.5_battery-1,94.14225941422595,89.47809
Batch-3/R2.5_battery-1,95.18828451882845,81.13613
Batch-3/R2.5_battery-1,95.13598326359832,89.05437
Batch-3/R2.5_battery-1,94.0376569037657,88.99761
Batch-3/R2.5_battery-1,93.4623430962343,88.084496
Batch-3/R2.5_battery-1,93.8807531380753,89.46075
Batch-3/R2.5_battery-1,94.87447698744771,81.11565
Batch-3/R2.5_battery-1,94.92677824267783,89.05351
Batch-3/R2.5_battery-1,93.72384937238493,88.99761
Batch-3/R2.5_battery-1,93.0439330543933,88.10366
Batch-3/R2.5_battery-1,93.4623430962343,89.34471
Batch-3/R2.5_battery-1,94.4560669456067,81.10149
Batch-3/R2.5_battery-1,94.50836820083683,89.05351
Batch-3/R2.5_battery-1,93.2531380753138,88.99761
Batch-3/R2.5_battery-1,92.6255230125523,88.39366
Batch-3/R2.5_battery-1,93.0439330543933,89.2909
Batch-3/R2.5_battery-1,94.0376569037657,79.57744
Batch-3/R2.5_battery-1,94.29916317991632,89.05351
Batch-3/R2.5_battery-1,93.09623430962344,88.99761
Batch-3/R2.5_battery-1,92.36401673640168,88.39366
Batch-3/R2.5_battery-1,92.7824267782427,89.27146
Batch-3/R2.5_battery-1,93.72384937238493,79.57744
Batch-3/R2.5_battery-1,93.8807531380753,89.05152
Batch-3/R2.5_battery-1,92.67782426778243,88.99562
Batch-3/R2.5_battery-1,91.89330543933055,88.39366
Batch-3/R2.5_battery-1,92.31171548117155,90.05794
Batch-3/R2.5_battery-1,93.2531380753138,79.532104
Batch-3/R2.5_battery-1,93.41004184100419,89.05152
Batch-3/R2.5_battery-1,92.2071129707113,88.999916
Batch-3/R2.5_battery-1,91.42259414225941,88.38965
Batch-3/R2.5_battery-1,91.94560669456068,90.62362
Batch-3/R2.5_battery-1,92.93933054393305,79.52667
Batch-3/R2.5_battery-1,93.2008368200837,89.03538
Batch-3/R2.5_battery-1,91.99790794979079,88.98377
Batch-3/R2.5_battery-1,91.16108786610879,88.38069
Batch-3/R2.5_battery-1,91.52719665271967,90.11943
Batch-3/R2.5_battery-1,92.46861924686193,79.46765
Batch-3/R2.5_battery-1,92.67782426778243,89.01916
Batch-3/R2.5_battery-1,91.57949790794979,88.96755
Batch-3/R2.5_battery-1,90.69037656903765,88.36447
Batch-3/R2.5_battery-1,91.10878661087867,89.883766
Batch-3/R2.5_battery-1,92.05020920502093,79.46388
Batch-3/R2.5_battery-1,92.25941422594143,88.95017
Batch-3/R2.5_battery-1,91.21338912133892,88.95666
Batch-3/R2.5_battery-1,90.32426778242679,89.32587
Batch-3/R2.5_battery-1,90.74267782426779,90.03547
Batch-3/R2.5_battery-1,91.68410041841004,79.38305
Batch-3/R2.5_battery-1,91.99790794979079,88.982185
Batch-3/R2.5_battery-1,90.9518828451883,88.93058
Batch-3/R2.5_battery-1,89.95815899581591,89.29979
Batch-3/R2.5_battery-1,90.32426778242679,89.04367
Batch-3/R2.5_battery-1,91.21338912133892,79.36967
Batch-3/R2.5_battery-1,91.52719665271967,88.913216
Batch-3/R2.5_battery-1,90.5334728033473,88.93058
Batch-3/R2.5_battery-1,89.5397489539749,89.2986
Batch-3/R2.5_battery-1,89.90585774058579,89.20666
Batch-3/R2.5_battery-1,90.7949790794979,78.8782
Batch-3/R2.5_battery-1,91.10878661087867,88.91201
Batch-3/R2.5_battery-1,90.11506276150628,88.92884
Batch-3/R2.5_battery-1,89.17364016736403,89.3406
Batch-3/R2.5_battery-1,89.59205020920503,89.70721
Batch-3/R2.5_battery-1,90.48117154811716,78.88387
Batch-3/R2.5_battery-1,90.84728033472804,88.91146
Batch-3/R2.5_battery-1,89.69665271966528,88.92884
Batch-3/R2.5_battery-1,88.80753138075313,89.3406
Batch-3/R2.5_battery-1,89.1213389121339,90.00114
Batch-3/R2.5_battery-1,90.01046025104603,78.88387
Batch-3/R2.5_battery-1,90.32426778242679,88.980446
Batch-3/R2.5_battery-1,89.17364016736403,88.92884
Batch-3/R2.5_battery-1,88.28451882845188,89.42061
Batch-3/R2.5_battery-1,88.65062761506277,89.79601
Batch-3/R2.5_battery-1,89.5397489539749,78.840836
Batch-3/R2.5_battery-1,89.90585774058579,88.980446
Batch-3/R2.5_battery-1,88.70292887029288,88.92884
Batch-3/R2.5_battery-1,88.02301255230127,89.386566
Batch-3/R2.5_battery-1,88.28451882845188,89.97404
Batch-3/R2.5_battery-1,89.1213389121339,78.850174
Batch-3/R2.5_battery-1,89.59205020920503,88.96122
Batch-3/R2.5_battery-1,88.33682008368201,88.878365
Batch-3/R2.5_battery-1,87.60460251046027,89.43631
Batch-3/R2.5_battery-1,87.86610878661088,89.619804
Batch-3/R2.5_battery-1,88.65062761506277,78.831055
Batch-3/R2.5_battery-1,89.1213389121339,88.96122
Batch-3/R2.5_battery-1,88.02301255230127,88.878365
Batch-3/R2.5_battery-1,87.13389121338912,89.43631
Batch-3/R2.5_battery-1,87.34309623430963,89.49662
Batch-3/R2.5_battery-1,88.23221757322176,78.677505
Batch-3/R2.5_battery-1,88.70292887029288,88.96122
Batch-3/R2.5_battery-1,87.65690376569037,88.878365
Batch-3/R2.5_battery-1,86.71548117154812,89.40047
Batch-3/R2.5_battery-1,86.97698744769875,89.010284
Batch-3/R2.5_battery-1,87.76150627615063,80.10496
Batch-3/R2.5_battery-1,88.28451882845188,88.95553
Batch-3/R2.5_battery-1,87.18619246861925,88.87035
Batch-3/R2.5_battery-1,86.19246861924687,89.46144
Batch-3/R2.5_battery-1,86.50627615062761,89.431274
Batch-3/R2.5_battery-1,87.2907949790795,78.660515
Batch-3/R2.5_battery-1,87.76150627615063,88.95553
Batch-3/R2.5_battery-1,86.50627615062761,88.84498
Batch-3/R2.5_battery-1,85.77405857740585,89.48146
Batch-3/R2.5_battery-1,85.98326359832636,89.413635
Batch-3/R2.5_battery-1,86.76778242677825,78.660515
Batch-3/R2.5_battery-1,87.39539748953975,88.95553
Batch-3/R2.5_battery-1,86.14016736401673,88.879036
Batch-3/R2.5_battery-1,85.30334728033473,89.44703
Batch-3/R2.5_battery-1,85.6171548117155,89.43123
Batch-3/R2.5_battery-1,86.34937238493724,78.65916
Batch-3/R2.5_battery-1,86.87238493723851,88.95553
Batch-3/R2.5_battery-1,85.56485355648536,88.84498
Batch-3/R2.5_battery-1,84.8326359832636,89.44703
Batch-3/R2.5_battery-1,85.09414225941423,89.70998
Batch-3/R2.5_battery-1,85.82635983263599,78.655495
Batch-3/R2.5_battery-1,86.34937238493724,88.95553
Batch-3/R2.5_battery-1,85.09414225941423,88.606316
Batch-3/R2.5_battery-1,84.4142259414226,89.44703
Batch-3/R2.5_battery-1,84.62343096234311,90.395935
Batch-3/R2.5_battery-1,85.35564853556485,78.655495
Batch-3/R2.5_battery-1,85.93096234309624,88.94544
Batch-3/R2.5_battery-1,84.51882845188285,88.254364
Batch-3/R2.5_battery-1,83.89121338912135,89.1498
Batch-3/R2.5_battery-1,84.15271966527197,90.52307
Batch-3/R2.5_battery-1,84.78033472803348,78.628914
Batch-3/R2.5_battery-1,85.40794979079497,88.928276
Batch-3/R2.5_battery-1,84.04811715481172,88.32335
Batch-3/R2.5_battery-1,83.42050209205021,89.1498
Batch-3/R2.5_battery-1,83.6297071129707,90.54341
Batch-3/R2.5_battery-1,84.25732217573221,78.568596
Batch-3/R2.5_battery-1,84.93723849372385,88.9072
Batch-3/R2.5_battery-1,83.6297071129707,88.24916
Batch-3/R2.5_battery-1,83.00209205020921,89.139534
Batch-3/R2.5_battery-1,83.2112970711297,90.38135
Batch-3/R2.5_battery-1,83.7866108786611,78.568596
Batch-3/R2.5_battery-1,84.57112970711297,88.912285
Batch-3/R2.5_battery-1,83.2112970711297,88.318146
Batch-3/R2.5_battery-1,82.47907949790795,88.83583
Batch-3/R2.5_battery-1,82.68828451882845,90.42125
Batch-3/R2.5_battery-1,83.2112970711297,78.568596
Batch-3/R2.5_battery-1,84.10041841004184,88.912285
Batch-3/R2.5_battery-1,82.68828451882845,88.318146
Batch-3/R2.5_battery-1,82.00836820083683,88.81511
Batch-3/R2.5_battery-1,82.1652719665272,90.006226
Batch-3/R2.5_battery-1,82.68828451882845,78.48406
Batch-3/R2.5_battery-1,83.6297071129707,88.912285
Batch-3/R2.5_battery-2,104.02719665271967,99.8738
Batch-3/R2.5_battery-2,100.0,100.15611
Batch-3/R2.5_battery-2,97.90794979079499,100.16443
Batch-3/R2.5_battery-2,97.17573221757323,98.402176
Batch-3/R2.5_battery-2,98.32635983263597,98.77394
Batch-3/R2.5_battery-2,101.56903765690377,84.73603
Batch-3/R2.5_battery-2,101.72594142259415,97.618
Batch-3/R2.5_battery-2,99.581589958159,98.05773
Batch-3/R2.5_battery-2,98.69246861924687,97.819756
Batch-3/R2.5_battery-2,99.52928870292888,98.23074
Batch-3/R2.5_battery-2,102.30125523012552,83.77169
Batch-3/R2.5_battery-2,102.71966527196652,97.405914
Batch-3/R2.5_battery-2,100.7845188284519,97.39423
Batch-3/R2.5_battery-2,99.84309623430963,97.43338
Batch-3/R2.5_battery-2,100.5753138075314,98.160645
Batch-3/R2.5_battery-2,103.29497907949792,83.48535
Batch-3/R2.5_battery-2,103.55648535564855,97.08445
Batch-3/R2.5_battery-2,101.6213389121339,97.44243
Batch-3/R2.5_battery-2,100.73221757322175,97.11648
Batch-3/R2.5_battery-2,101.46443514644352,98.07197
Batch-3/R2.5_battery-2,103.92259414225941,83.43299
Batch-3/R2.5_battery-2,104.18410041841004,97.0055
Batch-3/R2.5_battery-2,102.35355648535564,97.32993
Batch-3/R2.5_battery-2,101.46443514644352,97.10224
Batch-3/R2.5_battery-2,102.14435146443515,97.879265
Batch-3/R2.5_battery-2,104.4456066945607,83.47599
Batch-3/R2.5_battery-2,104.55020920502093,96.88923
Batch-3/R2.5_battery-2,102.71966527196652,97.14069
Batch-3/R2.5_battery-2,101.93514644351464,96.75223
Batch-3/R2.5_battery-2,102.61506276150627,97.86356
Batch-3/R2.5_battery-2,104.7071129707113,83.39144
Batch-3/R2.5_battery-2,104.75941422594144,96.88923
Batch-3/R2.5_battery-2,103.0334728033473,96.89395
Batch-3/R2.5_battery-2,102.2489539748954,96.440216
Batch-3/R2.5_battery-2,102.98117154811717,97.51569
Batch-3/R2.5_battery-2,104.86401673640167,83.35893
Batch-3/R2.5_battery-2,104.86401673640167,96.25331
Batch-3/R2.5_battery-2,103.24267782426779,96.26783
Batch-3/R2.5_battery-2,102.51046025104603,96.03086
Batch-3/R2.5_battery-2,103.24267782426779,97.01346
Batch-3/R2.5_battery-2,105.02092050209207,83.249954
Batch-3/R2.5_battery-2,104.96861924686193,96.18766
Batch-3/R2.5_battery-2,103.34728033472804,95.69285
Batch-3/R2.5_battery-2,102.66736401673641,95.19363
Batch-3/R2.5_battery-2,103.34728033472804,96.29922
Batch-3/R2.5_battery-2,105.02092050209207,83.033806
Batch-3/R2.5_battery-2,104.91631799163179,95.65818
Batch-3/R2.5_battery-2,103.29497907949792,95.73159
Batch-3/R2.5_battery-2,102.71966527196652,95.248116
Batch-3/R2.5_battery-2,103.39958158995816,96.31859
Batch-3/R2.5_battery-2,105.02092050209207,82.93205
Batch-3/R2.5_battery-2,105.12552301255229,94.99956
Batch-3/R2.5_battery-2,103.4518828451883,94.98296
Batch-3/R2.5_battery-2,102.77196652719667,94.62502
Batch-3/R2.5_battery-2,103.4518828451883,95.76814
Batch-3/R2.5_battery-2,105.02092050209207,82.92723
Batch-3/R2.5_battery-2,104.86401673640167,94.469635
Batch-3/R2.5_battery-2,103.34728033472804,94.59504
Batch-3/R2.5_battery-2,102.77196652719667,93.07934
Batch-3/R2.5_battery-2,103.4518828451883,94.190895
Batch-3/R2.5_battery-2,104.96861924686193,82.941864
Batch-3/R2.5_battery-2,104.91631799163179,93.07222
Batch-3/R2.5_battery-2,103.39958158995816,93.197624
Batch-3/R2.5_battery-2,102.92887029288704,92.600945
Batch-3/R2.5_battery-2,103.50418410041841,93.47159
Batch-3/R2.5_battery-2,104.91631799163179,82.94585
Batch-3/R2.5_battery-2,104.86401673640167,92.78514
Batch-3/R2.5_battery-2,103.34728033472804,92.83788
Batch-3/R2.5_battery-2,102.82426778242677,92.262215
Batch-3/R2.5_battery-2,103.50418410041841,93.402435
Batch-3/R2.5_battery-2,104.86401673640167,82.92169
Batch-3/R2.5_battery-2,104.7071129707113,92.477234
Batch-3/R2.5_battery-2,103.24267782426779,92.72338
Batch-3/R2.5_battery-2,102.71966527196652,92.159904
Batch-3/R2.5_battery-2,103.4518828451883,93.21707
Batch-3/R2.5_battery-2,104.91631799163179,82.92169
Batch-3/R2.5_battery-2,104.81171548117156,92.48547
Batch-3/R2.5_battery-2,103.4518828451883,92.6993
Batch-3/R2.5_battery-2,102.98117154811717,92.07772
Batch-3/R2.5_battery-2,103.55648535564855,93.19617
Batch-3/R2.5_battery-2,104.86401673640167,82.903076
Batch-3/R2.5_battery-2,104.7071129707113,92.48547
Batch-3/R2.5_battery-2,103.34728033472804,92.6993
Batch-3/R2.5_battery-2,102.82426778242677,91.97088
Batch-3/R2.5_battery-2,103.4518828451883,93.23218
Batch-3/R2.5_battery-2,104.75941422594144,82.91771
Batch-3/R2.5_battery-2,104.55020920502093,92.477234
Batch-3/R2.5_battery-2,103.24267782426779,92.738045
Batch-3/R2.5_battery-2,102.82426778242677,92.10618
Batch-3/R2.5_battery-2,103.55648535564855,93.20854
Batch-3/R2.5_battery-2,104.86401673640167,82.90884
Batch-3/R2.5_battery-2,104.65481171548117,92.523575
Batch-3/R2.5_battery-2,103.29497907949792,92.58701
Batch-3/R2.5_battery-2,102.77196652719667,91.99389
Batch-3/R2.5_battery-2,103.34728033472804,93.16242
Batch-3/R2.5_battery-2,104.60251046025104,82.936325
Batch-3/R2.5_battery-2,104.34100418410044,91.87918
Batch-3/R2.5_battery-2,103.0334728033473,92.12533
Batch-3/R2.5_battery-2,102.61506276150627,90.86242
Batch-3/R2.5_battery-2,103.29497907949792,91.96181
Batch-3/R2.5_battery-2,104.49790794979079,82.94861
Batch-3/R2.5_battery-2,104.2887029288703,90.6
Batch-3/R2.5_battery-2,102.92887029288704,90.67489
Batch-3/R2.5_battery-2,102.61506276150627,90.02926
Batch-3/R2.5_battery-2,103.29497907949792,91.34817
Batch-3/R2.5_battery-2,104.49790794979079,82.889275
Batch-3/R2.5_battery-2,104.18410041841004,90.56755
Batch-3/R2.5_battery-2,102.98117154811717,90.70019
Batch-3/R2.5_battery-2,102.51046025104603,90.02926
Batch-3/R2.5_battery-2,103.19037656903767,91.35192
Batch-3/R2.5_battery-2,104.34100418410044,82.88101
Batch-3/R2.5_battery-2,103.97489539748955,90.60096
Batch-3/R2.5_battery-2,102.66736401673641,89.475494
Batch-3/R2.5_battery-2,102.35355648535564,89.56251
Batch-3/R2.5_battery-2,103.19037656903767,91.42835
Batch-3/R2.5_battery-2,104.39330543933055,82.8001
Batch-3/R2.5_battery-2,104.07949790794979,90.49193
Batch-3/R2.5_battery-2,102.87656903765692,90.73863
Batch-3/R2.5_battery-2,102.51046025104603,89.8529
Batch-3/R2.5_battery-2,103.19037656903767,91.341965
Batch-3/R2.5_battery-2,104.2887029288703,82.77175
Batch-3/R2.5_battery-2,103.97489539748955,90.59102
Batch-3/R2.5_battery-2,102.82426778242677,90.82698
Batch-3/R2.5_battery-2,102.40585774058577,90.04192
Batch-3/R2.5_battery-2,103.0334728033473,91.2848
Batch-3/R2.5_battery-2,104.18410041841004,82.76349
Batch-3/R2.5_battery-2,103.8702928870293,90.60096
Batch-3/R2.5_battery-2,102.71966527196652,90.610085
Batch-3/R2.5_battery-2,102.45815899581592,90.177025
Batch-3/R2.5_battery-2,103.08577405857741,91.21731
Batch-3/R2.5_battery-2,104.18410041841004,82.72233
Batch-3/R2.5_battery-2,103.97489539748955,90.56755
Batch-3/R2.5_battery-2,102.82426778242677,90.7203
Batch-3/R2.5_battery-2,102.45815899581592,90.03707
Batch-3/R2.5_battery-2,103.0334728033473,91.17356
Batch-3/R2.5_battery-2,104.13179916317992,82.72233
Batch-3/R2.5_battery-2,103.8702928870293,90.49193
Batch-3/R2.5_battery-2,102.71966527196652,90.705635
Batch-3/R2.5_battery-2,102.35355648535564,90.174706
Batch-3/R2.5_battery-2,102.92887029288704,91.1722
Batch-3/R2.5_battery-2,104.02719665271967,82.59215
Batch-3/R2.5_battery-2,103.81799163179917,90.59102
Batch-3/R2.5_battery-2,102.66736401673641,90.7203
Batch-3/R2.5_battery-2,102.35355648535564,90.1701
Batch-3/R2.5_battery-2,102.98117154811717,91.151924
Batch-3/R2.5_battery-2,104.02719665271967,81.08026
Batch-3/R2.5_battery-2,103.81799163179917,90.51657
Batch-3/R2.5_battery-2,102.66736401673641,90.69708
Batch-3/R2.5_battery-2,102.30125523012552,90.00925
Batch-3/R2.5_battery-2,102.87656903765692,91.1726
Batch-3/R2.5_battery-2,103.92259414225941,82.56495
Batch-3/R2.5_battery-2,103.60878661087867,90.46613
Batch-3/R2.5_battery-2,102.45815899581592,90.803764
Batch-3/R2.5_battery-2,102.14435146443515,90.19023
Batch-3/R2.5_battery-2,102.77196652719667,91.35869
Batch-3/R2.5_battery-2,103.92259414225941,82.56201
Batch-3/R2.5_battery-2,103.66108786610879,90.40948
Batch-3/R2.5_battery-2,102.66736401673641,90.69142
Batch-3/R2.5_battery-2,102.2489539748954,89.9973
Batch-3/R2.5_battery-2,102.82426778242677,91.16693
Batch-3/R2.5_battery-2,103.8702928870293,80.962
Batch-3/R2.5_battery-2,103.60878661087867,90.40948
Batch-3/R2.5_battery-2,102.45815899581592,90.69142
Batch-3/R2.5_battery-2,102.14435146443515,90.008194
Batch-3/R2.5_battery-2,102.71966527196652,91.126785
Batch-3/R2.5_battery-2,103.76569037656904,81.05411
Batch-3/R2.5_battery-2,103.39958158995816,90.483925
Batch-3/R2.5_battery-2,102.40585774058577,90.668945
Batch-3/R2.5_battery-2,102.14435146443515,89.99411
Batch-3/R2.5_battery-2,102.87656903765692,90.86026
Batch-3/R2.5_battery-2,103.92259414225941,80.94957
Batch-3/R2.5_battery-2,103.71338912133892,90.46613
Batch-3/R2.5_battery-2,102.66736401673641,90.46959
Batch-3/R2.5_battery-2,102.2489539748954,90.03221
Batch-3/R2.5_battery-2,102.82426778242677,91.135414
Batch-3/R2.5_battery-2,103.76569037656904,80.947075
Batch-3/R2.5_battery-2,103.55648535564855,90.41772
Batch-3/R2.5_battery-2,102.51046025104603,90.50363
Batch-3/R2.5_battery-2,102.14435146443515,90.0049
Batch-3/R2.5_battery-2,102.66736401673641,91.09237
Batch-3/R2.5_battery-2,103.71338912133892,80.9503
Batch-3/R2.5_battery-2,103.50418410041841,90.41772
Batch-3/R2.5_battery-2,102.45815899581592,90.50363
Batch-3/R2.5_battery-2,102.14435146443515,89.970856
Batch-3/R2.5_battery-2,102.66736401673641,91.08023
Batch-3/R2.5_battery-2,103.66108786610879,80.9503
Batch-3/R2.5_battery-2,103.39958158995816,90.41772
Batch-3/R2.5_battery-2,102.35355648535564,90.50363
Batch-3/R2.5_battery-2,101.98744769874477,89.970856
Batch-3/R2.5_battery-2,102.56276150627616,91.08776
Batch-3/R2.5_battery-2,103.55648535564855,81.04241
Batch-3/R2.5_battery-2,103.29497907949792,90.109985
Batch-3/R2.5_battery-2,102.19665271966527,90.672806
Batch-3/R2.5_battery-2,101.88284518828452,90.13173
Batch-3/R2.5_battery-2,102.45815899581592,91.14891
Batch-3/R2.5_battery-2,103.50418410041841,81.057045
Batch-3/R2.5_battery-2,103.19037656903767,90.40948
Batch-3/R2.5_battery-2,102.09205020920503,90.70407
Batch-3/R2.5_battery-2,101.77824267782427,90.09769
Batch-3/R2.5_battery-2,102.35355648535564,91.1127
Batch-3/R2.5_battery-2,103.39958158995816,81.05411
Batch-3/R2.5_battery-2,103.08577405857741,90.384834
Batch-3/R2.5_battery-2,101.98744769874477,90.69142
Batch-3/R2.5_battery-2,101.67364016736403,90.15967
Batch-3/R2.5_battery-2,102.2489539748954,91.11419
Batch-3/R2.5_battery-2,103.29497907949792,81.045845
Batch-3/R2.5_battery-2,102.98117154811717,90.51397
Batch-3/R2.5_battery-2,101.88284518828452,90.668945
Batch-3/R2.5_battery-2,101.56903765690377,90.20235
Batch-3/R2.5_battery-2,102.14435146443515,91.06673
Batch-3/R2.5_battery-2,103.24267782426779,80.987404
Batch-3/R2.5_battery-2,102.87656903765692,90.51128
Batch-3/R2.5_battery-2,101.77824267782427,90.65964
Batch-3/R2.5_battery-2,101.51673640167364,90.1976
Batch-3/R2.5_battery-2,102.0397489539749,91.05772
Batch-3/R2.5_battery-2,103.13807531380755,80.987404
Batch-3/R2.5_battery-2,102.77196652719667,90.51224
Batch-3/R2.5_battery-2,101.67364016736403,90.538025
Batch-3/R2.5_battery-2,101.35983263598327,90.232254
Batch-3/R2.5_battery-2,101.93514644351464,91.19801
Batch-3/R2.5_battery-2,103.0334728033473,81.100746
Batch-3/R2.5_battery-2,102.61506276150627,90.51224
Batch-3/R2.5_battery-2,101.46443514644352,89.43493
Batch-3/R2.5_battery-2,101.2029288702929,89.5
Batch-3/R2.5_battery-2,101.77824267782427,91.22672
Batch-3/R2.5_battery-2,102.92887029288704,81.139275
Batch-3/R2.5_battery-2,102.45815899581592,90.59669
Batch-3/R2.5_battery-2,101.30753138075315,89.40439
Batch-3/R2.5_battery-2,101.04602510460252,88.75145
Batch-3/R2.5_battery-2,101.6213389121339,91.24081
Batch-3/R2.5_battery-2,102.77196652719667,81.46545
Batch-3/R2.5_battery-2,102.2489539748954,90.6153
Batch-3/R2.5_battery-2,101.15062761506277,89.36981
Batch-3/R2.5_battery-2,100.836820083682,88.7511
Batch-3/R2.5_battery-2,101.46443514644352,90.70964
Batch-3/R2.5_battery-2,102.61506276150627,81.68747
Batch-3/R2.5_battery-2,102.0397489539749,90.62252
Batch-3/R2.5_battery-2,100.88912133891215,89.44078
Batch-3/R2.5_battery-2,100.62761506276149,88.71652
Batch-3/R2.5_battery-2,101.25523012552303,90.54224
Batch-3/R2.5_battery-2,102.45815899581592,81.76323
Batch-3/R2.5_battery-2,101.77824267782427,89.976326
Batch-3/R2.5_battery-2,100.5753138075314,89.44078
Batch-3/R2.5_battery-2,100.36610878661088,88.67824
Batch-3/R2.5_battery-2,100.9937238493724,89.88432
Batch-3/R2.5_battery-2,102.2489539748954,81.81363
Batch-3/R2.5_battery-2,101.51673640167364,89.44433
Batch-3/R2.5_battery-2,100.26150627615063,89.3926
Batch-3/R2.5_battery-2,100.05230125523012,88.67824
Batch-3/R2.5_battery-2,100.7845188284519,89.946815
Batch-3/R2.5_battery-2,102.0397489539749,81.741
Batch-3/R2.5_battery-2,101.25523012552303,89.5153
Batch-3/R2.5_battery-2,99.94769874476988,89.3926
Batch-3/R2.5_battery-2,99.7907949790795,88.55668
Batch-3/R2.5_battery-2,100.47071129707115,89.79099
Batch-3/R2.5_battery-2,101.8305439330544,81.75217
Batch-3/R2.5_battery-2,100.94142259414225,89.510185
Batch-3/R2.5_battery-2,99.68619246861925,89.39175
Batch-3/R2.5_battery-2,99.52928870292888,88.56785
Batch-3/R2.5_battery-2,100.31380753138075,89.67436
Batch-3/R2.5_battery-2,101.67364016736403,81.676636
Batch-3/R2.5_battery-2,100.67991631799164,89.510185
Batch-3/R2.5_battery-2,99.47698744769873,89.39408
Batch-3/R2.5_battery-2,99.3723849372385,88.56785
Batch-3/R2.5_battery-2,100.10460251046025,89.67436
Batch-3/R2.5_battery-2,101.51673640167364,81.67602
Batch-3/R2.5_battery-2,100.52301255230125,89.510185
Batch-3/R2.5_battery-2,99.26778242677824,89.39408
Batch-3/R2.5_battery-2,99.21548117154812,88.56785
Batch-3/R2.5_battery-2,99.94769874476988,89.32324
Batch-3/R2.5_battery-2,101.35983263598327,81.71923
Batch-3/R2.5_battery-2,100.31380753138075,89.46199
Batch-3/R2.5_battery-2,99.05857740585773,89.39408
Batch-3/R2.5_battery-2,99.05857740585773,88.56785
Batch-3/R2.5_battery-2,99.73849372384937,89.32324
Batch-3/R2.5_battery-2,101.15062761506277,81.70446
Batch-3/R2.5_battery-2,100.15690376569037,89.46199
Batch-3/R2.5_battery-2,98.90167364016736,89.39408
Batch-3/R2.5_battery-2,98.9539748953975,88.55329
Batch-3/R2.5_battery-2,99.68619246861925,89.319855
Batch-3/R2.5_battery-2,101.04602510460252,81.67747
Batch-3/R2.5_battery-2,100.0,89.4586
Batch-3/R2.5_battery-2,98.79707112970712,89.39069
Batch-3/R2.5_battery-2,98.74476987447699,88.56446
Batch-3/R2.5_battery-2,99.47698744769873,89.27571
Batch-3/R2.5_battery-2,100.836820083682,81.68859
Batch-3/R2.5_battery-2,99.7907949790795,89.18972
Batch-3/R2.5_battery-2,98.58786610878661,89.39069
Batch-3/R2.5_battery-2,98.58786610878661,88.56446
Batch-3/R2.5_battery-2,99.32008368200837,89.27571
Batch-3/R2.5_battery-2,100.73221757322175,81.68859
Batch-3/R2.5_battery-2,99.68619246861925,89.40576
Batch-3/R2.5_battery-2,98.48326359832636,89.39069
Batch-3/R2.5_battery-2,98.43096234309623,88.56446
Batch-3/R2.5_battery-2,99.21548117154812,89.286804
Batch-3/R2.5_battery-2,100.5753138075314,81.68859
Batch-3/R2.5_battery-2,99.52928870292888,89.40576
Batch-3/R2.5_battery-2,98.37866108786612,89.39069
Batch-3/R2.5_battery-2,98.27405857740587,88.480064
Batch-3/R2.5_battery-2,98.9539748953975,89.28851
Batch-3/R2.5_battery-2,100.36610878661088,81.6898
Batch-3/R2.5_battery-2,99.3723849372385,89.40576
Batch-3/R2.5_battery-2,98.27405857740587,89.39069
Batch-3/R2.5_battery-2,98.22175732217573,88.480064
Batch-3/R2.5_battery-2,98.90167364016736,89.28851
Batch-3/R2.5_battery-2,100.26150627615063,81.68859
Batch-3/R2.5_battery-2,99.32008368200837,89.40576
Batch-3/R2.5_battery-2,98.06485355648536,89.39069
Batch-3/R2.5_battery-2,97.9602510460251,88.480064
Batch-3/R2.5_battery-2,98.64016736401673,89.28851
Batch-3/R2.5_battery-2,100.05230125523012,81.6898
Batch-3/R2.5_battery-2,98.90167364016736,89.4586
Batch-3/R2.5_battery-2,97.6987447698745,89.39069
Batch-3/R2.5_battery-2,97.64644351464436,88.480064
Batch-3/R2.5_battery-2,98.37866108786612,89.28851
Batch-3/R2.5_battery-2,99.89539748953975,81.74641
Batch-3/R2.5_battery-2,98.9539748953975,89.402954
Batch-3/R2.5_battery-2,97.80334728033473,89.39069
Batch-3/R2.5_battery-2,97.7510460251046,88.480064
Batch-3/R2.5_battery-2,98.37866108786612,89.28851
Batch-3/R2.5_battery-2,99.7907949790795,81.63439
Batch-3/R2.5_battery-2,98.84937238493724,89.45857
Batch-3/R2.5_battery-2,97.59414225941424,89.39065
Batch-3/R2.5_battery-2,97.48953974895397,88.48002
Batch-3/R2.5_battery-2,98.16945606694561,89.28847
Batch-3/R2.5_battery-2,99.52928870292888,81.6898
Batch-3/R2.5_battery-2,98.43096234309623,89.45857
Batch-3/R2.5_battery-2,97.22803347280336,89.39065
Batch-3/R2.5_battery-2,97.3326359832636,88.48002
Batch-3/R2.5_battery-2,98.11715481171548,89.28847
Batch-3/R2.5_battery-2,99.52928870292888,81.66217
Batch-3/R2.5_battery-2,98.53556485355648,89.405716
Batch-3/R2.5_battery-2,97.38493723849373,89.39065
Batch-3/R2.5_battery-2,97.28033472803348,88.48002
Batch-3/R2.5_battery-2,97.9602510460251,89.400246
Batch-3/R2.5_battery-2,99.32008368200837,81.62052
Batch-3/R2.5_battery-2,98.43096234309623,89.404495
Batch-3/R2.5_battery-2,97.22803347280336,89.38943
Batch-3/R2.5_battery-2,97.12343096234311,88.4788
Batch-3/R2.5_battery-2,97.80334728033473,89.39901
Batch-3/R2.5_battery-2,99.11087866108788,81.62052
Batch-3/R2.5_battery-2,98.32635983263597,89.404495
Batch-3/R2.5_battery-2,97.17573221757323,89.383
Batch-3/R2.5_battery-2,97.07112970711297,88.472374
Batch-3/R2.5_battery-2,97.7510460251046,89.38922
Batch-3/R2.5_battery-2,99.05857740585773,81.625465
Batch-3/R2.5_battery-2,98.22175732217573,89.201004
Batch-3/R2.5_battery-2,97.01882845188284,89.185936
Batch-3/R2.5_battery-2,96.9142259414226,88.27531
Batch-3/R2.5_battery-2,97.5418410041841,89.21567
Batch-3/R2.5_battery-2,98.79707112970712,81.658455
Batch-3/R2.5_battery-2,98.01255230125524,89.201004
Batch-3/R2.5_battery-2,96.80962343096235,89.185936
Batch-3/R2.5_battery-2,96.7050209205021,88.27531
Batch-3/R2.5_battery-2,97.3326359832636,89.24241
Batch-3/R2.5_battery-2,98.58786610878661,81.728645
Batch-3/R2.5_battery-2,97.85564853556485,89.201004
Batch-3/R2.5_battery-2,96.65271966527197,89.185936
Batch-3/R2.5_battery-2,96.54811715481172,88.27531
Batch-3/R2.5_battery-2,97.12343096234311,89.15042
Batch-3/R2.5_battery-2,98.37866108786612,81.648834
Batch-3/R2.5_battery-2,97.7510460251046,89.201004
Batch-3/R2.5_battery-2,96.60041841004184,89.185936
Batch-3/R2.5_battery-2,96.39121338912135,88.27531
Batch-3/R2.5_battery-2,96.96652719665273,89.16202
Batch-3/R2.5_battery-2,98.16945606694561,81.64763
Batch-3/R2.5_battery-2,97.5418410041841,89.201004
Batch-3/R2.5_battery-2,96.39121338912135,89.185936
Batch-3/R2.5_battery-2,96.12970711297072,88.27531
Batch-3/R2.5_battery-2,96.7050209205021,89.233025
Batch-3/R2.5_battery-2,97.90794979079499,81.29516
Batch-3/R2.5_battery-2,97.43723849372385,89.201004
Batch-3/R2.5_battery-2,96.33891213389121,89.185936
Batch-3/R2.5_battery-2,95.97280334728033,88.27531
Batch-3/R2.5_battery-2,96.60041841004184,89.213684
Batch-3/R2.5_battery-2,97.6987447698745,81.229576
Batch-3/R2.5_battery-2,97.28033472803348,89.201004
Batch-3/R2.5_battery-2,96.12970711297072,89.185936
Batch-3/R2.5_battery-2,95.76359832635984,88.27531
Batch-3/R2.5_battery-2,96.2866108786611,89.2974
Batch-3/R2.5_battery-2,97.38493723849373,81.29695
Batch-3/R2.5_battery-2,96.96652719665273,89.201004
Batch-3/R2.5_battery-2,95.92050209205021,89.177635
Batch-3/R2.5_battery-2,95.55439330543933,88.267006
Batch-3/R2.5_battery-2,96.02510460251047,89.70018
Batch-3/R2.5_battery-2,97.12343096234311,81.258415
Batch-3/R2.5_battery-2,96.80962343096235,89.1927
Batch-3/R2.5_battery-2,95.71129707112972,89.177635
Batch-3/R2.5_battery-2,95.2928870292887,88.267006
Batch-3/R2.5_battery-2,95.76359832635984,89.66942
Batch-3/R2.5_battery-2,96.86192468619248,81.223946
Batch-3/R2.5_battery-2,96.54811715481172,89.212326
Batch-3/R2.5_battery-2,95.39748953974896,89.14442
Batch-3/R2.5_battery-2,94.97907949790796,88.242455
Batch-3/R2.5_battery-2,95.50209205020921,89.633835
Batch-3/R2.5_battery-2,96.54811715481172,81.2272
Batch-3/R2.5_battery-2,96.44351464435147,89.159485
Batch-3/R2.5_battery-2,95.2928870292887,89.14442
Batch-3/R2.5_battery-2,94.87447698744771,88.23379
Batch-3/R2.5_battery-2,95.2928870292887,89.8197
Batch-3/R2.5_battery-2,96.33891213389121,81.23485
Batch-3/R2.5_battery-2,96.18200836820084,89.10254
Batch-3/R2.5_battery-2,95.03138075313807,89.03463
Batch-3/R2.5_battery-2,94.56066945606695,88.11912
Batch-3/R2.5_battery-2,94.97907949790796,89.73802
Batch-3/R2.5_battery-2,95.97280334728033,81.23485
Batch-3/R2.5_battery-2,95.86820083682008,89.044815
Batch-3/R2.5_battery-2,94.6652719665272,89.02975
Batch-3/R2.5_battery-2,94.2468619246862,88.1278
Batch-3/R2.5_battery-2,94.76987447698745,89.74361
Batch-3/R2.5_battery-2,95.76359832635984,81.239204
Batch-3/R2.5_battery-2,95.76359832635984,89.09767
Batch-3/R2.5_battery-2,94.61297071129707,89.02975
Batch-3/R2.5_battery-2,94.08995815899581,88.1278
Batch-3/R2.5_battery-2,94.50836820083683,89.80819
Batch-3/R2.5_battery-2,95.39748953974896,79.760376
Batch-3/R2.5_battery-2,95.44979079497908,89.09767
Batch-3/R2.5_battery-2,94.19456066945607,89.02975
Batch-3/R2.5_battery-2,93.6192468619247,88.1278
Batch-3/R2.5_battery-2,94.0376569037657,89.62293
Batch-3/R2.5_battery-2,94.97907949790796,79.73858
Batch-3/R2.5_battery-2,95.03138075313807,89.04283
Batch-3/R2.5_battery-2,93.8284518828452,89.02776
Batch-3/R2.5_battery-2,93.35774058577407,88.1258
Batch-3/R2.5_battery-2,93.72384937238493,89.53335
Batch-3/R2.5_battery-2,94.6652719665272,79.73062
Batch-3/R2.5_battery-2,94.82217573221757,89.09012
Batch-3/R2.5_battery-2,93.56694560669456,89.02221
Batch-3/R2.5_battery-2,92.93933054393305,88.12025
Batch-3/R2.5_battery-2,93.30543933054393,89.578575
Batch-3/R2.5_battery-2,94.2468619246862,79.71644
Batch-3/R2.5_battery-2,94.35146443514645,89.08316
Batch-3/R2.5_battery-2,93.14853556485355,89.01525
Batch-3/R2.5_battery-2,92.46861924686193,88.36925
Batch-3/R2.5_battery-2,92.8347280334728,89.49421
Batch-3/R2.5_battery-2,93.77615062761507,79.724396
Batch-3/R2.5_battery-2,94.08995815899581,89.03032
Batch-3/R2.5_battery-2,92.88702928870293,89.01525
Batch-3/R2.5_battery-2,92.2071129707113,88.40329
Batch-3/R2.5_battery-2,92.57322175732217,89.49371
Batch-3/R2.5_battery-2,93.35774058577407,79.724396
Batch-3/R2.5_battery-2,93.72384937238493,89.03032
Batch-3/R2.5_battery-2,92.4163179916318,89.01525
Batch-3/R2.5_battery-2,91.68410041841004,88.36925
Batch-3/R2.5_battery-2,92.05020920502093,89.1395
Batch-3/R2.5_battery-2,92.88702928870293,79.688644
Batch-3/R2.5_battery-2,93.14853556485355,89.08316
Batch-3/R2.5_battery-2,91.94560669456068,89.00191
Batch-3/R2.5_battery-2,91.16108786610879,88.3745
Batch-3/R2.5_battery-2,91.52719665271967,88.885025
Batch-3/R2.5_battery-2,92.46861924686193,79.64263
Batch-3/R2.5_battery-2,92.7824267782427,89.05437
Batch-3/R2.5_battery-2,91.68410041841004,88.99074
Batch-3/R2.5_battery-2,90.7949790794979,88.34044
Batch-3/R2.5_battery-2,91.10878661087867,89.029625
Batch-3/R2.5_battery-2,91.94560669456068,79.12528
Batch-3/R2.5_battery-2,92.25941422594143,89.05437
Batch-3/R2.5_battery-2,91.16108786610879,88.99074
Batch-3/R2.5_battery-2,90.27196652719665,89.34679
Batch-3/R2.5_battery-2,90.5857740585774,90.57115
Batch-3/R2.5_battery-2,91.42259414225941,79.11114
Batch-3/R2.5_battery-2,91.73640167364016,89.05437
Batch-3/R2.5_battery-2,90.74267782426779,88.99074
Batch-3/R2.5_battery-2,89.90585774058579,89.31273
Batch-3/R2.5_battery-2,90.21966527196653,90.178246
Batch-3/R2.5_battery-2,91.00418410041841,79.09925
Batch-3/R2.5_battery-2,91.52719665271967,89.05437
Batch-3/R2.5_battery-2,90.48117154811716,88.99074
Batch-3/R2.5_battery-2,89.43514644351464,89.389336
Batch-3/R2.5_battery-2,89.69665271966528,89.936295
Batch-3/R2.5_battery-2,90.5334728033473,79.093575
Batch-3/R2.5_battery-2,91.00418410041841,89.052376
Batch-3/R2.5_battery-2,89.90585774058579,88.98875
Batch-3/R2.5_battery-2,88.91213389121339,89.4353
Batch-3/R2.5_battery-2,89.17364016736403,88.96952
Batch-3/R2.5_battery-2,90.01046025104603,79.04028
Batch-3/R2.5_battery-2,90.5857740585774,89.052376
Batch-3/R2.5_battery-2,89.69665271966528,88.98875
Batch-3/R2.5_battery-2,88.70292887029288,89.43129
Batch-3/R2.5_battery-2,88.85983263598327,89.365456
Batch-3/R2.5_battery-2,89.59205020920503,79.025406
Batch-3/R2.5_battery-2,90.11506276150628,89.03622
Batch-3/R2.5_battery-2,89.17364016736403,88.98377
Batch-3/R2.5_battery-2,88.07531380753139,89.42233
Batch-3/R2.5_battery-2,88.28451882845188,89.13816
Batch-3/R2.5_battery-2,89.01673640167364,79.04308
Batch-3/R2.5_battery-2,89.59205020920503,89.02
Batch-3/R2.5_battery-2,88.80753138075313,88.95638
Batch-3/R2.5_battery-2,87.60460251046027,89.440155
Batch-3/R2.5_battery-2,87.76150627615063,89.74839
Batch-3/R2.5_battery-2,88.49372384937239,78.97057
Batch-3/R2.5_battery-2,89.1213389121339,89.02
Batch-3/R2.5_battery-2,88.28451882845188,88.94549
Batch-3/R2.5_battery-2,87.13389121338912,89.428345
Batch-3/R2.5_battery-2,87.34309623430963,90.267265
Batch-3/R2.5_battery-2,88.07531380753139,78.746185
Batch-3/R2.5_battery-2,88.70292887029288,88.98304
Batch-3/R2.5_battery-2,87.60460251046027,88.888176
Batch-3/R2.5_battery-2,86.61087866108787,89.40228
Batch-3/R2.5_battery-2,86.87238493723851,89.91225
Batch-3/R2.5_battery-2,87.55230125523012,78.7426
Batch-3/R2.5_battery-2,88.23221757322176,88.98304
Batch-3/R2.5_battery-2,87.13389121338912,88.85412
Batch-3/R2.5_battery-2,86.19246861924687,89.40108
Batch-3/R2.5_battery-2,86.40167364016736,89.732895
Batch-3/R2.5_battery-2,87.081589958159,78.80996
Batch-3/R2.5_battery-2,87.81380753138076,88.981834
Batch-3/R2.5_battery-2,86.76778242677825,88.88642
Batch-3/R2.5_battery-2,85.82635983263599,89.40053
Batch-3/R2.5_battery-2,85.98326359832636,89.742096
Batch-3/R2.5_battery-2,86.663179916318,78.7426
Batch-3/R2.5_battery-2,87.44769874476988,88.981285
Batch-3/R2.5_battery-2,86.19246861924687,88.85238
Batch-3/R2.5_battery-2,85.30334728033473,89.3661
Batch-3/R2.5_battery-2,85.51255230125523,89.42749
Batch-3/R2.5_battery-2,86.14016736401673,78.7426
Batch-3/R2.5_battery-2,86.92468619246861,88.981285
Batch-3/R2.5_battery-2,85.6694560669456,88.86355
Batch-3/R2.5_battery-2,84.8326359832636,89.43508
Batch-3/R2.5_battery-2,84.98953974895397,89.04454
Batch-3/R2.5_battery-2,85.6171548117155,78.708885
Batch-3/R2.5_battery-2,86.55857740585775,88.981285
Batch-3/R2.5_battery-2,85.35564853556485,88.85238
Batch-3/R2.5_battery-2,84.4142259414226,89.3661
Batch-3/R2.5_battery-2,84.57112970711297,89.42076
Batch-3/R2.5_battery-2,85.09414225941423,78.78352
Batch-3/R2.5_battery-2,86.0355648535565,88.96206
Batch-3/R2.5_battery-2,84.78033472803348,88.83315
Batch-3/R2.5_battery-2,83.89121338912135,89.415855
Batch-3/R2.5_battery-2,84.04811715481172,89.5014
Batch-3/R2.5_battery-2,84.51882845188285,78.612495
Batch-3/R2.5_battery-2,85.51255230125523,88.96206
Batch-3/R2.5_battery-2,84.20502092050211,88.84432
Batch-3/R2.5_battery-2,83.3682008368201,89.34687
Batch-3/R2.5_battery-2,83.47280334728035,90.068054
Batch-3/R2.5_battery-2,83.9958158995816,78.59986
Batch-3/R2.5_battery-2,85.04184100418409,88.96206
Batch-3/R2.5_battery-2,83.73430962343097,88.49306
Batch-3/R2.5_battery-2,82.84518828451883,89.34687
Batch-3/R2.5_battery-2,82.89748953974896,90.60577
Batch-3/R2.5_battery-2,83.3682008368201,78.58287
Batch-3/R2.5_battery-2,84.4142259414226,88.95913
Batch-3/R2.5_battery-2,83.05439330543933,88.24028
Batch-3/R2.5_battery-2,82.21757322175733,89.348885
Batch-3/R2.5_battery-2,82.26987447698745,90.73555
Batch-3/R2.5_battery-2,82.68828451882845,78.595505
Batch-3/R2.5_battery-2,83.7866108786611,88.95913
Batch-3/R2.5_battery-2,82.53138075313808,88.25145
Batch-3/R2.5_battery-2,81.58995815899583,89.17919
Batch-3/R2.5_battery-2,81.64225941422593,90.30376
Batch-3/R2.5_battery-2,82.00836820083683,78.595505
Batch-3/R2.5_battery-2,83.1589958158996,88.90627
Batch-3/R2.5_battery-3,103.96866840731072,99.8765
Batch-3/R2.5_battery-3,100.0,100.14306
Batch-3/R2.5_battery-3,97.85900783289819,100.09471
Batch-3/R2.5_battery-3,96.8668407310705,98.39583
Batch-3/R2.5_battery-3,97.65013054830287,98.39044
Batch-3/R2.5_battery-3,100.41775456919059,84.891495
Batch-3/R2.5_battery-3,101.61879895561357,97.63661
Batch-3/R2.5_battery-3,99.53002610966057,97.94608
Batch-3/R2.5_battery-3,98.48563968668407,97.686195
Batch-3/R2.5_battery-3,99.11227154046996,98.19861
Batch-3/R2.5_battery-3,101.30548302872062,83.62476
Batch-3/R2.5_battery-3,102.55874673629242,97.38189
Batch-3/R2.5_battery-3,100.67885117493472,97.39423
Batch-3/R2.5_battery-3,99.68668407310705,97.2595
Batch-3/R2.5_battery-3,100.26109660574411,98.1919
Batch-3/R2.5_battery-3,102.45430809399478,84.06229
Batch-3/R2.5_battery-3,103.44647519582246,97.08445
Batch-3/R2.5_battery-3,101.56657963446476,97.46108
Batch-3/R2.5_battery-3,100.57441253263708,96.962364
Batch-3/R2.5_battery-3,101.14882506527417,98.04217
Batch-3/R2.5_battery-3,103.1331592689295,83.421776
Batch-3/R2.5_battery-3,104.02088772845953,97.0055
Batch-3/R2.5_battery-3,102.2976501305483,97.29919
Batch-3/R2.5_battery-3,101.35770234986946,96.924
Batch-3/R2.5_battery-3,101.8798955613577,97.98764
Batch-3/R2.5_battery-3,103.70757180156657,83.40316
Batch-3/R2.5_battery-3,104.43864229765012,96.88923
Batch-3/R2.5_battery-3,102.7154046997389,97.08669
Batch-3/R2.5_battery-3,101.8798955613577,96.61867
Batch-3/R2.5_battery-3,102.40208877284596,97.9362
Batch-3/R2.5_battery-3,104.07310704960835,83.38746
Batch-3/R2.5_battery-3,104.64751958224542,96.80176
Batch-3/R2.5_battery-3,103.02872062663187,96.99716
Batch-3/R2.5_battery-3,102.19321148825064,96.401825
Batch-3/R2.5_battery-3,102.76762402088772,97.594864
Batch-3/R2.5_battery-3,104.28198433420366,83.36216
Batch-3/R2.5_battery-3,104.75195822454306,96.16584
Batch-3/R2.5_battery-3,103.28981723237598,96.44723
Batch-3/R2.5_battery-3,102.50652741514361,95.99247
Batch-3/R2.5_battery-3,103.08093994778066,97.08948
Batch-3/R2.5_battery-3,104.49086161879895,83.25953
Batch-3/R2.5_battery-3,104.85639686684074,96.11585
Batch-3/R2.5_battery-3,103.39425587467363,95.51888
Batch-3/R2.5_battery-3,102.66318537859007,95.07671
Batch-3/R2.5_battery-3,103.1331592689295,96.40647
Batch-3/R2.5_battery-3,104.54308093994777,83.01519
Batch-3/R2.5_battery-3,104.80417754569191,95.57071
Batch-3/R2.5_battery-3,103.3420365535248,95.70666
Batch-3/R2.5_battery-3,102.7154046997389,95.00132
Batch-3/R2.5_battery-3,103.23759791122716,95.90422
Batch-3/R2.5_battery-3,104.54308093994777,82.945526
Batch-3/R2.5_battery-3,104.96083550913838,94.99956
Batch-3/R2.5_battery-3,103.55091383812012,94.95803
Batch-3/R2.5_battery-3,102.81984334203655,94.51586
Batch-3/R2.5_battery-3,103.3420365535248,95.39835
Batch-3/R2.5_battery-3,104.5953002610966,82.92607
Batch-3/R2.5_battery-3,104.75195822454306,94.469635
Batch-3/R2.5_battery-3,103.39425587467363,94.640816
Batch-3/R2.5_battery-3,102.76762402088772,92.98293
Batch-3/R2.5_battery-3,103.28981723237598,93.99275
Batch-3/R2.5_battery-3,104.54308093994777,82.9655
Batch-3/R2.5_battery-3,104.80417754569191,93.07222
Batch-3/R2.5_battery-3,103.44647519582246,93.24851
Batch-3/R2.5_battery-3,102.92428198433421,92.58718
Batch-3/R2.5_battery-3,103.3420365535248,92.92966
Batch-3/R2.5_battery-3,104.54308093994777,82.92607
Batch-3/R2.5_battery-3,104.75195822454306,92.78514
Batch-3/R2.5_battery-3,103.44647519582246,92.85761
Batch-3/R2.5_battery-3,102.87206266318537,92.262215
Batch-3/R2.5_battery-3,103.3420365535248,92.89215
Batch-3/R2.5_battery-3,104.49086161879895,82.935165
Batch-3/R2.5_battery-3,104.64751958224542,92.58659
Batch-3/R2.5_battery-3,103.3420365535248,92.76281
Batch-3/R2.5_battery-3,102.76762402088772,92.10627
Batch-3/R2.5_battery-3,103.28981723237598,93.29525
Batch-3/R2.5_battery-3,104.49086161879895,82.90192
Batch-3/R2.5_battery-3,104.69973890339426,92.48547
Batch-3/R2.5_battery-3,103.49869451697127,92.74508
Batch-3/R2.5_battery-3,102.97650130548301,91.92989
Batch-3/R2.5_battery-3,103.44647519582246,93.09192
Batch-3/R2.5_battery-3,104.43864229765012,82.949165
Batch-3/R2.5_battery-3,104.64751958224542,92.477234
Batch-3/R2.5_battery-3,103.39425587467363,92.71903
Batch-3/R2.5_battery-3,102.87206266318537,91.96395
Batch-3/R2.5_battery-3,103.3420365535248,93.036545
Batch-3/R2.5_battery-3,104.38642297650131,82.972916
Batch-3/R2.5_battery-3,104.49086161879895,92.477234
Batch-3/R2.5_battery-3,103.28981723237598,92.757774
Batch-3/R2.5_battery-3,102.81984334203655,92.06753
Batch-3/R2.5_battery-3,103.39425587467363,92.78761
Batch-3/R2.5_battery-3,104.49086161879895,82.90884
Batch-3/R2.5_battery-3,104.5953002610966,92.5018
Batch-3/R2.5_battery-3,103.3420365535248,92.63279
Batch-3/R2.5_battery-3,102.81984334203655,91.98928
Batch-3/R2.5_battery-3,103.23759791122716,93.00707
Batch-3/R2.5_battery-3,104.28198433420366,82.9638
Batch-3/R2.5_battery-3,104.33420365535248,91.97829
Batch-3/R2.5_battery-3,103.1331592689295,92.171104
Batch-3/R2.5_battery-3,102.66318537859007,90.88021
Batch-3/R2.5_battery-3,103.1331592689295,92.07419
Batch-3/R2.5_battery-3,104.177545691906,82.90269
Batch-3/R2.5_battery-3,104.22976501305483,90.60096
Batch-3/R2.5_battery-3,103.02872062663187,90.72271
Batch-3/R2.5_battery-3,102.61096605744126,90.039986
Batch-3/R2.5_battery-3,103.1331592689295,91.23551
Batch-3/R2.5_battery-3,104.12532637075718,82.81931
Batch-3/R2.5_battery-3,104.177545691906,90.6
Batch-3/R2.5_battery-3,103.02872062663187,90.778404
Batch-3/R2.5_battery-3,102.55874673629242,90.04705
Batch-3/R2.5_battery-3,103.02872062663187,91.140686
Batch-3/R2.5_battery-3,104.02088772845953,81.197624
Batch-3/R2.5_battery-3,103.96866840731072,90.60096
Batch-3/R2.5_battery-3,102.76762402088772,89.475494
Batch-3/R2.5_battery-3,102.40208877284596,89.16747
Batch-3/R2.5_battery-3,103.08093994778066,91.41408
Batch-3/R2.5_battery-3,104.07310704960835,81.219246
Batch-3/R2.5_battery-3,104.12532637075718,90.49193
Batch-3/R2.5_battery-3,102.97650130548301,90.80737
Batch-3/R2.5_battery-3,102.55874673629242,90.037315
Batch-3/R2.5_battery-3,103.02872062663187,90.89324
Batch-3/R2.5_battery-3,103.96866840731072,81.19921
Batch-3/R2.5_battery-3,104.02088772845953,90.6
Batch-3/R2.5_battery-3,102.87206266318537,90.90518
Batch-3/R2.5_battery-3,102.45430809399478,89.99061
Batch-3/R2.5_battery-3,102.97650130548301,91.2446
Batch-3/R2.5_battery-3,103.86422976501306,81.15621
Batch-3/R2.5_battery-3,103.91644908616189,90.60096
Batch-3/R2.5_battery-3,102.87206266318537,90.7565
Batch-3/R2.5_battery-3,102.50652741514361,90.00326
Batch-3/R2.5_battery-3,102.97650130548301,90.92954
Batch-3/R2.5_battery-3,103.86422976501306,81.14979
Batch-3/R2.5_battery-3,104.02088772845953,90.59102
Batch-3/R2.5_battery-3,102.92428198433421,90.7203
Batch-3/R2.5_battery-3,102.50652741514361,89.951866
Batch-3/R2.5_battery-3,102.92428198433421,90.85804
Batch-3/R2.5_battery-3,103.81201044386424,81.10254
Batch-3/R2.5_battery-3,103.91644908616189,90.59102
Batch-3/R2.5_battery-3,102.81984334203655,90.705635
Batch-3/R2.5_battery-3,102.40208877284596,89.951866
Batch-3/R2.5_battery-3,102.87206266318537,91.21853
Batch-3/R2.5_battery-3,103.7597911227154,80.992134
Batch-3/R2.5_battery-3,103.86422976501306,90.6
Batch-3/R2.5_battery-3,102.76762402088772,90.73296
Batch-3/R2.5_battery-3,102.40208877284596,89.951866
Batch-3/R2.5_battery-3,102.87206266318537,90.93493
Batch-3/R2.5_battery-3,103.70757180156657,81.010605
Batch-3/R2.5_battery-3,103.86422976501306,90.49193
Batch-3/R2.5_battery-3,102.76762402088772,90.69708
Batch-3/R2.5_battery-3,102.40208877284596,89.791016
Batch-3/R2.5_battery-3,102.81984334203655,90.91415
Batch-3/R2.5_battery-3,103.65535248041775,80.99357
Batch-3/R2.5_battery-3,103.70757180156657,90.57678
Batch-3/R2.5_battery-3,102.61096605744126,90.803764
Batch-3/R2.5_battery-3,102.24543080939948,90.001434
Batch-3/R2.5_battery-3,102.7154046997389,90.82564
Batch-3/R2.5_battery-3,103.65535248041775,80.94632
Batch-3/R2.5_battery-3,103.7597911227154,90.40948
Batch-3/R2.5_battery-3,102.81984334203655,90.69142
Batch-3/R2.5_battery-3,102.34986945169713,89.96953
Batch-3/R2.5_battery-3,102.76762402088772,91.24161
Batch-3/R2.5_battery-3,103.60313315926892,80.94632
Batch-3/R2.5_battery-3,103.70757180156657,90.45403
Batch-3/R2.5_battery-3,102.66318537859007,90.70407
Batch-3/R2.5_battery-3,102.2976501305483,89.96953
Batch-3/R2.5_battery-3,102.7154046997389,90.896614
Batch-3/R2.5_battery-3,103.49869451697127,80.964935
Batch-3/R2.5_battery-3,103.55091383812012,90.492905
Batch-3/R2.5_battery-3,102.61096605744126,90.668945
Batch-3/R2.5_battery-3,102.2976501305483,90.003586
Batch-3/R2.5_battery-3,102.87206266318537,90.82096
Batch-3/R2.5_battery-3,103.65535248041775,81.61446
Batch-3/R2.5_battery-3,103.81201044386424,90.4558
Batch-3/R2.5_battery-3,102.81984334203655,90.50363
Batch-3/R2.5_battery-3,102.40208877284596,89.96228
Batch-3/R2.5_battery-3,102.76762402088772,90.72736
Batch-3/R2.5_battery-3,103.55091383812012,80.947075
Batch-3/R2.5_battery-3,103.70757180156657,90.40948
Batch-3/R2.5_battery-3,102.66318537859007,90.50363
Batch-3/R2.5_battery-3,102.2976501305483,89.97414
Batch-3/R2.5_battery-3,102.66318537859007,91.076385
Batch-3/R2.5_battery-3,103.44647519582246,80.93169
Batch-3/R2.5_battery-3,103.65535248041775,90.40948
Batch-3/R2.5_battery-3,102.7154046997389,90.50363
Batch-3/R2.5_battery-3,102.2976501305483,89.96324
Batch-3/R2.5_battery-3,102.66318537859007,91.0659
Batch-3/R2.5_battery-3,103.44647519582246,80.9503
Batch-3/R2.5_battery-3,103.55091383812012,90.41772
Batch-3/R2.5_battery-3,102.55874673629242,90.46959
Batch-3/R2.5_battery-3,102.19321148825064,89.96953
Batch-3/R2.5_battery-3,102.55874673629242,90.794136
Batch-3/R2.5_battery-3,103.3420365535248,80.99357
Batch-3/R2.5_battery-3,103.44647519582246,90.40948
Batch-3/R2.5_battery-3,102.45430809399478,90.61862
Batch-3/R2.5_battery-3,102.08877284595302,89.96953
Batch-3/R2.5_battery-3,102.50652741514361,91.14782
Batch-3/R2.5_battery-3,103.28981723237598,81.57964
Batch-3/R2.5_battery-3,103.39425587467363,90.384834
Batch-3/R2.5_battery-3,102.40208877284596,90.63876
Batch-3/R2.5_battery-3,101.98433420365535,90.141205
Batch-3/R2.5_battery-3,102.45430809399478,91.16268
Batch-3/R2.5_battery-3,103.18537859007833,81.00053
Batch-3/R2.5_battery-3,103.28981723237598,90.46046
Batch-3/R2.5_battery-3,102.2976501305483,90.69142
Batch-3/R2.5_battery-3,101.93211488250653,90.16135
Batch-3/R2.5_battery-3,102.34986945169713,90.92759
Batch-3/R2.5_battery-3,103.1331592689295,80.953735
Batch-3/R2.5_battery-3,103.18537859007833,90.493866
Batch-3/R2.5_battery-3,102.19321148825064,90.778496
Batch-3/R2.5_battery-3,101.82767624020887,90.19528
Batch-3/R2.5_battery-3,102.24543080939948,91.37142
Batch-3/R2.5_battery-3,103.08093994778066,80.87668
Batch-3/R2.5_battery-3,103.1331592689295,90.48219
Batch-3/R2.5_battery-3,102.14099216710181,90.786415
Batch-3/R2.5_battery-3,101.77545691906005,89.9841
Batch-3/R2.5_battery-3,102.19321148825064,91.35413
Batch-3/R2.5_battery-3,102.97650130548301,80.99747
Batch-3/R2.5_battery-3,103.08093994778066,90.51224
Batch-3/R2.5_battery-3,102.03655352480416,90.569885
Batch-3/R2.5_battery-3,101.6710182767624,90.04808
Batch-3/R2.5_battery-3,102.08877284595302,91.31436
Batch-3/R2.5_battery-3,102.87206266318537,81.06664
Batch-3/R2.5_battery-3,102.92428198433421,90.51224
Batch-3/R2.5_battery-3,101.8798955613577,89.43493
Batch-3/R2.5_battery-3,101.51436031331593,89.5
Batch-3/R2.5_battery-3,101.98433420365535,91.23257
Batch-3/R2.5_battery-3,102.76762402088772,80.99889
Batch-3/R2.5_battery-3,102.76762402088772,90.630745
Batch-3/R2.5_battery-3,101.72323759791122,89.40439
Batch-3/R2.5_battery-3,101.46214099216711,88.7511
Batch-3/R2.5_battery-3,101.82767624020887,91.04357
Batch-3/R2.5_battery-3,102.61096605744126,81.58672
Batch-3/R2.5_battery-3,102.61096605744126,90.77792
Batch-3/R2.5_battery-3,101.56657963446476,89.36981
Batch-3/R2.5_battery-3,101.25326370757179,88.7142
Batch-3/R2.5_battery-3,101.6710182767624,90.35477
Batch-3/R2.5_battery-3,102.50652741514361,81.70219
Batch-3/R2.5_battery-3,102.45430809399478,89.98203
Batch-3/R2.5_battery-3,101.35770234986946,89.44078
Batch-3/R2.5_battery-3,101.09660574412531,88.67824
Batch-3/R2.5_battery-3,101.51436031331593,90.19666
Batch-3/R2.5_battery-3,102.34986945169713,81.744156
Batch-3/R2.5_battery-3,102.24543080939948,89.40992
Batch-3/R2.5_battery-3,101.09660574412531,89.44078
Batch-3/R2.5_battery-3,100.8355091383812,88.67824
Batch-3/R2.5_battery-3,101.25326370757179,90.07346
Batch-3/R2.5_battery-3,102.14099216710181,82.41018
Batch-3/R2.5_battery-3,101.98433420365535,89.44631
Batch-3/R2.5_battery-3,100.8355091383812,89.3926
Batch-3/R2.5_battery-3,100.57441253263708,88.67824
Batch-3/R2.5_battery-3,101.0443864229765,90.04533
Batch-3/R2.5_battery-3,101.98433420365535,81.78859
Batch-3/R2.5_battery-3,101.6710182767624,89.44631
Batch-3/R2.5_battery-3,100.52219321148826,89.3926
Batch-3/R2.5_battery-3,100.26109660574411,88.55668
Batch-3/R2.5_battery-3,100.78328981723237,89.76698
Batch-3/R2.5_battery-3,101.72323759791122,81.843994
Batch-3/R2.5_battery-3,101.40992167101828,89.5153
Batch-3/R2.5_battery-3,100.31331592689294,89.3926
Batch-3/R2.5_battery-3,100.05221932114883,88.55668
Batch-3/R2.5_battery-3,100.57441253263708,89.30943
Batch-3/R2.5_battery-3,101.56657963446476,81.77144
Batch-3/R2.5_battery-3,101.20104438642296,89.5153
Batch-3/R2.5_battery-3,100.10443864229765,89.3926
Batch-3/R2.5_battery-3,99.84334203655352,88.55668
Batch-3/R2.5_battery-3,100.41775456919059,89.29826
Batch-3/R2.5_battery-3,101.40992167101828,81.75587
Batch-3/R2.5_battery-3,101.0443864229765,89.46199
Batch-3/R2.5_battery-3,99.89556135770235,89.39175
Batch-3/R2.5_battery-3,99.68668407310705,88.55668
Batch-3/R2.5_battery-3,100.26109660574411,89.30943
Batch-3/R2.5_battery-3,101.25326370757179,81.713875
Batch-3/R2.5_battery-3,100.88772845953002,89.46199
Batch-3/R2.5_battery-3,99.73890339425587,89.39408
Batch-3/R2.5_battery-3,99.53002610966057,88.56785
Batch-3/R2.5_battery-3,100.10443864229765,89.32324
Batch-3/R2.5_battery-3,101.09660574412531,81.76432
Batch-3/R2.5_battery-3,100.67885117493472,89.46199
Batch-3/R2.5_battery-3,99.53002610966057,89.39408
Batch-3/R2.5_battery-3,99.42558746736292,88.56446
Batch-3/R2.5_battery-3,99.94778067885117,89.319855
Batch-3/R2.5_battery-3,100.93994778067885,81.63856
Batch-3/R2.5_battery-3,100.57441253263708,89.4586
Batch-3/R2.5_battery-3,99.42558746736292,89.39069
Batch-3/R2.5_battery-3,99.21671018276761,88.56446
Batch-3/R2.5_battery-3,99.7911227154047,89.319855
Batch-3/R2.5_battery-3,100.78328981723237,81.69637
Batch-3/R2.5_battery-3,100.36553524804177,89.4586
Batch-3/R2.5_battery-3,99.26892950391645,89.39069
Batch-3/R2.5_battery-3,99.11227154046996,88.56446
Batch-3/R2.5_battery-3,99.68668407310705,89.27414
Batch-3/R2.5_battery-3,100.62663185378591,81.62739
Batch-3/R2.5_battery-3,100.26109660574411,89.4586
Batch-3/R2.5_battery-3,99.21671018276761,89.39069
Batch-3/R2.5_battery-3,99.00783289817232,88.56446
Batch-3/R2.5_battery-3,99.58224543080941,89.286804
Batch-3/R2.5_battery-3,100.52219321148826,81.69637
Batch-3/R2.5_battery-3,100.15665796344646,89.4586
Batch-3/R2.5_battery-3,99.00783289817232,89.39069
Batch-3/R2.5_battery-3,98.79895561357702,88.56446
Batch-3/R2.5_battery-3,99.3733681462141,89.241745
Batch-3/R2.5_battery-3,100.31331592689294,81.675285
Batch-3/R2.5_battery-3,100.0,89.40576
Batch-3/R2.5_battery-3,99.00783289817232,89.39069
Batch-3/R2.5_battery-3,98.7467362924282,88.56446
Batch-3/R2.5_battery-3,99.32114882506526,89.286804
Batch-3/R2.5_battery-3,100.26109660574411,81.76468
Batch-3/R2.5_battery-3,99.94778067885117,89.40576
Batch-3/R2.5_battery-3,98.79895561357702,89.39069
Batch-3/R2.5_battery-3,98.59007832898172,88.56446
Batch-3/R2.5_battery-3,99.1644908616188,89.28851
Batch-3/R2.5_battery-3,100.05221932114883,81.68432
Batch-3/R2.5_battery-3,99.63446475195822,89.4586
Batch-3/R2.5_battery-3,98.48563968668407,89.39069
Batch-3/R2.5_battery-3,98.27676240208876,88.480064
Batch-3/R2.5_battery-3,99.00783289817232,89.28851
Batch-3/R2.5_battery-3,100.0,81.62739
Batch-3/R2.5_battery-3,99.68668407310705,89.402954
Batch-3/R2.5_battery-3,98.59007832898172,89.39069
Batch-3/R2.5_battery-3,98.38120104438642,88.480064
Batch-3/R2.5_battery-3,99.00783289817232,89.28851
Batch-3/R2.5_battery-3,99.84334203655352,81.61384
Batch-3/R2.5_battery-3,99.53002610966057,89.40291
Batch-3/R2.5_battery-3,98.38120104438642,89.39065
Batch-3/R2.5_battery-3,98.22454308093994,88.48002
Batch-3/R2.5_battery-3,98.79895561357702,89.28847
Batch-3/R2.5_battery-3,99.63446475195822,81.617485
Batch-3/R2.5_battery-3,99.21671018276761,89.405716
Batch-3/R2.5_battery-3,98.22454308093994,89.39065
Batch-3/R2.5_battery-3,98.17232375979111,88.48002
Batch-3/R2.5_battery-3,98.79895561357702,89.28847
Batch-3/R2.5_battery-3,99.58224543080941,81.696236
Batch-3/R2.5_battery-3,99.3733681462141,89.23103
Batch-3/R2.5_battery-3,98.22454308093994,89.39065
Batch-3/R2.5_battery-3,98.06788511749347,88.48002
Batch-3/R2.5_battery-3,98.64229765013054,89.28847
Batch-3/R2.5_battery-3,99.47780678851174,81.63004
Batch-3/R2.5_battery-3,99.26892950391645,89.22981
Batch-3/R2.5_battery-3,98.1201044386423,89.38943
Batch-3/R2.5_battery-3,98.01566579634465,88.4788
Batch-3/R2.5_battery-3,98.48563968668407,89.28725
Batch-3/R2.5_battery-3,99.3733681462141,81.61352
Batch-3/R2.5_battery-3,99.21671018276761,89.199066
Batch-3/R2.5_battery-3,98.1201044386423,89.383
Batch-3/R2.5_battery-3,98.01566579634465,88.472374
Batch-3/R2.5_battery-3,98.48563968668407,89.28082
Batch-3/R2.5_battery-3,99.26892950391645,81.61826
Batch-3/R2.5_battery-3,99.06005221932115,88.995575
Batch-3/R2.5_battery-3,98.01566579634465,89.185936
Batch-3/R2.5_battery-3,97.85900783289819,88.27531
Batch-3/R2.5_battery-3,98.32898172323759,89.15024
Batch-3/R2.5_battery-3,99.11227154046996,81.60842
Batch-3/R2.5_battery-3,98.90339425587467,89.02632
Batch-3/R2.5_battery-3,97.85900783289819,89.185936
Batch-3/R2.5_battery-3,97.75456919060052,88.27531
Batch-3/R2.5_battery-3,98.22454308093994,89.17824
Batch-3/R2.5_battery-3,99.00783289817232,81.61378
Batch-3/R2.5_battery-3,98.79895561357702,89.02632
Batch-3/R2.5_battery-3,97.80678851174935,89.185936
Batch-3/R2.5_battery-3,97.65013054830287,88.27531
Batch-3/R2.5_battery-3,98.1201044386423,89.192154
Batch-3/R2.5_battery-3,98.90339425587467,81.572876
Batch-3/R2.5_battery-3,98.79895561357702,88.995575
Batch-3/R2.5_battery-3,97.75456919060052,89.185936
Batch-3/R2.5_battery-3,97.54569190600523,88.27531
Batch-3/R2.5_battery-3,98.01566579634465,89.24841
Batch-3/R2.5_battery-3,98.79895561357702,81.597595
Batch-3/R2.5_battery-3,98.59007832898172,88.995575
Batch-3/R2.5_battery-3,97.59791122715404,89.185936
Batch-3/R2.5_battery-3,97.44125326370757,88.27531
Batch-3/R2.5_battery-3,97.911227154047,89.21567
Batch-3/R2.5_battery-3,98.69451697127937,81.28995
Batch-3/R2.5_battery-3,98.59007832898172,88.995575
Batch-3/R2.5_battery-3,97.65013054830287,89.185936
Batch-3/R2.5_battery-3,97.4934725848564,88.27531
Batch-3/R2.5_battery-3,97.96344647519581,89.192154
Batch-3/R2.5_battery-3,98.64229765013054,81.30436
Batch-3/R2.5_battery-3,98.48563968668407,88.995575
Batch-3/R2.5_battery-3,97.54569190600523,89.185936
Batch-3/R2.5_battery-3,97.33681462140993,88.27531
Batch-3/R2.5_battery-3,97.80678851174935,89.21567
Batch-3/R2.5_battery-3,98.48563968668407,81.30436
Batch-3/R2.5_battery-3,98.48563968668407,88.995575
Batch-3/R2.5_battery-3,97.4934725848564,89.177635
Batch-3/R2.5_battery-3,97.33681462140993,88.267006
Batch-3/R2.5_battery-3,97.7023498694517,89.25346
Batch-3/R2.5_battery-3,98.43342036553526,81.2691
Batch-3/R2.5_battery-3,98.38120104438642,88.987274
Batch-3/R2.5_battery-3,97.38903394255874,89.177635
Batch-3/R2.5_battery-3,97.23237597911228,88.267006
Batch-3/R2.5_battery-3,97.65013054830287,89.22023
Batch-3/R2.5_battery-3,98.32898172323759,81.25846
Batch-3/R2.5_battery-3,98.27676240208876,88.954056
Batch-3/R2.5_battery-3,97.33681462140993,89.14442
Batch-3/R2.5_battery-3,97.12793733681463,88.242455
Batch-3/R2.5_battery-3,97.54569190600523,89.22023
Batch-3/R2.5_battery-3,98.32898172323759,81.25282
Batch-3/R2.5_battery-3,98.32898172323759,88.954056
Batch-3/R2.5_battery-3,97.38903394255874,89.14442
Batch-3/R2.5_battery-3,97.18015665796345,88.242455
Batch-3/R2.5_battery-3,97.54569190600523,89.11044
Batch-3/R2.5_battery-3,98.22454308093994,81.25282
Batch-3/R2.5_battery-3,98.22454308093994,88.84427
Batch-3/R2.5_battery-3,97.23237597911228,89.03463
Batch-3/R2.5_battery-3,97.02349869451697,88.1278
Batch-3/R2.5_battery-3,97.38903394255874,88.99725
Batch-3/R2.5_battery-3,98.06788511749347,81.30903
Batch-3/R2.5_battery-3,98.1201044386423,88.839386
Batch-3/R2.5_battery-3,97.23237597911228,89.02975
Batch-3/R2.5_battery-3,97.07571801566579,88.11912
Batch-3/R2.5_battery-3,97.38903394255874,88.98566
Batch-3/R2.5_battery-3,98.01566579634465,81.23537
Batch-3/R2.5_battery-3,98.17232375979111,88.839386
Batch-3/R2.5_battery-3,97.23237597911228,89.02975
Batch-3/R2.5_battery-3,96.97127937336815,88.1278
Batch-3/R2.5_battery-3,97.28459530026109,88.99725
Batch-3/R2.5_battery-3,97.911227154047,81.24654
Batch-3/R2.5_battery-3,98.01566579634465,88.839386
Batch-3/R2.5_battery-3,97.02349869451697,89.02975
Batch-3/R2.5_battery-3,96.76240208877284,88.1278
Batch-3/R2.5_battery-3,97.12793733681463,88.99725
Batch-3/R2.5_battery-3,97.80678851174935,81.2056
Batch-3/R2.5_battery-3,97.96344647519581,88.8374
Batch-3/R2.5_battery-3,96.97127937336815,89.02776
Batch-3/R2.5_battery-3,96.76240208877284,88.1258
Batch-3/R2.5_battery-3,97.12793733681463,88.995255
Batch-3/R2.5_battery-3,97.75456919060052,81.21677
Batch-3/R2.5_battery-3,97.911227154047,88.83185
Batch-3/R2.5_battery-3,96.8668407310705,89.02221
Batch-3/R2.5_battery-3,96.6579634464752,88.12025
Batch-3/R2.5_battery-3,96.97127937336815,89.06071
Batch-3/R2.5_battery-3,97.59791122715404,81.20849
Batch-3/R2.5_battery-3,97.75456919060052,88.82489
Batch-3/R2.5_battery-3,96.71018276762402,89.01525
Batch-3/R2.5_battery-3,96.55352480417754,88.11329
Batch-3/R2.5_battery-3,96.8668407310705,89.118126
Batch-3/R2.5_battery-3,97.54569190600523,81.20849
Batch-3/R2.5_battery-3,97.75456919060052,88.82489
Batch-3/R2.5_battery-3,96.81462140992167,89.01525
Batch-3/R2.5_battery-3,96.55352480417754,88.11329
Batch-3/R2.5_battery-3,96.81462140992167,89.118126
Batch-3/R2.5_battery-3,97.44125326370757,81.20849
Batch-3/R2.5_battery-3,97.59791122715404,88.82489
Batch-3/R2.5_battery-3,96.60574412532638,89.01525
Batch-3/R2.5_battery-3,96.39686684073108,88.11329
Batch-3/R2.5_battery-3,96.6579634464752,89.118126
Batch-3/R2.5_battery-3,97.28459530026109,81.131805
Batch-3/R2.5_battery-3,97.38903394255874,88.82489
Batch-3/R2.5_battery-3,96.55352480417754,88.98644
Batch-3/R2.5_battery-3,96.39686684073108,88.084496
Batch-3/R2.5_battery-3,96.6579634464752,89.08933
Batch-3/R2.5_battery-3,97.23237597911228,81.086334
Batch-3/R2.5_battery-3,97.38903394255874,88.79608
Batch-3/R2.5_battery-3,96.44908616187989,88.98644
Batch-3/R2.5_battery-3,96.2402088772846,88.084496
Batch-3/R2.5_battery-3,96.50130548302872,89.08933
Batch-3/R2.5_battery-3,97.07571801566579,81.132
Batch-3/R2.5_battery-3,97.23237597911228,88.79608
Batch-3/R2.5_battery-3,96.29242819843343,88.98644
Batch-3/R2.5_battery-3,96.0313315926893,88.084496
Batch-3/R2.5_battery-3,96.34464751958224,89.08933
Batch-3/R2.5_battery-3,96.97127937336815,81.119064
Batch-3/R2.5_battery-3,97.23237597911228,88.79608
Batch-3/R2.5_battery-3,96.34464751958224,88.98644
Batch-3/R2.5_battery-3,96.0313315926893,88.084496
Batch-3/R2.5_battery-3,96.39686684073108,89.39127
Batch-3/R2.5_battery-3,96.97127937336815,81.04046
Batch-3/R2.5_battery-3,97.12793733681463,88.79608
Batch-3/R2.5_battery-3,96.18798955613578,88.98644
Batch-3/R2.5_battery-3,95.87467362924282,87.5927
Batch-3/R2.5_battery-3,96.18798955613578,89.098366
Batch-3/R2.5_battery-3,96.71018276762402,81.03048
Batch-3/R2.5_battery-3,96.97127937336815,88.79409
Batch-3/R2.5_battery-3,96.0313315926893,88.98445
Batch-3/R2.5_battery-3,95.71801566579634,88.084496
Batch-3/R2.5_battery-3,96.13577023498694,89.39127
Batch-3/R2.5_battery-3,96.71018276762402,80.97203
Batch-3/R2.5_battery-3,97.02349869451697,88.79409
Batch-3/R2.5_battery-3,96.08355091383812,88.98445
Batch-3/R2.5_battery-3,95.71801566579634,88.08048
Batch-3/R2.5_battery-3,96.0313315926893,89.390205
Batch-3/R2.5_battery-3,96.50130548302872,80.967575
Batch-3/R2.5_battery-3,96.81462140992167,88.77795
Batch-3/R2.5_battery-3,95.87467362924282,88.96831
Batch-3/R2.5_battery-3,95.61357702349869,88.071526
Batch-3/R2.5_battery-3,95.92689295039165,89.410255
Batch-3/R2.5_battery-3,96.39686684073108,80.90756
Batch-3/R2.5_battery-3,96.71018276762402,88.76173
Batch-3/R2.5_battery-3,95.71801566579634,88.95209
Batch-3/R2.5_battery-3,95.50913838120104,88.055305
Batch-3/R2.5_battery-3,95.87467362924282,89.37879
Batch-3/R2.5_battery-3,96.29242819843343,80.93363
Batch-3/R2.5_battery-3,96.6579634464752,88.76173
Batch-3/R2.5_battery-3,95.71801566579634,88.94119
Batch-3/R2.5_battery-3,95.35248041775458,88.04441
Batch-3/R2.5_battery-3,95.61357702349869,89.36024
Batch-3/R2.5_battery-3,96.08355091383812,79.35564
Batch-3/R2.5_battery-3,96.44908616187989,88.724754
Batch-3/R2.5_battery-3,95.50913838120104,88.915115
Batch-3/R2.5_battery-3,95.24804177545691,88.01833
Batch-3/R2.5_battery-3,95.45691906005223,89.33955
Batch-3/R2.5_battery-3,95.92689295039165,79.30564
Batch-3/R2.5_battery-3,96.29242819843343,88.724754
Batch-3/R2.5_battery-3,95.40469973890339,88.915115
Batch-3/R2.5_battery-3,95.14360313315927,88.01714
Batch-3/R2.5_battery-3,95.40469973890339,89.346016
Batch-3/R2.5_battery-3,95.77023498694517,79.33673
Batch-3/R2.5_battery-3,96.29242819843343,88.723564
Batch-3/R2.5_battery-3,95.30026109660574,88.913376
Batch-3/R2.5_battery-3,94.98694516971278,88.016594
Batch-3/R2.5_battery-3,95.24804177545691,89.374664
Batch-3/R2.5_battery-3,95.61357702349869,79.35403
Batch-3/R2.5_battery-3,96.08355091383812,88.723015
Batch-3/R2.5_battery-3,95.09138381201045,88.924545
Batch-3/R2.5_battery-3,94.7780678851175,88.03576
Batch-3/R2.5_battery-3,94.98694516971278,89.35176
Batch-3/R2.5_battery-3,95.40469973890339,79.41076
Batch-3/R2.5_battery-3,95.92689295039165,88.723015
Batch-3/R2.5_battery-3,95.03916449086162,88.913376
Batch-3/R2.5_battery-3,94.67362924281983,88.016594
Batch-3/R2.5_battery-3,94.83028720626632,89.352806
Batch-3/R2.5_battery-3,95.19582245430809,79.30907
Batch-3/R2.5_battery-3,95.77023498694517,88.723015
Batch-3/R2.5_battery-3,94.88250652741515,88.913376
Batch-3/R2.5_battery-3,94.51697127937338,88.016594
Batch-3/R2.5_battery-3,94.67362924281983,89.47994
Batch-3/R2.5_battery-3,95.03916449086162,79.2914
Batch-3/R2.5_battery-3,95.56135770234987,88.70379
Batch-3/R2.5_battery-3,94.62140992167102,88.90532
Batch-3/R2.5_battery-3,94.30809399477806,87.99737
Batch-3/R2.5_battery-3,94.46475195822454,89.461174
Batch-3/R2.5_battery-3,94.83028720626632,79.27228
Batch-3/R2.5_battery-3,95.45691906005223,88.70379
Batch-3/R2.5_battery-3,94.51697127937338,88.90532
Batch-3/R2.5_battery-3,94.1514360313316,88.01653
Batch-3/R2.5_battery-3,94.25587467362924,89.47596
Batch-3/R2.5_battery-3,94.56919060052219,79.30322
Batch-3/R2.5_battery-3,95.19582245430809,88.70379
Batch-3/R2.5_battery-3,94.20365535248042,88.90532
Batch-3/R2.5_battery-3,93.83812010443864,88.01653
Batch-3/R2.5_battery-3,93.99477806788512,89.69363
Batch-3/R2.5_battery-3,94.36031331592689,79.2793
Batch-3/R2.5_battery-3,94.93472584856397,88.726524
Batch-3/R2.5_battery-3,94.04699738903393,88.89731
Batch-3/R2.5_battery-3,93.62924281984334,88.00852
Batch-3/R2.5_battery-3,93.78590078328982,89.64744
Batch-3/R2.5_battery-3,94.1514360313316,79.278275
Batch-3/R2.5_battery-3,94.72584856396867,88.8984
Batch-3/R2.5_battery-3,93.73368146214098,88.89731
Batch-3/R2.5_battery-3,93.36814621409921,88.29852
Batch-3/R2.5_battery-3,93.52480417754569,89.52395
Batch-3/R2.5_battery-3,93.83812010443864,79.34033
Batch-3/R2.5_battery-3,94.41253263707571,88.90121
Batch-3/R2.5_battery-3,93.42036553524804,88.89731
Batch-3/R2.5_battery-3,93.05483028720627,88.29852
Batch-3/R2.5_battery-3,93.26370757180158,89.53855
Batch-3/R2.5_battery-3,93.47258485639686,79.228745
Batch-3/R2.5_battery-3,94.09921671018276,88.90121
Batch-3/R2.5_battery-3,93.10704960835508,88.89731
Batch-3/R2.5_battery-3,92.68929503916449,88.31854
Batch-3/R2.5_battery-3,92.84595300261097,89.63256
Batch-3/R2.5_battery-3,93.10704960835508,79.228745
Batch-3/R2.5_battery-3,93.78590078328982,88.95405
Batch-3/R2.5_battery-3,92.74151436031332,88.9016
Batch-3/R2.5_battery-3,92.37597911227154,88.284485
Batch-3/R2.5_battery-3,92.48041775456919,89.229576
Batch-3/R2.5_battery-3,92.74151436031332,78.738014
Batch-3/R2.5_battery-3,93.42036553524804,88.94396
Batch-3/R2.5_battery-3,92.42819843342036,88.8915
Batch-3/R2.5_battery-3,92.06266318537858,89.28073
Batch-3/R2.5_battery-3,92.21932114882506,89.4894
Batch-3/R2.5_battery-3,92.48041775456919,78.74488
Batch-3/R2.5_battery-3,93.15926892950391,88.926796
Batch-3/R2.5_battery-3,92.11488250652742,88.87434
Batch-3/R2.5_battery-3,91.6971279373368,89.263565
Batch-3/R2.5_battery-3,91.80156657963447,89.51379
Batch-3/R2.5_battery-3,92.06266318537858,78.68963
Batch-3/R2.5_battery-3,92.79373368146213,88.90572
Batch-3/R2.5_battery-3,91.74934725848564,88.85328
Batch-3/R2.5_battery-3,91.33159268929504,89.24251
Batch-3/R2.5_battery-3,91.43603133159269,89.111305
Batch-3/R2.5_battery-3,91.64490861618798,78.68842
Batch-3/R2.5_battery-3,92.48041775456919,88.90572
Batch-3/R2.5_battery-3,91.48825065274151,88.85328
Batch-3/R2.5_battery-3,91.0182767624021,89.3191
Batch-3/R2.5_battery-3,91.0704960835509,89.30019
Batch-3/R2.5_battery-3,91.27937336814621,78.68842
Batch-3/R2.5_battery-3,92.11488250652742,88.90572
Batch-3/R2.5_battery-3,91.0704960835509,88.861946
Batch-3/R2.5_battery-3,90.6005221932115,89.35403
Batch-3/R2.5_battery-3,90.6005221932115,89.17464
Batch-3/R2.5_battery-3,90.80939947780679,78.68963
Batch-3/R2.5_battery-3,91.64490861618798,88.90572
Batch-3/R2.5_battery-3,90.65274151436032,88.81922
Batch-3/R2.5_battery-3,90.28720626631855,89.28506
Batch-3/R2.5_battery-3,90.33942558746736,89.34506
Batch-3/R2.5_battery-3,90.49608355091384,78.66222
Batch-3/R2.5_battery-3,91.48825065274151,88.8467
Batch-3/R2.5_battery-3,90.54830287206266,88.81585
Batch-3/R2.5_battery-3,89.86945169712794,89.362
Batch-3/R2.5_battery-3,89.86945169712794,89.19108
Batch-3/R2.5_battery-3,90.0261096605744,78.67132
Batch-3/R2.5_battery-3,91.0182767624021,88.73568
Batch-3/R2.5_battery-3,89.92167101827675,88.70202
Batch-3/R2.5_battery-3,89.34725848563968,89.362
Batch-3/R2.5_battery-3,89.29503916449086,89.31771
Batch-3/R2.5_battery-3,89.39947780678851,78.64376
Batch-3/R2.5_battery-3,90.54830287206266,88.72704
Batch-3/R2.5_battery-3,89.55613577023499,88.692345
Batch-3/R2.5_battery-3,89.08616187989556,89.32323
Batch-3/R2.5_battery-3,88.9817232375979,90.33622
Batch-3/R2.5_battery-3,89.03394255874673,78.665375
Batch-3/R2.5_battery-3,90.18276762402088,88.7232
Batch-3/R2.5_battery-3,89.08616187989556,88.68549
Batch-3/R2.5_battery-3,88.51174934725849,89.315445
Batch-3/R2.5_battery-3,88.40731070496084,90.01885
Batch-3/R2.5_battery-3,88.40731070496084,78.63418
Batch-3/R2.5_battery-3,89.71279373368147,88.71633
Batch-3/R2.5_battery-3,88.61618798955614,88.657616
Batch-3/R2.5_battery-3,87.9373368146214,89.315445
Batch-3/R2.5_battery-3,87.83289817232375,89.791626
Batch-3/R2.5_battery-3,87.9373368146214,78.67438
Batch-3/R2.5_battery-3,89.24281984334203,88.51371
Batch-3/R2.5_battery-3,88.25065274151436,88.657616
Batch-3/R2.5_battery-3,87.41514360313315,89.40372
Batch-3/R2.5_battery-3,87.31070496083551,88.841995
Batch-3/R2.5_battery-3,87.31070496083551,78.42708
Batch-3/R2.5_battery-3,88.77284595300262,88.51371
Batch-3/R2.5_battery-3,87.62402088772846,88.61858
Batch-3/R2.5_battery-3,86.8929503916449,89.364685
Batch-3/R2.5_battery-3,86.73629242819844,89.04806
Batch-3/R2.5_battery-3,86.6840731070496,78.437126
Batch-3/R2.5_battery-3,88.1462140992167,88.456795
Batch-3/R2.5_battery-3,87.04960835509138,88.6007
Batch-3/R2.5_battery-3,86.31853785900783,89.3468
Batch-3/R2.5_battery-3,86.16187989556136,88.842285
Batch-3/R2.5_battery-3,86.0574412532637,78.43637
Batch-3/R2.5_battery-3,87.67624020887729,88.456795
Batch-3/R2.5_battery-3,86.4751958224543,88.66967
Batch-3/R2.5_battery-3,85.74412532637075,88.86641
Batch-3/R2.5_battery-3,85.48302872062663,89.81218
Batch-3/R2.5_battery-3,85.37859007832897,78.35182
Batch-3/R2.5_battery-3,86.99738903394255,88.42312
Batch-3/R2.5_battery-3,85.79634464751959,88.4347
Batch-3/R2.5_battery-3,84.96083550913838,89.19042
Batch-3/R2.5_battery-3,84.69973890339426,89.47499
Batch-3/R2.5_battery-3,84.54308093994779,78.33127
Batch-3/R2.5_battery-3,86.21409921671018,88.42312
Batch-3/R2.5_battery-3,85.11749347258485,88.4347
Batch-3/R2.5_battery-3,84.28198433420366,89.19042
Batch-3/R2.5_battery-3,83.96866840731072,88.969376
Batch-3/R2.5_battery-3,83.70757180156657,78.32331
Batch-3/R2.5_battery-3,85.53524804177545,88.42312
Batch-3/R2.5_battery-3,84.33420365535248,88.165085
Batch-3/R2.5_battery-3,83.39425587467363,89.06812
Batch-3/R2.5_battery-3,82.97650130548303,89.05583
Batch-3/R2.5_battery-3,82.66318537859007,78.22088
Batch-3/R2.5_battery-3,84.59530026109661,88.40598
Batch-3/R2.5_battery-3,83.3420365535248,88.147964
Batch-3/R2.5_battery-3,82.2976501305483,89.04592
Batch-3/R2.5_battery-3,81.87989556135771,89.51991
Batch-3/R2.5_battery-3,81.51436031331592,78.010315
Batch-3/R2.5_battery-3,83.75979112271541,88.38821
Batch-3/R2.5_battery-3,82.50652741514361,88.147964
Batch-3/R2.5_battery-3,81.40992167101827,89.09109
Batch-3/R2.5_battery-3,80.88772845953002,84.2354
Batch-3/R2.5_battery-3,80.4177545691906,77.99068
Batch-3/R2.5_battery-3,82.7154046997389,88.38821
Batch-3/R2.5_battery-4,103.71338912133892,99.8738
Batch-3/R2.5_battery-4,100.0,100.06021
Batch-3/R2.5_battery-4,98.48326359832636,99.74255
Batch-3/R2.5_battery-4,99.3723849372385,98.04686
Batch-3/R2.5_battery-4,100.7845188284519,98.353294
Batch-3/R2.5_battery-4,103.60878661087867,84.047905
Batch-3/R2.5_battery-4,101.72594142259415,97.43181
Batch-3/R2.5_battery-4,99.7907949790795,98.05773
Batch-3/R2.5_battery-4,99.3723849372385,97.83054
Batch-3/R2.5_battery-4,100.7845188284519,98.254616
Batch-3/R2.5_battery-4,103.92259414225941,83.57493
Batch-3/R2.5_battery-4,102.71966527196652,97.259125
Batch-3/R2.5_battery-4,100.94142259414225,97.39423
Batch-3/R2.5_battery-4,100.52301255230125,97.3849
Batch-3/R2.5_battery-4,101.67364016736403,98.10215
Batch-3/R2.5_battery-4,104.75941422594144,83.48024
Batch-3/R2.5_battery-4,103.60878661087867,97.01374
Batch-3/R2.5_battery-4,101.8305439330544,97.42732
Batch-3/R2.5_battery-4,101.46443514644352,97.08811
Batch-3/R2.5_battery-4,102.61506276150627,97.95567
Batch-3/R2.5_battery-4,105.07322175732216,83.4984
Batch-3/R2.5_battery-4,104.07949790794979,97.01374
Batch-3/R2.5_battery-4,102.40585774058577,97.30162
Batch-3/R2.5_battery-4,102.09205020920503,96.960396
Batch-3/R2.5_battery-4,103.19037656903767,97.658745
Batch-3/R2.5_battery-4,105.33472803347279,83.47599
Batch-3/R2.5_battery-4,104.39330543933055,96.88923
Batch-3/R2.5_battery-4,102.71966527196652,97.08449
Batch-3/R2.5_battery-4,102.45815899581592,96.81532
Batch-3/R2.5_battery-4,103.50418410041841,97.83754
Batch-3/R2.5_battery-4,105.49163179916319,83.45081
Batch-3/R2.5_battery-4,104.55020920502093,96.86682
Batch-3/R2.5_battery-4,102.92887029288704,96.91255
Batch-3/R2.5_battery-4,102.61506276150627,96.59352
Batch-3/R2.5_battery-4,103.71338912133892,97.47125
Batch-3/R2.5_battery-4,105.54393305439329,83.43625
Batch-3/R2.5_battery-4,104.60251046025104,96.24455
Batch-3/R2.5_battery-4,103.0334728033473,96.36411
Batch-3/R2.5_battery-4,102.77196652719667,96.184166
Batch-3/R2.5_battery-4,103.81799163179917,96.98789
Batch-3/R2.5_battery-4,105.54393305439329,83.330414
Batch-3/R2.5_battery-4,104.65481171548117,96.17942
Batch-3/R2.5_battery-4,103.13807531380755,95.731514
Batch-3/R2.5_battery-4,102.87656903765692,95.42486
Batch-3/R2.5_battery-4,103.8702928870293,96.23864
Batch-3/R2.5_battery-4,105.54393305439329,83.091095
Batch-3/R2.5_battery-4,104.60251046025104,95.72556
Batch-3/R2.5_battery-4,103.0334728033473,95.766624
Batch-3/R2.5_battery-4,102.82426778242677,95.35166
Batch-3/R2.5_battery-4,103.8702928870293,96.31815
Batch-3/R2.5_battery-4,105.49163179916319,82.9935
Batch-3/R2.5_battery-4,104.7071129707113,95.10763
Batch-3/R2.5_battery-4,103.29497907949792,95.1834
Batch-3/R2.5_battery-4,102.87656903765692,94.75918
Batch-3/R2.5_battery-4,103.8702928870293,95.810616
Batch-3/R2.5_battery-4,105.38702928870293,82.98357
Batch-3/R2.5_battery-4,104.55020920502093,94.577705
Batch-3/R2.5_battery-4,103.0334728033473,94.29295
Batch-3/R2.5_battery-4,102.82426778242677,93.283585
Batch-3/R2.5_battery-4,103.81799163179917,94.18759
Batch-3/R2.5_battery-4,105.33472803347279,83.098206
Batch-3/R2.5_battery-4,104.55020920502093,93.18125
Batch-3/R2.5_battery-4,103.08577405857741,93.02168
Batch-3/R2.5_battery-4,102.92887029288704,92.986404
Batch-3/R2.5_battery-4,103.8702928870293,93.44679
Batch-3/R2.5_battery-4,105.28242677824267,82.98357
Batch-3/R2.5_battery-4,104.55020920502093,92.89419
Batch-3/R2.5_battery-4,103.08577405857741,92.654495
Batch-3/R2.5_battery-4,102.82426778242677,92.39126
Batch-3/R2.5_battery-4,103.81799163179917,93.41931
Batch-3/R2.5_battery-4,105.17782426778244,83.061584
Batch-3/R2.5_battery-4,104.34100418410044,92.58628
Batch-3/R2.5_battery-4,102.92887029288704,91.64192
Batch-3/R2.5_battery-4,102.77196652719667,91.7136
Batch-3/R2.5_battery-4,103.71338912133892,93.36932
Batch-3/R2.5_battery-4,105.12552301255229,83.061584
Batch-3/R2.5_battery-4,104.4456066945607,92.58628
Batch-3/R2.5_battery-4,103.13807531380755,92.22815
Batch-3/R2.5_battery-4,102.92887029288704,92.27187
Batch-3/R2.5_battery-4,103.81799163179917,93.145485
Batch-3/R2.5_battery-4,105.07322175732216,82.95941
Batch-3/R2.5_battery-4,104.2887029288703,92.58628
Batch-3/R2.5_battery-4,103.0334728033473,92.22815
Batch-3/R2.5_battery-4,102.82426778242677,92.199684
Batch-3/R2.5_battery-4,103.71338912133892,92.86193
Batch-3/R2.5_battery-4,104.96861924686193,83.081154
Batch-3/R2.5_battery-4,104.18410041841004,92.58628
Batch-3/R2.5_battery-4,102.92887029288704,91.64192
Batch-3/R2.5_battery-4,102.77196652719667,91.839745
Batch-3/R2.5_battery-4,103.66108786610879,93.23342
Batch-3/R2.5_battery-4,104.96861924686193,82.97898
Batch-3/R2.5_battery-4,104.2887029288703,92.477234
Batch-3/R2.5_battery-4,102.98117154811717,92.514915
Batch-3/R2.5_battery-4,102.71966527196652,92.087395
Batch-3/R2.5_battery-4,103.55648535564855,92.821884
Batch-3/R2.5_battery-4,104.81171548117156,83.12475
Batch-3/R2.5_battery-4,103.97489539748955,91.98823
Batch-3/R2.5_battery-4,102.77196652719667,90.91255
Batch-3/R2.5_battery-4,102.56276150627616,89.65857
Batch-3/R2.5_battery-4,103.39958158995816,92.19976
Batch-3/R2.5_battery-4,104.7071129707113,83.134224
Batch-3/R2.5_battery-4,103.8702928870293,90.60096
Batch-3/R2.5_battery-4,102.61506276150627,89.475494
Batch-3/R2.5_battery-4,102.51046025104603,88.820724
Batch-3/R2.5_battery-4,103.39958158995816,91.407845
Batch-3/R2.5_battery-4,104.65481171548117,82.982704
Batch-3/R2.5_battery-4,103.81799163179917,90.60096
Batch-3/R2.5_battery-4,102.61506276150627,89.70264
Batch-3/R2.5_battery-4,102.45815899581592,88.81987
Batch-3/R2.5_battery-4,103.24267782426779,90.97771
Batch-3/R2.5_battery-4,104.49790794979079,83.30478
Batch-3/R2.5_battery-4,103.55648535564855,90.75001
Batch-3/R2.5_battery-4,102.35355648535564,89.51189
Batch-3/R2.5_battery-4,102.19665271966527,88.74701
Batch-3/R2.5_battery-4,103.19037656903767,90.401855
Batch-3/R2.5_battery-4,104.49790794979079,82.982704
Batch-3/R2.5_battery-4,103.71338912133892,90.60096
Batch-3/R2.5_battery-4,102.56276150627616,89.475494
Batch-3/R2.5_battery-4,102.35355648535564,88.82106
Batch-3/R2.5_battery-4,103.13807531380755,91.13656
Batch-3/R2.5_battery-4,104.39330543933055,82.953995
Batch-3/R2.5_battery-4,103.55648535564855,90.75001
Batch-3/R2.5_battery-4,102.45815899581592,89.44092
Batch-3/R2.5_battery-4,102.2489539748954,88.820724
Batch-3/R2.5_battery-4,103.0334728033473,90.83298
Batch-3/R2.5_battery-4,104.2887029288703,83.068596
Batch-3/R2.5_battery-4,103.39958158995816,90.75001
Batch-3/R2.5_battery-4,102.35355648535564,89.44092
Batch-3/R2.5_battery-4,102.2489539748954,88.820724
Batch-3/R2.5_battery-4,103.08577405857741,91.08234
Batch-3/R2.5_battery-4,104.23640167364016,82.901634
Batch-3/R2.5_battery-4,103.55648535564855,90.52276
Batch-3/R2.5_battery-4,102.45815899581592,89.67996
Batch-3/R2.5_battery-4,102.2489539748954,89.56019
Batch-3/R2.5_battery-4,102.98117154811717,91.05731
Batch-3/R2.5_battery-4,104.18410041841004,82.90493
Batch-3/R2.5_battery-4,103.39958158995816,90.52276
Batch-3/R2.5_battery-4,102.35355648535564,89.44144
Batch-3/R2.5_battery-4,102.14435146443515,89.16747
Batch-3/R2.5_battery-4,102.92887029288704,91.04388
Batch-3/R2.5_battery-4,104.07949790794979,82.78093
Batch-3/R2.5_battery-4,103.34728033472804,90.67179
Batch-3/R2.5_battery-4,102.30125523012552,89.44144
Batch-3/R2.5_battery-4,102.09205020920503,89.2373
Batch-3/R2.5_battery-4,102.87656903765692,91.16646
Batch-3/R2.5_battery-4,104.02719665271967,82.77695
Batch-3/R2.5_battery-4,103.34728033472804,90.52276
Batch-3/R2.5_battery-4,102.2489539748954,89.487206
Batch-3/R2.5_battery-4,102.09205020920503,89.78514
Batch-3/R2.5_battery-4,102.77196652719667,90.96625
Batch-3/R2.5_battery-4,103.97489539748955,82.75373
Batch-3/R2.5_battery-4,103.13807531380755,90.49954
Batch-3/R2.5_battery-4,102.0397489539749,89.487206
Batch-3/R2.5_battery-4,101.88284518828452,88.832436
Batch-3/R2.5_battery-4,102.66736401673641,91.05581
Batch-3/R2.5_battery-4,103.8702928870293,82.81779
Batch-3/R2.5_battery-4,103.19037656903767,90.493866
Batch-3/R2.5_battery-4,102.19665271966527,89.68601
Batch-3/R2.5_battery-4,101.98744769874477,90.08978
Batch-3/R2.5_battery-4,102.71966527196652,90.86363
Batch-3/R2.5_battery-4,103.81799163179917,82.65551
Batch-3/R2.5_battery-4,103.13807531380755,90.493866
Batch-3/R2.5_battery-4,102.0397489539749,89.3597
Batch-3/R2.5_battery-4,101.93514644351464,89.74008
Batch-3/R2.5_battery-4,102.61506276150627,90.94821
Batch-3/R2.5_battery-4,103.76569037656904,82.75373
Batch-3/R2.5_battery-4,102.92887029288704,90.642914
Batch-3/R2.5_battery-4,101.93514644351464,89.42869
Batch-3/R2.5_battery-4,101.8305439330544,89.29594
Batch-3/R2.5_battery-4,102.66736401673641,90.95985
Batch-3/R2.5_battery-4,103.81799163179917,82.58238
Batch-3/R2.5_battery-4,103.24267782426779,90.384834
Batch-3/R2.5_battery-4,102.19665271966527,90.37195
Batch-3/R2.5_battery-4,101.98744769874477,89.78838
Batch-3/R2.5_battery-4,102.61506276150627,90.79592
Batch-3/R2.5_battery-4,103.71338912133892,82.58238
Batch-3/R2.5_battery-4,103.08577405857741,90.493866
Batch-3/R2.5_battery-4,102.0397489539749,90.24671
Batch-3/R2.5_battery-4,101.88284518828452,89.84251
Batch-3/R2.5_battery-4,102.51046025104603,90.824936
Batch-3/R2.5_battery-4,103.60878661087867,82.684555
Batch-3/R2.5_battery-4,103.0334728033473,90.493866
Batch-3/R2.5_battery-4,101.98744769874477,90.3138
Batch-3/R2.5_battery-4,101.8305439330544,89.76493
Batch-3/R2.5_battery-4,102.45815899581592,90.82719
Batch-3/R2.5_battery-4,103.55648535564855,81.075066
Batch-3/R2.5_battery-4,102.92887029288704,90.493866
Batch-3/R2.5_battery-4,101.88284518828452,89.983574
Batch-3/R2.5_battery-4,101.67364016736403,90.08606
Batch-3/R2.5_battery-4,102.35355648535564,90.82399
Batch-3/R2.5_battery-4,103.50418410041841,81.08454
Batch-3/R2.5_battery-4,102.82426778242677,90.493866
Batch-3/R2.5_battery-4,101.72594142259415,89.12281
Batch-3/R2.5_battery-4,101.56903765690377,89.69331
Batch-3/R2.5_battery-4,102.2489539748954,90.85774
Batch-3/R2.5_battery-4,103.39958158995816,81.10647
Batch-3/R2.5_battery-4,102.66736401673641,90.642914
Batch-3/R2.5_battery-4,101.6213389121339,89.18667
Batch-3/R2.5_battery-4,101.51673640167364,89.29594
Batch-3/R2.5_battery-4,102.14435146443515,90.84643
Batch-3/R2.5_battery-4,103.34728033472804,81.125084
Batch-3/R2.5_battery-4,102.56276150627616,90.67418
Batch-3/R2.5_battery-4,101.51673640167364,89.18667
Batch-3/R2.5_battery-4,101.35983263598327,88.7919
Batch-3/R2.5_battery-4,102.0397489539749,90.50788
Batch-3/R2.5_battery-4,103.24267782426779,81.50238
Batch-3/R2.5_battery-4,102.45815899581592,90.62747
Batch-3/R2.5_battery-4,101.35983263598327,89.1572
Batch-3/R2.5_battery-4,101.25523012552303,88.7919
Batch-3/R2.5_battery-4,101.93514644351464,90.50498
Batch-3/R2.5_battery-4,103.13807531380755,81.716675
Batch-3/R2.5_battery-4,102.40585774058577,90.6158
Batch-3/R2.5_battery-4,101.30753138075315,89.14553
Batch-3/R2.5_battery-4,101.2029288702929,88.76245
Batch-3/R2.5_battery-4,101.88284518828452,90.94877
Batch-3/R2.5_battery-4,103.0334728033473,81.65998
Batch-3/R2.5_battery-4,102.30125523012552,90.64984
Batch-3/R2.5_battery-4,101.2029288702929,89.14042
Batch-3/R2.5_battery-4,101.04602510460252,88.40326
Batch-3/R2.5_battery-4,101.77824267782427,90.38242
Batch-3/R2.5_battery-4,102.92887029288704,81.67661
Batch-3/R2.5_battery-4,102.09205020920503,90.65306
Batch-3/R2.5_battery-4,100.9937238493724,89.242134
Batch-3/R2.5_battery-4,100.88912133891215,88.38277
Batch-3/R2.5_battery-4,101.56903765690377,90.21517
Batch-3/R2.5_battery-4,102.82426778242677,81.73831
Batch-3/R2.5_battery-4,101.93514644351464,90.421646
Batch-3/R2.5_battery-4,100.88912133891215,89.18085
Batch-3/R2.5_battery-4,100.73221757322175,88.35223
Batch-3/R2.5_battery-4,101.46443514644352,90.152
Batch-3/R2.5_battery-4,102.66736401673641,81.75693
Batch-3/R2.5_battery-4,101.77824267782427,89.68337
Batch-3/R2.5_battery-4,100.67991631799164,89.38347
Batch-3/R2.5_battery-4,100.5753138075314,88.35223
Batch-3/R2.5_battery-4,101.30753138075315,90.091286
Batch-3/R2.5_battery-4,102.56276150627616,81.74214
Batch-3/R2.5_battery-4,101.56903765690377,89.478905
Batch-3/R2.5_battery-4,100.418410041841,89.21159
Batch-3/R2.5_battery-4,100.36610878661088,88.35223
Batch-3/R2.5_battery-4,101.09832635983264,90.052
Batch-3/R2.5_battery-4,102.40585774058577,81.74399
Batch-3/R2.5_battery-4,101.35983263598327,89.44433
Batch-3/R2.5_battery-4,100.2092050209205,89.33529
Batch-3/R2.5_battery-4,100.10460251046025,88.23067
Batch-3/R2.5_battery-4,100.88912133891215,89.72556
Batch-3/R2.5_battery-4,102.19665271966527,81.762085
Batch-3/R2.5_battery-4,101.09832635983264,89.5153
Batch-3/R2.5_battery-4,99.89539748953975,89.37467
Batch-3/R2.5_battery-4,99.7907949790795,88.53643
Batch-3/R2.5_battery-4,100.62761506276149,89.67197
Batch-3/R2.5_battery-4,101.98744769874477,81.84462
Batch-3/R2.5_battery-4,100.7845188284519,89.46244
Batch-3/R2.5_battery-4,99.581589958159,89.42753
Batch-3/R2.5_battery-4,99.52928870292888,88.53643
Batch-3/R2.5_battery-4,100.36610878661088,89.670395
Batch-3/R2.5_battery-4,101.77824267782427,81.66018
Batch-3/R2.5_battery-4,100.47071129707115,89.41145
Batch-3/R2.5_battery-4,99.32008368200837,89.42753
Batch-3/R2.5_battery-4,99.32008368200837,88.591606
Batch-3/R2.5_battery-4,100.15690376569037,89.22403
Batch-3/R2.5_battery-4,101.6213389121339,81.79693
Batch-3/R2.5_battery-4,100.2092050209205,89.41145
Batch-3/R2.5_battery-4,99.05857740585773,89.35854
Batch-3/R2.5_battery-4,99.11087866108788,88.591606
Batch-3/R2.5_battery-4,99.94769874476988,89.2583
Batch-3/R2.5_battery-4,101.4121338912134,81.798134
Batch-3/R2.5_battery-4,100.05230125523012,89.41145
Batch-3/R2.5_battery-4,98.90167364016736,89.42753
Batch-3/R2.5_battery-4,98.90167364016736,88.50721
Batch-3/R2.5_battery-4,99.7907949790795,89.26001
Batch-3/R2.5_battery-4,101.25523012552303,81.72356
Batch-3/R2.5_battery-4,99.84309623430963,89.23958
Batch-3/R2.5_battery-4,98.69246861924687,89.42753
Batch-3/R2.5_battery-4,98.74476987447699,88.50721
Batch-3/R2.5_battery-4,99.581589958159,89.26233
Batch-3/R2.5_battery-4,101.09832635983264,81.72915
Batch-3/R2.5_battery-4,99.68619246861925,89.20883
Batch-3/R2.5_battery-4,98.48326359832636,89.35854
Batch-3/R2.5_battery-4,98.53556485355648,88.43484
Batch-3/R2.5_battery-4,99.42468619246863,89.235016
Batch-3/R2.5_battery-4,100.9937238493724,81.782265
Batch-3/R2.5_battery-4,99.581589958159,89.23619
Batch-3/R2.5_battery-4,98.37866108786612,89.355156
Batch-3/R2.5_battery-4,98.37866108786612,88.50382
Batch-3/R2.5_battery-4,99.26778242677824,89.27072
Batch-3/R2.5_battery-4,100.7845188284519,81.70769
Batch-3/R2.5_battery-4,99.3723849372385,89.23619
Batch-3/R2.5_battery-4,98.16945606694561,89.38921
Batch-3/R2.5_battery-4,98.22175732217573,88.50382
Batch-3/R2.5_battery-4,99.16317991631799,89.37143
Batch-3/R2.5_battery-4,100.67991631799164,81.69973
Batch-3/R2.5_battery-4,99.21548117154812,89.23619
Batch-3/R2.5_battery-4,98.06485355648536,89.38921
Batch-3/R2.5_battery-4,98.11715481171548,88.43484
Batch-3/R2.5_battery-4,99.05857740585773,89.25894
Batch-3/R2.5_battery-4,100.52301255230125,81.73632
Batch-3/R2.5_battery-4,99.11087866108788,89.23619
Batch-3/R2.5_battery-4,97.90794979079499,89.355156
Batch-3/R2.5_battery-4,97.9602510460251,88.50382
Batch-3/R2.5_battery-4,98.84937238493724,89.36858
Batch-3/R2.5_battery-4,100.31380753138075,81.70706
Batch-3/R2.5_battery-4,98.84937238493724,89.23108
Batch-3/R2.5_battery-4,97.85564853556485,89.42414
Batch-3/R2.5_battery-4,97.85564853556485,88.468895
Batch-3/R2.5_battery-4,98.74476987447699,89.4293
Batch-3/R2.5_battery-4,100.2092050209205,81.70769
Batch-3/R2.5_battery-4,98.90167364016736,89.23619
Batch-3/R2.5_battery-4,97.6987447698745,89.355156
Batch-3/R2.5_battery-4,97.6987447698745,88.43484
Batch-3/R2.5_battery-4,98.53556485355648,89.46284
Batch-3/R2.5_battery-4,100.0,81.77843
Batch-3/R2.5_battery-4,98.58786610878661,89.23108
Batch-3/R2.5_battery-4,97.3326359832636,89.35432
Batch-3/R2.5_battery-4,97.38493723849373,88.468895
Batch-3/R2.5_battery-4,98.22175732217573,89.50497
Batch-3/R2.5_battery-4,99.73849372384937,81.64849
Batch-3/R2.5_battery-4,98.58786610878661,89.23108
Batch-3/R2.5_battery-4,97.43723849372385,89.42329
Batch-3/R2.5_battery-4,97.38493723849373,88.468895
Batch-3/R2.5_battery-4,98.22175732217573,89.53008
Batch-3/R2.5_battery-4,99.68619246861925,81.780785
Batch-3/R2.5_battery-4,98.48326359832636,89.23103
Batch-3/R2.5_battery-4,97.22803347280336,89.355125
Batch-3/R2.5_battery-4,97.17573221757323,88.46885
Batch-3/R2.5_battery-4,98.06485355648536,89.39361
Batch-3/R2.5_battery-4,99.47698744769873,81.71909
Batch-3/R2.5_battery-4,98.06485355648536,89.40291
Batch-3/R2.5_battery-4,96.86192468619248,89.38833
Batch-3/R2.5_battery-4,96.9142259414226,88.44598
Batch-3/R2.5_battery-4,97.90794979079499,89.430305
Batch-3/R2.5_battery-4,99.3723849372385,81.772934
Batch-3/R2.5_battery-4,98.16945606694561,89.40291
Batch-3/R2.5_battery-4,96.96652719665273,89.35427
Batch-3/R2.5_battery-4,96.96652719665273,88.514946
Batch-3/R2.5_battery-4,97.80334728033473,89.32961
Batch-3/R2.5_battery-4,99.21548117154812,82.50341
Batch-3/R2.5_battery-4,98.01255230125524,89.40169
Batch-3/R2.5_battery-4,96.86192468619248,89.35305
Batch-3/R2.5_battery-4,96.80962343096235,88.46763
Batch-3/R2.5_battery-4,97.64644351464436,89.474976
Batch-3/R2.5_battery-4,99.05857740585773,81.64973
Batch-3/R2.5_battery-4,97.90794979079499,89.40169
Batch-3/R2.5_battery-4,96.86192468619248,89.415596
Batch-3/R2.5_battery-4,96.80962343096235,88.461205
Batch-3/R2.5_battery-4,97.5418410041841,89.504135
Batch-3/R2.5_battery-4,98.9539748953975,81.65451
Batch-3/R2.5_battery-4,97.80334728033473,89.1982
Batch-3/R2.5_battery-4,96.65271966527197,89.14956
Batch-3/R2.5_battery-4,96.60041841004184,88.26414
Batch-3/R2.5_battery-4,97.38493723849373,89.33586
Batch-3/R2.5_battery-4,98.74476987447699,81.29177
Batch-3/R2.5_battery-4,97.64644351464436,89.1982
Batch-3/R2.5_battery-4,96.4958158995816,89.14956
Batch-3/R2.5_battery-4,96.44351464435147,88.26414
Batch-3/R2.5_battery-4,97.22803347280336,89.26689
Batch-3/R2.5_battery-4,98.58786610878661,81.297554
Batch-3/R2.5_battery-4,97.48953974895397,89.1982
Batch-3/R2.5_battery-4,96.33891213389121,89.15188
Batch-3/R2.5_battery-4,96.33891213389121,88.27531
Batch-3/R2.5_battery-4,97.07112970711297,89.26689
Batch-3/R2.5_battery-4,98.43096234309623,81.363754
Batch-3/R2.5_battery-4,97.43723849372385,89.1982
Batch-3/R2.5_battery-4,96.2866108786611,89.15188
Batch-3/R2.5_battery-4,96.23430962343097,88.26414
Batch-3/R2.5_battery-4,96.9142259414226,89.33879
Batch-3/R2.5_battery-4,98.27405857740587,81.363754
Batch-3/R2.5_battery-4,97.28033472803348,89.201004
Batch-3/R2.5_battery-4,96.07740585774059,89.185936
Batch-3/R2.5_battery-4,96.02510460251047,88.27531
Batch-3/R2.5_battery-4,96.75732217573223,89.35608
Batch-3/R2.5_battery-4,98.11715481171548,81.27252
Batch-3/R2.5_battery-4,97.17573221757323,89.1982
Batch-3/R2.5_battery-4,96.12970711297072,89.15188
Batch-3/R2.5_battery-4,96.02510460251047,88.26414
Batch-3/R2.5_battery-4,96.65271966527197,89.275925
Batch-3/R2.5_battery-4,98.01255230125524,81.360565
Batch-3/R2.5_battery-4,97.17573221757323,89.1982
Batch-3/R2.5_battery-4,95.97280334728033,89.1836
Batch-3/R2.5_battery-4,95.86820083682008,88.24125
Batch-3/R2.5_battery-4,96.54811715481172,89.287094
Batch-3/R2.5_battery-4,97.80334728033473,81.27252
Batch-3/R2.5_battery-4,96.9142259414226,89.201004
Batch-3/R2.5_battery-4,95.81589958158997,89.175316
Batch-3/R2.5_battery-4,95.81589958158997,88.25584
Batch-3/R2.5_battery-4,96.39121338912135,89.26764
Batch-3/R2.5_battery-4,97.64644351464436,81.279396
Batch-3/R2.5_battery-4,96.86192468619248,89.1927
Batch-3/R2.5_battery-4,95.76359832635984,89.14359
Batch-3/R2.5_battery-4,95.65899581589959,88.267006
Batch-3/R2.5_battery-4,96.23430962343097,89.348915
Batch-3/R2.5_battery-4,97.48953974895397,81.34045
Batch-3/R2.5_battery-4,96.7050209205021,89.212326
Batch-3/R2.5_battery-4,95.60669456066945,89.14442
Batch-3/R2.5_battery-4,95.50209205020921,88.23379
Batch-3/R2.5_battery-4,96.07740585774059,89.24849
Batch-3/R2.5_battery-4,97.28033472803348,81.320435
Batch-3/R2.5_battery-4,96.7050209205021,89.15668
Batch-3/R2.5_battery-4,95.65899581589959,89.11036
Batch-3/R2.5_battery-4,95.44979079497908,88.23379
Batch-3/R2.5_battery-4,96.02510460251047,89.26425
Batch-3/R2.5_battery-4,97.17573221757323,81.30903
Batch-3/R2.5_battery-4,96.60041841004184,89.0497
Batch-3/R2.5_battery-4,95.44979079497908,89.03463
Batch-3/R2.5_battery-4,95.2928870292887,88.11912
Batch-3/R2.5_battery-4,95.76359832635984,89.23915
Batch-3/R2.5_battery-4,96.96652719665273,81.25282
Batch-3/R2.5_battery-4,96.39121338912135,89.044815
Batch-3/R2.5_battery-4,95.24058577405859,89.02975
Batch-3/R2.5_battery-4,95.03138075313807,88.11912
Batch-3/R2.5_battery-4,95.60669456066945,89.22525
Batch-3/R2.5_battery-4,96.80962343096235,79.68959
Batch-3/R2.5_battery-4,96.33891213389121,89.044815
Batch-3/R2.5_battery-4,95.2928870292887,89.02975
Batch-3/R2.5_battery-4,95.03138075313807,88.11912
Batch-3/R2.5_battery-4,95.50209205020921,89.5128
Batch-3/R2.5_battery-4,96.54811715481172,79.83656
Batch-3/R2.5_battery-4,96.12970711297072,89.044815
Batch-3/R2.5_battery-4,94.97907949790796,89.02975
Batch-3/R2.5_battery-4,94.71757322175732,88.11912
Batch-3/R2.5_battery-4,95.18828451882845,89.52397
Batch-3/R2.5_battery-4,96.23430962343097,79.71623
Batch-3/R2.5_battery-4,95.86820083682008,89.09567
Batch-3/R2.5_battery-4,94.71757322175732,89.02776
Batch-3/R2.5_battery-4,94.50836820083683,88.117134
Batch-3/R2.5_battery-4,94.97907949790796,89.45683
Batch-3/R2.5_battery-4,95.97280334728033,79.80358
Batch-3/R2.5_battery-4,95.81589958158997,89.09012
Batch-3/R2.5_battery-4,94.56066945606695,89.02221
Batch-3/R2.5_battery-4,94.2468619246862,88.11158
Batch-3/R2.5_battery-4,94.61297071129707,89.39099
Batch-3/R2.5_battery-4,95.65899581589959,79.7403
Batch-3/R2.5_battery-4,95.50209205020921,89.03032
Batch-3/R2.5_battery-4,94.19456066945607,89.01525
Batch-3/R2.5_battery-4,93.8807531380753,88.39462
Batch-3/R2.5_battery-4,94.2468619246862,89.285904
Batch-3/R2.5_battery-4,95.24058577405859,79.79651
Batch-3/R2.5_battery-4,95.18828451882845,89.03032
Batch-3/R2.5_battery-4,94.0376569037657,89.01525
Batch-3/R2.5_battery-4,93.6192468619247,88.39462
Batch-3/R2.5_battery-4,94.0376569037657,89.45935
Batch-3/R2.5_battery-4,94.92677824267783,79.7953
Batch-3/R2.5_battery-4,94.92677824267783,89.03032
Batch-3/R2.5_battery-4,93.6192468619247,89.01525
Batch-3/R2.5_battery-4,93.14853556485355,88.39462
Batch-3/R2.5_battery-4,93.51464435146444,89.29398
Batch-3/R2.5_battery-4,94.4560669456067,79.719826
Batch-3/R2.5_battery-4,94.4560669456067,89.08316
Batch-3/R2.5_battery-4,93.14853556485355,88.99074
Batch-3/R2.5_battery-4,92.6255230125523,88.365814
Batch-3/R2.5_battery-4,93.0439330543933,89.21921
Batch-3/R2.5_battery-4,94.0376569037657,79.08239
Batch-3/R2.5_battery-4,94.19456066945607,89.05437
Batch-3/R2.5_battery-4,92.99163179916319,88.99074
Batch-3/R2.5_battery-4,92.36401673640168,87.84981
Batch-3/R2.5_battery-4,92.67782426778243,89.2475
Batch-3/R2.5_battery-4,93.56694560669456,79.19026
Batch-3/R2.5_battery-4,93.72384937238493,89.00151
Batch-3/R2.5_battery-4,92.46861924686193,88.99074
Batch-3/R2.5_battery-4,91.84100418410043,89.34679
Batch-3/R2.5_battery-4,92.15481171548117,88.94591
Batch-3/R2.5_battery-4,93.0439330543933,79.10874
Batch-3/R2.5_battery-4,93.2008368200837,89.00151
Batch-3/R2.5_battery-4,91.99790794979079,88.99074
Batch-3/R2.5_battery-4,91.42259414225941,89.34679
Batch-3/R2.5_battery-4,91.7887029288703,89.35827
Batch-3/R2.5_battery-4,92.57322175732217,79.08631
Batch-3/R2.5_battery-4,92.93933054393305,89.05437
Batch-3/R2.5_battery-4,91.7887029288703,88.99074
Batch-3/R2.5_battery-4,90.9518828451883,89.42338
Batch-3/R2.5_battery-4,91.26569037656904,89.78072
Batch-3/R2.5_battery-4,92.05020920502093,79.08752
Batch-3/R2.5_battery-4,92.36401673640168,89.052376
Batch-3/R2.5_battery-4,91.21338912133892,88.98875
Batch-3/R2.5_battery-4,90.3765690376569,89.469345
Batch-3/R2.5_battery-4,90.69037656903765,90.43557
Batch-3/R2.5_battery-4,91.47489539748955,79.04218
Batch-3/R2.5_battery-4,91.89330543933055,89.052376
Batch-3/R2.5_battery-4,90.9518828451883,88.98875
Batch-3/R2.5_battery-4,90.06276150627616,89.46535
Batch-3/R2.5_battery-4,90.27196652719665,90.19171
Batch-3/R2.5_battery-4,91.00418410041841,79.01883
Batch-3/R2.5_battery-4,91.42259414225941,89.03622
Batch-3/R2.5_battery-4,90.42887029288704,88.9726
Batch-3/R2.5_battery-4,89.43514644351464,89.456375
Batch-3/R2.5_battery-4,89.64435146443515,89.51135
Batch-3/R2.5_battery-4,90.3765690376569,78.95646
Batch-3/R2.5_battery-4,90.89958158995816,88.967155
Batch-3/R2.5_battery-4,89.85355648535564,88.95638
Batch-3/R2.5_battery-4,88.85983263598327,89.440155
Batch-3/R2.5_battery-4,89.06903765690377,89.16032
Batch-3/R2.5_battery-4,89.85355648535564,78.99956
Batch-3/R2.5_battery-4,90.48117154811716,89.02
Batch-3/R2.5_battery-4,89.59205020920503,88.94549
Batch-3/R2.5_battery-4,88.49372384937239,89.4624
Batch-3/R2.5_battery-4,88.70292887029288,89.073616
Batch-3/R2.5_battery-4,89.43514644351464,78.90849
Batch-3/R2.5_battery-4,90.01046025104603,88.93018
Batch-3/R2.5_battery-4,88.91213389121339,88.888176
Batch-3/R2.5_battery-4,87.97071129707112,89.436325
Batch-3/R2.5_battery-4,88.17991631799164,89.664375
Batch-3/R2.5_battery-4,88.85983263598327,78.84889
Batch-3/R2.5_battery-4,89.48744769874479,88.98304
Batch-3/R2.5_battery-4,88.44142259414227,88.888176
Batch-3/R2.5_battery-4,87.55230125523012,89.435135
Batch-3/R2.5_battery-4,87.65690376569037,90.084114
Batch-3/R2.5_battery-4,88.33682008368201,78.7105
Batch-3/R2.5_battery-4,89.01673640167364,88.981834
Batch-3/R2.5_battery-4,88.07531380753139,88.88642
Batch-3/R2.5_battery-4,87.081589958159,89.45387
Batch-3/R2.5_battery-4,87.18619246861925,89.75909
Batch-3/R2.5_battery-4,87.81380753138076,78.7105
Batch-3/R2.5_battery-4,88.54602510460252,88.981285
Batch-3/R2.5_battery-4,87.44769874476988,88.88642
Batch-3/R2.5_battery-4,86.55857740585775,89.45387
Batch-3/R2.5_battery-4,86.663179916318,89.86618
Batch-3/R2.5_battery-4,87.2907949790795,78.756195
Batch-3/R2.5_battery-4,88.02301255230127,88.928444
Batch-3/R2.5_battery-4,86.87238493723851,88.88642
Batch-3/R2.5_battery-4,85.98326359832636,89.45387
Batch-3/R2.5_battery-4,86.08786610878661,89.251526
Batch-3/R2.5_battery-4,86.71548117154812,78.72057
Batch-3/R2.5_battery-4,87.60460251046027,88.981285
Batch-3/R2.5_battery-4,86.40167364016736,88.88642
Batch-3/R2.5_battery-4,85.56485355648536,89.45387
Batch-3/R2.5_battery-4,85.6171548117155,88.8551
Batch-3/R2.5_battery-4,86.19246861924687,78.64504
Batch-3/R2.5_battery-4,87.02928870292888,88.96206
Batch-3/R2.5_battery-4,85.8786610878661,88.867195
Batch-3/R2.5_battery-4,84.98953974895397,89.38093
Batch-3/R2.5_battery-4,85.14644351464436,88.93082
Batch-3/R2.5_battery-4,85.6694560669456,78.573135
Batch-3/R2.5_battery-4,86.50627615062761,88.96206
Batch-3/R2.5_battery-4,85.30334728033473,88.867195
Batch-3/R2.5_battery-4,84.46652719665272,89.38093
Batch-3/R2.5_battery-4,84.57112970711297,89.148026
Batch-3/R2.5_battery-4,85.09414225941423,78.58207
Batch-3/R2.5_battery-4,85.98326359832636,88.96206
Batch-3/R2.5_battery-4,84.78033472803348,88.51593
Batch-3/R2.5_battery-4,83.89121338912135,89.38093
Batch-3/R2.5_battery-4,83.9958158995816,89.31807
Batch-3/R2.5_battery-4,84.51882845188285,78.61563
Batch-3/R2.5_battery-4,85.40794979079497,88.90121
Batch-3/R2.5_battery-4,84.15271966527197,88.50792
Batch-3/R2.5_battery-4,83.26359832635984,89.38294
Batch-3/R2.5_battery-4,83.3682008368201,90.3199
Batch-3/R2.5_battery-4,83.83891213389121,78.56893
Batch-3/R2.5_battery-4,84.78033472803348,88.90121
Batch-3/R2.5_battery-4,83.5774058577406,88.513
Batch-3/R2.5_battery-4,82.68828451882845,89.38294
Batch-3/R2.5_battery-4,82.74058577405859,89.6353
Batch-3/R2.5_battery-4,83.2112970711297,78.644455
Batch-3/R2.5_battery-4,84.20502092050211,88.90627
Batch-3/R2.5_battery-4,82.94979079497908,88.25145
Batch-3/R2.5_battery-4,82.06066945606695,89.44813
Batch-3/R2.5_battery-4,82.06066945606695,90.354614
Batch-3/R2.5_battery-4,82.47907949790795,78.41914
Batch-3/R2.5_battery-4,83.47280334728035,88.90627
Batch-3/R2.5_battery-5,104.13612565445027,99.8765
Batch-3/R2.5_battery-5,100.0,100.15611
Batch-3/R2.5_battery-5,97.85340314136126,100.16443
Batch-3/R2.5_battery-5,96.8586387434555,98.39583
Batch-3/R2.5_battery-5,97.74869109947645,98.41011
Batch-3/R2.5_battery-5,100.83769633507853,84.8729
Batch-3/R2.5_battery-5,101.72774869109948,97.618
Batch-3/R2.5_battery-5,99.52879581151834,97.98426
Batch-3/R2.5_battery-5,98.42931937172776,97.686195
Batch-3/R2.5_battery-5,99.10994764397905,98.20714
Batch-3/R2.5_battery-5,101.57068062827226,83.791046
Batch-3/R2.5_battery-5,102.61780104712042,97.36327
Batch-3/R2.5_battery-5,100.6282722513089,97.37531
Batch-3/R2.5_battery-5,99.58115183246073,97.078415
Batch-3/R2.5_battery-5,100.15706806282722,98.20043
Batch-3/R2.5_battery-5,102.67015706806284,83.42557
Batch-3/R2.5_battery-5,103.56020942408377,97.00881
Batch-3/R2.5_battery-5,101.51832460732986,97.33188
Batch-3/R2.5_battery-5,100.47120418848168,96.92362
Batch-3/R2.5_battery-5,101.09947643979058,97.993286
Batch-3/R2.5_battery-5,103.40314136125654,83.40909
Batch-3/R2.5_battery-5,104.18848167539268,97.01374
Batch-3/R2.5_battery-5,102.19895287958116,97.09409
Batch-3/R2.5_battery-5,101.2041884816754,96.81092
Batch-3/R2.5_battery-5,101.83246073298432,97.94632
Batch-3/R2.5_battery-5,103.97905759162305,83.4129
Batch-3/R2.5_battery-5,104.55497382198955,96.91628
Batch-3/R2.5_battery-5,102.67015706806284,96.935585
Batch-3/R2.5_battery-5,101.72774869109948,96.61867
Batch-3/R2.5_battery-5,102.30366492146597,97.83664
Batch-3/R2.5_battery-5,104.3455497382199,83.48931
Batch-3/R2.5_battery-5,104.81675392670155,96.93239
Batch-3/R2.5_battery-5,102.93193717277487,96.72989
Batch-3/R2.5_battery-5,102.04188481675394,96.401825
Batch-3/R2.5_battery-5,102.72251308900525,97.49215
Batch-3/R2.5_battery-5,104.60732984293195,83.47973
Batch-3/R2.5_battery-5,104.9214659685864,96.28545
Batch-3/R2.5_battery-5,103.19371727748691,96.14883
Batch-3/R2.5_battery-5,102.35602094240839,95.94032
Batch-3/R2.5_battery-5,102.98429319371729,96.989914
Batch-3/R2.5_battery-5,104.81675392670155,83.38085
Batch-3/R2.5_battery-5,105.0261780104712,96.247
Batch-3/R2.5_battery-5,103.29842931937175,95.543816
Batch-3/R2.5_battery-5,102.51308900523561,95.03449
Batch-3/R2.5_battery-5,103.08900523560209,96.3013
Batch-3/R2.5_battery-5,104.9214659685864,83.133934
Batch-3/R2.5_battery-5,105.0261780104712,95.685234
Batch-3/R2.5_battery-5,103.29842931937175,95.49804
Batch-3/R2.5_battery-5,102.56544502617801,95.043526
Batch-3/R2.5_battery-5,103.19371727748691,96.1286
Batch-3/R2.5_battery-5,104.9738219895288,83.04738
Batch-3/R2.5_battery-5,105.23560209424083,95.11741
Batch-3/R2.5_battery-5,103.45549738219894,94.82814
Batch-3/R2.5_battery-5,102.67015706806284,94.51949
Batch-3/R2.5_battery-5,103.29842931937175,95.607864
Batch-3/R2.5_battery-5,105.0261780104712,83.04256
Batch-3/R2.5_battery-5,104.9738219895288,94.4942
Batch-3/R2.5_battery-5,103.35078534031415,94.407265
Batch-3/R2.5_battery-5,102.61780104712042,92.92158
Batch-3/R2.5_battery-5,103.29842931937175,94.15538
Batch-3/R2.5_battery-5,104.9738219895288,83.02789
Batch-3/R2.5_battery-5,105.0261780104712,93.09679
Batch-3/R2.5_battery-5,103.40314136125654,93.00985
Batch-3/R2.5_battery-5,102.77486910994764,92.495415
Batch-3/R2.5_battery-5,103.45549738219894,93.28005
Batch-3/R2.5_battery-5,105.07853403141362,83.04256
Batch-3/R2.5_battery-5,105.0261780104712,92.82045
Batch-3/R2.5_battery-5,103.40314136125654,92.66871
Batch-3/R2.5_battery-5,102.72251308900525,92.12919
Batch-3/R2.5_battery-5,103.40314136125654,93.3212
Batch-3/R2.5_battery-5,105.0261780104712,83.009415
Batch-3/R2.5_battery-5,104.86910994764398,92.48547
Batch-3/R2.5_battery-5,103.29842931937175,92.68539
Batch-3/R2.5_battery-5,102.61780104712042,91.97088
Batch-3/R2.5_battery-5,103.45549738219894,93.19578
Batch-3/R2.5_battery-5,105.07853403141362,83.02182
Batch-3/R2.5_battery-5,104.9738219895288,92.523575
Batch-3/R2.5_battery-5,103.50785340314137,92.55027
Batch-3/R2.5_battery-5,102.87958115183247,91.96094
Batch-3/R2.5_battery-5,103.50785340314137,93.039696
Batch-3/R2.5_battery-5,105.0261780104712,83.02949
Batch-3/R2.5_battery-5,104.9214659685864,92.51254
Batch-3/R2.5_battery-5,103.40314136125654,92.51621
Batch-3/R2.5_battery-5,102.77486910994764,91.97088
Batch-3/R2.5_battery-5,103.45549738219894,93.08493
Batch-3/R2.5_battery-5,104.9214659685864,83.012184
Batch-3/R2.5_battery-5,104.76439790575915,92.48547
Batch-3/R2.5_battery-5,103.35078534031415,92.51621
Batch-3/R2.5_battery-5,102.77486910994764,91.97088
Batch-3/R2.5_battery-5,103.61256544502619,93.06628
Batch-3/R2.5_battery-5,105.0261780104712,83.028946
Batch-3/R2.5_battery-5,104.86910994764398,92.54732
Batch-3/R2.5_battery-5,103.35078534031415,92.437965
Batch-3/R2.5_battery-5,102.72251308900525,91.85859
Batch-3/R2.5_battery-5,103.40314136125654,93.10788
Batch-3/R2.5_battery-5,104.81675392670155,83.00374
Batch-3/R2.5_battery-5,104.60732984293195,91.903824
Batch-3/R2.5_battery-5,103.1413612565445,92.12139
Batch-3/R2.5_battery-5,102.61780104712042,90.68838
Batch-3/R2.5_battery-5,103.35078534031415,92.02642
Batch-3/R2.5_battery-5,104.76439790575915,83.006966
Batch-3/R2.5_battery-5,104.50261780104712,90.49193
Batch-3/R2.5_battery-5,103.08900523560209,90.7203
Batch-3/R2.5_battery-5,102.61780104712042,89.85522
Batch-3/R2.5_battery-5,103.35078534031415,91.33632
Batch-3/R2.5_battery-5,104.71204188481676,82.88388
Batch-3/R2.5_battery-5,104.45026178010473,90.546616
Batch-3/R2.5_battery-5,103.03664921465969,90.73296
Batch-3/R2.5_battery-5,102.51308900523561,89.85522
Batch-3/R2.5_battery-5,103.24607329842932,91.34901
Batch-3/R2.5_battery-5,104.60732984293195,82.86966
Batch-3/R2.5_battery-5,104.18848167539268,90.62493
Batch-3/R2.5_battery-5,102.77486910994764,90.201996
Batch-3/R2.5_battery-5,102.46073298429322,90.03159
Batch-3/R2.5_battery-5,103.35078534031415,91.398674
Batch-3/R2.5_battery-5,104.71204188481676,82.864075
Batch-3/R2.5_battery-5,104.3979057591623,90.554855
Batch-3/R2.5_battery-5,103.08900523560209,90.7017
Batch-3/R2.5_battery-5,102.56544502617801,89.85522
Batch-3/R2.5_battery-5,103.24607329842932,91.249664
Batch-3/R2.5_battery-5,104.55497382198955,82.8473
Batch-3/R2.5_battery-5,104.2931937172775,90.546616
Batch-3/R2.5_battery-5,102.93193717277487,90.73296
Batch-3/R2.5_battery-5,102.51308900523561,89.85522
Batch-3/R2.5_battery-5,103.1413612565445,91.25305
Batch-3/R2.5_battery-5,104.45026178010473,82.8563
Batch-3/R2.5_battery-5,104.18848167539268,90.597595
Batch-3/R2.5_battery-5,102.98429319371729,90.7203
Batch-3/R2.5_battery-5,102.61780104712042,89.85522
Batch-3/R2.5_battery-5,103.24607329842932,91.44376
Batch-3/R2.5_battery-5,104.50261780104712,82.70528
Batch-3/R2.5_battery-5,104.3455497382199,90.554855
Batch-3/R2.5_battery-5,103.03664921465969,90.68156
Batch-3/R2.5_battery-5,102.56544502617801,89.85522
Batch-3/R2.5_battery-5,103.19371727748691,91.34709
Batch-3/R2.5_battery-5,104.45026178010473,82.80061
Batch-3/R2.5_battery-5,104.18848167539268,90.546616
Batch-3/R2.5_battery-5,102.93193717277487,90.68156
Batch-3/R2.5_battery-5,102.46073298429322,89.93343
Batch-3/R2.5_battery-5,103.1413612565445,91.32727
Batch-3/R2.5_battery-5,104.3979057591623,82.65935
Batch-3/R2.5_battery-5,104.18848167539268,90.546616
Batch-3/R2.5_battery-5,102.93193717277487,90.68156
Batch-3/R2.5_battery-5,102.51308900523561,89.85522
Batch-3/R2.5_battery-5,103.08900523560209,91.312
Batch-3/R2.5_battery-5,104.3979057591623,82.66645
Batch-3/R2.5_battery-5,104.13612565445027,90.554855
Batch-3/R2.5_battery-5,102.87958115183247,90.50931
Batch-3/R2.5_battery-5,102.40837696335079,89.832
Batch-3/R2.5_battery-5,103.03664921465969,91.22908
Batch-3/R2.5_battery-5,104.2931937172775,82.65235
Batch-3/R2.5_battery-5,103.97905759162305,90.5234
Batch-3/R2.5_battery-5,102.67015706806284,90.69708
Batch-3/R2.5_battery-5,102.30366492146597,89.832
Batch-3/R2.5_battery-5,103.03664921465969,91.28408
Batch-3/R2.5_battery-5,104.2931937172775,82.64117
Batch-3/R2.5_battery-5,104.13612565445027,90.533005
Batch-3/R2.5_battery-5,102.87958115183247,90.50363
Batch-3/R2.5_battery-5,102.40837696335079,90.01051
Batch-3/R2.5_battery-5,103.03664921465969,91.27414
Batch-3/R2.5_battery-5,104.24083769633509,82.652336
Batch-3/R2.5_battery-5,104.03141361256544,90.51696
Batch-3/R2.5_battery-5,102.77486910994764,90.50363
Batch-3/R2.5_battery-5,102.30366492146597,89.82634
Batch-3/R2.5_battery-5,102.93193717277487,91.21774
Batch-3/R2.5_battery-5,104.13612565445027,82.66352
Batch-3/R2.5_battery-5,103.87434554973822,90.50872
Batch-3/R2.5_battery-5,102.77486910994764,90.65268
Batch-3/R2.5_battery-5,102.56544502617801,90.00423
Batch-3/R2.5_battery-5,103.19371727748691,91.14486
Batch-3/R2.5_battery-5,104.2931937172775,82.65757
Batch-3/R2.5_battery-5,104.18848167539268,90.56538
Batch-3/R2.5_battery-5,102.98429319371729,90.3946
Batch-3/R2.5_battery-5,102.51308900523561,89.895195
Batch-3/R2.5_battery-5,103.03664921465969,91.075615
Batch-3/R2.5_battery-5,104.18848167539268,82.65927
Batch-3/R2.5_battery-5,104.03141361256544,90.55506
Batch-3/R2.5_battery-5,102.82722513089007,90.50363
Batch-3/R2.5_battery-5,102.40837696335079,90.00057
Batch-3/R2.5_battery-5,102.93193717277487,91.17499
Batch-3/R2.5_battery-5,104.08376963350786,82.65305
Batch-3/R2.5_battery-5,104.03141361256544,90.53329
Batch-3/R2.5_battery-5,102.82722513089007,90.50267
Batch-3/R2.5_battery-5,102.40837696335079,89.895195
Batch-3/R2.5_battery-5,102.98429319371729,91.075615
Batch-3/R2.5_battery-5,104.08376963350786,82.66269
Batch-3/R2.5_battery-5,103.87434554973822,90.54403
Batch-3/R2.5_battery-5,102.67015706806284,90.50363
Batch-3/R2.5_battery-5,102.25130890052357,90.00955
Batch-3/R2.5_battery-5,102.82722513089007,91.16675
Batch-3/R2.5_battery-5,103.97905759162305,82.65028
Batch-3/R2.5_battery-5,103.7696335078534,90.51696
Batch-3/R2.5_battery-5,102.56544502617801,90.50363
Batch-3/R2.5_battery-5,102.14659685863876,90.07973
Batch-3/R2.5_battery-5,102.72251308900525,91.17792
Batch-3/R2.5_battery-5,103.92670157068065,82.65351
Batch-3/R2.5_battery-5,103.66492146596859,90.51696
Batch-3/R2.5_battery-5,102.46073298429322,90.50363
Batch-3/R2.5_battery-5,102.09424083769633,90.01051
Batch-3/R2.5_battery-5,102.67015706806284,91.25091
Batch-3/R2.5_battery-5,103.87434554973822,82.65351
Batch-3/R2.5_battery-5,103.56020942408377,90.50872
Batch-3/R2.5_battery-5,102.35602094240839,90.672806
Batch-3/R2.5_battery-5,101.98952879581151,89.89554
Batch-3/R2.5_battery-5,102.56544502617801,91.23133
Batch-3/R2.5_battery-5,103.7696335078534,82.65706
Batch-3/R2.5_battery-5,103.45549738219894,90.41488
Batch-3/R2.5_battery-5,102.25130890052357,90.69142
Batch-3/R2.5_battery-5,101.88481675392671,89.89554
Batch-3/R2.5_battery-5,102.51308900523561,91.23133
Batch-3/R2.5_battery-5,103.66492146596859,82.59568
Batch-3/R2.5_battery-5,103.40314136125654,90.398094
Batch-3/R2.5_battery-5,102.19895287958116,90.68436
Batch-3/R2.5_battery-5,101.83246073298432,89.952286
Batch-3/R2.5_battery-5,102.40837696335079,91.23369
Batch-3/R2.5_battery-5,103.61256544502619,82.59859
Batch-3/R2.5_battery-5,103.35078534031415,90.51128
Batch-3/R2.5_battery-5,102.09424083769633,90.66968
Batch-3/R2.5_battery-5,101.67539267015707,90.08406
Batch-3/R2.5_battery-5,102.30366492146597,91.16147
Batch-3/R2.5_battery-5,103.45549738219894,82.59859
Batch-3/R2.5_battery-5,103.1413612565445,90.507126
Batch-3/R2.5_battery-5,101.88481675392671,89.63856
Batch-3/R2.5_battery-5,101.57068062827226,90.21455
Batch-3/R2.5_battery-5,102.14659685863876,91.18119
Batch-3/R2.5_battery-5,103.35078534031415,81.05161
Batch-3/R2.5_battery-5,102.98429319371729,90.476585
Batch-3/R2.5_battery-5,101.72774869109948,89.40587
Batch-3/R2.5_battery-5,101.46596858638743,89.83541
Batch-3/R2.5_battery-5,101.98952879581151,91.14549
Batch-3/R2.5_battery-5,103.19371727748691,81.24009
Batch-3/R2.5_battery-5,102.82722513089007,90.6569
Batch-3/R2.5_battery-5,101.57068062827226,89.37129
Batch-3/R2.5_battery-5,101.2565445026178,88.76227
Batch-3/R2.5_battery-5,101.83246073298432,90.45616
Batch-3/R2.5_battery-5,103.08900523560209,81.68204
Batch-3/R2.5_battery-5,102.61780104712042,90.65147
Batch-3/R2.5_battery-5,101.36125654450261,89.44226
Batch-3/R2.5_battery-5,101.04712041884815,88.72769
Batch-3/R2.5_battery-5,101.67539267015707,90.0874
Batch-3/R2.5_battery-5,102.87958115183247,81.76506
Batch-3/R2.5_battery-5,102.35602094240839,90.00527
Batch-3/R2.5_battery-5,101.04712041884815,89.44226
Batch-3/R2.5_battery-5,100.73298429319372,88.68941
Batch-3/R2.5_battery-5,101.41361256544504,90.05204
Batch-3/R2.5_battery-5,102.67015706806284,81.757164
Batch-3/R2.5_battery-5,102.04188481675394,89.40429
Batch-3/R2.5_battery-5,100.73298429319372,89.44226
Batch-3/R2.5_battery-5,100.41884816753928,88.68941
Batch-3/R2.5_battery-5,101.15183246073298,89.89049
Batch-3/R2.5_battery-5,102.46073298429322,81.79899
Batch-3/R2.5_battery-5,101.72774869109948,89.4412
Batch-3/R2.5_battery-5,100.36649214659687,89.39408
Batch-3/R2.5_battery-5,100.10471204188482,88.57653
Batch-3/R2.5_battery-5,100.89005235602096,89.42177
Batch-3/R2.5_battery-5,102.25130890052357,81.81133
Batch-3/R2.5_battery-5,101.41361256544504,89.510185
Batch-3/R2.5_battery-5,100.10471204188482,89.39408
Batch-3/R2.5_battery-5,99.9476439790576,88.57653
Batch-3/R2.5_battery-5,100.68062827225131,89.30605
Batch-3/R2.5_battery-5,102.04188481675394,81.71703
Batch-3/R2.5_battery-5,101.2041884816754,89.510185
Batch-3/R2.5_battery-5,99.89528795811519,89.40525
Batch-3/R2.5_battery-5,99.73821989528795,88.57653
Batch-3/R2.5_battery-5,100.52356020942408,89.30605
Batch-3/R2.5_battery-5,101.93717277486911,81.709076
Batch-3/R2.5_battery-5,101.09947643979058,89.510185
Batch-3/R2.5_battery-5,99.73821989528795,89.39408
Batch-3/R2.5_battery-5,99.58115183246073,88.57653
Batch-3/R2.5_battery-5,100.31413612565446,89.31988
Batch-3/R2.5_battery-5,101.72774869109948,81.697296
Batch-3/R2.5_battery-5,100.83769633507853,89.46199
Batch-3/R2.5_battery-5,99.52879581151834,89.40525
Batch-3/R2.5_battery-5,99.3717277486911,88.57653
Batch-3/R2.5_battery-5,100.15706806282722,89.31988
Batch-3/R2.5_battery-5,101.57068062827226,81.69965
Batch-3/R2.5_battery-5,100.68062827225131,89.46199
Batch-3/R2.5_battery-5,99.3717277486911,89.40525
Batch-3/R2.5_battery-5,99.21465968586388,88.57314
Batch-3/R2.5_battery-5,100.05235602094243,89.31649
Batch-3/R2.5_battery-5,101.46596858638743,81.67765
Batch-3/R2.5_battery-5,100.52356020942408,89.4586
Batch-3/R2.5_battery-5,99.16230366492147,89.40186
Batch-3/R2.5_battery-5,99.00523560209425,88.59231
Batch-3/R2.5_battery-5,99.84293193717278,89.27076
Batch-3/R2.5_battery-5,101.30890052356021,81.70463
Batch-3/R2.5_battery-5,100.31413612565446,89.4586
Batch-3/R2.5_battery-5,99.00523560209425,89.40186
Batch-3/R2.5_battery-5,98.90052356020944,88.57314
Batch-3/R2.5_battery-5,99.73821989528795,89.283424
Batch-3/R2.5_battery-5,101.15183246073298,81.69912
Batch-3/R2.5_battery-5,100.26178010471205,89.4586
Batch-3/R2.5_battery-5,98.95287958115183,89.40186
Batch-3/R2.5_battery-5,98.84816753926702,88.59231
Batch-3/R2.5_battery-5,99.58115183246073,89.283424
Batch-3/R2.5_battery-5,100.99476439790575,81.69912
Batch-3/R2.5_battery-5,100.10471204188482,89.45776
Batch-3/R2.5_battery-5,98.69109947643979,89.40186
Batch-3/R2.5_battery-5,98.58638743455498,88.5079
Batch-3/R2.5_battery-5,99.3717277486911,89.28513
Batch-3/R2.5_battery-5,100.83769633507853,81.63401
Batch-3/R2.5_battery-5,100.0,89.45776
Batch-3/R2.5_battery-5,98.69109947643979,89.40186
Batch-3/R2.5_battery-5,98.48167539267017,88.5079
Batch-3/R2.5_battery-5,99.42408376963351,89.28513
Batch-3/R2.5_battery-5,100.78534031413614,81.71254
Batch-3/R2.5_battery-5,99.84293193717278,89.45776
Batch-3/R2.5_battery-5,98.48167539267017,89.40186
Batch-3/R2.5_battery-5,98.27225130890052,88.5079
Batch-3/R2.5_battery-5,99.10994764397905,89.28513
Batch-3/R2.5_battery-5,100.47120418848168,81.639366
Batch-3/R2.5_battery-5,99.42408376963351,89.39111
Batch-3/R2.5_battery-5,98.16753926701571,89.40186
Batch-3/R2.5_battery-5,98.27225130890052,88.5079
Batch-3/R2.5_battery-5,99.10994764397905,89.28513
Batch-3/R2.5_battery-5,100.47120418848168,81.69912
Batch-3/R2.5_battery-5,99.58115183246073,89.38878
Batch-3/R2.5_battery-5,98.32460732984293,89.40186
Batch-3/R2.5_battery-5,98.16753926701571,88.5079
Batch-3/R2.5_battery-5,98.95287958115183,89.28513
Batch-3/R2.5_battery-5,100.26178010471205,81.63401
Batch-3/R2.5_battery-5,99.31937172774869,89.39107
Batch-3/R2.5_battery-5,98.06282722513089,89.40182
Batch-3/R2.5_battery-5,97.80104712041886,88.527885
Batch-3/R2.5_battery-5,98.58638743455498,89.351585
Batch-3/R2.5_battery-5,99.9476439790576,81.6108
Batch-3/R2.5_battery-5,99.10994764397905,89.39107
Batch-3/R2.5_battery-5,98.01047120418849,89.40182
Batch-3/R2.5_battery-5,97.90575916230367,88.507866
Batch-3/R2.5_battery-5,98.63874345549738,89.351585
Batch-3/R2.5_battery-5,99.89528795811519,81.62852
Batch-3/R2.5_battery-5,99.10994764397905,89.39107
Batch-3/R2.5_battery-5,97.85340314136126,89.40182
Batch-3/R2.5_battery-5,97.69633507853403,88.507866
Batch-3/R2.5_battery-5,98.53403141361257,89.2851
Batch-3/R2.5_battery-5,99.79057591623037,81.68525
Batch-3/R2.5_battery-5,98.95287958115183,89.38985
Batch-3/R2.5_battery-5,97.69633507853403,89.4006
Batch-3/R2.5_battery-5,97.53926701570681,88.52665
Batch-3/R2.5_battery-5,98.37696335078535,89.35035
Batch-3/R2.5_battery-5,99.68586387434554,81.669914
Batch-3/R2.5_battery-5,98.95287958115183,89.38985
Batch-3/R2.5_battery-5,97.69633507853403,89.39417
Batch-3/R2.5_battery-5,97.48691099476441,88.520226
Batch-3/R2.5_battery-5,98.27225130890052,89.375305
Batch-3/R2.5_battery-5,99.42408376963351,81.68433
Batch-3/R2.5_battery-5,98.7434554973822,89.186356
Batch-3/R2.5_battery-5,97.434554973822,89.20577
Batch-3/R2.5_battery-5,97.27748691099477,88.32316
Batch-3/R2.5_battery-5,98.01047120418849,89.192154
Batch-3/R2.5_battery-5,99.21465968586388,81.603874
Batch-3/R2.5_battery-5,98.53403141361257,89.186356
Batch-3/R2.5_battery-5,97.22513089005236,89.20577
Batch-3/R2.5_battery-5,97.12041884816755,88.32316
Batch-3/R2.5_battery-5,97.85340314136126,89.24841
Batch-3/R2.5_battery-5,99.10994764397905,81.67449
Batch-3/R2.5_battery-5,98.42931937172776,89.186356
Batch-3/R2.5_battery-5,97.06806282722515,89.20577
Batch-3/R2.5_battery-5,97.01570680628274,88.32316
Batch-3/R2.5_battery-5,97.74869109947645,89.21567
Batch-3/R2.5_battery-5,98.95287958115183,81.640465
Batch-3/R2.5_battery-5,98.32460732984293,89.186356
Batch-3/R2.5_battery-5,97.01570680628274,89.20577
Batch-3/R2.5_battery-5,96.80628272251309,88.32316
Batch-3/R2.5_battery-5,97.53926701570681,89.16202
Batch-3/R2.5_battery-5,98.7434554973822,81.63669
Batch-3/R2.5_battery-5,98.16753926701571,89.186356
Batch-3/R2.5_battery-5,96.91099476439791,89.20577
Batch-3/R2.5_battery-5,96.70157068062828,88.32316
Batch-3/R2.5_battery-5,97.434554973822,89.16202
Batch-3/R2.5_battery-5,98.63874345549738,81.64355
Batch-3/R2.5_battery-5,98.11518324607331,89.186356
Batch-3/R2.5_battery-5,96.96335078534032,89.20577
Batch-3/R2.5_battery-5,96.64921465968587,88.32316
Batch-3/R2.5_battery-5,97.27748691099477,89.16202
Batch-3/R2.5_battery-5,98.42931937172776,81.64355
Batch-3/R2.5_battery-5,98.01047120418849,89.186356
Batch-3/R2.5_battery-5,96.64921465968587,89.20577
Batch-3/R2.5_battery-5,96.38743455497382,88.32316
Batch-3/R2.5_battery-5,97.06806282722515,89.233025
Batch-3/R2.5_battery-5,98.21989528795811,81.64355
Batch-3/R2.5_battery-5,97.85340314136126,89.186356
Batch-3/R2.5_battery-5,96.59685863874346,89.19749
Batch-3/R2.5_battery-5,96.33507853403142,88.31487
Batch-3/R2.5_battery-5,96.91099476439791,89.289116
Batch-3/R2.5_battery-5,98.01047120418849,81.63525
Batch-3/R2.5_battery-5,97.69633507853403,89.178055
Batch-3/R2.5_battery-5,96.38743455497382,88.968796
Batch-3/R2.5_battery-5,96.12565445026179,88.31487
Batch-3/R2.5_battery-5,96.70157068062828,89.25588
Batch-3/R2.5_battery-5,97.80104712041886,81.248276
Batch-3/R2.5_battery-5,97.53926701570681,89.14484
Batch-3/R2.5_battery-5,96.282722513089,89.16425
Batch-3/R2.5_battery-5,96.12565445026179,88.28164
Batch-3/R2.5_battery-5,96.64921465968587,89.25588
Batch-3/R2.5_battery-5,97.64397905759162,81.248276
Batch-3/R2.5_battery-5,97.53926701570681,89.14484
Batch-3/R2.5_battery-5,96.2303664921466,89.16425
Batch-3/R2.5_battery-5,95.91623036649214,88.28164
Batch-3/R2.5_battery-5,96.38743455497382,89.146095
Batch-3/R2.5_battery-5,97.38219895287959,81.248276
Batch-3/R2.5_battery-5,97.32984293193716,89.03505
Batch-3/R2.5_battery-5,95.96858638743456,89.05447
Batch-3/R2.5_battery-5,95.65445026178011,88.166985
Batch-3/R2.5_battery-5,96.12565445026179,89.25079
Batch-3/R2.5_battery-5,97.12041884816755,81.248276
Batch-3/R2.5_battery-5,97.22513089005236,89.03017
Batch-3/R2.5_battery-5,95.91623036649214,89.0496
Batch-3/R2.5_battery-5,95.54973821989529,88.166985
Batch-3/R2.5_battery-5,96.02094240837698,89.55228
Batch-3/R2.5_battery-5,96.96335078534032,81.18657
Batch-3/R2.5_battery-5,97.17277486910996,89.03017
Batch-3/R2.5_battery-5,95.65445026178011,89.0496
Batch-3/R2.5_battery-5,95.23560209424083,88.166985
Batch-3/R2.5_battery-5,95.65445026178011,89.510574
Batch-3/R2.5_battery-5,96.54450261780106,81.24078
Batch-3/R2.5_battery-5,96.75392670157069,89.03017
Batch-3/R2.5_battery-5,95.23560209424083,89.0496
Batch-3/R2.5_battery-5,94.86910994764398,88.166985
Batch-3/R2.5_battery-5,95.34031413612566,89.73715
Batch-3/R2.5_battery-5,96.282722513089,81.16477
Batch-3/R2.5_battery-5,96.59685863874346,89.02818
Batch-3/R2.5_battery-5,95.13089005235602,89.0476
Batch-3/R2.5_battery-5,94.65968586387436,88.164986
Batch-3/R2.5_battery-5,95.02617801047121,89.72147
Batch-3/R2.5_battery-5,95.91623036649214,81.16477
Batch-3/R2.5_battery-5,96.2303664921466,89.02263
Batch-3/R2.5_battery-5,94.76439790575917,89.042046
Batch-3/R2.5_battery-5,94.29319371727749,88.15943
Batch-3/R2.5_battery-5,94.65968586387436,89.71592
Batch-3/R2.5_battery-5,95.49738219895289,81.18225
Batch-3/R2.5_battery-5,95.75916230366492,89.04971
Batch-3/R2.5_battery-5,94.3979057591623,89.03509
Batch-3/R2.5_battery-5,93.97905759162303,88.15247
Batch-3/R2.5_battery-5,94.3455497382199,89.57366
Batch-3/R2.5_battery-5,95.18324607329843,79.69267
Batch-3/R2.5_battery-5,95.65445026178011,89.01567
Batch-3/R2.5_battery-5,94.13612565445027,89.03509
Batch-3/R2.5_battery-5,93.61256544502619,88.15247
Batch-3/R2.5_battery-5,93.92670157068063,89.50811
Batch-3/R2.5_battery-5,94.71204188481676,79.714066
Batch-3/R2.5_battery-5,95.13089005235602,89.04971
Batch-3/R2.5_battery-5,93.61256544502619,88.8064
Batch-3/R2.5_battery-5,93.03664921465969,88.442474
Batch-3/R2.5_battery-5,93.40314136125654,89.57708
Batch-3/R2.5_battery-5,94.18848167539267,79.65254
Batch-3/R2.5_battery-5,94.86910994764398,89.04971
Batch-3/R2.5_battery-5,93.40314136125654,89.006294
Batch-3/R2.5_battery-5,92.72251308900523,88.41368
Batch-3/R2.5_battery-5,93.0890052356021,89.5505
Batch-3/R2.5_battery-5,93.82198952879581,79.64418
Batch-3/R2.5_battery-5,94.3455497382199,89.02092
Batch-3/R2.5_battery-5,92.87958115183247,89.01059
Batch-3/R2.5_battery-5,92.19895287958116,88.41368
Batch-3/R2.5_battery-5,92.4607329842932,89.364586
Batch-3/R2.5_battery-5,93.29842931937173,79.61105
Batch-3/R2.5_battery-5,93.7696335078534,89.02092
Batch-3/R2.5_battery-5,92.30366492146597,89.029755
Batch-3/R2.5_battery-5,91.67539267015707,88.37962
Batch-3/R2.5_battery-5,92.04188481675392,89.25138
Batch-3/R2.5_battery-5,92.87958115183247,79.603584
Batch-3/R2.5_battery-5,93.45549738219894,89.02092
Batch-3/R2.5_battery-5,92.14659685863876,89.01059
Batch-3/R2.5_battery-5,91.51832460732984,88.41368
Batch-3/R2.5_battery-5,91.62303664921467,89.465485
Batch-3/R2.5_battery-5,92.35602094240838,79.58825
Batch-3/R2.5_battery-5,92.93193717277487,89.02092
Batch-3/R2.5_battery-5,91.57068062827226,89.01059
Batch-3/R2.5_battery-5,90.83769633507855,89.35191
Batch-3/R2.5_battery-5,91.09947643979058,90.18675
Batch-3/R2.5_battery-5,91.8324607329843,79.0802
Batch-3/R2.5_battery-5,92.40837696335078,88.98487
Batch-3/R2.5_battery-5,91.15183246073299,89.02776
Batch-3/R2.5_battery-5,90.52356020942409,89.35191
Batch-3/R2.5_battery-5,90.78534031413614,90.30928
Batch-3/R2.5_battery-5,91.46596858638745,79.03662
Batch-3/R2.5_battery-5,92.14659685863876,89.01893
Batch-3/R2.5_battery-5,90.78534031413614,89.0086
Batch-3/R2.5_battery-5,90.00000000000001,89.49349
Batch-3/R2.5_battery-5,90.20942408376965,89.94724
Batch-3/R2.5_battery-5,90.94240837696336,79.02099
Batch-3/R2.5_battery-5,91.62303664921467,88.96873
Batch-3/R2.5_battery-5,90.36649214659687,89.011604
Batch-3/R2.5_battery-5,89.52879581151832,89.48452
Batch-3/R2.5_battery-5,89.73821989528797,89.96404
Batch-3/R2.5_battery-5,90.41884816753928,78.971306
Batch-3/R2.5_battery-5,91.09947643979058,88.95251
Batch-3/R2.5_battery-5,90.10471204188482,88.97622
Batch-3/R2.5_battery-5,89.26701570680629,89.39933
Batch-3/R2.5_battery-5,89.3193717277487,89.04988
Batch-3/R2.5_battery-5,90.00000000000001,78.95328
Batch-3/R2.5_battery-5,90.73298429319372,88.98655
Batch-3/R2.5_battery-5,89.63350785340313,88.965324
Batch-3/R2.5_battery-5,88.63874345549739,89.50337
Batch-3/R2.5_battery-5,88.84816753926702,89.17512
Batch-3/R2.5_battery-5,89.47643979057592,78.87812
Batch-3/R2.5_battery-5,90.15706806282722,88.915535
Batch-3/R2.5_battery-5,89.10994764397905,88.95843
Batch-3/R2.5_battery-5,88.1151832460733,89.47731
Batch-3/R2.5_battery-5,88.32460732984295,89.09983
Batch-3/R2.5_battery-5,88.95287958115185,78.874535
Batch-3/R2.5_battery-5,89.68586387434556,88.915535
Batch-3/R2.5_battery-5,88.7434554973822,88.92718
Batch-3/R2.5_battery-5,87.74869109947645,89.476105
Batch-3/R2.5_battery-5,87.90575916230368,90.129524
Batch-3/R2.5_battery-5,88.48167539267016,78.720985
Batch-3/R2.5_battery-5,89.21465968586388,88.914345
Batch-3/R2.5_battery-5,88.1675392670157,88.92544
Batch-3/R2.5_battery-5,87.17277486910994,89.5087
Batch-3/R2.5_battery-5,87.38219895287959,89.11002
Batch-3/R2.5_battery-5,87.95811518324608,78.720985
Batch-3/R2.5_battery-5,88.63874345549739,88.913795
Batch-3/R2.5_battery-5,87.64397905759162,88.92544
Batch-3/R2.5_battery-5,86.70157068062827,89.5087
Batch-3/R2.5_battery-5,86.8586387434555,89.66266
Batch-3/R2.5_battery-5,87.38219895287959,78.7253
Batch-3/R2.5_battery-5,88.32460732984295,88.982765
Batch-3/R2.5_battery-5,87.27748691099477,88.92544
Batch-3/R2.5_battery-5,86.2303664921466,89.527985
Batch-3/R2.5_battery-5,86.38743455497382,89.29169
Batch-3/R2.5_battery-5,86.91099476439791,78.69159
Batch-3/R2.5_battery-5,87.80104712041886,88.982765
Batch-3/R2.5_battery-5,86.70157068062827,88.92544
Batch-3/R2.5_battery-5,85.75916230366491,89.527985
Batch-3/R2.5_battery-5,85.86387434554975,88.99739
Batch-3/R2.5_battery-5,86.33507853403142,78.69525
Batch-3/R2.5_battery-5,87.22513089005236,88.89457
Batch-3/R2.5_battery-5,86.17801047120419,88.90621
Batch-3/R2.5_battery-5,85.18324607329843,89.45504
Batch-3/R2.5_battery-5,85.28795811518324,88.86279
Batch-3/R2.5_battery-5,85.75916230366491,78.68182
Batch-3/R2.5_battery-5,86.75392670157068,88.89457
Batch-3/R2.5_battery-5,85.6544502617801,88.90621
Batch-3/R2.5_battery-5,84.60732984293195,89.45504
Batch-3/R2.5_battery-5,84.71204188481676,89.151474
Batch-3/R2.5_battery-5,85.13089005235602,78.67615
Batch-3/R2.5_battery-5,86.12565445026178,88.96354
Batch-3/R2.5_battery-5,84.92146596858639,88.691475
Batch-3/R2.5_battery-5,83.92670157068063,89.20835
Batch-3/R2.5_battery-5,84.03141361256546,89.578476
Batch-3/R2.5_battery-5,84.55497382198953,78.655495
Batch-3/R2.5_battery-5,85.54973821989529,88.95553
Batch-3/R2.5_battery-5,84.34554973821989,88.34021
Batch-3/R2.5_battery-5,83.40314136125654,89.15049
Batch-3/R2.5_battery-5,83.56020942408378,90.21265
Batch-3/R2.5_battery-5,83.97905759162305,78.570946
Batch-3/R2.5_battery-5,85.07853403141361,88.95553
Batch-3/R2.5_battery-5,83.717277486911,88.34021
Batch-3/R2.5_battery-5,82.82722513089006,89.11109
Batch-3/R2.5_battery-5,82.93193717277487,90.4747
Batch-3/R2.5_battery-5,83.29842931937172,78.570946
Batch-3/R2.5_battery-5,84.39790575916231,88.96061
Batch-3/R2.5_battery-5,82.98429319371728,88.345276
Batch-3/R2.5_battery-5,82.14659685863874,88.85681
Batch-3/R2.5_battery-5,82.30366492146598,84.39365
Batch-3/R2.5_battery-5,82.67015706806284,78.570946
Batch-3/R2.5_battery-5,83.82198952879581,88.96061
Batch-3/R2.5_battery-5,82.35602094240838,88.27928
Batch-3/R2.5_battery-5,81.62303664921467,88.826065
Batch-3/R2.5_battery-5,81.67539267015708,84.23915
Batch-3/R2.5_battery-5,81.98952879581152,78.570946
Batch-3/R2.5_battery-5,83.19371727748691,88.96061
Batch-3/R2.5_battery-6,104.08805031446542,99.8738
Batch-3/R2.5_battery-6,100.0,100.1286
Batch-3/R2.5_battery-6,97.9035639412998,100.16443
Batch-3/R2.5_battery-6,97.11740041928721,98.39583
Batch-3/R2.5_battery-6,98.16561844863733,98.531334
Batch-3/R2.5_battery-6,101.36268343815513,84.910675
Batch-3/R2.5_battery-6,101.67714884696018,97.61234
Batch-3/R2.5_battery-6,99.58071278825996,98.05773
Batch-3/R2.5_battery-6,98.53249475890985,97.681015
Batch-3/R2.5_battery-6,99.37106918238993,98.20714
Batch-3/R2.5_battery-6,102.04402515723272,84.45465
Batch-3/R2.5_battery-6,102.62054507337525,97.402054
Batch-3/R2.5_battery-6,100.68134171907757,97.370186
Batch-3/R2.5_battery-6,99.68553459119497,97.12148
Batch-3/R2.5_battery-6,100.36687631027254,98.13531
Batch-3/R2.5_battery-6,103.14465408805032,83.426025
Batch-3/R2.5_battery-6,103.51153039832286,97.00881
Batch-3/R2.5_battery-6,101.51991614255766,97.33969
Batch-3/R2.5_battery-6,100.52410901467506,96.642845
Batch-3/R2.5_battery-6,101.25786163522012,97.993286
Batch-3/R2.5_battery-6,103.77358490566037,83.529335
Batch-3/R2.5_battery-6,104.03563941299791,97.01374
Batch-3/R2.5_battery-6,102.14884696016773,97.28302
Batch-3/R2.5_battery-6,101.25786163522012,96.81092
Batch-3/R2.5_battery-6,101.93920335429769,97.946915
Batch-3/R2.5_battery-6,104.24528301886792,83.40714
Batch-3/R2.5_battery-6,104.35010482180293,96.905556
Batch-3/R2.5_battery-6,102.56813417190776,96.935585
Batch-3/R2.5_battery-6,101.67714884696018,96.28772
Batch-3/R2.5_battery-6,102.35849056603774,97.84676
Batch-3/R2.5_battery-6,104.45492662473796,83.39144
Batch-3/R2.5_battery-6,104.55974842767297,96.90931
Batch-3/R2.5_battery-6,102.77777777777779,96.72478
Batch-3/R2.5_battery-6,101.9916142557652,96.09108
Batch-3/R2.5_battery-6,102.67295597484278,97.51065
Batch-3/R2.5_battery-6,104.61215932914047,83.379616
Batch-3/R2.5_battery-6,104.61215932914047,96.28038
Batch-3/R2.5_battery-6,102.9874213836478,96.14883
Batch-3/R2.5_battery-6,102.20125786163523,95.60546
Batch-3/R2.5_battery-6,102.88259958071279,96.93804
Batch-3/R2.5_battery-6,104.71698113207549,83.26787
Batch-3/R2.5_battery-6,104.71698113207549,96.223404
Batch-3/R2.5_battery-6,103.0922431865828,95.543816
Batch-3/R2.5_battery-6,102.30607966457023,95.00045
Batch-3/R2.5_battery-6,102.9874213836478,95.8797
Batch-3/R2.5_battery-6,104.71698113207549,83.11908
Batch-3/R2.5_battery-6,104.66457023060798,95.66521
Batch-3/R2.5_battery-6,103.03983228511531,95.71299
Batch-3/R2.5_battery-6,102.35849056603774,95.043526
Batch-3/R2.5_battery-6,102.9874213836478,96.286705
Batch-3/R2.5_battery-6,104.66457023060798,82.94017
Batch-3/R2.5_battery-6,104.82180293501048,95.0078
Batch-3/R2.5_battery-6,103.19706498951784,94.93621
Batch-3/R2.5_battery-6,102.46331236897275,94.51586
Batch-3/R2.5_battery-6,103.14465408805032,95.73121
Batch-3/R2.5_battery-6,104.66457023060798,82.93535
Batch-3/R2.5_battery-6,104.55974842767297,94.477875
Batch-3/R2.5_battery-6,103.03983228511531,94.582344
Batch-3/R2.5_battery-6,102.41090146750524,92.92158
Batch-3/R2.5_battery-6,103.0922431865828,94.14636
Batch-3/R2.5_battery-6,104.61215932914047,83.65084
Batch-3/R2.5_battery-6,104.55974842767297,93.08046
Batch-3/R2.5_battery-6,103.14465408805032,93.0359
Batch-3/R2.5_battery-6,102.51572327044025,92.49177
Batch-3/R2.5_battery-6,103.14465408805032,93.445366
Batch-3/R2.5_battery-6,104.66457023060798,82.93535
Batch-3/R2.5_battery-6,104.50733752620545,92.80971
Batch-3/R2.5_battery-6,103.03983228511531,92.64266
Batch-3/R2.5_battery-6,102.46331236897275,92.13152
Batch-3/R2.5_battery-6,103.14465408805032,93.36622
Batch-3/R2.5_battery-6,104.55974842767297,82.911194
Batch-3/R2.5_battery-6,104.35010482180293,92.48547
Batch-3/R2.5_battery-6,102.9350104821803,92.75071
Batch-3/R2.5_battery-6,102.35849056603774,91.96856
Batch-3/R2.5_battery-6,103.14465408805032,92.963684
Batch-3/R2.5_battery-6,104.50733752620545,82.88935
Batch-3/R2.5_battery-6,104.45492662473796,92.505554
Batch-3/R2.5_battery-6,103.14465408805032,92.55027
Batch-3/R2.5_battery-6,102.56813417190776,91.96992
Batch-3/R2.5_battery-6,103.14465408805032,93.16764
Batch-3/R2.5_battery-6,104.45492662473796,82.93022
Batch-3/R2.5_battery-6,104.29769392033543,92.505554
Batch-3/R2.5_battery-6,102.9874213836478,92.55027
Batch-3/R2.5_battery-6,102.46331236897275,91.71159
Batch-3/R2.5_battery-6,103.0922431865828,93.13993
Batch-3/R2.5_battery-6,104.35010482180293,82.911194
Batch-3/R2.5_battery-6,104.19287211740043,92.48547
Batch-3/R2.5_battery-6,102.9350104821803,92.6993
Batch-3/R2.5_battery-6,102.46331236897275,91.97088
Batch-3/R2.5_battery-6,103.24947589098532,93.02082
Batch-3/R2.5_battery-6,104.45492662473796,82.94025
Batch-3/R2.5_battery-6,104.19287211740043,92.52901
Batch-3/R2.5_battery-6,102.88259958071279,92.437965
Batch-3/R2.5_battery-6,102.35849056603774,91.85859
Batch-3/R2.5_battery-6,102.9350104821803,92.94864
Batch-3/R2.5_battery-6,104.19287211740043,81.32581
Batch-3/R2.5_battery-6,103.98322851153041,91.903824
Batch-3/R2.5_battery-6,102.67295597484278,92.12139
Batch-3/R2.5_battery-6,102.20125786163523,90.68838
Batch-3/R2.5_battery-6,102.8301886792453,91.88035
Batch-3/R2.5_battery-6,104.08805031446542,81.43196
Batch-3/R2.5_battery-6,103.8259958071279,90.49193
Batch-3/R2.5_battery-6,102.62054507337525,90.7203
Batch-3/R2.5_battery-6,102.20125786163523,89.99285
Batch-3/R2.5_battery-6,102.8301886792453,91.20248
Batch-3/R2.5_battery-6,104.03563941299791,81.16186
Batch-3/R2.5_battery-6,103.77358490566037,90.51657
Batch-3/R2.5_battery-6,102.51572327044025,90.7203
Batch-3/R2.5_battery-6,102.0964360587002,90.04424
Batch-3/R2.5_battery-6,102.62054507337525,91.2005
Batch-3/R2.5_battery-6,103.87840670859538,81.18036
Batch-3/R2.5_battery-6,103.51153039832286,90.6
Batch-3/R2.5_battery-6,102.30607966457023,90.01355
Batch-3/R2.5_battery-6,102.04402515723272,90.04459
Batch-3/R2.5_battery-6,102.77777777777779,91.28659
Batch-3/R2.5_battery-6,103.98322851153041,81.80576
Batch-3/R2.5_battery-6,103.61635220125787,90.52481
Batch-3/R2.5_battery-6,102.46331236897275,90.7017
Batch-3/R2.5_battery-6,102.04402515723272,89.99052
Batch-3/R2.5_battery-6,102.62054507337525,91.2005
Batch-3/R2.5_battery-6,103.8259958071279,81.16418
Batch-3/R2.5_battery-6,103.51153039832286,90.49193
Batch-3/R2.5_battery-6,102.35849056603774,90.7203
Batch-3/R2.5_battery-6,101.93920335429769,90.01298
Batch-3/R2.5_battery-6,102.51572327044025,91.14298
Batch-3/R2.5_battery-6,103.72117400419287,81.16124
Batch-3/R2.5_battery-6,103.40670859538785,90.49193
Batch-3/R2.5_battery-6,102.35849056603774,90.7203
Batch-3/R2.5_battery-6,101.9916142557652,89.8529
Batch-3/R2.5_battery-6,102.56813417190776,91.228966
Batch-3/R2.5_battery-6,103.77358490566037,81.192955
Batch-3/R2.5_battery-6,103.45911949685535,90.54114
Batch-3/R2.5_battery-6,102.35849056603774,90.532524
Batch-3/R2.5_battery-6,101.93920335429769,89.8529
Batch-3/R2.5_battery-6,102.51572327044025,91.228966
Batch-3/R2.5_battery-6,103.66876310272536,81.203926
Batch-3/R2.5_battery-6,103.35429769392034,90.51657
Batch-3/R2.5_battery-6,102.25366876310274,90.7017
Batch-3/R2.5_battery-6,101.83438155136268,89.8529
Batch-3/R2.5_battery-6,102.41090146750524,91.17305
Batch-3/R2.5_battery-6,103.56394129979036,80.96008
Batch-3/R2.5_battery-6,103.30188679245285,90.438354
Batch-3/R2.5_battery-6,102.20125786163523,90.7017
Batch-3/R2.5_battery-6,101.83438155136268,89.84829
Batch-3/R2.5_battery-6,102.41090146750524,91.20219
Batch-3/R2.5_battery-6,103.56394129979036,80.96302
Batch-3/R2.5_battery-6,103.24947589098532,90.52481
Batch-3/R2.5_battery-6,102.14884696016773,90.47525
Batch-3/R2.5_battery-6,101.78197064989519,89.82507
Batch-3/R2.5_battery-6,102.30607966457023,91.196465
Batch-3/R2.5_battery-6,103.45911949685535,80.95444
Batch-3/R2.5_battery-6,103.0922431865828,90.42338
Batch-3/R2.5_battery-6,101.93920335429769,90.66304
Batch-3/R2.5_battery-6,101.67714884696018,89.96269
Batch-3/R2.5_battery-6,102.30607966457023,91.07749
Batch-3/R2.5_battery-6,103.45911949685535,81.038025
Batch-3/R2.5_battery-6,103.19706498951784,90.44477
Batch-3/R2.5_battery-6,102.0964360587002,90.46959
Batch-3/R2.5_battery-6,101.67714884696018,89.824005
Batch-3/R2.5_battery-6,102.25366876310274,90.789696
Batch-3/R2.5_battery-6,103.40670859538785,80.94914
Batch-3/R2.5_battery-6,103.03983228511531,90.4378
Batch-3/R2.5_battery-6,101.93920335429769,90.46959
Batch-3/R2.5_battery-6,101.57232704402517,89.79228
Batch-3/R2.5_battery-6,102.0964360587002,91.02594
Batch-3/R2.5_battery-6,103.30188679245285,80.95516
Batch-3/R2.5_battery-6,102.9350104821803,90.40948
Batch-3/R2.5_battery-6,101.93920335429769,90.61862
Batch-3/R2.5_battery-6,101.78197064989519,89.91725
Batch-3/R2.5_battery-6,102.30607966457023,90.77911
Batch-3/R2.5_battery-6,103.40670859538785,80.94491
Batch-3/R2.5_battery-6,103.19706498951784,90.48203
Batch-3/R2.5_battery-6,102.04402515723272,90.32494
Batch-3/R2.5_battery-6,101.67714884696018,89.8166
Batch-3/R2.5_battery-6,102.20125786163523,90.76768
Batch-3/R2.5_battery-6,103.30188679245285,80.930954
Batch-3/R2.5_battery-6,102.9874213836478,90.46613
Batch-3/R2.5_battery-6,101.93920335429769,90.46959
Batch-3/R2.5_battery-6,101.57232704402517,89.95959
Batch-3/R2.5_battery-6,102.0964360587002,91.03793
Batch-3/R2.5_battery-6,103.19706498951784,80.947075
Batch-3/R2.5_battery-6,102.9874213836478,90.4558
Batch-3/R2.5_battery-6,101.88679245283019,90.42348
Batch-3/R2.5_battery-6,101.57232704402517,89.93612
Batch-3/R2.5_battery-6,102.0964360587002,91.10923
Batch-3/R2.5_battery-6,103.19706498951784,80.94957
Batch-3/R2.5_battery-6,102.8301886792453,90.46125
Batch-3/R2.5_battery-6,101.72955974842768,90.42445
Batch-3/R2.5_battery-6,101.41509433962266,89.91823
Batch-3/R2.5_battery-6,101.9916142557652,90.72386
Batch-3/R2.5_battery-6,103.0922431865828,80.93169
Batch-3/R2.5_battery-6,102.72536687631026,90.44477
Batch-3/R2.5_battery-6,101.62473794549267,90.19919
Batch-3/R2.5_battery-6,101.31027253668763,89.785355
Batch-3/R2.5_battery-6,101.88679245283019,90.65508
Batch-3/R2.5_battery-6,102.9874213836478,80.9503
Batch-3/R2.5_battery-6,102.62054507337525,90.41772
Batch-3/R2.5_battery-6,101.51991614255766,90.42886
Batch-3/R2.5_battery-6,101.20545073375263,89.785355
Batch-3/R2.5_battery-6,101.78197064989519,90.75269
Batch-3/R2.5_battery-6,102.9350104821803,81.04241
Batch-3/R2.5_battery-6,102.51572327044025,90.41772
Batch-3/R2.5_battery-6,101.41509433962266,90.57349
Batch-3/R2.5_battery-6,101.10062893081762,89.785355
Batch-3/R2.5_battery-6,101.67714884696018,90.619804
Batch-3/R2.5_battery-6,102.8301886792453,81.055885
Batch-3/R2.5_battery-6,102.41090146750524,90.40948
Batch-3/R2.5_battery-6,101.25786163522012,90.57349
Batch-3/R2.5_battery-6,100.99580712788261,89.785355
Batch-3/R2.5_battery-6,101.57232704402517,90.98177
Batch-3/R2.5_battery-6,102.77777777777779,80.905334
Batch-3/R2.5_battery-6,102.30607966457023,90.397804
Batch-3/R2.5_battery-6,101.20545073375263,90.586365
Batch-3/R2.5_battery-6,100.89098532494761,89.77368
Batch-3/R2.5_battery-6,101.46750524109014,90.6945
Batch-3/R2.5_battery-6,102.62054507337525,81.54415
Batch-3/R2.5_battery-6,102.20125786163523,90.403206
Batch-3/R2.5_battery-6,101.04821802935011,90.60498
Batch-3/R2.5_battery-6,100.73375262054508,89.93144
Batch-3/R2.5_battery-6,101.31027253668763,90.994385
Batch-3/R2.5_battery-6,102.51572327044025,80.9708
Batch-3/R2.5_battery-6,102.04402515723272,90.51128
Batch-3/R2.5_battery-6,100.83857442348008,90.28297
Batch-3/R2.5_battery-6,100.57651991614256,90.009415
Batch-3/R2.5_battery-6,101.15303983228512,90.935
Batch-3/R2.5_battery-6,102.41090146750524,80.92893
Batch-3/R2.5_battery-6,101.83438155136268,90.4817
Batch-3/R2.5_battery-6,100.68134171907757,89.9084
Batch-3/R2.5_battery-6,100.41928721174006,89.88635
Batch-3/R2.5_battery-6,100.99580712788261,91.20707
Batch-3/R2.5_battery-6,102.25366876310274,81.10028
Batch-3/R2.5_battery-6,101.67714884696018,90.4817
Batch-3/R2.5_battery-6,100.47169811320755,89.439316
Batch-3/R2.5_battery-6,100.20964360587001,88.71706
Batch-3/R2.5_battery-6,100.83857442348008,90.64827
Batch-3/R2.5_battery-6,102.0964360587002,81.45384
Batch-3/R2.5_battery-6,101.46750524109014,90.6153
Batch-3/R2.5_battery-6,100.26205450733754,89.47571
Batch-3/R2.5_battery-6,100.0,88.71652
Batch-3/R2.5_battery-6,100.62893081761007,89.93699
Batch-3/R2.5_battery-6,101.88679245283019,81.67357
Batch-3/R2.5_battery-6,101.20545073375263,90.65687
Batch-3/R2.5_battery-6,99.94758909853249,89.40674
Batch-3/R2.5_battery-6,99.68553459119497,88.67824
Batch-3/R2.5_battery-6,100.36687631027254,89.78475
Batch-3/R2.5_battery-6,101.67714884696018,81.8535
Batch-3/R2.5_battery-6,100.89098532494761,89.478905
Batch-3/R2.5_battery-6,99.58071278825996,89.44078
Batch-3/R2.5_battery-6,99.37106918238993,88.67824
Batch-3/R2.5_battery-6,100.104821802935,89.41982
Batch-3/R2.5_battery-6,101.46750524109014,81.773544
Batch-3/R2.5_battery-6,100.52410901467506,89.44433
Batch-3/R2.5_battery-6,99.26624737945492,89.3926
Batch-3/R2.5_battery-6,99.05660377358491,88.55668
Batch-3/R2.5_battery-6,99.8427672955975,89.43363
Batch-3/R2.5_battery-6,101.20545073375263,81.75093
Batch-3/R2.5_battery-6,100.26205450733754,89.510185
Batch-3/R2.5_battery-6,99.0041928721174,89.3926
Batch-3/R2.5_battery-6,98.84696016771488,88.55668
Batch-3/R2.5_battery-6,99.58071278825996,89.31207
Batch-3/R2.5_battery-6,100.99580712788261,81.75093
Batch-3/R2.5_battery-6,100.05241090146751,89.510185
Batch-3/R2.5_battery-6,98.79454926624739,89.39175
Batch-3/R2.5_battery-6,98.63731656184487,88.55668
Batch-3/R2.5_battery-6,99.42348008385746,89.27753
Batch-3/R2.5_battery-6,100.83857442348008,81.65978
Batch-3/R2.5_battery-6,99.8427672955975,89.510185
Batch-3/R2.5_battery-6,98.63731656184487,89.39175
Batch-3/R2.5_battery-6,98.48008385744235,88.56785
Batch-3/R2.5_battery-6,99.26624737945492,89.29019
Batch-3/R2.5_battery-6,100.68134171907757,81.63122
Batch-3/R2.5_battery-6,99.68553459119497,89.510185
Batch-3/R2.5_battery-6,98.37526205450735,89.39175
Batch-3/R2.5_battery-6,98.27044025157234,88.55668
Batch-3/R2.5_battery-6,99.0041928721174,89.248245
Batch-3/R2.5_battery-6,100.47169811320755,81.62183
Batch-3/R2.5_battery-6,99.47589098532494,89.46199
Batch-3/R2.5_battery-6,98.21802935010483,89.36002
Batch-3/R2.5_battery-6,98.11320754716982,88.55329
Batch-3/R2.5_battery-6,98.8993710691824,89.34631
Batch-3/R2.5_battery-6,100.31446540880505,81.617485
Batch-3/R2.5_battery-6,99.31865828092243,89.4586
Batch-3/R2.5_battery-6,98.00838574423481,89.38836
Batch-3/R2.5_battery-6,97.9035639412998,88.480064
Batch-3/R2.5_battery-6,98.68972746331237,89.28851
Batch-3/R2.5_battery-6,100.15723270440253,81.606316
Batch-3/R2.5_battery-6,99.10901467505242,89.4586
Batch-3/R2.5_battery-6,97.85115303983228,89.38836
Batch-3/R2.5_battery-6,97.79874213836479,88.468895
Batch-3/R2.5_battery-6,98.53249475890985,89.28851
Batch-3/R2.5_battery-6,100.0,81.617485
Batch-3/R2.5_battery-6,98.9517819706499,89.4586
Batch-3/R2.5_battery-6,97.74633123689728,89.38836
Batch-3/R2.5_battery-6,97.64150943396227,88.480064
Batch-3/R2.5_battery-6,98.42767295597484,89.28851
Batch-3/R2.5_battery-6,99.8427672955975,81.617485
Batch-3/R2.5_battery-6,98.79454926624739,89.4586
Batch-3/R2.5_battery-6,97.53668763102725,89.39069
Batch-3/R2.5_battery-6,97.43186582809224,88.480064
Batch-3/R2.5_battery-6,98.16561844863733,89.386375
Batch-3/R2.5_battery-6,99.58071278825996,81.55547
Batch-3/R2.5_battery-6,98.74213836477988,89.4586
Batch-3/R2.5_battery-6,97.43186582809224,89.39069
Batch-3/R2.5_battery-6,97.37945492662475,88.480064
Batch-3/R2.5_battery-6,98.06079664570231,89.386375
Batch-3/R2.5_battery-6,99.58071278825996,81.7129
Batch-3/R2.5_battery-6,98.53249475890985,89.4586
Batch-3/R2.5_battery-6,97.22222222222221,89.39069
Batch-3/R2.5_battery-6,97.06498951781971,87.98254
Batch-3/R2.5_battery-6,97.85115303983228,89.400276
Batch-3/R2.5_battery-6,99.26624737945492,81.56791
Batch-3/R2.5_battery-6,98.16561844863733,89.4586
Batch-3/R2.5_battery-6,96.8553459119497,89.39069
Batch-3/R2.5_battery-6,96.8553459119497,88.480064
Batch-3/R2.5_battery-6,97.85115303983228,89.400276
Batch-3/R2.5_battery-6,99.21383647798743,81.72634
Batch-3/R2.5_battery-6,98.21802935010483,89.4586
Batch-3/R2.5_battery-6,96.9601677148847,89.39069
Batch-3/R2.5_battery-6,96.8553459119497,88.480064
Batch-3/R2.5_battery-6,97.58909853249477,89.401085
Batch-3/R2.5_battery-6,99.0041928721174,81.55748
Batch-3/R2.5_battery-6,98.00838574423481,89.45857
Batch-3/R2.5_battery-6,96.69811320754718,89.39065
Batch-3/R2.5_battery-6,96.59329140461216,88.48002
Batch-3/R2.5_battery-6,97.32704402515724,89.33579
Batch-3/R2.5_battery-6,98.68972746331237,81.582146
Batch-3/R2.5_battery-6,97.69392033542978,89.45857
Batch-3/R2.5_battery-6,96.59329140461216,89.15623
Batch-3/R2.5_battery-6,96.59329140461216,88.48002
Batch-3/R2.5_battery-6,97.32704402515724,89.44712
Batch-3/R2.5_battery-6,98.58490566037736,81.27634
Batch-3/R2.5_battery-6,97.74633123689728,89.45857
Batch-3/R2.5_battery-6,96.48846960167715,89.39065
Batch-3/R2.5_battery-6,96.43605870020964,88.48002
Batch-3/R2.5_battery-6,97.11740041928721,89.34739
Batch-3/R2.5_battery-6,98.48008385744235,81.25883
Batch-3/R2.5_battery-6,97.64150943396227,89.45734
Batch-3/R2.5_battery-6,96.33123689727464,89.38943
Batch-3/R2.5_battery-6,96.27882599580713,88.4788
Batch-3/R2.5_battery-6,96.9077568134172,89.34617
Batch-3/R2.5_battery-6,98.27044025157234,81.255844
Batch-3/R2.5_battery-6,97.53668763102725,89.45734
Batch-3/R2.5_battery-6,96.33123689727464,89.383
Batch-3/R2.5_battery-6,96.22641509433963,88.472374
Batch-3/R2.5_battery-6,96.8553459119497,89.436455
Batch-3/R2.5_battery-6,98.11320754716982,81.24327
Batch-3/R2.5_battery-6,97.37945492662475,89.253845
Batch-3/R2.5_battery-6,96.12159329140462,89.185936
Batch-3/R2.5_battery-6,95.96436058700209,88.27531
Batch-3/R2.5_battery-6,96.64570230607967,89.27806
Batch-3/R2.5_battery-6,97.9035639412998,81.235565
Batch-3/R2.5_battery-6,97.16981132075473,89.253845
Batch-3/R2.5_battery-6,95.91194968553461,89.185936
Batch-3/R2.5_battery-6,95.80712788259959,88.27531
Batch-3/R2.5_battery-6,96.48846960167715,89.2974
Batch-3/R2.5_battery-6,97.69392033542978,81.1975
Batch-3/R2.5_battery-6,97.0125786163522,89.253845
Batch-3/R2.5_battery-6,95.80712788259959,89.185936
Batch-3/R2.5_battery-6,95.64989517819707,88.28397
Batch-3/R2.5_battery-6,96.33123689727464,89.27806
Batch-3/R2.5_battery-6,97.53668763102725,81.22474
Batch-3/R2.5_battery-6,96.9601677148847,89.253845
Batch-3/R2.5_battery-6,95.64989517819707,89.185936
Batch-3/R2.5_battery-6,95.49266247379455,88.27531
Batch-3/R2.5_battery-6,96.12159329140462,89.2974
Batch-3/R2.5_battery-6,97.32704402515724,81.1755
Batch-3/R2.5_battery-6,96.69811320754718,89.253845
Batch-3/R2.5_battery-6,95.49266247379455,89.185936
Batch-3/R2.5_battery-6,95.38784067085955,88.28397
Batch-3/R2.5_battery-6,95.96436058700209,89.30645
Batch-3/R2.5_battery-6,97.16981132075473,81.21603
Batch-3/R2.5_battery-6,96.69811320754718,89.253845
Batch-3/R2.5_battery-6,95.44025157232706,89.185936
Batch-3/R2.5_battery-6,95.38784067085955,88.27531
Batch-3/R2.5_battery-6,95.91194968553461,89.30645
Batch-3/R2.5_battery-6,97.0125786163522,81.22732
Batch-3/R2.5_battery-6,96.54088050314466,89.253845
Batch-3/R2.5_battery-6,95.28301886792454,89.185936
Batch-3/R2.5_battery-6,95.12578616352202,88.28397
Batch-3/R2.5_battery-6,95.64989517819707,89.30645
Batch-3/R2.5_battery-6,96.80293501048219,81.25591
Batch-3/R2.5_battery-6,96.43605870020964,89.253845
Batch-3/R2.5_battery-6,95.17819706498952,89.177635
Batch-3/R2.5_battery-6,95.020964360587,88.27569
Batch-3/R2.5_battery-6,95.54507337526206,89.29815
Batch-3/R2.5_battery-6,96.59329140461216,81.23417
Batch-3/R2.5_battery-6,96.27882599580713,89.24556
Batch-3/R2.5_battery-6,95.020964360587,89.177635
Batch-3/R2.5_battery-6,94.81132075471697,88.27569
Batch-3/R2.5_battery-6,95.33542976939204,89.265045
Batch-3/R2.5_battery-6,96.38364779874215,81.26636
Batch-3/R2.5_battery-6,96.12159329140462,89.212326
Batch-3/R2.5_battery-6,94.86373165618448,89.14442
Batch-3/R2.5_battery-6,94.65408805031447,88.242455
Batch-3/R2.5_battery-6,95.17819706498952,89.379425
Batch-3/R2.5_battery-6,96.27882599580713,79.81761
Batch-3/R2.5_battery-6,96.12159329140462,89.212326
Batch-3/R2.5_battery-6,94.86373165618448,89.14442
Batch-3/R2.5_battery-6,94.60167714884696,88.242455
Batch-3/R2.5_battery-6,95.020964360587,89.283134
Batch-3/R2.5_battery-6,96.01677148846962,79.76482
Batch-3/R2.5_battery-6,95.91194968553461,89.10254
Batch-3/R2.5_battery-6,94.60167714884696,89.03463
Batch-3/R2.5_battery-6,94.33962264150944,88.1278
Batch-3/R2.5_battery-6,94.70649895178197,89.244606
Batch-3/R2.5_battery-6,95.70230607966458,79.7559
Batch-3/R2.5_battery-6,95.64989517819707,89.09767
Batch-3/R2.5_battery-6,94.54926624737946,89.02975
Batch-3/R2.5_battery-6,94.23480083857443,88.1278
Batch-3/R2.5_battery-6,94.54926624737946,89.55268
Batch-3/R2.5_battery-6,95.54507337526206,79.73003
Batch-3/R2.5_battery-6,95.59748427672957,89.09767
Batch-3/R2.5_battery-6,94.39203354297693,89.02975
Batch-3/R2.5_battery-6,93.9727463312369,88.1278
Batch-3/R2.5_battery-6,94.23480083857443,89.47817
Batch-3/R2.5_battery-6,95.17819706498952,79.75866
Batch-3/R2.5_battery-6,95.28301886792454,89.09767
Batch-3/R2.5_battery-6,93.9203354297694,89.04092
Batch-3/R2.5_battery-6,93.55345911949685,88.1278
Batch-3/R2.5_battery-6,93.86792452830188,89.47555
Batch-3/R2.5_battery-6,94.75890985324949,79.73551
Batch-3/R2.5_battery-6,95.07337526205451,89.09567
Batch-3/R2.5_battery-6,93.71069182389937,89.02776
Batch-3/R2.5_battery-6,93.34381551362684,88.1258
Batch-3/R2.5_battery-6,93.60587002096436,89.42837
Batch-3/R2.5_battery-6,94.44444444444446,79.73524
Batch-3/R2.5_battery-6,94.75890985324949,89.09012
Batch-3/R2.5_battery-6,93.34381551362684,89.03338
Batch-3/R2.5_battery-6,92.9245283018868,88.13941
Batch-3/R2.5_battery-6,93.13417190775681,89.35883
Batch-3/R2.5_battery-6,94.0251572327044,79.72967
Batch-3/R2.5_battery-6,94.23480083857443,89.08316
Batch-3/R2.5_battery-6,92.8721174004193,89.02642
Batch-3/R2.5_battery-6,92.45283018867924,88.40329
Batch-3/R2.5_battery-6,92.76729559748428,89.15148
Batch-3/R2.5_battery-6,93.60587002096436,79.75167
Batch-3/R2.5_battery-6,94.0251572327044,89.08316
Batch-3/R2.5_battery-6,92.71488469601678,89.02642
Batch-3/R2.5_battery-6,92.13836477987421,88.40329
Batch-3/R2.5_battery-6,92.40041928721175,89.29398
Batch-3/R2.5_battery-6,93.18658280922433,79.74826
Batch-3/R2.5_battery-6,93.55345911949685,89.08316
Batch-3/R2.5_battery-6,92.19077568134172,89.02642
Batch-3/R2.5_battery-6,91.66666666666667,88.422455
Batch-3/R2.5_battery-6,91.87631027253668,89.29565
Batch-3/R2.5_battery-6,92.66247379454927,79.19132
Batch-3/R2.5_battery-6,93.0293501048218,89.08316
Batch-3/R2.5_battery-6,91.82389937106919,88.99761
Batch-3/R2.5_battery-6,91.35220125786164,88.39366
Batch-3/R2.5_battery-6,91.45702306079666,88.9779
Batch-3/R2.5_battery-6,92.29559748427673,80.59147
Batch-3/R2.5_battery-6,92.76729559748428,89.05437
Batch-3/R2.5_battery-6,91.40461215932915,88.99761
Batch-3/R2.5_battery-6,90.82809224318659,89.36595
Batch-3/R2.5_battery-6,90.98532494758909,89.121475
Batch-3/R2.5_battery-6,91.77148846960168,79.130844
Batch-3/R2.5_battery-6,92.19077568134172,89.05437
Batch-3/R2.5_battery-6,90.82809224318659,89.00191
Batch-3/R2.5_battery-6,90.19916142557652,89.36595
Batch-3/R2.5_battery-6,90.40880503144655,89.729416
Batch-3/R2.5_battery-6,91.19496855345912,79.10324
Batch-3/R2.5_battery-6,91.87631027253668,89.05437
Batch-3/R2.5_battery-6,90.51362683438155,89.00191
Batch-3/R2.5_battery-6,89.83228511530399,89.44254
Batch-3/R2.5_battery-6,90.14675052410902,90.32065
Batch-3/R2.5_battery-6,90.88050314465409,79.0744
Batch-3/R2.5_battery-6,91.40461215932915,89.05437
Batch-3/R2.5_battery-6,89.9895178197065,89.00191
Batch-3/R2.5_battery-6,89.36058700209645,89.44254
Batch-3/R2.5_battery-6,89.46540880503146,90.113815
Batch-3/R2.5_battery-6,90.25157232704403,79.095474
Batch-3/R2.5_battery-6,90.93291404612161,89.052376
Batch-3/R2.5_battery-6,89.46540880503146,88.999916
Batch-3/R2.5_battery-6,88.83647798742139,89.48851
Batch-3/R2.5_battery-6,89.09853249475891,89.866745
Batch-3/R2.5_battery-6,89.8846960167715,79.042175
Batch-3/R2.5_battery-6,90.67085953878407,89.052376
Batch-3/R2.5_battery-6,89.30817610062893,88.999916
Batch-3/R2.5_battery-6,88.52201257861635,89.48451
Batch-3/R2.5_battery-6,88.67924528301887,89.18712
Batch-3/R2.5_battery-6,89.41299790356393,79.004875
Batch-3/R2.5_battery-6,90.19916142557652,89.03622
Batch-3/R2.5_battery-6,88.78406708595388,88.98377
Batch-3/R2.5_battery-6,88.0503144654088,89.47554
Batch-3/R2.5_battery-6,88.20754716981133,89.06693
Batch-3/R2.5_battery-6,88.8888888888889,78.96078
Batch-3/R2.5_battery-6,89.72746331236897,89.02
Batch-3/R2.5_battery-6,88.31236897274634,88.96755
Batch-3/R2.5_battery-6,87.57861635220127,89.45932
Batch-3/R2.5_battery-6,87.78825995807128,89.07778
Batch-3/R2.5_battery-6,88.46960167714884,78.7932
Batch-3/R2.5_battery-6,89.30817610062893,89.02
Batch-3/R2.5_battery-6,87.9454926624738,88.95666
Batch-3/R2.5_battery-6,87.10691823899371,89.48157
Batch-3/R2.5_battery-6,87.26415094339623,89.26794
Batch-3/R2.5_battery-6,87.84067085953879,78.70499
Batch-3/R2.5_battery-6,88.78406708595388,88.98304
Batch-3/R2.5_battery-6,87.36897274633124,88.899345
Batch-3/R2.5_battery-6,86.58280922431865,89.45549
Batch-3/R2.5_battery-6,86.68763102725366,90.13135
Batch-3/R2.5_battery-6,87.26415094339623,78.7054
Batch-3/R2.5_battery-6,88.25995807127882,88.98304
Batch-3/R2.5_battery-6,86.89727463312369,88.899345
Batch-3/R2.5_battery-6,86.00628930817611,89.47359
Batch-3/R2.5_battery-6,86.11111111111111,89.89365
Batch-3/R2.5_battery-6,86.68763102725366,78.70419
Batch-3/R2.5_battery-6,87.78825995807128,88.981834
Batch-3/R2.5_battery-6,86.37316561844864,88.89759
Batch-3/R2.5_battery-6,85.42976939203353,89.41932
Batch-3/R2.5_battery-6,85.48218029350106,89.3528
Batch-3/R2.5_battery-6,86.00628930817611,78.701195
Batch-3/R2.5_battery-6,87.15932914046121,88.981285
Batch-3/R2.5_battery-6,85.74423480083857,88.89759
Batch-3/R2.5_battery-6,84.8008385744235,89.41932
Batch-3/R2.5_battery-6,84.8008385744235,88.86693
Batch-3/R2.5_battery-6,85.32494758909853,78.59398
Batch-3/R2.5_battery-6,86.58280922431865,88.981285
Batch-3/R2.5_battery-6,85.16771488469603,88.89759
Batch-3/R2.5_battery-6,84.27672955974843,89.41932
Batch-3/R2.5_battery-6,84.17190775681343,89.20538
Batch-3/R2.5_battery-6,84.64360587002096,78.64912
Batch-3/R2.5_battery-6,86.00628930817611,88.981285
Batch-3/R2.5_battery-6,84.59119496855347,88.89759
Batch-3/R2.5_battery-6,83.59538784067087,89.41932
Batch-3/R2.5_battery-6,83.54297693920336,89.28676
Batch-3/R2.5_battery-6,83.9622641509434,78.64912
Batch-3/R2.5_battery-6,85.32494758909853,88.96206
Batch-3/R2.5_battery-6,83.9098532494759,88.66363
Batch-3/R2.5_battery-6,82.86163522012579,89.40009
Batch-3/R2.5_battery-6,82.8092243186583,90.39073
Batch-3/R2.5_battery-6,83.22851153039834,78.56264
Batch-3/R2.5_battery-6,84.69601677148847,88.96714
Batch-3/R2.5_battery-6,83.33333333333334,88.66871
Batch-3/R2.5_battery-6,82.18029350104823,89.185356
Batch-3/R2.5_battery-6,82.12788259958072,90.44409
Batch-3/R2.5_battery-6,82.49475890985326,78.673195
Batch-3/R2.5_battery-6,83.9098532494759,88.96714
Batch-3/R2.5_battery-6,82.44234800838575,88.317444
Batch-3/R2.5_battery-6,81.39412997903564,89.19538
Batch-3/R2.5_battery-6,81.23689727463312,90.095535
Batch-3/R2.5_battery-6,81.60377358490565,78.38713
Batch-3/R2.5_battery-6,83.01886792452831,88.95913
Batch-3/R2.5_battery-7,104.14915966386556,99.8738
Batch-3/R2.5_battery-7,100.0,100.11294
Batch-3/R2.5_battery-7,97.95168067226892,100.20707
Batch-3/R2.5_battery-7,97.1638655462185,98.2962
Batch-3/R2.5_battery-7,98.21428571428572,98.5276
Batch-3/R2.5_battery-7,101.31302521008405,84.89152
Batch-3/R2.5_battery-7,101.73319327731095,97.68549
Batch-3/R2.5_battery-7,99.57983193277312,98.05773
Batch-3/R2.5_battery-7,98.68697478991596,97.681015
Batch-3/R2.5_battery-7,99.52731092436974,98.19861
Batch-3/R2.5_battery-7,102.04831932773111,84.54398
Batch-3/R2.5_battery-7,102.62605042016808,97.432396
Batch-3/R2.5_battery-7,100.6827731092437,97.370186
Batch-3/R2.5_battery-7,99.78991596638656,97.11605
Batch-3/R2.5_battery-7,100.52521008403362,98.20043
Batch-3/R2.5_battery-7,103.15126050420169,83.40741
Batch-3/R2.5_battery-7,103.51890756302522,97.10792
Batch-3/R2.5_battery-7,101.57563025210084,97.33969
Batch-3/R2.5_battery-7,100.63025210084034,96.97501
Batch-3/R2.5_battery-7,101.41806722689077,97.90849
Batch-3/R2.5_battery-7,103.88655462184875,83.43429
Batch-3/R2.5_battery-7,104.09663865546219,97.0055
Batch-3/R2.5_battery-7,102.20588235294117,97.24261
Batch-3/R2.5_battery-7,101.3655462184874,96.75863
Batch-3/R2.5_battery-7,102.10084033613444,98.01465
Batch-3/R2.5_battery-7,104.359243697479,83.40714
Batch-3/R2.5_battery-7,104.46428571428572,96.896255
Batch-3/R2.5_battery-7,102.62605042016808,96.848114
Batch-3/R2.5_battery-7,101.83823529411767,96.61867
Batch-3/R2.5_battery-7,102.57352941176472,97.92941
Batch-3/R2.5_battery-7,104.6218487394958,83.372826
Batch-3/R2.5_battery-7,104.6218487394958,96.896255
Batch-3/R2.5_battery-7,102.88865546218489,96.72989
Batch-3/R2.5_battery-7,102.15336134453783,96.401825
Batch-3/R2.5_battery-7,102.94117647058825,97.470795
Batch-3/R2.5_battery-7,104.77941176470588,83.39541
Batch-3/R2.5_battery-7,104.72689075630252,96.26035
Batch-3/R2.5_battery-7,103.09873949579833,96.11878
Batch-3/R2.5_battery-7,102.36344537815127,95.950264
Batch-3/R2.5_battery-7,103.15126050420169,96.67518
Batch-3/R2.5_battery-7,104.8844537815126,83.278145
Batch-3/R2.5_battery-7,104.83193277310924,96.1947
Batch-3/R2.5_battery-7,103.15126050420169,95.543816
Batch-3/R2.5_battery-7,102.468487394958,95.00045
Batch-3/R2.5_battery-7,103.20378151260505,96.32485
Batch-3/R2.5_battery-7,104.8844537815126,83.033806
Batch-3/R2.5_battery-7,104.72689075630252,95.65818
Batch-3/R2.5_battery-7,103.15126050420169,95.71299
Batch-3/R2.5_battery-7,102.52100840336136,95.00132
Batch-3/R2.5_battery-7,103.25630252100841,96.20654
Batch-3/R2.5_battery-7,104.8844537815126,82.93205
Batch-3/R2.5_battery-7,104.93697478991596,95.00986
Batch-3/R2.5_battery-7,103.25630252100841,94.93621
Batch-3/R2.5_battery-7,102.62605042016808,94.47364
Batch-3/R2.5_battery-7,103.36134453781514,95.712555
Batch-3/R2.5_battery-7,104.8844537815126,82.924
Batch-3/R2.5_battery-7,104.67436974789916,94.477875
Batch-3/R2.5_battery-7,103.15126050420169,94.407265
Batch-3/R2.5_battery-7,102.57352941176472,92.8863
Batch-3/R2.5_battery-7,103.30882352941177,94.10795
Batch-3/R2.5_battery-7,104.77941176470588,82.94469
Batch-3/R2.5_battery-7,104.67436974789916,93.07222
Batch-3/R2.5_battery-7,103.25630252100841,93.00985
Batch-3/R2.5_battery-7,102.67857142857144,92.496376
Batch-3/R2.5_battery-7,103.30882352941177,93.32237
Batch-3/R2.5_battery-7,104.77941176470588,82.94262
Batch-3/R2.5_battery-7,104.6218487394958,92.79338
Batch-3/R2.5_battery-7,103.15126050420169,92.64266
Batch-3/R2.5_battery-7,102.62605042016808,92.13152
Batch-3/R2.5_battery-7,103.36134453781514,93.257996
Batch-3/R2.5_battery-7,104.72689075630252,82.92169
Batch-3/R2.5_battery-7,104.46428571428572,92.58659
Batch-3/R2.5_battery-7,103.04621848739497,92.719444
Batch-3/R2.5_battery-7,102.468487394958,92.12171
Batch-3/R2.5_battery-7,103.36134453781514,93.13439
Batch-3/R2.5_battery-7,104.67436974789916,82.950325
Batch-3/R2.5_battery-7,104.56932773109244,92.48547
Batch-3/R2.5_battery-7,103.20378151260505,92.55027
Batch-3/R2.5_battery-7,102.67857142857144,91.96758
Batch-3/R2.5_battery-7,103.30882352941177,93.02315
Batch-3/R2.5_battery-7,104.6218487394958,82.94092
Batch-3/R2.5_battery-7,104.46428571428572,92.492516
Batch-3/R2.5_battery-7,103.09873949579833,92.55027
Batch-3/R2.5_battery-7,102.62605042016808,91.97088
Batch-3/R2.5_battery-7,103.30882352941177,93.034035
Batch-3/R2.5_battery-7,104.56932773109244,82.903076
Batch-3/R2.5_battery-7,104.359243697479,92.477234
Batch-3/R2.5_battery-7,102.9936974789916,92.719444
Batch-3/R2.5_battery-7,102.62605042016808,91.96856
Batch-3/R2.5_battery-7,103.4138655462185,93.078354
Batch-3/R2.5_battery-7,104.56932773109244,82.93854
Batch-3/R2.5_battery-7,104.41176470588236,92.492516
Batch-3/R2.5_battery-7,102.9936974789916,92.437965
Batch-3/R2.5_battery-7,102.468487394958,91.85859
Batch-3/R2.5_battery-7,103.15126050420169,92.997314
Batch-3/R2.5_battery-7,104.359243697479,82.91655
Batch-3/R2.5_battery-7,104.20168067226892,91.87918
Batch-3/R2.5_battery-7,102.83613445378153,92.12139
Batch-3/R2.5_battery-7,102.36344537815127,90.82601
Batch-3/R2.5_battery-7,103.04621848739497,91.964005
Batch-3/R2.5_battery-7,104.25420168067228,81.32654
Batch-3/R2.5_battery-7,104.04411764705883,90.59102
Batch-3/R2.5_battery-7,102.78361344537817,90.7203
Batch-3/R2.5_battery-7,102.36344537815127,89.99285
Batch-3/R2.5_battery-7,103.04621848739497,91.27963
Batch-3/R2.5_battery-7,104.14915966386556,81.19893
Batch-3/R2.5_battery-7,103.99159663865547,90.6
Batch-3/R2.5_battery-7,102.67857142857144,90.7203
Batch-3/R2.5_battery-7,102.25840336134455,90.04424
Batch-3/R2.5_battery-7,102.88865546218489,91.14961
Batch-3/R2.5_battery-7,104.04411764705883,81.17229
Batch-3/R2.5_battery-7,103.72899159663866,90.60096
Batch-3/R2.5_battery-7,102.468487394958,89.67996
Batch-3/R2.5_battery-7,102.3109243697479,90.04691
Batch-3/R2.5_battery-7,103.04621848739497,91.18956
Batch-3/R2.5_battery-7,104.09663865546219,81.200584
Batch-3/R2.5_battery-7,103.88655462184875,90.49193
Batch-3/R2.5_battery-7,102.67857142857144,90.73296
Batch-3/R2.5_battery-7,102.3109243697479,89.85522
Batch-3/R2.5_battery-7,102.88865546218489,91.23373
Batch-3/R2.5_battery-7,103.99159663865547,81.1549
Batch-3/R2.5_battery-7,103.78151260504202,90.6
Batch-3/R2.5_battery-7,102.52100840336136,90.7203
Batch-3/R2.5_battery-7,102.15336134453783,89.99285
Batch-3/R2.5_battery-7,102.78361344537817,91.23373
Batch-3/R2.5_battery-7,103.88655462184875,81.16869
Batch-3/R2.5_battery-7,103.6764705882353,90.60096
Batch-3/R2.5_battery-7,102.62605042016808,90.7203
Batch-3/R2.5_battery-7,102.20588235294117,89.8529
Batch-3/R2.5_battery-7,102.88865546218489,91.13301
Batch-3/R2.5_battery-7,103.9390756302521,81.089066
Batch-3/R2.5_battery-7,103.78151260504202,90.446594
Batch-3/R2.5_battery-7,102.62605042016808,90.68156
Batch-3/R2.5_battery-7,102.20588235294117,89.8529
Batch-3/R2.5_battery-7,102.83613445378153,91.13204
Batch-3/R2.5_battery-7,103.78151260504202,81.087906
Batch-3/R2.5_battery-7,103.62394957983194,90.41371
Batch-3/R2.5_battery-7,102.52100840336136,90.73296
Batch-3/R2.5_battery-7,102.15336134453783,89.85522
Batch-3/R2.5_battery-7,102.7310924369748,91.16098
Batch-3/R2.5_battery-7,103.72899159663866,80.990974
Batch-3/R2.5_battery-7,103.57142857142858,90.51282
Batch-3/R2.5_battery-7,102.52100840336136,90.73296
Batch-3/R2.5_battery-7,102.15336134453783,89.85522
Batch-3/R2.5_battery-7,102.7310924369748,91.18879
Batch-3/R2.5_battery-7,103.6764705882353,80.97236
Batch-3/R2.5_battery-7,103.57142857142858,90.41371
Batch-3/R2.5_battery-7,102.468487394958,90.67848
Batch-3/R2.5_battery-7,102.10084033613444,89.82968
Batch-3/R2.5_battery-7,102.62605042016808,91.11415
Batch-3/R2.5_battery-7,103.62394957983194,80.96023
Batch-3/R2.5_battery-7,103.36134453781514,90.390495
Batch-3/R2.5_battery-7,102.3109243697479,90.69708
Batch-3/R2.5_battery-7,102.04831932773111,89.969635
Batch-3/R2.5_battery-7,102.62605042016808,91.14489
Batch-3/R2.5_battery-7,103.57142857142858,81.03269
Batch-3/R2.5_battery-7,103.51890756302522,90.40948
Batch-3/R2.5_battery-7,102.41596638655462,90.50363
Batch-3/R2.5_battery-7,102.04831932773111,89.82634
Batch-3/R2.5_battery-7,102.52100840336136,91.06774
Batch-3/R2.5_battery-7,103.51890756302522,80.947075
Batch-3/R2.5_battery-7,103.36134453781514,90.40948
Batch-3/R2.5_battery-7,102.25840336134455,90.65268
Batch-3/R2.5_battery-7,101.94327731092439,89.82634
Batch-3/R2.5_battery-7,102.41596638655462,91.07702
Batch-3/R2.5_battery-7,103.4138655462185,81.04125
Batch-3/R2.5_battery-7,103.25630252100841,90.46046
Batch-3/R2.5_battery-7,102.36344537815127,90.61862
Batch-3/R2.5_battery-7,102.15336134453783,89.91984
Batch-3/R2.5_battery-7,102.67857142857144,91.0413
Batch-3/R2.5_battery-7,103.51890756302522,80.94787
Batch-3/R2.5_battery-7,103.46638655462186,90.46125
Batch-3/R2.5_battery-7,102.41596638655462,90.46861
Batch-3/R2.5_battery-7,102.04831932773111,89.926125
Batch-3/R2.5_battery-7,102.52100840336136,90.98514
Batch-3/R2.5_battery-7,103.4138655462185,80.95977
Batch-3/R2.5_battery-7,103.30882352941177,90.42474
Batch-3/R2.5_battery-7,102.3109243697479,90.46959
Batch-3/R2.5_battery-7,101.94327731092439,89.993645
Batch-3/R2.5_battery-7,102.41596638655462,91.00097
Batch-3/R2.5_battery-7,103.36134453781514,80.94335
Batch-3/R2.5_battery-7,103.30882352941177,90.42474
Batch-3/R2.5_battery-7,102.3109243697479,90.42886
Batch-3/R2.5_battery-7,101.99579831932772,89.895195
Batch-3/R2.5_battery-7,102.41596638655462,91.02721
Batch-3/R2.5_battery-7,103.30882352941177,80.93437
Batch-3/R2.5_battery-7,103.15126050420169,90.41772
Batch-3/R2.5_battery-7,102.15336134453783,90.46959
Batch-3/R2.5_battery-7,101.78571428571428,90.00955
Batch-3/R2.5_battery-7,102.3109243697479,91.03337
Batch-3/R2.5_battery-7,103.20378151260505,80.94058
Batch-3/R2.5_battery-7,103.04621848739497,90.40948
Batch-3/R2.5_battery-7,102.04831932773111,90.46959
Batch-3/R2.5_battery-7,101.73319327731095,90.008194
Batch-3/R2.5_battery-7,102.25840336134455,91.08744
Batch-3/R2.5_battery-7,103.15126050420169,80.9503
Batch-3/R2.5_battery-7,102.9936974789916,90.40948
Batch-3/R2.5_battery-7,101.94327731092439,90.46959
Batch-3/R2.5_battery-7,101.62815126050421,90.008194
Batch-3/R2.5_battery-7,102.15336134453783,91.05949
Batch-3/R2.5_battery-7,103.04621848739497,80.9503
Batch-3/R2.5_battery-7,102.83613445378153,90.405464
Batch-3/R2.5_battery-7,101.83823529411767,90.63876
Batch-3/R2.5_battery-7,101.52310924369749,89.824005
Batch-3/R2.5_battery-7,102.04831932773111,91.01963
Batch-3/R2.5_battery-7,102.94117647058825,80.964935
Batch-3/R2.5_battery-7,102.7310924369748,90.47993
Batch-3/R2.5_battery-7,101.73319327731095,90.61665
Batch-3/R2.5_battery-7,101.41806722689077,89.82634
Batch-3/R2.5_battery-7,101.94327731092439,91.01068
Batch-3/R2.5_battery-7,102.88865546218489,80.997444
Batch-3/R2.5_battery-7,102.67857142857144,90.468254
Batch-3/R2.5_battery-7,101.62815126050421,90.60498
Batch-3/R2.5_battery-7,101.3655462184874,89.94997
Batch-3/R2.5_battery-7,101.83823529411767,91.00003
Batch-3/R2.5_battery-7,102.78361344537817,80.9024
Batch-3/R2.5_battery-7,102.57352941176472,90.47722
Batch-3/R2.5_battery-7,101.47058823529412,90.58487
Batch-3/R2.5_battery-7,101.20798319327733,89.98871
Batch-3/R2.5_battery-7,101.73319327731095,90.96262
Batch-3/R2.5_battery-7,102.67857142857144,80.98014
Batch-3/R2.5_battery-7,102.41596638655462,90.478195
Batch-3/R2.5_battery-7,101.31302521008405,89.93894
Batch-3/R2.5_battery-7,101.05042016806722,90.238
Batch-3/R2.5_battery-7,101.57563025210084,91.05384
Batch-3/R2.5_battery-7,102.52100840336136,81.03477
Batch-3/R2.5_battery-7,102.25840336134455,90.59669
Batch-3/R2.5_battery-7,101.20798319327733,89.31749
Batch-3/R2.5_battery-7,100.89285714285714,89.47178
Batch-3/R2.5_battery-7,101.41806722689077,90.64698
Batch-3/R2.5_battery-7,102.41596638655462,81.12267
Batch-3/R2.5_battery-7,102.10084033613444,90.57458
Batch-3/R2.5_battery-7,100.99789915966386,89.40474
Batch-3/R2.5_battery-7,100.6827731092437,88.7511
Batch-3/R2.5_battery-7,101.20798319327733,90.279434
Batch-3/R2.5_battery-7,102.25840336134455,81.665596
Batch-3/R2.5_battery-7,101.83823529411767,90.13183
Batch-3/R2.5_battery-7,100.73529411764706,89.47571
Batch-3/R2.5_battery-7,100.47268907563026,88.71652
Batch-3/R2.5_battery-7,101.05042016806722,89.57145
Batch-3/R2.5_battery-7,102.04831932773111,81.77006
Batch-3/R2.5_battery-7,101.57563025210084,89.42324
Batch-3/R2.5_battery-7,100.42016806722688,89.47571
Batch-3/R2.5_battery-7,100.21008403361344,88.67824
Batch-3/R2.5_battery-7,100.78781512605042,89.79099
Batch-3/R2.5_battery-7,101.83823529411767,81.78859
Batch-3/R2.5_battery-7,101.26050420168067,89.25701
Batch-3/R2.5_battery-7,100.10504201680672,89.3926
Batch-3/R2.5_battery-7,99.89495798319328,88.67824
Batch-3/R2.5_battery-7,100.52521008403362,89.79856
Batch-3/R2.5_battery-7,101.62815126050421,81.843994
Batch-3/R2.5_battery-7,100.99789915966386,89.25701
Batch-3/R2.5_battery-7,99.7373949579832,89.3926
Batch-3/R2.5_battery-7,99.57983193277312,88.55668
Batch-3/R2.5_battery-7,100.2626050420168,89.50262
Batch-3/R2.5_battery-7,101.3655462184874,81.85195
Batch-3/R2.5_battery-7,100.6827731092437,89.25701
Batch-3/R2.5_battery-7,99.52731092436974,89.357704
Batch-3/R2.5_battery-7,99.36974789915966,88.56785
Batch-3/R2.5_battery-7,100.0,89.27753
Batch-3/R2.5_battery-7,101.15546218487394,81.794014
Batch-3/R2.5_battery-7,100.47268907563026,89.20883
Batch-3/R2.5_battery-7,99.26470588235294,89.39175
Batch-3/R2.5_battery-7,99.15966386554622,88.55668
Batch-3/R2.5_battery-7,99.78991596638656,89.35916
Batch-3/R2.5_battery-7,100.99789915966386,81.777336
Batch-3/R2.5_battery-7,100.31512605042016,89.20883
Batch-3/R2.5_battery-7,99.10714285714286,89.39175
Batch-3/R2.5_battery-7,98.94957983193278,88.56785
Batch-3/R2.5_battery-7,99.63235294117648,89.36087
Batch-3/R2.5_battery-7,100.78781512605042,81.65443
Batch-3/R2.5_battery-7,100.05252100840336,89.20883
Batch-3/R2.5_battery-7,98.89705882352942,89.39175
Batch-3/R2.5_battery-7,98.73949579831933,88.55668
Batch-3/R2.5_battery-7,99.42226890756302,89.2919
Batch-3/R2.5_battery-7,100.57773109243698,81.72341
Batch-3/R2.5_battery-7,99.84243697478992,89.20372
Batch-3/R2.5_battery-7,98.73949579831933,89.39175
Batch-3/R2.5_battery-7,98.6344537815126,88.468895
Batch-3/R2.5_battery-7,99.26470588235294,89.28851
Batch-3/R2.5_battery-7,100.42016806722688,81.69637
Batch-3/R2.5_battery-7,99.68487394957984,89.20033
Batch-3/R2.5_battery-7,98.47689075630252,89.35432
Batch-3/R2.5_battery-7,98.42436974789916,88.468895
Batch-3/R2.5_battery-7,99.0546218487395,89.28851
Batch-3/R2.5_battery-7,100.2626050420168,81.64391
Batch-3/R2.5_battery-7,99.47478991596638,89.20033
Batch-3/R2.5_battery-7,98.3718487394958,89.38836
Batch-3/R2.5_battery-7,98.26680672268908,88.468895
Batch-3/R2.5_battery-7,98.89705882352942,89.354996
Batch-3/R2.5_battery-7,100.05252100840336,81.65737
Batch-3/R2.5_battery-7,99.3172268907563,89.20033
Batch-3/R2.5_battery-7,98.26680672268908,89.35432
Batch-3/R2.5_battery-7,98.16176470588236,88.468895
Batch-3/R2.5_battery-7,98.73949579831933,89.386375
Batch-3/R2.5_battery-7,99.94747899159665,81.70173
Batch-3/R2.5_battery-7,99.15966386554622,89.20033
Batch-3/R2.5_battery-7,98.00420168067228,89.356636
Batch-3/R2.5_battery-7,97.84663865546219,88.480064
Batch-3/R2.5_battery-7,98.47689075630252,89.401085
Batch-3/R2.5_battery-7,99.7373949579832,81.63264
Batch-3/R2.5_battery-7,99.0546218487395,89.20033
Batch-3/R2.5_battery-7,97.95168067226892,89.35432
Batch-3/R2.5_battery-7,97.84663865546219,88.480064
Batch-3/R2.5_battery-7,98.47689075630252,89.400276
Batch-3/R2.5_battery-7,99.57983193277312,81.64391
Batch-3/R2.5_battery-7,98.7920168067227,89.20033
Batch-3/R2.5_battery-7,97.6890756302521,89.38836
Batch-3/R2.5_battery-7,97.53151260504202,88.480064
Batch-3/R2.5_battery-7,98.16176470588236,89.40481
Batch-3/R2.5_battery-7,99.26470588235294,81.579414
Batch-3/R2.5_battery-7,98.47689075630252,89.20033
Batch-3/R2.5_battery-7,97.47899159663866,89.39069
Batch-3/R2.5_battery-7,97.47899159663866,88.468895
Batch-3/R2.5_battery-7,98.16176470588236,89.44717
Batch-3/R2.5_battery-7,99.26470588235294,81.70754
Batch-3/R2.5_battery-7,98.52941176470587,89.20033
Batch-3/R2.5_battery-7,97.42647058823529,89.35432
Batch-3/R2.5_battery-7,97.32142857142857,88.480064
Batch-3/R2.5_battery-7,97.89915966386556,89.347435
Batch-3/R2.5_battery-7,99.00210084033614,81.28183
Batch-3/R2.5_battery-7,98.26680672268908,89.20029
Batch-3/R2.5_battery-7,97.1638655462185,89.356606
Batch-3/R2.5_battery-7,97.00630252100841,88.48002
Batch-3/R2.5_battery-7,97.53151260504202,89.50213
Batch-3/R2.5_battery-7,98.73949579831933,81.268974
Batch-3/R2.5_battery-7,98.16176470588236,89.20029
Batch-3/R2.5_battery-7,97.1638655462185,89.35427
Batch-3/R2.5_battery-7,97.00630252100841,88.48002
Batch-3/R2.5_battery-7,97.53151260504202,89.48277
Batch-3/R2.5_battery-7,98.68697478991596,81.3641
Batch-3/R2.5_battery-7,98.00420168067228,89.20029
Batch-3/R2.5_battery-7,97.00630252100841,89.356606
Batch-3/R2.5_battery-7,96.84873949579833,88.48002
Batch-3/R2.5_battery-7,97.47899159663866,89.418396
Batch-3/R2.5_battery-7,98.52941176470587,81.35572
Batch-3/R2.5_battery-7,97.89915966386556,89.199066
Batch-3/R2.5_battery-7,96.79621848739495,89.35537
Batch-3/R2.5_battery-7,96.7436974789916,88.4788
Batch-3/R2.5_battery-7,97.37394957983194,89.48155
Batch-3/R2.5_battery-7,98.47689075630252,81.396355
Batch-3/R2.5_battery-7,97.84663865546219,89.199066
Batch-3/R2.5_battery-7,96.7436974789916,89.38067
Batch-3/R2.5_battery-7,96.58613445378151,88.472374
Batch-3/R2.5_battery-7,97.1638655462185,89.47513
Batch-3/R2.5_battery-7,98.21428571428572,81.271835
Batch-3/R2.5_battery-7,97.63655462184875,88.995575
Batch-3/R2.5_battery-7,96.53361344537817,89.185936
Batch-3/R2.5_battery-7,96.42857142857144,88.27531
Batch-3/R2.5_battery-7,96.95378151260505,89.27806
Batch-3/R2.5_battery-7,98.05672268907564,81.27545
Batch-3/R2.5_battery-7,97.42647058823529,88.995575
Batch-3/R2.5_battery-7,96.37605042016807,89.185936
Batch-3/R2.5_battery-7,96.27100840336135,88.27531
Batch-3/R2.5_battery-7,96.79621848739495,89.28099
Batch-3/R2.5_battery-7,97.89915966386556,81.26199
Batch-3/R2.5_battery-7,97.32142857142857,88.995575
Batch-3/R2.5_battery-7,96.218487394958,89.185936
Batch-3/R2.5_battery-7,96.16596638655463,88.27531
Batch-3/R2.5_battery-7,96.7436974789916,89.28099
Batch-3/R2.5_battery-7,97.74159663865547,81.29866
Batch-3/R2.5_battery-7,97.21638655462185,88.995575
Batch-3/R2.5_battery-7,96.11344537815127,89.185936
Batch-3/R2.5_battery-7,96.00840336134453,88.27531
Batch-3/R2.5_battery-7,96.48109243697479,89.287094
Batch-3/R2.5_battery-7,97.47899159663866,81.24581
Batch-3/R2.5_battery-7,97.05882352941177,88.995575
Batch-3/R2.5_battery-7,95.95588235294117,89.185936
Batch-3/R2.5_battery-7,95.90336134453781,88.27531
Batch-3/R2.5_battery-7,96.42857142857144,89.287094
Batch-3/R2.5_battery-7,97.37394957983194,81.20741
Batch-3/R2.5_battery-7,97.00630252100841,88.995575
Batch-3/R2.5_battery-7,95.95588235294117,89.185936
Batch-3/R2.5_battery-7,95.7983193277311,88.27531
Batch-3/R2.5_battery-7,96.27100840336135,89.287094
Batch-3/R2.5_battery-7,97.21638655462185,81.29885
Batch-3/R2.5_battery-7,96.84873949579833,88.995575
Batch-3/R2.5_battery-7,95.74579831932773,89.185936
Batch-3/R2.5_battery-7,95.64075630252101,88.27531
Batch-3/R2.5_battery-7,96.06092436974791,89.29248
Batch-3/R2.5_battery-7,97.00630252100841,81.36623
Batch-3/R2.5_battery-7,96.7436974789916,88.995575
Batch-3/R2.5_battery-7,95.64075630252101,89.177635
Batch-3/R2.5_battery-7,95.48319327731093,88.267006
Batch-3/R2.5_battery-7,95.95588235294117,89.284195
Batch-3/R2.5_battery-7,96.84873949579833,79.77656
Batch-3/R2.5_battery-7,96.58613445378151,89.01802
Batch-3/R2.5_battery-7,95.43067226890757,89.177635
Batch-3/R2.5_battery-7,95.32563025210085,88.267006
Batch-3/R2.5_battery-7,95.74579831932773,89.28427
Batch-3/R2.5_battery-7,96.63865546218489,81.2379
Batch-3/R2.5_battery-7,96.42857142857144,88.9848
Batch-3/R2.5_battery-7,95.37815126050421,89.14442
Batch-3/R2.5_battery-7,95.32563025210085,88.23379
Batch-3/R2.5_battery-7,95.69327731092437,89.264915
Batch-3/R2.5_battery-7,96.48109243697479,79.723045
Batch-3/R2.5_battery-7,96.37605042016807,88.9848
Batch-3/R2.5_battery-7,95.27310924369749,89.14442
Batch-3/R2.5_battery-7,95.1155462184874,88.23379
Batch-3/R2.5_battery-7,95.48319327731093,89.15513
Batch-3/R2.5_battery-7,96.27100840336135,79.73633
Batch-3/R2.5_battery-7,96.16596638655463,88.875015
Batch-3/R2.5_battery-7,95.06302521008404,89.03463
Batch-3/R2.5_battery-7,94.8529411764706,88.11912
Batch-3/R2.5_battery-7,95.22058823529413,89.16101
Batch-3/R2.5_battery-7,96.00840336134453,79.761406
Batch-3/R2.5_battery-7,96.11344537815127,88.87013
Batch-3/R2.5_battery-7,95.06302521008404,89.02975
Batch-3/R2.5_battery-7,94.80042016806722,88.11912
Batch-3/R2.5_battery-7,95.16806722689076,89.14167
Batch-3/R2.5_battery-7,95.90336134453781,79.73574
Batch-3/R2.5_battery-7,95.95588235294117,89.04201
Batch-3/R2.5_battery-7,94.80042016806722,89.02975
Batch-3/R2.5_battery-7,94.53781512605043,88.11912
Batch-3/R2.5_battery-7,94.90546218487394,89.16101
Batch-3/R2.5_battery-7,95.64075630252101,79.806526
Batch-3/R2.5_battery-7,95.64075630252101,89.044815
Batch-3/R2.5_battery-7,94.53781512605043,89.02975
Batch-3/R2.5_battery-7,94.32773109243698,88.11912
Batch-3/R2.5_battery-7,94.59033613445378,89.270134
Batch-3/R2.5_battery-7,95.37815126050421,79.71394
Batch-3/R2.5_battery-7,95.53571428571429,89.04002
Batch-3/R2.5_battery-7,94.48529411764706,89.02776
Batch-3/R2.5_battery-7,94.11764705882354,88.117134
Batch-3/R2.5_battery-7,94.43277310924371,89.268135
Batch-3/R2.5_battery-7,95.1155462184874,79.78926
Batch-3/R2.5_battery-7,95.27310924369749,89.03728
Batch-3/R2.5_battery-7,94.22268907563026,89.02221
Batch-3/R2.5_battery-7,93.85504201680672,88.12025
Batch-3/R2.5_battery-7,94.11764705882354,89.32424
Batch-3/R2.5_battery-7,94.74789915966387,79.70244
Batch-3/R2.5_battery-7,94.95798319327731,89.03032
Batch-3/R2.5_battery-7,94.01260504201682,89.01525
Batch-3/R2.5_battery-7,93.64495798319328,88.10462
Batch-3/R2.5_battery-7,93.9075630252101,89.53817
Batch-3/R2.5_battery-7,94.53781512605043,79.773026
Batch-3/R2.5_battery-7,94.8529411764706,89.08316
Batch-3/R2.5_battery-7,93.80252100840337,89.01525
Batch-3/R2.5_battery-7,93.38235294117648,88.11329
Batch-3/R2.5_battery-7,93.53991596638656,89.37498
Batch-3/R2.5_battery-7,94.11764705882354,79.70565
Batch-3/R2.5_battery-7,94.43277310924371,89.08316
Batch-3/R2.5_battery-7,93.32983193277312,89.01525
Batch-3/R2.5_battery-7,92.96218487394958,88.40329
Batch-3/R2.5_battery-7,93.11974789915966,89.337975
Batch-3/R2.5_battery-7,93.69747899159665,79.60264
Batch-3/R2.5_battery-7,94.22268907563026,89.03032
Batch-3/R2.5_battery-7,93.11974789915966,88.98644
Batch-3/R2.5_battery-7,92.69957983193278,88.3745
Batch-3/R2.5_battery-7,92.8046218487395,89.5924
Batch-3/R2.5_battery-7,93.32983193277312,79.176094
Batch-3/R2.5_battery-7,93.85504201680672,89.05437
Batch-3/R2.5_battery-7,92.69957983193278,88.98644
Batch-3/R2.5_battery-7,92.17436974789915,88.3745
Batch-3/R2.5_battery-7,92.27941176470587,89.275215
Batch-3/R2.5_battery-7,92.75210084033614,79.12289
Batch-3/R2.5_battery-7,93.38235294117648,89.05437
Batch-3/R2.5_battery-7,92.17436974789915,88.98644
Batch-3/R2.5_battery-7,91.70168067226892,88.3745
Batch-3/R2.5_battery-7,91.80672268907564,89.301994
Batch-3/R2.5_battery-7,92.27941176470587,79.10754
Batch-3/R2.5_battery-7,93.0672268907563,89.05437
Batch-3/R2.5_battery-7,91.96428571428571,88.98644
Batch-3/R2.5_battery-7,91.28151260504202,89.34679
Batch-3/R2.5_battery-7,91.28151260504202,89.1253
Batch-3/R2.5_battery-7,91.70168067226892,79.08631
Batch-3/R2.5_battery-7,92.5420168067227,89.05437
Batch-3/R2.5_battery-7,91.33403361344538,88.99074
Batch-3/R2.5_battery-7,90.65126050420169,89.42338
Batch-3/R2.5_battery-7,90.59873949579833,88.92013
Batch-3/R2.5_battery-7,91.01890756302522,79.07514
Batch-3/R2.5_battery-7,91.96428571428571,88.99952
Batch-3/R2.5_battery-7,90.9138655462185,88.98875
Batch-3/R2.5_battery-7,90.17857142857144,89.42338
Batch-3/R2.5_battery-7,90.12605042016807,89.44631
Batch-3/R2.5_battery-7,90.38865546218489,79.02579
Batch-3/R2.5_battery-7,91.49159663865547,89.052376
Batch-3/R2.5_battery-7,90.33613445378151,88.98875
Batch-3/R2.5_battery-7,89.39075630252101,88.98484
Batch-3/R2.5_battery-7,89.28571428571429,90.373634
Batch-3/R2.5_battery-7,89.65336134453781,79.00523
Batch-3/R2.5_battery-7,90.80882352941177,89.03622
Batch-3/R2.5_battery-7,89.70588235294117,88.9726
Batch-3/R2.5_battery-7,88.65546218487394,89.456375
Batch-3/R2.5_battery-7,88.49789915966387,89.89537
Batch-3/R2.5_battery-7,88.81302521008404,79.07013
Batch-3/R2.5_battery-7,90.17857142857144,89.02
Batch-3/R2.5_battery-7,89.18067226890757,88.95638
Batch-3/R2.5_battery-7,87.92016806722688,89.440155
Batch-3/R2.5_battery-7,87.71008403361344,89.18044
Batch-3/R2.5_battery-7,88.02521008403362,78.81026
Batch-3/R2.5_battery-7,89.39075630252101,89.02
Batch-3/R2.5_battery-7,88.34033613445378,88.94549
Batch-3/R2.5_battery-7,87.07983193277312,89.4624
Batch-3/R2.5_battery-7,86.92226890756302,89.65311
Batch-3/R2.5_battery-7,87.18487394957984,78.70288
Batch-3/R2.5_battery-7,88.6029411764706,88.98304
Batch-3/R2.5_battery-7,87.55252100840337,88.888176
Batch-3/R2.5_battery-7,86.23949579831933,89.45563
Batch-3/R2.5_battery-7,86.08193277310924,90.14101
Batch-3/R2.5_battery-7,86.2920168067227,78.77786
Batch-3/R2.5_battery-7,87.81512605042016,88.98304
Batch-3/R2.5_battery-7,86.8172268907563,88.888176
Batch-3/R2.5_battery-7,85.45168067226892,89.4007
Batch-3/R2.5_battery-7,85.24159663865547,89.30504
Batch-3/R2.5_battery-7,85.45168067226892,78.70576
Batch-3/R2.5_battery-7,86.97478991596638,88.981834
Batch-3/R2.5_battery-7,85.92436974789915,88.88642
Batch-3/R2.5_battery-7,84.61134453781513,89.3661
Batch-3/R2.5_battery-7,84.34873949579833,88.86699
Batch-3/R2.5_battery-7,84.55882352941177,78.70757
Batch-3/R2.5_battery-7,86.08193277310924,88.981285
Batch-3/R2.5_battery-7,84.97899159663866,88.68285
Batch-3/R2.5_battery-7,83.66596638655463,89.18542
Batch-3/R2.5_battery-7,83.45588235294117,89.23671
Batch-3/R2.5_battery-7,83.61344537815127,78.61774
Batch-3/R2.5_battery-7,85.29411764705883,88.928444
Batch-3/R2.5_battery-7,84.13865546218489,88.60569
Batch-3/R2.5_battery-7,82.77310924369749,89.18542
Batch-3/R2.5_battery-7,82.51050420168067,90.49724
Batch-3/R2.5_battery-7,82.6155462184874,78.54135
Batch-3/R2.5_battery-7,84.29621848739495,88.93351
Batch-3/R2.5_battery-7,83.14075630252101,88.32042
Batch-3/R2.5_battery-7,81.77521008403362,89.12945
Batch-3/R2.5_battery-7,81.56512605042016,90.2552
Batch-3/R2.5_battery-7,81.56512605042016,78.45078
Batch-3/R2.5_battery-7,83.35084033613445,88.84042
Batch-3/R2.5_battery-8,103.87434554973822,99.84629
Batch-3/R2.5_battery-8,100.0,100.03605
Batch-3/R2.5_battery-8,98.01047120418849,100.20707
Batch-3/R2.5_battery-8,97.32984293193716,98.282036
Batch-3/R2.5_battery-8,98.48167539267017,98.271095
Batch-3/R2.5_battery-8,101.98952879581151,84.96276
Batch-3/R2.5_battery-8,101.78010471204189,97.68063
Batch-3/R2.5_battery-8,99.79057591623037,98.05773
Batch-3/R2.5_battery-8,99.00523560209425,97.678955
Batch-3/R2.5_battery-8,100.10471204188482,98.2702
Batch-3/R2.5_battery-8,102.72251308900525,84.514175
Batch-3/R2.5_battery-8,102.67015706806284,97.52673
Batch-3/R2.5_battery-8,100.83769633507853,97.44247
Batch-3/R2.5_battery-8,100.15706806282722,97.07906
Batch-3/R2.5_battery-8,101.15183246073298,98.06334
Batch-3/R2.5_battery-8,103.7696335078534,83.470764
Batch-3/R2.5_battery-8,103.50785340314137,97.11357
Batch-3/R2.5_battery-8,101.72774869109948,97.32552
Batch-3/R2.5_battery-8,100.99476439790575,96.63773
Batch-3/R2.5_battery-8,101.98952879581151,97.9023
Batch-3/R2.5_battery-8,104.2931937172775,83.44419
Batch-3/R2.5_battery-8,104.03141361256544,97.0055
Batch-3/R2.5_battery-8,102.30366492146597,97.211205
Batch-3/R2.5_battery-8,101.62303664921465,96.42768
Batch-3/R2.5_battery-8,102.56544502617801,97.94788
Batch-3/R2.5_battery-8,104.65968586387436,83.46136
Batch-3/R2.5_battery-8,104.3455497382199,96.88923
Batch-3/R2.5_battery-8,102.67015706806284,96.99716
Batch-3/R2.5_battery-8,101.98952879581151,96.28772
Batch-3/R2.5_battery-8,102.82722513089007,97.83551
Batch-3/R2.5_battery-8,104.81675392670155,83.41702
Batch-3/R2.5_battery-8,104.50261780104712,96.87506
Batch-3/R2.5_battery-8,102.87958115183247,96.87381
Batch-3/R2.5_battery-8,102.25130890052357,96.09108
Batch-3/R2.5_battery-8,103.1413612565445,97.54774
Batch-3/R2.5_battery-8,104.9214659685864,83.425514
Batch-3/R2.5_battery-8,104.60732984293195,96.25279
Batch-3/R2.5_battery-8,103.03664921465969,96.14883
Batch-3/R2.5_battery-8,102.46073298429322,95.681725
Batch-3/R2.5_battery-8,103.35078534031415,96.568565
Batch-3/R2.5_battery-8,104.9738219895288,83.33236
Batch-3/R2.5_battery-8,104.65968586387436,96.18766
Batch-3/R2.5_battery-8,103.1413612565445,95.69285
Batch-3/R2.5_battery-8,102.56544502617801,95.00045
Batch-3/R2.5_battery-8,103.35078534031415,96.226585
Batch-3/R2.5_battery-8,104.86910994764398,83.07885
Batch-3/R2.5_battery-8,104.65968586387436,95.56247
Batch-3/R2.5_battery-8,103.1413612565445,95.73159
Batch-3/R2.5_battery-8,102.61780104712042,95.00132
Batch-3/R2.5_battery-8,103.40314136125654,96.14588
Batch-3/R2.5_battery-8,104.9214659685864,83.00189
Batch-3/R2.5_battery-8,104.81675392670155,94.99956
Batch-3/R2.5_battery-8,103.29842931937175,94.98296
Batch-3/R2.5_battery-8,102.72251308900525,94.51586
Batch-3/R2.5_battery-8,103.56020942408377,95.650826
Batch-3/R2.5_battery-8,104.9214659685864,82.98244
Batch-3/R2.5_battery-8,104.60732984293195,94.477875
Batch-3/R2.5_battery-8,103.1413612565445,94.5563
Batch-3/R2.5_battery-8,102.72251308900525,92.926186
Batch-3/R2.5_battery-8,103.50785340314137,94.07521
Batch-3/R2.5_battery-8,104.86910994764398,82.99413
Batch-3/R2.5_battery-8,104.60732984293195,93.07222
Batch-3/R2.5_battery-8,103.19371727748691,93.17902
Batch-3/R2.5_battery-8,102.77486910994764,92.44956
Batch-3/R2.5_battery-8,103.50785340314137,93.30876
Batch-3/R2.5_battery-8,104.81675392670155,82.99089
Batch-3/R2.5_battery-8,104.60732984293195,92.79338
Batch-3/R2.5_battery-8,103.19371727748691,92.64266
Batch-3/R2.5_battery-8,102.82722513089007,92.12919
Batch-3/R2.5_battery-8,103.717277486911,93.24199
Batch-3/R2.5_battery-8,104.86910994764398,82.94558
Batch-3/R2.5_battery-8,104.45026178010473,92.48547
Batch-3/R2.5_battery-8,103.08900523560209,92.6993
Batch-3/R2.5_battery-8,102.67015706806284,92.10618
Batch-3/R2.5_battery-8,103.45549738219894,93.32647
Batch-3/R2.5_battery-8,104.76439790575915,82.946815
Batch-3/R2.5_battery-8,104.55497382198955,92.477234
Batch-3/R2.5_battery-8,103.24607329842932,92.719444
Batch-3/R2.5_battery-8,102.82722513089007,91.97088
Batch-3/R2.5_battery-8,103.45549738219894,93.16235
Batch-3/R2.5_battery-8,104.65968586387436,82.9605
Batch-3/R2.5_battery-8,104.45026178010473,92.477234
Batch-3/R2.5_battery-8,103.19371727748691,92.6993
Batch-3/R2.5_battery-8,102.72251308900525,91.97088
Batch-3/R2.5_battery-8,103.40314136125654,93.142365
Batch-3/R2.5_battery-8,104.55497382198955,82.94298
Batch-3/R2.5_battery-8,104.3455497382199,92.477234
Batch-3/R2.5_battery-8,103.03664921465969,92.71557
Batch-3/R2.5_battery-8,102.67015706806284,92.147255
Batch-3/R2.5_battery-8,103.40314136125654,93.06632
Batch-3/R2.5_battery-8,104.60732984293195,82.9521
Batch-3/R2.5_battery-8,104.45026178010473,92.48547
Batch-3/R2.5_battery-8,103.08900523560209,92.58701
Batch-3/R2.5_battery-8,102.61780104712042,92.014015
Batch-3/R2.5_battery-8,103.24607329842932,93.07601
Batch-3/R2.5_battery-8,104.3979057591623,82.899025
Batch-3/R2.5_battery-8,104.18848167539268,91.98823
Batch-3/R2.5_battery-8,102.93193717277487,92.13999
Batch-3/R2.5_battery-8,102.51308900523561,90.85781
Batch-3/R2.5_battery-8,103.19371727748691,92.06246
Batch-3/R2.5_battery-8,104.3455497382199,83.0012
Batch-3/R2.5_battery-8,104.08376963350786,90.60096
Batch-3/R2.5_battery-8,102.77486910994764,90.64449
Batch-3/R2.5_battery-8,102.46073298429322,90.04691
Batch-3/R2.5_battery-8,103.1413612565445,91.34801
Batch-3/R2.5_battery-8,104.2931937172775,82.753685
Batch-3/R2.5_battery-8,104.03141361256544,90.60096
Batch-3/R2.5_battery-8,102.77486910994764,90.82698
Batch-3/R2.5_battery-8,102.40837696335079,90.0964
Batch-3/R2.5_battery-8,103.08900523560209,91.366615
Batch-3/R2.5_battery-8,104.18848167539268,82.90311
Batch-3/R2.5_battery-8,103.82198952879583,90.75001
Batch-3/R2.5_battery-8,102.51308900523561,89.475494
Batch-3/R2.5_battery-8,102.30366492146597,88.822205
Batch-3/R2.5_battery-8,103.1413612565445,91.38848
Batch-3/R2.5_battery-8,104.2931937172775,82.81516
Batch-3/R2.5_battery-8,103.92670157068065,90.49193
Batch-3/R2.5_battery-8,102.82722513089007,90.7203
Batch-3/R2.5_battery-8,102.46073298429322,90.01298
Batch-3/R2.5_battery-8,103.1413612565445,91.23109
Batch-3/R2.5_battery-8,104.18848167539268,82.73193
Batch-3/R2.5_battery-8,103.82198952879583,90.6
Batch-3/R2.5_battery-8,102.72251308900525,90.69782
Batch-3/R2.5_battery-8,102.40837696335079,90.04192
Batch-3/R2.5_battery-8,103.03664921465969,91.29119
Batch-3/R2.5_battery-8,104.08376963350786,82.77918
Batch-3/R2.5_battery-8,103.717277486911,90.60096
Batch-3/R2.5_battery-8,102.72251308900525,90.69782
Batch-3/R2.5_battery-8,102.51308900523561,89.99052
Batch-3/R2.5_battery-8,103.1413612565445,90.87293
Batch-3/R2.5_battery-8,103.97905759162305,81.093925
Batch-3/R2.5_battery-8,103.82198952879583,90.59102
Batch-3/R2.5_battery-8,102.72251308900525,90.7203
Batch-3/R2.5_battery-8,102.40837696335079,90.01298
Batch-3/R2.5_battery-8,102.93193717277487,91.2314
Batch-3/R2.5_battery-8,103.87434554973822,81.123146
Batch-3/R2.5_battery-8,103.717277486911,90.52178
Batch-3/R2.5_battery-8,102.61780104712042,90.69782
Batch-3/R2.5_battery-8,102.30366492146597,90.03159
Batch-3/R2.5_battery-8,102.87958115183247,91.34425
Batch-3/R2.5_battery-8,103.82198952879583,80.94572
Batch-3/R2.5_battery-8,103.66492146596859,90.52178
Batch-3/R2.5_battery-8,102.61780104712042,90.7203
Batch-3/R2.5_battery-8,102.30366492146597,90.03159
Batch-3/R2.5_battery-8,102.87958115183247,91.222115
Batch-3/R2.5_battery-8,103.87434554973822,80.95976
Batch-3/R2.5_battery-8,103.66492146596859,90.41371
Batch-3/R2.5_battery-8,102.61780104712042,90.69708
Batch-3/R2.5_battery-8,102.30366492146597,89.98976
Batch-3/R2.5_battery-8,102.87958115183247,91.21543
Batch-3/R2.5_battery-8,103.82198952879583,82.54035
Batch-3/R2.5_battery-8,103.50785340314137,90.390495
Batch-3/R2.5_battery-8,102.46073298429322,90.68242
Batch-3/R2.5_battery-8,102.14659685863876,90.00604
Batch-3/R2.5_battery-8,102.77486910994764,90.983986
Batch-3/R2.5_battery-8,103.82198952879583,82.54224
Batch-3/R2.5_battery-8,103.56020942408377,90.40948
Batch-3/R2.5_battery-8,102.61780104712042,90.46959
Batch-3/R2.5_battery-8,102.25130890052357,89.8194
Batch-3/R2.5_battery-8,102.82722513089007,90.80881
Batch-3/R2.5_battery-8,103.717277486911,82.58624
Batch-3/R2.5_battery-8,103.45549738219894,90.384834
Batch-3/R2.5_battery-8,102.51308900523561,90.63876
Batch-3/R2.5_battery-8,102.19895287958116,89.824005
Batch-3/R2.5_battery-8,102.72251308900525,90.794945
Batch-3/R2.5_battery-8,103.66492146596859,82.54224
Batch-3/R2.5_battery-8,103.35078534031415,90.483925
Batch-3/R2.5_battery-8,102.40837696335079,90.657364
Batch-3/R2.5_battery-8,102.19895287958116,89.79228
Batch-3/R2.5_battery-8,102.82722513089007,90.78882
Batch-3/R2.5_battery-8,103.82198952879583,82.58471
Batch-3/R2.5_battery-8,103.61256544502619,90.44477
Batch-3/R2.5_battery-8,102.67015706806284,90.473724
Batch-3/R2.5_battery-8,102.30366492146597,89.95959
Batch-3/R2.5_battery-8,102.87958115183247,90.78505
Batch-3/R2.5_battery-8,103.7696335078534,82.57523
Batch-3/R2.5_battery-8,103.45549738219894,90.434044
Batch-3/R2.5_battery-8,102.51308900523561,90.46959
Batch-3/R2.5_battery-8,102.19895287958116,89.785355
Batch-3/R2.5_battery-8,102.67015706806284,90.80873
Batch-3/R2.5_battery-8,103.61256544502619,82.53054
Batch-3/R2.5_battery-8,103.40314136125654,90.40948
Batch-3/R2.5_battery-8,102.51308900523561,90.42886
Batch-3/R2.5_battery-8,102.25130890052357,89.88482
Batch-3/R2.5_battery-8,102.82722513089007,90.78882
Batch-3/R2.5_battery-8,103.66492146596859,82.54088
Batch-3/R2.5_battery-8,103.35078534031415,90.434044
Batch-3/R2.5_battery-8,102.35602094240839,90.42886
Batch-3/R2.5_battery-8,102.14659685863876,89.7484
Batch-3/R2.5_battery-8,102.67015706806284,90.89949
Batch-3/R2.5_battery-8,103.50785340314137,82.5317
Batch-3/R2.5_battery-8,103.24607329842932,90.41772
Batch-3/R2.5_battery-8,102.25130890052357,90.46959
Batch-3/R2.5_battery-8,102.04188481675394,89.73404
Batch-3/R2.5_battery-8,102.56544502617801,90.79499
Batch-3/R2.5_battery-8,103.50785340314137,82.550316
Batch-3/R2.5_battery-8,103.1413612565445,90.40948
Batch-3/R2.5_battery-8,102.19895287958116,90.42886
Batch-3/R2.5_battery-8,101.93717277486911,89.73404
Batch-3/R2.5_battery-8,102.51308900523561,90.789696
Batch-3/R2.5_battery-8,103.45549738219894,82.59358
Batch-3/R2.5_battery-8,103.03664921465969,90.40948
Batch-3/R2.5_battery-8,102.09424083769633,90.63876
Batch-3/R2.5_battery-8,101.83246073298432,89.73404
Batch-3/R2.5_battery-8,102.40837696335079,90.74964
Batch-3/R2.5_battery-8,103.40314136125654,82.543396
Batch-3/R2.5_battery-8,102.93193717277487,90.35078
Batch-3/R2.5_battery-8,101.98952879581151,90.657364
Batch-3/R2.5_battery-8,101.72774869109948,89.943115
Batch-3/R2.5_battery-8,102.35602094240839,90.73744
Batch-3/R2.5_battery-8,103.35078534031415,82.49106
Batch-3/R2.5_battery-8,102.87958115183247,90.3391
Batch-3/R2.5_battery-8,101.93717277486911,90.60498
Batch-3/R2.5_battery-8,101.67539267015707,89.93144
Batch-3/R2.5_battery-8,102.30366492146597,90.664474
Batch-3/R2.5_battery-8,103.24607329842932,82.52394
Batch-3/R2.5_battery-8,102.77486910994764,90.447174
Batch-3/R2.5_battery-8,101.78010471204189,90.60498
Batch-3/R2.5_battery-8,101.57068062827226,89.95004
Batch-3/R2.5_battery-8,102.19895287958116,90.86342
Batch-3/R2.5_battery-8,103.19371727748691,82.47669
Batch-3/R2.5_battery-8,102.61780104712042,90.478195
Batch-3/R2.5_battery-8,101.62303664921465,89.886086
Batch-3/R2.5_battery-8,101.41361256544504,90.17097
Batch-3/R2.5_battery-8,102.09424083769633,90.86782
Batch-3/R2.5_battery-8,103.08900523560209,82.52973
Batch-3/R2.5_battery-8,102.46073298429322,90.447655
Batch-3/R2.5_battery-8,101.46596858638743,89.6438
Batch-3/R2.5_battery-8,101.30890052356021,89.84769
Batch-3/R2.5_battery-8,101.93717277486911,90.78567
Batch-3/R2.5_battery-8,102.87958115183247,82.61752
Batch-3/R2.5_battery-8,102.30366492146597,90.62795
Batch-3/R2.5_battery-8,101.30890052356021,89.40474
Batch-3/R2.5_battery-8,101.09947643979058,88.74878
Batch-3/R2.5_battery-8,101.72774869109948,90.32989
Batch-3/R2.5_battery-8,102.82722513089007,83.36645
Batch-3/R2.5_battery-8,102.09424083769633,90.60428
Batch-3/R2.5_battery-8,101.09947643979058,89.47571
Batch-3/R2.5_battery-8,100.89005235602096,88.71652
Batch-3/R2.5_battery-8,101.57068062827226,90.188286
Batch-3/R2.5_battery-8,102.67015706806284,83.45863
Batch-3/R2.5_battery-8,101.88481675392671,89.40992
Batch-3/R2.5_battery-8,100.78534031413614,89.40674
Batch-3/R2.5_battery-8,100.5759162303665,88.67592
Batch-3/R2.5_battery-8,101.2565445026178,90.3148
Batch-3/R2.5_battery-8,102.35602094240839,81.79187
Batch-3/R2.5_battery-8,101.62303664921465,89.39147
Batch-3/R2.5_battery-8,100.47120418848168,89.40674
Batch-3/R2.5_battery-8,100.36649214659687,88.67824
Batch-3/R2.5_battery-8,101.15183246073298,90.05141
Batch-3/R2.5_battery-8,102.25130890052357,83.59166
Batch-3/R2.5_battery-8,101.30890052356021,89.45963
Batch-3/R2.5_battery-8,100.20942408376963,89.3926
Batch-3/R2.5_battery-8,100.05235602094243,88.55668
Batch-3/R2.5_battery-8,100.89005235602096,89.96873
Batch-3/R2.5_battery-8,102.09424083769633,83.579315
Batch-3/R2.5_battery-8,101.04712041884815,89.25701
Batch-3/R2.5_battery-8,99.9476439790576,89.39175
Batch-3/R2.5_battery-8,99.89528795811519,88.55668
Batch-3/R2.5_battery-8,100.73298429319372,89.44223
Batch-3/R2.5_battery-8,101.93717277486911,83.58727
Batch-3/R2.5_battery-8,100.83769633507853,89.25701
Batch-3/R2.5_battery-8,99.73821989528795,89.3926
Batch-3/R2.5_battery-8,99.68586387434554,88.55668
Batch-3/R2.5_battery-8,100.52356020942408,89.36723
Batch-3/R2.5_battery-8,101.78010471204189,83.60045
Batch-3/R2.5_battery-8,100.68062827225131,89.20883
Batch-3/R2.5_battery-8,99.52879581151834,89.3926
Batch-3/R2.5_battery-8,99.47643979057592,88.56785
Batch-3/R2.5_battery-8,100.36649214659687,89.33844
Batch-3/R2.5_battery-8,101.46596858638743,81.782845
Batch-3/R2.5_battery-8,100.47120418848168,89.20883
Batch-3/R2.5_battery-8,99.31937172774869,89.3926
Batch-3/R2.5_battery-8,99.26701570680628,88.55668
Batch-3/R2.5_battery-8,100.05235602094243,89.352264
Batch-3/R2.5_battery-8,101.30890052356021,81.64326
Batch-3/R2.5_battery-8,100.26178010471205,89.20883
Batch-3/R2.5_battery-8,99.16230366492147,89.39175
Batch-3/R2.5_battery-8,99.16230366492147,88.55329
Batch-3/R2.5_battery-8,99.9476439790576,89.37767
Batch-3/R2.5_battery-8,101.2041884816754,81.6925
Batch-3/R2.5_battery-8,100.15706806282722,89.205444
Batch-3/R2.5_battery-8,99.00523560209425,89.38836
Batch-3/R2.5_battery-8,99.00523560209425,88.55329
Batch-3/R2.5_battery-8,99.79057591623037,89.34888
Batch-3/R2.5_battery-8,101.15183246073298,81.6925
Batch-3/R2.5_battery-8,99.9476439790576,89.205444
Batch-3/R2.5_battery-8,98.84816753926702,89.35432
Batch-3/R2.5_battery-8,98.90052356020944,88.55329
Batch-3/R2.5_battery-8,99.73821989528795,89.37767
Batch-3/R2.5_battery-8,101.04712041884815,81.76147
Batch-3/R2.5_battery-8,99.84293193717278,89.205444
Batch-3/R2.5_battery-8,98.7434554973822,89.35432
Batch-3/R2.5_battery-8,98.7434554973822,88.55329
Batch-3/R2.5_battery-8,99.58115183246073,89.37767
Batch-3/R2.5_battery-8,100.94240837696336,81.68444
Batch-3/R2.5_battery-8,99.73821989528795,89.205444
Batch-3/R2.5_battery-8,98.58638743455498,89.42414
Batch-3/R2.5_battery-8,98.58638743455498,88.51925
Batch-3/R2.5_battery-8,99.3717277486911,89.344604
Batch-3/R2.5_battery-8,100.68062827225131,81.61384
Batch-3/R2.5_battery-8,99.58115183246073,89.205444
Batch-3/R2.5_battery-8,98.53403141361257,89.35432
Batch-3/R2.5_battery-8,98.53403141361257,88.53042
Batch-3/R2.5_battery-8,99.3717277486911,89.35863
Batch-3/R2.5_battery-8,100.73298429319372,81.69223
Batch-3/R2.5_battery-8,99.52879581151834,89.205444
Batch-3/R2.5_battery-8,98.32460732984293,89.42329
Batch-3/R2.5_battery-8,98.27225130890052,88.480064
Batch-3/R2.5_battery-8,99.10994764397905,89.33894
Batch-3/R2.5_battery-8,100.47120418848168,81.69637
Batch-3/R2.5_battery-8,99.16230366492147,89.18765
Batch-3/R2.5_battery-8,98.01047120418849,89.39069
Batch-3/R2.5_battery-8,97.95811518324608,88.480064
Batch-3/R2.5_battery-8,98.95287958115183,89.34631
Batch-3/R2.5_battery-8,99.89528795811519,81.67862
Batch-3/R2.5_battery-8,99.21465968586388,89.205444
Batch-3/R2.5_battery-8,98.06282722513089,89.42414
Batch-3/R2.5_battery-8,97.95811518324608,88.480064
Batch-3/R2.5_battery-8,98.63874345549738,89.400276
Batch-3/R2.5_battery-8,99.73821989528795,81.672714
Batch-3/R2.5_battery-8,99.00523560209425,89.2054
Batch-3/R2.5_battery-8,97.80104712041886,89.423256
Batch-3/R2.5_battery-8,97.69633507853403,88.46885
Batch-3/R2.5_battery-8,98.32460732984293,89.44712
Batch-3/R2.5_battery-8,99.47643979057592,81.2887
Batch-3/R2.5_battery-8,98.63874345549738,89.20029
Batch-3/R2.5_battery-8,97.59162303664922,89.356606
Batch-3/R2.5_battery-8,97.59162303664922,88.48002
Batch-3/R2.5_battery-8,98.37696335078535,89.458855
Batch-3/R2.5_battery-8,99.47643979057592,81.223785
Batch-3/R2.5_battery-8,98.69109947643979,89.2054
Batch-3/R2.5_battery-8,97.59162303664922,89.423256
Batch-3/R2.5_battery-8,97.434554973822,88.48002
Batch-3/R2.5_battery-8,98.16753926701571,89.44712
Batch-3/R2.5_battery-8,99.26701570680628,81.22539
Batch-3/R2.5_battery-8,98.58638743455498,89.20418
Batch-3/R2.5_battery-8,97.434554973822,89.42202
Batch-3/R2.5_battery-8,97.38219895287959,88.4788
Batch-3/R2.5_battery-8,98.01047120418849,89.34617
Batch-3/R2.5_battery-8,99.16230366492147,81.28296
Batch-3/R2.5_battery-8,98.53403141361257,89.20418
Batch-3/R2.5_battery-8,97.48691099476441,89.41645
Batch-3/R2.5_battery-8,97.38219895287959,88.42715
Batch-3/R2.5_battery-8,98.01047120418849,89.397545
Batch-3/R2.5_battery-8,99.10994764397905,81.274086
Batch-3/R2.5_battery-8,98.37696335078535,88.982895
Batch-3/R2.5_battery-8,97.27748691099477,89.21853
Batch-3/R2.5_battery-8,97.17277486910996,88.27531
Batch-3/R2.5_battery-8,97.80104712041886,89.14268
Batch-3/R2.5_battery-8,98.95287958115183,81.27336
Batch-3/R2.5_battery-8,98.21989528795811,89.00069
Batch-3/R2.5_battery-8,97.12041884816755,89.21938
Batch-3/R2.5_battery-8,97.06806282722515,88.27531
Batch-3/R2.5_battery-8,97.64397905759162,89.29719
Batch-3/R2.5_battery-8,98.84816753926702,81.220505
Batch-3/R2.5_battery-8,98.11518324607331,89.00069
Batch-3/R2.5_battery-8,97.01570680628274,89.21853
Batch-3/R2.5_battery-8,96.96335078534032,88.27531
Batch-3/R2.5_battery-8,97.59162303664922,89.23939
Batch-3/R2.5_battery-8,98.7434554973822,81.17823
Batch-3/R2.5_battery-8,98.06282722513089,89.00069
Batch-3/R2.5_battery-8,96.96335078534032,89.21853
Batch-3/R2.5_battery-8,96.8586387434555,88.24125
Batch-3/R2.5_battery-8,97.53926701570681,89.29719
Batch-3/R2.5_battery-8,98.58638743455498,81.166725
Batch-3/R2.5_battery-8,97.85340314136126,89.00069
Batch-3/R2.5_battery-8,96.80628272251309,89.21853
Batch-3/R2.5_battery-8,96.75392670157069,88.26414
Batch-3/R2.5_battery-8,97.434554973822,89.33586
Batch-3/R2.5_battery-8,98.48167539267017,81.1807
Batch-3/R2.5_battery-8,97.90575916230367,88.995575
Batch-3/R2.5_battery-8,96.80628272251309,89.21853
Batch-3/R2.5_battery-8,96.80628272251309,88.23008
Batch-3/R2.5_battery-8,97.434554973822,89.33586
Batch-3/R2.5_battery-8,98.42931937172776,81.232155
Batch-3/R2.5_battery-8,97.80104712041886,89.00069
Batch-3/R2.5_battery-8,96.75392670157069,89.21938
Batch-3/R2.5_battery-8,96.64921465968587,88.26414
Batch-3/R2.5_battery-8,97.22513089005236,89.27806
Batch-3/R2.5_battery-8,98.27225130890052,81.14794
Batch-3/R2.5_battery-8,97.74869109947645,89.00069
Batch-3/R2.5_battery-8,96.64921465968587,89.15824
Batch-3/R2.5_battery-8,96.54450261780106,88.290764
Batch-3/R2.5_battery-8,97.17277486910996,89.327576
Batch-3/R2.5_battery-8,98.27225130890052,81.211754
Batch-3/R2.5_battery-8,97.64397905759162,88.992386
Batch-3/R2.5_battery-8,96.59685863874346,89.21108
Batch-3/R2.5_battery-8,96.49214659685865,88.267006
Batch-3/R2.5_battery-8,97.06806282722515,89.30551
Batch-3/R2.5_battery-8,98.11518324607331,81.16439
Batch-3/R2.5_battery-8,97.53926701570681,88.954056
Batch-3/R2.5_battery-8,96.43979057591623,89.17701
Batch-3/R2.5_battery-8,96.33507853403142,88.257545
Batch-3/R2.5_battery-8,96.91099476439791,89.30844
Batch-3/R2.5_battery-8,98.06282722513089,81.19698
Batch-3/R2.5_battery-8,97.59162303664922,88.954056
Batch-3/R2.5_battery-8,96.49214659685865,89.17701
Batch-3/R2.5_battery-8,96.38743455497382,88.18856
Batch-3/R2.5_battery-8,96.91099476439791,89.184555
Batch-3/R2.5_battery-8,97.95811518324608,81.19698
Batch-3/R2.5_battery-8,97.48691099476441,88.84938
Batch-3/R2.5_battery-8,96.38743455497382,89.06722
Batch-3/R2.5_battery-8,96.2303664921466,88.073906
Batch-3/R2.5_battery-8,96.80628272251309,89.17403
Batch-3/R2.5_battery-8,97.80104712041886,81.24983
Batch-3/R2.5_battery-8,97.27748691099477,88.839386
Batch-3/R2.5_battery-8,96.33507853403142,89.063194
Batch-3/R2.5_battery-8,96.282722513089,88.073906
Batch-3/R2.5_battery-8,96.80628272251309,89.11621
Batch-3/R2.5_battery-8,97.74869109947645,81.19698
Batch-3/R2.5_battery-8,97.38219895287959,88.8445
Batch-3/R2.5_battery-8,96.38743455497382,89.063194
Batch-3/R2.5_battery-8,96.17801047120419,88.085075
Batch-3/R2.5_battery-8,96.64921465968587,89.1913
Batch-3/R2.5_battery-8,97.59162303664922,81.19698
Batch-3/R2.5_battery-8,97.17277486910996,88.839386
Batch-3/R2.5_battery-8,96.12565445026179,88.99337
Batch-3/R2.5_battery-8,95.96858638743456,88.073906
Batch-3/R2.5_battery-8,96.54450261780106,89.18013
Batch-3/R2.5_battery-8,97.48691099476441,81.17205
Batch-3/R2.5_battery-8,97.12041884816755,88.8374
Batch-3/R2.5_battery-8,96.12565445026179,88.99139
Batch-3/R2.5_battery-8,95.91623036649214,88.117134
Batch-3/R2.5_battery-8,96.49214659685865,89.189316
Batch-3/R2.5_battery-8,97.434554973822,81.30571
Batch-3/R2.5_battery-8,97.01570680628274,88.83185
Batch-3/R2.5_battery-8,95.96858638743456,88.98583
Batch-3/R2.5_battery-8,95.81151832460733,88.07752
Batch-3/R2.5_battery-8,96.282722513089,89.11478
Batch-3/R2.5_battery-8,97.27748691099477,81.30014
Batch-3/R2.5_battery-8,96.8586387434555,88.82489
Batch-3/R2.5_battery-8,95.75916230366492,88.98119
Batch-3/R2.5_battery-8,95.6020942408377,88.10462
Batch-3/R2.5_battery-8,96.07329842931938,89.202095
Batch-3/R2.5_battery-8,97.12041884816755,79.72994
Batch-3/R2.5_battery-8,96.8586387434555,88.82489
Batch-3/R2.5_battery-8,95.86387434554973,88.978874
Batch-3/R2.5_battery-8,95.6020942408377,88.10462
Batch-3/R2.5_battery-8,96.07329842931938,89.18219
Batch-3/R2.5_battery-8,97.01570680628274,79.72994
Batch-3/R2.5_battery-8,96.70157068062828,88.82489
Batch-3/R2.5_battery-8,95.6020942408377,88.98119
Batch-3/R2.5_battery-8,95.44502617801047,88.070564
Batch-3/R2.5_battery-8,95.91623036649214,89.12196
Batch-3/R2.5_battery-8,96.8586387434555,79.609985
Batch-3/R2.5_battery-8,96.49214659685865,88.85564
Batch-3/R2.5_battery-8,95.49738219895289,88.9524
Batch-3/R2.5_battery-8,95.39267015706807,88.07581
Batch-3/R2.5_battery-8,95.86387434554973,89.093094
Batch-3/R2.5_battery-8,96.70157068062828,79.55997
Batch-3/R2.5_battery-8,96.49214659685865,88.79608
Batch-3/R2.5_battery-8,95.44502617801047,88.98644
Batch-3/R2.5_battery-8,95.23560209424083,88.07581
Batch-3/R2.5_battery-8,95.70680628272252,89.20747
Batch-3/R2.5_battery-8,96.59685863874346,79.60577
Batch-3/R2.5_battery-8,96.282722513089,88.82683
Batch-3/R2.5_battery-8,95.23560209424083,88.98644
Batch-3/R2.5_battery-8,95.02617801047121,88.07581
Batch-3/R2.5_battery-8,95.44502617801047,89.22637
Batch-3/R2.5_battery-8,96.43979057591623,79.59162
Batch-3/R2.5_battery-8,96.2303664921466,88.79608
Batch-3/R2.5_battery-8,95.23560209424083,88.98644
Batch-3/R2.5_battery-8,94.9738219895288,88.07581
Batch-3/R2.5_battery-8,95.49738219895289,89.207016
Batch-3/R2.5_battery-8,96.43979057591623,79.52044
Batch-3/R2.5_battery-8,96.17801047120419,88.82683
Batch-3/R2.5_battery-8,95.07853403141362,88.98644
Batch-3/R2.5_battery-8,94.81675392670157,88.07581
Batch-3/R2.5_battery-8,95.23560209424083,89.181946
Batch-3/R2.5_battery-8,96.12565445026179,79.5628
Batch-3/R2.5_battery-8,95.96858638743456,88.99671
Batch-3/R2.5_battery-8,94.86910994764398,88.98445
Batch-3/R2.5_battery-8,94.65968586387436,88.07581
Batch-3/R2.5_battery-8,95.13089005235602,89.48067
Batch-3/R2.5_battery-8,96.07329842931938,79.490265
Batch-3/R2.5_battery-8,96.02094240837698,88.79409
Batch-3/R2.5_battery-8,94.92146596858639,88.98445
Batch-3/R2.5_battery-8,94.60732984293195,88.071815
Batch-3/R2.5_battery-8,95.02617801047121,89.54564
Batch-3/R2.5_battery-8,95.91623036649214,79.541275
Batch-3/R2.5_battery-8,95.81151832460733,88.98057
Batch-3/R2.5_battery-8,94.76439790575917,88.96831
Batch-3/R2.5_battery-8,94.50261780104712,88.06284
Batch-3/R2.5_battery-8,94.92146596858639,89.47705
Batch-3/R2.5_battery-8,95.75916230366492,79.477684
Batch-3/R2.5_battery-8,95.65445026178011,88.96435
Batch-3/R2.5_battery-8,94.60732984293195,88.95209
Batch-3/R2.5_battery-8,94.3455497382199,88.04662
Batch-3/R2.5_battery-8,94.81675392670157,89.39261
Batch-3/R2.5_battery-8,95.65445026178011,79.456635
Batch-3/R2.5_battery-8,95.6020942408377,88.96435
Batch-3/R2.5_battery-8,94.50261780104712,88.94119
Batch-3/R2.5_battery-8,94.18848167539267,87.549095
Batch-3/R2.5_battery-8,94.55497382198953,89.31198
Batch-3/R2.5_battery-8,95.39267015706807,79.38342
Batch-3/R2.5_battery-8,95.39267015706807,88.927376
Batch-3/R2.5_battery-8,94.29319371727749,88.915115
Batch-3/R2.5_battery-8,94.03141361256544,88.00967
Batch-3/R2.5_battery-8,94.3979057591623,89.34674
Batch-3/R2.5_battery-8,95.13089005235602,79.37587
Batch-3/R2.5_battery-8,95.18324607329843,88.93018
Batch-3/R2.5_battery-8,94.13612565445027,88.915115
Batch-3/R2.5_battery-8,93.87434554973822,88.00846
Batch-3/R2.5_battery-8,94.24083769633509,89.63205
Batch-3/R2.5_battery-8,94.9738219895288,79.30055
Batch-3/R2.5_battery-8,95.07853403141362,88.926186
Batch-3/R2.5_battery-8,93.92670157068063,88.913376
Batch-3/R2.5_battery-8,93.61256544502619,88.306595
Batch-3/R2.5_battery-8,93.92670157068063,89.19595
Batch-3/R2.5_battery-8,94.65968586387436,79.29635
Batch-3/R2.5_battery-8,94.76439790575917,88.981285
Batch-3/R2.5_battery-8,93.66492146596859,88.913376
Batch-3/R2.5_battery-8,93.35078534031413,88.306595
Batch-3/R2.5_battery-8,93.61256544502619,89.18931
Batch-3/R2.5_battery-8,94.29319371727749,79.371666
Batch-3/R2.5_battery-8,94.55497382198953,88.928444
Batch-3/R2.5_battery-8,93.50785340314137,88.913376
Batch-3/R2.5_battery-8,93.0890052356021,88.306595
Batch-3/R2.5_battery-8,93.35078534031413,89.05477
Batch-3/R2.5_battery-8,93.97905759162303,79.274
Batch-3/R2.5_battery-8,94.29319371727749,88.981285
Batch-3/R2.5_battery-8,93.19371727748693,88.913376
Batch-3/R2.5_battery-8,92.77486910994764,88.306595
Batch-3/R2.5_battery-8,92.98429319371728,89.095665
Batch-3/R2.5_battery-8,93.66492146596859,79.262634
Batch-3/R2.5_battery-8,93.92670157068063,88.96206
Batch-3/R2.5_battery-8,92.82722513089006,88.89415
Batch-3/R2.5_battery-8,92.40837696335078,88.28737
Batch-3/R2.5_battery-8,92.67015706806284,89.37313
Batch-3/R2.5_battery-8,93.35078534031413,79.32361
Batch-3/R2.5_battery-8,93.66492146596859,88.96206
Batch-3/R2.5_battery-8,92.56544502617801,88.89415
Batch-3/R2.5_battery-8,92.09424083769633,88.28737
Batch-3/R2.5_battery-8,92.35602094240838,89.55985
Batch-3/R2.5_battery-8,92.93193717277487,79.26301
Batch-3/R2.5_battery-8,93.24607329842932,88.96206
Batch-3/R2.5_battery-8,92.09424083769633,88.898445
Batch-3/R2.5_battery-8,91.67539267015707,89.2256
Batch-3/R2.5_battery-8,91.8324607329843,89.11683
Batch-3/R2.5_battery-8,92.4607329842932,78.85595
Batch-3/R2.5_battery-8,92.87958115183247,88.95405
Batch-3/R2.5_battery-8,91.72774869109948,88.890434
Batch-3/R2.5_battery-8,91.25654450261781,88.752266
Batch-3/R2.5_battery-8,91.41361256544504,89.20581
Batch-3/R2.5_battery-8,91.93717277486911,78.773415
Batch-3/R2.5_battery-8,92.4607329842932,88.95405
Batch-3/R2.5_battery-8,91.25654450261781,88.9016
Batch-3/R2.5_battery-8,90.68062827225131,89.32824
Batch-3/R2.5_battery-8,90.89005235602095,89.46332
Batch-3/R2.5_battery-8,91.41361256544504,78.78859
Batch-3/R2.5_battery-8,91.8848167539267,88.95405
Batch-3/R2.5_battery-8,90.6282722513089,88.9016
Batch-3/R2.5_battery-8,90.05235602094241,89.340164
Batch-3/R2.5_battery-8,90.20942408376965,90.29101
Batch-3/R2.5_battery-8,90.78534031413614,78.780624
Batch-3/R2.5_battery-8,91.30890052356021,88.95405
Batch-3/R2.5_battery-8,90.10471204188482,88.867546
Batch-3/R2.5_battery-8,89.42408376963351,89.35933
Batch-3/R2.5_battery-8,89.58115183246073,89.811066
Batch-3/R2.5_battery-8,90.10471204188482,78.86917
Batch-3/R2.5_battery-8,90.73298429319372,88.95405
Batch-3/R2.5_battery-8,89.42408376963351,88.9016
Batch-3/R2.5_battery-8,88.7434554973822,89.392456
Batch-3/R2.5_battery-8,88.90052356020942,89.11412
Batch-3/R2.5_battery-8,89.42408376963351,78.82713
Batch-3/R2.5_battery-8,90.05235602094241,88.94396
Batch-3/R2.5_battery-8,88.79581151832461,88.82621
Batch-3/R2.5_battery-8,88.1151832460733,89.38237
Batch-3/R2.5_battery-8,88.32460732984295,88.82243
Batch-3/R2.5_battery-8,88.79581151832461,78.85137
Batch-3/R2.5_battery-8,89.58115183246073,88.926796
Batch-3/R2.5_battery-8,88.32460732984295,88.809044
Batch-3/R2.5_battery-8,87.59162303664922,89.43417
Batch-3/R2.5_battery-8,87.64397905759162,88.88642
Batch-3/R2.5_battery-8,88.1675392670157,78.656715
Batch-3/R2.5_battery-8,88.95287958115185,88.90572
Batch-3/R2.5_battery-8,87.69633507853403,88.78799
Batch-3/R2.5_battery-8,86.91099476439791,89.4324
Batch-3/R2.5_battery-8,87.01570680628272,89.80648
Batch-3/R2.5_battery-8,87.4869109947644,78.56307
Batch-3/R2.5_battery-8,88.37696335078535,88.90572
Batch-3/R2.5_battery-8,87.12041884816753,88.78799
Batch-3/R2.5_battery-8,86.33507853403142,89.4324
Batch-3/R2.5_battery-8,86.33507853403142,89.47505
Batch-3/R2.5_battery-8,86.80628272251309,78.57979
Batch-3/R2.5_battery-8,87.80104712041886,88.90572
Batch-3/R2.5_battery-8,86.43979057591623,88.78799
Batch-3/R2.5_battery-8,85.70680628272251,89.34427
Batch-3/R2.5_battery-8,85.6020942408377,89.40845
Batch-3/R2.5_battery-8,86.02094240837697,78.59485
Batch-3/R2.5_battery-8,87.06806282722513,88.90572
Batch-3/R2.5_battery-8,85.70680628272251,88.58668
Batch-3/R2.5_battery-8,84.81675392670158,89.378685
Batch-3/R2.5_battery-8,84.86910994764398,88.98273
Batch-3/R2.5_battery-8,85.34031413612566,78.42018
Batch-3/R2.5_battery-8,86.59685863874346,88.90235
Batch-3/R2.5_battery-8,85.39267015706807,88.78799
Batch-3/R2.5_battery-8,84.50261780104714,89.32151
Batch-3/R2.5_battery-8,84.29319371727749,89.02814
Batch-3/R2.5_battery-8,84.65968586387434,78.41914
Batch-3/R2.5_battery-8,85.86387434554975,88.78852
Batch-3/R2.5_battery-8,84.65968586387434,88.26341
Batch-3/R2.5_battery-8,83.56020942408378,89.14941
Batch-3/R2.5_battery-8,83.50785340314137,88.99121
Batch-3/R2.5_battery-8,83.82198952879581,78.422264
Batch-3/R2.5_battery-8,84.9738219895288,88.78269
Batch-3/R2.5_battery-8,83.76963350785341,88.19864
Batch-3/R2.5_battery-8,82.82722513089006,89.14556
Batch-3/R2.5_battery-8,82.82722513089006,90.20734
Batch-3/R2.5_battery-8,83.14136125654451,78.40525
Batch-3/R2.5_battery-8,84.50261780104714,88.728264
Batch-3/R2.5_battery-8,83.24607329842932,88.19179
Batch-3/R2.5_battery-8,82.09424083769635,89.138695
Batch-3/R2.5_battery-8,81.98952879581152,90.0863
Batch-3/R2.5_battery-8,82.19895287958116,78.15243
Batch-3/R2.5_battery-8,83.61256544502618,88.72422
Batch-4/R3_battery-1,105.416887944769,99.8765
Batch-4/R3_battery-1,100.0,99.71908
Batch-4/R3_battery-1,97.61019649495486,99.72552
Batch-4/R3_battery-1,96.44184811471057,98.3741
Batch-4/R3_battery-1,96.9198088157196,85.21407
Batch-4/R3_battery-1,98.51301115241635,80.28732
Batch-4/R3_battery-1,100.47796070100902,97.47785
Batch-4/R3_battery-1,101.69941582580988,97.40744
Batch-4/R3_battery-1,99.30961232076474,97.56283
Batch-4/R3_battery-1,97.92883696229421,97.76311
Batch-4/R3_battery-1,97.8226234731811,83.87207
Batch-4/R3_battery-1,99.30961232076474,80.073975
Batch-4/R3_battery-1,101.75252257036642,97.01078
Batch-4/R3_battery-1,102.7084439723845,96.85546
Batch-4/R3_battery-1,100.3717472118959,97.17165
Batch-4/R3_battery-1,98.93786510886883,97.73797
Batch-4/R3_battery-1,99.25650557620817,83.59204
Batch-4/R3_battery-1,100.26553372278279,79.92074
Batch-4/R3_battery-1,102.7084439723845,97.06094
Batch-4/R3_battery-1,103.39883165161976,96.77704
Batch-4/R3_battery-1,101.16834838024428,97.090706
Batch-4/R3_battery-1,99.78757302177377,97.59231
Batch-4/R3_battery-1,100.05310674455656,83.60773
Batch-4/R3_battery-1,100.84970791290493,79.90665
Batch-4/R3_battery-1,103.50504514073286,96.893196
Batch-4/R3_battery-1,103.92989909718536,96.602234
Batch-4/R3_battery-1,101.75252257036642,96.80171
Batch-4/R3_battery-1,100.3717472118959,97.2945
Batch-4/R3_battery-1,100.58417419012213,84.485954
Batch-4/R3_battery-1,101.22145512480085,79.85984
Batch-4/R3_battery-1,104.03611258629846,96.856186
Batch-4/R3_battery-1,104.19543281996812,96.52661
Batch-4/R3_battery-1,102.01805629314924,96.80171
Batch-4/R3_battery-1,100.6372809346787,96.73704
Batch-4/R3_battery-1,100.90281465746149,84.413
Batch-4/R3_battery-1,101.38077535847052,79.849174
Batch-4/R3_battery-1,104.35475305363782,96.2108
Batch-4/R3_battery-1,104.35475305363782,95.940636
Batch-4/R3_battery-1,102.28359001593202,96.185776
Batch-4/R3_battery-1,101.00902814657462,96.46698
Batch-4/R3_battery-1,101.16834838024428,84.32432
Batch-4/R3_battery-1,101.54009559214019,79.61471
Batch-4/R3_battery-1,104.62028677642061,95.43742
Batch-4/R3_battery-1,104.51407328730748,95.36167
Batch-4/R3_battery-1,102.38980350504514,95.60681
Batch-4/R3_battery-1,101.11524163568772,95.93921
Batch-4/R3_battery-1,101.27456186935741,84.10044
Batch-4/R3_battery-1,101.59320233669675,79.37936
Batch-4/R3_battery-1,104.67339352097717,95.47931
Batch-4/R3_battery-1,104.46096654275094,95.3285
Batch-4/R3_battery-1,102.38980350504514,95.5826
Batch-4/R3_battery-1,101.38077535847052,95.54262
Batch-4/R3_battery-1,101.64630908125332,84.12472
Batch-4/R3_battery-1,101.69941582580988,79.2914
Batch-4/R3_battery-1,104.77960701009027,94.95163
Batch-4/R3_battery-1,104.46096654275094,94.2709
Batch-4/R3_battery-1,102.33669676048858,94.52598
Batch-4/R3_battery-1,101.06213489113118,94.769966
Batch-4/R3_battery-1,101.27456186935741,84.04302
Batch-4/R3_battery-1,101.54009559214019,79.307884
Batch-4/R3_battery-1,104.72650026553372,93.35219
Batch-4/R3_battery-1,104.40785979819435,92.94912
Batch-4/R3_battery-1,102.44291024960171,93.1276
Batch-4/R3_battery-1,101.22145512480085,93.540245
Batch-4/R3_battery-1,101.32766861391396,83.14352
Batch-4/R3_battery-1,101.54009559214019,79.30705
Batch-4/R3_battery-1,104.93892724375995,92.73723
Batch-4/R3_battery-1,104.40785979819435,92.506294
Batch-4/R3_battery-1,102.38980350504514,92.760414
Batch-4/R3_battery-1,101.11524163568772,93.147606
Batch-4/R3_battery-1,101.27456186935741,84.02625
Batch-4/R3_battery-1,101.54009559214019,79.28774
Batch-4/R3_battery-1,104.77960701009027,92.538666
Batch-4/R3_battery-1,104.24853956452469,92.47246
Batch-4/R3_battery-1,102.33669676048858,92.64294
Batch-4/R3_battery-1,101.27456186935741,92.9815
Batch-4/R3_battery-1,101.48698884758365,84.03744
Batch-4/R3_battery-1,101.64630908125332,79.27294
Batch-4/R3_battery-1,104.9920339883165,92.47473
Batch-4/R3_battery-1,104.40785979819435,92.396095
Batch-4/R3_battery-1,102.44291024960171,92.632996
Batch-4/R3_battery-1,101.16834838024428,92.9672
Batch-4/R3_battery-1,101.38077535847052,84.035286
Batch-4/R3_battery-1,101.54009559214019,79.2603
Batch-4/R3_battery-1,104.93892724375995,92.442764
Batch-4/R3_battery-1,104.24853956452469,92.387856
Batch-4/R3_battery-1,102.28359001593202,92.641975
Batch-4/R3_battery-1,101.11524163568772,92.95283
Batch-4/R3_battery-1,101.27456186935741,84.02509
Batch-4/R3_battery-1,101.48698884758365,79.2603
Batch-4/R3_battery-1,105.04514073287308,92.48854
Batch-4/R3_battery-1,104.40785979819435,92.43099
Batch-4/R3_battery-1,102.44291024960171,92.4216
Batch-4/R3_battery-1,101.06213489113118,92.91477
Batch-4/R3_battery-1,101.27456186935741,82.89324
Batch-4/R3_battery-1,101.32766861391396,79.2886
Batch-4/R3_battery-1,104.77960701009027,91.945526
Batch-4/R3_battery-1,104.03611258629846,91.92356
Batch-4/R3_battery-1,102.12426978226235,91.37316
Batch-4/R3_battery-1,100.84970791290493,91.905464
Batch-4/R3_battery-1,101.11524163568772,82.93604
Batch-4/R3_battery-1,101.27456186935741,79.1182
Batch-4/R3_battery-1,104.72650026553372,90.49216
Batch-4/R3_battery-1,103.92989909718536,90.34167
Batch-4/R3_battery-1,102.07116303770579,90.54319
Batch-4/R3_battery-1,100.90281465746149,91.124855
Batch-4/R3_battery-1,101.00902814657462,82.79691
Batch-4/R3_battery-1,101.16834838024428,79.127594
Batch-4/R3_battery-1,104.72650026553372,90.520676
Batch-4/R3_battery-1,103.82368560807222,90.417305
Batch-4/R3_battery-1,101.80562931492301,90.54364
Batch-4/R3_battery-1,100.5310674455656,91.09508
Batch-4/R3_battery-1,100.74349442379183,82.84419
Batch-4/R3_battery-1,100.90281465746149,79.19926
Batch-4/R3_battery-1,104.46096654275094,90.49989
Batch-4/R3_battery-1,103.87679235262878,90.450714
Batch-4/R3_battery-1,102.01805629314924,90.53325
Batch-4/R3_battery-1,100.74349442379183,91.06028
Batch-4/R3_battery-1,100.95592140201805,82.72892
Batch-4/R3_battery-1,100.90281465746149,79.1052
Batch-4/R3_battery-1,104.67339352097717,90.59642
Batch-4/R3_battery-1,103.82368560807222,90.34167
Batch-4/R3_battery-1,101.85873605947955,90.54364
Batch-4/R3_battery-1,100.69038767923526,91.08921
Batch-4/R3_battery-1,100.84970791290493,82.76528
Batch-4/R3_battery-1,100.95592140201805,79.10218
Batch-4/R3_battery-1,104.51407328730748,90.504776
Batch-4/R3_battery-1,103.66436537440255,90.34167
Batch-4/R3_battery-1,101.91184280403611,90.54364
Batch-4/R3_battery-1,100.79660116834836,91.124855
Batch-4/R3_battery-1,100.95592140201805,82.68032
Batch-4/R3_battery-1,100.95592140201805,79.04983
Batch-4/R3_battery-1,104.67339352097717,90.59642
Batch-4/R3_battery-1,103.82368560807222,90.34991
Batch-4/R3_battery-1,101.91184280403611,90.5337
Batch-4/R3_battery-1,100.69038767923526,91.06028
Batch-4/R3_battery-1,100.79660116834836,82.67013
Batch-4/R3_battery-1,100.84970791290493,78.92266
Batch-4/R3_battery-1,104.56718003186405,90.60405
Batch-4/R3_battery-1,103.66436537440255,90.34167
Batch-4/R3_battery-1,101.80562931492301,90.5337
Batch-4/R3_battery-1,100.58417419012213,91.06028
Batch-4/R3_battery-1,100.79660116834836,82.56458
Batch-4/R3_battery-1,100.84970791290493,78.92266
Batch-4/R3_battery-1,104.51407328730748,90.60405
Batch-4/R3_battery-1,103.71747211895912,90.34991
Batch-4/R3_battery-1,101.91184280403611,90.51023
Batch-4/R3_battery-1,100.69038767923526,91.03706
Batch-4/R3_battery-1,100.79660116834836,82.538155
Batch-4/R3_battery-1,100.79660116834836,78.88978
Batch-4/R3_battery-1,104.46096654275094,90.45249
Batch-4/R3_battery-1,103.55815188528943,90.31845
Batch-4/R3_battery-1,101.64630908125332,90.51945
Batch-4/R3_battery-1,100.42485395645247,90.99279
Batch-4/R3_battery-1,100.5310674455656,82.52535
Batch-4/R3_battery-1,100.6372809346787,78.88634
Batch-4/R3_battery-1,104.46096654275094,90.496956
Batch-4/R3_battery-1,103.66436537440255,90.315865
Batch-4/R3_battery-1,101.91184280403611,90.39626
Batch-4/R3_battery-1,100.58417419012213,91.0363
Batch-4/R3_battery-1,100.69038767923526,82.53655
Batch-4/R3_battery-1,100.69038767923526,78.90543
Batch-4/R3_battery-1,104.51407328730748,90.43301
Batch-4/R3_battery-1,103.50504514073286,90.32515
Batch-4/R3_battery-1,101.69941582580988,90.39671
Batch-4/R3_battery-1,100.42485395645247,91.02806
Batch-4/R3_battery-1,100.5310674455656,82.52259
Batch-4/R3_battery-1,100.47796070100902,78.90803
Batch-4/R3_battery-1,104.30164630908125,90.496956
Batch-4/R3_battery-1,103.55815188528943,90.30379
Batch-4/R3_battery-1,102.07116303770579,90.429146
Batch-4/R3_battery-1,100.95592140201805,91.36885
Batch-4/R3_battery-1,100.95592140201805,82.59793
Batch-4/R3_battery-1,100.74349442379183,78.906845
Batch-4/R3_battery-1,104.62028677642061,90.43432
Batch-4/R3_battery-1,103.66436537440255,90.352356
Batch-4/R3_battery-1,101.91184280403611,90.429596
Batch-4/R3_battery-1,100.74349442379183,91.29315
Batch-4/R3_battery-1,100.74349442379183,82.58715
Batch-4/R3_battery-1,100.58417419012213,78.88675
Batch-4/R3_battery-1,104.51407328730748,90.43478
Batch-4/R3_battery-1,103.55815188528943,90.346924
Batch-4/R3_battery-1,101.80562931492301,90.429596
Batch-4/R3_battery-1,100.6372809346787,91.29315
Batch-4/R3_battery-1,100.6372809346787,82.59966
Batch-4/R3_battery-1,100.5310674455656,78.88675
Batch-4/R3_battery-1,104.51407328730748,90.42989
Batch-4/R3_battery-1,103.50504514073286,90.352356
Batch-4/R3_battery-1,101.69941582580988,90.429596
Batch-4/R3_battery-1,100.47796070100902,90.96308
Batch-4/R3_battery-1,100.47796070100902,82.467384
Batch-4/R3_battery-1,100.3717472118959,78.88675
Batch-4/R3_battery-1,104.35475305363782,90.43478
Batch-4/R3_battery-1,103.29261816250663,90.315865
Batch-4/R3_battery-1,101.54009559214019,90.42136
Batch-4/R3_battery-1,100.31864046733936,90.95484
Batch-4/R3_battery-1,100.3717472118959,82.487434
Batch-4/R3_battery-1,100.26553372278279,78.88675
Batch-4/R3_battery-1,104.19543281996812,90.446815
Batch-4/R3_battery-1,103.18640467339353,90.31203
Batch-4/R3_battery-1,101.43388210302709,90.39671
Batch-4/R3_battery-1,100.21242697822623,90.95484
Batch-4/R3_battery-1,100.21242697822623,82.476906
Batch-4/R3_battery-1,100.15932023366967,78.902405
Batch-4/R3_battery-1,104.08921933085502,90.496956
Batch-4/R3_battery-1,103.0801911842804,90.29624
Batch-4/R3_battery-1,101.27456186935741,90.50478
Batch-4/R3_battery-1,100.05310674455656,90.85511
Batch-4/R3_battery-1,100.10621348911313,82.46415
Batch-4/R3_battery-1,100.0,78.84396
Batch-4/R3_battery-1,103.9830058417419,90.480125
Batch-4/R3_battery-1,102.97397769516729,90.292114
Batch-4/R3_battery-1,101.16834838024428,90.49311
Batch-4/R3_battery-1,100.0,90.84622
Batch-4/R3_battery-1,100.0,82.46415
Batch-4/R3_battery-1,99.94689325544344,78.84396
Batch-4/R3_battery-1,103.92989909718536,90.480125
Batch-4/R3_battery-1,102.86776420605418,90.292114
Batch-4/R3_battery-1,101.06213489113118,90.49407
Batch-4/R3_battery-1,99.84067976633033,90.90478
Batch-4/R3_battery-1,99.84067976633033,82.45954
Batch-4/R3_battery-1,99.78757302177377,78.84396
Batch-4/R3_battery-1,103.77057886351567,90.464226
Batch-4/R3_battery-1,102.7084439723845,90.400185
Batch-4/R3_battery-1,100.84970791290493,90.46353
Batch-4/R3_battery-1,99.57514604354753,90.816284
Batch-4/R3_battery-1,99.62825278810409,82.46992
Batch-4/R3_battery-1,99.62825278810409,79.13933
Batch-4/R3_battery-1,103.61125862984599,90.4288
Batch-4/R3_battery-1,102.49601699415824,90.370605
Batch-4/R3_battery-1,100.58417419012213,90.61258
Batch-4/R3_battery-1,99.36271906532129,90.83249
Batch-4/R3_battery-1,99.41582580987786,82.46762
Batch-4/R3_battery-1,99.41582580987786,78.82142
Batch-4/R3_battery-1,103.39883165161976,90.38527
Batch-4/R3_battery-1,102.23048327137548,90.5094
Batch-4/R3_battery-1,100.31864046733936,90.5563
Batch-4/R3_battery-1,99.09718534253851,90.94407
Batch-4/R3_battery-1,99.15029208709505,82.408035
Batch-4/R3_battery-1,99.15029208709505,78.864624
Batch-4/R3_battery-1,103.18640467339353,90.37703
Batch-4/R3_battery-1,101.96494954859267,90.52612
Batch-4/R3_battery-1,100.0,89.547356
Batch-4/R3_battery-1,98.7254381306426,90.22156
Batch-4/R3_battery-1,98.83165161975572,82.339264
Batch-4/R3_battery-1,98.88475836431228,78.95679
Batch-4/R3_battery-1,102.86776420605418,90.46046
Batch-4/R3_battery-1,101.59320233669675,89.493835
Batch-4/R3_battery-1,99.57514604354753,89.22697
Batch-4/R3_battery-1,98.30058417419012,89.17461
Batch-4/R3_battery-1,98.40679766330324,82.97056
Batch-4/R3_battery-1,98.56611789697291,78.81441
Batch-4/R3_battery-1,102.54912373871481,90.610466
Batch-4/R3_battery-1,101.22145512480085,89.31351
Batch-4/R3_battery-1,99.15029208709505,89.18618
Batch-4/R3_battery-1,97.8226234731811,89.0956
Batch-4/R3_battery-1,97.98194370685077,83.103615
Batch-4/R3_battery-1,98.194370685077,78.875114
Batch-4/R3_battery-1,102.1773765268189,90.63453
Batch-4/R3_battery-1,100.84970791290493,89.31351
Batch-4/R3_battery-1,98.77854487519916,89.18618
Batch-4/R3_battery-1,97.50398300584175,89.21335
Batch-4/R3_battery-1,97.71640998406798,83.10526
Batch-4/R3_battery-1,97.98194370685077,78.7826
Batch-4/R3_battery-1,101.91184280403611,89.970795
Batch-4/R3_battery-1,100.6372809346787,89.31351
Batch-4/R3_battery-1,98.56611789697291,89.143845
Batch-4/R3_battery-1,97.34466277217206,89.19087
Batch-4/R3_battery-1,97.55708975039829,83.10526
Batch-4/R3_battery-1,97.8226234731811,78.79667
Batch-4/R3_battery-1,101.80562931492301,89.38669
Batch-4/R3_battery-1,100.47796070100902,89.31351
Batch-4/R3_battery-1,98.30058417419012,89.143845
Batch-4/R3_battery-1,97.07912904938928,89.383255
Batch-4/R3_battery-1,97.23844928305894,83.10526
Batch-4/R3_battery-1,97.61019649495486,78.80005
Batch-4/R3_battery-1,101.59320233669675,89.40439
Batch-4/R3_battery-1,100.26553372278279,89.31351
Batch-4/R3_battery-1,98.08815719596389,89.14046
Batch-4/R3_battery-1,96.86670207116303,89.483025
Batch-4/R3_battery-1,97.02602230483272,83.08939
Batch-4/R3_battery-1,97.34466277217206,79.1317
Batch-4/R3_battery-1,101.43388210302709,89.366425
Batch-4/R3_battery-1,100.10621348911313,89.31012
Batch-4/R3_battery-1,97.92883696229421,89.14046
Batch-4/R3_battery-1,96.6542750929368,89.572945
Batch-4/R3_battery-1,96.86670207116303,83.08939
Batch-4/R3_battery-1,97.1853425385024,79.1078
Batch-4/R3_battery-1,101.27456186935741,89.365585
Batch-4/R3_battery-1,99.78757302177377,89.26777
Batch-4/R3_battery-1,97.71640998406798,89.14046
Batch-4/R3_battery-1,96.54806160382368,89.65252
Batch-4/R3_battery-1,96.70738183749336,83.08939
Batch-4/R3_battery-1,97.02602230483272,79.1078
Batch-4/R3_battery-1,101.16834838024428,89.43739
Batch-4/R3_battery-1,99.78757302177377,89.26777
Batch-4/R3_battery-1,97.76951672862452,89.14046
Batch-4/R3_battery-1,96.49495485926712,89.77944
Batch-4/R3_battery-1,96.60116834838024,83.08939
Batch-4/R3_battery-1,96.9198088157196,79.1317
Batch-4/R3_battery-1,101.06213489113118,89.43739
Batch-4/R3_battery-1,99.57514604354753,89.26777
Batch-4/R3_battery-1,97.39776951672863,89.14046
Batch-4/R3_battery-1,96.17631439192778,89.89721
Batch-4/R3_battery-1,96.49495485926712,83.0041
Batch-4/R3_battery-1,96.86670207116303,79.472435
Batch-4/R3_battery-1,101.06213489113118,89.366425
Batch-4/R3_battery-1,99.52203929899098,89.26777
Batch-4/R3_battery-1,97.61019649495486,89.14046
Batch-4/R3_battery-1,96.28252788104089,89.76142
Batch-4/R3_battery-1,96.38874137015401,83.08939
Batch-4/R3_battery-1,96.70738183749336,79.1078
Batch-4/R3_battery-1,100.84970791290493,89.4025
Batch-4/R3_battery-1,99.25650557620817,89.26777
Batch-4/R3_battery-1,97.02602230483272,89.14046
Batch-4/R3_battery-1,95.85767392458841,89.45412
Batch-4/R3_battery-1,96.0169941582581,83.0041
Batch-4/R3_battery-1,96.38874137015401,79.1174
Batch-4/R3_battery-1,100.79660116834836,89.40335
Batch-4/R3_battery-1,99.36271906532129,89.26777
Batch-4/R3_battery-1,97.1853425385024,89.14046
Batch-4/R3_battery-1,95.96388741370153,89.40735
Batch-4/R3_battery-1,96.12320764737122,83.0041
Batch-4/R3_battery-1,96.54806160382368,79.1078
Batch-4/R3_battery-1,100.79660116834836,89.33234
Batch-4/R3_battery-1,99.15029208709505,89.26774
Batch-4/R3_battery-1,96.9198088157196,89.14041
Batch-4/R3_battery-1,95.69835369091875,89.42264
Batch-4/R3_battery-1,95.80456718003187,81.12478
Batch-4/R3_battery-1,96.22942113648433,79.11191
Batch-4/R3_battery-1,100.3717472118959,89.402466
Batch-4/R3_battery-1,98.99097185342539,89.26774
Batch-4/R3_battery-1,97.07912904938928,89.14041
Batch-4/R3_battery-1,95.85767392458841,89.50392
Batch-4/R3_battery-1,95.96388741370153,81.205986
Batch-4/R3_battery-1,96.28252788104089,79.09822
Batch-4/R3_battery-1,100.5310674455656,89.40123
Batch-4/R3_battery-1,98.99097185342539,89.2665
Batch-4/R3_battery-1,96.9198088157196,89.13919
Batch-4/R3_battery-1,95.69835369091875,89.40898
Batch-4/R3_battery-1,95.85767392458841,81.205986
Batch-4/R3_battery-1,96.17631439192778,79.09822
Batch-4/R3_battery-1,100.42485395645247,89.42886
Batch-4/R3_battery-1,98.88475836431228,89.26008
Batch-4/R3_battery-1,96.9198088157196,89.13277
Batch-4/R3_battery-1,95.7514604354753,89.48668
Batch-4/R3_battery-1,95.80456718003187,81.19956
Batch-4/R3_battery-1,96.07010090281466,79.0847
Batch-4/R3_battery-1,100.47796070100902,89.19774
Batch-4/R3_battery-1,98.88475836431228,89.06301
Batch-4/R3_battery-1,96.81359532660647,88.9357
Batch-4/R3_battery-1,95.48592671269252,89.0473
Batch-4/R3_battery-1,95.59214020180563,81.10444
Batch-4/R3_battery-1,95.85767392458841,79.07486
Batch-4/R3_battery-1,100.26553372278279,89.2318
Batch-4/R3_battery-1,98.7254381306426,89.06301
Batch-4/R3_battery-1,96.6542750929368,88.9357
Batch-4/R3_battery-1,95.22039298990973,88.511795
Batch-4/R3_battery-1,95.3797132235794,81.10444
Batch-4/R3_battery-1,95.80456718003187,79.018814
Batch-4/R3_battery-1,100.21242697822623,89.19774
Batch-4/R3_battery-1,98.67233138608604,89.06301
Batch-4/R3_battery-1,96.54806160382368,88.9357
Batch-4/R3_battery-1,95.22039298990973,88.504166
Batch-4/R3_battery-1,95.43281996813595,81.10444
Batch-4/R3_battery-1,95.69835369091875,79.098755
Batch-4/R3_battery-1,100.21242697822623,89.19774
Batch-4/R3_battery-1,98.56611789697291,89.06301
Batch-4/R3_battery-1,96.38874137015401,88.9357
Batch-4/R3_battery-1,95.1141795007966,88.45677
Batch-4/R3_battery-1,95.27349973446628,81.095726
Batch-4/R3_battery-1,95.53903345724906,79.06616
Batch-4/R3_battery-1,100.05310674455656,89.19774
Batch-4/R3_battery-1,98.51301115241635,89.06301
Batch-4/R3_battery-1,96.44184811471057,88.9357
Batch-4/R3_battery-1,95.27349973446628,88.706314
Batch-4/R3_battery-1,95.3797132235794,81.095726
Batch-4/R3_battery-1,95.59214020180563,79.06616
Batch-4/R3_battery-1,100.21242697822623,89.19774
Batch-4/R3_battery-1,98.61922464152947,89.06301
Batch-4/R3_battery-1,96.44184811471057,88.9357
Batch-4/R3_battery-1,95.1141795007966,88.45677
Batch-4/R3_battery-1,95.27349973446628,81.08744
Batch-4/R3_battery-1,95.43281996813595,79.072495
Batch-4/R3_battery-1,100.05310674455656,89.18945
Batch-4/R3_battery-1,98.51301115241635,89.054726
Batch-4/R3_battery-1,96.44184811471057,88.9274
Batch-4/R3_battery-1,95.1141795007966,88.22972
Batch-4/R3_battery-1,95.27349973446628,81.08744
Batch-4/R3_battery-1,95.43281996813595,78.30745
Batch-4/R3_battery-1,100.10621348911313,89.15622
Batch-4/R3_battery-1,98.4599044078598,89.02149
Batch-4/R3_battery-1,96.33563462559745,88.89418
Batch-4/R3_battery-1,95.00796601168348,88.21196
Batch-4/R3_battery-1,95.1141795007966,81.05561
Batch-4/R3_battery-1,95.27349973446628,78.95955
Batch-4/R3_battery-1,100.0,89.158554
Batch-4/R3_battery-1,98.30058417419012,89.02149
Batch-4/R3_battery-1,96.33563462559745,88.89418
Batch-4/R3_battery-1,95.06107275624004,88.21159
Batch-4/R3_battery-1,95.27349973446628,81.14089
Batch-4/R3_battery-1,95.43281996813595,78.2462
Batch-4/R3_battery-1,100.10621348911313,88.97632
Batch-4/R3_battery-1,98.4599044078598,88.90684
Batch-4/R3_battery-1,96.44184811471057,88.77951
Batch-4/R3_battery-1,95.1141795007966,88.213196
Batch-4/R3_battery-1,95.06107275624004,81.14089
Batch-4/R3_battery-1,95.27349973446628,78.255005
Batch-4/R3_battery-1,100.0,89.041565
Batch-4/R3_battery-1,98.30058417419012,88.90684
Batch-4/R3_battery-1,96.22942113648433,88.77951
Batch-4/R3_battery-1,94.8486457780138,88.29271
Batch-4/R3_battery-1,94.95485926712692,81.09026
Batch-4/R3_battery-1,95.22039298990973,78.29522
Batch-4/R3_battery-1,100.10621348911313,89.039566
Batch-4/R3_battery-1,98.4599044078598,88.90684
Batch-4/R3_battery-1,96.49495485926712,88.77951
Batch-4/R3_battery-1,95.1141795007966,88.428314
Batch-4/R3_battery-1,95.1141795007966,81.12051
Batch-4/R3_battery-1,95.22039298990973,78.27482
Batch-4/R3_battery-1,99.94689325544344,89.039566
Batch-4/R3_battery-1,98.30058417419012,88.90484
Batch-4/R3_battery-1,96.17631439192778,88.77753
Batch-4/R3_battery-1,94.90175252257036,88.212234
Batch-4/R3_battery-1,94.74243228890069,81.146484
Batch-4/R3_battery-1,94.95485926712692,78.21714
Batch-4/R3_battery-1,99.84067976633033,89.059395
Batch-4/R3_battery-1,98.30058417419012,88.899284
Batch-4/R3_battery-1,96.17631439192778,88.77197
Batch-4/R3_battery-1,94.95485926712692,88.21651
Batch-4/R3_battery-1,94.8486457780138,81.13266
Batch-4/R3_battery-1,95.00796601168348,78.22038
Batch-4/R3_battery-1,99.89378651088688,89.01838
Batch-4/R3_battery-1,98.24747742963356,88.89233
Batch-4/R3_battery-1,96.07010090281466,88.765015
Batch-4/R3_battery-1,94.63621879978757,88.4323
Batch-4/R3_battery-1,94.68932554434413,81.13266
Batch-4/R3_battery-1,94.79553903345725,78.19901
Batch-4/R3_battery-1,99.68135953266065,89.05244
Batch-4/R3_battery-1,97.98194370685077,88.89233
Batch-4/R3_battery-1,96.0169941582581,88.765015
Batch-4/R3_battery-1,94.68932554434413,88.398254
Batch-4/R3_battery-1,94.74243228890069,81.13266
Batch-4/R3_battery-1,94.90175252257036,78.19459
Batch-4/R3_battery-1,99.78757302177377,88.94741
Batch-4/R3_battery-1,98.08815719596389,88.89233
Batch-4/R3_battery-1,95.96388741370153,88.765015
Batch-4/R3_battery-1,94.53000531067445,88.37712
Batch-4/R3_battery-1,94.4768985661179,81.06697
Batch-4/R3_battery-1,94.53000531067445,78.14912
Batch-4/R3_battery-1,99.62825278810409,88.989586
Batch-4/R3_battery-1,97.8226234731811,88.86353
Batch-4/R3_battery-1,95.64524694636218,88.736206
Batch-4/R3_battery-1,94.37068507700478,88.36824
Batch-4/R3_battery-1,94.53000531067445,81.04649
Batch-4/R3_battery-1,94.68932554434413,78.184845
Batch-4/R3_battery-1,99.68135953266065,88.991905
Batch-4/R3_battery-1,97.92883696229421,88.86353
Batch-4/R3_battery-1,95.85767392458841,88.736206
Batch-4/R3_battery-1,94.42379182156134,88.30774
Batch-4/R3_battery-1,94.37068507700478,81.03235
Batch-4/R3_battery-1,94.4768985661179,78.09638
Batch-4/R3_battery-1,99.52203929899098,89.02596
Batch-4/R3_battery-1,97.71640998406798,88.86353
Batch-4/R3_battery-1,95.59214020180563,88.736206
Batch-4/R3_battery-1,94.15825809877853,88.42032
Batch-4/R3_battery-1,94.15825809877853,80.91491
Batch-4/R3_battery-1,94.31757833244822,78.08248
Batch-4/R3_battery-1,99.52203929899098,88.991905
Batch-4/R3_battery-1,97.76951672862452,88.86353
Batch-4/R3_battery-1,95.7514604354753,88.736206
Batch-4/R3_battery-1,94.42379182156134,88.3589
Batch-4/R3_battery-1,94.26447158789165,81.00314
Batch-4/R3_battery-1,94.31757833244822,78.141495
Batch-4/R3_battery-1,99.4689325544344,88.989914
Batch-4/R3_battery-1,97.66330323951141,88.86154
Batch-4/R3_battery-1,95.53903345724906,88.736206
Batch-4/R3_battery-1,94.10515135422199,88.73477
Batch-4/R3_battery-1,94.05204460966542,80.8661
Batch-4/R3_battery-1,93.99893786510887,78.03988
Batch-4/R3_battery-1,99.30961232076474,88.98273
Batch-4/R3_battery-1,97.71640998406798,88.84538
Batch-4/R3_battery-1,95.7514604354753,88.723236
Batch-4/R3_battery-1,94.2113648433351,88.26256
Batch-4/R3_battery-1,94.15825809877853,80.93637
Batch-4/R3_battery-1,94.10515135422199,78.04864
Batch-4/R3_battery-1,99.41582580987786,88.95755
Batch-4/R3_battery-1,97.61019649495486,88.82916
Batch-4/R3_battery-1,95.48592671269252,88.707016
Batch-4/R3_battery-1,94.05204460966542,88.73534
Batch-4/R3_battery-1,94.05204460966542,80.9261
Batch-4/R3_battery-1,93.99893786510887,77.9531
Batch-4/R3_battery-1,99.30961232076474,88.9807
Batch-4/R3_battery-1,97.45087626128517,88.81827
Batch-4/R3_battery-1,95.3797132235794,88.69612
Batch-4/R3_battery-1,93.9458311205523,88.69737
Batch-4/R3_battery-1,93.99893786510887,80.79207
Batch-4/R3_battery-1,94.10515135422199,77.95912
Batch-4/R3_battery-1,99.30961232076474,88.954636
Batch-4/R3_battery-1,97.50398300584175,88.792206
Batch-4/R3_battery-1,95.32660647902283,88.67006
Batch-4/R3_battery-1,93.89272437599575,88.72746
Batch-4/R3_battery-1,93.78651088688264,80.69988
Batch-4/R3_battery-1,93.78651088688264,77.86993
Batch-4/R3_battery-1,99.20339883165163,88.91939
Batch-4/R3_battery-1,97.34466277217206,88.791
Batch-4/R3_battery-1,95.22039298990973,88.629654
Batch-4/R3_battery-1,93.73340414232607,88.686264
Batch-4/R3_battery-1,93.68029739776952,80.691795
Batch-4/R3_battery-1,93.68029739776952,77.86572
Batch-4/R3_battery-1,99.15029208709505,88.91884
Batch-4/R3_battery-1,97.34466277217206,88.79045
Batch-4/R3_battery-1,95.22039298990973,88.668304
Batch-4/R3_battery-1,93.68029739776952,88.65042
Batch-4/R3_battery-1,93.5740839086564,80.691795
Batch-4/R3_battery-1,93.62719065321295,77.91285
Batch-4/R3_battery-1,99.09718534253851,88.91884
Batch-4/R3_battery-1,97.1853425385024,88.79045
Batch-4/R3_battery-1,95.00796601168348,88.629105
Batch-4/R3_battery-1,93.46787041954329,88.47275
Batch-4/R3_battery-1,93.3085501858736,80.66959
Batch-4/R3_battery-1,93.36165693043016,77.84054
Batch-4/R3_battery-1,99.04407859798195,88.91884
Batch-4/R3_battery-1,97.13223579394582,88.79045
Batch-4/R3_battery-1,95.00796601168348,88.668304
Batch-4/R3_battery-1,93.5740839086564,88.642395
Batch-4/R3_battery-1,93.36165693043016,80.644356
Batch-4/R3_battery-1,93.36165693043016,77.909645
Batch-4/R3_battery-1,98.99097185342539,88.89961
Batch-4/R3_battery-1,97.07912904938928,88.771225
Batch-4/R3_battery-1,94.90175252257036,88.60031
Batch-4/R3_battery-1,93.3085501858736,88.515
Batch-4/R3_battery-1,93.14922995220392,80.644356
Batch-4/R3_battery-1,93.14922995220392,77.943985
Batch-4/R3_battery-1,98.83165161975572,88.89961
Batch-4/R3_battery-1,96.9198088157196,88.771225
Batch-4/R3_battery-1,94.74243228890069,88.60031
Batch-4/R3_battery-1,93.14922995220392,88.63202
Batch-4/R3_battery-1,93.09612320764737,80.644356
Batch-4/R3_battery-1,93.09612320764737,77.892654
Batch-4/R3_battery-1,98.83165161975572,88.925644
Batch-4/R3_battery-1,96.9198088157196,88.763214
Batch-4/R3_battery-1,94.58311205523101,88.5923
Batch-4/R3_battery-1,92.93680297397769,88.51761
Batch-4/R3_battery-1,92.72437599575146,80.69633
Batch-4/R3_battery-1,92.67126925119491,77.87403
Batch-4/R3_battery-1,98.61922464152947,88.8916
Batch-4/R3_battery-1,96.60116834838024,88.763214
Batch-4/R3_battery-1,94.37068507700478,88.5923
Batch-4/R3_battery-1,92.77748274030803,88.32767
Batch-4/R3_battery-1,92.61816250663834,80.69633
Batch-4/R3_battery-1,92.61816250663834,77.83862
Batch-4/R3_battery-1,98.56611789697291,88.8916
Batch-4/R3_battery-1,96.54806160382368,88.763214
Batch-4/R3_battery-1,94.31757833244822,88.5923
Batch-4/R3_battery-1,92.5650557620818,88.399
Batch-4/R3_battery-1,92.35262878385555,80.69633
Batch-4/R3_battery-1,92.24641529474243,77.93519
Batch-4/R3_battery-1,98.35369091874668,88.8916
Batch-4/R3_battery-1,96.22942113648433,88.763214
Batch-4/R3_battery-1,93.9458311205523,88.5923
Batch-4/R3_battery-1,92.24641529474243,88.02371
Batch-4/R3_battery-1,91.98088157195964,80.69633
Batch-4/R3_battery-1,91.87466808284653,77.83088
Batch-4/R3_battery-1,98.14126394052045,88.8916
Batch-4/R3_battery-1,96.0169941582581,88.763214
Batch-4/R3_battery-1,93.73340414232607,88.582214
Batch-4/R3_battery-1,91.98088157195964,88.38489
Batch-4/R3_battery-1,91.76845459373341,80.68691
Batch-4/R3_battery-1,91.71534784917685,77.891525
Batch-4/R3_battery-1,97.98194370685077,88.82483
Batch-4/R3_battery-1,95.80456718003187,88.73596
Batch-4/R3_battery-1,93.46787041954329,88.452774
Batch-4/R3_battery-1,91.71534784917685,88.69197
Batch-4/R3_battery-1,91.5029208709506,80.66975
Batch-4/R3_battery-1,91.44981412639405,77.82868
Batch-4/R3_battery-1,97.8226234731811,88.80376
Batch-4/R3_battery-1,95.64524694636218,88.71489
Batch-4/R3_battery-1,93.41476367498672,88.4317
Batch-4/R3_battery-1,91.60913436006373,88.859924
Batch-4/R3_battery-1,91.29049389272438,80.26333
Batch-4/R3_battery-1,91.23738714816781,77.82775
Batch-4/R3_battery-1,97.66330323951141,88.837814
Batch-4/R3_battery-1,95.48592671269252,88.67569
Batch-4/R3_battery-1,93.09612320764737,88.4317
Batch-4/R3_battery-1,91.29049389272438,88.84969
Batch-4/R3_battery-1,90.97185342538504,80.26333
Batch-4/R3_battery-1,91.02496016994158,77.82868
Batch-4/R3_battery-1,97.45087626128517,88.837814
Batch-4/R3_battery-1,95.27349973446628,88.67569
Batch-4/R3_battery-1,92.93680297397769,88.4317
Batch-4/R3_battery-1,91.18428040361127,88.92704
Batch-4/R3_battery-1,90.86563993627192,80.26333
Batch-4/R3_battery-1,90.7594264471588,77.79389
Batch-4/R3_battery-1,97.39776951672863,88.83444
Batch-4/R3_battery-1,95.16728624535317,88.67232
Batch-4/R3_battery-1,92.77748274030803,88.4317
Batch-4/R3_battery-1,90.91874668082846,89.29365
Batch-4/R3_battery-1,90.54699946893255,80.218666
Batch-4/R3_battery-1,90.38767923526288,77.78402
Batch-4/R3_battery-1,97.13223579394582,88.69772
Batch-4/R3_battery-1,94.90175252257036,88.55849
Batch-4/R3_battery-1,92.40573552841211,88.39371
Batch-4/R3_battery-1,90.70631970260223,89.23008
Batch-4/R3_battery-1,90.65321295804567,80.218666
Batch-4/R3_battery-1,90.493892724376,77.71676
Batch-4/R3_battery-1,97.1853425385024,88.680725
Batch-4/R3_battery-1,95.06107275624004,88.54881
Batch-4/R3_battery-1,92.51194901752523,88.38986
Batch-4/R3_battery-1,90.65321295804567,89.9488
Batch-4/R3_battery-1,90.28146574614976,80.19187
Batch-4/R3_battery-1,90.06903876792353,77.70902
Batch-4/R3_battery-1,96.86670207116303,88.71524
Batch-4/R3_battery-1,94.63621879978757,88.54196
Batch-4/R3_battery-1,92.14020180562932,88.33244
Batch-4/R3_battery-1,90.12214551248009,90.2127
Batch-4/R3_battery-1,89.80350504514072,80.19187
Batch-4/R3_battery-1,89.75039830058417,77.70902
Batch-4/R3_battery-1,96.6542750929368,88.67003
Batch-4/R3_battery-1,94.58311205523101,88.54196
Batch-4/R3_battery-1,92.19330855018588,88.33244
Batch-4/R3_battery-1,90.12214551248009,90.245415
Batch-4/R3_battery-1,89.64418481147105,80.13038
Batch-4/R3_battery-1,89.48486457780137,77.717865
Batch-4/R3_battery-1,96.44184811471057,88.6812
Batch-4/R3_battery-1,94.2113648433351,88.54196
Batch-4/R3_battery-1,91.71534784917685,88.33244
Batch-4/R3_battery-1,89.59107806691449,90.01107
Batch-4/R3_battery-1,89.00690387679235,80.112114
Batch-4/R3_battery-1,88.90069038767922,77.72298
Batch-4/R3_battery-1,95.96388741370153,88.642166
Batch-4/R3_battery-1,93.9458311205523,88.48503
Batch-4/R3_battery-1,91.44981412639405,88.27551
Batch-4/R3_battery-1,89.3255443441317,89.72254
Batch-4/R3_battery-1,88.688263409453,80.112114
Batch-4/R3_battery-1,88.47583643122677,77.72298
Batch-4/R3_battery-1,95.64524694636218,88.6131
Batch-4/R3_battery-1,93.52097716409983,88.48503
Batch-4/R3_battery-1,90.91874668082846,88.27551
Batch-4/R3_battery-1,88.79447689856612,89.40365
Batch-4/R3_battery-1,88.36962294211365,80.112114
Batch-4/R3_battery-1,88.05098247477429,77.52288
Batch-4/R3_battery-1,95.22039298990973,88.65958
Batch-4/R3_battery-1,92.98990971853425,88.451355
Batch-4/R3_battery-1,90.38767923526288,88.24184
Batch-4/R3_battery-1,88.42272968667021,89.35797
Batch-4/R3_battery-1,88.05098247477429,78.54633
Batch-4/R3_battery-1,87.83855549654805,77.543106
Batch-4/R3_battery-1,94.95485926712692,88.59059
Batch-4/R3_battery-1,92.72437599575146,88.451355
Batch-4/R3_battery-1,90.12214551248009,88.24184
Batch-4/R3_battery-1,87.94476898566117,89.07512
Batch-4/R3_battery-1,87.57302177376528,78.54633
Batch-4/R3_battery-1,87.30748805098247,74.44266
Batch-4/R3_battery-1,94.4768985661179,88.65958
Batch-4/R3_battery-1,92.24641529474243,88.451355
Batch-4/R3_battery-1,89.59107806691449,88.25456
Batch-4/R3_battery-1,87.46680828465216,88.56662
Batch-4/R3_battery-1,86.98884758364312,78.57376
Batch-4/R3_battery-1,86.77642060541689,74.41406
Batch-4/R3_battery-1,94.10515135422199,88.637375
Batch-4/R3_battery-1,91.92777482740308,88.42915
Batch-4/R3_battery-1,89.3255443441317,88.219635
Batch-4/R3_battery-1,87.04195432819968,88.367584
Batch-4/R3_battery-1,86.67020711630377,78.57376
Batch-4/R3_battery-1,86.35156664896442,74.44266
Batch-4/R3_battery-1,93.73340414232607,88.637375
Batch-4/R3_battery-1,91.44981412639405,88.42915
Batch-4/R3_battery-1,88.79447689856612,88.25456
Batch-4/R3_battery-1,86.5108868826341,88.32396
Batch-4/R3_battery-1,86.13913967073819,78.50975
Batch-4/R3_battery-1,85.76739245884227,74.364784
Batch-4/R3_battery-1,93.20233669676048,88.63449
Batch-4/R3_battery-1,91.18428040361127,88.426285
Batch-4/R3_battery-1,88.74137015400956,88.25169
Batch-4/R3_battery-1,86.35156664896442,88.29913
Batch-4/R3_battery-1,85.9798194370685,78.53024
Batch-4/R3_battery-1,85.55496548061605,74.37576
Batch-4/R3_battery-1,92.98990971853425,88.63449
Batch-4/R3_battery-1,90.65321295804567,88.426285
Batch-4/R3_battery-1,88.10408921933086,88.25169
Batch-4/R3_battery-1,85.71428571428572,87.65744
Batch-4/R3_battery-1,85.28943175783324,78.46623
Batch-4/R3_battery-1,84.91768454593733,74.394684
Batch-4/R3_battery-1,92.45884227296868,88.626526
Batch-4/R3_battery-1,90.12214551248009,88.41832
Batch-4/R3_battery-1,87.62612851832182,88.24373
Batch-4/R3_battery-1,85.44875199150293,87.75658
Batch-4/R3_battery-1,85.02389803505045,77.66486
Batch-4/R3_battery-1,84.59904407859798,74.391304
Batch-4/R3_battery-1,92.24641529474243,88.626526
Batch-4/R3_battery-1,89.90971853425386,88.41832
Batch-4/R3_battery-1,87.20127456186935,88.24373
Batch-4/R3_battery-1,84.86457780138078,87.81865
Batch-4/R3_battery-1,84.43972384492831,77.66486
Batch-4/R3_battery-1,83.96176314391927,74.36286
Batch-4/R3_battery-1,91.76845459373341,88.626526
Batch-4/R3_battery-1,89.37865108868827,88.4142
Batch-4/R3_battery-1,86.67020711630377,88.23961
Batch-4/R3_battery-1,84.33351035581519,81.90785
Batch-4/R3_battery-1,83.90865639936273,77.661644
Batch-4/R3_battery-1,83.59001593202336,74.39254
Batch-4/R3_battery-1,91.44981412639405,88.61177
Batch-4/R3_battery-1,89.11311736590547,88.403564
Batch-4/R3_battery-1,86.5108868826341,88.22897
Batch-4/R3_battery-1,84.1741901221455,81.62632
Batch-4/R3_battery-1,83.74933616569305,77.661644
Batch-4/R3_battery-1,83.21826872012745,74.29378
Batch-4/R3_battery-1,91.1311736590547,88.38492
Batch-4/R3_battery-1,88.74137015400956,88.40022
Batch-4/R3_battery-1,85.92671269251196,87.96365
Batch-4/R3_battery-1,83.64312267657994,81.4091
Batch-4/R3_battery-1,83.11205523101434,77.654335
Batch-4/R3_battery-1,82.68720127456186,72.54068
Batch-4/R3_battery-1,90.65321295804567,88.59206
Batch-4/R3_battery-1,88.21030270844398,88.38385
Batch-4/R3_battery-1,85.44875199150293,87.94728
Batch-4/R3_battery-1,83.21826872012745,81.41615
Batch-4/R3_battery-1,82.84652150823155,77.64449
Batch-4/R3_battery-1,82.20924057355285,72.566284
Batch-4/R3_battery-1,90.33457249070632,88.59714
Batch-4/R3_battery-1,88.05098247477429,88.38385
Batch-4/R3_battery-1,85.23632501327668,87.95009
Batch-4/R3_battery-1,82.8996282527881,81.03026
Batch-4/R3_battery-1,82.31545406266596,67.08065
Batch-4/R3_battery-1,81.67817312798725,72.50556
Batch-4/R3_battery-1,89.90971853425386,88.58653
Batch-4/R3_battery-1,87.5199150292087,88.373245
Batch-4/R3_battery-1,84.59904407859798,87.73697
Batch-4/R3_battery-1,82.15613382899627,80.99721
Batch-4/R3_battery-1,81.73127987254381,67.01556
Batch-4/R3_battery-1,81.09399893786511,72.51053
Batch-4/R3_battery-1,89.48486457780137,88.57579
Batch-4/R3_battery-1,87.20127456186935,88.3625
Batch-4/R3_battery-1,84.49283058948485,87.91171
Batch-4/R3_battery-1,82.10302708443973,80.65149
Batch-4/R3_battery-1,81.57195963887413,67.00121
Batch-4/R3_battery-1,80.77535847052575,72.439705
Batch-4/R3_battery-1,89.06001062134892,88.50871
Batch-4/R3_battery-1,86.72331386086033,88.34828
Batch-4/R3_battery-1,83.85554965480615,87.71707
Batch-4/R3_battery-1,81.46574614976102,80.72922
Batch-4/R3_battery-1,80.93467870419543,66.864456
Batch-4/R3_battery-1,80.19118428040362,72.439705
Batch-4/R3_battery-1,88.63515666489644,88.50871
Batch-4/R3_battery-1,86.19224641529473,88.34828
Batch-4/R3_battery-1,83.59001593202336,87.71707
Batch-4/R3_battery-1,81.09399893786511,79.971344
Batch-4/R3_battery-1,80.7222517259692,66.864456
Batch-4/R3_battery-1,79.97875730217737,73.025314
Batch-4/R3_battery-1,88.52894317578333,88.56157
Batch-4/R3_battery-1,86.19224641529473,88.34828
Batch-4/R3_battery-1,83.48380244291025,87.91678
Batch-4/R3_battery-1,80.88157195963886,79.88667
Batch-4/R3_battery-1,80.29739776951673,66.864456
Batch-4/R3_battery-1,79.39458311205524,73.025314
Batch-4/R3_battery-1,88.05098247477429,88.56157
Batch-4/R3_battery-1,85.82049920339884,88.33722
Batch-4/R3_battery-1,83.11205523101434,87.90573
Batch-4/R3_battery-1,80.4567180031864,79.45929
Batch-4/R3_battery-1,79.87254381306425,66.864456
Batch-4/R3_battery-1,79.12904938927244,73.025314
Batch-4/R3_battery-1,87.46680828465216,88.449554
Batch-4/R3_battery-1,85.13011152416357,88.32851
Batch-4/R3_battery-1,82.58098778544874,87.697296
Batch-4/R3_battery-1,79.87254381306425,79.44918
Batch-4/R3_battery-1,79.18215613382901,66.846176
Batch-4/R3_battery-1,78.22623473181093,62.031445
Batch-4/R3_battery-1,87.09506107275622,88.528076
Batch-4/R3_battery-1,84.7052575677111,88.31479
Batch-4/R3_battery-1,81.78438661710037,87.68359
Batch-4/R3_battery-1,79.28836962294213,79.44073
Batch-4/R3_battery-1,78.70419543281997,66.846176
Batch-4/R3_battery-1,77.80138077535848,57.23728
Batch-4/R3_battery-1,86.72331386086033,88.467896
Batch-4/R3_battery-1,84.28040361125862,88.307465
Batch-4/R3_battery-1,81.83749336165693,87.87596
Batch-4/R3_battery-1,79.07594264471588,79.31397
Batch-4/R3_battery-1,78.27934147636749,66.842804
Batch-4/R3_battery-1,77.42963356346254,57.76946
Batch-4/R3_battery-1,86.35156664896442,88.21576
Batch-4/R3_battery-1,84.01486988847584,88.09471
Batch-4/R3_battery-1,81.25331917153478,87.46352
Batch-4/R3_battery-1,78.49176845459374,79.27981
Batch-4/R3_battery-1,77.74827403080191,66.52818
Batch-4/R3_battery-1,76.68613913967074,57.760414
Batch-4/R3_battery-1,85.87360594795538,88.21335
Batch-4/R3_battery-1,83.6962294211365,88.09738
Batch-4/R3_battery-1,81.25331917153478,87.66081
Batch-4/R3_battery-1,78.38555496548062,79.27981
Batch-4/R3_battery-1,77.69516728624536,66.58563
Batch-4/R3_battery-1,76.42060541688794,57.816204
Batch-4/R3_battery-1,85.44875199150293,88.23892
Batch-4/R3_battery-1,83.1651619755709,88.08356
Batch-4/R3_battery-1,80.29739776951673,86.76213
Batch-4/R3_battery-1,77.53584705257568,78.967766
Batch-4/R3_battery-1,76.7392458842273,66.515976
Batch-4/R3_battery-1,75.51779075942645,57.766224
Batch-4/R3_battery-1,84.86457780138078,87.99321
Batch-4/R3_battery-2,105.77636459989401,99.8738
Batch-4/R3_battery-2,100.0,99.71908
Batch-4/R3_battery-2,97.6682564917859,99.73901
Batch-4/R3_battery-2,96.50238473767885,98.47308
Batch-4/R3_battery-2,97.13831478537361,85.15563
Batch-4/R3_battery-2,98.78113407525173,80.28732
Batch-4/R3_battery-2,100.5299417064123,97.50132
Batch-4/R3_battery-2,101.8018018018018,97.48685
Batch-4/R3_battery-2,99.41706412294647,97.56283
Batch-4/R3_battery-2,97.8272390037096,97.377075
Batch-4/R3_battery-2,98.03921568627452,84.8343
Batch-4/R3_battery-2,99.68203497615262,80.29962
Batch-4/R3_battery-2,101.85479597244303,97.014496
Batch-4/R3_battery-2,102.80869104398516,96.77704
Batch-4/R3_battery-2,100.47694753577106,97.08674
Batch-4/R3_battery-2,99.0990990990991,97.22814
Batch-4/R3_battery-2,99.4700582935877,84.03541
Batch-4/R3_battery-2,100.47694753577106,79.92644
Batch-4/R3_battery-2,102.86168521462639,97.06094
Batch-4/R3_battery-2,103.49761526232115,96.77704
Batch-4/R3_battery-2,101.27186009538951,96.94167
Batch-4/R3_battery-2,99.94700582935876,97.2053
Batch-4/R3_battery-2,100.26497085320614,83.54633
Batch-4/R3_battery-2,101.00688924218335,79.91227
Batch-4/R3_battery-2,103.60360360360362,96.893196
Batch-4/R3_battery-2,104.02755696873345,96.52661
Batch-4/R3_battery-2,101.8018018018018,96.800735
Batch-4/R3_battery-2,100.47694753577106,96.90299
Batch-4/R3_battery-2,100.74191838897721,84.501686
Batch-4/R3_battery-2,101.21886592474827,79.86554
Batch-4/R3_battery-2,104.08055113937466,96.854126
Batch-4/R3_battery-2,104.23953365129836,96.55487
Batch-4/R3_battery-2,102.11976682564918,96.800735
Batch-4/R3_battery-2,100.79491255961844,96.73704
Batch-4/R3_battery-2,101.05988341282459,84.487404
Batch-4/R3_battery-2,101.37784843667197,79.84223
Batch-4/R3_battery-2,104.39851616322204,96.2108
Batch-4/R3_battery-2,104.45151033386328,95.940636
Batch-4/R3_battery-2,102.27874933757286,96.086685
Batch-4/R3_battery-2,101.1128775834658,96.46698
Batch-4/R3_battery-2,101.21886592474827,84.37072
Batch-4/R3_battery-2,101.43084260731318,79.62033
Batch-4/R3_battery-2,104.6634870164282,95.423615
Batch-4/R3_battery-2,104.5045045045045,95.36991
Batch-4/R3_battery-2,102.49072602013779,95.50772
Batch-4/R3_battery-2,101.16587175410704,95.94745
Batch-4/R3_battery-2,101.27186009538951,84.15853
Batch-4/R3_battery-2,101.43084260731318,79.423386
Batch-4/R3_battery-2,104.71648118706942,95.45438
Batch-4/R3_battery-2,104.45151033386328,95.33674
Batch-4/R3_battery-2,102.54372019077903,95.57364
Batch-4/R3_battery-2,101.43084260731318,95.404175
Batch-4/R3_battery-2,101.48383677795442,84.04754
Batch-4/R3_battery-2,101.43084260731318,79.33543
Batch-4/R3_battery-2,104.82246952835187,94.901505
Batch-4/R3_battery-2,104.39851616322204,94.2709
Batch-4/R3_battery-2,102.38473767885532,94.51604
Batch-4/R3_battery-2,101.1128775834658,94.7645
Batch-4/R3_battery-2,101.27186009538951,84.10779
Batch-4/R3_battery-2,101.32485426603073,79.339005
Batch-4/R3_battery-2,104.76947535771066,93.357346
Batch-4/R3_battery-2,104.39851616322204,92.87348
Batch-4/R3_battery-2,102.43773184949656,93.11862
Batch-4/R3_battery-2,101.16587175410704,93.49502
Batch-4/R3_battery-2,101.32485426603073,83.206665
Batch-4/R3_battery-2,101.21886592474827,79.347565
Batch-4/R3_battery-2,104.92845786963434,92.713135
Batch-4/R3_battery-2,104.34552199258083,92.506294
Batch-4/R3_battery-2,102.3317435082141,92.72797
Batch-4/R3_battery-2,101.1128775834658,93.11347
Batch-4/R3_battery-2,101.32485426603073,83.85591
Batch-4/R3_battery-2,101.21886592474827,79.31485
Batch-4/R3_battery-2,104.82246952835187,92.538666
Batch-4/R3_battery-2,104.18653948065713,92.387856
Batch-4/R3_battery-2,102.43773184949656,92.632996
Batch-4/R3_battery-2,101.32485426603073,92.96107
Batch-4/R3_battery-2,101.48383677795442,83.79566
Batch-4/R3_battery-2,101.32485426603073,79.24789
Batch-4/R3_battery-2,105.0344462109168,92.50078
Batch-4/R3_battery-2,104.34552199258083,92.43644
Batch-4/R3_battery-2,102.43773184949656,92.533905
Batch-4/R3_battery-2,101.27186009538951,92.91477
Batch-4/R3_battery-2,101.37784843667197,83.79566
Batch-4/R3_battery-2,101.21886592474827,79.31127
Batch-4/R3_battery-2,104.87546369899312,92.48854
Batch-4/R3_battery-2,104.18653948065713,92.396095
Batch-4/R3_battery-2,102.3317435082141,92.641975
Batch-4/R3_battery-2,101.16587175410704,92.90653
Batch-4/R3_battery-2,101.32485426603073,82.90719
Batch-4/R3_battery-2,101.16587175410704,79.31127
Batch-4/R3_battery-2,105.08744038155804,92.50253
Batch-4/R3_battery-2,104.29252782193959,92.42682
Batch-4/R3_battery-2,102.27874933757286,92.4216
Batch-4/R3_battery-2,101.00688924218335,92.90653
Batch-4/R3_battery-2,101.21886592474827,82.93604
Batch-4/R3_battery-2,100.95389507154214,79.327705
Batch-4/R3_battery-2,104.6634870164282,91.9379
Batch-4/R3_battery-2,104.02755696873345,91.85618
Batch-4/R3_battery-2,102.06677265500794,91.37316
Batch-4/R3_battery-2,100.9009009009009,91.905464
Batch-4/R3_battery-2,101.00688924218335,82.88751
Batch-4/R3_battery-2,100.84790673025967,79.193726
Batch-4/R3_battery-2,104.6634870164282,90.5182
Batch-4/R3_battery-2,103.97456279809221,90.34167
Batch-4/R3_battery-2,102.1727609962904,90.53325
Batch-4/R3_battery-2,100.84790673025967,90.98059
Batch-4/R3_battery-2,101.00688924218335,82.82243
Batch-4/R3_battery-2,100.84790673025967,79.185165
Batch-4/R3_battery-2,104.61049284578696,90.5182
Batch-4/R3_battery-2,103.76258611552728,90.34167
Batch-4/R3_battery-2,101.8018018018018,90.54364
Batch-4/R3_battery-2,100.5299417064123,91.02187
Batch-4/R3_battery-2,100.68892421833597,82.534164
Batch-4/R3_battery-2,100.5299417064123,79.20508
Batch-4/R3_battery-2,104.61049284578696,90.49989
Batch-4/R3_battery-2,103.921568627451,90.34167
Batch-4/R3_battery-2,102.01377848436672,90.43414
Batch-4/R3_battery-2,100.84790673025967,91.06028
Batch-4/R3_battery-2,100.84790673025967,82.72298
Batch-4/R3_battery-2,100.63593004769476,79.16831
Batch-4/R3_battery-2,104.61049284578696,90.52583
Batch-4/R3_battery-2,103.76258611552728,90.34167
Batch-4/R3_battery-2,101.90779014308427,90.5337
Batch-4/R3_battery-2,100.74191838897721,91.037224
Batch-4/R3_battery-2,100.79491255961844,82.72298
Batch-4/R3_battery-2,100.5299417064123,79.16831
Batch-4/R3_battery-2,104.5045045045045,90.520676
Batch-4/R3_battery-2,103.76258611552728,90.417305
Batch-4/R3_battery-2,102.06677265500794,90.43414
Batch-4/R3_battery-2,100.84790673025967,91.06028
Batch-4/R3_battery-2,100.95389507154214,82.7331
Batch-4/R3_battery-2,100.58293587705352,79.08816
Batch-4/R3_battery-2,104.61049284578696,90.45836
Batch-4/R3_battery-2,103.76258611552728,90.34991
Batch-4/R3_battery-2,101.96078431372548,90.43459
Batch-4/R3_battery-2,100.74191838897721,91.06028
Batch-4/R3_battery-2,100.74191838897721,82.742615
Batch-4/R3_battery-2,100.5299417064123,78.97363
Batch-4/R3_battery-2,104.55749867514574,90.52583
Batch-4/R3_battery-2,103.65659777424483,90.34167
Batch-4/R3_battery-2,101.85479597244303,90.51023
Batch-4/R3_battery-2,100.74191838897721,90.98706
Batch-4/R3_battery-2,100.74191838897721,82.6297
Batch-4/R3_battery-2,100.47694753577106,78.95798
Batch-4/R3_battery-2,104.55749867514574,90.47571
Batch-4/R3_battery-2,103.70959194488607,90.34991
Batch-4/R3_battery-2,101.96078431372548,90.458786
Batch-4/R3_battery-2,100.74191838897721,90.972084
Batch-4/R3_battery-2,100.68892421833597,82.56482
Batch-4/R3_battery-2,100.42395336512983,78.946434
Batch-4/R3_battery-2,104.45151033386328,90.50262
Batch-4/R3_battery-2,103.49761526232115,90.31845
Batch-4/R3_battery-2,101.6428192898781,90.51945
Batch-4/R3_battery-2,100.63593004769476,90.963844
Batch-4/R3_battery-2,100.63593004769476,82.580475
Batch-4/R3_battery-2,100.42395336512983,78.88978
Batch-4/R3_battery-2,104.55749867514574,90.42948
Batch-4/R3_battery-2,103.65659777424483,90.3289
Batch-4/R3_battery-2,101.8018018018018,90.42136
Batch-4/R3_battery-2,100.79491255961844,90.96308
Batch-4/R3_battery-2,100.63593004769476,82.53515
Batch-4/R3_battery-2,100.37095919448859,78.88758
Batch-4/R3_battery-2,104.45151033386328,90.446815
Batch-4/R3_battery-2,103.49761526232115,90.31203
Batch-4/R3_battery-2,101.69581346051935,90.39671
Batch-4/R3_battery-2,100.5299417064123,90.96308
Batch-4/R3_battery-2,100.47694753577106,82.56653
Batch-4/R3_battery-2,100.21197668256492,78.90725
Batch-4/R3_battery-2,104.45151033386328,90.446815
Batch-4/R3_battery-2,103.76258611552728,90.33589
Batch-4/R3_battery-2,102.1727609962904,90.45412
Batch-4/R3_battery-2,100.95389507154214,91.36261
Batch-4/R3_battery-2,100.79491255961844,82.47858
Batch-4/R3_battery-2,100.37095919448859,78.89237
Batch-4/R3_battery-2,104.55749867514574,90.43478
Batch-4/R3_battery-2,103.65659777424483,90.352356
Batch-4/R3_battery-2,102.01377848436672,90.43843
Batch-4/R3_battery-2,100.74191838897721,91.2861
Batch-4/R3_battery-2,100.68892421833597,82.47178
Batch-4/R3_battery-2,100.26497085320614,78.89245
Batch-4/R3_battery-2,104.5045045045045,90.40072
Batch-4/R3_battery-2,103.60360360360362,90.352356
Batch-4/R3_battery-2,101.96078431372548,90.43637
Batch-4/R3_battery-2,100.74191838897721,91.25383
Batch-4/R3_battery-2,100.68892421833597,82.5209
Batch-4/R3_battery-2,100.21197668256492,78.908806
Batch-4/R3_battery-2,104.45151033386328,90.4051
Batch-4/R3_battery-2,103.4446210916799,90.35724
Batch-4/R3_battery-2,101.74880763116056,90.42136
Batch-4/R3_battery-2,100.58293587705352,90.96308
Batch-4/R3_battery-2,100.47694753577106,82.538155
Batch-4/R3_battery-2,100.05299417064121,78.88978
Batch-4/R3_battery-2,104.29252782193959,90.43301
Batch-4/R3_battery-2,103.33863275039745,90.33589
Batch-4/R3_battery-2,101.6428192898781,90.42136
Batch-4/R3_battery-2,100.42395336512983,90.95484
Batch-4/R3_battery-2,100.37095919448859,82.538155
Batch-4/R3_battery-2,99.94700582935876,78.891594
Batch-4/R3_battery-2,104.23953365129836,90.41277
Batch-4/R3_battery-2,103.232644409115,90.31203
Batch-4/R3_battery-2,101.53683094859565,90.42136
Batch-4/R3_battery-2,100.26497085320614,90.95484
Batch-4/R3_battery-2,100.21197668256492,82.54705
Batch-4/R3_battery-2,99.8410174880763,78.91965
Batch-4/R3_battery-2,104.08055113937466,90.45774
Batch-4/R3_battery-2,103.12665606783253,90.30379
Batch-4/R3_battery-2,101.37784843667197,90.39671
Batch-4/R3_battery-2,100.10598834128245,90.85511
Batch-4/R3_battery-2,100.10598834128245,82.47842
Batch-4/R3_battery-2,99.78802331743508,78.834
Batch-4/R3_battery-2,104.02755696873345,90.451225
Batch-4/R3_battery-2,103.07366189719131,90.292114
Batch-4/R3_battery-2,101.32485426603073,90.40968
Batch-4/R3_battery-2,100.05299417064121,90.84702
Batch-4/R3_battery-2,100.05299417064121,82.47219
Batch-4/R3_battery-2,99.68203497615262,78.87686
Batch-4/R3_battery-2,103.97456279809221,90.443596
Batch-4/R3_battery-2,102.91467938526762,90.292114
Batch-4/R3_battery-2,101.16587175410704,90.48413
Batch-4/R3_battery-2,99.8410174880763,90.87595
Batch-4/R3_battery-2,99.8410174880763,82.50186
Batch-4/R3_battery-2,99.4700582935877,78.89157
Batch-4/R3_battery-2,103.81558028616853,90.43017
Batch-4/R3_battery-2,102.7027027027027,90.391205
Batch-4/R3_battery-2,100.95389507154214,90.46353
Batch-4/R3_battery-2,99.6290408055114,90.89103
Batch-4/R3_battery-2,99.68203497615262,82.49077
Batch-4/R3_battery-2,99.31107578166403,78.84418
Batch-4/R3_battery-2,103.65659777424483,90.37129
Batch-4/R3_battery-2,102.54372019077903,90.370605
Batch-4/R3_battery-2,100.68892421833597,90.61258
Batch-4/R3_battery-2,99.36406995230524,90.79372
Batch-4/R3_battery-2,99.41706412294647,82.178085
Batch-4/R3_battery-2,99.15209326974033,78.84585
Batch-4/R3_battery-2,103.4446210916799,90.34297
Batch-4/R3_battery-2,102.3317435082141,90.5094
Batch-4/R3_battery-2,100.42395336512983,90.644714
Batch-4/R3_battery-2,99.0990990990991,90.662796
Batch-4/R3_battery-2,99.0990990990991,82.27205
Batch-4/R3_battery-2,98.8871224165342,79.137024
Batch-4/R3_battery-2,103.17965023847377,90.45148
Batch-4/R3_battery-2,102.06677265500794,90.598206
Batch-4/R3_battery-2,100.15898251192368,89.21296
Batch-4/R3_battery-2,98.72813990461049,89.93465
Batch-4/R3_battery-2,98.78113407525173,83.10675
Batch-4/R3_battery-2,98.62215156332803,78.898254
Batch-4/R3_battery-2,102.86168521462639,90.46142
Batch-4/R3_battery-2,101.6428192898781,89.22345
Batch-4/R3_battery-2,99.73502914679383,89.18618
Batch-4/R3_battery-2,98.25119236883944,89.17461
Batch-4/R3_battery-2,98.30418653948065,83.103615
Batch-4/R3_battery-2,98.1981981981982,78.94699
Batch-4/R3_battery-2,102.54372019077903,90.6291
Batch-4/R3_battery-2,101.21886592474827,89.31351
Batch-4/R3_battery-2,99.20508744038156,89.18618
Batch-4/R3_battery-2,97.8272390037096,89.102936
Batch-4/R3_battery-2,97.93322734499206,83.10526
Batch-4/R3_battery-2,97.93322734499206,79.14757
Batch-4/R3_battery-2,102.1727609962904,89.60887
Batch-4/R3_battery-2,100.9009009009009,89.31351
Batch-4/R3_battery-2,98.8871224165342,89.18618
Batch-4/R3_battery-2,97.56226815050344,89.14334
Batch-4/R3_battery-2,97.56226815050344,83.10526
Batch-4/R3_battery-2,97.6682564917859,79.1322
Batch-4/R3_battery-2,101.96078431372548,89.40439
Batch-4/R3_battery-2,100.74191838897721,89.31351
Batch-4/R3_battery-2,98.67514573396927,89.18618
Batch-4/R3_battery-2,97.35029146793852,89.22716
Batch-4/R3_battery-2,97.45627980922097,83.10526
Batch-4/R3_battery-2,97.50927397986221,79.13327
Batch-4/R3_battery-2,101.85479597244303,89.40439
Batch-4/R3_battery-2,100.5299417064123,89.31351
Batch-4/R3_battery-2,98.41017488076311,89.143845
Batch-4/R3_battery-2,97.08532061473238,89.10938
Batch-4/R3_battery-2,97.19130895601484,83.10526
Batch-4/R3_battery-2,97.24430312665606,79.12074
Batch-4/R3_battery-2,101.6428192898781,89.36981
Batch-4/R3_battery-2,100.37095919448859,89.31351
Batch-4/R3_battery-2,98.25119236883944,89.14046
Batch-4/R3_battery-2,96.97933227344993,89.166756
Batch-4/R3_battery-2,97.03232644409114,81.21557
Batch-4/R3_battery-2,97.08532061473238,78.933105
Batch-4/R3_battery-2,101.48383677795442,89.366425
Batch-4/R3_battery-2,100.15898251192368,89.26777
Batch-4/R3_battery-2,97.98622151563328,89.14046
Batch-4/R3_battery-2,96.71436142024376,89.27689
Batch-4/R3_battery-2,96.767355590885,81.21557
Batch-4/R3_battery-2,96.87334393216747,78.94446
Batch-4/R3_battery-2,101.32485426603073,89.43739
Batch-4/R3_battery-2,100.0,89.26777
Batch-4/R3_battery-2,97.93322734499206,89.14046
Batch-4/R3_battery-2,96.6083730789613,89.47837
Batch-4/R3_battery-2,96.71436142024376,81.21557
Batch-4/R3_battery-2,96.71436142024376,78.23074
Batch-4/R3_battery-2,101.32485426603073,89.40335
Batch-4/R3_battery-2,99.89401165871755,89.26777
Batch-4/R3_battery-2,97.77424483306835,89.14046
Batch-4/R3_battery-2,96.39639639639638,89.6701
Batch-4/R3_battery-2,96.44939056703763,81.13027
Batch-4/R3_battery-2,96.50238473767885,78.23074
Batch-4/R3_battery-2,101.00688924218335,89.40335
Batch-4/R3_battery-2,99.73502914679383,89.26777
Batch-4/R3_battery-2,97.72125066242714,89.14046
Batch-4/R3_battery-2,96.34340222575517,89.6701
Batch-4/R3_battery-2,96.39639639639638,81.21557
Batch-4/R3_battery-2,96.50238473767885,78.40808
Batch-4/R3_battery-2,101.05988341282459,89.40335
Batch-4/R3_battery-2,99.57604663487017,89.26777
Batch-4/R3_battery-2,97.45627980922097,89.14046
Batch-4/R3_battery-2,96.02543720190779,89.89892
Batch-4/R3_battery-2,96.078431372549,81.13027
Batch-4/R3_battery-2,96.13142554319025,78.21447
Batch-4/R3_battery-2,100.68892421833597,89.40335
Batch-4/R3_battery-2,99.20508744038156,89.26777
Batch-4/R3_battery-2,97.45627980922097,89.14046
Batch-4/R3_battery-2,96.13142554319025,90.137794
Batch-4/R3_battery-2,96.23741388447272,81.21557
Batch-4/R3_battery-2,96.13142554319025,78.223785
Batch-4/R3_battery-2,100.74191838897721,89.47232
Batch-4/R3_battery-2,99.36406995230524,89.26777
Batch-4/R3_battery-2,97.40328563857976,89.14046
Batch-4/R3_battery-2,95.8664546899841,89.965355
Batch-4/R3_battery-2,95.8664546899841,81.13027
Batch-4/R3_battery-2,95.8664546899841,78.24954
Batch-4/R3_battery-2,100.5299417064123,89.47229
Batch-4/R3_battery-2,99.0990990990991,89.26774
Batch-4/R3_battery-2,96.767355590885,89.14041
Batch-4/R3_battery-2,95.4954954954955,89.55228
Batch-4/R3_battery-2,95.76046634870164,81.12478
Batch-4/R3_battery-2,95.81346051934287,78.229645
Batch-4/R3_battery-2,100.58293587705352,89.47229
Batch-4/R3_battery-2,99.20508744038156,89.26774
Batch-4/R3_battery-2,97.03232644409114,89.14041
Batch-4/R3_battery-2,95.60148383677796,89.48938
Batch-4/R3_battery-2,95.81346051934287,81.120705
Batch-4/R3_battery-2,95.70747217806041,78.225555
Batch-4/R3_battery-2,100.47694753577106,89.471054
Batch-4/R3_battery-2,99.04610492845786,89.2665
Batch-4/R3_battery-2,96.92633810280869,89.13919
Batch-4/R3_battery-2,95.54848966613672,89.527374
Batch-4/R3_battery-2,95.70747217806041,81.120705
Batch-4/R3_battery-2,95.65447800741917,78.21422
Batch-4/R3_battery-2,100.5299417064123,89.37239
Batch-4/R3_battery-2,98.99311075781665,89.26008
Batch-4/R3_battery-2,96.97933227344993,89.13277
Batch-4/R3_battery-2,95.54848966613672,89.20917
Batch-4/R3_battery-2,95.65447800741917,81.11428
Batch-4/R3_battery-2,95.4954954954955,78.268524
Batch-4/R3_battery-2,100.31796502384738,89.26756
Batch-4/R3_battery-2,98.83412824589296,89.06301
Batch-4/R3_battery-2,96.767355590885,88.9357
Batch-4/R3_battery-2,95.28351881293058,89.15851
Batch-4/R3_battery-2,95.38950715421304,81.13909
Batch-4/R3_battery-2,95.33651298357181,78.16949
Batch-4/R3_battery-2,100.21197668256492,89.26756
Batch-4/R3_battery-2,98.72813990461049,89.06301
Batch-4/R3_battery-2,96.6083730789613,88.9357
Batch-4/R3_battery-2,95.23052464228935,88.85585
Batch-4/R3_battery-2,95.28351881293058,81.13909
Batch-4/R3_battery-2,95.23052464228935,78.292175
Batch-4/R3_battery-2,100.10598834128245,89.26756
Batch-4/R3_battery-2,98.67514573396927,89.06301
Batch-4/R3_battery-2,96.66136724960255,88.9357
Batch-4/R3_battery-2,95.17753047164813,88.64609
Batch-4/R3_battery-2,95.17753047164813,81.13909
Batch-4/R3_battery-2,95.12453630100688,78.292175
Batch-4/R3_battery-2,100.0,89.26756
Batch-4/R3_battery-2,98.46316905140435,89.06301
Batch-4/R3_battery-2,96.50238473767885,88.9357
Batch-4/R3_battery-2,95.12453630100688,88.55742
Batch-4/R3_battery-2,95.12453630100688,81.13038
Batch-4/R3_battery-2,95.12453630100688,78.45975
Batch-4/R3_battery-2,100.10598834128245,89.17532
Batch-4/R3_battery-2,98.51616322204558,89.06301
Batch-4/R3_battery-2,96.6083730789613,88.9357
Batch-4/R3_battery-2,95.17753047164813,88.64609
Batch-4/R3_battery-2,95.12453630100688,81.13038
Batch-4/R3_battery-2,95.07154213036566,78.45122
Batch-4/R3_battery-2,99.94700582935876,89.26756
Batch-4/R3_battery-2,98.41017488076311,89.06301
Batch-4/R3_battery-2,96.39639639639638,88.9357
Batch-4/R3_battery-2,95.07154213036566,88.64609
Batch-4/R3_battery-2,95.12453630100688,81.12209
Batch-4/R3_battery-2,94.91255961844197,78.433655
Batch-4/R3_battery-2,99.94700582935876,89.16704
Batch-4/R3_battery-2,98.41017488076311,89.054726
Batch-4/R3_battery-2,96.39639639639638,88.9274
Batch-4/R3_battery-2,95.07154213036566,88.68387
Batch-4/R3_battery-2,94.9655537890832,81.12209
Batch-4/R3_battery-2,94.8065712771595,78.401825
Batch-4/R3_battery-2,99.89401165871755,89.1732
Batch-4/R3_battery-2,98.30418653948065,89.02149
Batch-4/R3_battery-2,96.23741388447272,88.89418
Batch-4/R3_battery-2,94.9655537890832,88.223114
Batch-4/R3_battery-2,94.85956544780075,81.09026
Batch-4/R3_battery-2,94.70058293587705,78.401825
Batch-4/R3_battery-2,99.94700582935876,88.93118
Batch-4/R3_battery-2,98.46316905140435,89.02149
Batch-4/R3_battery-2,96.39639639639638,88.89418
Batch-4/R3_battery-2,95.07154213036566,88.53676
Batch-4/R3_battery-2,94.9655537890832,81.175545
Batch-4/R3_battery-2,94.75357710651828,78.42572
Batch-4/R3_battery-2,99.89401165871755,88.85214
Batch-4/R3_battery-2,98.3571807101219,88.90684
Batch-4/R3_battery-2,96.23741388447272,88.77951
Batch-4/R3_battery-2,94.8065712771595,88.02678
Batch-4/R3_battery-2,94.75357710651828,81.09026
Batch-4/R3_battery-2,94.54160042395337,78.401825
Batch-4/R3_battery-2,99.73502914679383,89.05853
Batch-4/R3_battery-2,98.3571807101219,88.90684
Batch-4/R3_battery-2,96.34340222575517,88.77951
Batch-4/R3_battery-2,95.01854795972443,88.211716
Batch-4/R3_battery-2,94.9655537890832,81.175545
Batch-4/R3_battery-2,94.64758876523582,78.34891
Batch-4/R3_battery-2,99.8410174880763,88.74556
Batch-4/R3_battery-2,98.25119236883944,88.90684
Batch-4/R3_battery-2,96.18441971383147,88.77951
Batch-4/R3_battery-2,94.8065712771595,87.97264
Batch-4/R3_battery-2,94.64758876523582,81.15516
Batch-4/R3_battery-2,94.48860625331214,78.34245
Batch-4/R3_battery-2,99.6290408055114,89.01715
Batch-4/R3_battery-2,98.09220985691573,88.90484
Batch-4/R3_battery-2,96.18441971383147,88.77753
Batch-4/R3_battery-2,94.75357710651828,88.186966
Batch-4/R3_battery-2,94.70058293587705,81.146484
Batch-4/R3_battery-2,94.48860625331214,78.33623
Batch-4/R3_battery-2,99.6290408055114,88.72933
Batch-4/R3_battery-2,98.14520402755697,88.899284
Batch-4/R3_battery-2,96.078431372549,88.77197
Batch-4/R3_battery-2,94.64758876523582,88.14209
Batch-4/R3_battery-2,94.54160042395337,81.13266
Batch-4/R3_battery-2,94.27662957074722,78.309166
Batch-4/R3_battery-2,99.52305246422894,89.0882
Batch-4/R3_battery-2,97.88023317435082,88.89233
Batch-4/R3_battery-2,95.81346051934287,88.765015
Batch-4/R3_battery-2,94.48860625331214,88.168335
Batch-4/R3_battery-2,94.5945945945946,81.0395
Batch-4/R3_battery-2,94.27662957074722,78.30354
Batch-4/R3_battery-2,99.57604663487017,88.995964
Batch-4/R3_battery-2,97.98622151563328,88.89233
Batch-4/R3_battery-2,95.91944886062534,88.765015
Batch-4/R3_battery-2,94.48860625331214,88.13513
Batch-4/R3_battery-2,94.38261791202967,81.0395
Batch-4/R3_battery-2,94.11764705882352,78.30559
Batch-4/R3_battery-2,99.41706412294647,88.995964
Batch-4/R3_battery-2,97.72125066242714,88.89233
Batch-4/R3_battery-2,95.65447800741917,88.765015
Batch-4/R3_battery-2,94.17064122946476,88.202515
Batch-4/R3_battery-2,94.17064122946476,80.97382
Batch-4/R3_battery-2,93.95866454689984,78.26012
Batch-4/R3_battery-2,99.4700582935877,88.795296
Batch-4/R3_battery-2,97.72125066242714,88.86353
Batch-4/R3_battery-2,95.76046634870164,88.736206
Batch-4/R3_battery-2,94.32962374138845,88.13751
Batch-4/R3_battery-2,94.22363540010599,80.95333
Batch-4/R3_battery-2,93.90567037625861,78.22485
Batch-4/R3_battery-2,99.31107578166403,88.96717
Batch-4/R3_battery-2,97.56226815050344,88.86353
Batch-4/R3_battery-2,95.4954954954955,88.736206
Batch-4/R3_battery-2,94.01165871754107,88.72389
Batch-4/R3_battery-2,93.85267620561739,80.939186
Batch-4/R3_battery-2,93.58770535241123,78.24083
Batch-4/R3_battery-2,99.20508744038156,89.05941
Batch-4/R3_battery-2,97.56226815050344,88.86353
Batch-4/R3_battery-2,95.54848966613672,88.450226
Batch-4/R3_battery-2,94.11764705882352,88.317444
Batch-4/R3_battery-2,94.0646528881823,81.00807
Batch-4/R3_battery-2,93.64069952305246,78.1707
Batch-4/R3_battery-2,99.15209326974033,89.05941
Batch-4/R3_battery-2,97.45627980922097,88.86353
Batch-4/R3_battery-2,95.44250132485426,88.736206
Batch-4/R3_battery-2,93.85267620561739,88.92946
Batch-4/R3_battery-2,93.74668786433492,80.91491
Batch-4/R3_battery-2,93.42872284048754,78.20113
Batch-4/R3_battery-2,98.99311075781665,89.00456
Batch-4/R3_battery-2,97.35029146793852,88.86154
Batch-4/R3_battery-2,95.54848966613672,88.736206
Batch-4/R3_battery-2,94.01165871754107,88.67108
Batch-4/R3_battery-2,93.85267620561739,80.95433
Batch-4/R3_battery-2,93.48171701112878,78.1342
Batch-4/R3_battery-2,99.04610492845786,89.05023
Batch-4/R3_battery-2,97.35029146793852,88.84538
Batch-4/R3_battery-2,95.38950715421304,88.723236
Batch-4/R3_battery-2,93.85267620561739,88.77345
Batch-4/R3_battery-2,93.64069952305246,80.84814
Batch-4/R3_battery-2,93.32273449920508,78.056625
Batch-4/R3_battery-2,98.94011658717541,89.02504
Batch-4/R3_battery-2,97.19130895601484,88.82916
Batch-4/R3_battery-2,95.23052464228935,88.69745
Batch-4/R3_battery-2,93.69369369369369,88.880585
Batch-4/R3_battery-2,93.53471118177,80.7689
Batch-4/R3_battery-2,93.32273449920508,78.11358
Batch-4/R3_battery-2,98.94011658717541,89.014145
Batch-4/R3_battery-2,97.19130895601484,88.81827
Batch-4/R3_battery-2,95.17753047164813,88.686554
Batch-4/R3_battery-2,93.58770535241123,88.86969
Batch-4/R3_battery-2,93.42872284048754,80.703835
Batch-4/R3_battery-2,93.05776364599893,77.99278
Batch-4/R3_battery-2,98.78113407525173,88.98808
Batch-4/R3_battery-2,97.03232644409114,88.792206
Batch-4/R3_battery-2,95.01854795972443,88.66049
Batch-4/R3_battery-2,93.42872284048754,88.68321
Batch-4/R3_battery-2,93.21674615792263,80.3549
Batch-4/R3_battery-2,92.89878113407525,77.988815
Batch-4/R3_battery-2,98.67514573396927,88.98604
Batch-4/R3_battery-2,96.97933227344993,88.791
Batch-4/R3_battery-2,94.9655537890832,88.65929
Batch-4/R3_battery-2,93.32273449920508,88.61377
Batch-4/R3_battery-2,93.11075781664016,80.34681
Batch-4/R3_battery-2,92.7927927927928,78.028984
Batch-4/R3_battery-2,98.56915739268682,88.98633
Batch-4/R3_battery-2,96.767355590885,88.79045
Batch-4/R3_battery-2,94.64758876523582,88.65874
Batch-4/R3_battery-2,93.0047694753577,88.55992
Batch-4/R3_battery-2,92.73979862215155,80.34681
Batch-4/R3_battery-2,92.42183359830418,77.96838
Batch-4/R3_battery-2,98.3571807101219,88.98633
Batch-4/R3_battery-2,96.6083730789613,88.79045
Batch-4/R3_battery-2,94.5945945945946,88.65874
Batch-4/R3_battery-2,93.0047694753577,88.55992
Batch-4/R3_battery-2,92.6338102808691,80.32461
Batch-4/R3_battery-2,92.26285108638051,78.030174
Batch-4/R3_battery-2,98.30418653948065,88.98633
Batch-4/R3_battery-2,96.5553789083201,88.79045
Batch-4/R3_battery-2,94.4356120826709,88.65874
Batch-4/R3_battery-2,92.68680445151034,88.47691
Batch-4/R3_battery-2,92.31584525702172,80.299355
Batch-4/R3_battery-2,91.99788023317434,77.92708
Batch-4/R3_battery-2,98.09220985691573,88.96626
Batch-4/R3_battery-2,96.34340222575517,88.771225
Batch-4/R3_battery-2,94.27662957074722,88.63951
Batch-4/R3_battery-2,92.47482776894542,88.465614
Batch-4/R3_battery-2,92.15686274509804,80.299355
Batch-4/R3_battery-2,91.67991520932696,77.91557
Batch-4/R3_battery-2,97.93322734499206,88.96626
Batch-4/R3_battery-2,96.23741388447272,88.771225
Batch-4/R3_battery-2,94.01165871754107,88.63951
Batch-4/R3_battery-2,92.20985691573927,88.10143
Batch-4/R3_battery-2,91.78590355060943,80.299355
Batch-4/R3_battery-2,91.30895601483837,74.826614
Batch-4/R3_battery-2,97.6682564917859,88.95825
Batch-4/R3_battery-2,95.8664546899841,88.763214
Batch-4/R3_battery-2,93.69369369369369,88.5923
Batch-4/R3_battery-2,91.83889772125067,88.34318
Batch-4/R3_battery-2,91.5209326974033,80.28237
Batch-4/R3_battery-2,91.09697933227345,74.797134
Batch-4/R3_battery-2,97.45627980922097,88.95825
Batch-4/R3_battery-2,95.70747217806041,88.763214
Batch-4/R3_battery-2,93.48171701112878,88.5923
Batch-4/R3_battery-2,91.5209326974033,88.89013
Batch-4/R3_battery-2,91.09697933227345,80.34637
Batch-4/R3_battery-2,90.62003179650239,74.797134
Batch-4/R3_battery-2,97.08532061473238,88.91873
Batch-4/R3_battery-2,95.23052464228935,88.763214
Batch-4/R3_battery-2,92.95177530471648,88.48003
Batch-4/R3_battery-2,90.93799682034977,90.18813
Batch-4/R3_battery-2,90.51404345521993,80.34637
Batch-4/R3_battery-2,90.03709591944886,74.79913
Batch-4/R3_battery-2,96.66136724960255,88.85208
Batch-4/R3_battery-2,94.91255961844197,88.763214
Batch-4/R3_battery-2,92.52782193958664,88.429474
Batch-4/R3_battery-2,90.40805511393746,90.37281
Batch-4/R3_battery-2,89.9311075781664,78.843544
Batch-4/R3_battery-2,89.45416004239533,74.83661
Batch-4/R3_battery-2,96.18441971383147,88.85208
Batch-4/R3_battery-2,94.4356120826709,88.763214
Batch-4/R3_battery-2,91.99788023317434,88.41937
Batch-4/R3_battery-2,89.82511923688395,90.276115
Batch-4/R3_battery-2,89.29517753047165,78.83413
Batch-4/R3_battery-2,88.76523582405935,74.848694
Batch-4/R3_battery-2,95.65447800741917,88.82483
Batch-4/R3_battery-2,93.95866454689984,88.73596
Batch-4/R3_battery-2,91.67991520932696,88.40221
Batch-4/R3_battery-2,89.34817170111288,89.9853
Batch-4/R3_battery-2,88.76523582405935,78.81696
Batch-4/R3_battery-2,88.1293057763646,74.743576
Batch-4/R3_battery-2,95.07154213036566,88.80376
Batch-4/R3_battery-2,93.32273449920508,88.67569
Batch-4/R3_battery-2,91.04398516163222,88.38115
Batch-4/R3_battery-2,88.50026497085321,89.382965
Batch-4/R3_battery-2,87.91732909379968,78.760506
Batch-4/R3_battery-2,87.33439321674615,74.66703
Batch-4/R3_battery-2,94.38261791202967,88.87274
Batch-4/R3_battery-2,92.68680445151034,88.67569
Batch-4/R3_battery-2,90.46104928457869,88.38115
Batch-4/R3_battery-2,88.02331743508213,88.91658
Batch-4/R3_battery-2,87.33439321674615,78.760506
Batch-4/R3_battery-2,86.6984631690514,72.83797
Batch-4/R3_battery-2,93.85267620561739,88.87274
Batch-4/R3_battery-2,92.10386857445681,88.71489
Batch-4/R3_battery-2,89.87811340752518,88.38115
Batch-4/R3_battery-2,87.2284048754637,88.35242
Batch-4/R3_battery-2,86.53948065712773,77.98996
Batch-4/R3_battery-2,85.7975622681505,72.82692
Batch-4/R3_battery-2,93.11075781664016,88.86937
Batch-4/R3_battery-2,91.36195018547959,88.67232
Batch-4/R3_battery-2,89.24218335983042,88.38115
Batch-4/R3_battery-2,86.75145733969264,88.22116
Batch-4/R3_battery-2,86.1685214626391,77.898026
Batch-4/R3_battery-2,85.4266030736619,72.76585
Batch-4/R3_battery-2,92.6338102808691,88.75554
Batch-4/R3_battery-2,90.990990990991,88.55849
Batch-4/R3_battery-2,88.87122416534181,88.34314
Batch-4/R3_battery-2,86.06253312135665,88.034744
Batch-4/R3_battery-2,85.37360890302067,77.9453
Batch-4/R3_battery-2,84.47270800211977,72.8248
Batch-4/R3_battery-2,91.89189189189189,88.74971
Batch-4/R3_battery-2,90.19607843137256,88.54881
Batch-4/R3_battery-2,88.02331743508213,88.339294
Batch-4/R3_battery-2,85.21462639109699,87.70979
Batch-4/R3_battery-2,84.57869634340223,77.9185
Batch-4/R3_battery-2,83.6248012718601,72.8172
Batch-4/R3_battery-2,91.30895601483837,88.739
Batch-4/R3_battery-2,89.77212506624271,88.54196
Batch-4/R3_battery-2,87.70535241123476,88.44472
Batch-4/R3_battery-2,84.8966613672496,87.57927
Batch-4/R3_battery-2,84.1547429782724,77.85448
Batch-4/R3_battery-2,83.25384207737149,73.8582
Batch-4/R3_battery-2,90.67302596714362,88.739
Batch-4/R3_battery-2,89.0302066772655,88.54196
Batch-4/R3_battery-2,86.91043985161632,88.33244
Batch-4/R3_battery-2,84.10174880763115,87.32572
Batch-4/R3_battery-2,83.41282458929517,77.715935
Batch-4/R3_battery-2,82.45892951775305,72.69044
Batch-4/R3_battery-2,89.98410174880763,88.74408
Batch-4/R3_battery-2,88.44727080021198,88.54196
Batch-4/R3_battery-2,86.38049814520402,88.33244
Batch-4/R3_battery-2,83.6248012718601,86.815575
Batch-4/R3_battery-2,82.72390037095919,77.70199
Batch-4/R3_battery-2,81.77000529941706,72.67217
Batch-4/R3_battery-2,89.4011658717541,88.70505
Batch-4/R3_battery-2,87.81134075251722,88.48503
Batch-4/R3_battery-2,85.58558558558559,88.27551
Batch-4/R3_battery-2,82.82988871224165,86.36384
Batch-4/R3_battery-2,82.08797032326444,77.70199
Batch-4/R3_battery-2,81.02808691043984,71.82191
Batch-4/R3_battery-2,88.71224165341812,88.68715
Batch-4/R3_battery-2,87.01642819289877,88.48503
Batch-4/R3_battery-2,84.84366719660838,88.106155
Batch-4/R3_battery-2,82.1939586645469,80.04325
Batch-4/R3_battery-2,81.39904610492846,77.70199
Batch-4/R3_battery-2,80.23317435082141,71.03404
Batch-4/R3_battery-2,88.1293057763646,88.65347
Batch-4/R3_battery-2,86.43349231584526,88.451355
Batch-4/R3_battery-2,84.31372549019608,88.07248
Batch-4/R3_battery-2,81.39904610492846,79.5231
Batch-4/R3_battery-2,80.60413354531,67.001335
Batch-4/R3_battery-2,79.3322734499205,70.99643
Batch-4/R3_battery-2,87.38738738738738,88.65347
Batch-4/R3_battery-2,85.69157392686805,88.451355
Batch-4/R3_battery-2,83.46581875993641,88.07248
Batch-4/R3_battery-2,80.60413354531,79.54028
Batch-4/R3_battery-2,79.80922098569158,66.686714
Batch-4/R3_battery-2,78.53736089030207,57.164566
Batch-4/R3_battery-2,86.75145733969264,88.65347
Batch-4/R3_battery-2,85.10863804981452,88.451355
Batch-4/R3_battery-2,82.93587705352411,88.05028
Batch-4/R3_battery-2,80.12718600953896,79.415436
Batch-4/R3_battery-2,79.27927927927928,66.686714
Batch-4/R3_battery-2,77.8484366719661,57.14694
Batch-4/R3_battery-2,86.06253312135665,88.63127
Batch-4/R3_battery-2,84.3667196608373,88.42915
Batch-4/R3_battery-2,82.08797032326444,88.058334
Batch-4/R3_battery-2,79.27927927927928,79.11133
Batch-4/R3_battery-2,78.48436671966084,66.686714
Batch-4/R3_battery-2,76.94753577106518,57.15693
Batch-4/R3_battery-2,85.21462639109699,88.63127
Batch-4/R3_battery-2,83.73078961314255,88.434235
Batch-4/R3_battery-2,81.71701112877584,88.16763
Batch-4/R3_battery-2,78.90832008479067,79.11133
Batch-4/R3_battery-2,77.95442501324855,66.69491
Batch-4/R3_battery-2,76.36459989401166,57.15693
Batch-4/R3_battery-2,84.73767885532591,88.57323
Batch-4/R3_battery-3,106.91823899371069,99.8738
Batch-4/R3_battery-3,100.0,99.71908
Batch-4/R3_battery-3,97.16981132075473,99.72552
Batch-4/R3_battery-3,96.12159329140462,98.62196
Batch-4/R3_battery-3,96.59329140461216,85.20739
Batch-4/R3_battery-3,98.79454926624739,80.58007
Batch-4/R3_battery-3,100.0,97.51126
Batch-4/R3_battery-3,101.72955974842768,97.37372
Batch-4/R3_battery-3,98.84696016771488,97.56283
Batch-4/R3_battery-3,96.9601677148847,97.377075
Batch-4/R3_battery-3,97.32704402515724,84.71037
Batch-4/R3_battery-3,99.42348008385746,80.07991
Batch-4/R3_battery-3,101.25786163522012,97.00254
Batch-4/R3_battery-3,102.77777777777779,96.91583
Batch-4/R3_battery-3,99.94758909853249,97.17165
Batch-4/R3_battery-3,98.37526205450735,97.37788
Batch-4/R3_battery-3,98.79454926624739,84.14919
Batch-4/R3_battery-3,100.20964360587001,79.988556
Batch-4/R3_battery-3,102.30607966457023,97.02378
Batch-4/R3_battery-3,103.51153039832286,96.775604
Batch-4/R3_battery-3,100.73375262054508,97.090706
Batch-4/R3_battery-3,99.21383647798743,97.22814
Batch-4/R3_battery-3,99.58071278825996,84.97992
Batch-4/R3_battery-3,100.73375262054508,79.962814
Batch-4/R3_battery-3,103.03983228511531,96.91686
Batch-4/R3_battery-3,103.98322851153041,96.63564
Batch-4/R3_battery-3,101.25786163522012,96.80171
Batch-4/R3_battery-3,99.79035639412997,97.013016
Batch-4/R3_battery-3,100.15723270440253,84.97745
Batch-4/R3_battery-3,101.04821802935011,79.93166
Batch-4/R3_battery-3,103.51153039832286,96.88321
Batch-4/R3_battery-3,104.24528301886792,96.62225
Batch-4/R3_battery-3,101.51991614255766,96.80171
Batch-4/R3_battery-3,100.104821802935,96.837685
Batch-4/R3_battery-3,100.47169811320755,84.95166
Batch-4/R3_battery-3,101.20545073375263,79.90964
Batch-4/R3_battery-3,103.8259958071279,96.07152
Batch-4/R3_battery-3,104.40251572327044,96.03974
Batch-4/R3_battery-3,101.83438155136268,96.19572
Batch-4/R3_battery-3,100.31446540880505,96.51276
Batch-4/R3_battery-3,100.73375262054508,84.87222
Batch-4/R3_battery-3,101.31027253668763,79.670876
Batch-4/R3_battery-3,104.08805031446542,95.48239
Batch-4/R3_battery-3,104.50733752620545,95.36167
Batch-4/R3_battery-3,101.93920335429769,95.61675
Batch-4/R3_battery-3,100.41928721174006,95.94296
Batch-4/R3_battery-3,100.7861635220126,84.131516
Batch-4/R3_battery-3,101.31027253668763,79.42038
Batch-4/R3_battery-3,104.19287211740043,95.47168
Batch-4/R3_battery-3,104.45492662473796,95.40412
Batch-4/R3_battery-3,102.20125786163523,95.58358
Batch-4/R3_battery-3,100.68134171907757,95.38489
Batch-4/R3_battery-3,100.89098532494761,84.100586
Batch-4/R3_battery-3,101.31027253668763,79.3506
Batch-4/R3_battery-3,104.24528301886792,94.93057
Batch-4/R3_battery-3,104.40251572327044,94.37897
Batch-4/R3_battery-3,101.88679245283019,94.52598
Batch-4/R3_battery-3,100.47169811320755,94.88731
Batch-4/R3_battery-3,100.83857442348008,84.04678
Batch-4/R3_battery-3,101.20545073375263,79.0474
Batch-4/R3_battery-3,104.24528301886792,93.30795
Batch-4/R3_battery-3,104.45492662473796,92.98253
Batch-4/R3_battery-3,101.9916142557652,93.12856
Batch-4/R3_battery-3,100.52410901467506,93.64954
Batch-4/R3_battery-3,100.83857442348008,83.84238
Batch-4/R3_battery-3,101.15303983228512,79.34055
Batch-4/R3_battery-3,104.35010482180293,92.737335
Batch-4/R3_battery-3,104.35010482180293,92.6054
Batch-4/R3_battery-3,101.83438155136268,92.761375
Batch-4/R3_battery-3,100.47169811320755,93.28236
Batch-4/R3_battery-3,100.73375262054508,83.81001
Batch-4/R3_battery-3,101.10062893081762,78.963844
Batch-4/R3_battery-3,104.29769392033543,92.53334
Batch-4/R3_battery-3,104.35010482180293,92.4969
Batch-4/R3_battery-3,102.04402515723272,92.632996
Batch-4/R3_battery-3,100.62893081761007,93.08284
Batch-4/R3_battery-3,100.89098532494761,84.03958
Batch-4/R3_battery-3,101.20545073375263,79.311134
Batch-4/R3_battery-3,104.45492662473796,92.56471
Batch-4/R3_battery-3,104.35010482180293,92.387856
Batch-4/R3_battery-3,101.88679245283019,92.64294
Batch-4/R3_battery-3,100.52410901467506,93.12075
Batch-4/R3_battery-3,100.73375262054508,83.822754
Batch-4/R3_battery-3,101.04821802935011,79.3164
Batch-4/R3_battery-3,104.29769392033543,92.487564
Batch-4/R3_battery-3,104.24528301886792,92.495926
Batch-4/R3_battery-3,101.83438155136268,92.64294
Batch-4/R3_battery-3,100.41928721174006,93.00511
Batch-4/R3_battery-3,100.89098532494761,84.1198
Batch-4/R3_battery-3,101.15303983228512,79.31485
Batch-4/R3_battery-3,104.40251572327044,92.56471
Batch-4/R3_battery-3,104.19287211740043,92.387856
Batch-4/R3_battery-3,101.67714884696018,92.53065
Batch-4/R3_battery-3,100.20964360587001,92.941345
Batch-4/R3_battery-3,100.41928721174006,83.81001
Batch-4/R3_battery-3,100.83857442348008,79.057076
Batch-4/R3_battery-3,104.14046121593292,91.919586
Batch-4/R3_battery-3,103.98322851153041,91.95697
Batch-4/R3_battery-3,101.51991614255766,91.522194
Batch-4/R3_battery-3,100.20964360587001,91.91133
Batch-4/R3_battery-3,100.41928721174006,83.811356
Batch-4/R3_battery-3,100.7861635220126,79.18867
Batch-4/R3_battery-3,104.14046121593292,90.48343
Batch-4/R3_battery-3,103.98322851153041,90.450714
Batch-4/R3_battery-3,101.51991614255766,90.69222
Batch-4/R3_battery-3,100.26205450733754,91.21002
Batch-4/R3_battery-3,100.36687631027254,83.666016
Batch-4/R3_battery-3,100.62893081761007,78.82366
Batch-4/R3_battery-3,103.9308176100629,90.45636
Batch-4/R3_battery-3,103.66876310272536,90.450714
Batch-4/R3_battery-3,101.20545073375263,90.72482
Batch-4/R3_battery-3,99.895178197065,91.3304
Batch-4/R3_battery-3,100.31446540880505,83.666885
Batch-4/R3_battery-3,100.73375262054508,79.162926
Batch-4/R3_battery-3,104.14046121593292,90.504776
Batch-4/R3_battery-3,103.87840670859538,90.44974
Batch-4/R3_battery-3,101.51991614255766,90.54319
Batch-4/R3_battery-3,100.104821802935,91.15965
Batch-4/R3_battery-3,100.20964360587001,82.73648
Batch-4/R3_battery-3,100.47169811320755,78.7866
Batch-4/R3_battery-3,103.98322851153041,90.47644
Batch-4/R3_battery-3,103.72117400419287,90.44974
Batch-4/R3_battery-3,101.31027253668763,90.69222
Batch-4/R3_battery-3,99.94758909853249,91.09508
Batch-4/R3_battery-3,100.05241090146751,82.66289
Batch-4/R3_battery-3,100.47169811320755,78.79825
Batch-4/R3_battery-3,103.98322851153041,90.47644
Batch-4/R3_battery-3,103.8259958071279,90.44974
Batch-4/R3_battery-3,101.57232704402517,90.54319
Batch-4/R3_battery-3,100.15723270440253,91.153786
Batch-4/R3_battery-3,100.20964360587001,82.698166
Batch-4/R3_battery-3,100.36687631027254,78.71738
Batch-4/R3_battery-3,104.03563941299791,90.49989
Batch-4/R3_battery-3,103.72117400419287,90.450714
Batch-4/R3_battery-3,101.41509433962266,90.54319
Batch-4/R3_battery-3,100.0,91.153786
Batch-4/R3_battery-3,100.15723270440253,82.69592
Batch-4/R3_battery-3,100.36687631027254,78.94479
Batch-4/R3_battery-3,103.9308176100629,90.504776
Batch-4/R3_battery-3,103.66876310272536,90.450714
Batch-4/R3_battery-3,101.31027253668763,90.54319
Batch-4/R3_battery-3,100.0,91.153786
Batch-4/R3_battery-3,100.104821802935,82.357834
Batch-4/R3_battery-3,100.26205450733754,78.963104
Batch-4/R3_battery-3,103.9308176100629,90.50989
Batch-4/R3_battery-3,103.66876310272536,90.34167
Batch-4/R3_battery-3,101.25786163522012,90.54221
Batch-4/R3_battery-3,99.8427672955975,91.065994
Batch-4/R3_battery-3,100.0,82.31438
Batch-4/R3_battery-3,100.15723270440253,78.57105
Batch-4/R3_battery-3,103.72117400419287,90.19235
Batch-4/R3_battery-3,103.45911949685535,90.4275
Batch-4/R3_battery-3,101.31027253668763,90.51997
Batch-4/R3_battery-3,99.94758909853249,91.10164
Batch-4/R3_battery-3,100.05241090146751,82.52469
Batch-4/R3_battery-3,100.20964360587001,78.94721
Batch-4/R3_battery-3,103.8259958071279,90.46801
Batch-4/R3_battery-3,103.51153039832286,90.30379
Batch-4/R3_battery-3,101.31027253668763,90.505295
Batch-4/R3_battery-3,99.79035639412997,91.02806
Batch-4/R3_battery-3,99.94758909853249,82.32483
Batch-4/R3_battery-3,100.0,78.93561
Batch-4/R3_battery-3,103.66876310272536,90.44207
Batch-4/R3_battery-3,103.35429769392034,90.40288
Batch-4/R3_battery-3,101.15303983228512,90.505745
Batch-4/R3_battery-3,99.79035639412997,91.02806
Batch-4/R3_battery-3,100.05241090146751,82.56932
Batch-4/R3_battery-3,100.20964360587001,78.93436
Batch-4/R3_battery-3,103.9308176100629,90.40583
Batch-4/R3_battery-3,103.61635220125787,90.352356
Batch-4/R3_battery-3,101.41509433962266,90.429146
Batch-4/R3_battery-3,99.895178197065,91.0363
Batch-4/R3_battery-3,99.94758909853249,82.59294
Batch-4/R3_battery-3,99.94758909853249,78.94292
Batch-4/R3_battery-3,103.77358490566037,90.46801
Batch-4/R3_battery-3,103.45911949685535,90.32515
Batch-4/R3_battery-3,101.25786163522012,90.420906
Batch-4/R3_battery-3,99.79035639412997,91.02806
Batch-4/R3_battery-3,99.895178197065,82.59294
Batch-4/R3_battery-3,99.895178197065,78.95857
Batch-4/R3_battery-3,103.72117400419287,90.46801
Batch-4/R3_battery-3,103.40670859538785,90.31203
Batch-4/R3_battery-3,101.20545073375263,90.429146
Batch-4/R3_battery-3,99.73794549266248,91.02806
Batch-4/R3_battery-3,99.73794549266248,82.58949
Batch-4/R3_battery-3,99.79035639412997,78.94721
Batch-4/R3_battery-3,103.56394129979036,90.44695
Batch-4/R3_battery-3,103.19706498951784,90.30379
Batch-4/R3_battery-3,100.99580712788261,90.471886
Batch-4/R3_battery-3,99.58071278825996,91.02806
Batch-4/R3_battery-3,99.52830188679246,82.331055
Batch-4/R3_battery-3,99.63312368972747,78.94015
Batch-4/R3_battery-3,103.40670859538785,90.44695
Batch-4/R3_battery-3,103.0922431865828,90.37941
Batch-4/R3_battery-3,100.83857442348008,90.495804
Batch-4/R3_battery-3,99.47589098532494,91.005005
Batch-4/R3_battery-3,99.52830188679246,82.331055
Batch-4/R3_battery-3,99.58071278825996,78.94108
Batch-4/R3_battery-3,103.35429769392034,90.40624
Batch-4/R3_battery-3,102.9874213836478,90.37941
Batch-4/R3_battery-3,100.68134171907757,90.505745
Batch-4/R3_battery-3,99.31865828092243,90.99275
Batch-4/R3_battery-3,99.37106918238993,82.32187
Batch-4/R3_battery-3,99.47589098532494,78.63695
Batch-4/R3_battery-3,103.19706498951784,90.40136
Batch-4/R3_battery-3,102.88259958071279,90.40288
Batch-4/R3_battery-3,100.62893081761007,90.505745
Batch-4/R3_battery-3,99.26624737945492,90.99373
Batch-4/R3_battery-3,99.31865828092243,82.258896
Batch-4/R3_battery-3,99.42348008385746,78.87717
Batch-4/R3_battery-3,103.14465408805032,90.43528
Batch-4/R3_battery-3,102.77777777777779,90.36774
Batch-4/R3_battery-3,100.52410901467506,90.49407
Batch-4/R3_battery-3,99.16142557651992,90.98563
Batch-4/R3_battery-3,99.21383647798743,82.258896
Batch-4/R3_battery-3,99.31865828092243,78.585
Batch-4/R3_battery-3,102.9874213836478,90.38424
Batch-4/R3_battery-3,102.56813417190776,90.401146
Batch-4/R3_battery-3,100.31446540880505,90.64312
Batch-4/R3_battery-3,98.8993710691824,90.88182
Batch-4/R3_battery-3,98.9517819706499,82.252884
Batch-4/R3_battery-3,99.16142557651992,78.593704
Batch-4/R3_battery-3,102.8301886792453,90.34615
Batch-4/R3_battery-3,102.41090146750524,90.401146
Batch-4/R3_battery-3,100.05241090146751,90.643845
Batch-4/R3_battery-3,98.63731656184487,90.98561
Batch-4/R3_battery-3,98.68972746331237,82.11569
Batch-4/R3_battery-3,98.9517819706499,78.488365
Batch-4/R3_battery-3,102.62054507337525,90.30737
Batch-4/R3_battery-3,102.20125786163523,90.528
Batch-4/R3_battery-3,99.79035639412997,90.644714
Batch-4/R3_battery-3,98.37526205450735,91.04896
Batch-4/R3_battery-3,98.48008385744235,82.28705
Batch-4/R3_battery-3,98.74213836477988,78.46943
Batch-4/R3_battery-3,102.35849056603774,90.427376
Batch-4/R3_battery-3,101.93920335429769,90.62079
Batch-4/R3_battery-3,99.47589098532494,89.547356
Batch-4/R3_battery-3,98.00838574423481,89.87728
Batch-4/R3_battery-3,98.11320754716982,83.05994
Batch-4/R3_battery-3,98.42767295597484,78.5301
Batch-4/R3_battery-3,102.04402515723272,90.427376
Batch-4/R3_battery-3,101.51991614255766,89.28935
Batch-4/R3_battery-3,99.05660377358491,89.22697
Batch-4/R3_battery-3,97.64150943396227,89.2784
Batch-4/R3_battery-3,97.74633123689728,83.10165
Batch-4/R3_battery-3,98.16561844863733,78.77796
Batch-4/R3_battery-3,101.67714884696018,90.60049
Batch-4/R3_battery-3,101.04821802935011,89.31351
Batch-4/R3_battery-3,98.58490566037736,89.18618
Batch-4/R3_battery-3,97.11740041928721,89.09003
Batch-4/R3_battery-3,97.27463312368974,83.10526
Batch-4/R3_battery-3,97.79874213836479,78.71901
Batch-4/R3_battery-3,101.31027253668763,89.370346
Batch-4/R3_battery-3,100.68134171907757,89.31351
Batch-4/R3_battery-3,98.11320754716982,89.18618
Batch-4/R3_battery-3,96.75052410901468,89.12953
Batch-4/R3_battery-3,96.9601677148847,83.10526
Batch-4/R3_battery-3,97.53668763102725,78.6111
Batch-4/R3_battery-3,101.10062893081762,89.40474
Batch-4/R3_battery-3,100.47169811320755,89.31351
Batch-4/R3_battery-3,97.85115303983228,89.143845
Batch-4/R3_battery-3,96.59329140461216,89.171
Batch-4/R3_battery-3,96.8553459119497,83.10526
Batch-4/R3_battery-3,97.48427672955977,78.64157
Batch-4/R3_battery-3,100.99580712788261,89.33577
Batch-4/R3_battery-3,100.41928721174006,89.31351
Batch-4/R3_battery-3,97.74633123689728,89.143845
Batch-4/R3_battery-3,96.38364779874215,89.21107
Batch-4/R3_battery-3,96.64570230607967,83.10526
Batch-4/R3_battery-3,97.22222222222221,78.61646
Batch-4/R3_battery-3,100.73375262054508,89.40674
Batch-4/R3_battery-3,100.15723270440253,89.27116
Batch-4/R3_battery-3,97.48427672955977,89.143845
Batch-4/R3_battery-3,96.12159329140462,89.17124
Batch-4/R3_battery-3,96.38364779874215,83.019966
Batch-4/R3_battery-3,97.0125786163522,78.64864
Batch-4/R3_battery-3,100.62893081761007,89.47571
Batch-4/R3_battery-3,100.0,89.27116
Batch-4/R3_battery-3,97.32704402515724,89.14046
Batch-4/R3_battery-3,95.96436058700209,89.33752
Batch-4/R3_battery-3,96.17400419287212,83.0041
Batch-4/R3_battery-3,96.8553459119497,78.66218
Batch-4/R3_battery-3,100.41928721174006,89.40335
Batch-4/R3_battery-3,99.79035639412997,89.26777
Batch-4/R3_battery-3,97.16981132075473,89.14046
Batch-4/R3_battery-3,95.80712788259959,89.483025
Batch-4/R3_battery-3,96.06918238993711,83.0041
Batch-4/R3_battery-3,96.64570230607967,78.56228
Batch-4/R3_battery-3,100.31446540880505,89.47232
Batch-4/R3_battery-3,99.73794549266248,89.26777
Batch-4/R3_battery-3,97.16981132075473,89.14046
Batch-4/R3_battery-3,95.70230607966458,89.50024
Batch-4/R3_battery-3,95.91194968553461,83.0041
Batch-4/R3_battery-3,96.48846960167715,78.505684
Batch-4/R3_battery-3,100.15723270440253,89.40335
Batch-4/R3_battery-3,99.42348008385746,89.26777
Batch-4/R3_battery-3,96.80293501048219,89.14046
Batch-4/R3_battery-3,95.49266247379455,89.66839
Batch-4/R3_battery-3,95.80712788259959,83.0041
Batch-4/R3_battery-3,96.38364779874215,78.56228
Batch-4/R3_battery-3,100.104821802935,89.40335
Batch-4/R3_battery-3,99.47589098532494,89.26777
Batch-4/R3_battery-3,96.9601677148847,89.14046
Batch-4/R3_battery-3,95.38784067085955,89.79374
Batch-4/R3_battery-3,95.59748427672957,83.0041
Batch-4/R3_battery-3,96.06918238993711,78.45227
Batch-4/R3_battery-3,99.895178197065,89.40335
Batch-4/R3_battery-3,99.05660377358491,89.26777
Batch-4/R3_battery-3,96.48846960167715,89.14046
Batch-4/R3_battery-3,94.9685534591195,89.675026
Batch-4/R3_battery-3,95.33542976939204,83.0041
Batch-4/R3_battery-3,96.17400419287212,78.53471
Batch-4/R3_battery-3,99.94758909853249,89.47232
Batch-4/R3_battery-3,99.16142557651992,89.26777
Batch-4/R3_battery-3,96.59329140461216,89.14046
Batch-4/R3_battery-3,95.12578616352202,90.10491
Batch-4/R3_battery-3,95.54507337526206,83.0041
Batch-4/R3_battery-3,96.06918238993711,78.66218
Batch-4/R3_battery-3,99.68553459119497,89.40335
Batch-4/R3_battery-3,98.84696016771488,89.26777
Batch-4/R3_battery-3,96.22641509433963,89.14046
Batch-4/R3_battery-3,94.75890985324949,89.088554
Batch-4/R3_battery-3,94.9685534591195,81.13027
Batch-4/R3_battery-3,95.59748427672957,78.44704
Batch-4/R3_battery-3,99.52830188679246,89.47229
Batch-4/R3_battery-3,98.9517819706499,89.26774
Batch-4/R3_battery-3,96.27882599580713,89.14041
Batch-4/R3_battery-3,94.81132075471697,89.42264
Batch-4/R3_battery-3,95.07337526205451,81.12478
Batch-4/R3_battery-3,95.59748427672957,78.46344
Batch-4/R3_battery-3,99.52830188679246,89.47229
Batch-4/R3_battery-3,98.79454926624739,89.26774
Batch-4/R3_battery-3,96.17400419287212,89.14041
Batch-4/R3_battery-3,94.75890985324949,89.36521
Batch-4/R3_battery-3,94.9685534591195,81.120705
Batch-4/R3_battery-3,95.54507337526206,78.459366
Batch-4/R3_battery-3,99.42348008385746,89.471054
Batch-4/R3_battery-3,98.79454926624739,89.2665
Batch-4/R3_battery-3,96.22641509433963,89.13919
Batch-4/R3_battery-3,94.70649895178197,89.40898
Batch-4/R3_battery-3,94.9685534591195,81.120705
Batch-4/R3_battery-3,95.44025157232706,78.86752
Batch-4/R3_battery-3,99.42348008385746,89.46463
Batch-4/R3_battery-3,98.63731656184487,89.26008
Batch-4/R3_battery-3,96.01677148846962,89.13277
Batch-4/R3_battery-3,94.54926624737946,89.05029
Batch-4/R3_battery-3,94.70649895178197,81.11428
Batch-4/R3_battery-3,95.17819706498952,78.697495
Batch-4/R3_battery-3,99.26624737945492,89.26756
Batch-4/R3_battery-3,98.37526205450735,89.06301
Batch-4/R3_battery-3,95.85953878406708,88.9357
Batch-4/R3_battery-3,94.39203354297693,89.01659
Batch-4/R3_battery-3,94.65408805031447,81.10444
Batch-4/R3_battery-3,95.07337526205451,78.74425
Batch-4/R3_battery-3,99.21383647798743,89.26756
Batch-4/R3_battery-3,98.32285115303982,89.06301
Batch-4/R3_battery-3,95.80712788259959,88.9357
Batch-4/R3_battery-3,94.39203354297693,88.71394
Batch-4/R3_battery-3,94.60167714884696,81.10444
Batch-4/R3_battery-3,95.020964360587,78.68765
Batch-4/R3_battery-3,99.16142557651992,89.26756
Batch-4/R3_battery-3,98.21802935010483,89.06301
Batch-4/R3_battery-3,95.64989517819707,88.9357
Batch-4/R3_battery-3,94.23480083857443,88.706314
Batch-4/R3_battery-3,94.44444444444446,81.10444
Batch-4/R3_battery-3,94.9685534591195,78.75345
Batch-4/R3_battery-3,99.10901467505242,89.26756
Batch-4/R3_battery-3,98.37526205450735,89.06301
Batch-4/R3_battery-3,95.80712788259959,88.9357
Batch-4/R3_battery-3,94.39203354297693,89.01549
Batch-4/R3_battery-3,94.49685534591194,81.095726
Batch-4/R3_battery-3,94.916142557652,78.87275
Batch-4/R3_battery-3,99.10901467505242,89.26756
Batch-4/R3_battery-3,98.27044025157234,89.06301
Batch-4/R3_battery-3,95.59748427672957,88.9357
Batch-4/R3_battery-3,94.23480083857443,89.075455
Batch-4/R3_battery-3,94.23480083857443,81.095726
Batch-4/R3_battery-3,94.75890985324949,78.773865
Batch-4/R3_battery-3,99.10901467505242,89.26756
Batch-4/R3_battery-3,98.27044025157234,89.06301
Batch-4/R3_battery-3,95.59748427672957,88.9357
Batch-4/R3_battery-3,94.18238993710692,88.504166
Batch-4/R3_battery-3,94.23480083857443,81.08744
Batch-4/R3_battery-3,94.60167714884696,78.086365
Batch-4/R3_battery-3,98.9517819706499,89.25928
Batch-4/R3_battery-3,98.11320754716982,89.054726
Batch-4/R3_battery-3,95.44025157232706,88.9274
Batch-4/R3_battery-3,93.9727463312369,88.2715
Batch-4/R3_battery-3,94.0251572327044,81.08744
Batch-4/R3_battery-3,94.44444444444446,78.04735
Batch-4/R3_battery-3,98.9517819706499,89.22604
Batch-4/R3_battery-3,98.21802935010483,89.02149
Batch-4/R3_battery-3,95.59748427672957,88.89418
Batch-4/R3_battery-3,94.07756813417191,88.21196
Batch-4/R3_battery-3,94.18238993710692,81.05561
Batch-4/R3_battery-3,94.54926624737946,78.09028
Batch-4/R3_battery-3,99.0041928721174,89.22604
Batch-4/R3_battery-3,98.11320754716982,89.02149
Batch-4/R3_battery-3,95.44025157232706,88.6082
Batch-4/R3_battery-3,93.9203354297694,88.25322
Batch-4/R3_battery-3,93.9727463312369,81.09026
Batch-4/R3_battery-3,94.28721174004193,78.01515
Batch-4/R3_battery-3,98.79454926624739,89.11626
Batch-4/R3_battery-3,98.06079664570231,88.90684
Batch-4/R3_battery-3,95.54507337526206,88.77951
Batch-4/R3_battery-3,94.0251572327044,88.22554
Batch-4/R3_battery-3,94.0251572327044,81.05561
Batch-4/R3_battery-3,94.33962264150944,78.16011
Batch-4/R3_battery-3,98.9517819706499,89.042404
Batch-4/R3_battery-3,98.11320754716982,88.90684
Batch-4/R3_battery-3,95.38784067085955,88.77951
Batch-4/R3_battery-3,93.86792452830188,88.33191
Batch-4/R3_battery-3,93.86792452830188,81.09026
Batch-4/R3_battery-3,94.07756813417191,78.05784
Batch-4/R3_battery-3,98.74213836477988,89.11139
Batch-4/R3_battery-3,97.79874213836479,88.90684
Batch-4/R3_battery-3,95.23060796645703,88.77951
Batch-4/R3_battery-3,93.65828092243187,88.48482
Batch-4/R3_battery-3,93.86792452830188,81.06986
Batch-4/R3_battery-3,94.07756813417191,78.03744
Batch-4/R3_battery-3,98.84696016771488,89.10939
Batch-4/R3_battery-3,97.85115303983228,88.90484
Batch-4/R3_battery-3,95.28301886792454,88.77753
Batch-4/R3_battery-3,93.65828092243187,88.485504
Batch-4/R3_battery-3,93.65828092243187,81.06986
Batch-4/R3_battery-3,93.86792452830188,77.99244
Batch-4/R3_battery-3,98.63731656184487,89.09516
Batch-4/R3_battery-3,97.58909853249477,88.899284
Batch-4/R3_battery-3,94.916142557652,88.77197
Batch-4/R3_battery-3,93.34381551362684,88.31076
Batch-4/R3_battery-3,93.39622641509435,81.0395
Batch-4/R3_battery-3,93.76310272536688,77.99244
Batch-4/R3_battery-3,98.63731656184487,89.0882
Batch-4/R3_battery-3,97.69392033542978,88.89233
Batch-4/R3_battery-3,95.12578616352202,88.765015
Batch-4/R3_battery-3,93.39622641509435,88.3342
Batch-4/R3_battery-3,93.44863731656184,81.0395
Batch-4/R3_battery-3,93.60587002096436,78.06988
Batch-4/R3_battery-3,98.48008385744235,89.087364
Batch-4/R3_battery-3,97.37945492662475,88.89233
Batch-4/R3_battery-3,94.75890985324949,88.765015
Batch-4/R3_battery-3,93.0293501048218,88.78258
Batch-4/R3_battery-3,92.9769392033543,81.0395
Batch-4/R3_battery-3,93.23899371069182,77.99209
Batch-4/R3_battery-3,98.37526205450735,89.01923
Batch-4/R3_battery-3,97.43186582809224,88.89233
Batch-4/R3_battery-3,94.81132075471697,88.765015
Batch-4/R3_battery-3,93.13417190775681,88.833664
Batch-4/R3_battery-3,93.08176100628931,80.97382
Batch-4/R3_battery-3,93.29140461215934,78.04821
Batch-4/R3_battery-3,98.27044025157234,88.989586
Batch-4/R3_battery-3,97.22222222222221,88.86353
Batch-4/R3_battery-3,94.54926624737946,88.736206
Batch-4/R3_battery-3,92.8721174004193,88.64833
Batch-4/R3_battery-3,92.71488469601678,80.95333
Batch-4/R3_battery-3,92.9245283018868,77.91712
Batch-4/R3_battery-3,98.06079664570231,88.950066
Batch-4/R3_battery-3,97.22222222222221,88.86353
Batch-4/R3_battery-3,94.60167714884696,88.736206
Batch-4/R3_battery-3,92.8721174004193,88.64833
Batch-4/R3_battery-3,92.76729559748428,80.939186
Batch-4/R3_battery-3,93.08176100628931,77.99712
Batch-4/R3_battery-3,98.11320754716982,88.989586
Batch-4/R3_battery-3,97.11740041928721,88.86353
Batch-4/R3_battery-3,94.39203354297693,88.736206
Batch-4/R3_battery-3,92.71488469601678,88.787994
Batch-4/R3_battery-3,92.50524109014675,80.91491
Batch-4/R3_battery-3,92.66247379454927,77.9237
Batch-4/R3_battery-3,97.9035639412998,88.9524
Batch-4/R3_battery-3,96.9077568134172,88.86353
Batch-4/R3_battery-3,94.44444444444446,88.736206
Batch-4/R3_battery-3,92.81970649895179,88.740555
Batch-4/R3_battery-3,92.61006289308176,80.91491
Batch-4/R3_battery-3,92.66247379454927,78.040504
Batch-4/R3_battery-3,97.9559748427673,88.987595
Batch-4/R3_battery-3,96.9077568134172,88.86154
Batch-4/R3_battery-3,94.23480083857443,88.736206
Batch-4/R3_battery-3,92.40041928721175,88.59863
Batch-4/R3_battery-3,92.24318658280923,80.8661
Batch-4/R3_battery-3,92.40041928721175,77.98591
Batch-4/R3_battery-3,97.79874213836479,88.98041
Batch-4/R3_battery-3,96.69811320754718,88.84538
Batch-4/R3_battery-3,94.0251572327044,88.723236
Batch-4/R3_battery-3,92.19077568134172,88.57422
Batch-4/R3_battery-3,92.0335429769392,80.84814
Batch-4/R3_battery-3,92.19077568134172,77.93763
Batch-4/R3_battery-3,97.74633123689728,88.955215
Batch-4/R3_battery-3,96.69811320754718,88.82916
Batch-4/R3_battery-3,93.9727463312369,88.707016
Batch-4/R3_battery-3,92.13836477987421,88.52829
Batch-4/R3_battery-3,91.87631027253668,80.7689
Batch-4/R3_battery-3,91.9287211740042,77.92454
Batch-4/R3_battery-3,97.48427672955977,88.946655
Batch-4/R3_battery-3,96.48846960167715,88.81827
Batch-4/R3_battery-3,93.81551362683439,88.69612
Batch-4/R3_battery-3,91.87631027253668,88.52687
Batch-4/R3_battery-3,91.61425576519918,80.703835
Batch-4/R3_battery-3,91.61425576519918,77.86491
Batch-4/R3_battery-3,97.32704402515724,88.88107
Batch-4/R3_battery-3,96.38364779874215,88.792206
Batch-4/R3_battery-3,93.71069182389937,88.67006
Batch-4/R3_battery-3,91.71907756813418,88.48468
Batch-4/R3_battery-3,91.45702306079666,80.69988
Batch-4/R3_battery-3,91.45702306079666,77.84289
Batch-4/R3_battery-3,97.16981132075473,88.87987
Batch-4/R3_battery-3,96.12159329140462,88.791
Batch-4/R3_battery-3,93.29140461215934,88.65929
Batch-4/R3_battery-3,91.29979035639413,88.12955
Batch-4/R3_battery-3,90.98532494758909,80.691795
Batch-4/R3_battery-3,91.09014675052411,77.88773
Batch-4/R3_battery-3,96.9077568134172,88.87932
Batch-4/R3_battery-3,95.91194968553461,88.79045
Batch-4/R3_battery-3,93.13417190775681,88.65874
Batch-4/R3_battery-3,91.24737945492663,88.12955
Batch-4/R3_battery-3,90.88050314465409,80.691795
Batch-4/R3_battery-3,90.82809224318659,78.04122
Batch-4/R3_battery-3,96.75052410901468,88.87932
Batch-4/R3_battery-3,95.75471698113208,88.79045
Batch-4/R3_battery-3,92.8721174004193,88.65874
Batch-4/R3_battery-3,90.77568134171908,88.90459
Batch-4/R3_battery-3,90.35639412997904,80.32461
Batch-4/R3_battery-3,90.40880503144655,77.89252
Batch-4/R3_battery-3,96.38364779874215,88.87932
Batch-4/R3_battery-3,95.44025157232706,88.79045
Batch-4/R3_battery-3,92.55765199161426,88.65874
Batch-4/R3_battery-3,90.46121593291406,89.01871
Batch-4/R3_battery-3,90.09433962264151,80.299355
Batch-4/R3_battery-3,90.041928721174,77.921455
Batch-4/R3_battery-3,96.12159329140462,88.86009
Batch-4/R3_battery-3,95.12578616352202,88.771225
Batch-4/R3_battery-3,92.19077568134172,88.60031
Batch-4/R3_battery-3,89.937106918239,90.16703
Batch-4/R3_battery-3,89.46540880503146,80.299355
Batch-4/R3_battery-3,89.36058700209645,77.82707
Batch-4/R3_battery-3,95.59748427672957,88.86009
Batch-4/R3_battery-3,94.54926624737946,88.771225
Batch-4/R3_battery-3,91.56184486373166,88.60031
Batch-4/R3_battery-3,89.41299790356393,90.35215
Batch-4/R3_battery-3,88.9937106918239,80.31611
Batch-4/R3_battery-3,88.8888888888889,77.810074
Batch-4/R3_battery-3,95.23060796645703,88.85208
Batch-4/R3_battery-3,94.18238993710692,88.763214
Batch-4/R3_battery-3,91.19496855345912,88.5923
Batch-4/R3_battery-3,88.83647798742139,90.03373
Batch-4/R3_battery-3,88.36477987421384,80.34637
Batch-4/R3_battery-3,88.20754716981133,77.70259
Batch-4/R3_battery-3,94.60167714884696,88.85208
Batch-4/R3_battery-3,93.55345911949685,88.763214
Batch-4/R3_battery-3,90.51362683438155,88.54175
Batch-4/R3_battery-3,88.0503144654088,89.728035
Batch-4/R3_battery-3,87.57861635220127,78.843544
Batch-4/R3_battery-3,87.57861635220127,77.70259
Batch-4/R3_battery-3,94.07756813417191,88.85208
Batch-4/R3_battery-3,92.9769392033543,88.763214
Batch-4/R3_battery-3,89.9895178197065,88.54175
Batch-4/R3_battery-3,87.47379454926624,88.74046
Batch-4/R3_battery-3,87.0545073375262,78.77953
Batch-4/R3_battery-3,86.89727463312369,74.644005
Batch-4/R3_battery-3,93.50104821802935,88.88614
Batch-4/R3_battery-3,92.34800838574424,88.763214
Batch-4/R3_battery-3,89.41299790356393,88.54175
Batch-4/R3_battery-3,86.84486373165619,88.983925
Batch-4/R3_battery-3,86.42557651991615,78.843544
Batch-4/R3_battery-3,86.32075471698114,74.644005
Batch-4/R3_battery-3,92.9245283018868,88.85208
Batch-4/R3_battery-3,91.9287211740042,88.76656
Batch-4/R3_battery-3,89.04612159329142,88.53165
Batch-4/R3_battery-3,86.37316561844864,88.72745
Batch-4/R3_battery-3,85.9538784067086,78.78686
Batch-4/R3_battery-3,85.74423480083857,74.64666
Batch-4/R3_battery-3,92.45283018867924,88.82483
Batch-4/R3_battery-3,91.29979035639413,88.73596
Batch-4/R3_battery-3,88.36477987421384,88.51448
Batch-4/R3_battery-3,85.69182389937107,88.48253
Batch-4/R3_battery-3,85.32494758909853,78.84439
Batch-4/R3_battery-3,85.06289308176102,74.59851
Batch-4/R3_battery-3,91.87631027253668,88.80376
Batch-4/R3_battery-3,90.82809224318659,88.71489
Batch-4/R3_battery-3,87.9454926624738,88.49342
Batch-4/R3_battery-3,85.32494758909853,87.91733
Batch-4/R3_battery-3,84.9056603773585,78.78793
Batch-4/R3_battery-3,84.59119496855347,74.57304
Batch-4/R3_battery-3,91.45702306079666,88.80376
Batch-4/R3_battery-3,90.30398322851154,88.67569
Batch-4/R3_battery-3,87.31656184486373,88.49342
Batch-4/R3_battery-3,84.64360587002096,87.876045
Batch-4/R3_battery-3,84.11949685534591,77.98996
Batch-4/R3_battery-3,83.85744234800839,74.59851
Batch-4/R3_battery-3,90.82809224318659,88.80376
Batch-4/R3_battery-3,89.67505241090149,88.67569
Batch-4/R3_battery-3,86.84486373165619,88.49342
Batch-4/R3_battery-3,84.48637316561846,87.96201
Batch-4/R3_battery-3,83.9098532494759,77.98996
Batch-4/R3_battery-3,83.59538784067087,74.564354
Batch-4/R3_battery-3,90.61844863731658,88.800385
Batch-4/R3_battery-3,89.46540880503146,88.71152
Batch-4/R3_battery-3,86.42557651991615,88.49342
Batch-4/R3_battery-3,83.85744234800839,87.491356
Batch-4/R3_battery-3,83.28092243186583,77.9453
Batch-4/R3_battery-3,82.86163522012579,72.75
Batch-4/R3_battery-3,89.937106918239,88.686554
Batch-4/R3_battery-3,88.78406708595388,88.55849
Batch-4/R3_battery-3,85.69182389937107,88.455414
Batch-4/R3_battery-3,83.12368972746333,87.334465
Batch-4/R3_battery-3,82.44234800838575,77.9453
Batch-4/R3_battery-3,82.23270440251572,72.74098
Batch-4/R3_battery-3,89.57023060796647,88.680725
Batch-4/R3_battery-3,88.46960167714884,88.54881
Batch-4/R3_battery-3,85.42976939203353,88.45157
Batch-4/R3_battery-3,82.75681341719078,86.82618
Batch-4/R3_battery-3,82.28511530398323,77.9185
Batch-4/R3_battery-3,81.76100628930818,72.759186
Batch-4/R3_battery-3,88.9937106918239,88.75017
Batch-4/R3_battery-3,87.84067085953879,88.54196
Batch-4/R3_battery-3,84.74842767295597,88.44472
Batch-4/R3_battery-3,82.12788259958072,81.19671
Batch-4/R3_battery-3,81.65618448637318,77.9185
Batch-4/R3_battery-3,81.0796645702306,72.711136
Batch-4/R3_battery-3,88.52201257861635,88.74408
Batch-4/R3_battery-3,87.31656184486373,88.54196
Batch-4/R3_battery-3,84.32914046121593,88.44472
Batch-4/R3_battery-3,81.55136268343817,80.779976
Batch-4/R3_battery-3,81.13207547169812,77.65191
Batch-4/R3_battery-3,80.45073375262054,72.65268
Batch-4/R3_battery-3,87.9454926624738,88.675095
Batch-4/R3_battery-3,86.74004192872118,88.54196
Batch-4/R3_battery-3,83.70020964360587,88.27536
Batch-4/R3_battery-3,81.0796645702306,80.11527
Batch-4/R3_battery-3,80.60796645702307,67.1283
Batch-4/R3_battery-3,79.76939203354299,72.627045
Batch-4/R3_battery-3,87.31656184486373,88.71622
Batch-4/R3_battery-3,86.11111111111111,88.48503
Batch-4/R3_battery-3,83.17610062893081,88.21843
Batch-4/R3_battery-3,80.60796645702307,80.09983
Batch-4/R3_battery-3,80.13626834381552,67.06428
Batch-4/R3_battery-3,79.35010482180293,72.70422
Batch-4/R3_battery-3,86.84486373165619,88.69832
Batch-4/R3_battery-3,85.69182389937107,88.48503
Batch-4/R3_battery-3,82.59958071278827,88.21843
Batch-4/R3_battery-3,80.0314465408805,79.600716
Batch-4/R3_battery-3,79.40251572327044,67.06428
Batch-4/R3_battery-3,78.51153039832286,72.56464
Batch-4/R3_battery-3,86.21593291404612,88.66464
Batch-4/R3_battery-3,85.01048218029351,88.451355
Batch-4/R3_battery-3,81.91823899371069,88.12384
Batch-4/R3_battery-3,79.19287211740041,79.52307
Batch-4/R3_battery-3,78.72117400419287,67.001335
Batch-4/R3_battery-3,77.8301886792453,56.97978
Batch-4/R3_battery-3,85.69182389937107,88.65347
Batch-4/R3_battery-3,84.53878406708596,88.451355
Batch-4/R3_battery-3,81.44654088050315,88.19281
Batch-4/R3_battery-3,78.8259958071279,79.43123
Batch-4/R3_battery-3,78.14465408805033,67.001335
Batch-4/R3_battery-3,77.20125786163523,56.982815
Batch-4/R3_battery-3,85.11530398322851,88.66464
Batch-4/R3_battery-3,83.85744234800839,88.451355
Batch-4/R3_battery-3,80.81761006289308,88.10164
Batch-4/R3_battery-3,78.0922431865828,79.33208
Batch-4/R3_battery-3,77.35849056603774,66.686714
Batch-4/R3_battery-3,76.46750524109015,56.97978
Batch-4/R3_battery-3,84.53878406708596,88.64244
Batch-4/R3_battery-3,83.54297693920336,88.42915
Batch-4/R3_battery-3,80.55555555555556,88.16763
Batch-4/R3_battery-3,77.72536687631028,79.08943
Batch-4/R3_battery-3,77.04402515723271,66.686714
Batch-4/R3_battery-3,75.9958071278826,57.027824
Batch-4/R3_battery-3,84.06708595387842,88.64244
Batch-4/R3_battery-3,82.86163522012579,88.26488
Batch-4/R3_battery-3,79.71698113207547,87.47633
Batch-4/R3_battery-3,76.9916142557652,79.065475
Batch-4/R3_battery-3,76.25786163522014,66.686714
Batch-4/R3_battery-3,75.26205450733752,56.97978
Batch-4/R3_battery-3,83.49056603773585,88.43826
Batch-4/R3_battery-4,108.34637454355764,99.84629
Batch-4/R3_battery-4,100.0,99.71908
Batch-4/R3_battery-4,96.81794470526866,99.72552
Batch-4/R3_battery-4,95.04434011476265,98.6212
Batch-4/R3_battery-4,95.30516431924883,85.131775
Batch-4/R3_battery-4,96.71361502347419,80.27507
Batch-4/R3_battery-4,99.58268127282211,97.51126
Batch-4/R3_battery-4,101.72143974960876,97.44484
Batch-4/R3_battery-4,98.48721961398017,97.53214
Batch-4/R3_battery-4,96.08763693270735,97.377075
Batch-4/R3_battery-4,96.34846113719352,84.12757
Batch-4/R3_battery-4,97.4960876369327,79.65349
Batch-4/R3_battery-4,100.83463745435577,97.01781
Batch-4/R3_battery-4,102.71257172665625,96.77704
Batch-4/R3_battery-4,99.53051643192488,97.06812
Batch-4/R3_battery-4,97.54825247782995,97.232216
Batch-4/R3_battery-4,97.60041731872717,83.59131
Batch-4/R3_battery-4,98.226395409494,79.548584
Batch-4/R3_battery-4,101.773604590506,97.06094
Batch-4/R3_battery-4,103.39071465832028,96.7671
Batch-4/R3_battery-4,100.31298904538342,96.9407
Batch-4/R3_battery-4,98.33072509128847,97.19333
Batch-4/R3_battery-4,98.27856025039124,83.69176
Batch-4/R3_battery-4,98.74804381846636,79.61448
Batch-4/R3_battery-4,102.55607720396453,96.89268
Batch-4/R3_battery-4,103.91236306729263,96.53485
Batch-4/R3_battery-4,100.83463745435577,96.692665
Batch-4/R3_battery-4,98.85237350026082,96.983345
Batch-4/R3_battery-4,98.74804381846636,83.58043
Batch-4/R3_battery-4,99.113197704747,79.51743
Batch-4/R3_battery-4,103.02556077203964,96.84032
Batch-4/R3_battery-4,104.1210224308816,96.55487
Batch-4/R3_battery-4,101.14762649973919,96.692665
Batch-4/R3_battery-4,99.21752738654146,96.80158
Batch-4/R3_battery-4,99.113197704747,84.47389
Batch-4/R3_battery-4,99.26969222743871,79.50677
Batch-4/R3_battery-4,103.33854981742306,96.030396
Batch-4/R3_battery-4,104.32968179447053,95.97274
Batch-4/R3_battery-4,101.35628586332813,96.094925
Batch-4/R3_battery-4,99.42618675013041,96.48576
Batch-4/R3_battery-4,99.42618675013041,84.45148
Batch-4/R3_battery-4,99.42618675013041,79.33916
Batch-4/R3_battery-4,103.65153886280648,95.415375
Batch-4/R3_battery-4,104.43401147626498,95.40481
Batch-4/R3_battery-4,101.46061554512258,95.51596
Batch-4/R3_battery-4,99.53051643192488,95.93154
Batch-4/R3_battery-4,99.42618675013041,84.13599
Batch-4/R3_battery-4,99.42618675013041,79.03695
Batch-4/R3_battery-4,103.65153886280648,95.41713
Batch-4/R3_battery-4,104.5905059989567,95.340576
Batch-4/R3_battery-4,101.72143974960876,95.50286
Batch-4/R3_battery-4,99.63484611371935,95.40735
Batch-4/R3_battery-4,99.47835159102765,83.87004
Batch-4/R3_battery-4,99.37402190923318,78.94461
Batch-4/R3_battery-4,103.75586854460094,94.887695
Batch-4/R3_battery-4,104.32968179447053,94.282974
Batch-4/R3_battery-4,101.46061554512258,94.41695
Batch-4/R3_battery-4,99.53051643192488,94.856674
Batch-4/R3_battery-4,99.32185706833594,82.943756
Batch-4/R3_battery-4,99.21752738654146,78.861855
Batch-4/R3_battery-4,103.86019822639541,93.30722
Batch-4/R3_battery-4,104.43401147626498,92.91662
Batch-4/R3_battery-4,101.56494522691706,93.02777
Batch-4/R3_battery-4,99.68701095461658,93.62944
Batch-4/R3_battery-4,99.47835159102765,82.94205
Batch-4/R3_battery-4,99.32185706833594,78.92445
Batch-4/R3_battery-4,103.86019822639541,92.650024
Batch-4/R3_battery-4,104.22535211267605,92.51837
Batch-4/R3_battery-4,101.35628586332813,92.65234
Batch-4/R3_battery-4,99.47835159102765,93.1813
Batch-4/R3_battery-4,99.32185706833594,82.705826
Batch-4/R3_battery-4,99.16536254564423,78.87359
Batch-4/R3_battery-4,103.80803338549818,92.442764
Batch-4/R3_battery-4,104.38184663536776,92.43099
Batch-4/R3_battery-4,101.61711006781428,92.55518
Batch-4/R3_battery-4,99.68701095461658,93.10866
Batch-4/R3_battery-4,99.53051643192488,82.65505
Batch-4/R3_battery-4,99.21752738654146,78.9003
Batch-4/R3_battery-4,103.91236306729263,92.45187
Batch-4/R3_battery-4,104.22535211267605,92.43644
Batch-4/R3_battery-4,101.51278038601981,92.542145
Batch-4/R3_battery-4,99.47835159102765,93.00028
Batch-4/R3_battery-4,99.26969222743871,82.69017
Batch-4/R3_battery-4,99.06103286384976,78.82436
Batch-4/R3_battery-4,103.86019822639541,92.46881
Batch-4/R3_battery-4,104.17318727177883,92.41996
Batch-4/R3_battery-4,101.56494522691706,92.542145
Batch-4/R3_battery-4,99.79134063641106,93.12944
Batch-4/R3_battery-4,99.42618675013041,82.640495
Batch-4/R3_battery-4,99.16536254564423,78.94127
Batch-4/R3_battery-4,103.91236306729263,92.456314
Batch-4/R3_battery-4,104.06885758998436,92.39993
Batch-4/R3_battery-4,101.19979134063641,92.4216
Batch-4/R3_battery-4,99.26969222743871,92.91477
Batch-4/R3_battery-4,99.113197704747,82.72551
Batch-4/R3_battery-4,98.85237350026082,78.804245
Batch-4/R3_battery-4,103.65153886280648,91.8954
Batch-4/R3_battery-4,103.91236306729263,91.84794
Batch-4/R3_battery-4,101.09546165884194,91.36322
Batch-4/R3_battery-4,99.26969222743871,91.88476
Batch-4/R3_battery-4,99.00886802295253,82.741165
Batch-4/R3_battery-4,98.85237350026082,78.69791
Batch-4/R3_battery-4,103.75586854460094,90.45836
Batch-4/R3_battery-4,103.86019822639541,90.34991
Batch-4/R3_battery-4,101.04329681794471,90.458786
Batch-4/R3_battery-4,99.21752738654146,91.133095
Batch-4/R3_battery-4,98.80020865936359,82.47931
Batch-4/R3_battery-4,98.64371413667187,78.66266
Batch-4/R3_battery-4,103.44287949921753,90.504776
Batch-4/R3_battery-4,103.547209181012,90.417305
Batch-4/R3_battery-4,100.93896713615023,90.54319
Batch-4/R3_battery-4,99.37402190923318,91.133095
Batch-4/R3_battery-4,99.06103286384976,82.54483
Batch-4/R3_battery-4,98.69587897756911,78.64868
Batch-4/R3_battery-4,103.65153886280648,90.47571
Batch-4/R3_battery-4,103.75586854460094,90.37377
Batch-4/R3_battery-4,100.99113197704746,90.467026
Batch-4/R3_battery-4,99.113197704747,91.13987
Batch-4/R3_battery-4,98.85237350026082,82.46443
Batch-4/R3_battery-4,98.59154929577464,78.619415
Batch-4/R3_battery-4,103.49504434011476,90.47571
Batch-4/R3_battery-4,103.59937402190924,90.34991
Batch-4/R3_battery-4,100.83463745435577,90.458786
Batch-4/R3_battery-4,99.06103286384976,91.124855
Batch-4/R3_battery-4,98.85237350026082,82.53508
Batch-4/R3_battery-4,98.59154929577464,78.685646
Batch-4/R3_battery-4,103.65153886280648,90.45836
Batch-4/R3_battery-4,103.75586854460094,90.3848
Batch-4/R3_battery-4,101.04329681794471,90.48008
Batch-4/R3_battery-4,99.16536254564423,91.133095
Batch-4/R3_battery-4,98.85237350026082,82.46706
Batch-4/R3_battery-4,98.48721961398017,78.61938
Batch-4/R3_battery-4,103.59937402190924,90.45836
Batch-4/R3_battery-4,103.59937402190924,90.39025
Batch-4/R3_battery-4,100.93896713615023,90.467026
Batch-4/R3_battery-4,99.06103286384976,91.06852
Batch-4/R3_battery-4,98.74804381846636,82.46706
Batch-4/R3_battery-4,98.43505477308294,78.47276
Batch-4/R3_battery-4,103.547209181012,90.4619
Batch-4/R3_battery-4,103.59937402190924,90.39025
Batch-4/R3_battery-4,100.99113197704746,90.487114
Batch-4/R3_battery-4,99.113197704747,91.15067
Batch-4/R3_battery-4,98.85237350026082,82.359375
Batch-4/R3_battery-4,98.43505477308294,78.5887
Batch-4/R3_battery-4,103.547209181012,90.46321
Batch-4/R3_battery-4,103.44287949921753,90.39025
Batch-4/R3_battery-4,100.78247261345852,90.467026
Batch-4/R3_battery-4,98.85237350026082,91.05583
Batch-4/R3_battery-4,98.59154929577464,82.32114
Batch-4/R3_battery-4,98.226395409494,78.65895
Batch-4/R3_battery-4,103.44287949921753,90.43868
Batch-4/R3_battery-4,103.547209181012,90.367035
Batch-4/R3_battery-4,100.93896713615023,90.4639
Batch-4/R3_battery-4,99.113197704747,91.1534
Batch-4/R3_battery-4,98.74804381846636,82.326385
Batch-4/R3_battery-4,98.27856025039124,78.527054
Batch-4/R3_battery-4,103.44287949921753,90.43478
Batch-4/R3_battery-4,103.39071465832028,90.35724
Batch-4/R3_battery-4,100.73030777256129,90.442184
Batch-4/R3_battery-4,98.85237350026082,91.05388
Batch-4/R3_battery-4,98.59154929577464,82.32114
Batch-4/R3_battery-4,98.12206572769952,78.670044
Batch-4/R3_battery-4,103.33854981742306,90.43478
Batch-4/R3_battery-4,103.33854981742306,90.346924
Batch-4/R3_battery-4,101.04329681794471,90.45412
Batch-4/R3_battery-4,99.32185706833594,91.08159
Batch-4/R3_battery-4,98.90453834115806,82.557304
Batch-4/R3_battery-4,98.33072509128847,79.257416
Batch-4/R3_battery-4,103.59937402190924,90.4128
Batch-4/R3_battery-4,103.49504434011476,90.32817
Batch-4/R3_battery-4,100.93896713615023,90.467545
Batch-4/R3_battery-4,99.113197704747,91.09425
Batch-4/R3_battery-4,98.80020865936359,82.55915
Batch-4/R3_battery-4,98.226395409494,79.24241
Batch-4/R3_battery-4,103.49504434011476,90.378746
Batch-4/R3_battery-4,103.39071465832028,90.32817
Batch-4/R3_battery-4,100.88680229525299,90.45412
Batch-4/R3_battery-4,99.00886802295253,91.09425
Batch-4/R3_battery-4,98.69587897756911,82.55915
Batch-4/R3_battery-4,98.17423056859676,79.24241
Batch-4/R3_battery-4,103.44287949921753,90.378746
Batch-4/R3_battery-4,103.33854981742306,90.32817
Batch-4/R3_battery-4,100.78247261345852,90.45412
Batch-4/R3_battery-4,98.85237350026082,91.07466
Batch-4/R3_battery-4,98.48721961398017,82.4797
Batch-4/R3_battery-4,98.01773604590505,78.15629
Batch-4/R3_battery-4,103.23422013562859,90.400276
Batch-4/R3_battery-4,103.12989045383412,90.37067
Batch-4/R3_battery-4,100.62597809076684,90.449234
Batch-4/R3_battery-4,98.69587897756911,90.98554
Batch-4/R3_battery-4,98.33072509128847,82.329346
Batch-4/R3_battery-4,97.86124152321335,78.10833
Batch-4/R3_battery-4,103.18205529473134,90.40539
Batch-4/R3_battery-4,103.02556077203964,90.35724
Batch-4/R3_battery-4,100.52164840897235,90.442184
Batch-4/R3_battery-4,98.59154929577464,90.98066
Batch-4/R3_battery-4,98.226395409494,82.326385
Batch-4/R3_battery-4,97.7569118414189,78.09432
Batch-4/R3_battery-4,103.02556077203964,90.40072
Batch-4/R3_battery-4,102.86906624934792,90.352356
Batch-4/R3_battery-4,100.36515388628064,90.43843
Batch-4/R3_battery-4,98.43505477308294,90.973625
Batch-4/R3_battery-4,98.12206572769952,82.32114
Batch-4/R3_battery-4,97.60041731872717,78.02212
Batch-4/R3_battery-4,102.9733959311424,90.40072
Batch-4/R3_battery-4,102.8169014084507,90.346924
Batch-4/R3_battery-4,100.26082420448617,90.429146
Batch-4/R3_battery-4,98.3828899321857,90.973625
Batch-4/R3_battery-4,98.01773604590505,82.262695
Batch-4/R3_battery-4,97.54825247782995,77.977104
Batch-4/R3_battery-4,102.86906624934792,90.38375
Batch-4/R3_battery-4,102.66040688575899,90.32422
Batch-4/R3_battery-4,100.10432968179448,90.41747
Batch-4/R3_battery-4,98.226395409494,90.85526
Batch-4/R3_battery-4,97.80907668231612,82.287476
Batch-4/R3_battery-4,97.33959311424101,77.9284
Batch-4/R3_battery-4,102.66040688575899,90.451225
Batch-4/R3_battery-4,102.50391236306729,90.300354
Batch-4/R3_battery-4,99.8435054773083,90.38504
Batch-4/R3_battery-4,97.96557120500782,90.87585
Batch-4/R3_battery-4,97.60041731872717,82.202866
Batch-4/R3_battery-4,97.18309859154928,77.89924
Batch-4/R3_battery-4,102.50391236306729,90.443596
Batch-4/R3_battery-4,102.29525299947835,90.292114
Batch-4/R3_battery-4,99.58268127282211,90.46353
Batch-4/R3_battery-4,97.70474700052164,90.82417
Batch-4/R3_battery-4,97.33959311424101,82.121704
Batch-4/R3_battery-4,96.92227438706313,77.85387
Batch-4/R3_battery-4,102.29525299947835,90.394745
Batch-4/R3_battery-4,102.08659363588941,90.370605
Batch-4/R3_battery-4,99.32185706833594,90.61258
Batch-4/R3_battery-4,97.44392279603548,90.7417
Batch-4/R3_battery-4,97.07876890975481,82.12012
Batch-4/R3_battery-4,96.71361502347419,77.8878
Batch-4/R3_battery-4,102.03442879499217,90.36754
Batch-4/R3_battery-4,101.72143974960876,90.370605
Batch-4/R3_battery-4,98.95670318205529,89.91474
Batch-4/R3_battery-4,97.0266040688576,90.65465
Batch-4/R3_battery-4,96.66145018257694,82.2014
Batch-4/R3_battery-4,96.34846113719352,77.84953
Batch-4/R3_battery-4,101.72143974960876,90.417435
Batch-4/R3_battery-4,101.30412102243088,90.58883
Batch-4/R3_battery-4,98.43505477308294,89.22697
Batch-4/R3_battery-4,96.50495565988524,89.11476
Batch-4/R3_battery-4,96.13980177360459,82.97056
Batch-4/R3_battery-4,95.87897756911842,78.190155
Batch-4/R3_battery-4,101.30412102243088,90.64921
Batch-4/R3_battery-4,100.83463745435577,89.22345
Batch-4/R3_battery-4,97.91340636411059,89.18618
Batch-4/R3_battery-4,95.98330725091289,89.21335
Batch-4/R3_battery-4,95.67031820552947,83.103615
Batch-4/R3_battery-4,95.61815336463224,78.90312
Batch-4/R3_battery-4,100.93896713615023,89.970795
Batch-4/R3_battery-4,100.57381324986959,89.31351
Batch-4/R3_battery-4,97.60041731872717,89.18618
Batch-4/R3_battery-4,95.7224830464267,89.243484
Batch-4/R3_battery-4,95.46165884194053,83.10526
Batch-4/R3_battery-4,95.30516431924883,78.25036
Batch-4/R3_battery-4,100.78247261345852,89.60887
Batch-4/R3_battery-4,100.41731872717787,89.31351
Batch-4/R3_battery-4,97.4960876369327,89.18618
Batch-4/R3_battery-4,95.61815336463224,89.21359
Batch-4/R3_battery-4,95.30516431924883,83.10526
Batch-4/R3_battery-4,95.14866979655712,78.15801
Batch-4/R3_battery-4,100.62597809076684,89.30136
Batch-4/R3_battery-4,100.1564945226917,89.31351
Batch-4/R3_battery-4,97.23526343244654,89.18618
Batch-4/R3_battery-4,95.30516431924883,89.383255
Batch-4/R3_battery-4,95.04434011476265,81.23144
Batch-4/R3_battery-4,94.88784559207095,78.09089
Batch-4/R3_battery-4,100.36515388628064,89.370346
Batch-4/R3_battery-4,99.94783515910277,89.31351
Batch-4/R3_battery-4,97.13093375065206,89.18618
Batch-4/R3_battery-4,95.14866979655712,89.552246
Batch-4/R3_battery-4,94.88784559207095,81.23144
Batch-4/R3_battery-4,94.67918622848201,78.085655
Batch-4/R3_battery-4,100.20865936358894,89.36981
Batch-4/R3_battery-4,99.8435054773083,89.31351
Batch-4/R3_battery-4,96.81794470526866,89.14046
Batch-4/R3_battery-4,94.88784559207095,89.732346
Batch-4/R3_battery-4,94.62702138758476,81.21557
Batch-4/R3_battery-4,94.47052686489306,78.069786
Batch-4/R3_battery-4,100.10432968179448,89.43739
Batch-4/R3_battery-4,99.68701095461658,89.31012
Batch-4/R3_battery-4,96.71361502347419,89.14046
Batch-4/R3_battery-4,94.94001043296818,89.55844
Batch-4/R3_battery-4,94.57485654668753,81.21557
Batch-4/R3_battery-4,94.41836202399583,78.07502
Batch-4/R3_battery-4,100.05216484089723,89.33238
Batch-4/R3_battery-4,99.53051643192488,89.302574
Batch-4/R3_battery-4,96.60928534167971,89.14046
Batch-4/R3_battery-4,94.57485654668753,90.10491
Batch-4/R3_battery-4,94.26186750130412,81.21557
Batch-4/R3_battery-4,94.05320813771517,78.069786
Batch-4/R3_battery-4,99.89567031820553,89.40335
Batch-4/R3_battery-4,99.42618675013041,89.26777
Batch-4/R3_battery-4,96.55712050078247,89.14046
Batch-4/R3_battery-4,94.5226917057903,90.10662
Batch-4/R3_battery-4,94.41836202399583,81.21557
Batch-4/R3_battery-4,94.05320813771517,78.069786
Batch-4/R3_battery-4,99.79134063641106,89.33238
Batch-4/R3_battery-4,99.21752738654146,89.26777
Batch-4/R3_battery-4,96.24413145539906,89.14046
Batch-4/R3_battery-4,94.15753781950964,89.088554
Batch-4/R3_battery-4,93.9488784559207,81.164925
Batch-4/R3_battery-4,93.68805425143454,77.99914
Batch-4/R3_battery-4,99.42618675013041,89.40335
Batch-4/R3_battery-4,99.113197704747,89.26777
Batch-4/R3_battery-4,96.2962962962963,89.14046
Batch-4/R3_battery-4,94.31403234220136,89.89892
Batch-4/R3_battery-4,94.00104329681794,81.25022
Batch-4/R3_battery-4,93.68805425143454,78.069786
Batch-4/R3_battery-4,99.53051643192488,89.2379
Batch-4/R3_battery-4,99.00886802295253,89.26777
Batch-4/R3_battery-4,96.08763693270735,89.14046
Batch-4/R3_battery-4,94.00104329681794,89.054596
Batch-4/R3_battery-4,93.68805425143454,81.164925
Batch-4/R3_battery-4,93.42723004694835,77.99914
Batch-4/R3_battery-4,99.26969222743871,89.40335
Batch-4/R3_battery-4,98.64371413667187,89.26777
Batch-4/R3_battery-4,95.93114241001565,89.14046
Batch-4/R3_battery-4,94.10537297861241,89.088554
Batch-4/R3_battery-4,93.84454877412624,81.25022
Batch-4/R3_battery-4,93.47939488784559,78.16415
Batch-4/R3_battery-4,99.37402190923318,89.47229
Batch-4/R3_battery-4,98.74804381846636,89.26774
Batch-4/R3_battery-4,95.87897756911842,89.14041
Batch-4/R3_battery-4,93.89671361502347,89.07037
Batch-4/R3_battery-4,93.63588941053729,81.24473
Batch-4/R3_battery-4,93.37506520605112,78.06429
Batch-4/R3_battery-4,99.21752738654146,89.47229
Batch-4/R3_battery-4,98.69587897756911,89.26774
Batch-4/R3_battery-4,95.82681272822117,89.14041
Batch-4/R3_battery-4,93.9488784559207,89.04094
Batch-4/R3_battery-4,93.58372456964005,81.24064
Batch-4/R3_battery-4,93.21857068335942,78.154564
Batch-4/R3_battery-4,99.21752738654146,89.41821
Batch-4/R3_battery-4,98.69587897756911,89.2665
Batch-4/R3_battery-4,95.7224830464267,89.13919
Batch-4/R3_battery-4,93.74021909233177,89.026
Batch-4/R3_battery-4,93.42723004694835,81.24064
Batch-4/R3_battery-4,93.16640584246218,78.15981
Batch-4/R3_battery-4,99.06103286384976,89.46463
Batch-4/R3_battery-4,98.43505477308294,89.26008
Batch-4/R3_battery-4,95.51382368283777,89.13277
Batch-4/R3_battery-4,93.58372456964005,88.58127
Batch-4/R3_battery-4,93.16640584246218,81.14893
Batch-4/R3_battery-4,93.00991131977047,78.141045
Batch-4/R3_battery-4,99.00886802295253,89.26756
Batch-4/R3_battery-4,98.33072509128847,89.06301
Batch-4/R3_battery-4,95.46165884194053,88.9357
Batch-4/R3_battery-4,93.53155972874282,88.57828
Batch-4/R3_battery-4,93.21857068335942,81.22437
Batch-4/R3_battery-4,92.905581637976,78.1312
Batch-4/R3_battery-4,99.00886802295253,89.21472
Batch-4/R3_battery-4,98.3828899321857,89.06301
Batch-4/R3_battery-4,95.30516431924883,88.9357
Batch-4/R3_battery-4,93.37506520605112,88.34828
Batch-4/R3_battery-4,93.00991131977047,81.13909
Batch-4/R3_battery-4,92.69692227438706,78.1312
Batch-4/R3_battery-4,98.85237350026082,89.21472
Batch-4/R3_battery-4,98.33072509128847,89.06301
Batch-4/R3_battery-4,95.61815336463224,88.9357
Batch-4/R3_battery-4,93.47939488784559,88.30449
Batch-4/R3_battery-4,93.21857068335942,81.22437
Batch-4/R3_battery-4,92.7490871152843,78.13943
Batch-4/R3_battery-4,98.95670318205529,89.104355
Batch-4/R3_battery-4,98.33072509128847,89.06301
Batch-4/R3_battery-4,95.35732916014607,88.9357
Batch-4/R3_battery-4,93.32290036515388,88.36252
Batch-4/R3_battery-4,93.00991131977047,81.13038
Batch-4/R3_battery-4,92.64475743348983,78.130714
Batch-4/R3_battery-4,98.80020865936359,89.17532
Batch-4/R3_battery-4,98.226395409494,89.06301
Batch-4/R3_battery-4,95.30516431924883,88.9357
Batch-4/R3_battery-4,93.37506520605112,88.30838
Batch-4/R3_battery-4,93.0620761606677,81.215675
Batch-4/R3_battery-4,92.69692227438706,78.196495
Batch-4/R3_battery-4,98.74804381846636,89.21472
Batch-4/R3_battery-4,98.17423056859676,89.06301
Batch-4/R3_battery-4,95.20083463745436,88.9357
Batch-4/R3_battery-4,93.21857068335942,88.42166
Batch-4/R3_battery-4,92.85341679707876,81.207375
Batch-4/R3_battery-4,92.48826291079811,78.11317
Batch-4/R3_battery-4,98.64371413667187,89.16704
Batch-4/R3_battery-4,98.12206572769952,89.054726
Batch-4/R3_battery-4,95.4094940010433,88.9274
Batch-4/R3_battery-4,93.42723004694835,88.35572
Batch-4/R3_battery-4,93.0620761606677,81.207375
Batch-4/R3_battery-4,92.59259259259258,78.20841
Batch-4/R3_battery-4,98.80020865936359,88.93118
Batch-4/R3_battery-4,98.17423056859676,89.06384
Batch-4/R3_battery-4,95.30516431924883,88.89418
Batch-4/R3_battery-4,93.27073552425665,88.31059
Batch-4/R3_battery-4,92.905581637976,81.175545
Batch-4/R3_battery-4,92.43609806990088,78.23783
Batch-4/R3_battery-4,98.69587897756911,88.96193
Batch-4/R3_battery-4,97.96557120500782,89.02149
Batch-4/R3_battery-4,95.2529994783516,88.89418
Batch-4/R3_battery-4,93.37506520605112,88.29557
Batch-4/R3_battery-4,93.00991131977047,81.175545
Batch-4/R3_battery-4,92.48826291079811,78.17623
Batch-4/R3_battery-4,98.80020865936359,88.75043
Batch-4/R3_battery-4,98.17423056859676,88.94917
Batch-4/R3_battery-4,95.30516431924883,88.77951
Batch-4/R3_battery-4,93.16640584246218,88.33881
Batch-4/R3_battery-4,92.80125195618153,81.175545
Batch-4/R3_battery-4,92.33176838810641,78.2156
Batch-4/R3_battery-4,98.64371413667187,88.74556
Batch-4/R3_battery-4,97.86124152321335,88.90684
Batch-4/R3_battery-4,94.99217527386541,88.77951
Batch-4/R3_battery-4,93.00991131977047,88.44153
Batch-4/R3_battery-4,92.64475743348983,81.175545
Batch-4/R3_battery-4,92.27960354720918,78.18292
Batch-4/R3_battery-4,98.64371413667187,88.74556
Batch-4/R3_battery-4,97.91340636411059,88.94917
Batch-4/R3_battery-4,95.14866979655712,88.77951
Batch-4/R3_battery-4,93.0620761606677,88.42485
Batch-4/R3_battery-4,92.64475743348983,81.15516
Batch-4/R3_battery-4,92.12310902451748,78.15583
Batch-4/R3_battery-4,98.5393844548774,88.77431
Batch-4/R3_battery-4,97.7569118414189,88.90484
Batch-4/R3_battery-4,94.88784559207095,88.77753
Batch-4/R3_battery-4,92.7490871152843,88.27519
Batch-4/R3_battery-4,92.38393322900365,81.146484
Batch-4/R3_battery-4,92.01877934272301,78.18654
Batch-4/R3_battery-4,98.48721961398017,88.8003
Batch-4/R3_battery-4,97.80907668231612,88.899284
Batch-4/R3_battery-4,95.04434011476265,88.77197
Batch-4/R3_battery-4,92.95774647887323,88.45264
Batch-4/R3_battery-4,92.48826291079811,81.13266
Batch-4/R3_battery-4,92.01877934272301,78.13494
Batch-4/R3_battery-4,98.3828899321857,88.75312
Batch-4/R3_battery-4,97.60041731872717,88.89233
Batch-4/R3_battery-4,94.67918622848201,88.765015
Batch-4/R3_battery-4,92.64475743348983,88.23367
Batch-4/R3_battery-4,92.17527386541471,81.0395
Batch-4/R3_battery-4,91.70579029733959,78.18163
Batch-4/R3_battery-4,98.27856025039124,88.995964
Batch-4/R3_battery-4,97.65258215962442,88.89233
Batch-4/R3_battery-4,94.73135106937924,88.765015
Batch-4/R3_battery-4,92.80125195618153,88.270004
Batch-4/R3_battery-4,92.33176838810641,81.13266
Batch-4/R3_battery-4,91.81011997913406,78.13472
Batch-4/R3_battery-4,98.27856025039124,88.82409
Batch-4/R3_battery-4,97.4960876369327,88.89233
Batch-4/R3_battery-4,94.5226917057903,88.765015
Batch-4/R3_battery-4,92.54042775169535,88.48219
Batch-4/R3_battery-4,92.12310902451748,80.97382
Batch-4/R3_battery-4,91.60146061554512,78.13398
Batch-4/R3_battery-4,98.12206572769952,89.00655
Batch-4/R3_battery-4,97.44392279603548,88.86353
Batch-4/R3_battery-4,94.62702138758476,88.736206
Batch-4/R3_battery-4,92.54042775169535,88.48219
Batch-4/R3_battery-4,92.17527386541471,81.04649
Batch-4/R3_battery-4,91.75795513823682,78.152374
Batch-4/R3_battery-4,98.226395409494,88.8962
Batch-4/R3_battery-4,97.39175795513823,88.86353
Batch-4/R3_battery-4,94.5226917057903,88.736206
Batch-4/R3_battery-4,92.43609806990088,88.64833
Batch-4/R3_battery-4,91.91444966092853,81.03235
Batch-4/R3_battery-4,91.39280125195619,78.49128
Batch-4/R3_battery-4,98.01773604590505,88.96717
Batch-4/R3_battery-4,97.23526343244654,88.86353
Batch-4/R3_battery-4,94.5226917057903,88.736206
Batch-4/R3_battery-4,92.59259259259258,88.16774
Batch-4/R3_battery-4,92.07094418362023,81.00807
Batch-4/R3_battery-4,91.49713093375065,78.031586
Batch-4/R3_battery-4,98.06990088680229,88.72433
Batch-4/R3_battery-4,97.28742827334376,88.86353
Batch-4/R3_battery-4,94.41836202399583,88.736206
Batch-4/R3_battery-4,92.38393322900365,88.563385
Batch-4/R3_battery-4,91.91444966092853,81.00314
Batch-4/R3_battery-4,91.2884715701617,78.031586
Batch-4/R3_battery-4,98.01773604590505,89.00456
Batch-4/R3_battery-4,97.13093375065206,88.86154
Batch-4/R3_battery-4,94.26186750130412,88.736206
Batch-4/R3_battery-4,92.22743870631194,88.64833
Batch-4/R3_battery-4,91.75795513823682,80.95433
Batch-4/R3_battery-4,91.23630672926448,77.97699
Batch-4/R3_battery-4,98.01773604590505,88.887024
Batch-4/R3_battery-4,97.18309859154928,88.84538
Batch-4/R3_battery-4,94.31403234220136,88.723236
Batch-4/R3_battery-4,92.22743870631194,88.8143
Batch-4/R3_battery-4,91.70579029733959,80.93637
Batch-4/R3_battery-4,91.13197704747002,78.006134
Batch-4/R3_battery-4,97.86124152321335,89.02504
Batch-4/R3_battery-4,97.0266040688576,88.82916
Batch-4/R3_battery-4,94.15753781950964,88.707016
Batch-4/R3_battery-4,92.07094418362023,88.8176
Batch-4/R3_battery-4,91.54929577464787,80.85713
Batch-4/R3_battery-4,90.9754825247783,77.99144
Batch-4/R3_battery-4,97.7569118414189,89.013306
Batch-4/R3_battery-4,97.0266040688576,88.81827
Batch-4/R3_battery-4,94.15753781950964,88.69612
Batch-4/R3_battery-4,92.01877934272301,88.55751
Batch-4/R3_battery-4,91.49713093375065,80.79207
Batch-4/R3_battery-4,90.9754825247783,77.90376
Batch-4/R3_battery-4,97.70474700052164,88.98723
Batch-4/R3_battery-4,96.87010954616588,88.792206
Batch-4/R3_battery-4,93.9488784559207,88.63086
Batch-4/R3_battery-4,91.75795513823682,88.54169
Batch-4/R3_battery-4,91.18414188836724,80.69988
Batch-4/R3_battery-4,90.6624934793949,77.806015
Batch-4/R3_battery-4,97.65258215962442,88.98688
Batch-4/R3_battery-4,96.76577986437141,88.791
Batch-4/R3_battery-4,94.00104329681794,88.66885
Batch-4/R3_battery-4,91.91444966092853,88.51018
Batch-4/R3_battery-4,91.2884715701617,80.691795
Batch-4/R3_battery-4,90.6624934793949,77.899796
Batch-4/R3_battery-4,97.65258215962442,88.98549
Batch-4/R3_battery-4,96.76577986437141,88.79045
Batch-4/R3_battery-4,93.792383933229,88.629105
Batch-4/R3_battery-4,91.54929577464787,88.36093
Batch-4/R3_battery-4,90.9754825247783,80.691795
Batch-4/R3_battery-4,90.29733959311424,77.84148
Batch-4/R3_battery-4,97.44392279603548,88.98549
Batch-4/R3_battery-4,96.60928534167971,88.79045
Batch-4/R3_battery-4,93.63588941053729,88.629105
Batch-4/R3_battery-4,91.49713093375065,88.58098
Batch-4/R3_battery-4,90.92331768388107,80.32461
Batch-4/R3_battery-4,90.24517475221701,77.86429
Batch-4/R3_battery-4,97.39175795513823,88.98549
Batch-4/R3_battery-4,96.50495565988524,88.79045
Batch-4/R3_battery-4,93.53155972874282,88.629105
Batch-4/R3_battery-4,91.13197704747002,88.46248
Batch-4/R3_battery-4,90.55816379760041,80.363365
Batch-4/R3_battery-4,89.82785602503913,77.72859
Batch-4/R3_battery-4,97.18309859154928,88.89961
Batch-4/R3_battery-4,96.19196661450184,88.771225
Batch-4/R3_battery-4,93.32290036515388,88.60988
Batch-4/R3_battery-4,91.07981220657277,88.44627
Batch-4/R3_battery-4,90.45383411580595,80.363365
Batch-4/R3_battery-4,89.77569118414189,77.76459
Batch-4/R3_battery-4,97.13093375065206,88.96626
Batch-4/R3_battery-4,96.19196661450184,88.771225
Batch-4/R3_battery-4,93.16640584246218,88.60988
Batch-4/R3_battery-4,90.8189880020866,88.44627
Batch-4/R3_battery-4,90.14084507042254,80.363365
Batch-4/R3_battery-4,89.41053729786124,77.70492
Batch-4/R3_battery-4,96.87010954616588,88.8916
Batch-4/R3_battery-4,95.93114241001565,88.763214
Batch-4/R3_battery-4,92.85341679707876,88.5923
Batch-4/R3_battery-4,90.55816379760041,88.1095
Batch-4/R3_battery-4,89.82785602503913,80.34637
Batch-4/R3_battery-4,89.14971309337507,77.7443
Batch-4/R3_battery-4,96.71361502347419,88.85208
Batch-4/R3_battery-4,95.7224830464267,88.763214
Batch-4/R3_battery-4,92.64475743348983,88.48003
Batch-4/R3_battery-4,90.24517475221701,88.72394
Batch-4/R3_battery-4,89.51486697965571,80.34637
Batch-4/R3_battery-4,88.83672404799165,77.7443
Batch-4/R3_battery-4,96.50495565988524,88.92107
Batch-4/R3_battery-4,95.46165884194053,88.763214
Batch-4/R3_battery-4,92.38393322900365,88.5923
Batch-4/R3_battery-4,89.9321857068336,89.1128
Batch-4/R3_battery-4,89.2018779342723,80.34637
Batch-4/R3_battery-4,88.52373500260823,77.76652
Batch-4/R3_battery-4,96.40062597809077,88.92107
Batch-4/R3_battery-4,95.46165884194053,88.763214
Batch-4/R3_battery-4,92.22743870631194,88.48003
Batch-4/R3_battery-4,89.72352634324466,89.14126
Batch-4/R3_battery-4,88.94105372978612,80.34637
Batch-4/R3_battery-4,88.26291079812206,74.65722
Batch-4/R3_battery-4,96.13980177360459,88.92107
Batch-4/R3_battery-4,95.14866979655712,88.724014
Batch-4/R3_battery-4,92.01877934272301,88.46994
Batch-4/R3_battery-4,89.41053729786124,89.11376
Batch-4/R3_battery-4,88.57589984350547,80.33695
Batch-4/R3_battery-4,87.89775691184141,74.55012
Batch-4/R3_battery-4,95.98330725091289,88.8938
Batch-4/R3_battery-4,95.04434011476265,88.73596
Batch-4/R3_battery-4,91.96661450182576,88.452774
Batch-4/R3_battery-4,89.25404277516954,90.22277
Batch-4/R3_battery-4,88.36724047991653,80.319786
Batch-4/R3_battery-4,87.63693270735524,74.57418
Batch-4/R3_battery-4,95.77464788732395,88.80376
Batch-4/R3_battery-4,94.73135106937924,88.67569
Batch-4/R3_battery-4,91.39280125195619,88.4317
Batch-4/R3_battery-4,88.68022952529995,90.37426
Batch-4/R3_battery-4,87.89775691184141,78.760506
Batch-4/R3_battery-4,87.06311945748566,74.46731
Batch-4/R3_battery-4,95.4094940010433,88.87274
Batch-4/R3_battery-4,94.67918622848201,88.71489
Batch-4/R3_battery-4,91.54929577464787,88.4317
Batch-4/R3_battery-4,88.83672404799165,90.34043
Batch-4/R3_battery-4,87.89775691184141,78.713234
Batch-4/R3_battery-4,86.90662493479394,74.51926
Batch-4/R3_battery-4,95.2529994783516,88.80376
Batch-4/R3_battery-4,94.20970266040689,88.67569
Batch-4/R3_battery-4,90.9754825247783,88.4317
Batch-4/R3_battery-4,88.10641627543036,90.04665
Batch-4/R3_battery-4,87.21961398017736,78.760506
Batch-4/R3_battery-4,86.38497652582159,74.5001
Batch-4/R3_battery-4,94.78351591027648,88.86937
Batch-4/R3_battery-4,93.89671361502347,88.67232
Batch-4/R3_battery-4,90.6624934793949,88.4317
Batch-4/R3_battery-4,87.94992175273865,90.00199
Batch-4/R3_battery-4,87.11528429838289,78.71584
Batch-4/R3_battery-4,86.17631716223265,74.54303
Batch-4/R3_battery-4,94.5226917057903,88.75554
Batch-4/R3_battery-4,93.63588941053729,88.55849
Batch-4/R3_battery-4,90.24517475221701,88.34314
Batch-4/R3_battery-4,87.32394366197182,89.67035
Batch-4/R3_battery-4,86.43714136671883,78.71584
Batch-4/R3_battery-4,85.60250391236308,74.52837
Batch-4/R3_battery-4,93.9488784559207,88.74971
Batch-4/R3_battery-4,93.11424100156493,88.54881
Batch-4/R3_battery-4,89.82785602503913,88.339294
Batch-4/R3_battery-4,86.95878977569119,89.320114
Batch-4/R3_battery-4,86.07198748043818,78.68905
Batch-4/R3_battery-4,85.13302034428794,74.49256
Batch-4/R3_battery-4,93.68805425143454,88.739
Batch-4/R3_battery-4,92.69692227438706,88.54196
Batch-4/R3_battery-4,89.41053729786124,88.33244
Batch-4/R3_battery-4,86.38497652582159,88.713425
Batch-4/R3_battery-4,85.39384454877413,78.68905
Batch-4/R3_battery-4,84.40271257172665,72.723206
Batch-4/R3_battery-4,93.21857068335942,88.739
Batch-4/R3_battery-4,92.12310902451748,88.54196
Batch-4/R3_battery-4,88.73239436619718,88.33244
Batch-4/R3_battery-4,85.6546687532603,88.440765
Batch-4/R3_battery-4,84.87219613980177,77.856995
Batch-4/R3_battery-4,83.82889932185707,72.6617
Batch-4/R3_battery-4,92.80125195618153,88.739
Batch-4/R3_battery-4,91.70579029733959,88.54196
Batch-4/R3_battery-4,88.36724047991653,88.33244
Batch-4/R3_battery-4,85.34167970787688,88.38237
Batch-4/R3_battery-4,84.29838288993218,77.77472
Batch-4/R3_battery-4,83.25508607198748,72.64343
Batch-4/R3_battery-4,92.17527386541471,88.69997
Batch-4/R3_battery-4,91.07981220657277,88.48503
Batch-4/R3_battery-4,87.63693270735524,88.27551
Batch-4/R3_battery-4,84.55920709441837,87.877075
Batch-4/R3_battery-4,83.67240479916536,77.83873
Batch-4/R3_battery-4,82.47261345852894,72.634224
Batch-4/R3_battery-4,91.60146061554512,88.68208
Batch-4/R3_battery-4,90.55816379760041,88.48503
Batch-4/R3_battery-4,87.21961398017736,88.24147
Batch-4/R3_battery-4,84.08972352634325,87.78158
Batch-4/R3_battery-4,83.04642670839854,77.77472
Batch-4/R3_battery-4,81.7944705268649,72.60345
Batch-4/R3_battery-4,91.02764736567553,88.64841
Batch-4/R3_battery-4,89.88002086593636,88.451355
Batch-4/R3_battery-4,86.48930620761605,88.276764
Batch-4/R3_battery-4,83.35941575378195,81.67479
Batch-4/R3_battery-4,82.31611893583725,67.15483
Batch-4/R3_battery-4,81.11632759520083,72.61065
Batch-4/R3_battery-4,90.34950443401148,88.65958
Batch-4/R3_battery-4,89.51486697965571,88.451355
Batch-4/R3_battery-4,86.17631716223265,88.24184
Batch-4/R3_battery-4,82.94209702660407,81.55442
Batch-4/R3_battery-4,81.95096504955659,77.71176
Batch-4/R3_battery-4,80.64684402712572,72.57797
Batch-4/R3_battery-4,89.88002086593636,88.64841
Batch-4/R3_battery-4,88.78455920709442,88.451355
Batch-4/R3_battery-4,85.34167970787688,88.05327
Batch-4/R3_battery-4,82.21178925404277,81.44433
Batch-4/R3_battery-4,81.2206572769953,66.99702
Batch-4/R3_battery-4,80.0208659363589,72.57797
Batch-4/R3_battery-4,89.25404277516954,88.637375
Batch-4/R3_battery-4,88.1585811163276,88.42915
Batch-4/R3_battery-4,84.97652582159624,88.05327
Batch-4/R3_battery-4,81.84663536776212,81.06457
Batch-4/R3_battery-4,80.75117370892019,67.001335
Batch-4/R3_battery-4,79.39488784559207,61.48968
Batch-4/R3_battery-4,88.83672404799165,88.64244
Batch-4/R3_battery-4,87.68909754825248,88.42915
Batch-4/R3_battery-4,84.24621804903495,88.05327
Batch-4/R3_battery-4,81.01199791340636,80.797676
Batch-4/R3_battery-4,79.96870109546165,67.001335
Batch-4/R3_battery-4,78.45592070944184,56.953358
Batch-4/R3_battery-4,88.1585811163276,88.63957
Batch-4/R3_battery-4,86.95878977569119,88.426285
Batch-4/R3_battery-4,83.46374543557641,88.050385
Batch-4/R3_battery-4,80.38601982263953,80.02143
Batch-4/R3_battery-4,79.34272300469483,66.95782
Batch-4/R3_battery-4,77.829942618675,56.909847
Batch-4/R3_battery-4,87.63693270735524,88.63957
Batch-4/R3_battery-4,86.59363588941054,88.426285
Batch-4/R3_battery-4,83.25508607198748,88.050385
Batch-4/R3_battery-4,79.91653625456442,79.55102
Batch-4/R3_battery-4,78.82107459572248,66.95782
Batch-4/R3_battery-4,77.20396452790818,57.007545
Batch-4/R3_battery-4,87.06311945748566,88.4303
Batch-4/R3_battery-4,85.91549295774648,88.41832
Batch-4/R3_battery-4,82.42044861763172,87.98456
Batch-4/R3_battery-4,79.18622848200313,79.51107
Batch-4/R3_battery-4,78.03860198226396,66.63982
Batch-4/R3_battery-4,76.36932707355241,56.89727
Batch-4/R3_battery-4,86.48930620761605,88.4303
Batch-4/R3_battery-4,85.34167970787688,88.24896
Batch-4/R3_battery-4,81.95096504955659,87.989624
Batch-4/R3_battery-4,78.71674491392801,79.52827
Batch-4/R3_battery-4,77.62128325508607,66.63982
Batch-4/R3_battery-4,75.74334898278559,57.00416
Batch-4/R3_battery-4,86.01982263954095,88.4303
Batch-4/R3_battery-4,84.92436098069899,88.24484
Batch-4/R3_battery-4,81.2206572769953,87.9827
Batch-4/R3_battery-4,78.14293166405842,79.44761
Batch-4/R3_battery-4,76.89097548252477,66.6366
Batch-4/R3_battery-4,75.0130412102243,56.90324
Batch-4/R3_battery-4,85.34167970787688,88.41554
Batch-4/R3_battery-4,84.14188836724048,88.23421
Batch-4/R3_battery-4,80.69900886802294,87.97206
Batch-4/R3_battery-4,77.62128325508607,79.35905
Batch-4/R3_battery-4,76.4736567553469,66.6366
Batch-4/R3_battery-4,74.64788732394366,56.971416
Batch-4/R3_battery-4,84.87219613980177,88.41222
Batch-4/R3_battery-4,83.82889932185707,88.230865
Batch-4/R3_battery-4,80.22952529994784,87.968735
Batch-4/R3_battery-4,76.99530516431925,79.13618
Batch-4/R3_battery-4,75.74334898278559,66.63748
Batch-4/R3_battery-4,73.91757955138237,56.964222
Batch-4/R3_battery-4,84.24621804903495,88.39583
Batch-4/R3_battery-4,83.09859154929578,88.21449
Batch-4/R3_battery-4,79.49921752738655,87.098236
Batch-4/R3_battery-4,76.21283255086072,78.72292
Batch-4/R3_battery-4,74.90871152842983,66.91078
Batch-4/R3_battery-4,73.0829420970266,56.99363
Batch-4/R3_battery-4,83.62023995826813,88.29857
Batch-4/R3_battery-4,82.73343766301512,88.21956
Batch-4/R3_battery-4,79.23839332290036,87.95235
Batch-4/R3_battery-4,76.10850286906626,78.66953
Batch-4/R3_battery-4,74.80438184663537,66.91078
Batch-4/R3_battery-4,72.66562336984872,56.92235
Batch-4/R3_battery-4,83.15075639019301,88.32736
Batch-4/R3_battery-5,105.47290116896919,99.8738
Batch-4/R3_battery-5,100.0,99.69538
Batch-4/R3_battery-5,98.1402763018066,99.72552
Batch-4/R3_battery-5,96.43995749202976,98.111725
Batch-4/R3_battery-5,97.66206163655686,85.175354
Batch-4/R3_battery-5,99.41551540913922,80.53035
Batch-4/R3_battery-5,100.69075451647184,97.54944
Batch-4/R3_battery-5,101.85972369819342,97.40744
Batch-4/R3_battery-5,99.52178533475026,97.56283
Batch-4/R3_battery-5,97.98087141339002,97.377075
Batch-4/R3_battery-5,98.03400637619553,84.350784
Batch-4/R3_battery-5,99.7874601487779,80.46714
Batch-4/R3_battery-5,101.85972369819342,97.10826
Batch-4/R3_battery-5,102.8161530286929,96.93622
Batch-4/R3_battery-5,100.47821466524974,97.01005
Batch-4/R3_battery-5,98.99043570669501,97.337425
Batch-4/R3_battery-5,99.25611052072266,83.66145
Batch-4/R3_battery-5,100.26567481402763,79.98778
Batch-4/R3_battery-5,102.86928799149841,97.007454
Batch-4/R3_battery-5,103.45377258235919,96.9144
Batch-4/R3_battery-5,101.27523910733262,97.19424
Batch-4/R3_battery-5,99.7874601487779,97.294365
Batch-4/R3_battery-5,99.94686503719447,83.68233
Batch-4/R3_battery-5,100.69075451647184,79.988556
Batch-4/R3_battery-5,103.61317747077577,96.91195
Batch-4/R3_battery-5,103.98512221041447,96.63564
Batch-4/R3_battery-5,101.80658873538788,96.950745
Batch-4/R3_battery-5,100.26567481402763,96.92639
Batch-4/R3_battery-5,100.42507970244421,83.64847
Batch-4/R3_battery-5,100.95642933049946,79.945755
Batch-4/R3_battery-5,104.14452709883105,96.87288
Batch-4/R3_battery-5,104.19766206163656,96.65566
Batch-4/R3_battery-5,102.07226354941552,96.950745
Batch-4/R3_battery-5,100.5844845908608,96.68961
Batch-4/R3_battery-5,100.74388947927737,83.6378
Batch-4/R3_battery-5,101.11583421891606,79.93509
Batch-4/R3_battery-5,104.41020191285868,96.17943
Batch-4/R3_battery-5,104.41020191285868,96.048706
Batch-4/R3_battery-5,102.28480340063764,96.19572
Batch-4/R3_battery-5,100.90329436769395,96.39273
Batch-4/R3_battery-5,100.90329436769395,83.318344
Batch-4/R3_battery-5,101.16896918172158,79.70279
Batch-4/R3_battery-5,104.62274176408077,95.46161
Batch-4/R3_battery-5,104.46333687566418,95.43731
Batch-4/R3_battery-5,102.4442082890542,95.61675
Batch-4/R3_battery-5,101.009564293305,95.834564
Batch-4/R3_battery-5,100.95642933049946,82.999664
Batch-4/R3_battery-5,101.0626992561105,79.45176
Batch-4/R3_battery-5,104.72901168969182,95.41196
Batch-4/R3_battery-5,104.41020191285868,95.42759
Batch-4/R3_battery-5,102.49734325185973,95.58358
Batch-4/R3_battery-5,101.27523910733262,95.23484
Batch-4/R3_battery-5,101.11583421891606,82.99815
Batch-4/R3_battery-5,101.11583421891606,79.3362
Batch-4/R3_battery-5,104.78214665249735,94.92569
Batch-4/R3_battery-5,104.35706695005314,94.379944
Batch-4/R3_battery-5,102.33793836344314,94.52598
Batch-4/R3_battery-5,100.90329436769395,94.69342
Batch-4/R3_battery-5,100.90329436769395,82.70891
Batch-4/R3_battery-5,101.009564293305,79.369064
Batch-4/R3_battery-5,104.78214665249735,93.30795
Batch-4/R3_battery-5,104.35706695005314,92.98253
Batch-4/R3_battery-5,102.39107332624869,93.12856
Batch-4/R3_battery-5,100.95642933049946,93.40866
Batch-4/R3_battery-5,100.95642933049946,82.710526
Batch-4/R3_battery-5,100.95642933049946,79.36839
Batch-4/R3_battery-5,104.88841657810839,92.71129
Batch-4/R3_battery-5,104.2507970244421,92.614365
Batch-4/R3_battery-5,102.28480340063764,92.761375
Batch-4/R3_battery-5,100.7970244420829,92.93438
Batch-4/R3_battery-5,100.85015940488842,82.679504
Batch-4/R3_battery-5,100.85015940488842,79.34491
Batch-4/R3_battery-5,104.72901168969182,92.476234
Batch-4/R3_battery-5,104.09139213602552,92.4969
Batch-4/R3_battery-5,102.33793836344314,92.791985
Batch-4/R3_battery-5,101.009564293305,92.880844
Batch-4/R3_battery-5,101.0626992561105,82.88756
Batch-4/R3_battery-5,101.009564293305,79.327705
Batch-4/R3_battery-5,104.94155154091393,92.53877
Batch-4/R3_battery-5,104.2507970244421,92.387856
Batch-4/R3_battery-5,102.33793836344314,92.64294
Batch-4/R3_battery-5,100.90329436769395,92.807625
Batch-4/R3_battery-5,100.85015940488842,82.68771
Batch-4/R3_battery-5,100.85015940488842,79.34331
Batch-4/R3_battery-5,104.78214665249735,92.50729
Batch-4/R3_battery-5,104.03825717321998,92.4969
Batch-4/R3_battery-5,102.23166843783208,92.791985
Batch-4/R3_battery-5,100.7970244420829,92.80355
Batch-4/R3_battery-5,100.85015940488842,82.68341
Batch-4/R3_battery-5,100.7970244420829,79.33778
Batch-4/R3_battery-5,105.04782146652498,92.51761
Batch-4/R3_battery-5,104.19766206163656,92.396095
Batch-4/R3_battery-5,102.17853347502657,92.53065
Batch-4/R3_battery-5,100.69075451647184,92.80355
Batch-4/R3_battery-5,100.74388947927737,82.679504
Batch-4/R3_battery-5,100.6376195536663,79.01427
Batch-4/R3_battery-5,104.62274176408077,91.883095
Batch-4/R3_battery-5,103.8788522848034,91.95697
Batch-4/R3_battery-5,101.91285866099892,91.522644
Batch-4/R3_battery-5,100.53134962805525,91.813286
Batch-4/R3_battery-5,100.53134962805525,82.680374
Batch-4/R3_battery-5,100.47821466524974,78.00534
Batch-4/R3_battery-5,104.56960680127526,90.437355
Batch-4/R3_battery-5,103.82571732199789,90.450714
Batch-4/R3_battery-5,101.96599362380448,90.54364
Batch-4/R3_battery-5,100.53134962805525,90.92214
Batch-4/R3_battery-5,100.47821466524974,82.531235
Batch-4/R3_battery-5,100.47821466524974,78.3649
Batch-4/R3_battery-5,104.51647183846973,90.4634
Batch-4/R3_battery-5,103.61317747077577,90.450714
Batch-4/R3_battery-5,101.64718384697132,90.71129
Batch-4/R3_battery-5,100.21253985122209,91.09289
Batch-4/R3_battery-5,100.21253985122209,82.51631
Batch-4/R3_battery-5,100.21253985122209,77.96306
Batch-4/R3_battery-5,104.51647183846973,90.44812
Batch-4/R3_battery-5,103.71944739638683,90.450714
Batch-4/R3_battery-5,101.85972369819342,90.54364
Batch-4/R3_battery-5,100.47821466524974,90.92214
Batch-4/R3_battery-5,100.42507970244421,82.48317
Batch-4/R3_battery-5,100.26567481402763,78.042274
Batch-4/R3_battery-5,104.46333687566418,90.48343
Batch-4/R3_battery-5,103.56004250797027,90.450714
Batch-4/R3_battery-5,101.75345377258236,90.69267
Batch-4/R3_battery-5,100.37194473963868,90.92214
Batch-4/R3_battery-5,100.26567481402763,82.48024
Batch-4/R3_battery-5,100.15940488841659,77.97993
Batch-4/R3_battery-5,104.30393198724761,90.45636
Batch-4/R3_battery-5,103.50690754516472,90.450714
Batch-4/R3_battery-5,101.85972369819342,90.54364
Batch-4/R3_battery-5,100.47821466524974,90.926216
Batch-4/R3_battery-5,100.47821466524974,82.43768
Batch-4/R3_battery-5,100.26567481402763,78.24497
Batch-4/R3_battery-5,104.46333687566418,90.47873
Batch-4/R3_battery-5,103.56004250797027,90.44077
Batch-4/R3_battery-5,101.85972369819342,90.54364
Batch-4/R3_battery-5,100.42507970244421,90.926216
Batch-4/R3_battery-5,100.37194473963868,82.445175
Batch-4/R3_battery-5,100.15940488841659,78.12888
Batch-4/R3_battery-5,104.41020191285868,90.49446
Batch-4/R3_battery-5,103.45377258235919,90.450714
Batch-4/R3_battery-5,101.75345377258236,90.54364
Batch-4/R3_battery-5,100.42507970244421,90.926216
Batch-4/R3_battery-5,100.26567481402763,82.32179
Batch-4/R3_battery-5,100.10626992561104,78.1403
Batch-4/R3_battery-5,104.41020191285868,90.49446
Batch-4/R3_battery-5,103.45377258235919,90.44077
Batch-4/R3_battery-5,101.85972369819342,90.54364
Batch-4/R3_battery-5,100.37194473963868,90.86959
Batch-4/R3_battery-5,100.26567481402763,82.492935
Batch-4/R3_battery-5,100.0,78.10237
Batch-4/R3_battery-5,104.2507970244421,90.46021
Batch-4/R3_battery-5,103.2412327311371,90.4275
Batch-4/R3_battery-5,101.48777895855471,90.66946
Batch-4/R3_battery-5,100.21253985122209,90.898926
Batch-4/R3_battery-5,100.21253985122209,82.49751
Batch-4/R3_battery-5,100.0,78.10703
Batch-4/R3_battery-5,104.35706695005314,90.48101
Batch-4/R3_battery-5,103.40063761955366,90.30379
Batch-4/R3_battery-5,101.64718384697132,90.505745
Batch-4/R3_battery-5,100.37194473963868,90.85511
Batch-4/R3_battery-5,100.21253985122209,82.49289
Batch-4/R3_battery-5,99.94686503719447,78.11839
Batch-4/R3_battery-5,104.2507970244421,90.47613
Batch-4/R3_battery-5,103.18809776833156,90.40288
Batch-4/R3_battery-5,101.48777895855471,90.505745
Batch-4/R3_battery-5,100.15940488841659,90.884674
Batch-4/R3_battery-5,100.0,82.29176
Batch-4/R3_battery-5,99.84059511158343,78.46362
Batch-4/R3_battery-5,104.19766206163656,90.43664
Batch-4/R3_battery-5,103.40063761955366,90.30379
Batch-4/R3_battery-5,101.91285866099892,90.429596
Batch-4/R3_battery-5,100.53134962805525,90.86335
Batch-4/R3_battery-5,100.31880977683316,82.52523
Batch-4/R3_battery-5,100.0,78.0906
Batch-4/R3_battery-5,104.30393198724761,90.46285
Batch-4/R3_battery-5,103.34750265674815,90.31203
Batch-4/R3_battery-5,101.75345377258236,90.42136
Batch-4/R3_battery-5,100.42507970244421,90.86335
Batch-4/R3_battery-5,100.21253985122209,82.52523
Batch-4/R3_battery-5,99.89373007438896,78.09512
Batch-4/R3_battery-5,104.19766206163656,90.43433
Batch-4/R3_battery-5,103.2412327311371,90.30379
Batch-4/R3_battery-5,101.64718384697132,90.42136
Batch-4/R3_battery-5,100.37194473963868,90.86335
Batch-4/R3_battery-5,100.15940488841659,82.56159
Batch-4/R3_battery-5,99.84059511158343,78.07947
Batch-4/R3_battery-5,104.14452709883105,90.46801
Batch-4/R3_battery-5,103.08182784272051,90.30379
Batch-4/R3_battery-5,101.48777895855471,90.472336
Batch-4/R3_battery-5,100.15940488841659,90.85511
Batch-4/R3_battery-5,100.0,82.55716
Batch-4/R3_battery-5,99.68119022316685,78.10983
Batch-4/R3_battery-5,103.98512221041447,90.44695
Batch-4/R3_battery-5,102.97555791710946,90.30379
Batch-4/R3_battery-5,101.32837407013815,90.50478
Batch-4/R3_battery-5,100.0,90.820885
Batch-4/R3_battery-5,99.89373007438896,82.550934
Batch-4/R3_battery-5,99.5749202975558,78.512024
Batch-4/R3_battery-5,103.8788522848034,90.44695
Batch-4/R3_battery-5,102.8161530286929,90.30379
Batch-4/R3_battery-5,101.22210414452711,90.505745
Batch-4/R3_battery-5,99.89373007438896,90.86069
Batch-4/R3_battery-5,99.73432518597237,82.54697
Batch-4/R3_battery-5,99.46865037194476,78.537445
Batch-4/R3_battery-5,103.77258235919236,90.44207
Batch-4/R3_battery-5,102.70988310308185,90.41186
Batch-4/R3_battery-5,101.0626992561105,90.505745
Batch-4/R3_battery-5,99.7874601487779,90.89934
Batch-4/R3_battery-5,99.62805526036132,82.49573
Batch-4/R3_battery-5,99.3623804463337,78.476234
Batch-4/R3_battery-5,103.66631243358131,90.424965
Batch-4/R3_battery-5,102.60361317747078,90.400185
Batch-4/R3_battery-5,101.009564293305,90.49407
Batch-4/R3_battery-5,99.68119022316685,90.85728
Batch-4/R3_battery-5,99.52178533475026,82.44684
Batch-4/R3_battery-5,99.25611052072266,78.46214
Batch-4/R3_battery-5,103.61317747077577,90.37983
Batch-4/R3_battery-5,102.49734325185973,90.401146
Batch-4/R3_battery-5,100.85015940488842,90.49407
Batch-4/R3_battery-5,99.46865037194476,90.82813
Batch-4/R3_battery-5,99.30924548352816,82.240845
Batch-4/R3_battery-5,99.09670563230605,78.423805
Batch-4/R3_battery-5,103.45377258235919,90.34615
Batch-4/R3_battery-5,102.33793836344314,90.401146
Batch-4/R3_battery-5,100.6376195536663,90.643845
Batch-4/R3_battery-5,99.25611052072266,90.64886
Batch-4/R3_battery-5,99.1498405951116,82.175125
Batch-4/R3_battery-5,98.9373007438895,78.382614
Batch-4/R3_battery-5,103.2412327311371,90.30737
Batch-4/R3_battery-5,102.07226354941552,90.5094
Batch-4/R3_battery-5,100.37194473963868,90.71066
Batch-4/R3_battery-5,98.99043570669501,90.596146
Batch-4/R3_battery-5,98.88416578108395,82.27205
Batch-4/R3_battery-5,98.72476089266739,78.40751
Batch-4/R3_battery-5,103.02869287991498,90.34883
Batch-4/R3_battery-5,101.85972369819342,90.528
Batch-4/R3_battery-5,100.10626992561104,89.547356
Batch-4/R3_battery-5,98.72476089266739,90.0295
Batch-4/R3_battery-5,98.61849096705633,82.270584
Batch-4/R3_battery-5,98.51222104144529,78.152084
Batch-4/R3_battery-5,102.8161530286929,90.427376
Batch-4/R3_battery-5,101.59404888416579,89.83287
Batch-4/R3_battery-5,99.73432518597237,89.22697
Batch-4/R3_battery-5,98.29968119022318,89.09545
Batch-4/R3_battery-5,98.19341126461212,83.006874
Batch-4/R3_battery-5,98.19341126461212,77.85852
Batch-4/R3_battery-5,102.49734325185973,90.57641
Batch-4/R3_battery-5,101.16896918172158,89.22345
Batch-4/R3_battery-5,99.25611052072266,89.18618
Batch-4/R3_battery-5,97.76833156216792,89.14334
Batch-4/R3_battery-5,97.71519659936239,81.23144
Batch-4/R3_battery-5,97.76833156216792,78.41435
Batch-4/R3_battery-5,102.12539851222104,89.6438
Batch-4/R3_battery-5,100.74388947927737,89.31351
Batch-4/R3_battery-5,98.72476089266739,89.18618
Batch-4/R3_battery-5,97.29011689691818,89.15173
Batch-4/R3_battery-5,97.29011689691818,81.23144
Batch-4/R3_battery-5,97.44952178533475,78.239655
Batch-4/R3_battery-5,101.80658873538788,89.33577
Batch-4/R3_battery-5,100.37194473963868,89.27116
Batch-4/R3_battery-5,98.40595111583423,89.143845
Batch-4/R3_battery-5,97.02444208289054,89.31106
Batch-4/R3_battery-5,97.07757704569607,81.23144
Batch-4/R3_battery-5,97.29011689691818,78.239655
Batch-4/R3_battery-5,101.59404888416579,89.47571
Batch-4/R3_battery-5,100.26567481402763,89.26361
Batch-4/R3_battery-5,98.3528161530287,88.857864
Batch-4/R3_battery-5,96.9181721572795,89.28028
Batch-4/R3_battery-5,96.97130712008502,81.23144
Batch-4/R3_battery-5,97.1307120085016,78.26541
Batch-4/R3_battery-5,101.48777895855471,89.47571
Batch-4/R3_battery-5,100.05313496280553,89.27116
Batch-4/R3_battery-5,98.1402763018066,89.143845
Batch-4/R3_battery-5,96.65249734325187,89.69509
Batch-4/R3_battery-5,96.75876726886291,81.23144
Batch-4/R3_battery-5,97.18384697130712,78.25101
Batch-4/R3_battery-5,101.27523910733262,89.47571
Batch-4/R3_battery-5,99.84059511158343,89.27116
Batch-4/R3_battery-5,97.87460148777896,89.14046
Batch-4/R3_battery-5,96.54622741764081,89.6701
Batch-4/R3_battery-5,96.59936238044634,81.21557
Batch-4/R3_battery-5,96.75876726886291,78.24954
Batch-4/R3_battery-5,101.11583421891606,89.47232
Batch-4/R3_battery-5,99.68119022316685,89.26777
Batch-4/R3_battery-5,97.66206163655686,89.14046
Batch-4/R3_battery-5,96.22741764080766,90.137794
Batch-4/R3_battery-5,96.38682252922423,81.13027
Batch-4/R3_battery-5,96.49309245483529,78.1813
Batch-4/R3_battery-5,100.90329436769395,89.47232
Batch-4/R3_battery-5,99.5749202975558,89.26777
Batch-4/R3_battery-5,97.50265674814028,89.14046
Batch-4/R3_battery-5,96.1211477151966,89.7075
Batch-4/R3_battery-5,96.22741764080766,81.13027
Batch-4/R3_battery-5,96.38682252922423,78.251144
Batch-4/R3_battery-5,100.85015940488842,89.41948
Batch-4/R3_battery-5,99.46865037194476,89.26777
Batch-4/R3_battery-5,97.39638682252922,89.14046
Batch-4/R3_battery-5,95.96174282678002,89.45412
Batch-4/R3_battery-5,96.01487778958555,81.13027
Batch-4/R3_battery-5,96.22741764080766,78.10386
Batch-4/R3_battery-5,100.5844845908608,89.41948
Batch-4/R3_battery-5,99.30924548352816,89.26777
Batch-4/R3_battery-5,97.34325185972371,89.14046
Batch-4/R3_battery-5,95.96174282678002,89.5206
Batch-4/R3_battery-5,96.01487778958555,81.13027
Batch-4/R3_battery-5,96.22741764080766,78.14886
Batch-4/R3_battery-5,100.69075451647184,89.208206
Batch-4/R3_battery-5,99.20297555791711,89.26777
Batch-4/R3_battery-5,97.1307120085016,89.14046
Batch-4/R3_battery-5,95.69606801275239,89.50304
Batch-4/R3_battery-5,95.74920297555792,81.13027
Batch-4/R3_battery-5,96.06801275239108,78.14886
Batch-4/R3_battery-5,100.31880977683316,89.41948
Batch-4/R3_battery-5,98.7778958554729,89.26777
Batch-4/R3_battery-5,96.81190223166844,89.14046
Batch-4/R3_battery-5,95.64293304994688,89.120056
Batch-4/R3_battery-5,95.74920297555792,81.13027
Batch-4/R3_battery-5,95.74920297555792,78.345505
Batch-4/R3_battery-5,100.31880977683316,89.17746
Batch-4/R3_battery-5,98.9373007438895,89.26777
Batch-4/R3_battery-5,97.02444208289054,89.14046
Batch-4/R3_battery-5,95.53666312433582,89.11737
Batch-4/R3_battery-5,95.37725823591924,81.164925
Batch-4/R3_battery-5,95.48352816153029,78.17614
Batch-4/R3_battery-5,100.10626992561104,89.208176
Batch-4/R3_battery-5,98.67162592986185,89.26774
Batch-4/R3_battery-5,96.54622741764081,89.14041
Batch-4/R3_battery-5,95.05844845908608,88.09581
Batch-4/R3_battery-5,95.11158342189161,81.15943
Batch-4/R3_battery-5,95.37725823591924,78.17065
Batch-4/R3_battery-5,100.15940488841659,89.17743
Batch-4/R3_battery-5,98.72476089266739,89.26774
Batch-4/R3_battery-5,96.75876726886291,89.14041
Batch-4/R3_battery-5,95.27098831030818,88.91135
Batch-4/R3_battery-5,95.21785334750267,81.15536
Batch-4/R3_battery-5,95.43039319872477,78.15754
Batch-4/R3_battery-5,100.0,89.17619
Batch-4/R3_battery-5,98.67162592986185,89.2665
Batch-4/R3_battery-5,96.54622741764081,89.13919
Batch-4/R3_battery-5,95.16471838469714,88.38481
Batch-4/R3_battery-5,95.21785334750267,81.15536
Batch-4/R3_battery-5,95.32412327311371,78.20255
Batch-4/R3_battery-5,100.0,89.16977
Batch-4/R3_battery-5,98.61849096705633,89.26008
Batch-4/R3_battery-5,96.65249734325187,89.13277
Batch-4/R3_battery-5,95.21785334750267,88.29451
Batch-4/R3_battery-5,95.21785334750267,81.14893
Batch-4/R3_battery-5,95.21785334750267,78.25465
Batch-4/R3_battery-5,99.89373007438896,88.9727
Batch-4/R3_battery-5,98.40595111583423,89.055466
Batch-4/R3_battery-5,96.43995749202976,88.9357
Batch-4/R3_battery-5,94.95217853347503,88.11539
Batch-4/R3_battery-5,94.84590860786398,81.13909
Batch-4/R3_battery-5,94.84590860786398,78.13418
Batch-4/R3_battery-5,99.73432518597237,88.9727
Batch-4/R3_battery-5,98.29968119022318,89.06301
Batch-4/R3_battery-5,96.3336875664187,88.9357
Batch-4/R3_battery-5,94.84590860786398,88.27818
Batch-4/R3_battery-5,94.79277364505846,81.13909
Batch-4/R3_battery-5,94.79277364505846,78.13114
Batch-4/R3_battery-5,99.68119022316685,88.9727
Batch-4/R3_battery-5,98.24654622741764,89.06301
Batch-4/R3_battery-5,96.3336875664187,88.9357
Batch-4/R3_battery-5,94.84590860786398,88.27818
Batch-4/R3_battery-5,94.73963868225293,81.13909
Batch-4/R3_battery-5,94.73963868225293,78.13418
Batch-4/R3_battery-5,99.5749202975558,88.9727
Batch-4/R3_battery-5,98.03400637619553,89.06301
Batch-4/R3_battery-5,96.17428267800213,88.9357
Batch-4/R3_battery-5,94.73963868225293,88.22006
Batch-4/R3_battery-5,94.73963868225293,81.80383
Batch-4/R3_battery-5,94.8990435706695,78.23609
Batch-4/R3_battery-5,99.62805526036132,88.9727
Batch-4/R3_battery-5,98.1402763018066,89.06301
Batch-4/R3_battery-5,96.38682252922423,88.9357
Batch-4/R3_battery-5,94.8990435706695,88.147934
Batch-4/R3_battery-5,94.8990435706695,81.13038
Batch-4/R3_battery-5,94.95217853347503,78.22404
Batch-4/R3_battery-5,99.52178533475026,88.9727
Batch-4/R3_battery-5,98.03400637619553,89.06301
Batch-4/R3_battery-5,96.1211477151966,88.9357
Batch-4/R3_battery-5,94.6865037194474,88.36473
Batch-4/R3_battery-5,94.84590860786398,81.12209
Batch-4/R3_battery-5,94.84590860786398,78.24691
Batch-4/R3_battery-5,99.52178533475026,88.946625
Batch-4/R3_battery-5,98.08714133900108,89.054726
Batch-4/R3_battery-5,96.1211477151966,88.9274
Batch-4/R3_battery-5,94.6865037194474,88.2722
Batch-4/R3_battery-5,94.63336875664187,81.12209
Batch-4/R3_battery-5,94.73963868225293,78.17466
Batch-4/R3_battery-5,99.41551540913922,88.91341
Batch-4/R3_battery-5,97.92773645058449,89.02149
Batch-4/R3_battery-5,96.01487778958555,88.89418
Batch-4/R3_battery-5,94.52709883103083,88.22955
Batch-4/R3_battery-5,94.42082890541977,81.09026
Batch-4/R3_battery-5,94.42082890541977,78.18381
Batch-4/R3_battery-5,99.41551540913922,88.91341
Batch-4/R3_battery-5,98.08714133900108,89.02149
Batch-4/R3_battery-5,96.17428267800213,88.89418
Batch-4/R3_battery-5,94.73963868225293,88.1649
Batch-4/R3_battery-5,94.58023379383636,81.09026
Batch-4/R3_battery-5,94.4739638682253,78.39509
Batch-4/R3_battery-5,99.41551540913922,88.80362
Batch-4/R3_battery-5,97.92773645058449,88.90684
Batch-4/R3_battery-5,96.01487778958555,88.77951
Batch-4/R3_battery-5,94.52709883103083,88.22423
Batch-4/R3_battery-5,94.31455897980871,81.09026
Batch-4/R3_battery-5,94.20828905419766,78.18381
Batch-4/R3_battery-5,99.25611052072266,88.81653
Batch-4/R3_battery-5,97.98087141339002,88.90684
Batch-4/R3_battery-5,96.1211477151966,88.77951
Batch-4/R3_battery-5,94.63336875664187,88.22423
Batch-4/R3_battery-5,94.52709883103083,81.09026
Batch-4/R3_battery-5,94.63336875664187,78.401825
Batch-4/R3_battery-5,99.41551540913922,88.79874
Batch-4/R3_battery-5,97.92773645058449,88.90684
Batch-4/R3_battery-5,95.96174282678002,88.77951
Batch-4/R3_battery-5,94.42082890541977,88.1879
Batch-4/R3_battery-5,94.2614240170032,81.06986
Batch-4/R3_battery-5,93.99574920297556,78.28834
Batch-4/R3_battery-5,99.20297555791711,88.81453
Batch-4/R3_battery-5,97.66206163655686,88.90484
Batch-4/R3_battery-5,95.85547290116898,88.77753
Batch-4/R3_battery-5,94.31455897980871,88.21779
Batch-4/R3_battery-5,94.2614240170032,81.06986
Batch-4/R3_battery-5,93.8894792773645,78.275055
Batch-4/R3_battery-5,99.25611052072266,88.782524
Batch-4/R3_battery-5,97.76833156216792,88.899284
Batch-4/R3_battery-5,95.85547290116898,88.77197
Batch-4/R3_battery-5,94.31455897980871,88.392395
Batch-4/R3_battery-5,94.15515409139215,81.0395
Batch-4/R3_battery-5,93.73007438894794,78.28793
Batch-4/R3_battery-5,99.09670563230605,88.79334
Batch-4/R3_battery-5,97.55579171094581,88.89233
Batch-4/R3_battery-5,95.53666312433582,88.765015
Batch-4/R3_battery-5,93.99574920297556,88.994095
Batch-4/R3_battery-5,93.94261424017004,81.0395
Batch-4/R3_battery-5,93.62380446333688,78.28793
Batch-4/R3_battery-5,99.09670563230605,88.79334
Batch-4/R3_battery-5,97.66206163655686,88.89233
Batch-4/R3_battery-5,95.69606801275239,88.765015
Batch-4/R3_battery-5,94.04888416578109,88.95825
Batch-4/R3_battery-5,93.8894792773645,81.0395
Batch-4/R3_battery-5,93.62380446333688,78.3513
Batch-4/R3_battery-5,98.99043570669501,88.79334
Batch-4/R3_battery-5,97.39638682252922,88.89233
Batch-4/R3_battery-5,95.43039319872477,88.765015
Batch-4/R3_battery-5,93.78320935175346,88.7663
Batch-4/R3_battery-5,93.57066950053135,80.97382
Batch-4/R3_battery-5,93.35812964930923,78.149
Batch-4/R3_battery-5,98.9373007438895,88.76455
Batch-4/R3_battery-5,97.44952178533475,88.86353
Batch-4/R3_battery-5,95.53666312433582,88.736206
Batch-4/R3_battery-5,94.04888416578109,88.82562
Batch-4/R3_battery-5,93.78320935175346,80.95333
Batch-4/R3_battery-5,93.51753453772584,78.28633
Batch-4/R3_battery-5,98.88416578108395,88.76455
Batch-4/R3_battery-5,97.29011689691818,88.86353
Batch-4/R3_battery-5,95.27098831030818,88.72664
Batch-4/R3_battery-5,93.6769394261424,88.69939
Batch-4/R3_battery-5,93.51753453772584,80.939186
Batch-4/R3_battery-5,93.30499468650373,78.6795
Batch-4/R3_battery-5,98.67162592986185,88.76455
Batch-4/R3_battery-5,97.23698193411265,88.86353
Batch-4/R3_battery-5,95.37725823591924,88.736206
Batch-4/R3_battery-5,93.78320935175346,88.69939
Batch-4/R3_battery-5,93.57066950053135,80.91491
Batch-4/R3_battery-5,93.62380446333688,78.24791
Batch-4/R3_battery-5,98.83103081827844,88.76455
Batch-4/R3_battery-5,97.23698193411265,88.86353
Batch-4/R3_battery-5,95.21785334750267,88.72664
Batch-4/R3_battery-5,93.62380446333688,88.739655
Batch-4/R3_battery-5,93.41126461211478,80.56992
Batch-4/R3_battery-5,93.03931987247609,78.255035
Batch-4/R3_battery-5,98.61849096705633,88.76256
Batch-4/R3_battery-5,97.02444208289054,88.86154
Batch-4/R3_battery-5,95.11158342189161,88.72664
Batch-4/R3_battery-5,93.6769394261424,88.69586
Batch-4/R3_battery-5,93.51753453772584,81.19457
Batch-4/R3_battery-5,93.03931987247609,78.15964
Batch-4/R3_battery-5,98.72476089266739,88.75537
Batch-4/R3_battery-5,97.1307120085016,88.84538
Batch-4/R3_battery-5,95.16471838469714,88.71367
Batch-4/R3_battery-5,93.51753453772584,88.772
Batch-4/R3_battery-5,93.25185972369819,80.50315
Batch-4/R3_battery-5,92.826780021254,78.14502
Batch-4/R3_battery-5,98.5653560042508,88.73018
Batch-4/R3_battery-5,96.97130712008502,88.82916
Batch-4/R3_battery-5,94.95217853347503,88.69745
Batch-4/R3_battery-5,93.30499468650373,88.602325
Batch-4/R3_battery-5,93.03931987247609,80.42391
Batch-4/R3_battery-5,92.61424017003189,78.13905
Batch-4/R3_battery-5,98.61849096705633,88.719284
Batch-4/R3_battery-5,96.97130712008502,88.81827
Batch-4/R3_battery-5,95.00531349628056,88.686554
Batch-4/R3_battery-5,93.30499468650373,88.59143
Batch-4/R3_battery-5,92.98618490967057,80.35885
Batch-4/R3_battery-5,92.66737513283742,78.05864
Batch-4/R3_battery-5,98.51222104144529,88.72397
Batch-4/R3_battery-5,96.81190223166844,88.792206
Batch-4/R3_battery-5,94.84590860786398,88.66049
Batch-4/R3_battery-5,93.19872476089267,88.53592
Batch-4/R3_battery-5,92.87991498405952,80.3549
Batch-4/R3_battery-5,92.50797024442083,78.05469
Batch-4/R3_battery-5,98.3528161530287,88.72276
Batch-4/R3_battery-5,96.75876726886291,88.791
Batch-4/R3_battery-5,94.79277364505846,88.65929
Batch-4/R3_battery-5,93.19872476089267,88.36998
Batch-4/R3_battery-5,92.87991498405952,80.34681
Batch-4/R3_battery-5,92.45483528161532,78.02904
Batch-4/R3_battery-5,98.3528161530287,88.72221
Batch-4/R3_battery-5,96.7056323060574,88.79045
Batch-4/R3_battery-5,94.58023379383636,88.65874
Batch-4/R3_battery-5,92.87991498405952,88.49371
Batch-4/R3_battery-5,92.56110520722636,80.34681
Batch-4/R3_battery-5,92.18916046758768,78.07475
Batch-4/R3_battery-5,98.1402763018066,88.85458
Batch-4/R3_battery-5,96.59936238044634,88.79045
Batch-4/R3_battery-5,94.52709883103083,88.65874
Batch-4/R3_battery-5,92.87991498405952,88.47691
Batch-4/R3_battery-5,92.50797024442083,80.32461
Batch-4/R3_battery-5,92.34856535600426,77.93138
Batch-4/R3_battery-5,98.24654622741764,88.72221
Batch-4/R3_battery-5,96.54622741764081,88.79045
Batch-4/R3_battery-5,94.52709883103083,88.65874
Batch-4/R3_battery-5,92.826780021254,88.49565
Batch-4/R3_battery-5,92.45483528161532,80.299355
Batch-4/R3_battery-5,92.45483528161532,77.91182
Batch-4/R3_battery-5,98.03400637619553,88.83536
Batch-4/R3_battery-5,96.3336875664187,88.771225
Batch-4/R3_battery-5,94.36769394261425,88.63951
Batch-4/R3_battery-5,92.72051009564294,88.45166
Batch-4/R3_battery-5,92.40170031880979,80.299355
Batch-4/R3_battery-5,92.34856535600426,77.968414
Batch-4/R3_battery-5,98.03400637619553,88.87474
Batch-4/R3_battery-5,96.3336875664187,88.771225
Batch-4/R3_battery-5,94.31455897980871,88.63951
Batch-4/R3_battery-5,92.50797024442083,88.10143
Batch-4/R3_battery-5,92.08289054197664,80.299355
Batch-4/R3_battery-5,91.71094580233795,74.92685
Batch-4/R3_battery-5,97.82146652497343,88.919586
Batch-4/R3_battery-5,96.06801275239108,88.763214
Batch-4/R3_battery-5,93.99574920297556,88.6315
Batch-4/R3_battery-5,92.18916046758768,88.34467
Batch-4/R3_battery-5,91.87035069075453,80.28237
Batch-4/R3_battery-5,91.97662061636558,77.97063
Batch-4/R3_battery-5,97.71519659936239,88.919586
Batch-4/R3_battery-5,96.06801275239108,88.763214
Batch-4/R3_battery-5,93.94261424017004,88.6315
Batch-4/R3_battery-5,92.08289054197664,88.89066
Batch-4/R3_battery-5,91.76408076514348,80.28237
Batch-4/R3_battery-5,91.60467587672689,74.92685
Batch-4/R3_battery-5,97.55579171094581,88.919586
Batch-4/R3_battery-5,95.80233793836345,88.763214
Batch-4/R3_battery-5,93.57066950053135,88.5923
Batch-4/R3_battery-5,91.71094580233795,89.021385
Batch-4/R3_battery-5,91.28586609989372,80.34637
Batch-4/R3_battery-5,91.17959617428268,74.90703
Batch-4/R3_battery-5,97.29011689691818,88.91873
Batch-4/R3_battery-5,95.53666312433582,88.763214
Batch-4/R3_battery-5,93.35812964930923,88.5923
Batch-4/R3_battery-5,91.49840595111584,89.004265
Batch-4/R3_battery-5,91.12646121147716,80.28237
Batch-4/R3_battery-5,91.07332624867162,74.90703
Batch-4/R3_battery-5,97.1307120085016,88.92107
Batch-4/R3_battery-5,95.32412327311371,88.763214
Batch-4/R3_battery-5,93.09245483528163,88.582214
Batch-4/R3_battery-5,91.17959617428268,90.10975
Batch-4/R3_battery-5,90.70138150903296,80.33695
Batch-4/R3_battery-5,90.48884165781085,74.884674
Batch-4/R3_battery-5,96.9181721572795,88.8938
Batch-4/R3_battery-5,95.11158342189161,88.73596
Batch-4/R3_battery-5,92.93304994686504,88.56505
Batch-4/R3_battery-5,91.07332624867162,90.1538
Batch-4/R3_battery-5,90.64824654622741,78.81696
Batch-4/R3_battery-5,90.43570669500531,74.82399
Batch-4/R3_battery-5,96.75876726886291,88.87274
Batch-4/R3_battery-5,94.95217853347503,88.71489
Batch-4/R3_battery-5,92.66737513283742,88.543976
Batch-4/R3_battery-5,90.70138150903296,90.35107
Batch-4/R3_battery-5,90.1700318809777,78.760506
Batch-4/R3_battery-5,90.0106269925611,74.69566
Batch-4/R3_battery-5,96.49309245483529,88.87274
Batch-4/R3_battery-5,94.63336875664187,88.71489
Batch-4/R3_battery-5,92.45483528161532,88.49342
Batch-4/R3_battery-5,90.54197662061637,90.2205
Batch-4/R3_battery-5,90.1700318809777,78.760506
Batch-4/R3_battery-5,90.11689691817216,74.82399
Batch-4/R3_battery-5,96.38682252922423,88.87274
Batch-4/R3_battery-5,94.58023379383636,88.71489
Batch-4/R3_battery-5,92.34856535600426,88.38115
Batch-4/R3_battery-5,90.2231668437832,90.17762
Batch-4/R3_battery-5,89.798087141339,78.760506
Batch-4/R3_battery-5,89.21360255047823,74.68555
Batch-4/R3_battery-5,96.1211477151966,88.86937
Batch-4/R3_battery-5,94.2614240170032,88.71152
Batch-4/R3_battery-5,91.87035069075453,88.38115
Batch-4/R3_battery-5,89.74495217853348,89.90688
Batch-4/R3_battery-5,89.42614240170033,78.71584
Batch-4/R3_battery-5,89.00106269925612,74.76639
Batch-4/R3_battery-5,96.06801275239108,88.75554
Batch-4/R3_battery-5,94.31455897980871,88.59769
Batch-4/R3_battery-5,92.08289054197664,88.455414
Batch-4/R3_battery-5,89.798087141339,89.88418
Batch-4/R3_battery-5,89.16046758767268,78.71584
Batch-4/R3_battery-5,88.73538788522848,74.76639
Batch-4/R3_battery-5,95.74920297555792,88.74971
Batch-4/R3_battery-5,93.83634431455899,88.58801
Batch-4/R3_battery-5,91.60467587672689,88.45157
Batch-4/R3_battery-5,89.37300743889479,89.54101
Batch-4/R3_battery-5,88.73538788522848,78.68905
Batch-4/R3_battery-5,88.31030818278427,74.6585
Batch-4/R3_battery-5,95.43039319872477,88.739
Batch-4/R3_battery-5,93.73007438894794,88.54196
Batch-4/R3_battery-5,91.55154091392137,88.44472
Batch-4/R3_battery-5,89.47927736450585,89.62873
Batch-4/R3_battery-5,88.68225292242296,78.68905
Batch-4/R3_battery-5,88.31030818278427,74.64512
Batch-4/R3_battery-5,95.27098831030818,88.739
Batch-4/R3_battery-5,93.4643995749203,88.54196
Batch-4/R3_battery-5,91.12646121147716,88.44472
Batch-4/R3_battery-5,88.84165781083954,89.29678
Batch-4/R3_battery-5,88.25717321997875,78.62754
Batch-4/R3_battery-5,87.61955366631244,74.60845
Batch-4/R3_battery-5,94.8990435706695,88.739
Batch-4/R3_battery-5,93.19872476089267,88.54196
Batch-4/R3_battery-5,90.91392136025506,88.44472
Batch-4/R3_battery-5,88.68225292242296,88.51541
Batch-4/R3_battery-5,87.99149840595112,78.609276
Batch-4/R3_battery-5,87.51328374070138,74.59881
Batch-4/R3_battery-5,94.58023379383636,88.69997
Batch-4/R3_battery-5,92.87991498405952,88.52423
Batch-4/R3_battery-5,90.48884165781085,88.38779
Batch-4/R3_battery-5,88.1509032943677,88.45807
Batch-4/R3_battery-5,87.51328374070138,77.8113
Batch-4/R3_battery-5,86.9287991498406,74.59629
Batch-4/R3_battery-5,94.2614240170032,88.68208
Batch-4/R3_battery-5,92.40170031880979,88.48503
Batch-4/R3_battery-5,90.0106269925611,88.27551
Batch-4/R3_battery-5,87.77895855472902,88.47943
Batch-4/R3_battery-5,87.19447396386823,77.74729
Batch-4/R3_battery-5,86.66312433581297,72.75087
Batch-4/R3_battery-5,93.94261424017004,88.64841
Batch-4/R3_battery-5,92.08289054197664,88.451355
Batch-4/R3_battery-5,89.74495217853348,88.24184
Batch-4/R3_battery-5,87.24760892667375,88.066635
Batch-4/R3_battery-5,86.50371944739639,77.77579
Batch-4/R3_battery-5,85.81296493092455,72.742035
Batch-4/R3_battery-5,93.41126461211478,88.64841
Batch-4/R3_battery-5,91.60467587672689,88.451355
Batch-4/R3_battery-5,89.10733262486717,88.35411
Batch-4/R3_battery-5,86.60998937300744,87.77396
Batch-4/R3_battery-5,85.75982996811902,77.77579
Batch-4/R3_battery-5,85.01594048884166,72.7431
Batch-4/R3_battery-5,92.98618490967057,88.64841
Batch-4/R3_battery-5,91.28586609989372,88.451355
Batch-4/R3_battery-5,88.788522848034,88.219635
Batch-4/R3_battery-5,86.23804463336876,87.85568
Batch-4/R3_battery-5,85.44102019128587,77.77579
Batch-4/R3_battery-5,84.59086078639746,72.75496
Batch-4/R3_battery-5,92.50797024442083,88.626205
Batch-4/R3_battery-5,90.70138150903296,88.42915
Batch-4/R3_battery-5,88.09776833156216,88.219635
Batch-4/R3_battery-5,85.60042507970245,87.5141
Batch-4/R3_battery-5,84.85653560042509,77.77579
Batch-4/R3_battery-5,84.2720510095643,72.75496
Batch-4/R3_battery-5,91.92348565356005,88.626205
Batch-4/R3_battery-5,90.3825717321998,88.42915
Batch-4/R3_battery-5,87.83209351753455,88.219635
Batch-4/R3_battery-5,85.22848034006377,87.281654
Batch-4/R3_battery-5,84.43145589798088,77.77579
Batch-4/R3_battery-5,83.47502656748141,73.79197
Batch-4/R3_battery-5,91.49840595111584,88.62332
Batch-4/R3_battery-5,89.74495217853348,88.426285
Batch-4/R3_battery-5,87.03506907545164,88.18271
Batch-4/R3_battery-5,84.4845908607864,81.37429
Batch-4/R3_battery-5,83.68756641870351,67.1629
Batch-4/R3_battery-5,82.67800212539852,72.699585
Batch-4/R3_battery-5,90.86078639744952,88.62332
Batch-4/R3_battery-5,89.10733262486717,88.426285
Batch-4/R3_battery-5,86.55685441020192,87.981415
Batch-4/R3_battery-5,84.11264612114772,81.06164
Batch-4/R3_battery-5,83.20935175345377,67.02183
Batch-4/R3_battery-5,82.14665249734325,72.69852
Batch-4/R3_battery-5,90.43570669500531,88.62044
Batch-4/R3_battery-5,88.68225292242296,88.41832
Batch-4/R3_battery-5,85.91923485653561,88.04242
Batch-4/R3_battery-5,83.2624867162593,80.682755
Batch-4/R3_battery-5,82.41232731137089,66.95444
Batch-4/R3_battery-5,81.4027630180659,57.088917
Batch-4/R3_battery-5,89.74495217853348,88.62044
Batch-4/R3_battery-5,87.93836344314559,88.41832
Batch-4/R3_battery-5,85.17534537725824,88.04242
Batch-4/R3_battery-5,82.51859723698193,79.96828
Batch-4/R3_battery-5,81.88097768331562,66.95444
Batch-4/R3_battery-5,80.8182784272051,57.21377
Batch-4/R3_battery-5,89.16046758767268,88.62044
Batch-4/R3_battery-5,87.51328374070138,88.4142
Batch-4/R3_battery-5,84.85653560042509,88.0383
Batch-4/R3_battery-5,82.25292242295431,79.89365
Batch-4/R3_battery-5,81.34962805526035,67.01523
Batch-4/R3_battery-5,79.96811902231669,57.1101
Batch-4/R3_battery-5,88.68225292242296,88.60568
Batch-4/R3_battery-5,86.87566418703507,88.403564
Batch-4/R3_battery-5,84.16578108395325,88.027664
Batch-4/R3_battery-5,81.45589798087141,79.49595
Batch-4/R3_battery-5,80.49946865037194,66.95122
Batch-4/R3_battery-5,79.06482465462274,57.103863
Batch-4/R3_battery-5,87.93836344314559,88.40105
Batch-4/R3_battery-5,86.23804463336876,88.40022
Batch-4/R3_battery-5,83.63443145589798,88.0294
Batch-4/R3_battery-5,80.92454835281615,79.4802
Batch-4/R3_battery-5,79.91498405951117,66.62929
Batch-4/R3_battery-5,78.37407013815091,57.091343
Batch-4/R3_battery-5,87.51328374070138,88.38466
Batch-4/R3_battery-5,85.81296493092455,88.38385
Batch-4/R3_battery-5,83.20935175345377,88.01303
Batch-4/R3_battery-5,80.23379383634432,79.358864
Batch-4/R3_battery-5,79.27736450584484,66.62929
Batch-4/R3_battery-5,77.5239107332625,57.028828
Batch-4/R3_battery-5,86.87566418703507,88.38466
Batch-4/R3_battery-5,85.01594048884166,88.21449
Batch-4/R3_battery-5,82.35919234856536,88.01303
Batch-4/R3_battery-5,79.596174282678,79.29836
Batch-4/R3_battery-5,78.58660998937302,66.63748
Batch-4/R3_battery-5,76.9394261424017,57.091343
Batch-4/R3_battery-5,86.29117959617429,88.374054
Batch-4/R3_battery-5,84.64399574920299,88.20389
Batch-4/R3_battery-5,81.98724760892667,88.002426
Batch-4/R3_battery-5,79.06482465462274,79.01006
Batch-4/R3_battery-5,77.9489904357067,66.43486
Batch-4/R3_battery-5,76.14240170031881,57.03876
Batch-4/R3_battery-5,85.60042507970245,88.36331
Batch-4/R3_battery-5,83.95324123273114,88.19821
Batch-4/R3_battery-5,81.1902231668438,87.323044
Batch-4/R3_battery-5,78.32093517534538,78.590096
Batch-4/R3_battery-5,77.09883103081829,66.83133
Batch-4/R3_battery-5,75.13283740701382,57.015396
Batch-4/R3_battery-5,84.85653560042509,88.34909
Batch-4/R3_battery-6,105.46709129511677,99.8765
Batch-4/R3_battery-6,100.0,99.71908
Batch-4/R3_battery-6,97.61146496815287,99.73901
Batch-4/R3_battery-6,96.1783439490446,98.495636
Batch-4/R3_battery-6,96.60297239915076,85.20661
Batch-4/R3_battery-6,97.9299363057325,80.41913
Batch-4/R3_battery-6,100.3715498938429,97.51126
Batch-4/R3_battery-6,101.69851380042462,97.40744
Batch-4/R3_battery-6,99.25690021231424,97.56283
Batch-4/R3_battery-6,97.3991507430998,97.377075
Batch-4/R3_battery-6,97.3991507430998,84.286865
Batch-4/R3_battery-6,98.77919320594481,80.32992
Batch-4/R3_battery-6,101.5923566878981,96.999214
Batch-4/R3_battery-6,102.65392781316349,96.85546
Batch-4/R3_battery-6,100.26539278131636,97.17165
Batch-4/R3_battery-6,98.67303609341826,97.35194
Batch-4/R3_battery-6,98.77919320594481,83.68233
Batch-4/R3_battery-6,99.57537154989384,79.979996
Batch-4/R3_battery-6,102.54777070063695,97.0396
Batch-4/R3_battery-6,103.343949044586,96.77704
Batch-4/R3_battery-6,101.06157112526539,97.090706
Batch-4/R3_battery-6,99.46921443736731,97.2022
Batch-4/R3_battery-6,99.52229299363057,83.65053
Batch-4/R3_battery-6,100.15923566878982,79.968346
Batch-4/R3_battery-6,103.343949044586,96.922264
Batch-4/R3_battery-6,103.8747346072187,96.6257
Batch-4/R3_battery-6,101.5923566878981,96.80171
Batch-4/R3_battery-6,100.0,96.9413
Batch-4/R3_battery-6,100.05307855626329,83.648056
Batch-4/R3_battery-6,100.47770700636944,79.9231
Batch-4/R3_battery-6,103.8747346072187,96.8987
Batch-4/R3_battery-6,104.14012738853503,96.54663
Batch-4/R3_battery-6,101.91082802547771,96.80171
Batch-4/R3_battery-6,100.3715498938429,96.76597
Batch-4/R3_battery-6,100.3715498938429,83.623245
Batch-4/R3_battery-6,100.69002123142252,79.91244
Batch-4/R3_battery-6,104.19320594479831,96.20564
Batch-4/R3_battery-6,104.29936305732485,95.940636
Batch-4/R3_battery-6,102.12314225053079,96.185776
Batch-4/R3_battery-6,100.69002123142252,96.44225
Batch-4/R3_battery-6,100.58386411889597,83.54906
Batch-4/R3_battery-6,100.79617834394905,79.67797
Batch-4/R3_battery-6,104.45859872611464,95.48755
Batch-4/R3_battery-6,104.40552016985139,95.36167
Batch-4/R3_battery-6,102.2823779193206,95.58334
Batch-4/R3_battery-6,100.7430997876858,95.925705
Batch-4/R3_battery-6,100.69002123142252,83.23361
Batch-4/R3_battery-6,100.7430997876858,79.42038
Batch-4/R3_battery-6,104.5647558386412,95.42821
Batch-4/R3_battery-6,104.35244161358813,95.3285
Batch-4/R3_battery-6,102.44161358811041,95.5826
Batch-4/R3_battery-6,101.06157112526539,95.3866
Batch-4/R3_battery-6,100.84925690021231,83.23982
Batch-4/R3_battery-6,100.9023354564756,79.35186
Batch-4/R3_battery-6,104.67091295116772,94.95163
Batch-4/R3_battery-6,104.35244161358813,94.2709
Batch-4/R3_battery-6,102.22929936305734,94.52502
Batch-4/R3_battery-6,100.7430997876858,94.76252
Batch-4/R3_battery-6,100.7430997876858,82.71802
Batch-4/R3_battery-6,100.79617834394905,79.34606
Batch-4/R3_battery-6,104.67091295116772,93.33629
Batch-4/R3_battery-6,104.35244161358813,92.87348
Batch-4/R3_battery-6,102.38853503184716,93.11862
Batch-4/R3_battery-6,100.84925690021231,93.49502
Batch-4/R3_battery-6,100.79617834394905,82.72424
Batch-4/R3_battery-6,100.79617834394905,79.31572
Batch-4/R3_battery-6,104.83014861995754,92.73723
Batch-4/R3_battery-6,104.29936305732485,92.506294
Batch-4/R3_battery-6,102.22929936305734,92.760414
Batch-4/R3_battery-6,100.7430997876858,93.07264
Batch-4/R3_battery-6,100.7430997876858,82.6909
Batch-4/R3_battery-6,100.69002123142252,79.267746
Batch-4/R3_battery-6,104.61783439490446,92.49788
Batch-4/R3_battery-6,104.19320594479831,92.46349
Batch-4/R3_battery-6,102.33545647558387,92.64294
Batch-4/R3_battery-6,100.9023354564756,92.9672
Batch-4/R3_battery-6,100.84925690021231,82.90773
Batch-4/R3_battery-6,100.79617834394905,79.29261
Batch-4/R3_battery-6,104.8832271762208,92.538666
Batch-4/R3_battery-6,104.29936305732485,92.396095
Batch-4/R3_battery-6,102.2823779193206,92.60953
Batch-4/R3_battery-6,100.84925690021231,92.90653
Batch-4/R3_battery-6,100.79617834394905,82.70009
Batch-4/R3_battery-6,100.7430997876858,79.292816
Batch-4/R3_battery-6,104.77707006369428,92.49788
Batch-4/R3_battery-6,104.14012738853503,92.387856
Batch-4/R3_battery-6,102.17622080679408,92.64294
Batch-4/R3_battery-6,100.7430997876858,92.91201
Batch-4/R3_battery-6,100.69002123142252,82.6909
Batch-4/R3_battery-6,100.63694267515923,79.292816
Batch-4/R3_battery-6,105.09554140127389,92.51459
Batch-4/R3_battery-6,104.24628450106157,92.40923
Batch-4/R3_battery-6,102.17622080679408,92.4216
Batch-4/R3_battery-6,100.63694267515923,92.84196
Batch-4/R3_battery-6,100.63694267515923,82.68565
Batch-4/R3_battery-6,100.5307855626327,78.91015
Batch-4/R3_battery-6,104.67091295116772,91.89354
Batch-4/R3_battery-6,103.98089171974523,91.84794
Batch-4/R3_battery-6,101.96390658174099,91.37316
Batch-4/R3_battery-6,100.5307855626327,91.84985
Batch-4/R3_battery-6,100.47770700636944,82.67816
Batch-4/R3_battery-6,100.42462845010616,78.76481
Batch-4/R3_battery-6,104.5647558386412,90.49989
Batch-4/R3_battery-6,103.98089171974523,90.44974
Batch-4/R3_battery-6,101.96390658174099,90.54319
Batch-4/R3_battery-6,100.47770700636944,91.09819
Batch-4/R3_battery-6,100.47770700636944,82.53282
Batch-4/R3_battery-6,100.31847133757962,78.76481
Batch-4/R3_battery-6,104.51167728237793,90.49989
Batch-4/R3_battery-6,103.76857749469215,90.450714
Batch-4/R3_battery-6,101.64543524416136,90.54319
Batch-4/R3_battery-6,100.15923566878982,91.02187
Batch-4/R3_battery-6,100.10615711252655,82.46059
Batch-4/R3_battery-6,100.05307855626329,78.96898
Batch-4/R3_battery-6,104.61783439490446,90.47269
Batch-4/R3_battery-6,103.8747346072187,90.34167
Batch-4/R3_battery-6,101.91082802547771,90.54319
Batch-4/R3_battery-6,100.42462845010616,91.06028
Batch-4/R3_battery-6,100.31847133757962,82.51491
Batch-4/R3_battery-6,100.26539278131636,79.093605
Batch-4/R3_battery-6,104.51167728237793,90.49989
Batch-4/R3_battery-6,103.71549893842888,90.44077
Batch-4/R3_battery-6,101.75159235668791,90.54319
Batch-4/R3_battery-6,100.31847133757962,91.02497
Batch-4/R3_battery-6,100.21231422505308,82.51491
Batch-4/R3_battery-6,100.05307855626329,79.02771
Batch-4/R3_battery-6,104.40552016985139,90.48343
Batch-4/R3_battery-6,103.76857749469215,90.44077
Batch-4/R3_battery-6,101.85774946921444,90.233246
Batch-4/R3_battery-6,100.42462845010616,90.98706
Batch-4/R3_battery-6,100.47770700636944,82.684616
Batch-4/R3_battery-6,100.21231422505308,79.328094
Batch-4/R3_battery-6,104.61783439490446,90.5182
Batch-4/R3_battery-6,103.82165605095541,90.34167
Batch-4/R3_battery-6,101.85774946921444,90.43414
Batch-4/R3_battery-6,100.42462845010616,91.03176
Batch-4/R3_battery-6,100.31847133757962,82.48039
Batch-4/R3_battery-6,100.05307855626329,79.21093
Batch-4/R3_battery-6,104.51167728237793,90.504776
Batch-4/R3_battery-6,103.66242038216562,90.34167
Batch-4/R3_battery-6,101.85774946921444,90.54221
Batch-4/R3_battery-6,100.3715498938429,90.9953
Batch-4/R3_battery-6,100.26539278131636,82.364044
Batch-4/R3_battery-6,100.05307855626329,78.50028
Batch-4/R3_battery-6,104.5647558386412,90.520676
Batch-4/R3_battery-6,103.71549893842888,90.34991
Batch-4/R3_battery-6,101.80467091295118,90.458786
Batch-4/R3_battery-6,100.3715498938429,90.972084
Batch-4/R3_battery-6,100.21231422505308,82.345
Batch-4/R3_battery-6,99.94692144373674,79.19358
Batch-4/R3_battery-6,104.45859872611464,90.48156
Batch-4/R3_battery-6,103.5031847133758,90.31845
Batch-4/R3_battery-6,101.5923566878981,90.51997
Batch-4/R3_battery-6,100.26539278131636,90.963844
Batch-4/R3_battery-6,100.21231422505308,82.5387
Batch-4/R3_battery-6,100.0,78.444115
Batch-4/R3_battery-6,104.5647558386412,90.496956
Batch-4/R3_battery-6,103.66242038216562,90.315865
Batch-4/R3_battery-6,101.75159235668791,90.420906
Batch-4/R3_battery-6,100.31847133757962,90.96308
Batch-4/R3_battery-6,100.21231422505308,82.53865
Batch-4/R3_battery-6,99.94692144373674,78.46323
Batch-4/R3_battery-6,104.45859872611464,90.48933
Batch-4/R3_battery-6,103.5031847133758,90.31203
Batch-4/R3_battery-6,101.5923566878981,90.39626
Batch-4/R3_battery-6,100.10615711252655,90.95484
Batch-4/R3_battery-6,100.0,82.331055
Batch-4/R3_battery-6,99.8407643312102,78.45977
Batch-4/R3_battery-6,104.5647558386412,90.48933
Batch-4/R3_battery-6,103.82165605095541,90.352356
Batch-4/R3_battery-6,102.01698513800426,90.449234
Batch-4/R3_battery-6,100.5307855626327,91.05876
Batch-4/R3_battery-6,100.31847133757962,82.57151
Batch-4/R3_battery-6,99.94692144373674,79.19571
Batch-4/R3_battery-6,104.61783439490446,90.43301
Batch-4/R3_battery-6,103.66242038216562,90.352356
Batch-4/R3_battery-6,101.85774946921444,90.43843
Batch-4/R3_battery-6,100.42462845010616,91.05388
Batch-4/R3_battery-6,100.26539278131636,82.56482
Batch-4/R3_battery-6,99.8407643312102,79.19571
Batch-4/R3_battery-6,104.5647558386412,90.446815
Batch-4/R3_battery-6,103.60934182590233,90.346924
Batch-4/R3_battery-6,101.85774946921444,90.43843
Batch-4/R3_battery-6,100.3715498938429,91.02536
Batch-4/R3_battery-6,100.21231422505308,82.57151
Batch-4/R3_battery-6,99.78768577494692,78.469406
Batch-4/R3_battery-6,104.45859872611464,90.446815
Batch-4/R3_battery-6,103.45010615711254,90.33589
Batch-4/R3_battery-6,101.64543524416136,90.429146
Batch-4/R3_battery-6,100.21231422505308,90.96987
Batch-4/R3_battery-6,100.0,82.57384
Batch-4/R3_battery-6,99.68152866242038,78.47459
Batch-4/R3_battery-6,104.35244161358813,90.496956
Batch-4/R3_battery-6,103.343949044586,90.31203
Batch-4/R3_battery-6,101.48619957537154,90.420906
Batch-4/R3_battery-6,100.10615711252655,90.96308
Batch-4/R3_battery-6,99.94692144373674,82.61891
Batch-4/R3_battery-6,99.57537154989384,78.46323
Batch-4/R3_battery-6,104.24628450106157,90.4918
Batch-4/R3_battery-6,103.23779193205947,90.31203
Batch-4/R3_battery-6,101.38004246284503,90.39671
Batch-4/R3_battery-6,99.94692144373674,90.95484
Batch-4/R3_battery-6,99.78768577494692,82.52811
Batch-4/R3_battery-6,99.41613588110404,78.45977
Batch-4/R3_battery-6,104.14012738853503,90.4759
Batch-4/R3_battery-6,103.13163481953292,90.30379
Batch-4/R3_battery-6,101.27388535031847,90.472336
Batch-4/R3_battery-6,99.8407643312102,90.85511
Batch-4/R3_battery-6,99.68152866242038,82.546524
Batch-4/R3_battery-6,99.3099787685775,78.395195
Batch-4/R3_battery-6,104.08704883227178,90.464226
Batch-4/R3_battery-6,103.07855626326965,90.292114
Batch-4/R3_battery-6,101.2208067940552,90.48413
Batch-4/R3_battery-6,99.73460721868366,90.84702
Batch-4/R3_battery-6,99.57537154989384,82.546524
Batch-4/R3_battery-6,99.20382165605096,78.395195
Batch-4/R3_battery-6,104.03397027600849,90.45934
Batch-4/R3_battery-6,102.91932059447984,90.292114
Batch-4/R3_battery-6,101.00849256900213,90.49407
Batch-4/R3_battery-6,99.52229299363057,90.88493
Batch-4/R3_battery-6,99.25690021231424,82.24243
Batch-4/R3_battery-6,98.99150743099788,78.42668
Batch-4/R3_battery-6,103.82165605095541,90.43589
Batch-4/R3_battery-6,102.70700636942675,90.401146
Batch-4/R3_battery-6,100.79617834394905,90.46353
Batch-4/R3_battery-6,99.3099787685775,90.880104
Batch-4/R3_battery-6,99.09766454352442,82.19978
Batch-4/R3_battery-6,98.77919320594481,78.03237
Batch-4/R3_battery-6,103.66242038216562,90.38527
Batch-4/R3_battery-6,102.49469214437367,90.370605
Batch-4/R3_battery-6,100.5307855626327,90.643845
Batch-4/R3_battery-6,99.04458598726116,90.9332
Batch-4/R3_battery-6,98.83227176220808,82.169876
Batch-4/R3_battery-6,98.51380042462846,77.90051
Batch-4/R3_battery-6,103.45010615711254,90.35239
Batch-4/R3_battery-6,102.2823779193206,90.528
Batch-4/R3_battery-6,100.26539278131636,90.67289
Batch-4/R3_battery-6,98.72611464968153,90.949455
Batch-4/R3_battery-6,98.51380042462846,82.270584
Batch-4/R3_battery-6,98.2484076433121,78.0234
Batch-4/R3_battery-6,103.18471337579618,90.46142
Batch-4/R3_battery-6,101.91082802547771,90.01671
Batch-4/R3_battery-6,99.8407643312102,89.26154
Batch-4/R3_battery-6,98.2484076433121,89.19877
Batch-4/R3_battery-6,98.0891719745223,83.02702
Batch-4/R3_battery-6,97.9299363057325,77.92971
Batch-4/R3_battery-6,102.81316348195331,90.66186
Batch-4/R3_battery-6,101.48619957537154,89.22345
Batch-4/R3_battery-6,99.3099787685775,89.18618
Batch-4/R3_battery-6,97.66454352441615,89.102936
Batch-4/R3_battery-6,97.55838641188961,83.103615
Batch-4/R3_battery-6,97.45222929936307,78.239655
Batch-4/R3_battery-6,102.38853503184716,89.60802
Batch-4/R3_battery-6,101.06157112526539,89.31351
Batch-4/R3_battery-6,98.83227176220808,89.18618
Batch-4/R3_battery-6,97.23991507430999,89.22716
Batch-4/R3_battery-6,97.08067940552017,83.10526
Batch-4/R3_battery-6,97.02760084925691,78.26701
Batch-4/R3_battery-6,102.12314225053079,89.36897
Batch-4/R3_battery-6,100.7430997876858,89.30596
Batch-4/R3_battery-6,98.51380042462846,89.143845
Batch-4/R3_battery-6,96.92144373673037,89.2047
Batch-4/R3_battery-6,96.81528662420384,81.23144
Batch-4/R3_battery-6,96.81528662420384,78.26701
Batch-4/R3_battery-6,101.96390658174099,89.44226
Batch-4/R3_battery-6,100.63694267515923,89.31351
Batch-4/R3_battery-6,98.40764331210192,89.143845
Batch-4/R3_battery-6,96.70912951167729,89.29676
Batch-4/R3_battery-6,96.60297239915076,81.23144
Batch-4/R3_battery-6,96.65605095541402,78.23457
Batch-4/R3_battery-6,101.75159235668791,89.44226
Batch-4/R3_battery-6,100.3715498938429,89.27116
Batch-4/R3_battery-6,98.14225053078557,89.143845
Batch-4/R3_battery-6,96.49681528662421,89.456566
Batch-4/R3_battery-6,96.39065817409768,81.23144
Batch-4/R3_battery-6,96.39065817409768,78.18338
Batch-4/R3_battery-6,101.53927813163483,89.44226
Batch-4/R3_battery-6,100.15923566878982,89.27116
Batch-4/R3_battery-6,97.98301486199577,89.14046
Batch-4/R3_battery-6,96.23142250530786,89.623344
Batch-4/R3_battery-6,96.12526539278133,81.21557
Batch-4/R3_battery-6,96.1783439490446,78.16751
Batch-4/R3_battery-6,101.43312101910828,89.43887
Batch-4/R3_battery-6,100.0,89.26777
Batch-4/R3_battery-6,97.7176220806794,89.14046
Batch-4/R3_battery-6,96.01910828025478,89.79545
Batch-4/R3_battery-6,95.96602972399153,81.13027
Batch-4/R3_battery-6,95.91295116772824,78.17289
Batch-4/R3_battery-6,101.32696390658175,89.43887
Batch-4/R3_battery-6,99.8407643312102,89.26777
Batch-4/R3_battery-6,97.55838641188961,89.14046
Batch-4/R3_battery-6,95.91295116772824,90.10662
Batch-4/R3_battery-6,95.8067940552017,81.164925
Batch-4/R3_battery-6,95.8067940552017,78.17289
Batch-4/R3_battery-6,101.2208067940552,89.43887
Batch-4/R3_battery-6,99.73460721868366,89.26777
Batch-4/R3_battery-6,97.3991507430998,89.14046
Batch-4/R3_battery-6,95.70063694267516,89.3693
Batch-4/R3_battery-6,95.54140127388536,81.164925
Batch-4/R3_battery-6,95.48832271762208,78.167786
Batch-4/R3_battery-6,100.95541401273887,89.43887
Batch-4/R3_battery-6,99.57537154989384,89.26777
Batch-4/R3_battery-6,97.34607218683652,89.14046
Batch-4/R3_battery-6,95.6475583864119,89.3693
Batch-4/R3_battery-6,95.6475583864119,81.164925
Batch-4/R3_battery-6,95.59447983014863,78.16751
Batch-4/R3_battery-6,100.95541401273887,89.43887
Batch-4/R3_battery-6,99.41613588110404,89.26777
Batch-4/R3_battery-6,97.02760084925691,89.14046
Batch-4/R3_battery-6,95.38216560509555,89.12108
Batch-4/R3_battery-6,95.1167728237792,81.164925
Batch-4/R3_battery-6,95.06369426751593,78.07707
Batch-4/R3_battery-6,100.63694267515923,89.43887
Batch-4/R3_battery-6,99.20382165605096,89.26777
Batch-4/R3_battery-6,97.08067940552017,89.14046
Batch-4/R3_battery-6,95.59447983014863,89.5206
Batch-4/R3_battery-6,95.22292993630575,81.164925
Batch-4/R3_battery-6,95.16985138004247,78.16945
Batch-4/R3_battery-6,100.69002123142252,89.43887
Batch-4/R3_battery-6,99.25690021231424,89.26777
Batch-4/R3_battery-6,96.8683651804671,89.14046
Batch-4/R3_battery-6,95.16985138004247,89.47201
Batch-4/R3_battery-6,94.90445859872612,81.164925
Batch-4/R3_battery-6,94.79830148619959,78.13115
Batch-4/R3_battery-6,100.47770700636944,89.43884
Batch-4/R3_battery-6,98.77919320594481,89.26774
Batch-4/R3_battery-6,96.54989384288749,89.14041
Batch-4/R3_battery-6,95.06369426751593,89.11737
Batch-4/R3_battery-6,94.9575371549894,81.15943
Batch-4/R3_battery-6,94.90445859872612,78.163956
Batch-4/R3_battery-6,100.5307855626327,89.43884
Batch-4/R3_battery-6,98.93842887473461,89.26774
Batch-4/R3_battery-6,96.70912951167729,89.14041
Batch-4/R3_battery-6,95.01061571125267,88.80107
Batch-4/R3_battery-6,94.69214437367305,81.15536
Batch-4/R3_battery-6,94.5859872611465,78.13075
Batch-4/R3_battery-6,100.42462845010616,89.43761
Batch-4/R3_battery-6,98.83227176220808,89.2665
Batch-4/R3_battery-6,96.60297239915076,89.13919
Batch-4/R3_battery-6,94.9575371549894,88.3112
Batch-4/R3_battery-6,94.7452229299363,81.15536
Batch-4/R3_battery-6,94.7452229299363,78.16656
Batch-4/R3_battery-6,100.42462845010616,89.42886
Batch-4/R3_battery-6,98.83227176220808,89.26008
Batch-4/R3_battery-6,96.60297239915076,89.13277
Batch-4/R3_battery-6,94.90445859872612,88.332306
Batch-4/R3_battery-6,94.63906581740976,81.14893
Batch-4/R3_battery-6,94.47983014861995,78.18573
Batch-4/R3_battery-6,100.26539278131636,89.234116
Batch-4/R3_battery-6,98.619957537155,89.06301
Batch-4/R3_battery-6,96.33757961783441,88.9357
Batch-4/R3_battery-6,94.5859872611465,88.26659
Batch-4/R3_battery-6,94.37367303609342,81.13909
Batch-4/R3_battery-6,94.26751592356688,78.19812
Batch-4/R3_battery-6,100.10615711252655,89.234116
Batch-4/R3_battery-6,98.51380042462846,89.06301
Batch-4/R3_battery-6,96.28450106157113,88.9357
Batch-4/R3_battery-6,94.5859872611465,88.28673
Batch-4/R3_battery-6,94.32059447983015,81.13909
Batch-4/R3_battery-6,94.10828025477707,78.19812
Batch-4/R3_battery-6,100.10615711252655,89.234116
Batch-4/R3_battery-6,98.51380042462846,89.06301
Batch-4/R3_battery-6,96.1783439490446,88.9357
Batch-4/R3_battery-6,94.42675159235668,88.298325
Batch-4/R3_battery-6,94.16135881104034,81.13909
Batch-4/R3_battery-6,93.94904458598727,78.20727
Batch-4/R3_battery-6,99.94692144373674,89.234116
Batch-4/R3_battery-6,98.35456475583865,89.06301
Batch-4/R3_battery-6,96.1783439490446,88.9357
Batch-4/R3_battery-6,94.47983014861995,88.22006
Batch-4/R3_battery-6,94.2144373673036,81.13038
Batch-4/R3_battery-6,94.0552016985138,78.13159
Batch-4/R3_battery-6,100.05307855626329,89.234116
Batch-4/R3_battery-6,98.46072186836518,89.06301
Batch-4/R3_battery-6,96.23142250530786,88.9357
Batch-4/R3_battery-6,94.42675159235668,88.22006
Batch-4/R3_battery-6,94.16135881104034,81.13038
Batch-4/R3_battery-6,93.895966029724,78.14365
Batch-4/R3_battery-6,99.94692144373674,89.234116
Batch-4/R3_battery-6,98.30148619957538,89.06301
Batch-4/R3_battery-6,96.12526539278133,88.9357
Batch-4/R3_battery-6,94.37367303609342,88.22006
Batch-4/R3_battery-6,94.10828025477707,81.12209
Batch-4/R3_battery-6,93.895966029724,78.16208
Batch-4/R3_battery-6,99.89384288747345,89.22583
Batch-4/R3_battery-6,98.30148619957538,89.054726
Batch-4/R3_battery-6,96.01910828025478,88.9274
Batch-4/R3_battery-6,94.2144373673036,88.2634
Batch-4/R3_battery-6,94.00212314225053,81.12209
Batch-4/R3_battery-6,93.68365180467092,78.0822
Batch-4/R3_battery-6,99.78768577494692,89.1926
Batch-4/R3_battery-6,98.14225053078557,89.02149
Batch-4/R3_battery-6,95.91295116772824,88.89418
Batch-4/R3_battery-6,94.2144373673036,88.23157
Batch-4/R3_battery-6,94.00212314225053,81.09026
Batch-4/R3_battery-6,93.78980891719745,78.197464
Batch-4/R3_battery-6,99.89384288747345,89.1926
Batch-4/R3_battery-6,98.30148619957538,89.02149
Batch-4/R3_battery-6,96.12526539278133,88.89418
Batch-4/R3_battery-6,94.32059447983015,88.1649
Batch-4/R3_battery-6,94.00212314225053,81.09026
Batch-4/R3_battery-6,93.63057324840764,78.16269
Batch-4/R3_battery-6,99.78768577494692,89.08281
Batch-4/R3_battery-6,98.0891719745223,88.90684
Batch-4/R3_battery-6,95.85987261146498,88.77951
Batch-4/R3_battery-6,94.00212314225053,88.43454
Batch-4/R3_battery-6,93.73673036093419,81.09026
Batch-4/R3_battery-6,93.41825902335457,78.085236
Batch-4/R3_battery-6,99.8407643312102,89.07794
Batch-4/R3_battery-6,98.19532908704885,88.90684
Batch-4/R3_battery-6,96.12526539278133,88.77951
Batch-4/R3_battery-6,94.26751592356688,88.14232
Batch-4/R3_battery-6,94.00212314225053,81.09026
Batch-4/R3_battery-6,93.57749469214437,78.24763
Batch-4/R3_battery-6,99.73460721868366,89.07794
Batch-4/R3_battery-6,98.0891719745223,88.90684
Batch-4/R3_battery-6,95.85987261146498,88.77951
Batch-4/R3_battery-6,93.94904458598727,88.43454
Batch-4/R3_battery-6,93.57749469214437,81.06986
Batch-4/R3_battery-6,93.20594479830149,78.10985
Batch-4/R3_battery-6,99.57537154989384,89.07594
Batch-4/R3_battery-6,98.03609341825903,88.90484
Batch-4/R3_battery-6,95.91295116772824,88.77753
Batch-4/R3_battery-6,94.0552016985138,88.154816
Batch-4/R3_battery-6,93.68365180467092,81.06986
Batch-4/R3_battery-6,93.25902335456475,78.232956
Batch-4/R3_battery-6,99.62845010615712,89.059395
Batch-4/R3_battery-6,97.9299363057325,88.899284
Batch-4/R3_battery-6,95.75371549893845,88.77197
Batch-4/R3_battery-6,93.84288747346072,88.73724
Batch-4/R3_battery-6,93.41825902335457,81.0395
Batch-4/R3_battery-6,93.04670912951167,78.17706
Batch-4/R3_battery-6,99.41613588110404,89.054756
Batch-4/R3_battery-6,97.7176220806794,88.89233
Batch-4/R3_battery-6,95.70063694267516,88.765015
Batch-4/R3_battery-6,93.84288747346072,88.85443
Batch-4/R3_battery-6,93.47133757961782,81.0395
Batch-4/R3_battery-6,93.20594479830149,78.20036
Batch-4/R3_battery-6,99.57537154989384,89.054756
Batch-4/R3_battery-6,97.82377919320595,88.89233
Batch-4/R3_battery-6,95.59447983014863,88.765015
Batch-4/R3_battery-6,93.68365180467092,88.91905
Batch-4/R3_battery-6,93.20594479830149,81.0395
Batch-4/R3_battery-6,92.8343949044586,78.16771
Batch-4/R3_battery-6,99.3099787685775,89.054756
Batch-4/R3_battery-6,97.50530785562633,88.89233
Batch-4/R3_battery-6,95.276008492569,88.765015
Batch-4/R3_battery-6,93.47133757961782,88.67435
Batch-4/R3_battery-6,93.31210191082803,80.97382
Batch-4/R3_battery-6,92.88747346072186,78.15686
Batch-4/R3_battery-6,99.36305732484078,89.02363
Batch-4/R3_battery-6,97.61146496815287,88.86353
Batch-4/R3_battery-6,95.38216560509555,88.736206
Batch-4/R3_battery-6,93.47133757961782,88.89638
Batch-4/R3_battery-6,92.99363057324841,80.608345
Batch-4/R3_battery-6,92.67515923566879,78.08807
Batch-4/R3_battery-6,99.20382165605096,89.02596
Batch-4/R3_battery-6,97.3991507430998,88.86353
Batch-4/R3_battery-6,95.1167728237792,88.736206
Batch-4/R3_battery-6,93.15286624203821,88.81633
Batch-4/R3_battery-6,92.78131634819533,80.5942
Batch-4/R3_battery-6,92.56900212314225,78.07393
Batch-4/R3_battery-6,99.25690021231424,89.02596
Batch-4/R3_battery-6,97.45222929936307,88.86353
Batch-4/R3_battery-6,95.32908704883228,88.736206
Batch-4/R3_battery-6,93.36518046709129,88.736725
Batch-4/R3_battery-6,92.88747346072186,80.56992
Batch-4/R3_battery-6,92.51592356687898,78.0901
Batch-4/R3_battery-6,99.09766454352442,89.02596
Batch-4/R3_battery-6,97.34607218683652,88.86353
Batch-4/R3_battery-6,95.01061571125267,88.736206
Batch-4/R3_battery-6,93.04670912951167,88.661224
Batch-4/R3_battery-6,92.51592356687898,80.56992
Batch-4/R3_battery-6,92.19745222929937,78.06171
Batch-4/R3_battery-6,98.99150743099788,89.02397
Batch-4/R3_battery-6,97.45222929936307,88.86154
Batch-4/R3_battery-6,95.16985138004247,88.736206
Batch-4/R3_battery-6,93.20594479830149,88.739655
Batch-4/R3_battery-6,92.72823779193206,80.52111
Batch-4/R3_battery-6,92.35668789808918,78.1196
Batch-4/R3_battery-6,99.04458598726116,89.016785
Batch-4/R3_battery-6,97.23991507430999,88.84538
Batch-4/R3_battery-6,94.9575371549894,88.723236
Batch-4/R3_battery-6,93.04670912951167,88.759445
Batch-4/R3_battery-6,92.56900212314225,80.50315
Batch-4/R3_battery-6,92.1443736730361,77.94238
Batch-4/R3_battery-6,98.88535031847134,88.99159
Batch-4/R3_battery-6,97.13375796178345,88.82916
Batch-4/R3_battery-6,94.9575371549894,88.707016
Batch-4/R3_battery-6,93.15286624203821,88.7375
Batch-4/R3_battery-6,92.62208067940553,80.42391
Batch-4/R3_battery-6,92.1443736730361,78.02367
Batch-4/R3_battery-6,98.93842887473461,88.946655
Batch-4/R3_battery-6,97.08067940552017,88.81827
Batch-4/R3_battery-6,94.85138004246284,88.686554
Batch-4/R3_battery-6,92.88747346072186,88.62154
Batch-4/R3_battery-6,92.40976645435245,80.35885
Batch-4/R3_battery-6,91.9851380042463,78.04137
Batch-4/R3_battery-6,98.77919320594481,88.954636
Batch-4/R3_battery-6,96.92144373673037,88.792206
Batch-4/R3_battery-6,94.69214437367305,88.66049
Batch-4/R3_battery-6,92.72823779193206,88.375
Batch-4/R3_battery-6,92.25053078556263,80.3549
Batch-4/R3_battery-6,91.82590233545648,78.0374
Batch-4/R3_battery-6,98.77919320594481,88.95343
Batch-4/R3_battery-6,96.92144373673037,88.791
Batch-4/R3_battery-6,94.69214437367305,88.65929
Batch-4/R3_battery-6,92.72823779193206,88.36998
Batch-4/R3_battery-6,92.1443736730361,80.34681
Batch-4/R3_battery-6,91.66666666666667,78.0374
Batch-4/R3_battery-6,98.619957537155,88.95288
Batch-4/R3_battery-6,96.70912951167729,88.79045
Batch-4/R3_battery-6,94.37367303609342,88.61954
Batch-4/R3_battery-6,92.40976645435245,88.49371
Batch-4/R3_battery-6,91.93205944798302,80.34681
Batch-4/R3_battery-6,91.56050955414014,74.941055
Batch-4/R3_battery-6,98.51380042462846,88.95288
Batch-4/R3_battery-6,96.76220806794056,88.79045
Batch-4/R3_battery-6,94.53290870488323,88.61954
Batch-4/R3_battery-6,92.51592356687898,88.47153
Batch-4/R3_battery-6,91.93205944798302,80.38863
Batch-4/R3_battery-6,91.4543524416136,74.93031
Batch-4/R3_battery-6,98.51380042462846,88.95288
Batch-4/R3_battery-6,96.60297239915076,88.79045
Batch-4/R3_battery-6,94.26751592356688,88.61954
Batch-4/R3_battery-6,92.25053078556263,88.05238
Batch-4/R3_battery-6,91.66666666666667,80.98681
Batch-4/R3_battery-6,91.24203821656052,74.912155
Batch-4/R3_battery-6,98.40764331210192,88.86009
Batch-4/R3_battery-6,96.49681528662421,88.771225
Batch-4/R3_battery-6,94.26751592356688,88.60031
Batch-4/R3_battery-6,92.3036093418259,88.45166
Batch-4/R3_battery-6,91.71974522292994,80.363365
Batch-4/R3_battery-6,91.29511677282377,74.94383
Batch-4/R3_battery-6,98.35456475583865,88.933655
Batch-4/R3_battery-6,96.33757961783441,88.771225
Batch-4/R3_battery-6,94.00212314225053,88.60031
Batch-4/R3_battery-6,91.93205944798302,88.37536
Batch-4/R3_battery-6,91.40127388535032,80.363365
Batch-4/R3_battery-6,90.92356687898089,74.89409
Batch-4/R3_battery-6,98.0891719745223,88.88614
Batch-4/R3_battery-6,96.12526539278133,88.763214
Batch-4/R3_battery-6,93.84288747346072,88.48003
Batch-4/R3_battery-6,91.77282377919322,88.36735
Batch-4/R3_battery-6,91.24203821656052,80.34637
Batch-4/R3_battery-6,90.87048832271762,74.90703
Batch-4/R3_battery-6,98.03609341825903,88.88614
Batch-4/R3_battery-6,96.01910828025478,88.763214
Batch-4/R3_battery-6,93.63057324840764,88.48003
Batch-4/R3_battery-6,91.50743099787687,88.911064
Batch-4/R3_battery-6,90.92356687898089,80.34637
Batch-4/R3_battery-6,90.49893842887474,74.869675
Batch-4/R3_battery-6,97.77070063694269,88.88614
Batch-4/R3_battery-6,95.70063694267516,88.763214
Batch-4/R3_battery-6,93.31210191082803,88.48003
Batch-4/R3_battery-6,91.24203821656052,89.09513
Batch-4/R3_battery-6,90.60509554140128,80.34637
Batch-4/R3_battery-6,90.18046709129513,74.684326
Batch-4/R3_battery-6,97.61146496815287,88.85208
Batch-4/R3_battery-6,95.54140127388536,88.763214
Batch-4/R3_battery-6,93.15286624203821,88.48003
Batch-4/R3_battery-6,90.92356687898089,89.52354
Batch-4/R3_battery-6,90.28662420382166,78.79627
Batch-4/R3_battery-6,89.80891719745223,74.68872
Batch-4/R3_battery-6,97.3991507430998,88.85208
Batch-4/R3_battery-6,95.32908704883228,88.763214
Batch-4/R3_battery-6,92.8343949044586,88.30713
Batch-4/R3_battery-6,90.65817409766454,90.23994
Batch-4/R3_battery-6,89.91507430997878,78.83413
Batch-4/R3_battery-6,89.49044585987261,74.69136
Batch-4/R3_battery-6,97.29299363057325,88.85887
Batch-4/R3_battery-6,95.22292993630575,88.73596
Batch-4/R3_battery-6,92.67515923566879,88.452774
Batch-4/R3_battery-6,90.3927813163482,90.22898
Batch-4/R3_battery-6,89.70276008492569,78.76969
Batch-4/R3_battery-6,89.171974522293,74.61774
Batch-4/R3_battery-6,97.02760084925691,88.80376
Batch-4/R3_battery-6,94.90445859872612,88.67569
Batch-4/R3_battery-6,92.40976645435245,88.4317
Batch-4/R3_battery-6,90.07430997876858,90.26745
Batch-4/R3_battery-6,89.49044585987261,78.760506
Batch-4/R3_battery-6,88.85350318471338,74.61934
Batch-4/R3_battery-6,96.8683651804671,88.84898
Batch-4/R3_battery-6,94.90445859872612,88.67569
Batch-4/R3_battery-6,92.35668789808918,88.4317
Batch-4/R3_battery-6,89.96815286624205,90.2165
Batch-4/R3_battery-6,89.22505307855627,78.760506
Batch-4/R3_battery-6,88.69426751592357,74.61774
Batch-4/R3_battery-6,96.70912951167729,88.80376
Batch-4/R3_battery-6,94.63906581740976,88.67569
Batch-4/R3_battery-6,91.9851380042463,88.38115
Batch-4/R3_battery-6,89.5435244161359,90.084145
Batch-4/R3_battery-6,88.85350318471338,78.760506
Batch-4/R3_battery-6,88.26963906581742,74.57468
Batch-4/R3_battery-6,96.44373673036094,88.811554
Batch-4/R3_battery-6,94.5859872611465,88.67232
Batch-4/R3_battery-6,92.1443736730361,88.38115
Batch-4/R3_battery-6,89.70276008492569,90.044685
Batch-4/R3_battery-6,89.06581740976645,78.71584
Batch-4/R3_battery-6,88.32271762208069,74.601456
Batch-4/R3_battery-6,96.44373673036094,88.686554
Batch-4/R3_battery-6,94.37367303609342,88.55849
Batch-4/R3_battery-6,91.82590233545648,88.34314
Batch-4/R3_battery-6,89.27813163481953,89.81361
Batch-4/R3_battery-6,88.48195329087049,78.71584
Batch-4/R3_battery-6,87.79193205944799,74.582344
Batch-4/R3_battery-6,96.12526539278133,88.691895
Batch-4/R3_battery-6,94.00212314225053,88.54881
Batch-4/R3_battery-6,91.50743099787687,88.339294
Batch-4/R3_battery-6,88.95966029723992,89.58219
Batch-4/R3_battery-6,88.37579617834396,78.68905
Batch-4/R3_battery-6,87.68577494692144,74.645546
Batch-4/R3_battery-6,96.01910828025478,88.67003
Batch-4/R3_battery-6,93.895966029724,88.54196
Batch-4/R3_battery-6,91.29511677282377,88.33244
Batch-4/R3_battery-6,88.69426751592357,89.48784
Batch-4/R3_battery-6,87.79193205944799,78.68905
Batch-4/R3_battery-6,87.04883227176221,72.777176
Batch-4/R3_battery-6,95.6475583864119,88.67003
Batch-4/R3_battery-6,93.52441613588111,88.54196
Batch-4/R3_battery-6,90.81740976645436,88.33244
Batch-4/R3_battery-6,88.32271762208069,89.20593
Batch-4/R3_battery-6,87.52653927813164,78.62754
Batch-4/R3_battery-6,86.67728237791933,72.75612
Batch-4/R3_battery-6,95.32908704883228,88.67003
Batch-4/R3_battery-6,93.25902335456475,88.54196
Batch-4/R3_battery-6,90.55201698513801,88.33244
Batch-4/R3_battery-6,88.05732484076434,88.34073
Batch-4/R3_battery-6,87.04883227176221,77.8113
Batch-4/R3_battery-6,86.09341825902337,72.693085
Batch-4/R3_battery-6,94.90445859872612,88.642166
Batch-4/R3_battery-6,92.8343949044586,88.48503
Batch-4/R3_battery-6,90.12738853503186,88.27551
Batch-4/R3_battery-6,87.31422505307856,88.14696
Batch-4/R3_battery-6,86.35881104033972,77.77472
Batch-4/R3_battery-6,85.40339702760086,72.69057
Batch-4/R3_battery-6,94.42675159235668,88.62427
Batch-4/R3_battery-6,92.46284501061571,88.48503
Batch-4/R3_battery-6,89.80891719745223,88.27551
Batch-4/R3_battery-6,86.83651804670913,88.17673
Batch-4/R3_battery-6,85.93418259023355,77.83873
Batch-4/R3_battery-6,84.92569002123143,72.66806
Batch-4/R3_battery-6,93.94904458598727,88.65958
Batch-4/R3_battery-6,91.93205944798302,88.451355
Batch-4/R3_battery-6,89.11889596602973,88.24184
Batch-4/R3_battery-6,86.19957537154991,87.77396
Batch-4/R3_battery-6,85.08492569002124,77.77579
Batch-4/R3_battery-6,83.97027600849258,72.627625
Batch-4/R3_battery-6,93.31210191082803,88.59059
Batch-4/R3_battery-6,91.34819532908706,88.451355
Batch-4/R3_battery-6,88.53503184713377,88.276764
Batch-4/R3_battery-6,85.56263269639068,87.71337
Batch-4/R3_battery-6,84.55414012738854,77.77579
Batch-4/R3_battery-6,83.33333333333334,72.67502
Batch-4/R3_battery-6,92.72823779193206,88.59059
Batch-4/R3_battery-6,90.76433121019109,88.451355
Batch-4/R3_battery-6,87.84501061571126,88.25456
Batch-4/R3_battery-6,84.76645435244161,81.66908
Batch-4/R3_battery-6,83.65180467091295,67.13808
Batch-4/R3_battery-6,82.43099787685775,72.627625
Batch-4/R3_battery-6,91.9851380042463,88.637375
Batch-4/R3_battery-6,89.96815286624205,88.42915
Batch-4/R3_battery-6,87.15498938428875,88.05327
Batch-4/R3_battery-6,84.18259023354565,81.39002
Batch-4/R3_battery-6,83.17409766454352,67.001335
Batch-4/R3_battery-6,81.74097664543525,71.10043
Batch-4/R3_battery-6,91.40127388535032,88.637375
Batch-4/R3_battery-6,89.43736730360935,88.42915
Batch-4/R3_battery-6,86.46496815286625,88.05327
Batch-4/R3_battery-6,83.2271762208068,81.01115
Batch-4/R3_battery-6,82.00636942675159,67.001335
Batch-4/R3_battery-6,80.57324840764332,57.045822
Batch-4/R3_battery-6,90.49893842887474,88.63957
Batch-4/R3_battery-6,88.48195329087049,88.426285
Batch-4/R3_battery-6,85.45647558386413,88.050385
Batch-4/R3_battery-6,82.21868365180467,79.97166
Batch-4/R3_battery-6,81.104033970276,66.95782
Batch-4/R3_battery-6,79.72399150743101,57.00231
Batch-4/R3_battery-6,89.80891719745223,88.43826
Batch-4/R3_battery-6,87.9511677282378,88.426285
Batch-4/R3_battery-6,84.92569002123143,88.050385
Batch-4/R3_battery-6,81.52866242038218,79.91158
Batch-4/R3_battery-6,80.2547770700637,66.95782
Batch-4/R3_battery-6,78.60934182590235,57.00231
Batch-4/R3_battery-6,88.90658174097665,88.4303
Batch-4/R3_battery-6,86.94267515923568,88.41832
Batch-4/R3_battery-6,83.86411889596603,88.04242
Batch-4/R3_battery-6,80.57324840764332,79.52827
Batch-4/R3_battery-6,79.24628450106158,66.63982
Batch-4/R3_battery-6,77.44161358811041,57.01098
Batch-4/R3_battery-6,88.00424628450106,88.4303
Batch-4/R3_battery-6,86.19957537154991,88.41832
Batch-4/R3_battery-6,83.12101910828027,88.0475
Batch-4/R3_battery-6,79.8832271762208,79.38206
Batch-4/R3_battery-6,78.5031847133758,66.63982
Batch-4/R3_battery-6,76.5923566878981,56.99453
Batch-4/R3_battery-6,87.26114649681529,88.4303
Batch-4/R3_battery-6,85.45647558386413,88.24484
Batch-4/R3_battery-6,82.32484076433121,87.9827
Batch-4/R3_battery-6,78.82165605095543,79.09623
Batch-4/R3_battery-6,77.44161358811041,66.50728
Batch-4/R3_battery-6,75.31847133757962,56.995705
Batch-4/R3_battery-6,86.25265392781317,88.41554
Batch-4/R3_battery-6,84.39490445859873,88.23421
Batch-4/R3_battery-6,81.36942675159236,87.97206
Batch-4/R3_battery-6,77.76008492569004,78.68296
Batch-4/R3_battery-6,76.38004246284503,66.766266
Batch-4/R3_battery-6,74.04458598726114,57.000446
Batch-4/R3_battery-6,85.29723991507431,88.41222
Batch-4/R3_battery-6,83.59872611464968,88.23595
Batch-4/R3_battery-6,80.62632696390658,87.375
Batch-4/R3_battery-6,76.96390658174099,78.48401
Batch-4/R3_battery-6,75.42462845010617,66.68298
Batch-4/R3_battery-6,72.98301486199576,56.988396
Batch-4/R3_battery-6,84.28874734607218,88.39583
Batch-4/R3_battery-7,105.52603613177472,99.8738
Batch-4/R3_battery-7,100.0,99.71908
Batch-4/R3_battery-7,97.66206163655686,99.73901
Batch-4/R3_battery-7,96.28055260361319,98.49246
Batch-4/R3_battery-7,96.75876726886291,85.12184
Batch-4/R3_battery-7,98.03400637619553,81.00649
Batch-4/R3_battery-7,100.47821466524974,97.69847
Batch-4/R3_battery-7,101.70031880977683,97.39775
Batch-4/R3_battery-7,99.3623804463337,97.58199
Batch-4/R3_battery-7,97.55579171094581,97.377075
Batch-4/R3_battery-7,97.66206163655686,84.67117
Batch-4/R3_battery-7,98.9373007438895,80.53519
Batch-4/R3_battery-7,101.75345377258236,96.999214
Batch-4/R3_battery-7,102.6567481402763,96.77704
Batch-4/R3_battery-7,100.37194473963868,97.090706
Batch-4/R3_battery-7,98.83103081827844,97.22814
Batch-4/R3_battery-7,99.04357066950055,83.66076
Batch-4/R3_battery-7,99.62805526036132,79.971115
Batch-4/R3_battery-7,102.70988310308185,97.05606
Batch-4/R3_battery-7,103.29436769394262,96.76566
Batch-4/R3_battery-7,101.11583421891606,96.94167
Batch-4/R3_battery-7,99.62805526036132,97.19881
Batch-4/R3_battery-7,99.7874601487779,83.66021
Batch-4/R3_battery-7,100.10626992561104,79.954254
Batch-4/R3_battery-7,103.45377258235919,96.937645
Batch-4/R3_battery-7,103.77258235919236,96.52661
Batch-4/R3_battery-7,101.59404888416579,96.692665
Batch-4/R3_battery-7,100.10626992561104,96.949165
Batch-4/R3_battery-7,100.21253985122209,83.65202
Batch-4/R3_battery-7,100.37194473963868,79.90745
Batch-4/R3_battery-7,103.8788522848034,96.90427
Batch-4/R3_battery-7,103.98512221041447,96.55487
Batch-4/R3_battery-7,101.85972369819342,96.692665
Batch-4/R3_battery-7,100.42507970244421,96.73664
Batch-4/R3_battery-7,100.47821466524974,83.62776
Batch-4/R3_battery-7,100.53134962805525,79.89678
Batch-4/R3_battery-7,104.14452709883105,96.160675
Batch-4/R3_battery-7,104.09139213602552,95.96577
Batch-4/R3_battery-7,102.07226354941552,96.086685
Batch-4/R3_battery-7,100.6376195536663,96.48576
Batch-4/R3_battery-7,100.6376195536663,83.517944
Batch-4/R3_battery-7,100.6376195536663,79.662315
Batch-4/R3_battery-7,104.41020191285868,95.423615
Batch-4/R3_battery-7,104.14452709883105,95.393776
Batch-4/R3_battery-7,102.17853347502657,95.51596
Batch-4/R3_battery-7,100.7970244420829,95.95627
Batch-4/R3_battery-7,100.69075451647184,83.2319
Batch-4/R3_battery-7,100.53134962805525,79.37501
Batch-4/R3_battery-7,104.46333687566418,95.399124
Batch-4/R3_battery-7,104.09139213602552,95.353615
Batch-4/R3_battery-7,102.33793836344314,95.47453
Batch-4/R3_battery-7,100.95642933049946,95.40735
Batch-4/R3_battery-7,100.85015940488842,83.22417
Batch-4/R3_battery-7,100.5844845908608,79.30586
Batch-4/R3_battery-7,104.46333687566418,94.901505
Batch-4/R3_battery-7,104.03825717321998,94.292274
Batch-4/R3_battery-7,102.07226354941552,94.41695
Batch-4/R3_battery-7,100.69075451647184,94.82709
Batch-4/R3_battery-7,100.69075451647184,82.73819
Batch-4/R3_battery-7,100.47821466524974,79.33166
Batch-4/R3_battery-7,104.46333687566418,93.357346
Batch-4/R3_battery-7,103.98512221041447,92.88172
Batch-4/R3_battery-7,102.17853347502657,93.02777
Batch-4/R3_battery-7,100.74388947927737,93.609604
Batch-4/R3_battery-7,100.74388947927737,82.722534
Batch-4/R3_battery-7,100.47821466524974,79.30586
Batch-4/R3_battery-7,104.56960680127526,92.713135
Batch-4/R3_battery-7,103.8788522848034,92.5384
Batch-4/R3_battery-7,102.01912858661,92.65234
Batch-4/R3_battery-7,100.6376195536663,93.13607
Batch-4/R3_battery-7,100.69075451647184,82.711075
Batch-4/R3_battery-7,100.37194473963868,79.564224
Batch-4/R3_battery-7,104.41020191285868,92.538666
Batch-4/R3_battery-7,103.82571732199789,92.396095
Batch-4/R3_battery-7,102.12539851222104,92.542145
Batch-4/R3_battery-7,100.7970244420829,93.00732
Batch-4/R3_battery-7,100.7970244420829,82.89203
Batch-4/R3_battery-7,100.37194473963868,79.5734
Batch-4/R3_battery-7,104.56960680127526,92.47119
Batch-4/R3_battery-7,103.82571732199789,92.43099
Batch-4/R3_battery-7,102.01912858661,92.542145
Batch-4/R3_battery-7,100.69075451647184,92.93235
Batch-4/R3_battery-7,100.69075451647184,82.69838
Batch-4/R3_battery-7,100.31880977683316,79.27091
Batch-4/R3_battery-7,104.41020191285868,92.51459
Batch-4/R3_battery-7,103.66631243358131,92.396095
Batch-4/R3_battery-7,101.91285866099892,92.542145
Batch-4/R3_battery-7,100.5844845908608,92.92156
Batch-4/R3_battery-7,100.5844845908608,82.714035
Batch-4/R3_battery-7,100.31880977683316,79.59687
Batch-4/R3_battery-7,104.62274176408077,92.5018
Batch-4/R3_battery-7,103.71944739638683,92.43644
Batch-4/R3_battery-7,101.85972369819342,92.42984
Batch-4/R3_battery-7,100.53134962805525,92.91477
Batch-4/R3_battery-7,100.42507970244421,82.705826
Batch-4/R3_battery-7,100.0,79.2487
Batch-4/R3_battery-7,104.30393198724761,91.9913
Batch-4/R3_battery-7,103.45377258235919,91.85618
Batch-4/R3_battery-7,101.64718384697132,91.264114
Batch-4/R3_battery-7,100.31880977683316,91.82018
Batch-4/R3_battery-7,100.31880977683316,82.6953
Batch-4/R3_battery-7,99.89373007438896,79.03747
Batch-4/R3_battery-7,104.19766206163656,90.520676
Batch-4/R3_battery-7,103.40063761955366,90.34991
Batch-4/R3_battery-7,101.59404888416579,90.458786
Batch-4/R3_battery-7,100.26567481402763,91.06852
Batch-4/R3_battery-7,100.26567481402763,82.560486
Batch-4/R3_battery-7,99.7874601487779,79.05312
Batch-4/R3_battery-7,104.09139213602552,90.520676
Batch-4/R3_battery-7,103.18809776833156,90.34167
Batch-4/R3_battery-7,101.32837407013815,90.54221
Batch-4/R3_battery-7,99.94686503719447,90.99254
Batch-4/R3_battery-7,99.89373007438896,82.46217
Batch-4/R3_battery-7,99.62805526036132,78.34513
Batch-4/R3_battery-7,104.19766206163656,90.52583
Batch-4/R3_battery-7,103.29436769394262,90.37377
Batch-4/R3_battery-7,101.59404888416579,90.467026
Batch-4/R3_battery-7,100.21253985122209,90.9953
Batch-4/R3_battery-7,100.15940488841659,82.53508
Batch-4/R3_battery-7,99.62805526036132,78.30406
Batch-4/R3_battery-7,104.03825717321998,90.47571
Batch-4/R3_battery-7,103.13496280552606,90.34991
Batch-4/R3_battery-7,101.38150903294367,90.458786
Batch-4/R3_battery-7,100.05313496280553,90.9953
Batch-4/R3_battery-7,99.94686503719447,82.53133
Batch-4/R3_battery-7,99.46865037194476,78.31972
Batch-4/R3_battery-7,103.93198724760893,90.49216
Batch-4/R3_battery-7,103.13496280552606,90.34991
Batch-4/R3_battery-7,101.48777895855471,90.467026
Batch-4/R3_battery-7,100.31880977683316,91.07905
Batch-4/R3_battery-7,100.26567481402763,82.66896
Batch-4/R3_battery-7,99.62805526036132,78.604546
Batch-4/R3_battery-7,104.09139213602552,90.46347
Batch-4/R3_battery-7,103.13496280552606,90.3848
Batch-4/R3_battery-7,101.48777895855471,90.467026
Batch-4/R3_battery-7,100.15940488841659,91.01288
Batch-4/R3_battery-7,100.05313496280553,82.475266
Batch-4/R3_battery-7,99.46865037194476,78.48801
Batch-4/R3_battery-7,103.98512221041447,90.48082
Batch-4/R3_battery-7,103.02869287991498,90.37377
Batch-4/R3_battery-7,101.43464399574921,90.467026
Batch-4/R3_battery-7,100.10626992561104,91.005844
Batch-4/R3_battery-7,100.0,82.36235
Batch-4/R3_battery-7,99.46865037194476,78.4805
Batch-4/R3_battery-7,103.98512221041447,90.43295
Batch-4/R3_battery-7,103.02869287991498,90.39025
Batch-4/R3_battery-7,101.43464399574921,90.476326
Batch-4/R3_battery-7,100.05313496280553,90.98966
Batch-4/R3_battery-7,99.94686503719447,82.326385
Batch-4/R3_battery-7,99.41551540913922,78.46047
Batch-4/R3_battery-7,103.82571732199789,90.40974
Batch-4/R3_battery-7,102.8161530286929,90.34358
Batch-4/R3_battery-7,101.22210414452711,90.43557
Batch-4/R3_battery-7,100.05313496280553,90.98263
Batch-4/R3_battery-7,99.94686503719447,82.52304
Batch-4/R3_battery-7,99.3623804463337,78.48304
Batch-4/R3_battery-7,103.93198724760893,90.37978
Batch-4/R3_battery-7,102.92242295430394,90.37067
Batch-4/R3_battery-7,101.32837407013815,90.442184
Batch-4/R3_battery-7,100.05313496280553,90.98554
Batch-4/R3_battery-7,99.89373007438896,82.52304
Batch-4/R3_battery-7,99.30924548352816,78.466606
Batch-4/R3_battery-7,103.77258235919236,90.40583
Batch-4/R3_battery-7,102.76301806588735,90.346924
Batch-4/R3_battery-7,101.11583421891606,90.429146
Batch-4/R3_battery-7,99.84059511158343,90.973625
Batch-4/R3_battery-7,99.73432518597237,82.30377
Batch-4/R3_battery-7,99.20297555791711,78.466606
Batch-4/R3_battery-7,103.93198724760893,90.37978
Batch-4/R3_battery-7,103.02869287991498,90.32817
Batch-4/R3_battery-7,101.48777895855471,90.475174
Batch-4/R3_battery-7,100.21253985122209,90.956474
Batch-4/R3_battery-7,100.0,82.55904
Batch-4/R3_battery-7,99.30924548352816,78.5021
Batch-4/R3_battery-7,103.8788522848034,90.3337
Batch-4/R3_battery-7,102.92242295430394,90.378296
Batch-4/R3_battery-7,101.38150903294367,90.45412
Batch-4/R3_battery-7,100.10626992561104,91.0066
Batch-4/R3_battery-7,99.84059511158343,82.55013
Batch-4/R3_battery-7,99.1498405951116,78.50991
Batch-4/R3_battery-7,103.82571732199789,90.333916
Batch-4/R3_battery-7,102.86928799149841,90.378296
Batch-4/R3_battery-7,101.32837407013815,90.45412
Batch-4/R3_battery-7,100.05313496280553,90.956474
Batch-4/R3_battery-7,99.84059511158343,82.52771
Batch-4/R3_battery-7,99.09670563230605,78.50568
Batch-4/R3_battery-7,103.71944739638683,90.36025
Batch-4/R3_battery-7,102.70988310308185,90.37067
Batch-4/R3_battery-7,101.11583421891606,90.449234
Batch-4/R3_battery-7,99.84059511158343,90.98554
Batch-4/R3_battery-7,99.62805526036132,82.58448
Batch-4/R3_battery-7,98.99043570669501,78.4944
Batch-4/R3_battery-7,103.61317747077577,90.144966
Batch-4/R3_battery-7,102.55047821466525,90.35724
Batch-4/R3_battery-7,101.009564293305,90.442184
Batch-4/R3_battery-7,99.73432518597237,90.88581
Batch-4/R3_battery-7,99.52178533475026,82.50653
Batch-4/R3_battery-7,98.88416578108395,78.4944
Batch-4/R3_battery-7,103.50690754516472,90.360695
Batch-4/R3_battery-7,102.4442082890542,90.346924
Batch-4/R3_battery-7,100.85015940488842,90.429596
Batch-4/R3_battery-7,99.5749202975558,90.88093
Batch-4/R3_battery-7,99.3623804463337,82.31288
Batch-4/R3_battery-7,98.72476089266739,78.447495
Batch-4/R3_battery-7,103.40063761955366,90.129326
Batch-4/R3_battery-7,102.33793836344314,90.346924
Batch-4/R3_battery-7,100.74388947927737,90.429596
Batch-4/R3_battery-7,99.41551540913922,90.87309
Batch-4/R3_battery-7,99.25611052072266,82.25444
Batch-4/R3_battery-7,98.61849096705633,78.38292
Batch-4/R3_battery-7,103.29436769394262,90.150215
Batch-4/R3_battery-7,102.23166843783208,90.33525
Batch-4/R3_battery-7,100.69075451647184,90.41792
Batch-4/R3_battery-7,99.3623804463337,90.86493
Batch-4/R3_battery-7,99.1498405951116,82.25444
Batch-4/R3_battery-7,98.5653560042508,78.38292
Batch-4/R3_battery-7,103.18809776833156,90.11765
Batch-4/R3_battery-7,102.12539851222104,90.30419
Batch-4/R3_battery-7,100.42507970244421,90.40968
Batch-4/R3_battery-7,99.1498405951116,90.82753
Batch-4/R3_battery-7,98.9373007438895,82.267136
Batch-4/R3_battery-7,98.29968119022318,78.030075
Batch-4/R3_battery-7,102.97555791710946,90.14672
Batch-4/R3_battery-7,101.91285866099892,90.292114
Batch-4/R3_battery-7,100.26567481402763,90.46257
Batch-4/R3_battery-7,98.9373007438895,90.76212
Batch-4/R3_battery-7,98.72476089266739,82.199844
Batch-4/R3_battery-7,98.1402763018066,78.00386
Batch-4/R3_battery-7,102.8161530286929,90.1113
Batch-4/R3_battery-7,101.70031880977683,90.360664
Batch-4/R3_battery-7,100.0,90.46353
Batch-4/R3_battery-7,98.67162592986185,90.450966
Batch-4/R3_battery-7,98.40595111583423,82.121704
Batch-4/R3_battery-7,97.82146652497343,77.92554
Batch-4/R3_battery-7,102.60361317747078,90.067764
Batch-4/R3_battery-7,101.48777895855471,90.370605
Batch-4/R3_battery-7,99.73432518597237,90.643845
Batch-4/R3_battery-7,98.3528161530287,90.46163
Batch-4/R3_battery-7,98.08714133900108,82.09923
Batch-4/R3_battery-7,97.50265674814028,77.86721
Batch-4/R3_battery-7,102.33793836344314,90.03488
Batch-4/R3_battery-7,101.16896918172158,90.528
Batch-4/R3_battery-7,99.30924548352816,89.88639
Batch-4/R3_battery-7,97.87460148777896,90.17648
Batch-4/R3_battery-7,97.71519659936239,82.26338
Batch-4/R3_battery-7,97.1307120085016,78.00107
Batch-4/R3_battery-7,101.96599362380448,90.1244
Batch-4/R3_battery-7,100.69075451647184,89.28935
Batch-4/R3_battery-7,98.7778958554729,89.18618
Batch-4/R3_battery-7,97.34325185972371,89.267944
Batch-4/R3_battery-7,97.18384697130712,81.13648
Batch-4/R3_battery-7,96.7056323060574,78.154915
Batch-4/R3_battery-7,101.59404888416579,90.52741
Batch-4/R3_battery-7,100.26567481402763,89.31351
Batch-4/R3_battery-7,98.3528161530287,89.18618
Batch-4/R3_battery-7,96.86503719447397,89.33911
Batch-4/R3_battery-7,96.7056323060574,81.26609
Batch-4/R3_battery-7,96.28055260361319,78.18793
Batch-4/R3_battery-7,101.27523910733262,89.379684
Batch-4/R3_battery-7,99.94686503719447,89.31351
Batch-4/R3_battery-7,98.03400637619553,89.18618
Batch-4/R3_battery-7,96.54622741764081,89.56183
Batch-4/R3_battery-7,96.43995749202976,81.26609
Batch-4/R3_battery-7,96.01487778958555,78.28981
Batch-4/R3_battery-7,101.0626992561105,89.144455
Batch-4/R3_battery-7,99.7874601487779,89.31351
Batch-4/R3_battery-7,97.82146652497343,89.18618
Batch-4/R3_battery-7,96.28055260361319,89.80885
Batch-4/R3_battery-7,96.22741764080766,81.26609
Batch-4/R3_battery-7,95.74920297555792,78.28312
Batch-4/R3_battery-7,100.85015940488842,89.10988
Batch-4/R3_battery-7,99.52178533475026,89.31351
Batch-4/R3_battery-7,97.55579171094581,89.143845
Batch-4/R3_battery-7,96.06801275239108,89.930725
Batch-4/R3_battery-7,95.9086078639745,81.26609
Batch-4/R3_battery-7,95.48352816153029,78.344734
Batch-4/R3_battery-7,100.6376195536663,89.10988
Batch-4/R3_battery-7,99.3623804463337,89.31351
Batch-4/R3_battery-7,97.39638682252922,89.14046
Batch-4/R3_battery-7,95.85547290116898,89.3693
Batch-4/R3_battery-7,95.74920297555792,81.25022
Batch-4/R3_battery-7,95.32412327311371,78.328865
Batch-4/R3_battery-7,100.42507970244421,89.17746
Batch-4/R3_battery-7,99.09670563230605,89.26777
Batch-4/R3_battery-7,97.1307120085016,89.14046
Batch-4/R3_battery-7,95.64293304994688,89.054596
Batch-4/R3_battery-7,95.48352816153029,81.25022
Batch-4/R3_battery-7,94.84590860786398,78.172356
Batch-4/R3_battery-7,100.26567481402763,89.15968
Batch-4/R3_battery-7,98.9373007438895,89.26777
Batch-4/R3_battery-7,97.02444208289054,89.14046
Batch-4/R3_battery-7,95.43039319872477,89.10614
Batch-4/R3_battery-7,95.32412327311371,81.25022
Batch-4/R3_battery-7,94.8990435706695,78.328865
Batch-4/R3_battery-7,100.15940488841659,89.15968
Batch-4/R3_battery-7,98.72476089266739,89.26777
Batch-4/R3_battery-7,96.75876726886291,88.85448
Batch-4/R3_battery-7,95.27098831030818,88.29898
Batch-4/R3_battery-7,95.05844845908608,81.164925
Batch-4/R3_battery-7,94.4739638682253,78.1815
Batch-4/R3_battery-7,99.94686503719447,89.15968
Batch-4/R3_battery-7,98.67162592986185,89.26777
Batch-4/R3_battery-7,96.7056323060574,89.14046
Batch-4/R3_battery-7,95.27098831030818,88.70952
Batch-4/R3_battery-7,95.11158342189161,81.25022
Batch-4/R3_battery-7,94.52709883103083,78.33801
Batch-4/R3_battery-7,99.7874601487779,89.15968
Batch-4/R3_battery-7,98.3528161530287,89.26777
Batch-4/R3_battery-7,96.38682252922423,89.14046
Batch-4/R3_battery-7,94.79277364505846,88.247086
Batch-4/R3_battery-7,94.58023379383636,81.164925
Batch-4/R3_battery-7,94.04888416578109,78.06704
Batch-4/R3_battery-7,99.41551540913922,89.15968
Batch-4/R3_battery-7,98.19341126461212,89.26777
Batch-4/R3_battery-7,96.43995749202976,89.14046
Batch-4/R3_battery-7,94.8990435706695,88.59517
Batch-4/R3_battery-7,94.63336875664187,81.25022
Batch-4/R3_battery-7,93.94261424017004,78.247284
Batch-4/R3_battery-7,99.46865037194476,89.15968
Batch-4/R3_battery-7,98.1402763018066,89.26777
Batch-4/R3_battery-7,96.06801275239108,89.14046
Batch-4/R3_battery-7,94.52709883103083,88.245026
Batch-4/R3_battery-7,94.31455897980871,81.164925
Batch-4/R3_battery-7,93.6769394261424,78.0837
Batch-4/R3_battery-7,99.1498405951116,89.15964
Batch-4/R3_battery-7,97.71519659936239,89.26774
Batch-4/R3_battery-7,95.85547290116898,89.14041
Batch-4/R3_battery-7,94.42082890541977,88.29747
Batch-4/R3_battery-7,94.36769394261425,81.24473
Batch-4/R3_battery-7,93.62380446333688,78.24179
Batch-4/R3_battery-7,99.1498405951116,89.15964
Batch-4/R3_battery-7,97.76833156216792,89.26774
Batch-4/R3_battery-7,95.85547290116898,89.14041
Batch-4/R3_battery-7,94.36769394261425,88.77991
Batch-4/R3_battery-7,94.04888416578109,81.15536
Batch-4/R3_battery-7,93.35812964930923,78.130714
Batch-4/R3_battery-7,98.99043570669501,89.15842
Batch-4/R3_battery-7,97.60892667375133,89.2665
Batch-4/R3_battery-7,95.74920297555792,89.13919
Batch-4/R3_battery-7,94.42082890541977,88.309326
Batch-4/R3_battery-7,94.15515409139215,81.24064
Batch-4/R3_battery-7,93.19872476089267,75.1284
Batch-4/R3_battery-7,98.9373007438895,89.15199
Batch-4/R3_battery-7,97.55579171094581,89.26008
Batch-4/R3_battery-7,95.69606801275239,89.13277
Batch-4/R3_battery-7,94.15515409139215,88.843124
Batch-4/R3_battery-7,93.8894792773645,80.80395
Batch-4/R3_battery-7,93.14558979808713,75.11488
Batch-4/R3_battery-7,98.72476089266739,88.954926
Batch-4/R3_battery-7,97.29011689691818,89.06301
Batch-4/R3_battery-7,95.43039319872477,88.9357
Batch-4/R3_battery-7,93.8894792773645,89.104675
Batch-4/R3_battery-7,93.62380446333688,80.794106
Batch-4/R3_battery-7,92.77364505844847,74.99804
Batch-4/R3_battery-7,98.5653560042508,88.954926
Batch-4/R3_battery-7,97.18384697130712,89.06301
Batch-4/R3_battery-7,95.27098831030818,88.9357
Batch-4/R3_battery-7,93.78320935175346,88.92438
Batch-4/R3_battery-7,93.41126461211478,80.794106
Batch-4/R3_battery-7,92.66737513283742,75.10504
Batch-4/R3_battery-7,98.45908607863974,88.954926
Batch-4/R3_battery-7,97.07757704569607,89.06301
Batch-4/R3_battery-7,95.16471838469714,88.9357
Batch-4/R3_battery-7,93.62380446333688,88.99481
Batch-4/R3_battery-7,93.25185972369819,80.794106
Batch-4/R3_battery-7,92.50797024442083,74.99804
Batch-4/R3_battery-7,98.24654622741764,88.954926
Batch-4/R3_battery-7,96.9181721572795,89.06301
Batch-4/R3_battery-7,95.11158342189161,88.9357
Batch-4/R3_battery-7,93.6769394261424,88.95653
Batch-4/R3_battery-7,93.35812964930923,80.78539
Batch-4/R3_battery-7,92.45483528161532,76.221275
Batch-4/R3_battery-7,98.24654622741764,88.954926
Batch-4/R3_battery-7,96.9181721572795,89.06301
Batch-4/R3_battery-7,95.05844845908608,88.9357
Batch-4/R3_battery-7,93.4643995749203,88.87958
Batch-4/R3_battery-7,93.03931987247609,80.78539
Batch-4/R3_battery-7,92.29543039319873,75.16484
Batch-4/R3_battery-7,98.08714133900108,88.954926
Batch-4/R3_battery-7,96.7056323060574,89.06301
Batch-4/R3_battery-7,94.95217853347503,88.9357
Batch-4/R3_battery-7,93.35812964930923,88.66269
Batch-4/R3_battery-7,93.03931987247609,80.77711
Batch-4/R3_battery-7,92.18916046758768,75.1146
Batch-4/R3_battery-7,98.03400637619553,88.946625
Batch-4/R3_battery-7,96.59936238044634,89.054726
Batch-4/R3_battery-7,94.79277364505846,88.9274
Batch-4/R3_battery-7,93.19872476089267,88.793655
Batch-4/R3_battery-7,92.77364505844847,80.77711
Batch-4/R3_battery-7,91.87035069075453,75.11545
Batch-4/R3_battery-7,97.87460148777896,88.91341
Batch-4/R3_battery-7,96.43995749202976,89.02149
Batch-4/R3_battery-7,94.6865037194474,88.89418
Batch-4/R3_battery-7,93.09245483528163,88.72984
Batch-4/R3_battery-7,92.826780021254,80.83056
Batch-4/R3_battery-7,91.92348565356005,75.07688
Batch-4/R3_battery-7,97.87460148777896,88.91341
Batch-4/R3_battery-7,96.49309245483529,89.02149
Batch-4/R3_battery-7,94.73963868225293,88.89418
Batch-4/R3_battery-7,93.14558979808713,88.70717
Batch-4/R3_battery-7,92.66737513283742,80.83056
Batch-4/R3_battery-7,91.65781083953243,75.0707
Batch-4/R3_battery-7,97.71519659936239,88.80362
Batch-4/R3_battery-7,96.28055260361319,88.90684
Batch-4/R3_battery-7,94.42082890541977,88.77951
Batch-4/R3_battery-7,92.77364505844847,88.268875
Batch-4/R3_battery-7,92.34856535600426,80.74528
Batch-4/R3_battery-7,91.55154091392137,75.12188
Batch-4/R3_battery-7,97.71519659936239,88.79874
Batch-4/R3_battery-7,96.3336875664187,88.90684
Batch-4/R3_battery-7,94.63336875664187,88.77951
Batch-4/R3_battery-7,92.98618490967057,88.693405
Batch-4/R3_battery-7,92.56110520722636,80.83056
Batch-4/R3_battery-7,91.44527098831033,75.15272
Batch-4/R3_battery-7,97.55579171094581,88.79874
Batch-4/R3_battery-7,96.1211477151966,88.90684
Batch-4/R3_battery-7,94.31455897980871,88.76994
Batch-4/R3_battery-7,92.61424017003189,88.607155
Batch-4/R3_battery-7,92.08289054197664,80.72488
Batch-4/R3_battery-7,91.07332624867162,75.05648
Batch-4/R3_battery-7,97.39638682252922,88.79675
Batch-4/R3_battery-7,96.01487778958555,88.90484
Batch-4/R3_battery-7,94.2614240170032,88.76796
Batch-4/R3_battery-7,92.61424017003189,88.5932
Batch-4/R3_battery-7,92.08289054197664,80.72488
Batch-4/R3_battery-7,91.02019128586612,75.12366
Batch-4/R3_battery-7,97.34325185972371,88.782524
Batch-4/R3_battery-7,95.85547290116898,88.899284
Batch-4/R3_battery-7,94.04888416578109,88.762405
Batch-4/R3_battery-7,92.34856535600426,89.14533
Batch-4/R3_battery-7,91.71094580233795,80.69451
Batch-4/R3_battery-7,90.70138150903296,75.040955
Batch-4/R3_battery-7,97.07757704569607,88.775566
Batch-4/R3_battery-7,95.64293304994688,88.89233
Batch-4/R3_battery-7,93.94261424017004,88.75545
Batch-4/R3_battery-7,92.29543039319873,88.91741
Batch-4/R3_battery-7,91.81721572794899,80.787674
Batch-4/R3_battery-7,90.86078639744952,75.10889
Batch-4/R3_battery-7,97.07757704569607,88.775566
Batch-4/R3_battery-7,95.58979808714135,88.89233
Batch-4/R3_battery-7,93.78320935175346,88.75545
Batch-4/R3_battery-7,92.02975557917111,89.138374
Batch-4/R3_battery-7,91.49840595111584,79.19169
Batch-4/R3_battery-7,90.32943676939426,75.023636
Batch-4/R3_battery-7,96.81190223166844,88.775566
Batch-4/R3_battery-7,95.27098831030818,88.89233
Batch-4/R3_battery-7,93.51753453772584,88.75545
Batch-4/R3_battery-7,91.92348565356005,89.23933
Batch-4/R3_battery-7,91.44527098831033,79.126
Batch-4/R3_battery-7,90.1700318809777,73.29195
Batch-4/R3_battery-7,96.75876726886291,88.74676
Batch-4/R3_battery-7,95.32412327311371,88.86353
Batch-4/R3_battery-7,93.4643995749203,88.72664
Batch-4/R3_battery-7,91.71094580233795,89.65156
Batch-4/R3_battery-7,91.17959617428268,79.10552
Batch-4/R3_battery-7,90.0106269925611,73.212456
Batch-4/R3_battery-7,96.54622741764081,88.74676
Batch-4/R3_battery-7,95.00531349628056,88.86353
Batch-4/R3_battery-7,93.14558979808713,88.72664
Batch-4/R3_battery-7,91.44527098831033,90.284935
Batch-4/R3_battery-7,90.96705632306058,79.09136
Batch-4/R3_battery-7,89.90435706695006,73.18626
Batch-4/R3_battery-7,96.49309245483529,88.74676
Batch-4/R3_battery-7,95.00531349628056,88.86353
Batch-4/R3_battery-7,93.30499468650373,88.72664
Batch-4/R3_battery-7,91.55154091392137,89.858864
Batch-4/R3_battery-7,90.91392136025506,79.0671
Batch-4/R3_battery-7,89.69181721572795,73.20936
Batch-4/R3_battery-7,96.28055260361319,88.74676
Batch-4/R3_battery-7,94.79277364505846,88.86353
Batch-4/R3_battery-7,92.93304994686504,88.72664
Batch-4/R3_battery-7,91.17959617428268,90.55239
Batch-4/R3_battery-7,90.59511158342191,79.0671
Batch-4/R3_battery-7,89.26673751328374,73.174034
Batch-4/R3_battery-7,96.1211477151966,88.74477
Batch-4/R3_battery-7,94.79277364505846,88.86154
Batch-4/R3_battery-7,92.98618490967057,88.72664
Batch-4/R3_battery-7,91.23273113708822,90.38076
Batch-4/R3_battery-7,90.59511158342191,79.01829
Batch-4/R3_battery-7,89.26673751328374,73.14782
Batch-4/R3_battery-7,96.01487778958555,88.73758
Batch-4/R3_battery-7,94.58023379383636,88.84538
Batch-4/R3_battery-7,92.72051009564294,88.71367
Batch-4/R3_battery-7,91.02019128586612,90.473305
Batch-4/R3_battery-7,90.3825717321998,79.00033
Batch-4/R3_battery-7,89.05419766206164,73.09954
Batch-4/R3_battery-7,95.80233793836345,88.7124
Batch-4/R3_battery-7,94.36769394261425,88.82916
Batch-4/R3_battery-7,92.61424017003189,88.69745
Batch-4/R3_battery-7,90.96705632306058,90.457466
Batch-4/R3_battery-7,90.32943676939426,78.921074
Batch-4/R3_battery-7,89.00106269925612,73.25138
Batch-4/R3_battery-7,95.74920297555792,88.70151
Batch-4/R3_battery-7,94.2614240170032,88.81827
Batch-4/R3_battery-7,92.40170031880979,88.686554
Batch-4/R3_battery-7,90.64824654622741,90.37501
Batch-4/R3_battery-7,90.06376195536664,78.856026
Batch-4/R3_battery-7,88.62911795961743,73.16663
Batch-4/R3_battery-7,95.53666312433582,88.67543
Batch-4/R3_battery-7,94.04888416578109,88.792206
Batch-4/R3_battery-7,92.18916046758768,88.66049
Batch-4/R3_battery-7,90.43570669500531,90.03193
Batch-4/R3_battery-7,89.798087141339,78.85206
Batch-4/R3_battery-7,88.3634431455898,73.17519
Batch-4/R3_battery-7,95.37725823591924,88.67424
Batch-4/R3_battery-7,93.8894792773645,88.791
Batch-4/R3_battery-7,92.08289054197664,88.65929
Batch-4/R3_battery-7,90.27630180658875,90.01748
Batch-4/R3_battery-7,89.58554729011689,78.84397
Batch-4/R3_battery-7,88.09776833156216,73.17519
Batch-4/R3_battery-7,95.11158342189161,88.63417
Batch-4/R3_battery-7,93.57066950053135,88.79045
Batch-4/R3_battery-7,91.71094580233795,88.65874
Batch-4/R3_battery-7,89.90435706695006,89.760506
Batch-4/R3_battery-7,89.16046758767268,78.84397
Batch-4/R3_battery-7,87.67268862911796,73.174126
Batch-4/R3_battery-7,94.8990435706695,88.63417
Batch-4/R3_battery-7,93.4643995749203,88.79045
Batch-4/R3_battery-7,91.65781083953243,88.65874
Batch-4/R3_battery-7,89.798087141339,89.75042
Batch-4/R3_battery-7,88.94792773645058,78.821785
Batch-4/R3_battery-7,87.40701381509034,73.09523
Batch-4/R3_battery-7,94.6865037194474,88.63417
Batch-4/R3_battery-7,93.14558979808713,88.79045
Batch-4/R3_battery-7,91.23273113708822,88.608185
Batch-4/R3_battery-7,89.31987247608927,89.45755
Batch-4/R3_battery-7,88.46971307120086,77.99854
Batch-4/R3_battery-7,86.9287991498406,73.07599
Batch-4/R3_battery-7,94.2614240170032,88.614944
Batch-4/R3_battery-7,92.826780021254,88.771225
Batch-4/R3_battery-7,90.96705632306058,88.58896
Batch-4/R3_battery-7,89.05419766206164,88.929504
Batch-4/R3_battery-7,88.1509032943677,77.99854
Batch-4/R3_battery-7,86.66312433581297,72.92487
Batch-4/R3_battery-7,93.8894792773645,88.614944
Batch-4/R3_battery-7,92.40170031880979,88.771225
Batch-4/R3_battery-7,90.43570669500531,88.58896
Batch-4/R3_battery-7,88.41657810839533,88.71477
Batch-4/R3_battery-7,87.51328374070138,77.99854
Batch-4/R3_battery-7,85.81296493092455,73.04715
Batch-4/R3_battery-7,93.35812964930923,88.624725
Batch-4/R3_battery-7,91.87035069075453,88.763214
Batch-4/R3_battery-7,89.9574920297556,88.58095
Batch-4/R3_battery-7,87.93836344314559,88.49762
Batch-4/R3_battery-7,86.9287991498406,77.98156
Batch-4/R3_battery-7,85.17534537725824,73.038124
Batch-4/R3_battery-7,92.87991498405952,88.624725
Batch-4/R3_battery-7,91.39213602550478,88.763214
Batch-4/R3_battery-7,89.42614240170033,88.58095
Batch-4/R3_battery-7,87.24760892667375,88.097
Batch-4/R3_battery-7,86.13177470775771,78.00897
Batch-4/R3_battery-7,84.2720510095643,71.3145
Batch-4/R3_battery-7,92.24229543039321,88.624725
Batch-4/R3_battery-7,90.75451647183847,88.763214
Batch-4/R3_battery-7,88.788522848034,88.58095
Batch-4/R3_battery-7,86.55685441020192,87.65734
Batch-4/R3_battery-7,85.2816153028693,77.86791
Batch-4/R3_battery-7,83.36875664187036,71.32655
Batch-4/R3_battery-7,91.60467587672689,88.624725
Batch-4/R3_battery-7,90.11689691817216,88.763214
Batch-4/R3_battery-7,88.1509032943677,88.58095
Batch-4/R3_battery-7,85.7066950053135,87.4458
Batch-4/R3_battery-7,84.4845908607864,77.87223
Batch-4/R3_battery-7,82.35919234856536,71.32655
Batch-4/R3_battery-7,90.80765143464401,88.624725
Batch-4/R3_battery-7,89.31987247608927,88.763214
Batch-4/R3_battery-7,87.35387885228481,88.45857
Batch-4/R3_battery-7,84.80340063761956,86.711815
Batch-4/R3_battery-7,83.36875664187036,77.862816
Batch-4/R3_battery-7,81.0308182784272,71.31714
Batch-4/R3_battery-7,90.0106269925611,88.60254
Batch-4/R3_battery-7,88.5759829968119,88.73596
Batch-4/R3_battery-7,86.55685441020192,88.55368
Batch-4/R3_battery-7,83.90010626992562,80.15638
Batch-4/R3_battery-7,82.41232731137089,67.11962
Batch-4/R3_battery-7,79.80871413390011,57.17271
Batch-4/R3_battery-7,89.00106269925612,88.58147
Batch-4/R3_battery-7,87.56641870350691,88.71489
Batch-4/R3_battery-7,85.54729011689692,88.25099
Batch-4/R3_battery-7,82.73113708820404,79.575485
Batch-4/R3_battery-7,81.13708820403825,66.81661
Batch-4/R3_battery-7,78.26780021253987,57.17271
Batch-4/R3_battery-7,87.88522848034006,88.366486
Batch-4/R3_battery-7,86.60998937300744,88.71489
Batch-4/R3_battery-7,84.59086078639746,88.25099
Batch-4/R3_battery-7,81.72157279489905,79.25328
Batch-4/R3_battery-7,79.96811902231669,67.46525
Batch-4/R3_battery-7,76.56748140276302,57.16066
Batch-4/R3_battery-7,86.76939426142403,88.09388
Batch-4/R3_battery-7,85.4941551540914,88.54553
Batch-4/R3_battery-7,83.2624867162593,88.25606
Batch-4/R3_battery-7,80.18065887353879,78.71879
Batch-4/R3_battery-7,78.05526036131776,67.09811
Batch-4/R3_battery-7,74.22954303931988,56.914673
Batch-4/R3_battery-7,85.2816153028693,88.471565
Batch-4/R3_battery-7,84.11264612114772,88.54724
Batch-4/R3_battery-7,82.04038257173221,88.25606
Batch-4/R3_battery-7,78.79914984059512,78.56317
Batch-4/R3_battery-7,76.46121147715196,66.85122
Batch-4/R3_battery-7,72.10414452709884,57.117466
Batch-4/R3_battery-7,83.84697130712009,88.357735
Batch-4/R3_battery-8,105.51724137931035,99.8738
Batch-4/R3_battery-8,100.0,99.69538
Batch-4/R3_battery-8,97.61273209549071,99.73901
Batch-4/R3_battery-8,96.23342175066313,98.49246
Batch-4/R3_battery-8,96.60477453580901,85.18583
Batch-4/R3_battery-8,97.77188328912466,80.9308
Batch-4/R3_battery-8,100.47745358090185,97.69847
Batch-4/R3_battery-8,101.6976127320955,97.39775
Batch-4/R3_battery-8,99.36339522546419,97.58199
Batch-4/R3_battery-8,97.50663129973475,97.377075
Batch-4/R3_battery-8,97.55968169761273,84.30336
Batch-4/R3_battery-8,98.88594164456234,80.11553
Batch-4/R3_battery-8,101.80371352785147,97.007454
Batch-4/R3_battery-8,102.70557029177718,96.77704
Batch-4/R3_battery-8,100.42440318302388,97.090706
Batch-4/R3_battery-8,98.88594164456234,97.22814
Batch-4/R3_battery-8,99.04509283819628,84.04612
Batch-4/R3_battery-8,99.6816976127321,79.89668
Batch-4/R3_battery-8,102.81167108753316,97.06094
Batch-4/R3_battery-8,103.44827586206897,96.76566
Batch-4/R3_battery-8,101.22015915119363,96.94167
Batch-4/R3_battery-8,99.6816976127321,97.19333
Batch-4/R3_battery-8,99.84084880636604,83.61857
Batch-4/R3_battery-8,100.3183023872679,79.89058
Batch-4/R3_battery-8,103.55437665782492,96.87194
Batch-4/R3_battery-8,103.92572944297083,96.53485
Batch-4/R3_battery-8,101.75066312997347,96.692665
Batch-4/R3_battery-8,100.26525198938991,96.983345
Batch-4/R3_battery-8,100.37135278514589,83.61707
Batch-4/R3_battery-8,100.6896551724138,79.864685
Batch-4/R3_battery-8,104.0318302387268,96.854126
Batch-4/R3_battery-8,104.19098143236074,96.57175
Batch-4/R3_battery-8,102.01591511936338,96.700905
Batch-4/R3_battery-8,100.63660477453583,96.80416
Batch-4/R3_battery-8,100.74270557029178,84.486015
Batch-4/R3_battery-8,100.79575596816977,79.83921
Batch-4/R3_battery-8,104.3501326259947,96.143326
Batch-4/R3_battery-8,104.3501326259947,95.97274
Batch-4/R3_battery-8,102.22811671087533,96.094925
Batch-4/R3_battery-8,100.79575596816977,96.4924
Batch-4/R3_battery-8,100.79575596816977,83.50893
Batch-4/R3_battery-8,100.90185676392574,79.65874
Batch-4/R3_battery-8,104.56233421750663,95.42537
Batch-4/R3_battery-8,104.45623342175068,95.40481
Batch-4/R3_battery-8,102.38726790450927,95.51596
Batch-4/R3_battery-8,100.90185676392574,95.95627
Batch-4/R3_battery-8,100.84880636604774,83.282715
Batch-4/R3_battery-8,100.79575596816977,79.42696
Batch-4/R3_battery-8,104.6684350132626,95.42917
Batch-4/R3_battery-8,104.3501326259947,95.3606
Batch-4/R3_battery-8,102.54641909814323,95.48277
Batch-4/R3_battery-8,101.22015915119363,95.40735
Batch-4/R3_battery-8,101.00795755968169,83.185745
Batch-4/R3_battery-8,100.9549071618037,79.339005
Batch-4/R3_battery-8,104.72148541114059,94.887695
Batch-4/R3_battery-8,104.3501326259947,94.303
Batch-4/R3_battery-8,102.33421750663129,94.425186
Batch-4/R3_battery-8,100.90185676392574,94.84317
Batch-4/R3_battery-8,100.90185676392574,83.15961
Batch-4/R3_battery-8,100.84880636604774,79.347565
Batch-4/R3_battery-8,104.72148541114059,93.30722
Batch-4/R3_battery-8,104.3501326259947,92.88172
Batch-4/R3_battery-8,102.44031830238727,93.02777
Batch-4/R3_battery-8,101.00795755968169,93.60283
Batch-4/R3_battery-8,100.90185676392574,82.9827
Batch-4/R3_battery-8,100.90185676392574,79.339005
Batch-4/R3_battery-8,104.88063660477454,92.67505
Batch-4/R3_battery-8,104.29708222811671,92.55488
Batch-4/R3_battery-8,102.33421750663129,92.66058
Batch-4/R3_battery-8,100.90185676392574,93.18807
Batch-4/R3_battery-8,100.9549071618037,82.69838
Batch-4/R3_battery-8,100.79575596816977,79.31205
Batch-4/R3_battery-8,104.72148541114059,92.51459
Batch-4/R3_battery-8,104.19098143236074,92.396095
Batch-4/R3_battery-8,102.44031830238727,92.542145
Batch-4/R3_battery-8,101.06100795755968,93.03823
Batch-4/R3_battery-8,101.00795755968169,82.97229
Batch-4/R3_battery-8,100.79575596816977,79.31485
Batch-4/R3_battery-8,104.9336870026525,92.5018
Batch-4/R3_battery-8,104.29708222811671,92.43644
Batch-4/R3_battery-8,102.38726790450927,92.55518
Batch-4/R3_battery-8,100.9549071618037,92.99302
Batch-4/R3_battery-8,101.00795755968169,82.892075
Batch-4/R3_battery-8,100.79575596816977,79.32341
Batch-4/R3_battery-8,104.82758620689654,92.50253
Batch-4/R3_battery-8,104.13793103448276,92.41996
Batch-4/R3_battery-8,102.22811671087533,92.533905
Batch-4/R3_battery-8,100.84880636604774,92.91477
Batch-4/R3_battery-8,100.79575596816977,82.90773
Batch-4/R3_battery-8,100.63660477453583,79.2698
Batch-4/R3_battery-8,105.03978779840848,92.50209
Batch-4/R3_battery-8,104.24403183023874,92.43644
Batch-4/R3_battery-8,102.2811671087533,92.442894
Batch-4/R3_battery-8,100.74270557029178,92.925316
Batch-4/R3_battery-8,100.6896551724138,82.69838
Batch-4/R3_battery-8,100.47745358090185,79.29307
Batch-4/R3_battery-8,104.72148541114059,91.94118
Batch-4/R3_battery-8,103.9787798408488,91.8693
Batch-4/R3_battery-8,102.06896551724138,91.264114
Batch-4/R3_battery-8,100.63660477453583,91.88476
Batch-4/R3_battery-8,100.58355437665783,82.70207
Batch-4/R3_battery-8,100.37135278514589,79.12306
Batch-4/R3_battery-8,104.61538461538463,90.520676
Batch-4/R3_battery-8,103.9787798408488,90.34991
Batch-4/R3_battery-8,102.06896551724138,90.458786
Batch-4/R3_battery-8,100.53050397877985,91.06028
Batch-4/R3_battery-8,100.58355437665783,82.54654
Batch-4/R3_battery-8,100.26525198938991,79.40524
Batch-4/R3_battery-8,104.61538461538463,90.520676
Batch-4/R3_battery-8,103.76657824933686,90.34167
Batch-4/R3_battery-8,101.75066312997347,90.54319
Batch-4/R3_battery-8,100.21220159151194,91.02497
Batch-4/R3_battery-8,100.10610079575596,82.46217
Batch-4/R3_battery-8,100.0,79.43454
Batch-4/R3_battery-8,104.6684350132626,90.59642
Batch-4/R3_battery-8,103.87267904509284,90.37377
Batch-4/R3_battery-8,102.01591511936338,90.458786
Batch-4/R3_battery-8,100.53050397877985,91.06852
Batch-4/R3_battery-8,100.42440318302388,82.53656
Batch-4/R3_battery-8,100.05305039787797,79.38847
Batch-4/R3_battery-8,104.56233421750663,90.52583
Batch-4/R3_battery-8,103.71352785145889,90.34991
Batch-4/R3_battery-8,101.85676392572944,90.458786
Batch-4/R3_battery-8,100.42440318302388,91.03176
Batch-4/R3_battery-8,100.26525198938991,82.52112
Batch-4/R3_battery-8,99.89389920424404,79.40362
Batch-4/R3_battery-8,104.50928381962865,90.5182
Batch-4/R3_battery-8,103.76657824933686,90.34167
Batch-4/R3_battery-8,102.01591511936338,90.467026
Batch-4/R3_battery-8,100.63660477453583,91.06852
Batch-4/R3_battery-8,100.47745358090185,82.66896
Batch-4/R3_battery-8,100.0,79.37808
Batch-4/R3_battery-8,104.6684350132626,90.4619
Batch-4/R3_battery-8,103.81962864721486,90.3848
Batch-4/R3_battery-8,101.96286472148542,90.467026
Batch-4/R3_battery-8,100.53050397877985,91.07905
Batch-4/R3_battery-8,100.37135278514589,82.475266
Batch-4/R3_battery-8,99.89389920424404,79.22011
Batch-4/R3_battery-8,104.61538461538463,90.47571
Batch-4/R3_battery-8,103.6604774535809,90.3668
Batch-4/R3_battery-8,101.96286472148542,90.458786
Batch-4/R3_battery-8,100.42440318302388,91.06852
Batch-4/R3_battery-8,100.3183023872679,82.36235
Batch-4/R3_battery-8,99.94694960212202,79.23147
Batch-4/R3_battery-8,104.6684350132626,90.46365
Batch-4/R3_battery-8,103.71352785145889,90.39025
Batch-4/R3_battery-8,101.96286472148542,90.467026
Batch-4/R3_battery-8,100.47745358090185,91.05583
Batch-4/R3_battery-8,100.3183023872679,82.52304
Batch-4/R3_battery-8,99.89389920424404,79.19291
Batch-4/R3_battery-8,104.50928381962865,90.43514
Batch-4/R3_battery-8,103.55437665782492,90.350555
Batch-4/R3_battery-8,101.75066312997347,90.43557
Batch-4/R3_battery-8,100.47745358090185,91.016785
Batch-4/R3_battery-8,100.37135278514589,82.57384
Batch-4/R3_battery-8,99.89389920424404,79.21214
Batch-4/R3_battery-8,104.6684350132626,90.42989
Batch-4/R3_battery-8,103.6604774535809,90.37067
Batch-4/R3_battery-8,101.90981432360743,90.442184
Batch-4/R3_battery-8,100.58355437665783,91.05876
Batch-4/R3_battery-8,100.3183023872679,82.60326
Batch-4/R3_battery-8,99.84084880636604,79.21638
Batch-4/R3_battery-8,104.50928381962865,90.42989
Batch-4/R3_battery-8,103.55437665782492,90.352356
Batch-4/R3_battery-8,101.75066312997347,90.43843
Batch-4/R3_battery-8,100.3183023872679,91.01831
Batch-4/R3_battery-8,100.21220159151194,82.522995
Batch-4/R3_battery-8,99.73474801061008,79.19571
Batch-4/R3_battery-8,104.72148541114059,90.43478
Batch-4/R3_battery-8,103.81962864721486,90.378296
Batch-4/R3_battery-8,102.12201591511936,90.475174
Batch-4/R3_battery-8,100.74270557029178,91.09425
Batch-4/R3_battery-8,100.47745358090185,82.576584
Batch-4/R3_battery-8,99.84084880636604,79.18386
Batch-4/R3_battery-8,104.72148541114059,90.4128
Batch-4/R3_battery-8,103.71352785145889,90.32817
Batch-4/R3_battery-8,102.01591511936338,90.45412
Batch-4/R3_battery-8,100.58355437665783,91.07982
Batch-4/R3_battery-8,100.3183023872679,82.49182
Batch-4/R3_battery-8,99.6816976127321,79.22265
Batch-4/R3_battery-8,104.61538461538463,90.43432
Batch-4/R3_battery-8,103.6604774535809,90.378296
Batch-4/R3_battery-8,102.01591511936338,90.45412
Batch-4/R3_battery-8,100.63660477453583,91.07982
Batch-4/R3_battery-8,100.3183023872679,82.51518
Batch-4/R3_battery-8,99.73474801061008,79.2284
Batch-4/R3_battery-8,104.56233421750663,90.43432
Batch-4/R3_battery-8,103.50132625994695,90.37067
Batch-4/R3_battery-8,101.80371352785147,90.449234
Batch-4/R3_battery-8,100.42440318302388,91.05876
Batch-4/R3_battery-8,100.15915119363395,82.56482
Batch-4/R3_battery-8,99.6286472148541,79.21214
Batch-4/R3_battery-8,104.45623342175068,90.42989
Batch-4/R3_battery-8,103.39522546419097,90.35724
Batch-4/R3_battery-8,101.6976127320955,90.442184
Batch-4/R3_battery-8,100.26525198938991,90.98066
Batch-4/R3_battery-8,100.05305039787797,82.58104
Batch-4/R3_battery-8,99.41644562334217,79.19571
Batch-4/R3_battery-8,104.3501326259947,90.43478
Batch-4/R3_battery-8,103.28912466843501,90.346924
Batch-4/R3_battery-8,101.53846153846153,90.429146
Batch-4/R3_battery-8,100.10610079575596,90.973625
Batch-4/R3_battery-8,99.89389920424404,82.57384
Batch-4/R3_battery-8,99.31034482758622,79.19571
Batch-4/R3_battery-8,104.24403183023874,90.446815
Batch-4/R3_battery-8,103.18302387267906,90.33589
Batch-4/R3_battery-8,101.43236074270557,90.429146
Batch-4/R3_battery-8,100.0,90.96308
Batch-4/R3_battery-8,99.78779840848806,82.515396
Batch-4/R3_battery-8,99.25729442970822,79.13389
Batch-4/R3_battery-8,104.19098143236074,90.43514
Batch-4/R3_battery-8,103.12997347480106,90.31348
Batch-4/R3_battery-8,101.37931034482759,90.41792
Batch-4/R3_battery-8,99.94694960212202,90.954994
Batch-4/R3_battery-8,99.6816976127321,82.53105
Batch-4/R3_battery-8,99.15119363395225,79.13389
Batch-4/R3_battery-8,104.13793103448276,90.451225
Batch-4/R3_battery-8,103.0238726790451,90.300354
Batch-4/R3_battery-8,101.16710875331565,90.40968
Batch-4/R3_battery-8,99.73474801061008,90.84702
Batch-4/R3_battery-8,99.52254641909813,82.46629
Batch-4/R3_battery-8,98.88594164456234,78.427475
Batch-4/R3_battery-8,103.92572944297083,90.464226
Batch-4/R3_battery-8,102.81167108753316,90.292114
Batch-4/R3_battery-8,101.00795755968169,90.45359
Batch-4/R3_battery-8,99.52254641909813,90.81648
Batch-4/R3_battery-8,99.36339522546419,82.20805
Batch-4/R3_battery-8,98.93899204244032,79.116234
Batch-4/R3_battery-8,103.76657824933686,90.433685
Batch-4/R3_battery-8,102.59946949602121,90.360664
Batch-4/R3_battery-8,100.79575596816977,90.46353
Batch-4/R3_battery-8,99.31034482758622,90.87582
Batch-4/R3_battery-8,98.9920424403183,82.193695
Batch-4/R3_battery-8,98.62068965517241,79.130615
Batch-4/R3_battery-8,103.60742705570291,90.38527
Batch-4/R3_battery-8,102.38726790450927,90.370605
Batch-4/R3_battery-8,100.47745358090185,90.344406
Batch-4/R3_battery-8,98.93899204244032,90.9485
Batch-4/R3_battery-8,98.72679045092838,82.169876
Batch-4/R3_battery-8,98.40848806366047,79.13932
Batch-4/R3_battery-8,103.342175066313,90.42801
Batch-4/R3_battery-8,102.06896551724138,90.520454
Batch-4/R3_battery-8,100.05305039787797,89.21296
Batch-4/R3_battery-8,98.46153846153847,89.93465
Batch-4/R3_battery-8,98.3554376657825,82.52925
Batch-4/R3_battery-8,97.9840848806366,78.98002
Batch-4/R3_battery-8,102.97082228116712,90.610466
Batch-4/R3_battery-8,101.6445623342175,89.28935
Batch-4/R3_battery-8,99.57559681697613,89.22697
Batch-4/R3_battery-8,97.93103448275863,89.17461
Batch-4/R3_battery-8,97.87798408488064,83.10165
Batch-4/R3_battery-8,97.61273209549071,79.080475
Batch-4/R3_battery-8,102.59946949602121,90.6291
Batch-4/R3_battery-8,101.22015915119363,89.31351
Batch-4/R3_battery-8,99.15119363395225,89.18618
Batch-4/R3_battery-8,97.55968169761273,89.15372
Batch-4/R3_battery-8,97.40053050397879,83.10526
Batch-4/R3_battery-8,97.24137931034483,79.13327
Batch-4/R3_battery-8,102.33421750663129,89.33542
Batch-4/R3_battery-8,100.90185676392574,89.31351
Batch-4/R3_battery-8,98.83289124668435,89.18618
Batch-4/R3_battery-8,97.29442970822282,89.14334
Batch-4/R3_battery-8,97.18832891246684,83.10526
Batch-4/R3_battery-8,96.9761273209549,78.32376
Batch-4/R3_battery-8,102.17506631299736,89.36981
Batch-4/R3_battery-8,100.79575596816977,89.31351
Batch-4/R3_battery-8,98.62068965517241,89.143845
Batch-4/R3_battery-8,96.92307692307692,89.15173
Batch-4/R3_battery-8,96.92307692307692,81.23144
Batch-4/R3_battery-8,96.60477453580901,78.66035
Batch-4/R3_battery-8,101.90981432360743,89.36981
Batch-4/R3_battery-8,100.53050397877985,89.31351
Batch-4/R3_battery-8,98.40848806366047,89.143845
Batch-4/R3_battery-8,96.76392572944297,89.12368
Batch-4/R3_battery-8,96.65782493368701,81.23144
Batch-4/R3_battery-8,96.3395225464191,78.25101
Batch-4/R3_battery-8,101.75066312997347,89.44078
Batch-4/R3_battery-8,100.37135278514589,89.27116
Batch-4/R3_battery-8,98.19628647214854,89.14046
Batch-4/R3_battery-8,96.55172413793103,89.4316
Batch-4/R3_battery-8,96.49867374005304,81.21557
Batch-4/R3_battery-8,96.18037135278514,78.24954
Batch-4/R3_battery-8,101.59151193633953,89.43739
Batch-4/R3_battery-8,100.15915119363395,89.26777
Batch-4/R3_battery-8,97.9840848806366,89.14046
Batch-4/R3_battery-8,96.39257294429709,89.54481
Batch-4/R3_battery-8,96.28647214854111,81.21557
Batch-4/R3_battery-8,95.86206896551724,78.24954
Batch-4/R3_battery-8,101.43236074270557,89.436554
Batch-4/R3_battery-8,100.0,89.26777
Batch-4/R3_battery-8,97.87798408488064,89.14046
Batch-4/R3_battery-8,96.23342175066313,89.6917
Batch-4/R3_battery-8,96.07427055702917,81.25022
Batch-4/R3_battery-8,95.70291777188329,78.24954
Batch-4/R3_battery-8,101.32625994694959,89.43739
Batch-4/R3_battery-8,99.84084880636604,89.26777
Batch-4/R3_battery-8,97.66578249336871,89.14046
Batch-4/R3_battery-8,95.91511936339523,90.137794
Batch-4/R3_battery-8,95.64986737400531,81.164925
Batch-4/R3_battery-8,95.22546419098143,78.10386
Batch-4/R3_battery-8,101.16710875331565,89.436554
Batch-4/R3_battery-8,99.73474801061008,89.26777
Batch-4/R3_battery-8,97.55968169761273,89.14046
Batch-4/R3_battery-8,95.9681697612732,89.89892
Batch-4/R3_battery-8,95.80901856763926,81.25022
Batch-4/R3_battery-8,95.27851458885942,78.3439
Batch-4/R3_battery-8,100.9549071618037,89.40335
Batch-4/R3_battery-8,99.46949602122017,89.26777
Batch-4/R3_battery-8,97.24137931034483,89.14046
Batch-4/R3_battery-8,95.43766578249337,89.16895
Batch-4/R3_battery-8,95.17241379310344,81.164925
Batch-4/R3_battery-8,94.74801061007958,78.594055
Batch-4/R3_battery-8,100.63660477453583,89.38836
Batch-4/R3_battery-8,99.36339522546419,89.26777
Batch-4/R3_battery-8,97.34748010610079,89.14046
Batch-4/R3_battery-8,95.64986737400531,89.9654
Batch-4/R3_battery-8,95.33156498673739,81.164925
Batch-4/R3_battery-8,94.74801061007958,78.313065
Batch-4/R3_battery-8,100.74270557029178,89.40335
Batch-4/R3_battery-8,99.25729442970822,89.26777
Batch-4/R3_battery-8,97.0291777188329,89.14046
Batch-4/R3_battery-8,95.22546419098143,89.18877
Batch-4/R3_battery-8,94.9602122015915,81.164925
Batch-4/R3_battery-8,94.48275862068965,78.16945
Batch-4/R3_battery-8,100.42440318302388,89.403305
Batch-4/R3_battery-8,98.88594164456234,89.26774
Batch-4/R3_battery-8,96.81697612732096,89.14041
Batch-4/R3_battery-8,95.33156498673739,89.12108
Batch-4/R3_battery-8,94.9602122015915,81.15943
Batch-4/R3_battery-8,94.37665782493369,78.16163
Batch-4/R3_battery-8,100.47745358090185,89.471436
Batch-4/R3_battery-8,98.93899204244032,89.26774
Batch-4/R3_battery-8,96.87002652519894,89.14041
Batch-4/R3_battery-8,95.06631299734748,88.66312
Batch-4/R3_battery-8,94.80106100795756,81.15536
Batch-4/R3_battery-8,94.3236074270557,78.15754
Batch-4/R3_battery-8,100.3183023872679,89.402084
Batch-4/R3_battery-8,98.83289124668435,89.2665
Batch-4/R3_battery-8,96.76392572944297,89.13919
Batch-4/R3_battery-8,95.11936339522546,88.69586
Batch-4/R3_battery-8,94.69496021220158,81.24064
Batch-4/R3_battery-8,94.21750663129973,78.33592
Batch-4/R3_battery-8,100.37135278514589,89.46463
Batch-4/R3_battery-8,98.77984084880637,89.26008
Batch-4/R3_battery-8,96.65782493368701,89.13277
Batch-4/R3_battery-8,94.9602122015915,88.302414
Batch-4/R3_battery-8,94.58885941644562,81.14893
Batch-4/R3_battery-8,94.05835543766578,78.14402
Batch-4/R3_battery-8,100.15915119363395,89.26756
Batch-4/R3_battery-8,98.56763925729443,89.06301
Batch-4/R3_battery-8,96.44562334217507,88.9357
Batch-4/R3_battery-8,94.64190981432361,88.27818
Batch-4/R3_battery-8,94.37665782493369,81.13909
Batch-4/R3_battery-8,93.9522546419098,78.13114
Batch-4/R3_battery-8,100.05305039787797,89.26756
Batch-4/R3_battery-8,98.46153846153847,89.06301
Batch-4/R3_battery-8,96.3395225464191,88.9357
Batch-4/R3_battery-8,94.58885941644562,88.104416
Batch-4/R3_battery-8,94.37665782493369,81.13909
Batch-4/R3_battery-8,93.6870026525199,78.18834
Batch-4/R3_battery-8,99.94694960212202,89.26756
Batch-4/R3_battery-8,98.3554376657825,89.06301
Batch-4/R3_battery-8,96.23342175066313,88.9357
Batch-4/R3_battery-8,94.48275862068965,88.22876
Batch-4/R3_battery-8,94.11140583554378,81.13909
Batch-4/R3_battery-8,93.63395225464191,78.14029
Batch-4/R3_battery-8,99.84084880636604,89.26756
Batch-4/R3_battery-8,98.3023872679045,89.06301
Batch-4/R3_battery-8,96.28647214854111,88.9357
Batch-4/R3_battery-8,94.64190981432361,88.269485
Batch-4/R3_battery-8,94.27055702917771,81.13038
Batch-4/R3_battery-8,93.74005305039788,78.31301
Batch-4/R3_battery-8,99.89389920424404,89.00345
Batch-4/R3_battery-8,98.3023872679045,89.06301
Batch-4/R3_battery-8,96.23342175066313,88.9357
Batch-4/R3_battery-8,94.48275862068965,88.22006
Batch-4/R3_battery-8,94.16445623342175,81.13038
Batch-4/R3_battery-8,93.52785145888593,78.31301
Batch-4/R3_battery-8,99.73474801061008,89.26756
Batch-4/R3_battery-8,98.19628647214854,89.06301
Batch-4/R3_battery-8,96.18037135278514,88.9357
Batch-4/R3_battery-8,94.48275862068965,88.22006
Batch-4/R3_battery-8,94.11140583554378,81.12209
Batch-4/R3_battery-8,93.47480106100797,78.293846
Batch-4/R3_battery-8,99.6816976127321,89.16704
Batch-4/R3_battery-8,98.14323607427056,89.054726
Batch-4/R3_battery-8,96.07427055702917,88.9274
Batch-4/R3_battery-8,94.3236074270557,88.2722
Batch-4/R3_battery-8,93.9522546419098,81.12209
Batch-4/R3_battery-8,93.26259946949602,78.26202
Batch-4/R3_battery-8,99.57559681697613,89.1732
Batch-4/R3_battery-8,98.0371352785146,89.02149
Batch-4/R3_battery-8,96.07427055702917,88.89418
Batch-4/R3_battery-8,94.48275862068965,88.24037
Batch-4/R3_battery-8,94.05835543766578,81.175545
Batch-4/R3_battery-8,93.20954907161804,78.25413
Batch-4/R3_battery-8,99.6816976127321,88.93118
Batch-4/R3_battery-8,98.09018567639257,89.02149
Batch-4/R3_battery-8,96.12732095490716,88.89418
Batch-4/R3_battery-8,94.3236074270557,88.24002
Batch-4/R3_battery-8,93.84615384615384,81.175545
Batch-4/R3_battery-8,93.15649867374005,78.24763
Batch-4/R3_battery-8,99.52254641909813,88.821396
Batch-4/R3_battery-8,97.87798408488064,88.90684
Batch-4/R3_battery-8,95.86206896551724,88.77951
Batch-4/R3_battery-8,94.05835543766578,88.1879
Batch-4/R3_battery-8,93.89920424403184,81.09026
Batch-4/R3_battery-8,93.15649867374005,78.40806
Batch-4/R3_battery-8,99.52254641909813,88.81653
Batch-4/R3_battery-8,98.0371352785146,88.90684
Batch-4/R3_battery-8,96.12732095490716,88.77951
Batch-4/R3_battery-8,94.37665782493369,88.15112
Batch-4/R3_battery-8,93.79310344827586,81.175545
Batch-4/R3_battery-8,92.9973474801061,78.304115
Batch-4/R3_battery-8,99.41644562334217,88.81653
Batch-4/R3_battery-8,97.82493368700266,88.90684
Batch-4/R3_battery-8,95.75596816976127,88.77951
Batch-4/R3_battery-8,93.89920424403184,88.905945
Batch-4/R3_battery-8,93.47480106100797,81.06986
Batch-4/R3_battery-8,92.6790450928382,78.299995
Batch-4/R3_battery-8,99.36339522546419,88.81453
Batch-4/R3_battery-8,97.82493368700266,88.90484
Batch-4/R3_battery-8,95.86206896551724,88.77753
Batch-4/R3_battery-8,94.0053050397878,88.71388
Batch-4/R3_battery-8,93.52785145888593,81.146484
Batch-4/R3_battery-8,92.73209549071618,78.39151
Batch-4/R3_battery-8,99.25729442970822,88.8003
Batch-4/R3_battery-8,97.66578249336871,88.899284
Batch-4/R3_battery-8,95.59681697612731,88.77197
Batch-4/R3_battery-8,93.74005305039788,88.86139
Batch-4/R3_battery-8,93.26259946949602,80.69451
Batch-4/R3_battery-8,92.51989389920425,78.210785
Batch-4/R3_battery-8,99.09814323607428,88.82409
Batch-4/R3_battery-8,97.61273209549071,88.89233
Batch-4/R3_battery-8,95.64986737400531,88.765015
Batch-4/R3_battery-8,93.9522546419098,88.38544
Batch-4/R3_battery-8,93.42175066312997,81.13266
Batch-4/R3_battery-8,92.62599469496021,78.35959
Batch-4/R3_battery-8,99.09814323607428,88.82409
Batch-4/R3_battery-8,97.50663129973475,88.89233
Batch-4/R3_battery-8,95.43766578249337,88.765015
Batch-4/R3_battery-8,93.52785145888593,88.994095
Batch-4/R3_battery-8,93.05039787798408,80.69451
Batch-4/R3_battery-8,92.25464190981432,78.27858
Batch-4/R3_battery-8,98.88594164456234,88.995964
Batch-4/R3_battery-8,97.29442970822282,88.89233
Batch-4/R3_battery-8,95.49071618037136,88.765015
Batch-4/R3_battery-8,93.63395225464191,88.96529
Batch-4/R3_battery-8,92.9973474801061,80.62882
Batch-4/R3_battery-8,92.25464190981432,78.30916
Batch-4/R3_battery-8,98.93899204244032,88.76455
Batch-4/R3_battery-8,97.29442970822282,88.86353
Batch-4/R3_battery-8,95.27851458885942,88.736206
Batch-4/R3_battery-8,93.36870026525199,88.93851
Batch-4/R3_battery-8,92.78514588859417,80.608345
Batch-4/R3_battery-8,92.09549071618038,78.294525
Batch-4/R3_battery-8,98.77984084880637,88.795296
Batch-4/R3_battery-8,97.0291777188329,88.86353
Batch-4/R3_battery-8,95.06631299734748,88.736206
Batch-4/R3_battery-8,93.31564986737399,88.778854
Batch-4/R3_battery-8,92.89124668435012,80.5942
Batch-4/R3_battery-8,92.14854111405836,78.274506
Batch-4/R3_battery-8,98.77984084880637,88.76455
Batch-4/R3_battery-8,97.24137931034483,88.86353
Batch-4/R3_battery-8,95.17241379310344,88.736206
Batch-4/R3_battery-8,93.26259946949602,88.778854
Batch-4/R3_battery-8,92.73209549071618,80.56992
Batch-4/R3_battery-8,92.04244031830238,78.245316
Batch-4/R3_battery-8,98.67374005305041,88.795296
Batch-4/R3_battery-8,96.9761273209549,88.86353
Batch-4/R3_battery-8,94.85411140583555,88.72664
Batch-4/R3_battery-8,92.9973474801061,88.661224
Batch-4/R3_battery-8,92.46684350132627,80.56992
Batch-4/R3_battery-8,91.9893899204244,78.24791
Batch-4/R3_battery-8,98.72679045092838,88.76256
Batch-4/R3_battery-8,97.08222811671088,88.86154
Batch-4/R3_battery-8,95.0132625994695,88.736206
Batch-4/R3_battery-8,93.10344827586206,88.811615
Batch-4/R3_battery-8,92.57294429708224,80.52111
Batch-4/R3_battery-8,91.88328912466844,78.19072
Batch-4/R3_battery-8,98.56763925729443,88.78612
Batch-4/R3_battery-8,96.92307692307692,88.83784
Batch-4/R3_battery-8,94.85411140583555,88.723236
Batch-4/R3_battery-8,92.9442970822281,88.648254
Batch-4/R3_battery-8,92.3607427055703,80.50315
Batch-4/R3_battery-8,91.61803713527851,78.165085
Batch-4/R3_battery-8,98.46153846153847,88.760925
Batch-4/R3_battery-8,96.87002652519894,88.82916
Batch-4/R3_battery-8,94.9602122015915,88.707016
Batch-4/R3_battery-8,92.9442970822281,88.63243
Batch-4/R3_battery-8,92.46684350132627,80.42391
Batch-4/R3_battery-8,91.6710875331565,74.97659
Batch-4/R3_battery-8,98.46153846153847,88.75003
Batch-4/R3_battery-8,96.76392572944297,88.81827
Batch-4/R3_battery-8,94.69496021220158,88.686554
Batch-4/R3_battery-8,92.78514588859417,88.53592
Batch-4/R3_battery-8,92.25464190981432,80.35885
Batch-4/R3_battery-8,91.56498673740053,74.98921
Batch-4/R3_battery-8,98.3023872679045,88.93523
Batch-4/R3_battery-8,96.60477453580901,88.792206
Batch-4/R3_battery-8,94.58885941644562,88.66049
Batch-4/R3_battery-8,92.6790450928382,88.43277
Batch-4/R3_battery-8,92.14854111405836,80.3549
Batch-4/R3_battery-8,91.51193633952255,74.909744
Batch-4/R3_battery-8,98.3023872679045,88.72276
Batch-4/R3_battery-8,96.60477453580901,88.791
Batch-4/R3_battery-8,94.48275862068965,88.65929
Batch-4/R3_battery-8,92.62599469496021,88.51639
Batch-4/R3_battery-8,91.9893899204244,80.34681
Batch-4/R3_battery-8,91.29973474801062,74.98526
Batch-4/R3_battery-8,98.14323607427056,88.89409
Batch-4/R3_battery-8,96.39257294429709,88.79045
Batch-4/R3_battery-8,94.3236074270557,88.65874
Batch-4/R3_battery-8,92.46684350132627,88.521774
Batch-4/R3_battery-8,91.93633952254643,80.34681
Batch-4/R3_battery-8,91.08753315649868,74.922
Batch-4/R3_battery-8,98.09018567639257,88.89409
Batch-4/R3_battery-8,96.44562334217507,88.79045
Batch-4/R3_battery-8,94.37665782493369,88.65874
Batch-4/R3_battery-8,92.51989389920425,88.47691
Batch-4/R3_battery-8,91.88328912466844,80.32461
Batch-4/R3_battery-8,91.08753315649868,74.91351
Batch-4/R3_battery-8,98.0371352785146,88.93349
Batch-4/R3_battery-8,96.23342175066313,88.79045
Batch-4/R3_battery-8,94.16445623342175,88.65874
Batch-4/R3_battery-8,92.25464190981432,88.51354
Batch-4/R3_battery-8,91.61803713527851,80.299355
Batch-4/R3_battery-8,90.92838196286472,74.88057
Batch-4/R3_battery-8,97.93103448275863,88.9671
Batch-4/R3_battery-8,96.23342175066313,88.771225
Batch-4/R3_battery-8,94.21750663129973,88.63951
Batch-4/R3_battery-8,92.3076923076923,88.45166
Batch-4/R3_battery-8,91.72413793103449,80.299355
Batch-4/R3_battery-8,90.87533156498674,74.88057
Batch-4/R3_battery-8,97.87798408488064,88.96626
Batch-4/R3_battery-8,96.0212201591512,88.771225
Batch-4/R3_battery-8,93.9522546419098,88.60031
Batch-4/R3_battery-8,91.9893899204244,88.09054
Batch-4/R3_battery-8,91.35278514588859,80.299355
Batch-4/R3_battery-8,90.61007957559681,74.90703
Batch-4/R3_battery-8,97.66578249336871,88.95825
Batch-4/R3_battery-8,95.91511936339523,88.76656
Batch-4/R3_battery-8,93.84615384615384,88.5923
Batch-4/R3_battery-8,91.88328912466844,88.36735
Batch-4/R3_battery-8,90.98143236074272,80.28237
Batch-4/R3_battery-8,90.23872679045093,74.90703
Batch-4/R3_battery-8,97.61273209549071,88.95825
Batch-4/R3_battery-8,95.70291777188329,88.763214
Batch-4/R3_battery-8,93.58090185676392,88.48003
Batch-4/R3_battery-8,91.56498673740053,88.912025
Batch-4/R3_battery-8,90.92838196286472,80.34637
Batch-4/R3_battery-8,90.18567639257294,74.89409
Batch-4/R3_battery-8,97.40053050397879,88.92107
Batch-4/R3_battery-8,95.54376657824933,88.763214
Batch-4/R3_battery-8,93.31564986737399,88.48003
Batch-4/R3_battery-8,91.24668435013263,89.02616
Batch-4/R3_battery-8,90.66312997347481,80.34637
Batch-4/R3_battery-8,89.76127320954906,74.89409
Batch-4/R3_battery-8,97.24137931034483,88.91873
Batch-4/R3_battery-8,95.33156498673739,88.763214
Batch-4/R3_battery-8,93.10344827586206,88.48003
Batch-4/R3_battery-8,90.98143236074272,89.45455
Batch-4/R3_battery-8,90.3448275862069,78.843544
Batch-4/R3_battery-8,89.54907161803713,74.7787
Batch-4/R3_battery-8,97.08222811671088,88.92107
Batch-4/R3_battery-8,95.11936339522546,88.763214
Batch-4/R3_battery-8,92.83819628647215,88.46994
Batch-4/R3_battery-8,90.71618037135278,90.17718
Batch-4/R3_battery-8,90.18567639257294,78.83413
Batch-4/R3_battery-8,89.28381962864722,74.884674
Batch-4/R3_battery-8,96.9761273209549,88.82483
Batch-4/R3_battery-8,95.0132625994695,88.73596
Batch-4/R3_battery-8,92.6790450928382,88.452774
Batch-4/R3_battery-8,90.50397877984085,90.26885
Batch-4/R3_battery-8,89.81432360742706,78.81696
Batch-4/R3_battery-8,88.96551724137932,74.71212
Batch-4/R3_battery-8,96.76392572944297,88.87274
Batch-4/R3_battery-8,94.74801061007958,88.71489
Batch-4/R3_battery-8,92.46684350132627,88.4317
Batch-4/R3_battery-8,90.29177718832891,90.23846
Batch-4/R3_battery-8,89.60212201591511,78.760506
Batch-4/R3_battery-8,88.85941644562334,74.81105
Batch-4/R3_battery-8,96.65782493368701,88.87274
Batch-4/R3_battery-8,94.69496021220158,88.67569
Batch-4/R3_battery-8,92.41379310344827,88.4317
Batch-4/R3_battery-8,90.13262599469496,90.2165
Batch-4/R3_battery-8,89.49602122015915,78.760506
Batch-4/R3_battery-8,88.59416445623341,74.81212
Batch-4/R3_battery-8,96.44562334217507,88.87274
Batch-4/R3_battery-8,94.42970822281167,88.71489
Batch-4/R3_battery-8,92.14854111405836,88.38115
Batch-4/R3_battery-8,89.76127320954906,90.11068
Batch-4/R3_battery-8,89.0185676392573,78.760506
Batch-4/R3_battery-8,88.3289124668435,74.754944
Batch-4/R3_battery-8,96.44562334217507,88.86937
Batch-4/R3_battery-8,94.48275862068965,88.71487
Batch-4/R3_battery-8,92.41379310344827,88.4317
Batch-4/R3_battery-8,89.973474801061,90.17184
Batch-4/R3_battery-8,88.91246684350132,78.66857
Batch-4/R3_battery-8,88.11671087533156,74.77933
Batch-4/R3_battery-8,96.23342175066313,88.75554
Batch-4/R3_battery-8,94.21750663129973,88.59769
Batch-4/R3_battery-8,91.93633952254643,88.34314
Batch-4/R3_battery-8,89.54907161803713,89.87788
Batch-4/R3_battery-8,88.75331564986737,78.71584
Batch-4/R3_battery-8,87.85145888594164,74.685295
Batch-4/R3_battery-8,95.91511936339523,88.74971
Batch-4/R3_battery-8,94.0053050397878,88.54881
Batch-4/R3_battery-8,91.77718832891246,88.339294
Batch-4/R3_battery-8,89.54907161803713,89.773674
Batch-4/R3_battery-8,88.70026525198938,78.62504
Batch-4/R3_battery-8,87.58620689655172,74.682884
Batch-4/R3_battery-8,95.80901856763926,88.739
Batch-4/R3_battery-8,93.84615384615384,88.58116
Batch-4/R3_battery-8,91.45888594164457,88.33244
Batch-4/R3_battery-8,89.07161803713528,89.58924
Batch-4/R3_battery-8,88.22281167108753,78.68905
Batch-4/R3_battery-8,87.16180371352785,74.66996
Batch-4/R3_battery-8,95.43766578249337,88.739
Batch-4/R3_battery-8,93.52785145888593,88.54196
Batch-4/R3_battery-8,91.24668435013263,88.33244
Batch-4/R3_battery-8,88.75331564986737,89.29678
Batch-4/R3_battery-8,88.0106100795756,78.62754
Batch-4/R3_battery-8,86.68435013262598,74.62139
Batch-4/R3_battery-8,95.17241379310344,88.739
Batch-4/R3_battery-8,93.36870026525199,88.54196
Batch-4/R3_battery-8,90.98143236074272,88.33244
Batch-4/R3_battery-8,88.43501326259947,88.51541
Batch-4/R3_battery-8,87.58620689655172,78.609276
Batch-4/R3_battery-8,86.41909814323607,72.820435
Batch-4/R3_battery-8,94.9602122015915,88.69997
Batch-4/R3_battery-8,92.9442970822281,88.48503
Batch-4/R3_battery-8,90.55702917771885,88.27551
Batch-4/R3_battery-8,87.90450928381964,88.67599
Batch-4/R3_battery-8,87.26790450928382,77.8113
Batch-4/R3_battery-8,86.25994694960212,73.00653
Batch-4/R3_battery-8,94.74801061007958,88.68208
Batch-4/R3_battery-8,92.73209549071618,88.48503
Batch-4/R3_battery-8,90.3448275862069,88.27551
Batch-4/R3_battery-8,87.85145888594164,88.67599
Batch-4/R3_battery-8,86.89655172413792,77.8113
Batch-4/R3_battery-8,85.6763925729443,72.75496
Batch-4/R3_battery-8,94.37665782493369,88.64841
Batch-4/R3_battery-8,92.3607427055703,88.451355
Batch-4/R3_battery-8,89.92042440318303,88.24184
Batch-4/R3_battery-8,87.26790450928382,88.14465
Batch-4/R3_battery-8,86.3129973474801,77.77579
Batch-4/R3_battery-8,85.35809018567639,72.730576
Batch-4/R3_battery-8,94.0053050397878,88.64841
Batch-4/R3_battery-8,92.09549071618038,88.451355
Batch-4/R3_battery-8,89.65517241379311,88.24184
Batch-4/R3_battery-8,87.0026525198939,88.01318
Batch-4/R3_battery-8,86.04774535809018,77.77579
Batch-4/R3_battery-8,84.6684350132626,72.75496
Batch-4/R3_battery-8,93.63395225464191,88.64841
Batch-4/R3_battery-8,91.6710875331565,88.451355
Batch-4/R3_battery-8,89.07161803713528,88.18559
Batch-4/R3_battery-8,86.47214854111405,87.76825
Batch-4/R3_battery-8,85.41114058355438,77.77579
Batch-4/R3_battery-8,84.24403183023873,72.71762
Batch-4/R3_battery-8,93.15649867374005,88.626205
Batch-4/R3_battery-8,91.40583554376659,88.42915
Batch-4/R3_battery-8,88.96551724137932,88.219635
Batch-4/R3_battery-8,86.15384615384616,87.80841
Batch-4/R3_battery-8,85.03978779840848,77.77579
Batch-4/R3_battery-8,83.81962864721486,72.73489
Batch-4/R3_battery-8,92.78514588859417,88.626205
Batch-4/R3_battery-8,90.87533156498674,88.42915
Batch-4/R3_battery-8,88.27586206896552,88.18559
Batch-4/R3_battery-8,85.51724137931035,87.70765
Batch-4/R3_battery-8,84.45623342175067,77.71176
Batch-4/R3_battery-8,83.12997347480106,72.730576
Batch-4/R3_battery-8,92.20159151193634,88.62332
Batch-4/R3_battery-8,90.23872679045093,88.426285
Batch-4/R3_battery-8,87.74535809018568,88.18271
Batch-4/R3_battery-8,85.03978779840848,87.36408
Batch-4/R3_battery-8,83.92572944297083,77.73227
Batch-4/R3_battery-8,82.54641909814325,72.71144
Batch-4/R3_battery-8,91.77718832891246,88.62332
Batch-4/R3_battery-8,89.86737400530504,88.426285
Batch-4/R3_battery-8,87.26790450928382,88.18271
Batch-4/R3_battery-8,84.24403183023873,81.657875
Batch-4/R3_battery-8,83.12997347480106,66.95782
Batch-4/R3_battery-8,81.75066312997346,72.6741
Batch-4/R3_battery-8,91.14058355437665,88.61536
Batch-4/R3_battery-8,89.17771883289124,88.41832
Batch-4/R3_battery-8,86.57824933687002,88.04242
Batch-4/R3_battery-8,83.50132625994695,81.00484
Batch-4/R3_battery-8,82.54641909814325,66.95444
Batch-4/R3_battery-8,81.06100795755968,57.114395
Batch-4/R3_battery-8,90.55702917771885,88.62044
Batch-4/R3_battery-8,88.80636604774536,88.41832
Batch-4/R3_battery-8,86.25994694960212,88.04242
Batch-4/R3_battery-8,83.23607427055703,80.70863
Batch-4/R3_battery-8,81.9628647214854,67.01845
Batch-4/R3_battery-8,80.47745358090185,57.113323
Batch-4/R3_battery-8,90.026525198939,88.62044
Batch-4/R3_battery-8,88.16976127320955,88.4142
Batch-4/R3_battery-8,85.57029177718832,88.0383
Batch-4/R3_battery-8,82.49336870026525,80.032196
Batch-4/R3_battery-8,81.16710875331566,66.95122
Batch-4/R3_battery-8,79.62864721485411,57.10215
Batch-4/R3_battery-8,89.33687002652519,88.40437
Batch-4/R3_battery-8,87.53315649867373,88.403564
Batch-4/R3_battery-8,84.88063660477454,88.027664
Batch-4/R3_battery-8,81.85676392572944,79.92503
Batch-4/R3_battery-8,80.6896551724138,66.95122
Batch-4/R3_battery-8,78.77984084880637,57.103863
Batch-4/R3_battery-8,88.85941644562334,88.40105
Batch-4/R3_battery-8,87.05570291777188,88.40022
Batch-4/R3_battery-8,84.40318302387267,88.02434
Batch-4/R3_battery-8,81.22015915119363,79.48864
Batch-4/R3_battery-8,80.0,66.94391
Batch-4/R3_battery-8,78.24933687002653,57.078384
Batch-4/R3_battery-8,88.16976127320955,88.38466
Batch-4/R3_battery-8,86.3129973474801,88.38385
Batch-4/R3_battery-8,83.6604774535809,87.93898
Batch-4/R3_battery-8,80.6896551724138,79.51052
Batch-4/R3_battery-8,79.46949602122015,66.62929
Batch-4/R3_battery-8,78.0371352785146,57.20324
Batch-4/R3_battery-8,87.58620689655172,88.38466
Batch-4/R3_battery-8,85.88859416445624,88.38385
Batch-4/R3_battery-8,83.18302387267906,88.01303
Batch-4/R3_battery-8,80.10610079575596,79.379814
Batch-4/R3_battery-8,78.88594164456234,66.62929
Batch-4/R3_battery-8,77.34748010610079,57.20324
Batch-4/R3_battery-8,86.94960212201592,88.374054
Batch-4/R3_battery-8,85.19893899204246,88.373245
Batch-4/R3_battery-8,82.49336870026525,88.002426
Batch-4/R3_battery-8,79.25729442970822,79.0559
Batch-4/R3_battery-8,77.87798408488064,66.57237
Batch-4/R3_battery-8,76.18037135278514,57.03769
Batch-4/R3_battery-8,86.20689655172413,88.36331
Batch-4/R3_battery-8,84.61538461538461,88.193146
Batch-4/R3_battery-8,82.0159151193634,87.97746
Batch-4/R3_battery-8,78.77984084880637,78.97097
Batch-4/R3_battery-8,77.6657824933687,66.55803
Batch-4/R3_battery-8,75.6498673740053,57.04115
Batch-4/R3_battery-8,85.72944297082229,88.034355
Batch-4/R3_battery-8,84.08488063660478,88.18399
Batch-4/R3_battery-8,81.43236074270557,87.97746
Batch-4/R3_battery-8,78.24933687002653,78.66276
Batch-4/R3_battery-8,76.87002652519894,67.06915
Batch-4/R3_battery-8,74.74801061007958,57.044514
Batch-4/R3_battery-8,85.14588859416446,88.34909
Batch-4/R3_battery-8,83.44827586206897,88.18399
Batch-4/R3_battery-8,81.0079575596817,87.323044
Batch-4/R3_battery-8,77.18832891246684,78.38983
Batch-4/R3_battery-8,75.59681697612733,66.58444
Batch-4/R3_battery-8,72.89124668435014,56.99894
Batch-4/R3_battery-8,84.24403183023873,88.29123
Batch-5/RW_battery-1,100.0,96.59992
Batch-5/RW_battery-1,101.29431626336523,99.91374
Batch-5/RW_battery-1,97.5801913337085,91.27331
Batch-5/RW_battery-1,101.85706246482837,100.03869
Batch-5/RW_battery-1,96.06077658975802,88.044136
Batch-5/RW_battery-1,103.03882948790095,74.283585
Batch-5/RW_battery-1,105.51491277433878,94.619736
Batch-5/RW_battery-1,102.53235790658415,94.21529
Batch-5/RW_battery-1,99.09960607765898,89.00617
Batch-5/RW_battery-1,100.67529544175578,98.63859
Batch-5/RW_battery-1,102.98255486775464,88.774666
Batch-5/RW_battery-1,100.33764772087788,91.29056
Batch-5/RW_battery-1,103.43275182892518,81.10487
Batch-5/RW_battery-1,104.16432189082725,93.695305
Batch-5/RW_battery-1,103.09510410804728,99.3586
Batch-5/RW_battery-1,100.84411930219473,89.81095
Batch-5/RW_battery-1,101.85706246482837,87.30086
Batch-5/RW_battery-1,105.85256049521665,93.48102
Batch-5/RW_battery-1,104.55824423185145,91.272026
Batch-5/RW_battery-1,106.35903207653348,95.17878
Batch-5/RW_battery-1,104.95216657287563,96.79823
Batch-5/RW_battery-1,103.37647720877885,86.27086
Batch-5/RW_battery-1,101.63196398424313,71.66047
Batch-5/RW_battery-1,103.09510410804728,75.96056
Batch-5/RW_battery-1,106.4715813168261,87.9229
Batch-5/RW_battery-1,103.71412492965672,61.105415
Batch-5/RW_battery-1,104.67079347214407,88.124535
Batch-5/RW_battery-1,103.32020258863253,81.34679
Batch-5/RW_battery-1,107.54079909960608,81.04504
Batch-5/RW_battery-1,104.50196961170512,87.89631
Batch-5/RW_battery-1,106.92177827799662,80.68036
Batch-5/RW_battery-1,107.31570061902083,96.237854
Batch-5/RW_battery-1,103.32020258863253,81.67437
Batch-5/RW_battery-1,103.88294879009567,96.54806
Batch-5/RW_battery-1,108.4411930219471,82.10783
Batch-5/RW_battery-1,101.91333708497467,80.78496
Batch-5/RW_battery-1,101.35059088351153,81.076744
Batch-5/RW_battery-1,107.6533483398987,81.71371
Batch-5/RW_battery-1,102.98255486775464,83.92254
Batch-5/RW_battery-1,104.67079347214407,85.53972
Batch-5/RW_battery-1,105.40236353404615,79.04956
Batch-5/RW_battery-1,100.22509848058525,60.49947
Batch-5/RW_battery-1,108.21609454136185,94.80257
Batch-5/RW_battery-1,104.22059651097355,96.83419
Batch-5/RW_battery-1,104.0517726505346,76.21874
Batch-5/RW_battery-1,106.4153066966798,77.311714
Batch-5/RW_battery-1,107.03432751828925,88.06458
Batch-5/RW_battery-1,105.28981429375352,96.45604
Batch-5/RW_battery-1,97.63646595385482,80.82599
Batch-5/RW_battery-1,104.61451885199776,85.29897
Batch-5/RW_battery-1,104.839617332583,98.06692
Batch-5/RW_battery-1,107.31570061902083,76.88718
Batch-5/RW_battery-1,106.69667979741138,80.95576
Batch-5/RW_battery-1,108.55374226223972,94.241714
Batch-5/RW_battery-1,102.7574563871694,59.303085
Batch-5/RW_battery-1,107.9909960607766,88.184
Batch-5/RW_battery-1,103.15137872819358,88.787895
Batch-5/RW_battery-1,102.0258863252673,60.87858
Batch-5/RW_battery-1,103.5453010692178,81.107925
Batch-5/RW_battery-1,106.0213843556556,88.6817
Batch-5/RW_battery-1,105.57118739448508,97.423004
Batch-5/RW_battery-1,101.46314012380418,59.35941
Batch-5/RW_battery-1,103.71412492965672,92.67449
Batch-5/RW_battery-1,104.67079347214407,79.21175
Batch-5/RW_battery-1,108.27236916150815,92.11986
Batch-5/RW_battery-1,108.3849184018008,76.41695
Batch-5/RW_battery-1,106.58413055711875,87.16784
Batch-5/RW_battery-1,104.67079347214407,93.66463
Batch-5/RW_battery-1,105.1772650534609,97.53937
Batch-5/RW_battery-1,99.6060776589758,79.89172
Batch-5/RW_battery-1,105.51491277433878,74.35045
Batch-5/RW_battery-1,103.09510410804728,72.03964
Batch-5/RW_battery-1,106.19020821609455,87.444756
Batch-5/RW_battery-1,101.46314012380418,70.34334
Batch-5/RW_battery-1,108.0472706809229,60.492397
Batch-5/RW_battery-1,107.93472144063028,91.692894
Batch-5/RW_battery-1,102.0258863252673,77.338005
Batch-5/RW_battery-1,104.55824423185145,97.164246
Batch-5/RW_battery-1,105.6274620146314,94.54608
Batch-5/RW_battery-1,99.1558806978053,85.740105
Batch-5/RW_battery-1,103.65785030951042,94.06808
Batch-5/RW_battery-1,102.7574563871694,72.0504
Batch-5/RW_battery-1,104.67079347214407,87.1391
Batch-5/RW_battery-1,102.64490714687678,88.06272
Batch-5/RW_battery-1,104.22059651097355,81.06578
Batch-5/RW_battery-1,106.97805289814295,81.28181
Batch-5/RW_battery-1,107.6533483398987,91.88312
Batch-5/RW_battery-1,106.86550365785033,80.6702
Batch-5/RW_battery-1,104.44569499155882,96.28535
Batch-5/RW_battery-1,100.7315700619021,80.76532
Batch-5/RW_battery-1,103.32020258863253,97.56305
Batch-5/RW_battery-1,103.26392796848623,86.23508
Batch-5/RW_battery-1,104.16432189082725,76.1386
Batch-5/RW_battery-1,99.94372537985369,99.868675
Batch-5/RW_battery-1,102.92628024760833,79.80451
Batch-5/RW_battery-1,98.31176139561059,79.14992
Batch-5/RW_battery-1,104.7833427124367,87.41267
Batch-5/RW_battery-1,107.03432751828925,91.275665
Batch-5/RW_battery-1,102.92628024760833,60.616688
Batch-5/RW_battery-1,97.9741136747327,96.70411
Batch-5/RW_battery-1,104.67079347214407,87.072365
Batch-5/RW_battery-1,103.9954980303883,96.285225
Batch-5/RW_battery-1,103.6015756893641,80.66227
Batch-5/RW_battery-1,103.03882948790095,85.83435
Batch-5/RW_battery-1,105.00844119302195,85.59541
Batch-5/RW_battery-1,104.27687113111988,60.047176
Batch-5/RW_battery-1,101.68823860438943,58.36272
Batch-5/RW_battery-1,104.3894203714125,60.02307
Batch-5/RW_battery-1,106.19020821609455,89.85597
Batch-5/RW_battery-1,103.93922341024198,93.55869
Batch-5/RW_battery-1,104.3894203714125,61.61846
Batch-5/RW_battery-1,100.3939223410242,61.938053
Batch-5/RW_battery-1,104.10804727068093,87.08101
Batch-5/RW_battery-1,98.59313449634215,80.17259
Batch-5/RW_battery-1,104.10804727068093,97.503365
Batch-5/RW_battery-1,105.45863815419247,85.426674
Batch-5/RW_battery-1,103.9954980303883,87.39942
Batch-5/RW_battery-1,100.7878446820484,80.34137
Batch-5/RW_battery-1,101.85706246482837,77.81989
Batch-5/RW_battery-1,105.74001125492403,89.85597
Batch-5/RW_battery-1,103.5453010692178,78.316696
Batch-5/RW_battery-1,100.95666854248735,86.795525
Batch-5/RW_battery-1,103.15137872819358,86.11655
Batch-5/RW_battery-1,103.32020258863253,77.28886
Batch-5/RW_battery-1,102.47608328643783,96.346466
Batch-5/RW_battery-1,100.33764772087788,79.937485
Batch-5/RW_battery-1,100.84411930219473,60.16202
Batch-5/RW_battery-1,103.71412492965672,86.16781
Batch-5/RW_battery-1,102.70118176702307,75.22407
Batch-5/RW_battery-1,103.2076533483399,86.47046
Batch-5/RW_battery-1,104.839617332583,89.60938
Batch-5/RW_battery-1,101.85706246482837,80.63842
Batch-5/RW_battery-1,100.05627462014633,60.183167
Batch-5/RW_battery-1,100.95666854248735,75.14147
Batch-5/RW_battery-1,102.64490714687678,79.97535
Batch-5/RW_battery-1,101.12549240292627,60.214638
Batch-5/RW_battery-1,101.2380416432189,97.47718
Batch-5/RW_battery-1,100.16882386043895,80.10226
Batch-5/RW_battery-1,102.30725942599888,77.2691
Batch-5/RW_battery-1,100.61902082160945,87.52527
Batch-5/RW_battery-1,101.51941474395048,79.91579
Batch-5/RW_battery-1,103.32020258863253,89.57682
Batch-5/RW_battery-1,98.03038829487902,85.84732
Batch-5/RW_battery-1,99.43725379853686,96.7826
Batch-5/RW_battery-1,101.63196398424313,79.766075
Batch-5/RW_battery-1,95.89195272931907,72.1091
Batch-5/RW_battery-1,95.77940348902645,79.9809
Batch-5/RW_battery-1,100.50647158131683,80.09772
Batch-5/RW_battery-1,95.77940348902645,80.86676
Batch-5/RW_battery-1,98.48058525604952,79.823616
Batch-5/RW_battery-1,98.87450759707373,77.08871
Batch-5/RW_battery-1,94.09116488463702,59.799644
Batch-5/RW_battery-1,101.63196398424313,89.55071
Batch-5/RW_battery-1,97.41136747326956,93.45766
Batch-5/RW_battery-1,96.7360720315138,60.289616
Batch-5/RW_battery-1,98.93078221722004,86.87178
Batch-5/RW_battery-1,98.14293753517164,79.88716
Batch-5/RW_battery-1,97.35509285312325,60.474102
Batch-5/RW_battery-1,93.80979178390547,82.02616
Batch-5/RW_battery-1,96.28587507034328,97.34428
Batch-5/RW_battery-1,96.45469893078223,86.77855
Batch-5/RW_battery-1,97.35509285312325,59.744873
Batch-5/RW_battery-1,96.90489589195273,79.78096
Batch-5/RW_battery-1,99.6060776589758,89.54504
Batch-5/RW_battery-1,91.78390545863816,73.03472
Batch-5/RW_battery-1,96.84862127180642,97.38973
Batch-5/RW_battery-1,92.51547552054024,78.8261
Batch-5/RW_battery-1,89.58919527293192,86.56122
Batch-5/RW_battery-1,93.1344963421497,80.17978
Batch-5/RW_battery-1,95.21665728756331,77.700554
Batch-5/RW_battery-1,95.27293190770963,70.773636
Batch-5/RW_battery-1,86.66291502532358,59.52586
Batch-5/RW_battery-1,92.90939786156443,94.11251
Batch-5/RW_battery-1,93.92234102419809,59.76682
Batch-5/RW_battery-1,97.1862689926843,89.77927
Batch-5/RW_battery-1,95.160382667417,86.456566
Batch-5/RW_battery-1,94.14743950478335,86.148766
Batch-5/RW_battery-1,92.85312324141812,91.22898
Batch-5/RW_battery-1,93.24704558244233,78.70647
Batch-5/RW_battery-1,84.97467642093416,79.43409
Batch-5/RW_battery-1,92.12155317951604,54.447903
Batch-5/RW_battery-1,92.0090039392234,59.47384
Batch-5/RW_battery-1,91.72763083849183,97.147675
Batch-5/RW_battery-1,87.90095666854249,59.510387
Batch-5/RW_battery-1,92.23410241980868,84.67388
Batch-5/RW_battery-1,94.14743950478335,90.006935
Batch-5/RW_battery-1,84.07428249859313,72.908
Batch-5/RW_battery-1,90.43331457512662,85.50735
Batch-5/RW_battery-1,90.65841305571188,92.40488
Batch-5/RW_battery-1,86.3252673044457,71.02949
Batch-5/RW_battery-1,87.84468204839617,57.032555
Batch-5/RW_battery-1,87.16938660664042,78.53307
Batch-5/RW_battery-1,88.18232976927406,76.9171
Batch-5/RW_battery-1,84.46820483961733,76.28708
Batch-5/RW_battery-1,86.26899268429938,78.004425
Batch-5/RW_battery-1,87.84468204839617,55.674988
Batch-5/RW_battery-1,89.9268429938098,90.096
Batch-5/RW_battery-2,100.0,101.07814
Batch-5/RW_battery-2,98.2957669048928,89.31047
Batch-5/RW_battery-2,100.21990104452996,99.47336
Batch-5/RW_battery-2,103.5184167124794,95.70196
Batch-5/RW_battery-2,99.83507421660254,80.122536
Batch-5/RW_battery-2,101.53930731170972,95.87527
Batch-5/RW_battery-2,100.5497526113249,81.28384
Batch-5/RW_battery-2,104.72787245739417,94.50578
Batch-5/RW_battery-2,102.03408466190216,90.34392
Batch-5/RW_battery-2,104.28807036833425,99.484634
Batch-5/RW_battery-2,101.26443100604729,95.40269
Batch-5/RW_battery-2,100.6047278724574,98.82025
Batch-5/RW_battery-2,106.04727872457396,90.40782
Batch-5/RW_battery-2,99.72512369433755,95.339806
Batch-5/RW_battery-2,99.89004947773502,82.10207
Batch-5/RW_battery-2,105.22264980758658,95.05459
Batch-5/RW_battery-2,102.08905992303463,99.20726
Batch-5/RW_battery-2,101.59428257284222,99.16715
Batch-5/RW_battery-2,103.4634414513469,97.89982
Batch-5/RW_battery-2,98.95547003848269,86.577255
Batch-5/RW_battery-2,103.4084661902144,96.537895
Batch-5/RW_battery-2,102.63881253435953,95.176186
Batch-5/RW_battery-2,103.62836723474437,95.46971
Batch-5/RW_battery-2,100.0,60.55236
Batch-5/RW_battery-2,103.57339197361186,99.04651
Batch-5/RW_battery-2,101.2094557449148,81.00439
Batch-5/RW_battery-2,104.83782297965915,60.835575
Batch-5/RW_battery-2,107.4216602528862,99.087776
Batch-5/RW_battery-2,105.11269928532161,86.06056
Batch-5/RW_battery-2,100.71467839472238,98.594154
Batch-5/RW_battery-2,102.3639362286971,95.14912
Batch-5/RW_battery-2,105.16767454645411,95.700096
Batch-5/RW_battery-2,104.5629466739967,81.53486
Batch-5/RW_battery-2,103.02363936228699,95.49348
Batch-5/RW_battery-2,104.45299615173171,76.048485
Batch-5/RW_battery-2,104.83782297965915,78.24361
Batch-5/RW_battery-2,103.9032435404068,94.96615
Batch-5/RW_battery-2,101.37438152831226,80.3496
Batch-5/RW_battery-2,102.3639362286971,80.37319
Batch-5/RW_battery-2,106.81693238042882,99.88252
Batch-5/RW_battery-2,104.72787245739417,94.244995
Batch-5/RW_battery-2,107.4766355140187,87.39895
Batch-5/RW_battery-2,106.04727872457396,94.157036
Batch-5/RW_battery-2,105.49752611324905,98.20425
Batch-5/RW_battery-2,103.3534909290819,78.96937
Batch-5/RW_battery-2,104.67289719626167,97.120964
Batch-5/RW_battery-2,107.5316107751512,87.640114
Batch-5/RW_battery-2,104.28807036833425,75.67767
Batch-5/RW_battery-2,105.88235294117648,88.137085
Batch-5/RW_battery-2,104.34304562946674,61.869762
Batch-5/RW_battery-2,107.64156129741616,80.89397
Batch-5/RW_battery-2,105.33260032985157,89.935234
Batch-5/RW_battery-2,107.20175920835624,97.36351
Batch-5/RW_battery-2,106.54205607476635,93.55799
Batch-5/RW_battery-2,104.45299615173171,81.94821
Batch-5/RW_battery-2,103.4634414513469,97.50237
Batch-5/RW_battery-2,107.31170973062123,83.24218
Batch-5/RW_battery-2,102.30896096756459,80.75253
Batch-5/RW_battery-2,101.70423309510721,80.99503
Batch-5/RW_battery-2,106.81693238042882,81.581696
Batch-5/RW_battery-2,103.4084661902144,97.09869
Batch-5/RW_battery-2,103.29851566794943,96.83242
Batch-5/RW_battery-2,104.78284771852667,85.862785
Batch-5/RW_battery-2,100.0,65.1638
Batch-5/RW_battery-2,106.48708081363387,91.571075
Batch-5/RW_battery-2,107.36668499175373,77.51961
Batch-5/RW_battery-2,105.60747663551402,92.598656
Batch-5/RW_battery-2,103.24354040681693,94.66222
Batch-5/RW_battery-2,103.9582188015393,97.80421
Batch-5/RW_battery-2,100.49477735019241,79.995094
Batch-5/RW_battery-2,105.05772402418911,79.33861
Batch-5/RW_battery-2,102.69378779549203,96.722336
Batch-5/RW_battery-2,105.27762506871908,80.90337
Batch-5/RW_battery-2,102.19901044529962,78.5219
Batch-5/RW_battery-2,107.25673446948873,69.15553
Batch-5/RW_battery-2,106.37713029136889,91.232475
Batch-5/RW_battery-2,102.69378779549203,80.77599
Batch-5/RW_battery-2,103.3534909290819,97.62181
Batch-5/RW_battery-2,104.17811984606928,94.65848
Batch-5/RW_battery-2,100.0549752611325,81.18278
Batch-5/RW_battery-2,103.18856514568444,94.309586
Batch-5/RW_battery-2,103.13358988455195,80.27311
Batch-5/RW_battery-2,104.0131940626718,97.33939
Batch-5/RW_battery-2,102.3639362286971,87.6029
Batch-5/RW_battery-2,103.9582188015393,81.04126
Batch-5/RW_battery-2,106.48708081363387,80.93489
Batch-5/RW_battery-2,106.37713029136889,91.25407
Batch-5/RW_battery-2,103.29851566794943,96.751236
Batch-5/RW_battery-2,103.4084661902144,96.68324
Batch-5/RW_battery-2,104.89279824079165,94.11457
Batch-5/RW_battery-2,105.49752611324905,87.98177
Batch-5/RW_battery-2,103.9582188015393,96.65124
Batch-5/RW_battery-2,96.5365585486531,80.84328
Batch-5/RW_battery-2,103.13358988455195,97.378204
Batch-5/RW_battery-2,102.91368884002199,97.10725
Batch-5/RW_battery-2,105.33260032985157,72.899345
Batch-5/RW_battery-2,104.89279824079165,80.29142
Batch-5/RW_battery-2,106.04727872457396,90.858475
Batch-5/RW_battery-2,102.25398570643212,59.136055
Batch-5/RW_battery-2,105.93732820230896,87.38511
Batch-5/RW_battery-2,102.3639362286971,96.96517
Batch-5/RW_battery-2,101.64925783397472,60.686344
Batch-5/RW_battery-2,102.3639362286971,80.94888
Batch-5/RW_battery-2,104.39802089059924,85.03826
Batch-5/RW_battery-2,103.73831775700934,96.90757
Batch-5/RW_battery-2,100.93457943925235,69.08052
Batch-5/RW_battery-2,102.08905992303463,91.87653
Batch-5/RW_battery-2,102.74876305662453,78.96875
Batch-5/RW_battery-2,105.66245189664652,89.43878
Batch-5/RW_battery-2,105.55250137438152,80.56904
Batch-5/RW_battery-2,102.96866410115449,95.64635
Batch-5/RW_battery-2,100.27487630566245,80.41816
Batch-5/RW_battery-2,102.30896096756459,97.88745
Batch-5/RW_battery-2,102.63881253435953,86.89955
Batch-5/RW_battery-2,102.80373831775702,93.844795
Batch-5/RW_battery-2,99.50522264980759,79.36269
Batch-5/RW_battery-2,102.03408466190216,79.25233
Batch-5/RW_battery-2,99.72512369433755,78.911224
Batch-5/RW_battery-2,103.73831775700934,87.09629
Batch-5/RW_battery-2,105.49752611324905,89.40985
Batch-5/RW_battery-2,102.52886201209456,60.892685
Batch-5/RW_battery-2,97.85596481583288,96.585335
Batch-5/RW_battery-2,103.73831775700934,84.168
Batch-5/RW_battery-2,102.80373831775702,97.35512
Batch-5/RW_battery-2,103.13358988455195,80.69768
Batch-5/RW_battery-2,102.47388675096207,98.91308
Batch-5/RW_battery-2,103.84826827927434,84.40492
Batch-5/RW_battery-2,103.3534909290819,59.813663
Batch-5/RW_battery-2,101.37438152831226,58.210945
Batch-5/RW_battery-2,103.68334249587686,58.315636
Batch-5/RW_battery-2,105.16767454645411,89.14167
Batch-5/RW_battery-2,102.80373831775702,93.64847
Batch-5/RW_battery-2,103.29851566794943,93.31772
Batch-5/RW_battery-2,100.109950522265,60.126476
Batch-5/RW_battery-2,103.07861462341947,97.57281
Batch-5/RW_battery-2,99.83507421660254,80.219406
Batch-5/RW_battery-2,103.68334249587686,80.34445
Batch-5/RW_battery-2,104.89279824079165,97.53956
Batch-5/RW_battery-2,103.62836723474437,87.77026
Batch-5/RW_battery-2,100.27487630566245,96.62539
Batch-5/RW_battery-2,101.48433205057725,93.29738
Batch-5/RW_battery-2,104.67289719626167,89.10911
Batch-5/RW_battery-2,102.91368884002199,73.76452
Batch-5/RW_battery-2,101.15448048378231,85.18033
Batch-5/RW_battery-2,102.69378779549203,85.74346
Batch-5/RW_battery-2,102.80373831775702,77.12791
Batch-5/RW_battery-2,102.14403518416712,93.55057
Batch-5/RW_battery-2,99.83507421660254,78.77035
Batch-5/RW_battery-2,100.82462891698736,71.193886
Batch-5/RW_battery-2,103.9032435404068,85.45699
Batch-5/RW_battery-2,102.63881253435953,94.51506
Batch-5/RW_battery-2,103.79329301814184,86.1949
Batch-5/RW_battery-2,104.34304562946674,89.024536
Batch-5/RW_battery-2,102.47388675096207,98.79698
Batch-5/RW_battery-2,100.93457943925235,71.393135
Batch-5/RW_battery-2,101.86915887850468,73.531456
Batch-5/RW_battery-2,103.62836723474437,86.402534
Batch-5/RW_battery-2,101.70423309510721,60.10108
Batch-5/RW_battery-2,102.3639362286971,87.27814
Batch-5/RW_battery-2,101.31940626717977,80.86229
Batch-5/RW_battery-2,103.57339197361186,77.805115
Batch-5/RW_battery-2,101.92413413963718,86.80158
Batch-5/RW_battery-2,103.18856514568444,82.07383
Batch-5/RW_battery-2,104.0131940626718,89.077324
Batch-5/RW_battery-2,100.82462891698736,80.097565
Batch-5/RW_battery-2,100.93457943925235,94.63789
Batch-5/RW_battery-2,103.57339197361186,85.98268
Batch-5/RW_battery-2,99.06542056074767,79.48686
Batch-5/RW_battery-2,98.46069268829027,80.09916
Batch-5/RW_battery-2,102.96866410115449,86.534645
Batch-5/RW_battery-2,99.72512369433755,91.34685
Batch-5/RW_battery-2,100.6047278724574,94.89527
Batch-5/RW_battery-2,101.42935678944475,80.046684
Batch-5/RW_battery-2,96.5365585486531,59.48891
Batch-5/RW_battery-2,103.4634414513469,89.077324
Batch-5/RW_battery-2,103.24354040681693,75.63103
Batch-5/RW_battery-2,102.14403518416712,86.77381
Batch-5/RW_battery-2,100.21990104452996,94.51304
Batch-5/RW_battery-2,100.87960417811985,96.98053
Batch-5/RW_battery-2,95.9868059373282,80.12678
Batch-5/RW_battery-2,101.42935678944475,76.85091
Batch-5/RW_battery-2,99.83507421660254,90.16695
Batch-5/RW_battery-2,101.75920835623968,86.52819
Batch-5/RW_battery-2,98.18581638262782,96.02473
Batch-5/RW_battery-2,102.91368884002199,58.143345
Batch-5/RW_battery-2,103.13358988455195,89.024536
Batch-5/RW_battery-2,98.68059373282023,80.153946
Batch-5/RW_battery-2,100.21990104452996,96.76632
Batch-5/RW_battery-2,100.93457943925235,93.5615
Batch-5/RW_battery-2,95.10720175920837,85.98917
Batch-5/RW_battery-2,99.50522264980759,93.339584
Batch-5/RW_battery-2,99.01044529961517,71.84735
Batch-5/RW_battery-2,100.38482682792744,98.8847
Batch-5/RW_battery-2,98.46069268829027,87.02586
Batch-5/RW_battery-2,100.0549752611325,80.04682
Batch-5/RW_battery-2,102.03408466190216,80.44389
Batch-5/RW_battery-2,102.74876305662453,89.077324
Batch-5/RW_battery-2,99.72512369433755,95.885155
Batch-5/RW_battery-2,99.56019791094008,94.82708
Batch-5/RW_battery-2,101.09950522264981,77.81543
Batch-5/RW_battery-2,101.09950522264981,87.00436
Batch-5/RW_battery-2,100.16492578339748,96.45746
Batch-5/RW_battery-2,93.34799340296867,79.86402
Batch-5/RW_battery-2,99.34029686641011,82.19714
Batch-5/RW_battery-2,99.23034634414513,97.16072
Batch-5/RW_battery-2,100.87960417811985,59.72146
Batch-5/RW_battery-2,100.5497526113249,85.71835
Batch-5/RW_battery-2,102.14403518416712,89.077324
Batch-5/RW_battery-2,97.58108851017042,58.202385
Batch-5/RW_battery-2,101.2094557449148,86.710594
Batch-5/RW_battery-2,97.6910390324354,89.07971
Batch-5/RW_battery-2,96.70148433205057,60.00308
Batch-5/RW_battery-2,98.07586586036284,80.14369
Batch-5/RW_battery-2,100.109950522265,94.450516
Batch-5/RW_battery-2,99.72512369433755,93.62893
Batch-5/RW_battery-2,95.9868059373282,59.455
Batch-5/RW_battery-2,98.02089059923034,93.74784
Batch-5/RW_battery-2,98.79054425508521,78.50648
Batch-5/RW_battery-2,101.59428257284222,89.06565
Batch-5/RW_battery-2,100.76965365585487,79.96645
Batch-5/RW_battery-2,99.12039582188015,95.35044
Batch-5/RW_battery-2,95.38207806487081,80.63996
Batch-5/RW_battery-2,98.07586586036284,97.10157
Batch-5/RW_battery-2,98.07586586036284,86.16335
Batch-5/RW_battery-2,98.51566794942276,76.841255
Batch-5/RW_battery-2,96.0417811984607,97.04293
Batch-5/RW_battery-2,97.58108851017042,78.793884
Batch-5/RW_battery-2,93.23804288070369,81.09107
Batch-5/RW_battery-2,99.23034634414513,87.037224
Batch-5/RW_battery-2,100.82462891698736,89.03511
Batch-5/RW_battery-2,97.63606377130291,59.836296
Batch-5/RW_battery-2,93.34799340296867,96.62767
Batch-5/RW_battery-2,98.73556899395273,87.00595
Batch-5/RW_battery-2,98.2407916437603,82.373924
Batch-5/RW_battery-2,97.80098955470038,80.08598
Batch-5/RW_battery-2,97.52611324903793,84.8834
Batch-5/RW_battery-2,99.23034634414513,85.0704
Batch-5/RW_battery-2,98.57064321055525,57.71675
Batch-5/RW_battery-2,96.26168224299066,57.979298
Batch-5/RW_battery-2,98.68059373282023,57.801044
Batch-5/RW_battery-2,100.16492578339748,89.03511
Batch-5/RW_battery-2,97.91094007696536,93.386154
Batch-5/RW_battery-2,98.40571742715778,84.97059
Batch-5/RW_battery-2,95.10720175920837,94.67644
Batch-5/RW_battery-2,97.96591533809786,85.99744
Batch-5/RW_battery-2,92.6333150082463,79.89838
Batch-5/RW_battery-2,97.85596481583288,97.34475
Batch-5/RW_battery-2,98.73556899395273,84.71119
Batch-5/RW_battery-2,97.36118746564047,86.08265
Batch-5/RW_battery-2,94.3375481033535,86.06212
Batch-5/RW_battery-2,95.65695437053327,85.64882
Batch-5/RW_battery-2,99.06542056074767,89.03511
Batch-5/RW_battery-2,97.1412864211105,74.77136
Batch-5/RW_battery-2,94.66739967014843,97.24422
Batch-5/RW_battery-2,96.64650907091809,83.52758
Batch-5/RW_battery-2,96.86641011544805,75.08567
Batch-5/RW_battery-2,95.82188015393073,86.48128
Batch-5/RW_battery-2,95.71192963166575,80.28734
Batch-5/RW_battery-2,94.2275975810885,59.73265
Batch-5/RW_battery-2,96.42660802638812,85.116905
Batch-5/RW_battery-2,95.38207806487081,86.32849
Batch-5/RW_battery-2,95.71192963166575,86.37468
Batch-5/RW_battery-2,97.41616272677295,89.03511
Batch-5/RW_battery-2,94.44749862561848,81.69239
Batch-5/RW_battery-2,93.07311709730621,59.724842
Batch-5/RW_battery-2,93.6778449697636,74.75964
Batch-5/RW_battery-2,95.05222649807588,86.06186
Batch-5/RW_battery-2,93.73282023089611,59.928226
Batch-5/RW_battery-2,93.89774601429357,96.51057
Batch-5/RW_battery-2,93.1830676195712,79.695274
Batch-5/RW_battery-2,94.61242440901594,76.5893
Batch-5/RW_battery-2,93.45794392523365,86.881996
Batch-5/RW_battery-2,93.84277075316109,74.80875
Batch-5/RW_battery-2,95.76690489279824,89.25213
Batch-5/RW_battery-2,90.76415612974162,86.32293
Batch-5/RW_battery-2,92.30346344145136,96.87235
Batch-5/RW_battery-2,93.6778449697636,79.67241
Batch-5/RW_battery-2,88.6201209455745,71.621445
Batch-5/RW_battery-2,90.37932930181418,81.032196
Batch-5/RW_battery-2,92.52336448598132,79.586075
Batch-5/RW_battery-2,88.23529411764706,79.883514
Batch-5/RW_battery-2,90.92908191313909,79.2819
Batch-5/RW_battery-2,91.09400769653656,76.59841
Batch-5/RW_battery-2,89.77460142935679,74.53713
Batch-5/RW_battery-2,93.51291918636613,89.27993
Batch-5/RW_battery-2,91.64376030786147,86.25622
Batch-5/RW_battery-2,90.70918086860912,86.922226
Batch-5/RW_battery-2,89.49972512369433,90.93086
Batch-5/RW_battery-2,89.93952721275426,85.68332
Batch-5/RW_battery-2,82.95766904892798,81.814186
Batch-5/RW_battery-2,88.78504672897196,54.482807
Batch-5/RW_battery-2,88.67509620670698,59.53618
Batch-5/RW_battery-2,88.40021990104454,96.86138
Batch-5/RW_battery-2,85.43155579989006,59.514534
Batch-5/RW_battery-2,88.78504672897196,80.130394
Batch-5/RW_battery-2,90.65420560747664,89.27993
Batch-5/RW_battery-2,82.18801539307312,78.34061
Batch-5/RW_battery-2,87.19076415612975,85.06984
Batch-5/RW_battery-2,87.41066520065971,93.39141
Batch-5/RW_battery-2,84.27707531610776,59.92976
Batch-5/RW_battery-2,84.99175371083012,72.75455
Batch-5/RW_battery-2,84.44200109950522,78.60728
Batch-5/RW_battery-2,85.21165475536009,80.538635
Batch-5/RW_battery-2,82.46289169873558,82.16693
Batch-5/RW_battery-2,83.45244639912039,78.25702
Batch-5/RW_battery-2,84.88180318856516,56.06999
Batch-5/RW_battery-2,86.75096206706982,89.76423
Batch-5/RW_battery-3,103.13703907539902,96.593834
Batch-5/RW_battery-3,100.0,95.56746
Batch-5/RW_battery-3,97.68849752339021,89.77022
Batch-5/RW_battery-3,99.06439185470558,86.57138
Batch-5/RW_battery-3,94.11117226197028,81.726265
Batch-5/RW_battery-3,100.82553659878921,88.4509
Batch-5/RW_battery-3,99.28453494771603,95.10171
Batch-5/RW_battery-3,100.93560814529445,95.717674
Batch-5/RW_battery-3,97.19317556411667,90.82432
Batch-5/RW_battery-3,104.73307649972483,99.14456
Batch-5/RW_battery-3,97.96367638965327,82.28578
Batch-5/RW_battery-3,100.27517886626308,90.098785
Batch-5/RW_battery-3,101.70610897083105,80.32388
Batch-5/RW_battery-3,96.0924600990644,99.39194
Batch-5/RW_battery-3,100.33021463951567,75.17066
Batch-5/RW_battery-3,100.0,99.02028
Batch-5/RW_battery-3,101.76114474408367,91.06901
Batch-5/RW_battery-3,99.17446340121079,95.733154
Batch-5/RW_battery-3,101.43093010456796,89.0343
Batch-5/RW_battery-3,105.22839845899834,90.36802
Batch-5/RW_battery-3,103.35718216840945,84.997345
Batch-5/RW_battery-3,102.58668134287288,71.64039
Batch-5/RW_battery-3,103.41221794166209,60.842754
Batch-5/RW_battery-3,99.50467804072647,95.33799
Batch-5/RW_battery-3,103.41221794166209,81.593155
Batch-5/RW_battery-3,99.28453494771603,81.185005
Batch-5/RW_battery-3,104.56796917996698,60.852932
Batch-5/RW_battery-3,107.04457897633462,88.345695
Batch-5/RW_battery-3,104.56796917996698,88.20751
Batch-5/RW_battery-3,100.55035773252614,81.479095
Batch-5/RW_battery-3,102.09135938359934,76.10559
Batch-5/RW_battery-3,105.3935057787562,84.43313
Batch-5/RW_battery-3,104.2927903137039,80.90074
Batch-5/RW_battery-3,102.20143093010456,76.21455
Batch-5/RW_battery-3,104.2377545404513,75.954956
Batch-5/RW_battery-3,104.78811227297744,75.95273
Batch-5/RW_battery-3,103.74243258117777,60.862694
Batch-5/RW_battery-3,101.10071546505228,97.1848
Batch-5/RW_battery-3,101.76114474408367,80.83128
Batch-5/RW_battery-3,106.65932856356632,88.364075
Batch-5/RW_battery-3,104.1827187671987,76.09292
Batch-5/RW_battery-3,107.15465052283986,98.47502
Batch-5/RW_battery-3,106.38414969730326,87.10187
Batch-5/RW_battery-3,104.89818381948265,81.76665
Batch-5/RW_battery-3,102.86186020913594,80.675156
Batch-5/RW_battery-3,104.07264722069345,85.014694
Batch-5/RW_battery-3,107.31975784259768,85.47454
Batch-5/RW_battery-3,104.2927903137039,95.61508
Batch-5/RW_battery-3,105.72372041827187,88.13132
Batch-5/RW_battery-3,104.1827187671987,81.02263
Batch-5/RW_battery-3,107.705008255366,85.555565
Batch-5/RW_battery-3,104.89818381948265,82.25507
Batch-5/RW_battery-3,106.98954320308201,87.33342
Batch-5/RW_battery-3,106.87947165657678,87.06386
Batch-5/RW_battery-3,103.68739680792515,81.51701
Batch-5/RW_battery-3,103.5222894881673,79.99652
Batch-5/RW_battery-3,107.26472206934507,81.28963
Batch-5/RW_battery-3,101.76114474408367,82.6756
Batch-5/RW_battery-3,101.04567969179968,92.64298
Batch-5/RW_battery-3,106.71436433681893,83.39306
Batch-5/RW_battery-3,102.42157402311503,81.13194
Batch-5/RW_battery-3,103.35718216840945,77.73898
Batch-5/RW_battery-3,104.34782608695652,88.10583
Batch-5/RW_battery-3,99.61474958723171,71.87539
Batch-5/RW_battery-3,106.76940011007154,84.02912
Batch-5/RW_battery-3,107.48486516235553,86.81423
Batch-5/RW_battery-3,105.50357732526143,88.243065
Batch-5/RW_battery-3,103.30214639515685,79.60197
Batch-5/RW_battery-3,103.85250412768299,81.02043
Batch-5/RW_battery-3,99.44964226747386,80.03329
Batch-5/RW_battery-3,104.78811227297744,79.81648
Batch-5/RW_battery-3,102.14639515685195,80.107056
Batch-5/RW_battery-3,105.0632911392405,81.43983
Batch-5/RW_battery-3,101.26582278481013,79.82992
Batch-5/RW_battery-3,107.37479361585032,96.633514
Batch-5/RW_battery-3,106.49422124380847,87.05998
Batch-5/RW_battery-3,101.70610897083105,80.90883
Batch-5/RW_battery-3,103.24711062190424,81.049034
Batch-5/RW_battery-3,104.2927903137039,80.34055
Batch-5/RW_battery-3,99.11942762795817,97.733315
Batch-5/RW_battery-3,102.80682443588334,61.10546
Batch-5/RW_battery-3,102.3115024766098,97.58184
Batch-5/RW_battery-3,103.79746835443038,81.41143
Batch-5/RW_battery-3,101.92625206384152,98.0773
Batch-5/RW_battery-3,103.5222894881673,97.950195
Batch-5/RW_battery-3,106.43918547055587,85.48398
Batch-5/RW_battery-3,106.43918547055587,87.05998
Batch-5/RW_battery-3,102.91689598238855,86.46069
Batch-5/RW_battery-3,102.86186020913594,77.51188
Batch-5/RW_battery-3,104.6780407264722,77.8849
Batch-5/RW_battery-3,105.22839845899834,89.92815
Batch-5/RW_battery-3,103.57732526141992,79.834755
Batch-5/RW_battery-3,95.76224545954871,82.43928
Batch-5/RW_battery-3,102.69675288937809,81.40207
Batch-5/RW_battery-3,102.64171711612549,87.81262
Batch-5/RW_battery-3,105.0632911392405,77.305565
Batch-5/RW_battery-3,104.62300495321959,79.963936
Batch-5/RW_battery-3,106.10897083104018,83.85439
Batch-5/RW_battery-3,101.37589433131535,59.584625
Batch-5/RW_battery-3,105.8337919647771,87.4125
Batch-5/RW_battery-3,101.59603742432581,80.87899
Batch-5/RW_battery-3,100.66042927903136,75.885864
Batch-5/RW_battery-3,101.76114474408367,80.96791
Batch-5/RW_battery-3,104.01761144744084,87.07583
Batch-5/RW_battery-3,103.41221794166209,80.9479
Batch-5/RW_battery-3,99.72482113373692,78.26765
Batch-5/RW_battery-3,101.59603742432581,58.85105
Batch-5/RW_battery-3,102.42157402311503,80.32145
Batch-5/RW_battery-3,105.55861309851404,83.4833
Batch-5/RW_battery-3,105.50357732526143,82.48267
Batch-5/RW_battery-3,102.7517886626307,80.52335
Batch-5/RW_battery-3,99.50467804072647,80.74308
Batch-5/RW_battery-3,101.87121629058889,87.07528
Batch-5/RW_battery-3,102.03632361034674,86.36095
Batch-5/RW_battery-3,102.58668134287288,75.50344
Batch-5/RW_battery-3,98.73417721518987,80.50307
Batch-5/RW_battery-3,101.59603742432581,79.65985
Batch-5/RW_battery-3,98.12878370941111,80.32168
Batch-5/RW_battery-3,103.4672537149147,86.80658
Batch-5/RW_battery-3,105.3935057787562,83.46299
Batch-5/RW_battery-3,101.87121629058889,59.99541
Batch-5/RW_battery-3,96.69785360484315,86.32953
Batch-5/RW_battery-3,103.41221794166209,86.936806
Batch-5/RW_battery-3,102.47660979636765,80.380585
Batch-5/RW_battery-3,102.58668134287288,82.7322
Batch-5/RW_battery-3,101.92625206384152,87.48153
Batch-5/RW_battery-3,103.68739680792515,86.714485
Batch-5/RW_battery-3,103.0820033021464,59.79961
Batch-5/RW_battery-3,100.7705008255366,58.04395
Batch-5/RW_battery-3,103.35718216840945,60.45411
Batch-5/RW_battery-3,105.0632911392405,83.41746
Batch-5/RW_battery-3,102.64171711612549,64.56144
Batch-5/RW_battery-3,103.24711062190424,75.22274
Batch-5/RW_battery-3,99.44964226747386,93.609245
Batch-5/RW_battery-3,102.91689598238855,81.39278
Batch-5/RW_battery-3,98.34892680242157,82.542534
Batch-5/RW_battery-3,103.35718216840945,80.379135
Batch-5/RW_battery-3,104.89818381948265,87.46497
Batch-5/RW_battery-3,103.30214639515685,87.38525
Batch-5/RW_battery-3,99.77985690698954,80.11294
Batch-5/RW_battery-3,100.93560814529445,59.87796
Batch-5/RW_battery-3,104.56796917996698,83.30453
Batch-5/RW_battery-3,102.58668134287288,79.96434
Batch-5/RW_battery-3,100.38525041276831,86.35578
Batch-5/RW_battery-3,102.42157402311503,80.42355
Batch-5/RW_battery-3,102.64171711612549,74.90037
Batch-5/RW_battery-3,101.87121629058889,86.50395
Batch-5/RW_battery-3,99.33957072096862,98.70188
Batch-5/RW_battery-3,100.71546505228399,78.25272
Batch-5/RW_battery-3,103.74243258117777,87.79157
Batch-5/RW_battery-3,102.64171711612549,75.223495
Batch-5/RW_battery-3,103.63236103467256,97.26231
Batch-5/RW_battery-3,104.2927903137039,83.25883
Batch-5/RW_battery-3,102.09135938359934,80.45183
Batch-5/RW_battery-3,100.27517886626308,78.15444
Batch-5/RW_battery-3,101.32085855806274,77.965904
Batch-5/RW_battery-3,103.41221794166209,84.546844
Batch-5/RW_battery-3,101.32085855806274,93.54157
Batch-5/RW_battery-3,101.9812878370941,86.75572
Batch-5/RW_battery-3,100.7705008255366,81.04236
Batch-5/RW_battery-3,103.4672537149147,80.689644
Batch-5/RW_battery-3,101.48596587782059,87.15728
Batch-5/RW_battery-3,102.97193175564117,86.89286
Batch-5/RW_battery-3,103.96257567418823,83.25883
Batch-5/RW_battery-3,100.05503577325261,79.89496
Batch-5/RW_battery-3,100.60539350577878,79.442154
Batch-5/RW_battery-3,103.5222894881673,80.60269
Batch-5/RW_battery-3,98.18381948266374,80.377335
Batch-5/RW_battery-3,97.6334617501376,80.1705
Batch-5/RW_battery-3,102.69675288937809,82.37067
Batch-5/RW_battery-3,98.67914144193726,80.19667
Batch-5/RW_battery-3,100.27517886626308,62.621033
Batch-5/RW_battery-3,101.04567969179968,85.11915
Batch-5/RW_battery-3,95.76224545954871,59.4168
Batch-5/RW_battery-3,103.4672537149147,83.25883
Batch-5/RW_battery-3,103.24711062190424,74.99917
Batch-5/RW_battery-3,101.9812878370941,87.2864
Batch-5/RW_battery-3,99.94496422674739,78.70741
Batch-5/RW_battery-3,100.55035773252614,80.5757
Batch-5/RW_battery-3,94.88167308750688,80.023766
Batch-5/RW_battery-3,101.10071546505228,79.49783
Batch-5/RW_battery-3,99.50467804072647,78.24358
Batch-5/RW_battery-3,101.48596587782059,80.41286
Batch-5/RW_battery-3,97.08310401761146,79.19747
Batch-5/RW_battery-3,102.97193175564117,93.29797
Batch-5/RW_battery-3,103.13703907539902,83.25883
Batch-5/RW_battery-3,97.57842597688497,80.02639
Batch-5/RW_battery-3,99.88992845349478,79.93615
Batch-5/RW_battery-3,100.7705008255366,79.19059
Batch-5/RW_battery-3,93.83599339570722,97.14377
Batch-5/RW_battery-3,99.06439185470558,59.955605
Batch-5/RW_battery-3,98.18381948266374,96.5401
Batch-5/RW_battery-3,100.0,86.47513
Batch-5/RW_battery-3,97.74353329664282,97.33793
Batch-5/RW_battery-3,99.66978536048433,80.62431
Batch-5/RW_battery-3,102.03632361034674,86.422615
Batch-5/RW_battery-3,102.7517886626307,83.13737
Batch-5/RW_battery-3,99.28453494771603,84.98089
Batch-5/RW_battery-3,99.00935608145295,59.41136
Batch-5/RW_battery-3,100.88057237204183,77.091675
Batch-5/RW_battery-3,100.82553659878921,89.581406
Batch-5/RW_battery-3,99.72482113373692,70.2307
Batch-5/RW_battery-3,92.95542102366538,85.87438
Batch-5/RW_battery-3,98.84424876169511,80.26979
Batch-5/RW_battery-3,98.89928453494772,86.449295
Batch-5/RW_battery-3,100.60539350577878,64.74519
Batch-5/RW_battery-3,100.22014309301046,80.17388
Batch-5/RW_battery-3,102.09135938359934,83.078926
Batch-5/RW_battery-3,96.42267473858008,59.321594
Batch-5/RW_battery-3,100.88057237204183,87.28344
Batch-5/RW_battery-3,96.80792515134837,80.36914
Batch-5/RW_battery-3,95.43203082003302,75.07344
Batch-5/RW_battery-3,97.35828288387451,80.56451
Batch-5/RW_battery-3,99.66978536048433,86.35761
Batch-5/RW_battery-3,99.33957072096862,80.02896
Batch-5/RW_battery-3,94.44138690148597,75.92
Batch-5/RW_battery-3,97.35828288387451,60.369057
Batch-5/RW_battery-3,98.34892680242157,80.94285
Batch-5/RW_battery-3,101.43093010456796,83.078926
Batch-5/RW_battery-3,100.49532195927353,87.7949
Batch-5/RW_battery-3,98.62410566868465,78.77357
Batch-5/RW_battery-3,94.2212438084755,85.974495
Batch-5/RW_battery-3,97.35828288387451,86.385544
Batch-5/RW_battery-3,97.30324711062191,83.82985
Batch-5/RW_battery-3,98.01871216290589,74.87197
Batch-5/RW_battery-3,95.65217391304348,86.38893
Batch-5/RW_battery-3,96.862960924601,81.62424
Batch-5/RW_battery-3,90.64391854705559,79.81743
Batch-5/RW_battery-3,98.67914144193726,86.93992
Batch-5/RW_battery-3,100.60539350577878,83.037056
Batch-5/RW_battery-3,96.91799669785361,62.973557
Batch-5/RW_battery-3,92.84534947716016,80.05344
Batch-5/RW_battery-3,98.23885525591635,86.97501
Batch-5/RW_battery-3,97.74353329664282,79.86322
Batch-5/RW_battery-3,97.02806824435883,85.34972
Batch-5/RW_battery-3,96.80792515134837,86.904945
Batch-5/RW_battery-3,98.95432030820034,85.95867
Batch-5/RW_battery-3,98.18381948266374,59.88889
Batch-5/RW_battery-3,95.43203082003302,58.001472
Batch-5/RW_battery-3,98.29389102916896,57.791775
Batch-5/RW_battery-3,100.0,83.037056
Batch-5/RW_battery-3,97.68849752339021,59.622936
Batch-5/RW_battery-3,98.23885525591635,86.16534
Batch-5/RW_battery-3,94.71656576774905,76.66683
Batch-5/RW_battery-3,97.79856906989542,83.23524
Batch-5/RW_battery-3,91.0842047330765,96.95858
Batch-5/RW_battery-3,97.6334617501376,80.57219
Batch-5/RW_battery-3,98.78921298844249,86.83062
Batch-5/RW_battery-3,97.30324711062191,89.38371
Batch-5/RW_battery-3,94.1662080352229,84.13542
Batch-5/RW_battery-3,95.48706659328565,86.219635
Batch-5/RW_battery-3,99.17446340121079,83.029854
Batch-5/RW_battery-3,97.19317556411667,72.24941
Batch-5/RW_battery-3,94.33131535498075,86.33543
Batch-5/RW_battery-3,96.75288937809576,86.29193
Batch-5/RW_battery-3,97.08310401761146,75.09581
Batch-5/RW_battery-3,95.92735277930656,80.245804
Batch-5/RW_battery-3,95.92735277930656,80.99066
Batch-5/RW_battery-3,94.2212438084755,60.6014
Batch-5/RW_battery-3,96.97303247110622,86.567986
Batch-5/RW_battery-3,95.87231700605395,86.930305
Batch-5/RW_battery-3,96.42267473858008,96.72313
Batch-5/RW_battery-3,98.12878370941111,83.029854
Batch-5/RW_battery-3,95.15685195376996,80.06412
Batch-5/RW_battery-3,93.61585030269676,59.777668
Batch-5/RW_battery-3,94.44138690148597,74.928055
Batch-5/RW_battery-3,96.14749587231701,85.86674
Batch-5/RW_battery-3,94.71656576774905,93.10913
Batch-5/RW_battery-3,94.99174463401211,80.75056
Batch-5/RW_battery-3,94.2212438084755,82.77085
Batch-5/RW_battery-3,96.0924600990644,93.3006
Batch-5/RW_battery-3,94.71656576774905,87.03135
Batch-5/RW_battery-3,95.3219592735278,78.04755
Batch-5/RW_battery-3,97.24821133736928,83.029854
Batch-5/RW_battery-3,91.90974133186572,80.79196
Batch-5/RW_battery-3,93.72592184920198,79.64444
Batch-5/RW_battery-3,95.76224545954871,79.97718
Batch-5/RW_battery-3,90.03852504127683,85.75691
Batch-5/RW_battery-3,91.30434782608697,82.08787
Batch-5/RW_battery-3,94.71656576774905,80.5939
Batch-5/RW_battery-3,90.09356081452945,80.09151
Batch-5/RW_battery-3,93.01045679691799,79.959335
Batch-5/RW_battery-3,93.4507429829389,76.7877
Batch-5/RW_battery-3,90.3137039075399,61.30468
Batch-5/RW_battery-3,96.03742432581178,83.13882
Batch-5/RW_battery-3,94.66152999449642,74.76663
Batch-5/RW_battery-3,93.56081452944413,86.473816
Batch-5/RW_battery-3,92.23995597138139,58.05182
Batch-5/RW_battery-3,92.79031370390753,80.67305
Batch-5/RW_battery-3,85.03026967528893,79.89147
Batch-5/RW_battery-3,92.29499174463402,71.07255
Batch-5/RW_battery-3,92.40506329113924,59.70523
Batch-5/RW_battery-3,92.12988442487617,80.0948
Batch-5/RW_battery-3,87.78205833791965,66.79629
Batch-5/RW_battery-3,93.28563566318108,96.38249
Batch-5/RW_battery-3,94.77160154100164,83.01737
Batch-5/RW_battery-3,87.34177215189874,82.80819
Batch-5/RW_battery-3,91.41441937259219,86.31518
Batch-5/RW_battery-3,92.29499174463402,79.249245
Batch-5/RW_battery-3,85.36048431480462,84.49912
Batch-5/RW_battery-3,89.87341772151899,59.894463
Batch-5/RW_battery-3,88.38745184369841,72.75628
Batch-5/RW_battery-3,90.91909741331865,86.26593
Batch-5/RW_battery-3,86.90148596587782,86.40095
Batch-5/RW_battery-3,89.65327462850853,80.94598
Batch-5/RW_battery-3,91.57952669235002,85.0168
Batch-5/RW_battery-3,93.23059988992846,83.106514
Batch-5/RW_battery-3,89.43313153549808,74.10948
Batch-5/RW_battery-3,88.60759493670886,59.371048
Batch-5/RW_battery-3,90.53384700055037,86.81843
Batch-5/RW_battery-3,89.76334617501377,80.786354
Batch-5/RW_battery-3,89.37809576224547,60.136868
Batch-5/RW_battery-3,88.3324160704458,78.830154
Batch-5/RW_battery-3,88.60759493670886,80.3424
Batch-5/RW_battery-3,88.38745184369841,84.244995
Batch-5/RW_battery-3,88.93780957622455,59.818783
Batch-5/RW_battery-3,88.55255916345625,82.20391
Batch-5/RW_battery-3,91.30434782608697,83.01737
Batch-5/RW_battery-3,82.55365987892131,78.763664
Batch-5/RW_battery-3,88.3324160704458,85.61259
Batch-5/RW_battery-3,83.65437534397358,78.03178
Batch-5/RW_battery-3,81.56301596037424,84.69327
Batch-5/RW_battery-3,84.75509080902587,97.15351
Batch-5/RW_battery-3,86.90148596587782,73.319145
Batch-5/RW_battery-3,86.90148596587782,92.362045
Batch-5/RW_battery-3,77.27022564667033,59.502876
Batch-5/RW_battery-3,84.64501926252063,77.4078
Batch-5/RW_battery-3,85.52559163456247,56.63342
Batch-5/RW_battery-3,88.88277380297194,83.01637
Batch-5/RW_battery-3,86.35112823335169,96.105286
Batch-5/RW_battery-3,85.80077050082554,96.26995
Batch-5/RW_battery-3,83.7094111172262,78.9862
Batch-5/RW_battery-3,83.87451843698405,93.20199
Batch-5/RW_battery-3,82.16840946615301,56.796925
Batch-5/RW_battery-3,83.98458998348927,84.728455
Batch-5/RW_battery-3,83.15905338470006,77.43326
Batch-5/RW_battery-3,84.92019812878371,78.926445
Batch-5/RW_battery-3,77.82058337919648,56.01737
Batch-5/RW_battery-3,83.21408915795267,85.42912
Batch-5/RW_battery-3,85.85580627407816,83.12332
Batch-5/RW_battery-4,100.0,89.45063
Batch-5/RW_battery-4,99.94350282485875,74.0269
Batch-5/RW_battery-4,102.99435028248587,91.747086
Batch-5/RW_battery-4,102.82485875706216,98.49032
Batch-5/RW_battery-4,102.09039548022598,80.736946
Batch-5/RW_battery-4,96.10169491525424,89.08099
Batch-5/RW_battery-4,101.58192090395481,85.507065
Batch-5/RW_battery-4,101.63841807909604,92.34798
Batch-5/RW_battery-4,104.0677966101695,92.876366
Batch-5/RW_battery-4,103.78531073446327,99.47491
Batch-5/RW_battery-4,100.16949152542371,97.6597
Batch-5/RW_battery-4,105.76271186440678,94.07228
Batch-5/RW_battery-4,100.7909604519774,94.71657
Batch-5/RW_battery-4,100.2824858757062,92.18901
Batch-5/RW_battery-4,102.03389830508476,81.71301
Batch-5/RW_battery-4,105.19774011299437,94.10766
Batch-5/RW_battery-4,104.68926553672316,87.8565
Batch-5/RW_battery-4,100.45197740112994,97.873695
Batch-5/RW_battery-4,102.76836158192091,83.12479
Batch-5/RW_battery-4,86.66666666666667,91.88592
Batch-5/RW_battery-4,105.53672316384181,84.64043
Batch-5/RW_battery-4,104.68926553672316,61.069168
Batch-5/RW_battery-4,105.48022598870057,60.711838
Batch-5/RW_battery-4,101.29943502824858,95.514206
Batch-5/RW_battery-4,105.53672316384181,85.456985
Batch-5/RW_battery-4,100.50847457627118,72.11084
Batch-5/RW_battery-4,106.55367231638418,60.820435
Batch-5/RW_battery-4,109.20903954802259,87.931625
Batch-5/RW_battery-4,106.61016949152543,86.762505
Batch-5/RW_battery-4,102.59887005649718,83.798645
Batch-5/RW_battery-4,104.18079096045199,61.0134
Batch-5/RW_battery-4,107.79661016949152,84.493996
Batch-5/RW_battery-4,106.44067796610169,68.74506
Batch-5/RW_battery-4,104.0677966101695,76.20754
Batch-5/RW_battery-4,106.44067796610169,60.48427
Batch-5/RW_battery-4,107.11864406779661,77.053215
Batch-5/RW_battery-4,106.04519774011298,61.082542
Batch-5/RW_battery-4,103.2768361581921,97.98908
Batch-5/RW_battery-4,104.01129943502825,60.666576
Batch-5/RW_battery-4,108.92655367231639,82.2924
Batch-5/RW_battery-4,106.44067796610169,77.93799
Batch-5/RW_battery-4,109.43502824858757,97.33025
Batch-5/RW_battery-4,108.92655367231639,84.30222
Batch-5/RW_battery-4,107.11864406779661,78.75293
Batch-5/RW_battery-4,105.08474576271188,60.926006
Batch-5/RW_battery-4,106.32768361581921,76.02532
Batch-5/RW_battery-4,109.66101694915254,81.794716
Batch-5/RW_battery-4,106.66666666666667,94.90354
Batch-5/RW_battery-4,108.0225988700565,87.13468
Batch-5/RW_battery-4,106.49717514124293,78.323135
Batch-5/RW_battery-4,110.05649717514123,94.299835
Batch-5/RW_battery-4,107.2316384180791,81.71962
Batch-5/RW_battery-4,109.37853107344633,80.91344
Batch-5/RW_battery-4,109.6045197740113,84.26421
Batch-5/RW_battery-4,105.87570621468927,86.11456
Batch-5/RW_battery-4,105.98870056497174,66.487404
Batch-5/RW_battery-4,109.77401129943503,79.62667
Batch-5/RW_battery-4,103.954802259887,72.00482
Batch-5/RW_battery-4,103.2768361581921,97.783615
Batch-5/RW_battery-4,109.15254237288134,96.85122
Batch-5/RW_battery-4,104.68926553672316,80.68498
Batch-5/RW_battery-4,105.81920903954803,60.450542
Batch-5/RW_battery-4,106.77966101694916,77.825966
Batch-5/RW_battery-4,101.86440677966102,60.643345
Batch-5/RW_battery-4,109.54802259887006,84.02912
Batch-5/RW_battery-4,110.00000000000001,76.11756
Batch-5/RW_battery-4,107.96610169491525,85.80564
Batch-5/RW_battery-4,105.81920903954803,69.526115
Batch-5/RW_battery-4,106.44067796610169,80.55325
Batch-5/RW_battery-4,101.63841807909604,78.40495
Batch-5/RW_battery-4,107.17514124293785,66.09664
Batch-5/RW_battery-4,104.51977401129943,60.652756
Batch-5/RW_battery-4,107.62711864406779,77.993416
Batch-5/RW_battery-4,103.50282485875707,59.68841
Batch-5/RW_battery-4,109.83050847457628,94.10384
Batch-5/RW_battery-4,109.37853107344633,87.09367
Batch-5/RW_battery-4,104.01129943502825,70.84128
Batch-5/RW_battery-4,105.81920903954803,78.49456
Batch-5/RW_battery-4,107.00564971751412,79.55219
Batch-5/RW_battery-4,101.58192090395481,96.66149
Batch-5/RW_battery-4,105.42372881355932,60.758728
Batch-5/RW_battery-4,104.80225988700565,93.971436
Batch-5/RW_battery-4,106.44067796610169,74.61865
Batch-5/RW_battery-4,104.57627118644068,96.64334
Batch-5/RW_battery-4,106.10169491525423,97.9923
Batch-5/RW_battery-4,108.87005649717514,80.15319
Batch-5/RW_battery-4,109.32203389830508,87.09915
Batch-5/RW_battery-4,105.59322033898304,75.72136
Batch-5/RW_battery-4,105.42372881355932,60.594936
Batch-5/RW_battery-4,107.2316384180791,78.317986
Batch-5/RW_battery-4,107.79661016949152,96.85518
Batch-5/RW_battery-4,106.15819209039547,60.38119
Batch-5/RW_battery-4,98.13559322033899,76.28285
Batch-5/RW_battery-4,105.31073446327683,84.97576
Batch-5/RW_battery-4,105.31073446327683,79.01357
Batch-5/RW_battery-4,107.62711864406779,75.8576
Batch-5/RW_battery-4,107.00564971751412,82.82339
Batch-5/RW_battery-4,109.03954802259888,83.859505
Batch-5/RW_battery-4,103.72881355932205,75.090836
Batch-5/RW_battery-4,108.24858757062145,86.91981
Batch-5/RW_battery-4,104.01129943502825,79.47454
Batch-5/RW_battery-4,102.93785310734465,75.2677
Batch-5/RW_battery-4,104.2372881355932,81.58941
Batch-5/RW_battery-4,106.44067796610169,78.922646
Batch-5/RW_battery-4,105.98870056497174,71.74061
Batch-5/RW_battery-4,102.09039548022598,91.47173
Batch-5/RW_battery-4,104.18079096045199,58.74887
Batch-5/RW_battery-4,104.97175141242938,65.66919
Batch-5/RW_battery-4,108.36158192090394,83.48841
Batch-5/RW_battery-4,107.79661016949152,93.24148
Batch-5/RW_battery-4,105.31073446327683,77.30195
Batch-5/RW_battery-4,101.86440677966102,78.391
Batch-5/RW_battery-4,104.40677966101694,86.86044
Batch-5/RW_battery-4,104.46327683615819,96.40188
Batch-5/RW_battery-4,105.08474576271188,75.51008
Batch-5/RW_battery-4,101.01694915254238,79.90181
Batch-5/RW_battery-4,104.0677966101695,81.06499
Batch-5/RW_battery-4,100.16949152542371,69.27122
Batch-5/RW_battery-4,105.87570621468927,86.79945
Batch-5/RW_battery-4,108.19209039548024,83.46299
Batch-5/RW_battery-4,104.18079096045199,59.942688
Batch-5/RW_battery-4,98.70056497175142,70.89377
Batch-5/RW_battery-4,105.76271186440678,84.78656
Batch-5/RW_battery-4,104.91525423728814,60.238873
Batch-5/RW_battery-4,104.85875706214689,96.45014
Batch-5/RW_battery-4,104.2372881355932,80.35777
Batch-5/RW_battery-4,106.10169491525423,78.22026
Batch-5/RW_battery-4,105.48022598870057,60.65211
Batch-5/RW_battery-4,103.10734463276836,58.485386
Batch-5/RW_battery-4,105.76271186440678,91.90196
Batch-5/RW_battery-4,107.74011299435028,83.41746
Batch-5/RW_battery-4,105.19774011299437,59.95546
Batch-5/RW_battery-4,105.70621468926554,60.02996
Batch-5/RW_battery-4,101.69491525423729,93.69362
Batch-5/RW_battery-4,105.25423728813558,83.523964
Batch-5/RW_battery-4,100.11299435028249,96.2714
Batch-5/RW_battery-4,105.53672316384181,79.93717
Batch-5/RW_battery-4,107.00564971751412,86.71506
Batch-5/RW_battery-4,105.53672316384181,85.83521
Batch-5/RW_battery-4,102.03389830508476,78.552284
Batch-5/RW_battery-4,103.22033898305085,60.05448
Batch-5/RW_battery-4,107.11864406779661,83.30453
Batch-5/RW_battery-4,104.80225988700565,74.34633
Batch-5/RW_battery-4,102.54237288135593,78.11616
Batch-5/RW_battery-4,104.68926553672316,85.984276
Batch-5/RW_battery-4,104.91525423728814,94.96668
Batch-5/RW_battery-4,104.12429378531074,70.38888
Batch-5/RW_battery-4,101.58192090395481,77.39626
Batch-5/RW_battery-4,102.76836158192091,58.102882
Batch-5/RW_battery-4,105.70621468926554,79.648056
Batch-5/RW_battery-4,104.68926553672316,75.36894
Batch-5/RW_battery-4,105.42372881355932,96.253815
Batch-5/RW_battery-4,106.72316384180792,83.25883
Batch-5/RW_battery-4,104.0677966101695,78.94019
Batch-5/RW_battery-4,102.31638418079096,59.821556
Batch-5/RW_battery-4,103.2768361581921,76.930336
Batch-5/RW_battery-4,105.19774011299437,96.095695
Batch-5/RW_battery-4,103.38983050847459,93.58135
Batch-5/RW_battery-4,103.84180790960454,84.62771
Batch-5/RW_battery-4,102.71186440677967,72.98188
Batch-5/RW_battery-4,105.1412429378531,93.34519
Batch-5/RW_battery-4,103.38983050847459,84.566246
Batch-5/RW_battery-4,104.63276836158192,76.84534
Batch-5/RW_battery-4,106.15819209039547,83.13737
Batch-5/RW_battery-4,101.41242937853107,78.701805
Batch-5/RW_battery-4,102.37288135593221,57.90365
Batch-5/RW_battery-4,104.85875706214689,76.61269
Batch-5/RW_battery-4,99.66101694915254,96.543564
Batch-5/RW_battery-4,98.98305084745762,81.36003
Batch-5/RW_battery-4,104.01129943502825,95.85638
Batch-5/RW_battery-4,99.71751412429379,79.32732
Batch-5/RW_battery-4,101.80790960451978,59.451546
Batch-5/RW_battery-4,102.31638418079096,76.85842
Batch-5/RW_battery-4,96.8361581920904,59.41136
Batch-5/RW_battery-4,105.1412429378531,83.13737
Batch-5/RW_battery-4,104.0677966101695,74.99917
Batch-5/RW_battery-4,103.10734463276836,83.18134
Batch-5/RW_battery-4,101.18644067796609,58.131443
Batch-5/RW_battery-4,101.75141242937853,78.84676
Batch-5/RW_battery-4,94.68926553672316,76.449104
Batch-5/RW_battery-4,101.86440677966102,64.37919
Batch-5/RW_battery-4,101.75141242937853,59.747604
Batch-5/RW_battery-4,101.92090395480227,70.76614
Batch-5/RW_battery-4,97.11864406779661,59.497135
Batch-5/RW_battery-4,102.93785310734465,93.29797
Batch-5/RW_battery-4,104.0677966101695,83.13737
Batch-5/RW_battery-4,97.51412429378531,72.42793
Batch-5/RW_battery-4,100.45197740112994,78.78905
Batch-5/RW_battery-4,101.29943502824858,77.08918
Batch-5/RW_battery-4,92.59887005649718,93.30141
Batch-5/RW_battery-4,99.20903954802259,59.79933
Batch-5/RW_battery-4,97.90960451977402,61.315052
Batch-5/RW_battery-4,100.05649717514125,71.05736
Batch-5/RW_battery-4,97.2316384180791,96.41135
Batch-5/RW_battery-4,99.6045197740113,98.06017
Batch-5/RW_battery-4,101.24293785310734,97.41843
Batch-5/RW_battery-4,102.76836158192091,83.13737
Batch-5/RW_battery-4,98.81355932203391,59.601753
Batch-5/RW_battery-4,98.24858757062147,59.432037
Batch-5/RW_battery-4,100.11299435028249,76.80922
Batch-5/RW_battery-4,99.54802259887006,96.180115
Batch-5/RW_battery-4,98.75706214689265,59.73257
Batch-5/RW_battery-4,94.23728813559322,70.55155
Batch-5/RW_battery-4,97.74011299435028,77.90784
Batch-5/RW_battery-4,97.74011299435028,75.14834
Batch-5/RW_battery-4,98.81355932203391,59.50754
Batch-5/RW_battery-4,98.36158192090396,80.35507
Batch-5/RW_battery-4,100.96045197740114,83.078926
Batch-5/RW_battery-4,93.61581920903956,91.14176
Batch-5/RW_battery-4,98.36158192090396,85.75887
Batch-5/RW_battery-4,94.23728813559322,74.586266
Batch-5/RW_battery-4,91.75141242937853,75.24908
Batch-5/RW_battery-4,94.80225988700565,94.68733
Batch-5/RW_battery-4,96.89265536723164,76.83578
Batch-5/RW_battery-4,96.8361581920904,59.41136
Batch-5/RW_battery-4,89.03954802259886,93.42421
Batch-5/RW_battery-4,94.57627118644068,59.918167
Batch-5/RW_battery-4,95.48022598870057,59.55486
Batch-5/RW_battery-4,98.75706214689265,83.078926
Batch-5/RW_battery-4,96.38418079096044,96.12511
Batch-5/RW_battery-4,95.42372881355932,95.9794
Batch-5/RW_battery-4,89.43502824858757,78.270325
Batch-5/RW_battery-4,93.5593220338983,96.69472
Batch-5/RW_battery-4,92.99435028248587,93.71367
Batch-5/RW_battery-4,94.0677966101695,86.60176
Batch-5/RW_battery-4,93.38983050847457,77.03511
Batch-5/RW_battery-4,93.22033898305084,71.18632
Batch-5/RW_battery-4,84.18079096045197,59.460823
Batch-5/RW_battery-4,93.1638418079096,78.5762
Batch-5/RW_battery-4,95.70621468926554,83.1262
Batch-5/RW_battery-4,91.07344632768361,93.309586
Batch-5/RW_battery-4,88.0225988700565,79.448715
Batch-5/RW_battery-4,91.63841807909606,66.276215
Batch-5/RW_battery-4,91.46892655367232,71.89381
Batch-5/RW_battery-4,88.58757062146893,70.169716
Batch-5/RW_battery-4,88.58757062146893,81.93773
Batch-5/RW_battery-4,91.07344632768361,89.85271
Batch-5/RW_battery-4,89.77401129943503,95.90435
Batch-5/RW_battery-4,86.04519774011298,93.10843
Batch-5/RW_battery-4,88.92655367231639,93.40262
Batch-5/RW_battery-4,91.58192090395481,83.6187
Batch-5/RW_battery-4,89.09604519774011,83.27357
Batch-5/RW_battery-4,88.75706214689265,76.63696
Batch-5/RW_battery-4,87.40112994350282,71.11195
Batch-5/RW_battery-4,87.17514124293785,72.330795
Batch-5/RW_battery-4,75.14124293785312,89.76374
Batch-5/RW_battery-4,84.97175141242937,76.909424
Batch-5/RW_battery-4,85.42372881355932,93.66194
Batch-5/RW_battery-4,83.84180790960451,68.74985
Batch-5/RW_battery-4,82.88135593220339,72.96061
Batch-5/RW_battery-4,81.01694915254237,78.46072
Batch-5/RW_battery-4,85.81920903954801,83.61925
Batch-5/RW_battery-5,104.7751249305941,92.86269
Batch-5/RW_battery-5,100.0,99.09572
Batch-5/RW_battery-5,96.50194336479734,88.9434
Batch-5/RW_battery-5,99.27817878956135,98.57058
Batch-5/RW_battery-5,99.77790116601888,99.51548
Batch-5/RW_battery-5,100.16657412548584,98.982925
Batch-5/RW_battery-5,97.94558578567462,90.41078
Batch-5/RW_battery-5,99.94447529150473,73.25214
Batch-5/RW_battery-5,97.55691282620766,90.60215
Batch-5/RW_battery-5,102.49861188228762,98.85371
Batch-5/RW_battery-5,100.72182121043865,99.73537
Batch-5/RW_battery-5,96.77956690727375,99.58352
Batch-5/RW_battery-5,102.38756246529705,99.585106
Batch-5/RW_battery-5,101.83231538034426,99.18014
Batch-5/RW_battery-5,102.33203775680178,90.84415
Batch-5/RW_battery-5,101.94336479733481,99.38214
Batch-5/RW_battery-5,104.27540255413659,99.34041
Batch-5/RW_battery-5,103.44253192670737,99.24319
Batch-5/RW_battery-5,100.99944475291505,80.78182
Batch-5/RW_battery-5,104.7751249305941,97.84471
Batch-5/RW_battery-5,104.27540255413659,96.518295
Batch-5/RW_battery-5,103.22043309272627,95.43549
Batch-5/RW_battery-5,104.10882842865075,95.35455
Batch-5/RW_battery-5,100.38867295946696,62.835175
Batch-5/RW_battery-5,103.99777901166019,99.00613
Batch-5/RW_battery-5,101.05496946141032,81.20803
Batch-5/RW_battery-5,105.44142143253748,62.30855
Batch-5/RW_battery-5,107.60688506385341,99.11559
Batch-5/RW_battery-5,105.33037201554691,99.12119
Batch-5/RW_battery-5,101.16601887840089,98.82578
Batch-5/RW_battery-5,102.72071071626874,95.06222
Batch-5/RW_battery-5,105.99666851749028,95.73525
Batch-5/RW_battery-5,104.88617434758467,79.73314
Batch-5/RW_battery-5,103.05385896724044,94.87603
Batch-5/RW_battery-5,104.66407551360355,61.00752
Batch-5/RW_battery-5,105.10827318156579,78.06379
Batch-5/RW_battery-5,104.2198778456413,94.724014
Batch-5/RW_battery-5,101.55469183786785,80.436485
Batch-5/RW_battery-5,102.49861188228762,97.23688
Batch-5/RW_battery-5,107.0516379789006,98.01991
Batch-5/RW_battery-5,104.83064963908939,94.41363
Batch-5/RW_battery-5,107.49583564686284,87.32205
Batch-5/RW_battery-5,106.77401443642422,94.29707
Batch-5/RW_battery-5,105.44142143253748,98.09493
Batch-5/RW_battery-5,103.44253192670737,72.89764
Batch-5/RW_battery-5,104.71960022209883,94.36144
Batch-5/RW_battery-5,107.55136035535816,86.87346
Batch-5/RW_battery-5,104.66407551360355,60.964497
Batch-5/RW_battery-5,105.88561910049972,87.292694
Batch-5/RW_battery-5,104.553026096613,97.77392
Batch-5/RW_battery-5,107.77345918933928,80.75293
Batch-5/RW_battery-5,105.33037201554691,98.107475
Batch-5/RW_battery-5,107.16268739589117,97.17283
Batch-5/RW_battery-5,107.21821210438647,93.73622
Batch-5/RW_battery-5,104.2198778456413,84.035065
Batch-5/RW_battery-5,103.83120488617436,95.951225
Batch-5/RW_battery-5,107.44031093836759,98.419395
Batch-5/RW_battery-5,102.16546363131593,80.61818
Batch-5/RW_battery-5,101.49916712937257,81.16104
Batch-5/RW_battery-5,106.82953914491948,87.35854
Batch-5/RW_battery-5,103.05385896724044,97.43576
Batch-5/RW_battery-5,103.60910605219324,94.00915
Batch-5/RW_battery-5,104.71960022209883,96.75815
Batch-5/RW_battery-5,99.94447529150473,60.742638
Batch-5/RW_battery-5,107.10716268739591,91.60925
Batch-5/RW_battery-5,107.55136035535816,95.362434
Batch-5/RW_battery-5,105.77456968350916,87.14144
Batch-5/RW_battery-5,103.55358134369794,93.44759
Batch-5/RW_battery-5,104.16435313714602,97.926704
Batch-5/RW_battery-5,100.0,79.89172
Batch-5/RW_battery-5,104.99722376457524,77.647896
Batch-5/RW_battery-5,102.60966129927817,96.75828
Batch-5/RW_battery-5,105.3858967240422,81.36413
Batch-5/RW_battery-5,101.72126596335369,71.11869
Batch-5/RW_battery-5,107.27373681288172,59.401165
Batch-5/RW_battery-5,106.88506385341479,91.25407
Batch-5/RW_battery-5,102.2765130483065,78.75106
Batch-5/RW_battery-5,103.55358134369794,97.26009
Batch-5/RW_battery-5,104.49750138811771,94.409515
Batch-5/RW_battery-5,99.61132704053304,80.73368
Batch-5/RW_battery-5,103.164908384231,94.19597
Batch-5/RW_battery-5,102.77623542476402,74.44262
Batch-5/RW_battery-5,103.99777901166019,97.17001
Batch-5/RW_battery-5,102.33203775680178,87.355194
Batch-5/RW_battery-5,103.88672959466962,81.06578
Batch-5/RW_battery-5,106.44086618545255,87.56317
Batch-5/RW_battery-5,106.82953914491948,91.377625
Batch-5/RW_battery-5,103.27595780122157,96.80225
Batch-5/RW_battery-5,103.22043309272627,94.22831
Batch-5/RW_battery-5,104.88617434758467,94.29318
Batch-5/RW_battery-5,105.33037201554691,87.9028
Batch-5/RW_battery-5,103.88672959466962,94.9616
Batch-5/RW_battery-5,96.0577456968351,81.19838
Batch-5/RW_battery-5,102.99833425874513,97.38507
Batch-5/RW_battery-5,102.94280955024988,97.31704
Batch-5/RW_battery-5,105.16379789006108,93.828026
Batch-5/RW_battery-5,104.71960022209883,80.762886
Batch-5/RW_battery-5,106.4963908939478,90.80795
Batch-5/RW_battery-5,101.88784008883954,59.12235
Batch-5/RW_battery-5,105.77456968350916,87.365135
Batch-5/RW_battery-5,102.05441421432538,97.34065
Batch-5/RW_battery-5,101.1104941699056,75.82631
Batch-5/RW_battery-5,102.16546363131593,79.71504
Batch-5/RW_battery-5,104.2198778456413,97.38401
Batch-5/RW_battery-5,103.66463076068851,97.324745
Batch-5/RW_battery-5,100.38867295946696,58.39156
Batch-5/RW_battery-5,101.99888950583009,91.903595
Batch-5/RW_battery-5,102.72071071626874,78.65544
Batch-5/RW_battery-5,105.88561910049972,89.38217
Batch-5/RW_battery-5,105.33037201554691,80.25176
Batch-5/RW_battery-5,102.99833425874513,95.32762
Batch-5/RW_battery-5,99.88895058300943,80.33715
Batch-5/RW_battery-5,102.16546363131593,97.962074
Batch-5/RW_battery-5,102.38756246529705,85.96563
Batch-5/RW_battery-5,102.83176013325932,93.652145
Batch-5/RW_battery-5,99.22265408106608,97.36456
Batch-5/RW_battery-5,101.83231538034426,80.220085
Batch-5/RW_battery-5,98.83398112159911,78.615616
Batch-5/RW_battery-5,103.55358134369794,86.20638
Batch-5/RW_battery-5,105.71904497501387,89.37776
Batch-5/RW_battery-5,102.10993892282065,60.474304
Batch-5/RW_battery-5,97.22376457523598,96.33905
Batch-5/RW_battery-5,103.44253192670737,98.80181
Batch-5/RW_battery-5,102.60966129927817,96.146965
Batch-5/RW_battery-5,102.66518600777346,80.185265
Batch-5/RW_battery-5,102.10993892282065,96.59634
Batch-5/RW_battery-5,103.72015546918381,83.2527
Batch-5/RW_battery-5,103.164908384231,59.709282
Batch-5/RW_battery-5,101.05496946141032,58.467827
Batch-5/RW_battery-5,103.38700721821212,58.315636
Batch-5/RW_battery-5,105.21932259855635,89.10911
Batch-5/RW_battery-5,102.77623542476402,93.52711
Batch-5/RW_battery-5,103.33148250971682,93.666435
Batch-5/RW_battery-5,99.72237645752361,60.260334
Batch-5/RW_battery-5,102.94280955024988,80.75647
Batch-5/RW_battery-5,98.8895058300944,80.090805
Batch-5/RW_battery-5,103.22043309272627,97.4377
Batch-5/RW_battery-5,104.553026096613,97.45141
Batch-5/RW_battery-5,103.22043309272627,85.08547
Batch-5/RW_battery-5,100.11104941699057,96.51829
Batch-5/RW_battery-5,101.16601887840089,93.454704
Batch-5/RW_battery-5,104.66407551360355,89.10911
Batch-5/RW_battery-5,102.60966129927817,64.8302
Batch-5/RW_battery-5,100.61077179344808,96.38586
Batch-5/RW_battery-5,102.44308717379234,79.96465
Batch-5/RW_battery-5,102.60966129927817,77.213295
Batch-5/RW_battery-5,101.88784008883954,97.41161
Batch-5/RW_battery-5,99.66685174902833,96.92324
Batch-5/RW_battery-5,100.88839533592449,67.93585
Batch-5/RW_battery-5,103.38700721821212,96.89771
Batch-5/RW_battery-5,102.49861188228762,93.8858
Batch-5/RW_battery-5,103.164908384231,85.8581
Batch-5/RW_battery-5,104.2198778456413,89.083
Batch-5/RW_battery-5,101.88784008883954,97.28589
Batch-5/RW_battery-5,100.38867295946696,91.19189
Batch-5/RW_battery-5,101.27706829539144,93.32212
Batch-5/RW_battery-5,102.94280955024988,79.88022
Batch-5/RW_battery-5,101.27706829539144,75.18426
Batch-5/RW_battery-5,101.6657412548584,97.05017
Batch-5/RW_battery-5,100.72182121043865,79.31161
Batch-5/RW_battery-5,102.88728484175458,75.10754
Batch-5/RW_battery-5,101.33259300388673,87.18991
Batch-5/RW_battery-5,102.49861188228762,96.22956
Batch-5/RW_battery-5,103.77568017767906,89.077324
Batch-5/RW_battery-5,99.72237645752361,79.87754
Batch-5/RW_battery-5,100.44419766796224,94.10623
Batch-5/RW_battery-5,102.72071071626874,82.054565
Batch-5/RW_battery-5,98.11215991116046,78.29122
Batch-5/RW_battery-5,97.61243753470295,80.101845
Batch-5/RW_battery-5,101.99888950583009,80.06262
Batch-5/RW_battery-5,98.50083287062743,96.60822
Batch-5/RW_battery-5,100.0,93.45738
Batch-5/RW_battery-5,100.61077179344808,74.82443
Batch-5/RW_battery-5,95.55802332037757,59.48347
Batch-5/RW_battery-5,102.99833425874513,89.077324
Batch-5/RW_battery-5,102.16546363131593,74.842064
Batch-5/RW_battery-5,101.22154358689616,87.89975
Batch-5/RW_battery-5,99.55580233203776,94.119484
Batch-5/RW_battery-5,100.0,97.04321
Batch-5/RW_battery-5,94.11438089950028,79.81478
Batch-5/RW_battery-5,100.22209883398112,68.481445
Batch-5/RW_battery-5,99.94447529150473,93.48037
Batch-5/RW_battery-5,100.38867295946696,80.04632
Batch-5/RW_battery-5,96.27984453081622,96.03335
Batch-5/RW_battery-5,101.33259300388673,59.72661
Batch-5/RW_battery-5,102.2765130483065,89.077324
Batch-5/RW_battery-5,96.77956690727375,80.10528
Batch-5/RW_battery-5,98.94503053858968,96.94648
Batch-5/RW_battery-5,99.72237645752361,93.4434
Batch-5/RW_battery-5,92.39311493614657,82.24614
Batch-5/RW_battery-5,97.94558578567462,93.50785
Batch-5/RW_battery-5,97.00166574125487,59.72661
Batch-5/RW_battery-5,98.72293170460856,96.90431
Batch-5/RW_battery-5,96.22431982232094,86.39639
Batch-5/RW_battery-5,98.27873403664631,80.05611
Batch-5/RW_battery-5,100.0,85.27548
Batch-5/RW_battery-5,101.27706829539144,89.077324
Batch-5/RW_battery-5,97.7234869516935,93.317184
Batch-5/RW_battery-5,97.27928928373126,93.37232
Batch-5/RW_battery-5,99.05607995558023,93.189224
Batch-5/RW_battery-5,98.66740699611327,86.9978
Batch-5/RW_battery-5,97.83453636868407,93.698326
Batch-5/RW_battery-5,92.89283731260412,96.933914
Batch-5/RW_battery-5,96.89061632426431,84.2416
Batch-5/RW_battery-5,96.89061632426431,96.06409
Batch-5/RW_battery-5,98.11215991116046,72.24868
Batch-5/RW_battery-5,97.66796224319822,79.751976
Batch-5/RW_battery-5,99.94447529150473,89.077324
Batch-5/RW_battery-5,94.11438089950028,58.07359
Batch-5/RW_battery-5,98.00111049416991,86.417915
Batch-5/RW_battery-5,94.44752915047196,96.35312
Batch-5/RW_battery-5,92.670738478623,93.236015
Batch-5/RW_battery-5,94.78067740144365,80.16361
Batch-5/RW_battery-5,96.83509161576902,96.08405
Batch-5/RW_battery-5,96.55746807329263,96.26394
Batch-5/RW_battery-5,91.33814547473627,59.590782
Batch-5/RW_battery-5,94.6141032759578,91.63051
Batch-5/RW_battery-5,95.50249861188229,68.415764
Batch-5/RW_battery-5,98.44530816213215,89.06565
Batch-5/RW_battery-5,96.72404219877846,79.706276
Batch-5/RW_battery-5,95.61354802887286,97.12133
Batch-5/RW_battery-5,90.44975013881178,79.700554
Batch-5/RW_battery-5,94.11438089950028,96.98645
Batch-5/RW_battery-5,93.89228206551917,78.65612
Batch-5/RW_battery-5,94.66962798445309,87.08874
Batch-5/RW_battery-5,94.50305385896725,97.255615
Batch-5/RW_battery-5,93.55913381454748,96.76672
Batch-5/RW_battery-5,85.8411993337035,66.14013
Batch-5/RW_battery-5,94.72515269294837,97.08445
Batch-5/RW_battery-5,96.72404219877846,89.03511
Batch-5/RW_battery-5,92.89283731260412,59.383114
Batch-5/RW_battery-5,91.22709605774571,96.8786
Batch-5/RW_battery-5,93.67018323153803,97.3943
Batch-5/RW_battery-5,93.55913381454748,81.379875
Batch-5/RW_battery-5,92.17101610216545,80.07472
Batch-5/RW_battery-5,92.17101610216545,84.58449
Batch-5/RW_battery-5,94.058856191005,80.19204
Batch-5/RW_battery-5,93.22598556357579,57.80063
Batch-5/RW_battery-5,90.6163242642976,57.69959
Batch-5/RW_battery-5,92.89283731260412,59.573444
Batch-5/RW_battery-5,95.00277623542476,89.005066
Batch-5/RW_battery-5,92.72626318711826,97.3512
Batch-5/RW_battery-5,93.00388672959468,84.4997
Batch-5/RW_battery-5,91.89339255968906,96.76881
Batch-5/RW_battery-5,92.39311493614657,86.04398
Batch-5/RW_battery-5,85.5635757912271,84.61651
Batch-5/RW_battery-5,91.22709605774571,96.90019
Batch-5/RW_battery-5,92.0599666851749,86.98519
Batch-5/RW_battery-5,90.6163242642976,86.33474
Batch-5/RW_battery-5,87.61799000555249,85.26443
Batch-5/RW_battery-5,89.11715713492504,96.73134
Batch-5/RW_battery-5,92.670738478623,89.28422
Batch-5/RW_battery-5,90.22765130483066,74.72424
Batch-5/RW_battery-5,87.22931704608551,84.12925
Batch-5/RW_battery-5,89.45030538589673,84.59541
Batch-5/RW_battery-5,89.61687951138258,93.64016
Batch-5/RW_battery-5,88.61743475846752,74.54688
Batch-5/RW_battery-5,88.22876179900055,79.895874
Batch-5/RW_battery-5,86.17434758467517,59.68465
Batch-5/RW_battery-5,87.8400888395336,55.70551
Batch-5/RW_battery-5,86.50749583564686,84.68112
Batch-5/RW_battery-5,86.3964464186563,66.210205
Batch-5/RW_battery-5,89.17268184342034,89.76853
Batch-5/RW_battery-5,85.34147695724597,96.75169
Batch-5/RW_battery-5,83.12048861743476,56.04321
Batch-5/RW_battery-5,83.50916157690172,89.762726
Batch-5/RW_battery-5,84.61965574680733,61.211678
Batch-5/RW_battery-5,85.17490283176014,85.010506
Batch-5/RW_battery-5,83.67573570238756,95.47556
Batch-5/RW_battery-5,82.00999444752915,55.911114
Batch-5/RW_battery-5,83.45363686840643,70.74286
Batch-5/RW_battery-5,80.39977790116602,73.83203
Batch-5/RW_battery-5,81.34369794558579,55.955437
Batch-5/RW_battery-5,84.50860632981677,89.78607
Batch-5/RW_battery-6,97.86276715410574,98.38162
Batch-5/RW_battery-6,100.22497187851518,88.36441
Batch-5/RW_battery-6,100.0,82.545425
Batch-5/RW_battery-6,99.8312710911136,85.30171
Batch-5/RW_battery-6,97.91901012373454,91.40075
Batch-5/RW_battery-6,97.41282339707537,82.435844
Batch-5/RW_battery-6,102.36220472440945,89.7756
Batch-5/RW_battery-6,102.9808773903262,99.40108
Batch-5/RW_battery-6,103.09336332958381,95.822464
Batch-5/RW_battery-6,101.34983127109112,99.66683
Batch-5/RW_battery-6,97.52530933633295,94.90188
Batch-5/RW_battery-6,101.4623172103487,97.34781
Batch-5/RW_battery-6,97.58155230596176,89.78448
Batch-5/RW_battery-6,99.8875140607424,99.463356
Batch-5/RW_battery-6,102.41844769403825,94.94275
Batch-5/RW_battery-6,100.56242969628796,82.36762
Batch-5/RW_battery-6,101.23734533183352,93.84648
Batch-5/RW_battery-6,104.33070866141732,88.60106
Batch-5/RW_battery-6,104.6119235095613,99.516914
Batch-5/RW_battery-6,101.68728908886389,90.74041
Batch-5/RW_battery-6,104.89313835770528,96.58426
Batch-5/RW_battery-6,103.54330708661416,99.06723
Batch-5/RW_battery-6,101.7997750281215,68.10262
Batch-5/RW_battery-6,103.2620922384702,94.96413
Batch-5/RW_battery-6,106.63667041619797,87.79619
Batch-5/RW_battery-6,103.76827896512934,62.089317
Batch-5/RW_battery-6,104.8368953880765,87.416985
Batch-5/RW_battery-6,103.48706411698538,80.99607
Batch-5/RW_battery-6,107.7052868391451,76.157455
Batch-5/RW_battery-6,104.7806524184477,81.89506
Batch-5/RW_battery-6,107.14285714285714,93.68658
Batch-5/RW_battery-6,107.25534308211473,95.700096
Batch-5/RW_battery-6,103.59955005624298,81.96869
Batch-5/RW_battery-6,104.10573678290214,95.96214
Batch-5/RW_battery-6,108.60517435320585,83.058174
Batch-5/RW_battery-6,102.30596175478064,79.515205
Batch-5/RW_battery-6,101.85601799775029,80.994484
Batch-5/RW_battery-6,107.98650168728909,81.62944
Batch-5/RW_battery-6,103.48706411698538,97.74631
Batch-5/RW_battery-6,104.7806524184477,94.28259
Batch-5/RW_battery-6,105.68053993250844,79.467926
Batch-5/RW_battery-6,100.73115860517434,60.42736
Batch-5/RW_battery-6,108.15523059617549,94.29707
Batch-5/RW_battery-6,104.6119235095613,97.14808
Batch-5/RW_battery-6,104.4431946006749,94.67261
Batch-5/RW_battery-6,106.69291338582678,94.9157
Batch-5/RW_battery-6,107.48031496062993,87.91553
Batch-5/RW_battery-6,105.84926884139483,97.653915
Batch-5/RW_battery-6,98.31271091113611,80.77279
Batch-5/RW_battery-6,105.28683914510685,97.9825
Batch-5/RW_battery-6,105.28683914510685,97.189255
Batch-5/RW_battery-6,107.8177727784027,92.547676
Batch-5/RW_battery-6,107.19910011248592,81.10228
Batch-5/RW_battery-6,108.60517435320585,93.73622
Batch-5/RW_battery-6,103.31833520809899,59.1381
Batch-5/RW_battery-6,108.43644544431945,87.3104
Batch-5/RW_battery-6,103.65579302587176,97.99134
Batch-5/RW_battery-6,102.64341957255343,75.95831
Batch-5/RW_battery-6,103.99325084364455,80.90718
Batch-5/RW_battery-6,106.46794150731158,96.63274
Batch-5/RW_battery-6,105.96175478065241,97.15947
Batch-5/RW_battery-6,102.02474690663668,59.02768
Batch-5/RW_battery-6,104.21822272215972,92.5343
Batch-5/RW_battery-6,105.11811023622046,72.93235
Batch-5/RW_battery-6,108.54893138357704,91.60925
Batch-5/RW_battery-6,108.88638920134983,73.872574
Batch-5/RW_battery-6,106.97412823397075,86.9896
Batch-5/RW_battery-6,104.89313835770528,94.96331
Batch-5/RW_battery-6,105.39932508436448,97.89339
Batch-5/RW_battery-6,100.39370078740157,79.80711
Batch-5/RW_battery-6,106.1304836895388,70.48077
Batch-5/RW_battery-6,103.59955005624298,97.079765
Batch-5/RW_battery-6,106.58042744656917,86.85249
Batch-5/RW_battery-6,102.24971878515186,69.72784
Batch-5/RW_battery-6,108.60517435320585,60.5599
Batch-5/RW_battery-6,108.26771653543308,91.27065
Batch-5/RW_battery-6,102.75590551181102,71.80974
Batch-5/RW_battery-6,104.7806524184477,97.59876
Batch-5/RW_battery-6,105.96175478065241,94.487366
Batch-5/RW_battery-6,100.16872890888638,84.70804
Batch-5/RW_battery-6,104.27446569178854,93.97432
Batch-5/RW_battery-6,103.48706411698538,71.35021
Batch-5/RW_battery-6,105.34308211473567,97.724106
Batch-5/RW_battery-6,103.3745781777278,86.79333
Batch-5/RW_battery-6,104.9493813273341,80.78973
Batch-5/RW_battery-6,107.59280089988752,86.928215
Batch-5/RW_battery-6,108.09898762654669,91.41582
Batch-5/RW_battery-6,107.59280089988752,80.69944
Batch-5/RW_battery-6,105.11811023622046,96.267624
Batch-5/RW_battery-6,101.5748031496063,80.67099
Batch-5/RW_battery-6,103.99325084364455,97.84142
Batch-5/RW_battery-6,103.99325084364455,85.17738
Batch-5/RW_battery-6,104.6119235095613,93.956024
Batch-5/RW_battery-6,100.61867266591675,97.69939
Batch-5/RW_battery-6,103.48706411698538,79.76408
Batch-5/RW_battery-6,99.60629921259842,77.306564
Batch-5/RW_battery-6,105.39932508436448,87.08848
Batch-5/RW_battery-6,107.6490438695163,90.841995
Batch-5/RW_battery-6,103.88076490438695,61.4507
Batch-5/RW_battery-6,98.48143982002249,96.67079
Batch-5/RW_battery-6,105.39932508436448,84.85373
Batch-5/RW_battery-6,104.49943757030371,96.5071
Batch-5/RW_battery-6,104.38695163104612,80.52766
Batch-5/RW_battery-6,103.65579302587176,98.1019
Batch-5/RW_battery-6,105.62429696287963,78.4817
Batch-5/RW_battery-6,104.9493813273341,60.07491
Batch-5/RW_battery-6,102.47469066366703,58.41091
Batch-5/RW_battery-6,105.06186726659168,59.948845
Batch-5/RW_battery-6,106.91788526434196,89.4223
Batch-5/RW_battery-6,104.49943757030371,93.578316
Batch-5/RW_battery-6,105.06186726659168,93.57917
Batch-5/RW_battery-6,101.18110236220473,60.155308
Batch-5/RW_battery-6,104.8368953880765,80.22929
Batch-5/RW_battery-6,99.60629921259842,79.8082
Batch-5/RW_battery-6,105.00562429696288,97.064995
Batch-5/RW_battery-6,106.46794150731158,97.308716
Batch-5/RW_battery-6,105.00562429696288,87.18168
Batch-5/RW_battery-6,101.74353205849269,96.66548
Batch-5/RW_battery-6,102.81214848143982,93.414215
Batch-5/RW_battery-6,106.63667041619797,89.38826
Batch-5/RW_battery-6,104.38695163104612,74.654366
Batch-5/RW_battery-6,101.96850393700787,77.48633
Batch-5/RW_battery-6,104.04949381327336,86.00357
Batch-5/RW_battery-6,104.27446569178854,77.330574
Batch-5/RW_battery-6,103.3745781777278,96.34803
Batch-5/RW_battery-6,100.89988751406074,81.73687
Batch-5/RW_battery-6,102.02474690663668,60.94043
Batch-5/RW_battery-6,105.06186726659168,83.75615
Batch-5/RW_battery-6,104.04949381327336,93.58139
Batch-5/RW_battery-6,104.8368953880765,85.069626
Batch-5/RW_battery-6,106.01799775028122,89.38826
Batch-5/RW_battery-6,103.48706411698538,99.17052
Batch-5/RW_battery-6,101.68728908886389,60.416843
Batch-5/RW_battery-6,102.64341957255343,72.950096
Batch-5/RW_battery-6,104.49943757030371,85.133385
Batch-5/RW_battery-6,102.75590551181102,60.19219
Batch-5/RW_battery-6,103.14960629921259,96.96242
Batch-5/RW_battery-6,102.02474690663668,78.912506
Batch-5/RW_battery-6,104.38695163104612,75.192894
Batch-5/RW_battery-6,102.58717660292464,87.2983
Batch-5/RW_battery-6,103.76827896512934,76.04158
Batch-5/RW_battery-6,105.23059617547806,89.35617
Batch-5/RW_battery-6,100.44994375703038,79.794945
Batch-5/RW_battery-6,101.63104611923508,91.55154
Batch-5/RW_battery-6,104.16197975253094,79.677925
Batch-5/RW_battery-6,98.93138357705286,71.4783
Batch-5/RW_battery-6,98.31271091113611,79.970505
Batch-5/RW_battery-6,103.2620922384702,79.431694
Batch-5/RW_battery-6,98.93138357705286,83.18684
Batch-5/RW_battery-6,101.12485939257594,93.49385
Batch-5/RW_battery-6,101.5748031496063,75.17026
Batch-5/RW_battery-6,96.06299212598425,60.066006
Batch-5/RW_battery-6,104.27446569178854,89.083
Batch-5/RW_battery-6,100.33745781777277,93.43393
Batch-5/RW_battery-6,99.8312710911136,92.54177
Batch-5/RW_battery-6,101.91226096737908,74.87738
Batch-5/RW_battery-6,101.51856017997748,79.95388
Batch-5/RW_battery-6,100.50618672665917,84.73663
Batch-5/RW_battery-6,94.31946006749156,96.3501
Batch-5/RW_battery-6,99.43757030371204,83.213554
Batch-5/RW_battery-6,99.60629921259842,95.69469
Batch-5/RW_battery-6,101.01237345331833,74.51359
Batch-5/RW_battery-6,100.67491563554556,86.997025
Batch-5/RW_battery-6,103.037120359955,89.077324
Batch-5/RW_battery-6,96.23172103487065,58.07244
Batch-5/RW_battery-6,100.78740157480314,87.142204
Batch-5/RW_battery-6,96.68166479190101,76.91202
Batch-5/RW_battery-6,94.60067491563554,72.835594
Batch-5/RW_battery-6,97.1316085489314,79.95936
Batch-5/RW_battery-6,99.38132733408324,76.12736
Batch-5/RW_battery-6,99.10011248593925,85.64696
Batch-5/RW_battery-6,92.85714285714286,57.796993
Batch-5/RW_battery-6,96.962879640045,91.609695
Batch-5/RW_battery-6,97.86276715410574,59.76848
Batch-5/RW_battery-6,101.18110236220473,89.077324
Batch-5/RW_battery-6,99.60629921259842,75.00267
Batch-5/RW_battery-6,98.65016872890888,86.25584
Batch-5/RW_battery-6,97.07536557930258,91.15438
Batch-5/RW_battery-6,97.46906636670417,87.23202
Batch-5/RW_battery-6,88.35770528683913,78.913086
Batch-5/RW_battery-6,97.01912260967379,60.02913
Batch-5/RW_battery-6,96.9066366704162,60.4751
Batch-5/RW_battery-6,96.62542182227222,73.01532
Batch-5/RW_battery-6,91.16985376827897,60.339046
Batch-5/RW_battery-6,97.46906636670417,79.95262
Batch-5/RW_battery-6,99.04386951631045,89.077324
Batch-5/RW_battery-6,91.05736782902137,76.51768
Batch-5/RW_battery-6,95.33183352080991,84.26114
Batch-5/RW_battery-6,96.06299212598425,93.83252
Batch-5/RW_battery-6,87.68278965129358,72.59184
Batch-5/RW_battery-6,93.53205849268842,90.41249
Batch-5/RW_battery-6,91.61979752530934,59.715965
Batch-5/RW_battery-6,94.26321709786276,78.51548
Batch-5/RW_battery-6,90.21372328458943,82.78574
Batch-5/RW_battery-6,92.96962879640046,78.97675
Batch-5/RW_battery-6,94.60067491563554,77.951256
Batch-5/RW_battery-6,96.45669291338584,89.32643
Batch-5/RW_battery-6,93.8695163104612,85.44725
Batch-5/RW_battery-6,93.02587176602924,76.67087
Batch-5/RW_battery-6,87.68278965129358,96.627106
Batch-5/RW_battery-6,91.00112485939258,84.52957
Batch-5/RW_battery-6,90.21372328458943,75.17039
Batch-5/RW_battery-6,91.28233970753655,87.08997
Batch-5/RW_battery-6,90.32620922384702,79.62993
Batch-5/RW_battery-6,91.67604049493812,84.73408
Batch-5/RW_battery-6,83.46456692913385,59.49898
Batch-5/RW_battery-6,89.93250843644545,85.87141
Batch-5/RW_battery-6,92.63217097862767,89.77669
Batch-5/RW_battery-6,87.62654668166479,59.792286
Batch-5/RW_battery-6,83.46456692913385,78.84864
Batch-5/RW_battery-6,87.73903262092239,72.42746
Batch-5/RW_battery-6,87.62654668166479,76.91736
Batch-5/RW_battery-6,83.97075365579303,70.30293
Batch-5/RW_battery-6,83.29583802024747,84.85809
Batch-5/RW_battery-6,86.78290213723284,73.065544
Batch-5/RW_battery-6,85.03937007874016,78.44322
Batch-5/RW_battery-6,79.8087739032621,67.4892
Batch-5/RW_battery-6,84.02699662542183,76.8224
Batch-5/RW_battery-6,86.83914510686165,89.81661
Batch-5/RW_battery-7,100.0,99.16917
Batch-5/RW_battery-7,93.57900614182022,86.9645
Batch-5/RW_battery-7,100.11166945840313,94.04881
Batch-5/RW_battery-7,100.05583472920156,93.16022
Batch-5/RW_battery-7,95.81239530988275,90.38987
Batch-5/RW_battery-7,99.88833054159687,94.34471
Batch-5/RW_battery-7,102.68006700167504,90.316986
Batch-5/RW_battery-7,100.50251256281409,81.895905
Batch-5/RW_battery-7,99.60915689558905,99.16801
Batch-5/RW_battery-7,99.55332216638749,99.20865
Batch-5/RW_battery-7,97.82244556113903,82.41411
Batch-5/RW_battery-7,101.8425460636516,87.360146
Batch-5/RW_battery-7,98.9391401451703,89.745514
Batch-5/RW_battery-7,106.14182021217198,87.61487
Batch-5/RW_battery-7,103.62925739810163,90.882675
Batch-5/RW_battery-7,99.05080960357343,94.21389
Batch-5/RW_battery-7,101.61920714684534,98.78823
Batch-5/RW_battery-7,102.06588498045785,99.353
Batch-5/RW_battery-7,103.90843104410945,99.361275
Batch-5/RW_battery-7,99.72082635399218,90.115395
Batch-5/RW_battery-7,104.35510887772195,96.57009
Batch-5/RW_battery-7,102.90340591848131,98.93903
Batch-5/RW_battery-7,101.11669458403128,77.5564
Batch-5/RW_battery-7,102.62423227247348,98.15756
Batch-5/RW_battery-7,106.03015075376885,87.36577
Batch-5/RW_battery-7,103.12674483528754,60.83565
Batch-5/RW_battery-7,104.24343941931882,88.32081
Batch-5/RW_battery-7,102.84757118927973,83.15481
Batch-5/RW_battery-7,107.03517587939699,81.962845
Batch-5/RW_battery-7,104.07593523171414,85.47609
Batch-5/RW_battery-7,106.47682858738136,99.318275
Batch-5/RW_battery-7,106.64433277498604,95.700096
Batch-5/RW_battery-7,103.01507537688444,82.72471
Batch-5/RW_battery-7,103.5175879396985,97.69279
Batch-5/RW_battery-7,107.87269681742045,83.5186
Batch-5/RW_battery-7,101.61920714684534,81.329216
Batch-5/RW_battery-7,101.17252931323284,81.22854
Batch-5/RW_battery-7,107.3143495254048,87.483665
Batch-5/RW_battery-7,102.7359017308766,97.82147
Batch-5/RW_battery-7,104.07593523171414,97.22225
Batch-5/RW_battery-7,104.96929089893914,85.41778
Batch-5/RW_battery-7,99.83249581239532,65.20548
Batch-5/RW_battery-7,107.53768844221105,94.29707
Batch-5/RW_battery-7,103.85259631490788,97.0545
Batch-5/RW_battery-7,103.6850921273032,97.34517
Batch-5/RW_battery-7,105.97431602456729,94.5053
Batch-5/RW_battery-7,106.7001675041876,88.26711
Batch-5/RW_battery-7,105.13679508654383,97.173935
Batch-5/RW_battery-7,97.48743718592965,87.47583
Batch-5/RW_battery-7,104.41094360692351,98.112366
Batch-5/RW_battery-7,104.63428252372977,98.10362
Batch-5/RW_battery-7,106.81183696259073,98.383286
Batch-5/RW_battery-7,106.2534896705751,81.5573
Batch-5/RW_battery-7,107.87269681742045,93.73622
Batch-5/RW_battery-7,102.40089335566725,59.25471
Batch-5/RW_battery-7,107.37018425460639,87.53651
Batch-5/RW_battery-7,102.7359017308766,97.58517
Batch-5/RW_battery-7,101.73087660524847,60.843487
Batch-5/RW_battery-7,103.12674483528754,80.3143
Batch-5/RW_battery-7,105.52763819095476,97.40732
Batch-5/RW_battery-7,105.0251256281407,97.57415
Batch-5/RW_battery-7,101.11669458403128,69.64183
Batch-5/RW_battery-7,103.29424902289223,92.71267
Batch-5/RW_battery-7,104.29927414852038,80.09179
Batch-5/RW_battery-7,107.70519262981576,91.614365
Batch-5/RW_battery-7,107.59352317141261,76.844376
Batch-5/RW_battery-7,105.97431602456729,87.83643
Batch-5/RW_battery-7,103.96426577331101,97.12641
Batch-5/RW_battery-7,104.52261306532664,97.53357
Batch-5/RW_battery-7,99.27414852037968,80.002495
Batch-5/RW_battery-7,105.0251256281407,79.88361
Batch-5/RW_battery-7,102.62423227247348,96.64484
Batch-5/RW_battery-7,105.52763819095476,87.31603
Batch-5/RW_battery-7,101.11669458403128,77.8712
Batch-5/RW_battery-7,107.14684533780013,59.148357
Batch-5/RW_battery-7,107.3143495254048,91.23759
Batch-5/RW_battery-7,101.61920714684534,79.75404
Batch-5/RW_battery-7,103.90843104410945,97.72968
Batch-5/RW_battery-7,105.0251256281407,94.60256
Batch-5/RW_battery-7,98.82747068676717,86.68377
Batch-5/RW_battery-7,103.29424902289223,93.89632
Batch-5/RW_battery-7,102.45672808486879,79.419044
Batch-5/RW_battery-7,104.18760469011725,97.48806
Batch-5/RW_battery-7,102.28922389726411,87.57569
Batch-5/RW_battery-7,103.79676158570632,80.95925
Batch-5/RW_battery-7,106.14182021217198,81.54936
Batch-5/RW_battery-7,106.92350642099386,91.34358
Batch-5/RW_battery-7,106.03015075376885,81.07747
Batch-5/RW_battery-7,103.96426577331101,97.72697
Batch-5/RW_battery-7,100.39084310441095,81.50507
Batch-5/RW_battery-7,102.84757118927973,98.228096
Batch-5/RW_battery-7,102.79173646007817,86.9055
Batch-5/RW_battery-7,103.46175321049694,77.36811
Batch-5/RW_battery-7,99.44165270798436,97.71528
Batch-5/RW_battery-7,102.40089335566725,80.03393
Batch-5/RW_battery-7,98.15745393634842,79.58408
Batch-5/RW_battery-7,104.13176996091569,87.25848
Batch-5/RW_battery-7,106.36515912897823,90.56136
Batch-5/RW_battery-7,102.62423227247348,60.456234
Batch-5/RW_battery-7,97.09659408151872,96.934616
Batch-5/RW_battery-7,103.90843104410945,85.167175
Batch-5/RW_battery-7,103.18257956448913,96.371475
Batch-5/RW_battery-7,102.84757118927973,81.01662
Batch-5/RW_battery-7,102.28922389726411,99.741135
Batch-5/RW_battery-7,104.13176996091569,86.884285
Batch-5/RW_battery-7,103.5175879396985,59.877827
Batch-5/RW_battery-7,101.11669458403128,58.336555
Batch-5/RW_battery-7,103.57342266890006,58.206837
Batch-5/RW_battery-7,105.41596873255166,89.10911
Batch-5/RW_battery-7,103.070910106086,93.54547
Batch-5/RW_battery-7,103.5175879396985,93.265656
Batch-5/RW_battery-7,99.83249581239532,75.21852
Batch-5/RW_battery-7,103.23841429369067,86.99461
Batch-5/RW_battery-7,97.8782802903406,80.26138
Batch-5/RW_battery-7,103.18257956448913,97.25769
Batch-5/RW_battery-7,104.41094360692351,97.49316
Batch-5/RW_battery-7,103.12674483528754,87.43022
Batch-5/RW_battery-7,100.27917364600782,86.0129
Batch-5/RW_battery-7,101.28419877163597,93.22879
Batch-5/RW_battery-7,104.74595198213288,89.35617
Batch-5/RW_battery-7,102.56839754327191,78.18274
Batch-5/RW_battery-7,100.22333891680626,84.939064
Batch-5/RW_battery-7,102.23338916806253,86.74712
Batch-5/RW_battery-7,102.34505862646566,77.236
Batch-5/RW_battery-7,101.56337241764378,96.73864
Batch-5/RW_battery-7,99.55332216638749,80.25452
Batch-5/RW_battery-7,100.16750418760469,63.939426
Batch-5/RW_battery-7,102.7359017308766,85.03674
Batch-5/RW_battery-7,101.78671133445003,79.56712
Batch-5/RW_battery-7,102.23338916806253,86.795296
Batch-5/RW_battery-7,103.79676158570632,89.358215
Batch-5/RW_battery-7,101.00502512562815,89.657196
Batch-5/RW_battery-7,99.44165270798436,67.304184
Batch-5/RW_battery-7,100.16750418760469,73.08797
Batch-5/RW_battery-7,101.61920714684534,86.55663
Batch-5/RW_battery-7,100.33500837520938,60.18851
Batch-5/RW_battery-7,100.39084310441095,97.634674
Batch-5/RW_battery-7,99.44165270798436,80.30866
Batch-5/RW_battery-7,101.17252931323284,77.0735
Batch-5/RW_battery-7,99.72082635399218,87.51655
Batch-5/RW_battery-7,100.4466778336125,80.273636
Batch-5/RW_battery-7,102.17755443886098,89.326126
Batch-5/RW_battery-7,97.20826353992184,86.07158
Batch-5/RW_battery-7,98.71580122836406,97.03683
Batch-5/RW_battery-7,100.4466778336125,79.902245
Batch-5/RW_battery-7,95.2540480178671,96.66379
Batch-5/RW_battery-7,95.14237855946399,80.20397
Batch-5/RW_battery-7,99.21831379117812,85.69528
Batch-5/RW_battery-7,94.69570072585148,79.57492
Batch-5/RW_battery-7,97.4316024567281,82.54277
Batch-5/RW_battery-7,97.54327191513123,76.90325
Batch-5/RW_battery-7,93.02065884980458,60.346653
Batch-5/RW_battery-7,100.11166945840313,89.33211
Batch-5/RW_battery-7,96.20323841429371,93.363045
Batch-5/RW_battery-7,95.30988274706868,93.30996
Batch-5/RW_battery-7,97.15242881072027,86.40859
Batch-5/RW_battery-7,96.37074260189839,79.86827
Batch-5/RW_battery-7,95.5890563930765,60.11224
Batch-5/RW_battery-7,93.07649357900615,83.02812
Batch-5/RW_battery-7,94.41652707984368,96.738594
Batch-5/RW_battery-7,94.47236180904522,96.148
Batch-5/RW_battery-7,94.97487437185931,59.965244
Batch-5/RW_battery-7,94.47236180904522,79.99665
Batch-5/RW_battery-7,97.2640982691234,89.32643
Batch-5/RW_battery-7,89.00055834729203,95.6801
Batch-5/RW_battery-7,94.02568397543271,97.587234
Batch-5/RW_battery-7,89.67057509771078,79.269356
Batch-5/RW_battery-7,86.20882188721384,86.49765
Batch-5/RW_battery-7,90.06141820212173,78.71451
Batch-5/RW_battery-7,91.84812953657175,78.15742
Batch-5/RW_battery-7,91.73646007816862,77.523254
Batch-5/RW_battery-7,80.84868788386376,60.37779
Batch-5/RW_battery-7,89.22389726409827,94.3278
Batch-5/RW_battery-7,90.00558347292016,55.88962
Batch-5/RW_battery-7,93.29983249581241,89.46916
Batch-5/RW_battery-7,90.89893914014516,86.24212
Batch-5/RW_battery-7,89.72640982691235,85.25894
Batch-5/RW_battery-7,88.49804578447795,88.03113
Batch-5/RW_battery-7,88.60971524288107,84.03263
Batch-5/RW_battery-7,82.85873813512005,79.58698
Batch-5/RW_battery-7,86.65549972082636,54.56111
Batch-5/RW_battery-7,86.09715242881073,56.15379
Batch-5/RW_battery-7,85.48297040759351,80.53763
Batch-5/RW_battery-7,80.6253489670575,56.133457
Batch-5/RW_battery-7,85.53880513679509,93.892395
Batch-5/RW_battery-7,87.82802903405918,89.828285
Batch-5/RW_battery-8,100.0,97.38533
Batch-5/RW_battery-8,100.50732807215333,86.05629
Batch-5/RW_battery-8,98.42164599774522,82.07485
Batch-5/RW_battery-8,104.79143179255918,99.16623
Batch-5/RW_battery-8,95.37767756482525,95.37774
Batch-5/RW_battery-8,100.7891770011274,84.90041
Batch-5/RW_battery-8,103.72040586245772,97.789696
Batch-5/RW_battery-8,104.05862457722661,99.75562
Batch-5/RW_battery-8,102.48027057497183,95.61491
Batch-5/RW_battery-8,100.28184892897407,99.46909
Batch-5/RW_battery-8,103.15670800450958,82.50915
Batch-5/RW_battery-8,104.50958286358511,92.94784
Batch-5/RW_battery-8,103.10033821871475,98.96408
Batch-5/RW_battery-8,101.46561443066517,87.039276
Batch-5/RW_battery-8,103.38218714768882,99.34763
Batch-5/RW_battery-8,101.46561443066517,98.93427
Batch-5/RW_battery-8,102.14205186020293,98.879395
Batch-5/RW_battery-8,102.87485907553551,99.24343
Batch-5/RW_battery-8,105.6369785794814,97.47981
Batch-5/RW_battery-8,104.56595264937994,98.98143
Batch-5/RW_battery-8,106.20067643742952,96.535835
Batch-5/RW_battery-8,104.79143179255918,98.40982
Batch-5/RW_battery-8,102.87485907553551,61.13841
Batch-5/RW_battery-8,104.3968432919955,95.20519
Batch-5/RW_battery-8,107.94813979706876,86.63032
Batch-5/RW_battery-8,104.67869222096955,60.81963
Batch-5/RW_battery-8,105.86245772266065,87.64571
Batch-5/RW_battery-8,104.34047350620068,98.11189
Batch-5/RW_battery-8,108.73731679819616,78.15813
Batch-5/RW_battery-8,105.58060879368658,98.891785
Batch-5/RW_battery-8,108.17361894024802,98.18801
Batch-5/RW_battery-8,108.22998872604283,95.73014
Batch-5/RW_battery-8,104.73506200676437,84.646355
Batch-5/RW_battery-8,104.79143179255918,96.144714
Batch-5/RW_battery-8,109.3010146561443,98.02131
Batch-5/RW_battery-8,103.10033821871475,72.4674
Batch-5/RW_battery-8,102.48027057497183,80.86033
Batch-5/RW_battery-8,108.68094701240135,86.01698
Batch-5/RW_battery-8,104.22773393461104,97.52938
Batch-5/RW_battery-8,105.35512965050732,94.34001
Batch-5/RW_battery-8,106.25704622322436,94.28471
Batch-5/RW_battery-8,101.12739571589628,60.42736
Batch-5/RW_battery-8,108.85005636978579,94.29707
Batch-5/RW_battery-8,105.01691093573844,94.39321
Batch-5/RW_battery-8,104.96054114994364,94.5498
Batch-5/RW_battery-8,107.15896279594136,94.83772
Batch-5/RW_battery-8,108.0608793686584,87.39352
Batch-5/RW_battery-8,106.42615558060879,94.33511
Batch-5/RW_battery-8,98.64712514092446,78.91149
Batch-5/RW_battery-8,105.6369785794814,97.44327
Batch-5/RW_battery-8,105.69334836527622,96.785484
Batch-5/RW_battery-8,108.17361894024802,94.261406
Batch-5/RW_battery-8,107.49718151071026,80.478325
Batch-5/RW_battery-8,109.13190529875988,93.73622
Batch-5/RW_battery-8,103.72040586245772,59.25471
Batch-5/RW_battery-8,108.68094701240135,87.8741
Batch-5/RW_battery-8,104.0022547914318,97.09347
Batch-5/RW_battery-8,102.93122886133033,75.97345
Batch-5/RW_battery-8,104.22773393461104,80.85437
Batch-5/RW_battery-8,106.70800450958286,96.44159
Batch-5/RW_battery-8,106.14430665163472,96.67447
Batch-5/RW_battery-8,102.423900789177,59.15725
Batch-5/RW_battery-8,104.4532130777903,92.61704
Batch-5/RW_battery-8,105.35512965050732,70.69503
Batch-5/RW_battery-8,108.90642615558059,91.60925
Batch-5/RW_battery-8,108.90642615558059,93.920456
Batch-5/RW_battery-8,107.15896279594136,87.1541
Batch-5/RW_battery-8,105.01691093573844,94.92245
Batch-5/RW_battery-8,105.58060879368658,97.90198
Batch-5/RW_battery-8,100.50732807215333,79.0115
Batch-5/RW_battery-8,106.20067643742952,63.603065
Batch-5/RW_battery-8,103.72040586245772,94.01371
Batch-5/RW_battery-8,106.70800450958286,85.2803
Batch-5/RW_battery-8,102.36753100338218,58.972206
Batch-5/RW_battery-8,108.45546786922209,60.5599
Batch-5/RW_battery-8,108.45546786922209,91.232475
Batch-5/RW_battery-8,102.93122886133033,67.77308
Batch-5/RW_battery-8,104.96054114994364,96.69684
Batch-5/RW_battery-8,106.03156708004508,94.51804
Batch-5/RW_battery-8,100.0,78.45911
Batch-5/RW_battery-8,104.28410372040587,94.02626
Batch-5/RW_battery-8,103.55129650507328,65.280975
Batch-5/RW_battery-8,105.2423900789177,96.836525
Batch-5/RW_battery-8,103.32581736189401,85.44885
Batch-5/RW_battery-8,104.90417136414882,80.2233
Batch-5/RW_battery-8,107.49718151071026,77.79723
Batch-5/RW_battery-8,108.17361894024802,91.102234
Batch-5/RW_battery-8,107.38444193912062,80.270004
Batch-5/RW_battery-8,105.01691093573844,95.354454
Batch-5/RW_battery-8,101.40924464487036,80.249596
Batch-5/RW_battery-8,103.83314543404735,97.38611
Batch-5/RW_battery-8,103.94588500563697,72.442764
Batch-5/RW_battery-8,104.56595264937994,94.00998
Batch-5/RW_battery-8,100.50732807215333,97.903854
Batch-5/RW_battery-8,103.55129650507328,78.99506
Batch-5/RW_battery-8,99.60541149943629,69.67099
Batch-5/RW_battery-8,105.35512965050732,87.02333
Batch-5/RW_battery-8,107.60992108229989,90.80795
Batch-5/RW_battery-8,103.72040586245772,61.147278
Batch-5/RW_battery-8,98.3652762119504,96.488174
Batch-5/RW_battery-8,105.1860202931229,96.936615
Batch-5/RW_battery-8,104.34047350620068,96.778824
Batch-5/RW_battery-8,104.11499436302141,79.033485
Batch-5/RW_battery-8,103.55129650507328,96.519775
Batch-5/RW_battery-8,105.35512965050732,93.23828
Batch-5/RW_battery-8,104.73506200676437,59.88139
Batch-5/RW_battery-8,102.31116121758737,58.174774
Batch-5/RW_battery-8,104.84780157835401,60.254745
Batch-5/RW_battery-8,106.76437429537766,89.14167
Batch-5/RW_battery-8,104.28410372040587,93.55943
Batch-5/RW_battery-8,104.79143179255918,93.42092
Batch-5/RW_battery-8,101.12739571589628,75.42613
Batch-5/RW_battery-8,104.56595264937994,78.76613
Batch-5/RW_battery-8,99.43630214205186,77.1464
Batch-5/RW_battery-8,104.62232243517475,97.19318
Batch-5/RW_battery-8,105.97519729425026,97.5898
Batch-5/RW_battery-8,104.62232243517475,86.31546
Batch-5/RW_battery-8,101.63472378804961,82.96218
Batch-5/RW_battery-8,102.64937993235625,93.47533
Batch-5/RW_battery-8,106.20067643742952,89.14167
Batch-5/RW_battery-8,104.0022547914318,60.333107
Batch-5/RW_battery-8,101.63472378804961,96.44424
Batch-5/RW_battery-8,103.6640360766629,80.003815
Batch-5/RW_battery-8,103.77677564825254,77.32061
Batch-5/RW_battery-8,102.93122886133033,96.52501
Batch-5/RW_battery-8,100.7891770011274,96.59925
Batch-5/RW_battery-8,101.63472378804961,84.53745
Batch-5/RW_battery-8,104.4532130777903,95.9965
Batch-5/RW_battery-8,103.43855693348365,93.59946
Batch-5/RW_battery-8,104.05862457722661,78.733925
Batch-5/RW_battery-8,105.46786922209694,89.14167
Batch-5/RW_battery-8,102.70574971815107,97.05438
Batch-5/RW_battery-8,101.12739571589628,93.65943
Batch-5/RW_battery-8,101.97294250281847,93.57972
Batch-5/RW_battery-8,103.60766629086811,78.8818
Batch-5/RW_battery-8,102.08568207440811,60.224537
Batch-5/RW_battery-8,102.31116121758737,96.66579
Batch-5/RW_battery-8,101.35287485907554,78.51581
Batch-5/RW_battery-8,103.38218714768882,75.234505
Batch-5/RW_battery-8,101.80383314543404,86.646355
Batch-5/RW_battery-8,102.76211950394587,93.29573
Batch-5/RW_battery-8,104.28410372040587,89.10911
Batch-5/RW_battery-8,99.66178128523111,79.57538
Batch-5/RW_battery-8,100.90191657271703,96.34671
Batch-5/RW_battery-8,102.93122886133033,77.780075
Batch-5/RW_battery-8,97.91431792559189,77.66422
Batch-5/RW_battery-8,97.46335963923337,79.43308
Batch-5/RW_battery-8,101.91657271702368,77.02159
Batch-5/RW_battery-8,97.74520856820745,96.75945
Batch-5/RW_battery-8,100.0,93.232376
Batch-5/RW_battery-8,100.33821871476889,74.86452
Batch-5/RW_battery-8,95.20856820744082,93.414406
Batch-5/RW_battery-8,102.93122886133033,89.30443
Batch-5/RW_battery-8,99.04171364148816,93.23653
Batch-5/RW_battery-8,98.42164599774522,93.43492
Batch-5/RW_battery-8,100.33821871476889,93.56707
Batch-5/RW_battery-8,99.71815107102593,76.95975
Batch-5/RW_battery-8,98.87260428410372,91.66047
Batch-5/RW_battery-8,94.08117249154454,96.33563
Batch-5/RW_battery-8,97.85794813979707,73.593666
Batch-5/RW_battery-8,97.97068771138669,96.55987
Batch-5/RW_battery-8,98.87260428410372,60.456753
Batch-5/RW_battery-8,98.3652762119504,78.60647
Batch-5/RW_battery-8,100.95828635851183,89.29877
Batch-5/RW_battery-8,93.79932356257046,58.07244
Batch-5/RW_battery-8,98.30890642615559,96.425995
Batch-5/RW_battery-8,94.25028184892898,96.52779
Batch-5/RW_battery-8,91.54453213077791,94.431526
Batch-5/RW_battery-8,94.53213077790305,79.46437
Batch-5/RW_battery-8,96.50507328072153,81.331604
Batch-5/RW_battery-8,96.3923337091319,93.40146
Batch-5/RW_battery-8,88.55693348365276,59.628006
Batch-5/RW_battery-8,94.13754227733934,88.56013
Batch-5/RW_battery-8,94.92671927846675,59.76682
Batch-5/RW_battery-8,98.19616685456594,89.32643
Batch-5/RW_battery-8,96.22322435174748,87.165504
Batch-5/RW_battery-8,95.20856820744082,81.23837
Batch-5/RW_battery-8,93.85569334836528,91.1386
Batch-5/RW_battery-8,94.13754227733934,96.135704
Batch-5/RW_battery-8,85.62570462232243,96.193726
Batch-5/RW_battery-8,92.95377677564825,56.076107
Batch-5/RW_battery-8,92.89740698985344,74.89126
Batch-5/RW_battery-8,92.50281848928974,97.0658
Batch-5/RW_battery-8,88.78241262683201,60.542942
Batch-5/RW_battery-8,92.7846674182638,78.87208
Batch-5/RW_battery-8,94.8139797068771,89.70337
Batch-5/RW_battery-8,85.00563697857947,64.74127
Batch-5/RW_battery-8,90.81172491544532,79.14042
Batch-5/RW_battery-8,91.14994363021421,88.340096
Batch-5/RW_battery-8,86.47125140924464,71.60191
Batch-5/RW_battery-8,88.21871476888387,90.42251
Batch-5/RW_battery-8,87.37316798196167,55.857662
Batch-5/RW_battery-8,88.55693348365276,73.12973
Batch-5/RW_battery-8,84.7237880496054,61.560284
Batch-5/RW_battery-8,86.52762119503944,70.122215
Batch-5/RW_battery-8,88.10597519729426,70.77012
Batch-5/RW_battery-8,90.19165727170237,89.828285
Batch-5/RW_battery-8,87.03494926719279,65.86879
Batch-5/RW_battery-8,86.24577226606539,56.30763
Batch-5/RW_battery-8,83.76550169109358,92.39938
Batch-5/RW_battery-8,83.59639233370913,76.69611
Batch-5/RW_battery-8,80.66516347237881,54.387756
Batch-5/RW_battery-8,82.75084554678692,94.917076
Batch-5/RW_battery-8,81.34160090191658,68.669
Batch-5/RW_battery-8,83.03269447576099,66.94736
Batch-5/RW_battery-8,72.54791431792559,56.078644
Batch-5/RW_battery-8,80.2142051860203,76.59562
Batch-5/RW_battery-8,83.65276211950395,89.93556
