battery_id,y_true,pred
CS2_35,100.06435800537554,92.22573
CS2_35,100.0,98.8521
CS2_35,99.97830577746268,99.64094
CS2_35,99.9441476329588,99.58129
CS2_35,98.63347543245247,85.35069
CS2_35,99.26501032306166,99.42181
CS2_35,98.72493606430633,99.21264
CS2_35,97.65387534177933,99.08911
CS2_35,97.21640059084815,99.08057
CS2_35,96.91486217404447,98.987144
CS2_35,96.52068140551775,99.000305
CS2_35,97.06146761664567,98.81844
CS2_35,97.19359440168076,98.97914
CS2_35,97.17640059678058,98.53208
CS2_35,97.13869876321967,98.53208
CS2_35,97.08903397703305,98.501945
CS2_35,97.04789451219898,98.52625
CS2_35,97.00325830937105,98.52625
CS2_35,96.9382348559894,98.50837
CS2_35,96.85204044240746,98.56526
CS2_35,96.78919744515444,99.14332
CS2_35,96.72000574287277,98.44835
CS2_35,96.66060181918581,98.454285
CS2_35,96.60737026987529,98.680664
CS2_35,96.55086816992579,98.43517
CS2_35,96.4788385104094,98.64271
CS2_35,96.41032524752231,98.60657
CS2_35,95.46145455419646,98.48206
CS2_35,94.79966976159918,97.94458
CS2_35,94.47582197181433,98.81538
CS2_35,94.2368135099607,98.78801
CS2_35,93.97148822311352,98.540375
CS2_35,94.87046076883729,98.46766
CS2_35,95.08015806072785,97.77294
CS2_35,94.37312002115267,97.35083
CS2_35,93.69003625347693,98.18414
CS2_35,93.47611784586076,97.69648
CS2_35,93.35681661110542,98.229355
CS2_35,93.14581415149586,98.09898
CS2_35,94.04871286851963,97.34456
CS2_35,94.25769356278816,97.4872
CS2_35,93.79469673075322,97.18961
CS2_35,92.9456925100294,97.81117
CS2_35,92.85419614345778,97.588356
CS2_35,92.77593711045824,97.19896
CS2_35,92.6289442917905,97.19896
CS2_35,93.19065484569302,97.92889
CS2_35,93.55039015645144,97.15905
CS2_35,93.66097080039833,97.813805
CS2_35,92.53446634490513,97.53086
CS2_35,92.44295899613364,96.74646
CS2_35,92.33851711643048,97.32671
CS2_35,92.16522552079883,97.49028
CS2_35,95.64463417950826,85.00263
CS2_35,96.12187076895563,97.923996
CS2_35,96.45511635466481,97.81526
CS2_35,96.42198681494543,97.82274
CS2_35,95.57981107636118,97.94136
CS2_35,85.34012875725239,88.88388
CS2_35,95.09967300909864,98.003426
CS2_35,94.8586575414801,97.77287
CS2_35,94.10568852369643,97.44532
CS2_35,94.29025535799255,97.74269
CS2_35,94.08124023595524,97.83355
CS2_35,93.36921416682884,97.38026
CS2_35,93.1690348861332,97.67989
CS2_35,92.18381109688443,86.55715
CS2_35,92.86167460854485,97.503265
CS2_35,92.46248370678869,97.95245
CS2_35,92.65702204274176,97.81974
CS2_35,92.58908704564554,97.80419
CS2_35,91.29350601543341,86.51277
CS2_35,91.89312073328149,96.912445
CS2_35,91.80822613577133,96.912445
CS2_35,91.71846524573921,97.06227
CS2_35,91.33333534746507,97.213585
CS2_35,91.6656710804025,97.24992
CS2_35,91.63045139718406,97.24992
CS2_35,91.51811457897776,97.24395
CS2_35,91.37883703160091,97.33175
CS2_35,91.28126678697491,97.15548
CS2_35,91.27214747973849,97.1467
CS2_35,91.17634866426096,97.1467
CS2_35,91.00266504254806,96.88612
CS2_35,90.88958947532355,96.48974
CS2_35,90.80739000972409,96.531204
CS2_35,90.68495981669872,96.517784
CS2_35,89.81062883973297,86.61758
CS2_35,90.53870147941807,96.877754
CS2_35,90.55786743988102,96.52722
CS2_35,90.4018410426089,96.33171
CS2_35,90.30347016666873,96.301155
CS2_35,90.24956928122711,96.23474
CS2_35,89.40715070365356,95.96656
CS2_35,89.09509916536831,96.1488
CS2_35,89.00100937836143,96.00009
CS2_35,88.85173407546479,96.63991
CS2_35,90.46047630848433,89.3373
CS2_35,90.35408707977317,96.46586
CS2_35,90.1374441931963,96.198685
CS2_35,90.89175054825917,96.17873
CS2_35,90.91765194904777,96.229095
CS2_35,90.02770607694977,95.87872
CS2_35,80.57770173815373,81.40164
CS2_35,92.60538630937472,92.47999
CS2_35,92.54781233011387,97.231926
CS2_35,93.18210547644942,96.32628
CS2_35,93.27439423104268,97.30924
CS2_35,92.03819413969286,96.59649
CS2_35,91.99103363426782,96.573586
CS2_35,92.06560700877573,96.92027
CS2_35,91.84710250666794,96.68355
CS2_35,91.68516962535102,96.9731
CS2_35,91.66804178561121,84.20114
CS2_35,92.51516084586352,97.19834
CS2_35,91.57207494022511,96.36284
CS2_35,91.20553405352057,96.45399
CS2_35,90.98279820116632,96.96047
CS2_35,90.85501703229556,96.4451
CS2_35,90.52843966686174,96.30429
CS2_35,91.46870977446278,96.311584
CS2_35,91.55170860195015,95.66898
CS2_35,90.61214030668468,95.861435
CS2_35,90.00631931777347,96.35942
CS2_35,90.09022895240258,95.65195
CS2_35,79.29974539743564,85.10589
CS2_35,89.70190473017189,93.67522
CS2_35,90.19798283570914,97.38683
CS2_35,90.61315471756254,95.596016
CS2_35,90.64026386754708,95.604454
CS2_35,90.62412307110831,92.519905
CS2_35,90.5965473013949,92.507706
CS2_35,90.56512912631045,92.51071
CS2_35,90.58616116986533,92.50227
CS2_35,90.5678229157698,92.82711
CS2_35,90.52745289640207,92.50123
CS2_35,90.4666343294035,92.50123
CS2_35,90.42020804095701,92.500465
CS2_35,90.38108353118305,92.069786
CS2_35,90.36169471572435,92.06311
CS2_35,90.3520528450835,91.97196
CS2_35,90.34940112036917,92.07081
CS2_35,90.4101473066799,92.514694
CS2_35,90.46271385220717,91.3009
CS2_35,80.84579544469813,85.57162
CS2_35,88.76495886860121,92.49799
CS2_35,88.88672938877498,92.52014
CS2_35,88.63093618535103,92.00109
CS2_35,88.54685971202218,93.37036
CS2_35,88.28643347493819,92.68946
CS2_35,89.31345221385834,92.24914
CS2_35,89.39646926777797,92.36674
CS2_35,88.116602506151,94.04328
CS2_35,87.90279689953837,94.53477
CS2_35,88.40419679509701,92.29063
CS2_35,78.65246395319922,84.847374
CS2_35,88.49493779778716,85.93703
CS2_35,88.52902667670712,83.33518
CS2_35,88.04511098141336,94.47702
CS2_35,87.38286926991124,86.01462
CS2_35,88.23640741796913,92.852165
CS2_35,88.16735596398576,94.0642
CS2_35,88.30140284532638,92.75041
CS2_35,88.9990295462247,91.44965
CS2_35,89.16989633235647,91.81972
CS2_35,88.09112467643178,94.44405
CS2_35,87.97471159087038,94.918
CS2_35,77.46146241420323,85.00867
CS2_35,87.80486992170525,94.41161
CS2_35,87.97343124494998,94.94362
CS2_35,88.65021577777573,92.20525
CS2_35,88.99150976799865,91.06373
CS2_35,89.0584050272478,93.160225
CS2_35,86.96815030954836,85.74476
CS2_35,88.04078179153585,94.41158
CS2_35,88.41863852153591,92.4868
CS2_35,79.23086596435695,84.69554
CS2_35,88.27541921536145,83.19925
CS2_35,89.12615760798295,91.48404
CS2_35,89.15599002670561,91.540115
CS2_35,89.1876332606203,91.57141
CS2_35,89.22061044530601,91.22085
CS2_35,89.24755369614142,91.085365
CS2_35,89.3521630197543,90.98402
CS2_35,89.38036157698485,91.06481
CS2_35,89.39768941212336,91.19303
CS2_35,89.40463889066251,91.19303
CS2_35,89.44706608950108,91.56599
CS2_35,89.46128560857235,91.184975
CS2_35,89.46714646380407,91.19303
CS2_35,89.47506338324665,91.19842
CS2_35,89.48594166529332,91.58261
CS2_35,89.48254789006485,91.19303
CS2_35,89.48414370825607,91.19036
CS2_35,89.48025470990214,91.19303
CS2_35,88.59453852484175,91.273346
CS2_35,88.3318324566718,91.83254
CS2_35,88.2703260336321,91.84252
CS2_35,87.97693966033646,93.724075
CS2_35,87.77584904586018,94.63399
CS2_35,88.58682165468682,92.22979
CS2_35,88.84610832045134,91.069466
CS2_35,88.75033529486551,90.96
CS2_35,87.73702343301811,94.63399
CS2_35,90.74123669848197,86.012
CS2_35,91.79189354128145,96.64569
CS2_35,92.0370862899414,96.14927
CS2_35,92.10263728476384,96.13004
CS2_35,92.10989042110279,95.932045
CS2_35,92.07922016051592,95.93907
CS2_35,92.07268195183418,95.93907
CS2_35,92.08720060901236,95.93907
CS2_35,92.05066165792172,96.387115
CS2_35,91.99287388660838,96.005486
CS2_35,91.93232167450964,95.9936
CS2_35,91.82020263071176,96.19501
CS2_35,91.78720245886542,96.19889
CS2_35,91.73974542057954,96.053215
CS2_35,91.69008384944779,95.98929
CS2_35,91.67389508102976,92.32201
CS2_35,81.66712130872311,85.65519
CS2_35,91.57501569940257,92.41076
CS2_35,90.79092287770317,95.50186
CS2_35,90.00051348093592,96.380806
CS2_35,90.11861038172341,95.41768
CS2_35,89.92899805775711,96.04531
CS2_35,89.63964907687847,95.57831
CS2_35,89.52793035299929,83.88041
CS2_35,89.753852642605,83.9521
CS2_35,90.24982858043454,93.236
CS2_35,89.24903766515202,95.28662
CS2_35,77.15128532791016,85.140854
CS2_35,89.14327920244143,95.47338
CS2_35,89.02399349898901,94.87756
CS2_35,88.76612487272322,96.58199
CS2_35,89.63317287979406,93.45756
CS2_35,89.73422131147575,92.38955
CS2_35,88.8858606516805,94.20429
CS2_35,88.44170659773408,95.826866
CS2_35,88.29594336744168,96.173805
CS2_35,88.20172300894524,96.30928
CS2_35,87.9836715920709,95.47346
CS2_35,88.85769507249863,94.18433
CS2_35,89.05316378285076,92.2709
CS2_35,88.57494063663037,91.64011
CS2_35,87.64691330020997,95.004166
CS2_35,87.71403913820252,95.08734
CS2_35,87.64098562682511,95.04665
CS2_35,87.5444343312111,94.930084
CS2_35,88.09281537245893,95.40451
CS2_35,88.42588591034695,92.48656
CS2_35,88.48112193143442,91.49979
CS2_35,86.38867302166786,86.76443
CS2_35,87.0637674881234,94.98604
CS2_35,88.07403705164475,95.37692
CS2_35,88.63515556588388,93.80874
CS2_35,88.6923159891042,92.13876
CS2_35,88.68163107040333,92.07134
CS2_35,88.67290404622746,91.70616
CS2_35,88.68419064261566,91.70731
CS2_35,88.67870046540375,91.70731
CS2_35,88.67312070021417,91.70731
CS2_35,88.63684740395256,91.70731
CS2_35,88.60135016044657,91.70808
CS2_35,88.5715390633913,91.47568
CS2_35,88.54210987641957,91.45468
CS2_35,88.52223331999123,92.0857
CS2_35,88.51196239999251,92.0859
CS2_35,88.51197033812703,91.26515
CS2_35,88.49213630501076,91.280495
CS2_35,88.47893889389783,91.26287
CS2_35,88.44362350173319,91.288956
CS2_35,87.11693282399298,94.95925
CS2_35,86.88079613554538,93.931816
CS2_35,86.83332486502024,93.93321
CS2_35,86.6349107980999,94.514946
CS2_35,86.5161267702676,94.5231
CS2_35,87.63369850050746,94.24461
CS2_35,87.77568298108473,93.87317
CS2_35,87.00831724392005,94.504326
CS2_35,86.41563332502396,94.47314
CS2_35,86.41018082955917,94.43568
CS2_35,86.40171518999836,94.48108
CS2_35,86.33711279424445,96.033775
CS2_35,87.04619217620403,94.39589
CS2_35,87.25038020730975,93.89883
CS2_35,87.42935990946077,94.23648
CS2_35,86.11660472998693,93.45704
CS2_35,85.97098622473642,93.30392
CS2_35,85.94696504732426,93.23891
CS2_35,86.03986860783392,93.44174
CS2_35,86.04613007717366,93.44913
CS2_35,86.9455145250026,94.54729
CS2_35,87.05010601562888,93.89389
CS2_35,86.21898134825742,94.10327
CS2_35,85.79006374448356,93.0986
CS2_35,85.81385836257236,93.13515
CS2_35,85.72353286385855,93.41457
CS2_35,85.54882389983892,92.73963
CS2_35,86.37083181594446,94.601204
CS2_35,86.6969931562678,94.11288
CS2_35,86.5410690005947,93.579285
CS2_35,85.3777522027801,92.79302
CS2_35,85.42534974029685,92.790794
CS2_35,85.83217913546973,93.0998
CS2_35,85.72516874346043,93.95607
CS2_35,86.55677667239755,93.8524
CS2_35,86.67569713895814,94.11324
CS2_35,86.69386203759669,93.89742
CS2_35,86.70118555765697,95.12998
CS2_35,86.70911457652596,93.89742
CS2_35,86.87398826666102,93.87909
CS2_35,86.91013358914208,93.88189
CS2_35,86.94008482685302,93.76238
CS2_35,86.95550631017178,93.83512
CS2_35,86.96947870674215,93.83436
CS2_35,86.97961022341009,93.82035
CS2_35,86.98365863286284,93.82035
CS2_35,87.00140148082679,93.815315
CS2_35,87.02033214712576,93.82242
CS2_35,87.062471644737,93.82339
CS2_35,87.03435701815306,93.83665
CS2_35,87.03606363157732,93.83665
CS2_35,85.96961045547546,93.3021
CS2_35,85.52285476261855,92.93344
CS2_35,85.55053332961589,92.93041
CS2_35,85.52761645550042,92.92367
CS2_35,85.35931484381916,92.81963
CS2_35,86.06848284200271,93.578896
CS2_35,86.37999189555855,93.77643
CS2_35,75.59138231692275,84.0229
CS2_35,85.50071898384158,92.91599
CS2_35,85.31389235283463,92.67887
CS2_35,85.40109104402649,92.85358
CS2_35,85.17884511856231,94.091064
CS2_35,84.15057790994126,86.5793
CS2_35,86.0772396899405,93.70161
CS2_35,86.31033319101876,93.72763
CS2_35,85.75477230842793,92.80189
CS2_35,85.04540486601026,92.39925
CS2_35,85.14326123317069,92.25241
CS2_35,84.43167465205072,86.4484
CS2_35,85.15812100405785,92.538574
CS2_35,85.60478648728417,92.963486
CS2_35,86.17694792397886,93.72976
CS2_35,86.29814691735452,93.710144
CS2_35,85.32482153244617,92.80735
CS2_35,85.10031462814734,92.19566
CS2_35,85.13587693033882,92.13653
CS2_35,85.06136969541318,92.172035
CS2_35,84.92716656814366,92.25901
CS2_35,85.45428269475654,92.9172
CS2_35,84.80060536460034,91.80278
CS2_35,84.70278301862655,91.559715
CS2_35,85.28746077972923,92.646065
CS2_35,85.19221289898499,92.78767
CS2_35,85.00385776573945,92.280106
CS2_35,85.77459945491321,93.29222
CS2_35,85.91270786187778,93.37937
CS2_35,85.97504122073126,93.697914
CS2_35,86.00972952295625,93.65209
CS2_35,86.02580069333466,93.72114
CS2_35,86.0617145794218,93.38019
CS2_35,81.08026938341224,83.20356
CS2_35,86.20362311500828,91.91144
CS2_35,86.60413936292474,93.77427
CS2_35,86.8585219019536,93.814926
CS2_35,86.13605417674646,84.034676
CS2_35,86.14000362559105,93.44535
CS2_35,86.1357103624139,93.42917
CS2_35,86.3918597501041,93.57097
CS2_35,85.76611492300856,83.98576
CS2_35,86.5552877656774,93.76349
CS2_35,86.9440855459656,93.53703
CS2_35,87.01655450872623,93.76973
CS2_35,86.58957471057205,93.499886
CS2_35,86.26817748583274,93.45996
CS2_35,86.25185595342191,93.61762
CS2_35,86.48135001490706,93.75456
CS2_35,86.47475674207163,93.75097
CS2_35,86.60318273454558,93.75076
CS2_35,86.80756323439691,93.9929
CS2_35,86.83775315841127,93.53731
CS2_35,86.11253545781655,93.49761
CS2_35,86.09490462187435,93.6673
CS2_35,86.05263974040368,93.66004
CS2_35,85.16296714767502,83.91559
CS2_35,85.78944881083663,93.0887
CS2_35,86.3642014239437,93.72593
CS2_35,86.49341618860083,93.74324
CS2_35,86.1165903224432,93.37979
CS2_35,85.7311680775682,92.94286
CS2_35,85.81168156100165,93.016556
CS2_35,85.88832113888029,93.55548
CS2_35,86.03113168993234,93.36901
CS2_35,86.10297293134659,93.569695
CS2_35,86.40884208886499,93.752304
CS2_35,86.46508518768266,93.51399
CS2_35,86.48705696755957,93.46932
CS2_35,86.50011595496878,93.474884
CS2_35,86.49958875066945,93.46932
CS2_35,86.59261475518875,93.6556
CS2_35,86.62309171381828,93.641525
CS2_35,86.63673998667247,93.63508
CS2_35,86.63651256210885,93.61559
CS2_35,86.63586212493878,93.609146
CS2_35,86.6085757564776,93.664406
CS2_35,86.6159873645384,93.644
CS2_35,85.79624608728037,83.93921
CS2_35,86.60538169134257,93.65796
CS2_35,86.60575204790862,93.66043
CS2_35,86.6018361283523,93.66043
CS2_35,86.5761999427317,93.66043
CS2_35,85.90635216355427,93.29939
CS2_35,87.51828192092553,93.135376
CS2_35,86.52215111993004,84.08049
CS2_35,87.44565479365473,93.83871
CS2_35,88.00573311928137,93.03128
CS2_35,88.12637301284599,92.85744
CS2_35,87.44264648416393,95.05802
CS2_35,87.31802313277863,93.76719
CS2_35,87.36605714268578,93.38361
CS2_35,87.31841387041777,93.40885
CS2_35,87.13109277238182,93.72904
CS2_35,87.68573938982675,93.4828
CS2_35,87.78038716969552,93.119606
CS2_35,87.50381757244939,93.22202
CS2_35,86.84914820579094,93.80226
CS2_35,86.92321108992537,93.40409
CS2_35,86.91154162517898,93.39654
CS2_35,86.22072225938645,93.386795
CS2_35,86.28415747067663,93.589096
CS2_35,86.9509808972914,93.49696
CS2_35,87.04423168881677,93.74289
CS2_35,86.0681035846017,93.455185
CS2_35,85.54231936699716,92.87823
CS2_35,85.44202832318135,92.83629
CS2_35,85.26519093668608,92.555504
CS2_35,85.09587965187113,92.06334
CS2_35,86.03798900703428,93.34806
CS2_35,86.25777243540895,93.71305
CS2_35,86.33940900308681,93.372665
CS2_35,75.69274886191768,84.01864
CS2_35,86.3555639232998,93.407455
CS2_35,86.41462810303769,93.446144
CS2_35,86.46056478497691,93.446144
CS2_35,86.46247200889485,93.446144
CS2_35,85.6161582658716,83.77937
CS2_35,86.28957317302851,93.39267
CS2_35,86.23705522852228,93.4079
CS2_35,86.18589454126784,93.41098
CS2_35,86.1329989910135,93.2073
CS2_35,86.1202841761575,92.93033
CS2_35,86.09706653370556,93.3812
CS2_35,86.06914034048,93.3967
CS2_35,85.22686528568227,83.54673
CS2_35,86.00075102104864,93.48459
CS2_35,84.44702272895022,91.37498
CS2_35,84.27071033751635,91.21093
CS2_35,83.70294426567658,90.968956
CS2_35,83.61805269733384,90.8855
CS2_35,83.38865747403057,91.16418
CS2_35,84.67244715272618,91.233475
CS2_35,84.91458858654202,91.9741
CS2_35,84.31442432728343,91.05833
CS2_35,84.03125639520039,90.989525
CS2_35,84.45458196153226,91.646324
CS2_35,84.93300722263275,91.79924
CS2_35,84.99177858215131,91.880646
CS2_35,83.73294256984653,91.07762
CS2_35,83.28247019944304,90.94354
CS2_35,83.12481679268816,90.88992
CS2_35,83.09888522638774,77.418015
CS2_35,81.75577970044499,85.61234
CS2_35,82.79826374925871,90.5493
CS2_35,83.31157974902199,91.474625
CS2_35,84.0011694467494,91.075806
CS2_35,84.20619765689,91.35023
CS2_35,83.24068886923027,90.9418
CS2_35,82.99707822301431,90.73834
CS2_35,82.96815558381238,90.84412
CS2_35,82.76668766957512,90.73321
CS2_35,81.84100010449121,86.49581
CS2_35,82.65682463992225,86.700966
CS2_35,83.7507424427939,90.90186
CS2_35,83.56782739610777,90.67032
CS2_35,81.80863770368096,86.49314
CS2_35,82.58247093435406,90.739
CS2_35,82.33880200245481,91.80524
CS2_35,82.22127008798553,90.53282
CS2_35,82.18902260729926,90.19752
CS2_35,83.01966898931708,90.94718
CS2_35,82.37060288403508,86.010284
CS2_35,82.2795317812627,90.40023
CS2_35,82.08042654287799,90.237885
CS2_35,82.20728061610953,90.37743
CS2_35,82.13019031901673,90.237885
CS2_35,82.07122983830075,90.237885
CS2_35,82.5326470865368,90.86937
CS2_35,82.84448889840851,90.75831
CS2_35,82.91659607206743,90.02314
CS2_35,81.92846754106911,90.19487
CS2_35,81.88612866261722,90.2155
CS2_35,81.88054581967258,90.2155
CS2_35,81.81624718817146,90.32286
CS2_35,81.5905219246224,89.96981
CS2_35,82.34216162563825,90.328255
CS2_35,82.46910906375248,90.31854
CS2_35,82.51200058820773,89.87175
CS2_35,82.5070843268816,89.848305
CS2_35,82.49817794988253,89.848305
CS2_35,82.48237595976015,89.74325
CS2_35,82.47082484879294,89.77608
CS2_35,71.1491425337833,82.54216
CS2_35,82.42442664054262,89.662964
CS2_35,82.43539680828997,89.76238
CS2_35,71.11550679704399,82.859795
CS2_35,82.36019666412902,89.7202
CS2_35,82.34237906703545,89.76128
CS2_35,82.30607783017861,89.85076
CS2_35,82.18504995283556,87.03984
CS2_35,82.14363642964005,87.069145
CS2_35,81.91783636940495,89.33933
CS2_35,81.6641969397064,89.97068
CS2_35,81.85390625833475,90.15445
CS2_35,82.20769358826242,89.82174
CS2_35,82.21193597549137,87.17194
CS2_35,81.29772432783075,89.06895
CS2_35,81.07244705963556,89.054825
CS2_35,81.04166391758089,88.92676
CS2_35,80.86726364655334,88.72643
CS2_35,80.72261956010051,88.66669
CS2_35,81.2525490791204,89.115845
CS2_35,81.41325994770786,88.757324
CS2_35,81.46241353827043,89.19306
CS2_35,80.44171618667069,86.23966
CS2_35,80.27978480049875,86.37086
CS2_35,80.25462618028435,86.37032
CS2_35,80.08910886404337,86.51094
CS2_35,80.13869738872434,86.35786
CS2_35,80.74656647764506,88.70395
CS2_35,80.8033027491524,86.27884
CS2_35,80.46470461001101,85.993866
CS2_35,79.82624349512822,86.67422
CS2_35,78.75327069971195,85.80506
CS2_35,79.80905752885184,86.306046
CS2_35,79.48443593709747,86.38483
CS2_35,79.2558280745491,86.49086
CS2_35,79.34783617673263,85.71259
CS2_35,80.26542625980532,85.97502
CS2_35,79.54728830738442,86.41635
CS2_35,78.28655795909665,85.717705
CS2_35,78.50094756715554,85.70359
CS2_35,79.28615071118963,86.29818
CS2_35,79.14819264312307,86.31205
CS2_35,78.50107996702096,85.70359
CS2_35,79.72002896874176,86.326546
CS2_35,79.74886619353936,86.34137
CS2_35,78.97688893831963,85.74532
CS2_35,79.79118478881483,84.939926
CS2_35,68.1197509880628,78.975105
CS2_35,78.9604732300998,85.68131
CS2_35,79.82744174684053,84.89056
CS2_35,79.85392607011705,84.89524
CS2_35,79.86089361599625,86.30686
CS2_35,79.85788863647556,86.30686
CS2_35,79.8702382713089,86.3122
CS2_35,79.89339462505178,86.3122
CS2_35,79.83688257505707,84.98085
CS2_35,79.8335281868811,84.97991
CS2_35,79.83400433844166,84.98085
CS2_35,79.84193493386759,84.978714
CS2_35,78.68045282828923,85.17826
CS2_35,78.30931798755904,84.6297
CS2_35,78.42905973362897,86.24487
CS2_35,78.96964274554603,84.95345
CS2_35,79.03158393303993,84.94318
CS2_35,78.25785518244324,84.496086
CS2_35,78.05974822129961,84.56544
CS2_35,78.00080349913162,84.342766
CS2_35,78.0896908431251,84.57929
CS2_35,78.01788416906004,84.36352
CS2_35,78.34476993244822,86.075325
CS2_35,78.57893666328795,84.784935
CS2_35,78.60371046868276,84.810036
CS2_35,77.74301083184525,84.24011
CS2_35,76.6839267009829,85.99899
CS2_35,77.60457853207812,84.22434
CS2_35,77.56839098385204,83.624725
CS2_35,77.43859353908769,83.63767
CS2_35,77.84694298879276,84.401726
CS2_35,77.14355890836524,86.21057
CS2_35,77.96191853942095,84.200485
CS2_35,77.02152380749347,83.32945
CS2_35,76.77035657889829,82.47255
CS2_35,76.77642895914128,82.468704
CS2_35,76.62008274659199,82.466
CS2_35,76.47405045471322,82.63927
CS2_35,77.37661933663115,83.35413
CS2_35,77.59644913287606,83.97346
CS2_35,77.67095533937017,83.97549
CS2_35,64.83382524381882,77.37027
CS2_35,76.60881127466172,82.80139
CS2_35,76.75942619771516,85.18916
CS2_35,76.88811724127245,83.06004
CS2_35,76.86069145368715,83.12495
CS2_35,77.27872291029979,83.22422
CS2_35,77.63769531266182,83.64839
CS2_35,77.74098479733908,83.647224
CS2_35,77.77760385997968,83.65703
CS2_35,76.97291332430804,86.090164
CS2_35,77.80069522986204,83.6617
CS2_35,77.80806384579328,83.65703
CS2_35,77.78632218231934,83.67461
CS2_35,77.77265599281652,83.69997
CS2_35,77.75996036882583,83.688736
CS2_35,77.74708090171617,83.688736
CS2_35,77.72063702853846,83.688736
CS2_35,77.68450018130319,83.688736
CS2_35,77.64140613200061,83.68671
CS2_35,66.5859189204465,77.92191
CS2_35,77.57272167090396,83.48057
CS2_35,77.68271258511076,82.93868
CS2_35,77.27165472045576,83.18416
CS2_35,77.06390145097471,83.14041
CS2_35,77.70138415536071,83.688736
CS2_35,77.69522960310545,83.688736
CS2_35,76.92882911564766,83.1418
CS2_35,76.29845519536552,82.462814
CS2_35,76.2853520047507,82.4466
CS2_35,76.30748001477076,82.462814
CS2_35,76.11327058333842,82.168816
CS2_35,76.04859403098482,84.440674
CS2_35,77.13100183275213,83.14976
CS2_35,77.19162737351093,83.26631
CS2_35,76.67532710343275,82.85023
CS2_35,76.00835029800902,82.07738
CS2_35,75.87405370337163,82.09973
CS2_35,76.02314424169418,82.17629
CS2_35,75.84622690163685,82.09589
CS2_35,75.77176005150642,81.66521
CS2_35,76.61878509515218,82.66092
CS2_35,75.96090291653,85.4789
CS2_35,76.59848727809708,82.6401
CS2_35,75.35326196103247,81.38822
CS2_35,75.00236932146733,81.25141
CS2_35,77.7038298757717,66.63617
CS2_35,76.46403397720903,82.833435
CS2_35,74.2052979655021,80.6079
CS2_35,72.99005172572349,79.49699
CS2_35,73.97458311322671,80.23231
CS2_35,74.03687593046612,80.44696
CS2_35,73.86220148718522,80.0707
CS2_35,71.72830834251714,79.23359
CS2_35,58.19534764240126,79.27464
CS2_35,70.51546540233323,77.33101
CS2_35,70.09224669997631,77.12624
CS2_35,69.79481857796267,77.44835
CS2_35,69.49490346038006,77.521385
CS2_35,70.66130891537337,78.10195
CS2_35,70.9486089729885,78.47696
CS2_35,70.33911847943804,77.756195
CS2_35,68.84644571649208,76.472664
CS2_35,68.59733646981796,76.78851
CS2_35,68.23349973106528,76.04127
CS2_35,68.01587968479575,77.88272
CS2_35,66.52860333732332,82.577156
CS2_35,68.26088411989643,76.09579
CS2_35,68.85121309317461,76.84802
CS2_35,69.14985755693532,76.616684
CS2_35,67.39891918157639,76.0042
CS2_35,66.51456855861551,76.01213
CS2_35,66.5650180503639,75.804726
CS2_35,66.31354235032117,75.866714
CS2_35,66.09628525785595,77.33433
CS2_35,65.87090537791579,75.845795
CS2_35,65.39269488998688,73.47804
CS2_35,65.20758105539203,73.476326
CS2_35,65.31978517854449,73.45542
CS2_35,64.91566209754782,73.379395
CS2_35,64.35207808556736,79.94899
CS2_35,65.36113014963085,73.68425
CS2_35,66.1328244760754,75.6787
CS2_35,66.4204065149439,75.53155
CS2_35,65.95553615216438,75.795296
CS2_35,66.19380584321564,75.795296
CS2_35,65.9594488771224,75.67198
CS2_35,65.59095635365728,81.241
CS2_35,66.4264894842031,75.5604
CS2_35,66.18477063485115,75.55243
CS2_35,65.76353587150582,81.64051
CS2_35,66.26141553344792,75.340294
CS2_35,66.21590963476798,75.55256
CS2_35,66.1201983022112,75.61423
CS2_35,66.00396472817538,75.81631
CS2_35,65.83456379842636,75.67517
CS2_35,68.80508270699963,76.51138
CS2_35,67.17927639873223,82.83377
CS2_35,56.175186446426565,70.17764
CS2_35,65.94748807452262,81.84985
CS2_35,66.45394141561599,75.37058
CS2_35,66.18265626746748,75.8276
CS2_35,66.01009768827389,75.78355
CS2_35,65.88166175728281,75.56589
CS2_35,54.653276306743095,67.987526
CS2_35,65.80199433230108,73.32365
CS2_35,65.67329159118825,75.02333
CS2_35,65.20430311498274,73.46372
CS2_35,64.85577190949269,73.20062
CS2_35,64.60522193306566,73.12285
CS2_35,64.42629126728362,73.38899
CS2_35,64.29088426783902,73.16615
CS2_35,52.42622053559908,67.169
CS2_35,63.9545160340008,73.05549
CS2_35,64.47230726675497,73.37328
CS2_35,64.99439651317005,73.25088
CS2_35,63.83244651812606,73.10047
CS2_35,63.432420416355704,72.96991
CS2_35,63.10395964700915,73.01192
CS2_35,62.864745217317974,72.725204
CS2_35,62.64464842081237,71.79314
CS2_35,62.438392233966454,71.71331
CS2_35,49.82812681850689,64.74389
CS2_35,62.12695772039382,72.034775
CS2_35,62.2320818175497,72.07198
CS2_35,61.70427208612801,77.638695
CS2_35,62.10770372909341,71.90382
CS2_35,61.70547769108903,71.74828
CS2_35,61.46412142620545,71.60355
CS2_35,60.82527507002084,71.36143
CS2_35,60.5214793028496,72.48472
CS2_35,60.29619128769903,71.55596
CS2_35,60.2461231104215,71.56699
CS2_35,60.36562639650216,71.55596
CS2_35,47.609671828714234,62.36782
CS2_35,60.186303485855355,72.231285
CS2_35,60.00458676662037,71.34652
CS2_35,59.70609860510474,67.81028
CS2_35,59.573833648215235,68.0421
CS2_35,59.39892643050174,68.0298
CS2_35,59.29102406834965,68.1019
CS2_35,59.182791861678815,67.66154
CS2_35,59.05282853893951,67.66154
CS2_35,59.176185362806265,67.77189
CS2_35,59.181897630611715,67.76037
CS2_35,59.25040901705771,67.84612
CS2_35,62.079152554757485,71.59921
CS2_35,60.905347329839984,71.57401
CS2_35,60.095107869082696,71.324165
CS2_35,59.58616082963527,68.08799
CS2_35,59.172055515410925,67.81502
CS2_35,58.92955166223187,68.09515
CS2_35,58.60707285043344,67.88069
CS2_35,58.53026485438634,68.01898
CS2_35,58.59781901592158,67.86583
CS2_35,58.70410026389966,67.922745
CS2_35,58.040392565041884,67.92552
CS2_35,57.50344440592242,67.78581
CS2_35,57.02120157746663,68.134895
CS2_35,56.521381230870794,64.98516
CS2_35,56.14477349100149,65.38535
CS2_35,55.922676680881345,65.30299
CS2_35,55.703321816809456,64.875854
CS2_35,55.76416385261575,65.0498
CS2_35,55.92409400393844,64.92937
CS2_35,55.86185679828192,64.832
CS2_35,55.59735853153738,71.71814
CS2_35,54.857680899136305,71.79529
CS2_35,54.751448460265394,64.961205
CS2_35,54.58130255289203,64.95154
CS2_35,54.36523747160605,65.26637
CS2_35,53.84329931122954,70.615364
CS2_35,54.058607337620415,64.84999
CS2_35,54.24116286022341,65.27686
CS2_35,54.390379378466335,65.2749
CS2_35,54.175924137143525,64.95704
CS2_35,53.87835901201736,64.94934
CS2_35,53.21054127905713,64.97293
CS2_35,53.00445631090059,64.32824
CS2_35,52.60987862742132,64.20686
CS2_35,52.423890391169735,64.29894
CS2_35,51.900279074943235,69.02697
CS2_35,52.04938180638475,61.590527
CS2_35,51.84188373155365,60.662888
CS2_35,51.653525565887946,60.99207
CS2_35,51.45857950280249,60.56532
CS2_35,37.16447317337914,58.602116
CS2_35,53.12194537735561,65.14136
CS2_35,53.6578225827209,65.3046
CS2_35,53.390349762388,69.21253
CS2_35,53.92473973161142,65.32118
CS2_35,53.899379490109865,65.31063
CS2_35,53.89262602566429,65.32118
CS2_35,53.84935835639458,65.31063
CS2_35,53.80158632967973,65.41717
CS2_35,53.72262158709267,65.41717
CS2_35,53.305491668658924,64.28987
CS2_35,52.10927769396535,61.677017
CS2_35,51.27001922851869,60.566967
CS2_35,50.648096713303545,60.26706
CS2_35,50.158445606765625,59.972557
CS2_35,49.725711848569595,60.252186
CS2_35,49.29882180393469,59.96944
CS2_35,49.105055202665866,60.042118
CS2_35,48.790058237669015,59.950314
CS2_35,48.97752492109244,59.98554
CS2_35,48.77813131980993,60.25663
CS2_35,48.24630259923809,59.58256
CS2_35,48.45773506343954,59.654186
CS2_35,48.0594815209015,64.89798
CS2_35,47.24510862124169,58.31059
CS2_35,46.94852409665751,58.299454
CS2_35,46.692415936132186,64.63353
CS2_35,47.42143265398199,58.206066
CS2_35,47.56651236627349,58.06955
CS2_35,47.537966371184254,57.996624
CS2_35,47.565572981504296,58.03185
CS2_35,48.092476036213185,59.90699
CS2_35,47.771345326331826,58.42179
CS2_35,47.32085184194214,58.414406
CS2_35,46.88006717428801,58.1957
CS2_35,46.358622687471716,64.56777
CS2_35,46.38872510315453,58.45812
CS2_35,45.76454387692772,58.244965
CS2_35,44.912587620014754,59.06537
CS2_35,44.57000072494873,58.6701
CS2_35,44.57811148111145,58.6701
CS2_35,44.36360065727972,58.58584
CS2_35,43.66095846056275,60.56026
CS2_35,43.539459870951696,60.45928
CS2_35,43.38056783747533,58.31669
CS2_35,43.11768315525633,58.321068
CS2_35,43.98290016455322,58.275143
CS2_35,43.98290016455322,58.275143
CS2_35,41.72852540383291,58.346653
CS2_35,41.72852540383291,58.346653
CS2_35,40.82776449164017,58.399513
CS2_35,40.82776449164017,58.399513
CS2_35,40.45240643573372,58.461403
CS2_35,40.45240643573372,58.461403
CS2_35,38.90116769873476,58.437325
CS2_35,38.90116769873476,58.437325
CS2_35,38.00501715812465,58.49348
CS2_35,38.00501715812465,58.49348
CS2_35,37.32442269343011,58.63084
CS2_35,37.32442269343011,58.63084
CS2_35,36.762313152713055,59.065464
CS2_35,36.762313152713055,59.065464
CS2_35,36.2785263833638,58.592667
CS2_35,36.2785263833638,58.592667
CS2_35,35.80464282454906,58.276676
CS2_35,35.80464282454906,58.276676
CS2_35,35.009795606668334,58.275154
CS2_35,35.009795606668334,58.275154
CS2_35,34.9267499908374,58.275154
CS2_35,34.9267499908374,58.275154
CS2_35,34.94038140745625,58.275154
CS2_35,34.94038140745625,58.275154
CS2_35,35.365747972150814,58.276676
CS2_35,35.365747972150814,58.276676
CS2_35,35.27521443428509,58.276676
CS2_35,35.27521443428509,58.276676
CS2_35,34.97512402081651,58.276676
CS2_35,34.97512402081651,58.276676
CS2_35,34.46250589766856,60.783554
CS2_35,34.46250589766856,60.783554
CS2_35,34.01588186089376,58.275154
CS2_35,34.01588186089376,58.275154
CS2_35,33.120184910407694,60.766853
CS2_35,33.120184910407694,60.766853
CS2_35,32.856606123843335,58.41252
CS2_35,32.856606123843335,58.41252
CS2_35,23.506856040913345,58.425705
CS2_35,23.506856040913345,58.425705
CS2_35,32.39557797396972,58.62679
CS2_35,32.39557797396972,58.62679
CS2_35,32.093893169636864,58.351547
CS2_35,32.093893169636864,58.351547
CS2_35,31.692956702226155,58.363243
CS2_35,31.692956702226155,58.363243
CS2_35,22.749354695667876,58.425705
CS2_35,22.749354695667876,58.425705
CS2_35,21.641112767462058,58.425705
CS2_35,21.641112767462058,58.425705
CS2_35,31.057057211561006,58.317978
CS2_35,31.057057211561006,58.317978
CS2_35,30.604125525275716,60.806473
CS2_35,30.604125525275716,60.806473
CS2_35,31.144061780444403,58.34483
CS2_35,31.144061780444403,58.34483
CS2_35,31.363169889316605,58.363243
CS2_35,31.363169889316605,58.363243
CS2_35,22.528158438561185,58.425705
CS2_35,22.528158438561185,58.425705
CS2_35,31.79343469924033,58.41252
CS2_35,31.79343469924033,58.41252
CS2_35,31.78687609005566,58.41252
CS2_35,31.78687609005566,58.41252
CS2_35,31.476742340426327,58.363243
CS2_35,31.476742340426327,58.360462
CS2_35,30.54015303373368,58.34205
CS2_35,30.54015303373368,58.34205
CS2_35,29.508075596296834,58.272373
CS2_35,29.508075596296834,58.272373
CS2_35,29.21236665451469,58.272373
CS2_35,29.21236665451469,58.272373
CS2_35,28.87911115590449,58.27386
CS2_35,28.87911115590449,58.27386
CS2_35,28.58611323672957,58.41123
CS2_35,28.58611323672957,58.41123
CS2_35,28.36414314880034,58.41123
CS2_35,28.36414314880034,58.41123
CS2_35,28.12223944232133,58.41123
CS2_35,28.12223944232133,58.41123
CS2_35,27.82390098363247,58.929615
CS2_35,27.82390098363247,58.929615
CS2_35,27.550389324460774,58.422924
CS2_35,27.550389324460774,58.422924
CS2_35,27.663217749237116,58.422924
CS2_35,27.663217749237116,58.422924
CS2_35,27.802424041051005,58.422924
CS2_35,27.802424041051005,58.422924
CS2_35,27.65373930529972,60.784782
CS2_35,27.65373930529972,60.784782
CS2_35,27.576420402821032,58.422924
CS2_35,27.576420402821032,58.422924
CS2_35,26.928393288653435,60.7945
CS2_35,26.928393288653435,60.7945
CS2_35,27.24423705864605,58.422924
CS2_35,27.24423705864605,58.422924
CS2_35,26.688555294441596,58.422924
CS2_35,26.688555294441596,58.422924
CS2_36,100.10565007731027,98.567635
CS2_36,100.0,99.55221
CS2_36,99.9585801179834,99.65128
CS2_36,99.86307981945785,99.218094
CS2_36,99.60941189831509,99.54194
CS2_36,99.58088881687662,99.30117
CS2_36,98.41163843279199,85.43679
CS2_36,98.36857739940014,98.975945
CS2_36,98.08262625072051,99.22864
CS2_36,97.86731635656096,99.03612
CS2_36,97.55528163589118,98.95246
CS2_36,98.01050613260696,98.75152
CS2_36,98.13401464565852,98.71629
CS2_36,98.14380953271726,98.96021
CS2_36,97.32651435026874,85.35773
CS2_36,98.09156381631479,98.38956
CS2_36,98.06501002176496,98.380554
CS2_36,98.04653475541879,98.380554
CS2_36,97.98944078463641,99.1265
CS2_36,97.923131738175,99.115074
CS2_36,97.86632274492325,99.163994
CS2_36,97.8096463492808,98.49199
CS2_36,97.77328453524402,98.438194
CS2_36,96.94641481481735,87.47459
CS2_36,96.87369509538291,87.45335
CS2_36,96.81494700989354,85.33761
CS2_36,96.76356997044542,87.493744
CS2_36,96.65732495397032,98.2698
CS2_36,96.30888538739305,98.29865
CS2_36,96.10697810031603,98.90364
CS2_36,95.96289528790548,98.06251
CS2_36,95.78001029454532,98.05085
CS2_36,96.48730962320082,98.17569
CS2_36,95.80101259113154,84.714
CS2_36,95.76621683328572,98.05691
CS2_36,95.43166590724016,98.09218
CS2_36,95.39096630721163,98.09812
CS2_36,95.25969298493948,97.730415
CS2_36,95.3138014723441,97.674286
CS2_36,95.92333902673349,98.27716
CS2_36,95.20777720395307,84.44408
CS2_36,94.32749600560061,84.448784
CS2_36,94.98246098859472,98.13313
CS2_36,94.14560041064223,84.47993
CS2_36,94.88907414135109,97.74088
CS2_36,94.77515162722739,97.38163
CS2_36,94.65546631129652,84.46432
CS2_36,95.57717147672078,98.44449
CS2_36,94.84337727049106,97.829384
CS2_36,94.72014611451715,98.05943
CS2_36,94.62597464316225,97.50709
CS2_36,93.72990418091463,84.47559
CS2_36,94.342025215798,97.42852
CS2_36,97.43456521696659,97.50046
CS2_36,97.21416947593148,98.2758
CS2_36,96.70330631844422,85.1552
CS2_36,97.47315060471095,97.63152
CS2_36,96.74145197994781,97.699196
CS2_36,86.5703309563731,89.1265
CS2_36,96.393242115115,97.77457
CS2_36,96.2045464436516,97.864365
CS2_36,94.80403797933963,85.179955
CS2_36,95.78562207439296,97.46315
CS2_36,95.62829293746063,97.665695
CS2_36,95.08658101887943,96.97802
CS2_36,94.9678460660681,96.94912
CS2_36,94.8314086770852,97.10071
CS2_36,94.74127798751613,97.051926
CS2_36,94.44937063304519,96.96323
CS2_36,93.78694873182086,84.488
CS2_36,93.73600772562185,86.88955
CS2_36,93.34198355204657,84.56689
CS2_36,93.27931827110784,84.57824
CS2_36,94.02034840530496,96.79059
CS2_36,93.9481212807375,96.799934
CS2_36,93.80364985122131,97.54954
CS2_36,94.00547538851751,97.45415
CS2_36,93.94586599107309,97.72557
CS2_36,93.87848326115108,97.219574
CS2_36,93.03171267152588,84.33859
CS2_36,93.79841873946738,97.634056
CS2_36,83.65495730312779,85.92986
CS2_36,82.79049656111032,82.0267
CS2_36,93.64461812852703,96.76287
CS2_36,93.57396119607264,96.97274
CS2_36,93.52525027703969,97.16463
CS2_36,93.4733055033939,96.7638
CS2_36,83.18041662428553,86.70222
CS2_36,93.376685267325,96.770035
CS2_36,92.59594900462605,84.10845
CS2_36,93.28315874343345,96.57385
CS2_36,93.22373358886968,97.24883
CS2_36,93.12548611760242,96.5954
CS2_36,92.56687395853073,96.90004
CS2_36,92.43959020140645,96.89594
CS2_36,92.33597455523955,96.78853
CS2_36,93.02531929135216,92.596436
CS2_36,92.20245487051928,84.13093
CS2_36,92.9455741041119,96.69006
CS2_36,93.41657390149506,96.276474
CS2_36,93.51397369658956,96.42593
CS2_36,93.06220199928885,96.76988
CS2_36,92.80235884912564,96.912315
CS2_36,92.79129600519205,96.32734
CS2_36,92.75354744297464,96.393425
CS2_36,92.51672058574084,96.16103
CS2_36,93.09873765379226,96.69933
CS2_36,93.23202966376147,96.243866
CS2_36,82.6130013793535,81.95843
CS2_36,92.36825052481595,97.00445
CS2_36,92.36364974375108,96.25552
CS2_36,92.34559897532779,95.82977
CS2_36,92.11465877746764,96.46442
CS2_36,92.40776011813334,96.59033
CS2_36,92.81578465287124,95.38167
CS2_36,82.21623561480092,81.98025
CS2_36,92.03375843822758,96.80266
CS2_36,91.92399971799881,96.310555
CS2_36,91.94919139270874,96.9053
CS2_36,90.9823500322482,86.70665
CS2_36,91.61159906914367,96.283646
CS2_36,91.56954507562,84.013916
CS2_36,91.65650061288969,84.07029
CS2_36,92.61190684621025,95.483116
CS2_36,92.72286568985487,95.34197
CS2_36,91.99474013045023,84.1466
CS2_36,92.04629034756266,84.05019
CS2_36,92.89525244320672,93.37748
CS2_36,92.96477524170888,93.491905
CS2_36,92.9703432917907,93.454445
CS2_36,92.9901627564367,93.73545
CS2_36,93.01034511406678,94.111626
CS2_36,93.02259132823475,93.72187
CS2_36,93.03150309846797,94.22649
CS2_36,93.04385418308253,93.829216
CS2_36,93.04422973022953,93.829216
CS2_36,93.04356869987606,93.84216
CS2_36,92.43268909030917,92.533035
CS2_36,91.771487933001,96.273766
CS2_36,91.72886389760029,96.09152
CS2_36,91.66911521307694,95.87669
CS2_36,91.4784396407901,95.87544
CS2_36,92.14991323523279,95.98391
CS2_36,92.39482626539169,95.21381
CS2_36,92.20316746141934,93.63384
CS2_36,91.3501808346841,95.816925
CS2_36,92.0973735182383,97.248344
CS2_36,92.23996182268492,96.8612
CS2_36,92.73278860590555,95.38704
CS2_36,92.7979963662018,95.9866
CS2_36,91.69694715499288,96.032265
CS2_36,91.69603365162354,95.98682
CS2_36,91.72902301931397,96.10272
CS2_36,91.62409003090403,96.46587
CS2_36,91.59186326415087,95.956924
CS2_36,92.29312031708979,95.42089
CS2_36,92.40638485549822,95.21155
CS2_36,91.57271842436036,95.974304
CS2_36,91.40713900519565,95.95147
CS2_36,91.39628391736044,95.95275
CS2_36,90.56879811485038,83.96998
CS2_36,91.11223437624041,96.77574
CS2_36,91.94046438365437,95.33284
CS2_36,92.11400340724282,93.31758
CS2_36,91.3991742227926,93.53986
CS2_36,91.07829453425799,95.31919
CS2_36,91.18405978176033,95.29332
CS2_36,91.10266022846402,95.30319
CS2_36,90.89033166097376,95.88231
CS2_36,91.62610264275351,95.77078
CS2_36,91.82122780051972,92.417435
CS2_36,81.95844807487121,85.691635
CS2_36,91.91801763010841,92.41571
CS2_36,91.15608717576849,83.96642
CS2_36,92.0085462191828,92.74844
CS2_36,91.2515016311233,83.83372
CS2_36,91.28280613491935,83.83482
CS2_36,91.28466919285827,86.412544
CS2_36,91.28044222658285,83.96631
CS2_36,92.07647155435228,91.98607
CS2_36,91.27813633018452,83.978775
CS2_36,92.09065625241021,91.98607
CS2_36,92.1038483210139,91.99433
CS2_36,92.11353631403215,92.33326
CS2_36,92.20788168575655,92.76356
CS2_36,92.2224626510963,92.46566
CS2_36,91.31185003658653,93.208466
CS2_36,91.09648091609907,95.52348
CS2_36,91.05421587610584,95.51107
CS2_36,90.97232809754911,95.414986
CS2_36,90.70894014811813,95.1234
CS2_36,91.45643799673076,93.39556
CS2_36,91.5990703359481,92.38939
CS2_36,90.99680586611244,92.31773
CS2_36,90.63280295492888,93.30047
CS2_36,90.69073800808538,95.10433
CS2_36,90.98535428336511,95.81317
CS2_36,90.8614333121106,86.27661
CS2_36,91.8083335027437,92.42735
CS2_36,91.3012764460025,92.4209
CS2_36,90.88854254989454,95.63207
CS2_36,91.01377447220428,95.65405
CS2_36,90.95907259444336,95.18145
CS2_36,80.35744872897858,85.35244
CS2_36,91.09146481014854,95.32806
CS2_36,91.4570822651253,92.42281
CS2_36,90.75642042043387,86.37933
CS2_36,90.71518865709432,95.21823
CS2_36,90.72464132491696,95.14712
CS2_36,90.67703509911982,95.56191
CS2_36,89.85729464954699,83.81473
CS2_36,90.67581707209372,95.18761
CS2_36,90.53202840207636,86.37933
CS2_36,90.63899286546008,83.95442
CS2_36,89.89969775935566,83.858406
CS2_36,90.66084338757686,95.56191
CS2_36,90.70742665136243,95.621956
CS2_36,91.37349229704306,92.445946
CS2_36,90.66785454338425,83.94369
CS2_36,90.66609474999456,83.94369
CS2_36,91.48222452213804,92.39574
CS2_36,91.49508258623759,91.26526
CS2_36,90.7023431897352,83.92352
CS2_36,90.72147053314323,83.92352
CS2_36,90.80022337531686,86.380455
CS2_36,91.58836667549818,92.10358
CS2_36,90.79193710494499,83.93195
CS2_36,81.18664269454473,85.21537
CS2_36,90.76594301666609,83.93208
CS2_36,90.7664676479863,83.9336
CS2_36,90.76993940601044,86.380455
CS2_36,90.7603036663971,83.93195
CS2_36,91.56891970540993,91.44765
CS2_36,90.76789609832363,83.93195
CS2_36,91.56049014081194,91.4557
CS2_36,90.74973059994407,83.93195
CS2_36,90.78043534010607,92.44309
CS2_36,89.90973288697775,83.85511
CS2_36,90.62831446047898,92.32439
CS2_36,89.59127975392461,83.34277
CS2_36,90.19343042355864,92.14534
CS2_36,90.87469118966588,91.60197
CS2_36,91.04369144727293,91.59973
CS2_36,89.78131835614678,83.826866
CS2_36,89.37399907367606,83.82555
CS2_36,90.20345107555428,92.30494
CS2_36,91.50216559018645,95.212204
CS2_36,91.13955303883002,86.41965
CS2_36,92.16403867655319,94.0414
CS2_36,91.78856206452517,92.43099
CS2_36,91.11518647440853,95.52346
CS2_36,90.28089569346814,83.84254
CS2_36,91.01732186936691,95.13978
CS2_36,12.862606604823974,64.6962
CS2_36,90.37824092067474,86.74042
CS2_36,89.33257094736013,84.01595
CS2_36,90.91477385604946,92.28343
CS2_36,91.07290539979336,92.736534
CS2_36,90.64095546968115,95.04588
CS2_36,90.12738971572982,95.62507
CS2_36,90.15192753137457,95.72633
CS2_36,90.20921639447373,95.85485
CS2_36,90.14780418378446,86.717384
CS2_36,90.00627023718992,95.58955
CS2_36,90.03180260885648,95.599365
CS2_36,90.65045886142087,93.3889
CS2_36,90.92205092353778,92.37596
CS2_36,90.88654808848202,92.39239
CS2_36,90.0268908996439,94.97533
CS2_36,89.3080617605879,83.81518
CS2_36,89.93733324058172,95.605385
CS2_36,89.8230448390228,95.552475
CS2_36,90.04137026034168,95.70629
CS2_36,90.47660299254994,92.21441
CS2_36,90.56475189381324,93.95475
CS2_36,89.60530222216676,94.95682
CS2_36,89.62580380246635,95.07217
CS2_36,89.59459204571178,95.148766
CS2_36,89.59561815648433,95.11538
CS2_36,89.56549251599614,95.37137
CS2_36,90.09022684330648,92.29515
CS2_36,90.19673281986853,92.33197
CS2_36,90.24641347602082,92.40671
CS2_36,89.47645624601395,83.46717
CS2_36,90.31539042613839,92.4233
CS2_36,90.348810749732,91.58709
CS2_36,90.40896972360606,91.60368
CS2_36,90.40299887580807,91.71236
CS2_36,89.63334249853534,83.84639
CS2_36,90.38575689583256,91.60368
CS2_36,90.35451436093155,91.726555
CS2_36,90.45305890993205,91.51398
CS2_36,90.40504781623864,91.59897
CS2_36,90.43622269017682,91.59354
CS2_36,90.44633997977989,91.835464
CS2_36,90.49062908663772,91.44265
CS2_36,90.16528590763282,91.20566
CS2_36,88.39085811125558,83.21606
CS2_36,89.31906815881693,92.05061
CS2_36,89.14215152199155,91.9806
CS2_36,88.97932141560703,91.21866
CS2_36,89.33883781174877,92.43024
CS2_36,89.77154690177784,92.108
CS2_36,89.84313125624276,91.36782
CS2_36,88.82141741880778,91.18413
CS2_36,88.76924081320031,92.02553
CS2_36,88.78870902940635,92.03915
CS2_36,88.76074442481811,92.023674
CS2_36,88.52285270171444,91.977776
CS2_36,88.45088515656762,83.373856
CS2_36,89.37532113516397,91.43628
CS2_36,78.11118344568324,84.74842
CS2_36,89.52842196105367,94.740486
CS2_36,89.4404723941684,94.81937
CS2_36,89.89181840154988,94.88122
CS2_36,90.09890632480729,92.031136
CS2_36,90.1347979945627,92.20678
CS2_36,89.03064114285742,91.96852
CS2_36,89.02004199758227,91.94916
CS2_36,88.92309642459577,91.919426
CS2_36,88.86063326517909,91.883705
CS2_36,88.94438374397522,95.082695
CS2_36,88.60843231829485,83.3816
CS2_36,89.49420118739842,91.22803
CS2_36,88.7192045167217,83.37397
CS2_36,89.53702285101521,91.40448
CS2_36,89.59542161822547,91.40037
CS2_36,89.59203243927908,91.3977
CS2_36,89.58004893785332,91.3977
CS2_36,89.5501684075502,91.57029
CS2_36,89.53059327579074,91.3811
CS2_36,89.50166791103692,91.42673
CS2_36,79.01008075266877,84.95761
CS2_36,89.45675007373279,91.42136
CS2_36,89.45859003035162,91.42673
CS2_36,89.45287391633249,91.04827
CS2_36,79.06202035101592,84.96634
CS2_36,89.42585793696158,91.012245
CS2_36,89.40288290036767,91.012245
CS2_36,88.33318583124313,91.056465
CS2_36,88.07443459570491,90.999054
CS2_36,87.98960462091111,90.97263
CS2_36,87.8274725797835,91.81126
CS2_36,87.602384814215,94.34062
CS2_36,88.50242058451808,91.20563
CS2_36,88.6412723905803,90.837944
CS2_36,88.00849179324719,90.688995
CS2_36,87.53013082732826,94.83097
CS2_36,87.54810589631357,94.31835
CS2_36,87.38898297866501,93.60971
CS2_36,87.42158485332193,93.570946
CS2_36,87.91473310916302,91.399506
CS2_36,88.06697475619194,90.75654
CS2_36,88.1272413675775,90.76709
CS2_36,87.15127925968376,93.909744
CS2_36,87.10382317004817,93.96871
CS2_36,86.93235517481459,93.854324
CS2_36,86.97880177692133,93.86285
CS2_36,87.12260945656053,94.08959
CS2_36,87.69468239175261,92.248665
CS2_36,87.7808216202817,91.21295
CS2_36,86.93661922080508,94.005066
CS2_36,87.26463139112414,93.851654
CS2_36,87.12231810768083,93.88851
CS2_36,86.76777632622725,94.522804
CS2_36,87.57609447382578,93.813576
CS2_36,87.70377251849128,92.69853
CS2_36,86.92834547267108,93.98604
CS2_36,85.74659923076065,85.49114
CS2_36,86.56991291499322,93.34339
CS2_36,86.48541721857804,93.36861
CS2_36,86.28736726834288,93.62998
CS2_36,86.93920383219115,93.62424
CS2_36,87.13572644573864,93.88127
CS2_36,87.18784444306459,93.76159
CS2_36,87.20259444775085,93.28776
CS2_36,86.42738368050016,83.94117
CS2_36,87.36220016133875,93.24903
CS2_36,87.40515071351822,93.18749
CS2_36,86.63324096672618,84.17341
CS2_36,87.45647370571749,93.57769
CS2_36,87.4647122593449,93.56808
CS2_36,87.46422222839124,93.56808
CS2_36,87.46254493629868,93.40021
CS2_36,87.46440715467281,93.28363
CS2_36,87.4742282663386,93.28179
CS2_36,87.51614043176966,93.048706
CS2_36,77.03654634410408,84.89739
CS2_36,87.46657157736598,93.02295
CS2_36,87.41744193635317,93.10079
CS2_36,86.10962824732675,93.48763
CS2_36,85.9599112150414,93.342255
CS2_36,85.89221142952212,93.3098
CS2_36,85.79088825791507,92.942566
CS2_36,85.71204658756848,93.26182
CS2_36,86.48836052285219,93.201744
CS2_36,86.64385631734545,93.251396
CS2_36,85.78957572944152,93.013626
CS2_36,85.48332128207956,94.80565
CS2_36,85.57827486765478,92.98626
CS2_36,85.34478846272702,92.70029
CS2_36,84.29105724616664,86.62722
CS2_36,85.97364696041694,93.192024
CS2_36,86.26847029792044,93.212975
CS2_36,86.07315181533521,92.83041
CS2_36,85.09104549206566,92.19573
CS2_36,85.13126485711639,92.32276
CS2_36,85.26592825800914,92.62979
CS2_36,85.11875919729405,92.44705
CS2_36,85.25152419239954,92.62435
CS2_36,85.18261989389123,86.450584
CS2_36,86.10289570076833,92.85697
CS2_36,85.6445156927328,92.630585
CS2_36,85.63592463669008,93.21581
CS2_36,85.3750937422944,92.537224
CS2_36,85.03788927960446,92.10408
CS2_36,84.8279121858086,91.97314
CS2_36,84.84702375113913,91.96559
CS2_36,84.81540771225143,91.98799
CS2_36,84.71475510171405,91.95373
CS2_36,84.49673089902286,91.48947
CS2_36,84.4854017987788,86.67562
CS2_36,85.48197220842049,92.70437
CS2_36,85.55289629395625,92.661545
CS2_36,85.58769224262068,92.724205
CS2_36,85.60373462465974,92.826324
CS2_36,84.82053048685812,86.50133
CS2_36,85.64034472895948,92.8393
CS2_36,84.36718508306667,90.1657
CS2_36,84.13333302364364,90.22544
CS2_36,84.5728522021129,91.43134
CS2_36,84.72666989729683,90.70028
CS2_36,84.73281374484085,90.7115
CS2_36,82.70189934120445,86.35811
CS2_36,83.41638960487916,88.88712
CS2_36,83.56385569404962,88.95153
CS2_36,83.43681498468791,88.87956
CS2_36,82.43031799422073,85.908295
CS2_36,83.99566842985713,90.31121
CS2_36,83.25797239459632,85.92156
CS2_36,83.46424984805742,86.70722
CS2_36,82.8612529088656,90.04187
CS2_36,82.80038709926042,88.85744
CS2_36,82.92856217534589,89.04456
CS2_36,82.93762013583486,89.03031
CS2_36,82.909378344983,90.20668
CS2_36,83.65192966744233,90.18277
CS2_36,83.74391245633193,88.8145
CS2_36,82.65301324719734,86.87768
CS2_36,82.00456217217807,86.69176
CS2_36,82.27596210521182,88.74254
CS2_36,82.42730560295814,88.72905
CS2_36,82.05958531980536,88.5153
CS2_36,82.82756537580993,90.039696
CS2_36,83.13548135498667,88.91242
CS2_36,83.21265514246036,88.87363
CS2_36,81.86640791775773,86.69298
CS2_36,81.56969719707335,86.522896
CS2_36,81.76063594611281,86.68984
CS2_36,82.05558740813987,88.55007
CS2_36,81.72430369747721,88.875824
CS2_36,82.61972189086144,86.86
CS2_36,82.7993623677326,87.352615
CS2_36,82.06054023069986,85.82271
CS2_36,82.90067869615292,88.97439
CS2_36,82.1053657126899,85.89011
CS2_36,82.94019925911836,89.13369
CS2_36,82.21576217149922,85.87348
CS2_36,82.99402551465317,87.012886
CS2_36,82.96320112969046,87.01427
CS2_36,82.14681904500168,85.86637
CS2_36,82.90229528806057,86.99145
CS2_36,82.87092140155839,87.00414
CS2_36,82.82700139538053,87.00211
CS2_36,82.8160769350532,86.99977
CS2_36,82.00232784855078,85.81108
CS2_36,81.9805235593414,85.81108
CS2_36,82.75113875930127,87.0111
CS2_36,81.38834933828878,85.2344
CS2_36,81.83552702813628,85.658646
CS2_36,82.56262769672126,86.85367
CS2_36,81.96297022743958,85.79436
CS2_36,82.77601175618553,87.44735
CS2_36,80.39460435498725,85.87777
CS2_36,81.0569171406804,85.34002
CS2_36,80.28144230050114,85.916756
CS2_36,81.05778091873374,85.354546
CS2_36,80.75845372623888,85.269745
CS2_36,80.9342016027704,85.872665
CS2_36,81.18044940983941,85.81787
CS2_36,81.68794793968797,85.77068
CS2_36,80.54986154393491,85.09995
CS2_36,80.67894549414301,85.133316
CS2_36,79.76147250546732,85.92773
CS2_36,80.39998025369044,84.399536
CS2_36,80.10386472165239,84.36361
CS2_36,81.27238043995581,85.77648
CS2_36,81.43406650809791,85.79506
CS2_36,79.87176707644927,86.065834
CS2_36,78.94607626011747,85.93991
CS2_36,79.87579360976456,85.1752
CS2_36,79.08682114942876,85.83987
CS2_36,78.56962957384664,84.63545
CS2_36,78.02130420763685,84.43625
CS2_36,79.9889693181263,84.48608
CS2_36,80.26030369624783,84.311584
CS2_36,78.95510440967854,84.48122
CS2_36,77.5678101838564,84.174
CS2_36,77.58469665701554,84.15132
CS2_36,76.50474279150296,86.15487
CS2_36,77.16590639065014,83.58056
CS2_36,77.4815894414179,83.87735
CS2_36,78.22188847855584,85.94974
CS2_36,79.36926465888217,84.432976
CS2_36,79.55024385455818,84.42099
CS2_36,79.65762687384542,84.22311
CS2_36,79.7350908287049,84.57061
CS2_36,79.15287897164023,85.83024
CS2_36,79.99825747775758,84.4962
CS2_36,80.04170857676145,84.175446
CS2_36,79.12490215517714,85.976494
CS2_36,79.83835783238345,84.47989
CS2_36,79.7954486268278,84.47989
CS2_36,79.75419626266554,84.63968
CS2_36,78.89677339396889,86.001305
CS2_36,79.71290012862923,84.292175
CS2_36,79.71772631671213,84.284225
CS2_36,79.70413614057261,84.292175
CS2_36,77.20598011927547,84.692345
CS2_36,77.32369054370012,83.6531
CS2_36,78.64846160918235,84.36423
CS2_36,66.93012721951193,84.65753
CS2_36,79.21366541775981,84.39266
CS2_36,77.42833665717541,83.75161
CS2_36,75.60295773726713,86.25803
CS2_36,76.38097120647303,83.10542
CS2_36,76.26576486916721,83.104485
CS2_36,76.06261067532259,82.855484
CS2_36,75.78029441160167,86.853065
CS2_36,76.83808326112134,86.94451
CS2_36,77.89801168563987,84.232475
CS2_36,76.3089122789236,82.932076
CS2_36,75.39664897076527,81.5789
CS2_36,74.27704294178127,86.14619
CS2_36,23.2535445105625,83.251434
CS2_36,77.7798705568501,66.72036
CS2_36,76.65412015332295,83.254196
CS2_36,76.58580557830862,83.27271
CS2_36,76.87835233254054,83.27864
CS2_36,77.14633141575986,86.19653
CS2_36,77.3182954263956,86.22966
CS2_36,76.54955740299951,83.13516
CS2_36,75.63652894112658,84.51502
CS2_36,75.66855696514483,82.10305
CS2_36,75.1999539024019,81.88639
CS2_36,75.07853954470716,81.29135
CS2_36,75.37607014802569,81.79454
CS2_36,75.74822291163807,86.891136
CS2_36,76.84084776705156,83.36682
CS2_36,75.49763760242458,82.165634
CS2_36,74.54482101803919,81.20632
CS2_36,73.71202881578012,86.009865
CS2_36,74.10563830164062,80.79358
CS2_36,73.90679920560248,80.709015
CS2_36,73.16151514247375,85.36817
CS2_36,75.39684344047004,81.77559
CS2_36,75.7167964357006,82.17236
CS2_36,74.47602137159596,81.123726
CS2_36,73.82106894178139,80.63351
CS2_36,74.17086891162337,80.854225
CS2_36,73.92685923812185,80.866295
CS2_36,73.79322840001285,80.65799
CS2_36,73.54280851656817,79.87654
CS2_36,74.31593604834099,86.03135
CS2_36,74.53134116413793,86.115
CS2_36,74.77511740061887,81.415245
CS2_36,73.633628540741,80.6358
CS2_36,73.76288203376082,80.64967
CS2_36,72.80974050782797,85.76419
CS2_36,73.56846359876256,80.29091
CS2_36,73.26613815997959,80.23255
CS2_36,74.54124952856583,81.06951
CS2_36,74.81725284823861,81.390686
CS2_36,74.98462532512173,81.40668
CS2_36,75.04121627450273,81.53958
CS2_36,74.26657201771361,85.92692
CS2_36,74.2675330484475,85.92593
CS2_36,75.04102306025277,83.65453
CS2_36,75.11461441961734,81.4907
CS2_36,75.12061101728182,81.49691
CS2_36,75.10509925568522,81.49691
CS2_36,75.0851087734662,81.521286
CS2_36,75.10381939525608,81.50815
CS2_36,74.3307150175874,85.90938
CS2_36,75.0811389924679,81.50815
CS2_36,74.54791874124595,80.456345
CS2_36,73.7478369395935,80.638466
CS2_36,73.69155117103885,80.63565
CS2_36,74.60576797531064,81.34039
CS2_36,73.81492107848655,85.82087
CS2_36,73.09708734354827,79.99699
CS2_36,72.41473007097296,79.38448
CS2_36,72.37541497741951,79.419914
CS2_36,71.38239167079982,85.53889
CS2_36,71.89038533372252,79.2597
CS2_36,71.65893152573372,79.265335
CS2_36,72.85004793921743,79.738106
CS2_36,73.1120564753678,79.96158
CS2_36,72.38162782982947,85.52697
CS2_36,71.41017308844229,79.223694
CS2_36,71.23889742069298,78.47368
CS2_36,71.29274287106675,78.53251
CS2_36,70.9485276552677,78.45461
CS2_36,70.96904516125672,78.38404
CS2_36,71.60149890752973,79.26936
CS2_36,60.98022980271591,74.83946
CS2_36,72.2207428503853,79.25317
CS2_36,70.71806857156906,84.286736
CS2_36,70.54353236365907,78.534584
CS2_36,70.03724231427796,77.78742
CS2_36,70.61193396730819,78.071976
CS2_36,70.3185799745064,78.44131
CS2_36,58.348766929467885,73.032715
CS2_36,69.52214111976011,83.89891
CS2_36,71.2088212225846,78.57096
CS2_36,71.08411337870818,85.34336
CS2_36,60.50296199664492,72.7641
CS2_36,70.18911157608704,77.43486
CS2_36,70.47702248135276,78.17677
CS2_36,70.44286968805147,78.42322
CS2_36,69.6620576900521,84.27807
CS2_36,70.1992309523516,77.78742
CS2_36,71.0440510959649,78.15662
CS2_36,71.41004214752293,79.234146
CS2_36,71.48984012370913,79.26272
CS2_36,71.59875402607278,79.27601
CS2_36,70.79983397650416,84.48014
CS2_36,71.71888995706212,79.136505
CS2_36,71.7698751938739,80.9823
CS2_36,71.86278235512734,79.287445
CS2_36,71.81525943558258,79.28437
CS2_36,71.8123952735132,79.28437
CS2_36,71.84135745609048,79.28437
CS2_36,71.91187147625293,79.27661
CS2_36,71.15271760049289,85.162506
CS2_36,70.38277106149184,77.98211
CS2_36,69.4345371665719,77.15324
CS2_36,68.18611377161477,83.86892
CS2_36,69.43743794075782,83.693665
CS2_36,69.56171673757613,84.31717
CS2_36,68.84671930734292,84.56342
CS2_36,68.54402811676226,76.50466
CS2_36,68.63435272279217,76.4892
CS2_36,68.5196313418166,76.508
CS2_36,68.51999786605101,76.54294
CS2_36,68.42617075742847,76.511154
CS2_36,69.17025139169033,77.166084
CS2_36,69.51854836930796,77.72506
CS2_36,69.60946283783429,77.518
CS2_36,68.1952408048809,76.797714
CS2_36,67.87034646877436,75.64551
CS2_36,67.90853678484706,75.81861
CS2_36,68.02929543855772,76.50879
CS2_36,67.86980453903386,75.711655
CS2_36,67.01547706474378,83.270164
CS2_36,68.62736576220762,76.61486
CS2_36,68.81880929252635,76.870575
CS2_36,68.86671572089031,76.87266
CS2_36,67.22677007390033,75.875755
CS2_36,66.19262466695278,82.68884
CS2_36,67.19272350341777,75.757706
CS2_36,66.29134310192562,82.69249
CS2_36,66.85172982915336,75.65116
CS2_36,66.92278516397899,75.67165
CS2_36,68.27047315289738,76.50162
CS2_36,57.2040861574066,71.582275
CS2_36,56.208464124814604,77.45592
CS2_36,67.49680129762314,75.93805
CS2_36,66.50403225618903,82.45647
CS2_36,67.39379649148259,75.738205
CS2_36,67.68156290143561,75.68902
CS2_36,66.94572356793658,82.86279
CS2_36,66.82976937523509,82.70236
CS2_36,68.58669565064406,76.504166
CS2_36,68.08129676214133,84.322586
CS2_36,68.21345054198967,84.39225
CS2_36,69.11856159427461,76.78488
CS2_36,69.1480850744571,77.39732
CS2_36,68.3550477467115,84.40676
CS2_36,69.206561640849,77.413536
CS2_36,69.24051595157553,77.4004
CS2_36,68.45974623424249,84.45936
CS2_36,69.26607785827554,77.307396
CS2_36,69.2434987567424,77.38382
CS2_36,68.42009180216291,84.34999
CS2_36,69.52830789768932,77.0363
CS2_36,67.90254440544929,84.12969
CS2_36,68.08511552463139,76.66563
CS2_36,68.45115944927949,83.698746
CS2_36,69.2921019485157,77.40003
CS2_36,68.4414813427772,84.33697
CS2_36,66.97095949612084,83.33332
CS2_36,67.05254814385529,75.60794
CS2_36,67.16520755946722,75.599014
CS2_36,65.98037499946152,81.65732
CS2_36,65.90027323720882,81.62359
CS2_36,66.54882546353751,75.60794
CS2_36,67.24312228295028,82.823586
CS2_36,68.16239175399804,76.74781
CS2_36,67.378065595435,83.42878
CS2_36,66.57702712511556,75.023384
CS2_36,66.02018605608112,75.1758
CS2_36,66.0208342846048,75.24741
CS2_36,65.64418360683582,75.155426
CS2_36,64.62712486984536,80.21616
CS2_36,65.36377728829197,73.17355
CS2_36,66.87290078901883,75.24525
CS2_36,67.00783863866407,75.83807
CS2_36,67.00416892361633,75.83256
CS2_36,65.32354287417478,73.34972
CS2_36,63.87284727355037,79.35467
CS2_36,64.38276667179137,73.606026
CS2_36,65.50826501706537,79.5064
CS2_36,64.91475612898549,73.4642
CS2_36,61.59186137560583,71.80206
CS2_36,60.48329989851198,71.25151
CS2_36,62.66818564375791,73.24744
CS2_36,62.1212175020255,77.19515
CS2_36,62.123530006780825,77.18782
CS2_36,58.864014580593086,75.490326
CS2_36,58.22409379521692,67.81685
CS2_36,57.52838818518582,67.94431
CS2_36,56.69782554877979,68.00669
CS2_36,43.7865516930097,64.84585
CS2_36,56.12967307305248,65.01139
CS2_36,55.54011553902672,71.82201
CS2_36,58.10249033394314,67.91536
CS2_36,57.987947880767685,74.11423
CS2_36,59.032174512217175,68.00123
CS2_36,55.959756267381536,65.12735
CS2_36,55.14866995195625,65.108284
CS2_36,55.0259706604247,65.17346
CS2_36,54.44291907868363,65.10817
CS2_36,54.209934637253646,64.97693
CS2_36,53.51904667450963,65.13582
CS2_36,54.58218632853041,65.006256
CS2_36,56.1103704103858,65.26375
CS2_36,56.55681577089037,68.00845
CS2_36,56.88599653631935,67.93053
CS2_36,53.946623097032045,65.104385
CS2_36,52.8890562141602,65.251205
CS2_36,53.227900002054426,64.92002
CS2_36,52.93142843987441,65.02423
CS2_36,52.78697639125618,65.32509
CS2_36,52.15855708315226,64.705284
CS2_36,51.32680834964165,67.321655
CS2_36,51.43272442212437,61.263218
CS2_36,37.889524290959066,58.28962
CS2_36,50.83170595208034,61.37126
CS2_36,50.6281503338873,60.63378
CS2_36,50.18929986507804,60.602997
CS2_36,50.28209776642041,60.567772
CS2_36,50.42620151457914,61.02196
CS2_36,52.07848722331108,61.977333
CS2_36,51.6343873816296,69.203896
CS2_36,51.51418822711632,67.58891
CS2_36,51.45181192527101,67.58348
CS2_36,51.8743782963043,62.471634
CS2_36,51.82581394238544,62.061123
CS2_36,51.929196921017194,62.12083
CS2_36,51.94328331393125,62.099636
CS2_36,51.904454073098584,62.12083
CS2_36,54.56782452027157,70.378624
CS2_36,54.1940419228227,65.44608
CS2_36,53.133928842089226,65.243675
CS2_36,52.28778400019043,64.84682
CS2_36,51.0483681946884,67.46855
CS2_36,51.17634732199656,61.822
CS2_36,50.80265527506159,61.849117
CS2_36,50.103666911487046,67.75489
CS2_36,50.39582044462969,61.324657
CS2_36,51.7888368935741,62.254684
CS2_36,51.204744885364526,62.087696
CS2_36,50.532192809346995,67.84869
CS2_36,50.78711912219146,62.345116
CS2_36,50.2031854725909,61.45322
CS2_36,49.57780683999049,61.01133
CS2_36,49.28068219572366,59.599834
CS2_36,49.04382288718608,59.62218
CS2_36,48.93209106691809,59.606045
CS2_36,48.712318088716366,58.958885
CS2_36,48.51226978952235,59.29043
CS2_36,48.320615817707804,64.61019
CS2_36,51.851247925694366,62.273182
CS2_36,49.286458544104406,60.340126
CS2_36,48.05263200563334,64.74461
CS2_36,47.83762200233674,58.61073
CS2_36,47.31721795366505,58.69993
CS2_36,46.89247549700504,58.294544
CS2_36,35.428663175895856,58.571144
CS2_36,46.407702299353865,58.628277
CS2_36,45.77376384319139,64.67228
CS2_36,45.86727857707004,58.263123
CS2_36,45.23842063096388,64.75905
CS2_36,46.048462846711416,58.674904
CS2_36,45.804677055836244,58.373215
CS2_36,46.009258194267204,58.674904
CS2_36,45.73344332279027,58.353832
CS2_36,45.02944537326039,58.127304
CS2_36,44.411112142759414,61.900124
CS2_36,44.51745421588779,58.06659
CS2_36,43.3189370682101,58.268253
CS2_36,43.01166002639255,58.825443
CS2_36,42.57995229215242,58.46317
CS2_36,42.42461861606057,58.46755
CS2_36,42.5386415867272,58.46755
CS2_36,42.811543675224655,58.263874
CS2_36,42.747621699758504,58.825443
CS2_36,42.451069253641386,58.46755
CS2_36,41.771331816893046,60.37735
CS2_36,41.613299030217625,58.49691
CS2_36,41.21707513442103,58.339638
CS2_36,43.898070687264564,58.19469
CS2_36,42.57752279768815,58.3267
CS2_36,41.44422007636045,58.378372
CS2_36,40.676677629025725,58.49086
CS2_36,40.18809046513498,58.49152
CS2_36,39.76033581377455,58.40023
CS2_36,39.06480243141619,60.54158
CS2_36,27.92692240552605,58.625862
CS2_36,38.94254056068912,59.07236
CS2_36,38.75617596035792,58.469006
CS2_36,38.85445075204188,58.468384
CS2_36,38.80503306410348,60.55418
CS2_36,39.88971766417143,58.394405
CS2_36,37.6479901342307,60.645668
CS2_36,37.557776733524456,58.484337
CS2_36,36.851314512637664,58.648415
CS2_36,36.86780129445276,59.106342
CS2_36,35.277249595479915,58.580547
CS2_36,34.94228937471347,58.58744
CS2_36,34.09383081403587,60.752728
CS2_36,34.24441861404318,58.407295
CS2_36,34.03010512222488,58.34632
CS2_36,33.79840133632907,58.327908
CS2_36,33.96301133938414,58.407295
CS2_36,35.01199895430819,58.407295
CS2_36,34.805425225912,58.48175
CS2_36,34.95594598609876,58.648415
CS2_36,35.3663245566337,58.580547
CS2_36,35.23205733989185,58.592243
CS2_36,33.89858798878536,59.106342
CS2_36,33.29115557338562,60.758366
CS2_36,33.678920261142586,58.34632
CS2_36,33.03762407260331,58.351124
CS2_36,32.91596894987263,58.327908
CS2_36,33.09820313849637,58.327908
CS2_36,32.75604435600676,58.327908
CS2_36,32.84309197269239,58.327908
CS2_36,33.01802866258815,60.7534
CS2_36,33.68898369742649,58.407295
CS2_36,33.44323636949258,58.327908
CS2_36,33.33979109331266,58.327908
CS2_36,32.88954028749216,58.351124
CS2_36,32.392880019654655,58.351124
CS2_36,31.899939038847037,58.351124
CS2_36,31.624367470443143,58.351124
CS2_36,31.321723640896025,58.351124
CS2_36,31.12016830733242,58.351124
CS2_36,30.9270500183998,58.351124
CS2_36,30.763017870802756,58.351124
CS2_36,30.76850658765382,58.351124
CS2_36,35.70004796725806,58.34632
CS2_36,34.262828428203704,59.105927
CS2_36,33.176659850616886,58.93198
CS2_36,32.27693916341843,58.35261
CS2_36,31.773800235052096,58.351124
CS2_36,31.105309801386312,58.351124
CS2_36,30.540016709474234,58.351124
CS2_36,30.495386648323546,58.351124
CS2_36,30.296572332587544,58.351124
CS2_36,30.04410633687596,58.407295
CS2_36,29.84008415394637,58.407295
CS2_36,29.576032917680983,58.407295
CS2_36,29.54582398041779,58.407295
CS2_36,29.919651293189325,58.35261
CS2_36,29.291152376246917,58.351124
CS2_36,28.858364509078815,58.408783
CS2_36,27.707623575924075,58.42048
CS2_36,29.21648953911821,58.407295
CS2_36,29.455066041369815,58.407295
CS2_36,28.747787376375243,58.34109
CS2_36,26.819925948301364,58.34109
CS2_36,26.63797612789041,58.932396
CS2_36,26.499052588878147,58.35261
CS2_36,27.15597833540544,58.32587
CS2_36,27.8759555523052,58.42048
CS2_36,28.109616953322853,58.34109
CS2_36,28.19072511906226,58.417698
CS2_36,28.052503621400117,58.33831
CS2_36,28.193026773010903,58.92961
CS2_36,28.50944515908572,58.92961
CS2_36,28.9304919969782,58.406002
CS2_36,28.575240782693633,60.773987
CS2_36,28.629485042099144,58.406002
CS2_36,28.143266391955436,58.417698
CS2_36,27.70135224109494,58.34983
CS2_36,27.508545112694406,58.356724
CS2_36,27.42002770660004,58.33831
CS2_36,27.189454696900828,58.33831
CS2_36,26.99902596068748,58.33831
CS2_36,25.412953160155364,58.34983
CS2_36,24.840275938922836,58.34983
CS2_36,24.598812110376294,58.34983
CS2_36,24.42590800531536,58.34983
CS2_36,24.99577004028092,58.34983
CS2_36,24.853206355985083,58.34983
CS2_36,24.69220182470733,58.929615
CS2_36,24.400570578892598,58.92961
CS2_36,24.085493183010232,58.34983
CS2_36,24.06473166519791,58.34983
CS2_36,23.81655533744479,58.9235
CS2_36,18.383607676945346,58.437206
CS2_36,18.957764755076614,58.33726
CS2_36,18.474301788262004,58.364113
CS2_36,18.23949155868884,58.364113
CS2_36,18.151040450985423,58.364113
CS2_36,17.812838330606343,58.364113
CS2_36,17.3720642498872,58.364113
CS2_36,17.008338053025007,58.364113
CS2_36,16.812104692313998,58.364113
CS2_36,16.631210162294195,58.364113
CS2_36,16.439089561711576,58.364113
CS2_36,16.349010964205853,58.364113
CS2_36,16.23985572395705,58.364113
CS2_36,15.950398656992029,60.793434
CS2_36,16.07684260207156,58.364113
CS2_36,16.010106325562827,58.364113
CS2_36,12.65871135908185,58.849785
CS2_36,15.432476178792513,58.364113
CS2_36,15.521324847077667,58.364113
CS2_36,15.514339126649945,58.364113
CS2_36,15.611723634559166,58.364113
CS2_36,15.789289347424848,58.364113
CS2_36,16.000042654109144,58.364113
CS2_36,16.354200567895923,58.958782
CS2_36,16.224338650242114,58.364113
CS2_36,16.28554423885377,58.364113
CS2_36,16.071936013738426,58.364113
CS2_36,16.1649227608068,58.364113
CS2_36,15.932635382851053,58.364113
CS2_36,15.877408463364052,58.364113
CS2_36,15.376255541319766,58.364113
CS2_36,15.328463264865933,58.364113
CS2_36,15.129221677106738,58.364113
CS2_36,11.952646913565593,58.844337
CS2_36,14.85863337956586,58.364113
CS2_36,14.751535736004284,58.364113
CS2_36,14.759717053429423,58.364113
CS2_36,14.73175691056761,58.364113
CS2_36,14.468210112076086,60.800068
CS2_36,14.577922590129964,58.364113
CS2_36,14.506730067047446,58.364113
CS2_36,14.428559655986497,58.364113
CS2_36,14.362551598596179,58.364113
CS2_36,14.321859076569602,58.364113
CS2_36,14.06297367092933,60.800068
CS2_36,14.25857789190332,58.364113
CS2_36,14.532049846664854,58.71788
CS2_36,14.74440319190473,58.364113
CS2_36,14.593528357453081,58.352802
CS2_36,15.06463753045316,58.352802
CS2_37,100.90359144858726,99.15972
CS2_37,100.0,98.966805
CS2_37,99.97384472464678,99.542885
CS2_37,100.72463269599999,99.08925
CS2_37,99.56154921387564,99.564804
CS2_37,99.45648611874847,99.46347
CS2_37,98.91050226889799,99.22814
CS2_37,98.6477012007347,98.61448
CS2_37,97.45521697196915,99.240234
CS2_37,97.16342258231526,99.177
CS2_37,96.78880460009786,99.005585
CS2_37,97.34456382431911,99.08404
CS2_37,97.52564206823558,99.24912
CS2_37,97.54090014241055,99.240166
CS2_37,97.50641738268837,99.21649
CS2_37,97.46698166363524,99.21828
CS2_37,88.01528735653805,86.80431
CS2_37,97.3887961577536,99.0893
CS2_37,97.34638716373146,98.64269
CS2_37,97.27304953105215,99.12336
CS2_37,97.20799768639009,99.101906
CS2_37,97.14895304936822,99.1268
CS2_37,97.09018772057337,99.081215
CS2_37,97.04764198668067,98.08704
CS2_37,97.82181381528623,99.511536
CS2_37,96.93189415463485,98.67122
CS2_37,96.86955158714231,98.66179
CS2_37,96.31016742986644,98.45546
CS2_37,95.28900881000595,97.82766
CS2_37,94.9950038324945,97.60184
CS2_37,95.56695555492394,98.922195
CS2_37,95.30936467425943,98.088715
CS2_37,95.28598260873112,97.796234
CS2_37,95.59146358414363,98.10208
CS2_37,95.31284161470364,97.87303
CS2_37,94.32252699515915,97.32739
CS2_37,94.02787887939735,97.512695
CS2_37,93.93008608481773,97.52494
CS2_37,93.70558961038313,97.517654
CS2_37,94.55818735332507,97.52424
CS2_37,94.84694389499624,97.2481
CS2_37,94.91045038938319,97.34127
CS2_37,93.59132601524594,97.48454
CS2_37,93.50443363245995,97.24878
CS2_37,93.38150172773014,97.10401
CS2_37,93.24300716348722,97.0122
CS2_37,93.62927659466904,96.97312
CS2_37,94.16387165745289,97.21441
CS2_37,94.33554356830987,97.27322
CS2_37,93.18692273936153,97.07154
CS2_37,93.05028328318889,96.91198
CS2_37,92.92187380625847,96.89813
CS2_37,92.7879287628476,96.93113
CS2_37,96.82558466478804,97.547714
CS2_37,96.49635674583448,98.15494
CS2_37,96.87016677976058,98.35299
CS2_37,96.81928731693354,98.37451
CS2_37,95.89186262494373,98.0541
CS2_37,95.48640278826616,97.95247
CS2_37,95.33205919402197,97.56144
CS2_37,85.11704661770239,86.54224
CS2_37,94.35133746896877,97.45077
CS2_37,94.72708374984083,97.52007
CS2_37,94.49591758124551,97.52424
CS2_37,93.72945104269331,97.51644
CS2_37,93.60146983458799,96.644
CS2_37,93.42227633953839,97.132805
CS2_37,93.25400145368484,97.01206
CS2_37,92.86079139175968,96.90396
CS2_37,93.14194417220898,96.91781
CS2_37,93.0878645137088,96.91781
CS2_37,92.52573010469233,97.02661
CS2_37,92.36967204384639,97.010956
CS2_37,92.33910004941782,97.010956
CS2_37,92.24338657811688,96.91781
CS2_37,91.85464498275176,96.43254
CS2_37,92.36027780780036,96.20254
CS2_37,92.33121179006191,96.48208
CS2_37,92.24797250691427,96.48208
CS2_37,92.96032755070851,96.931625
CS2_37,92.05744273833236,96.09108
CS2_37,81.88669770450417,87.497055
CS2_37,92.01268303499751,95.88984
CS2_37,91.8618728030927,95.86948
CS2_37,91.75882863860193,94.26422
CS2_37,91.68377674637685,94.18618
CS2_37,91.59518898855252,94.0501
CS2_37,91.51719112652292,94.03708
CS2_37,91.45033083061944,94.03708
CS2_37,91.44031359276751,94.03708
CS2_37,81.17436921318536,87.60696
CS2_37,91.25664770944982,96.00478
CS2_37,91.2045889224591,95.872826
CS2_37,80.52939140816511,87.23272
CS2_37,90.05969112818502,93.8987
CS2_37,89.92437298558875,93.82981
CS2_37,89.80147303578083,93.82981
CS2_37,91.30624237655705,83.271324
CS2_37,91.21931788282762,93.358925
CS2_37,91.09904794467664,93.41061
CS2_37,91.64196210246274,94.19882
CS2_37,91.75665532464383,94.31318
CS2_37,91.31721474774737,94.09085
CS2_37,90.75093800190554,94.03708
CS2_37,90.75060436972791,94.03708
CS2_37,90.702236001402,92.617744
CS2_37,90.49379879241165,93.41421
CS2_37,90.96831323699935,92.90316
CS2_37,91.23038950995422,93.4127
CS2_37,91.26917357067956,93.4127
CS2_37,90.11914253333788,92.837204
CS2_37,79.71764123608321,87.15289
CS2_37,89.97886405455327,92.51131
CS2_37,89.85119532766917,92.49567
CS2_37,89.52492107668711,93.19872
CS2_37,90.59661464541675,92.66894
CS2_37,91.52151032437867,98.87054
CS2_37,89.91832814289431,92.517525
CS2_37,89.50322429129523,93.27856
CS2_37,89.45079831547466,92.09996
CS2_37,89.5278081018988,92.412766
CS2_37,88.91376686870379,92.41563
CS2_37,89.9994229087559,92.6371
CS2_37,90.21128271660425,92.320335
CS2_37,90.28021482919284,92.318565
CS2_37,80.56979191661551,87.13178
CS2_37,90.52395405795967,92.656296
CS2_37,90.6194676293312,92.605125
CS2_37,90.66464286415093,92.63327
CS2_37,90.71855436343671,92.65742
CS2_37,90.79554888344717,91.5978
CS2_37,90.7875567031742,92.69825
CS2_37,90.82281289987543,92.69199
CS2_37,90.84585920326745,92.939674
CS2_37,90.87677754602814,92.94014
CS2_37,90.89897232372354,92.35338
CS2_37,90.91028047388585,92.34703
CS2_37,90.91479977060087,92.34703
CS2_37,90.93272169535118,92.34222
CS2_37,90.31307569882453,92.16555
CS2_37,89.23082305429705,92.733055
CS2_37,89.30181789996658,92.18375
CS2_37,89.1479014205964,92.531265
CS2_37,89.87404965666119,98.28136
CS2_37,89.64236776504119,92.388
CS2_37,90.2277464737124,92.30862
CS2_37,90.33124637371041,92.2611
CS2_37,90.92460287699852,98.86084
CS2_37,90.34885608311023,95.87168
CS2_37,90.96326634735075,92.944374
CS2_37,91.04150395282281,93.46484
CS2_37,89.76358745132309,92.485695
CS2_37,89.63618334377435,93.226875
CS2_37,89.95669056616474,92.56091
CS2_37,89.75165030734098,92.483025
CS2_37,90.30036547913183,96.26967
CS2_37,90.46645861140902,92.53615
CS2_37,90.64521132179149,92.59984
CS2_37,89.8198639593991,92.47886
CS2_37,89.42975243800423,92.15373
CS2_37,89.51559840362067,92.40012
CS2_37,89.52213916993959,92.408264
CS2_37,89.96905583475639,98.76436
CS2_37,89.82726324066256,92.105354
CS2_37,91.02502880400094,98.87652
CS2_37,90.3415308674591,92.26642
CS2_37,88.99338254069151,92.444695
CS2_37,89.05676579419627,92.44809
CS2_37,89.10265546920336,92.510284
CS2_37,89.07483196385162,92.44542
CS2_37,88.95543468607431,92.48664
CS2_37,89.8865984462271,92.11091
CS2_37,90.04675081462614,92.32488
CS2_37,90.18651352480047,92.31229
CS2_37,90.2138148645278,92.373924
CS2_37,90.24498821055464,92.31296
CS2_37,90.36209604390542,92.25552
CS2_37,90.4211874376661,92.53054
CS2_37,90.4476071405182,92.53054
CS2_37,90.47512909581855,92.53054
CS2_37,90.50867966400389,92.60418
CS2_37,90.51681507115393,92.60418
CS2_37,90.54548302040313,92.60418
CS2_37,90.58950539232892,92.60418
CS2_37,90.63067522301154,92.60418
CS2_37,90.64963658201455,92.60418
CS2_37,90.7909408625157,92.26449
CS2_37,90.81280105503879,92.26535
CS2_37,79.57273540235428,86.9601
CS2_37,89.45018902069975,92.14747
CS2_37,89.40121354418564,92.20284
CS2_37,89.35019495629255,92.15651
CS2_37,89.07376159129092,92.437965
CS2_37,89.89023119208615,92.08598
CS2_37,90.15550925610195,92.322464
CS2_37,89.90206593814116,92.11525
CS2_37,88.98435668556064,92.43869
CS2_37,89.6792975508773,92.35092
CS2_37,90.37596645424495,92.52942
CS2_37,90.55001179475299,92.59311
CS2_37,89.98958809647297,92.554184
CS2_37,89.45736991513895,92.14967
CS2_37,89.60603465898399,92.39737
CS2_37,89.64408963013688,92.47101
CS2_37,78.80247682380073,86.95128
CS2_37,89.59369821093833,92.40004
CS2_37,90.11833929995106,92.30513
CS2_37,90.27449899286586,92.23432
CS2_37,89.4265011340591,92.14076
CS2_37,89.33720068382041,92.20427
CS2_37,89.38973521196716,92.20061
CS2_37,89.27615849956264,92.13964
CS2_37,89.23107903838857,92.11336
CS2_37,90.00238568798625,92.25751
CS2_37,90.22997045827984,92.31296
CS2_37,90.58200555386901,96.416245
CS2_37,89.1783212541307,92.503555
CS2_37,89.45573051734904,92.17979
CS2_37,89.93926997193057,92.24618
CS2_37,90.24598110400694,92.31296
CS2_37,90.29029923910696,92.260155
CS2_37,90.29903047436008,92.260155
CS2_37,90.33587358080877,92.25552
CS2_37,90.36149470381069,92.53054
CS2_37,90.37202822120362,92.53054
CS2_37,90.41358130427489,92.48932
CS2_37,90.50453836993556,92.17017
CS2_37,90.48278256525636,92.13729
CS2_37,90.47289112324836,92.49407
CS2_37,90.48667032018194,92.629684
CS2_37,90.49298380965092,92.15804
CS2_37,90.50779798723278,92.17493
CS2_37,90.52224155362946,92.17493
CS2_37,90.56513914822936,92.17493
CS2_37,90.52422577153322,92.17493
CS2_37,90.51653280703692,92.19568
CS2_37,90.51322988092706,92.17493
CS2_37,90.51422984375242,92.19568
CS2_37,89.41058725978574,92.14076
CS2_37,89.59882791066318,92.35727
CS2_37,89.46381187484201,90.92366
CS2_37,89.17220254801855,92.05479
CS2_37,89.02990486663056,92.43197
CS2_37,89.88323166786144,92.087105
CS2_37,90.02319123556424,92.25233
CS2_37,89.22939352486166,92.08379
CS2_37,88.94873754941516,91.994736
CS2_37,89.18398620682997,92.03387
CS2_37,89.09800987341407,92.053665
CS2_37,88.60242835663401,92.13964
CS2_37,89.46421071705505,92.17979
CS2_37,89.63645060860449,92.00049
CS2_37,89.04592353529085,92.05479
CS2_37,88.49768091245835,92.08587
CS2_37,88.67024596270006,92.094666
CS2_37,88.41100126732312,92.08267
CS2_37,88.4841200273529,92.08587
CS2_37,88.7610506164151,92.007835
CS2_37,89.13076832431447,92.05479
CS2_37,89.26608730686473,92.11214
CS2_37,88.27453925523942,92.05111
CS2_37,88.23586637479859,92.053665
CS2_37,88.42509313145969,92.08267
CS2_37,88.24270639850754,92.053665
CS2_37,88.20131479686313,92.053665
CS2_37,89.02234935206187,92.08605
CS2_37,89.14340431693807,92.05479
CS2_37,88.29771095864493,92.05479
CS2_37,88.01203165221354,91.96276
CS2_37,87.92163697357114,91.9506
CS2_37,88.06765491718521,92.007355
CS2_37,88.81348446040809,81.769295
CS2_37,88.15289182026298,91.96009
CS2_37,88.98162966176393,91.918785
CS2_37,89.15643530074149,91.9686
CS2_37,88.89350930156704,91.91724
CS2_37,88.78109944976495,98.56256
CS2_37,87.96400062551896,91.89683
CS2_37,87.77057190720603,92.04156
CS2_37,74.17908175534662,90.30823
CS2_37,88.2181127569286,91.9337
CS2_37,88.11345035501603,91.91215
CS2_37,76.81018264559202,86.727936
CS2_37,88.80164059031137,91.94142
CS2_37,89.0328323902759,92.05294
CS2_37,88.89661847581931,92.00213
CS2_37,87.82502925767548,92.10769
CS2_37,87.84285894929278,91.98847
CS2_37,87.66326771605159,91.98847
CS2_37,87.58300805698308,92.022575
CS2_37,88.44224565339292,95.66997
CS2_37,88.25306961797554,92.08605
CS2_37,88.35479972967825,91.947845
CS2_37,76.42568937387819,86.757416
CS2_37,87.01698564987763,91.97773
CS2_37,87.07675786355267,91.97196
CS2_37,87.12925372471334,91.93461
CS2_37,86.95346200462212,92.028625
CS2_37,88.3429055436371,95.66343
CS2_37,87.79346471140427,92.09319
CS2_37,87.87649926848506,92.08246
CS2_37,87.90778621940005,92.02226
CS2_37,87.94972447048846,92.03333
CS2_37,88.02331663828946,92.02917
CS2_37,88.03966650008694,92.02917
CS2_37,88.90464652885429,98.47817
CS2_37,88.10093765062686,91.94585
CS2_37,88.11491725121972,91.90498
CS2_37,88.07768941218158,91.93313
CS2_37,88.06132228065592,90.59027
CS2_37,88.16482362296993,91.8957
CS2_37,88.09593629309379,91.92431
CS2_37,88.13822530569504,91.896164
CS2_37,88.16449243555846,91.8957
CS2_37,88.19937613379666,91.8957
CS2_37,78.11193600585628,86.75421
CS2_37,86.89501760379851,91.943726
CS2_37,86.674582846546,91.917015
CS2_37,86.89039646605003,91.99205
CS2_37,86.5647416224245,91.90418
CS2_37,86.33234516289062,91.8995
CS2_37,87.2652758058434,91.84042
CS2_37,87.47277926254816,91.85502
CS2_37,86.92967565873374,92.0433
CS2_37,86.18503100888198,91.90004
CS2_37,87.0693100202218,98.2315
CS2_37,86.32127408895637,91.89289
CS2_37,86.17408026504778,91.90004
CS2_37,87.20385379549579,98.3336
CS2_37,86.89252501507355,91.86864
CS2_37,87.33624393003034,91.8589
CS2_37,87.16611898932909,91.920334
CS2_37,87.5718682251831,91.805954
CS2_37,87.86878684436289,91.98144
CS2_37,87.93560291372803,91.9803
CS2_37,86.9002468478257,91.93566
CS2_37,86.79473768563537,91.86605
CS2_37,86.71476418115735,91.8339
CS2_37,86.6178288636657,91.855354
CS2_37,86.3534308557643,91.93778
CS2_37,87.11901842848324,91.9273
CS2_37,76.15322171411646,87.35691
CS2_37,87.2870335828893,91.815605
CS2_37,88.13491133937794,98.26242
CS2_37,88.16117404906926,96.144035
CS2_37,87.39798880425509,90.43041
CS2_37,87.40884514794924,91.80888
CS2_37,87.40992928323314,91.79722
CS2_37,87.41102597499032,91.79722
CS2_37,87.38858320575068,91.79722
CS2_37,87.36725402591698,91.79722
CS2_37,87.35073017590493,91.79722
CS2_37,87.33766488613973,91.79061
CS2_37,87.33265156641782,91.79061
CS2_37,87.33672831872045,91.79061
CS2_37,87.34785688630421,91.79061
CS2_37,87.31924831627992,91.79061
CS2_37,86.94917041447297,91.79164
CS2_37,85.86492838688086,91.88962
CS2_37,85.80167938059559,91.89229
CS2_37,86.53571630992218,98.02161
CS2_37,85.5469592352965,91.858
CS2_37,85.684758102752,91.79495
CS2_37,75.16689499974729,87.35525
CS2_37,86.47875990836764,91.82041
CS2_37,85.84912083419431,91.88388
CS2_37,85.27320206503664,91.83623
CS2_37,85.31686824713948,91.880646
CS2_37,85.12368360654395,91.81486
CS2_37,85.20593124138985,91.83303
CS2_37,85.63180056523758,91.85451
CS2_37,85.9059196177816,91.795494
CS2_37,86.08342814182596,91.93046
CS2_37,85.04069522544219,91.802216
CS2_37,84.89743754776315,91.81986
CS2_37,84.77791859919641,91.80989
CS2_37,84.7013065988687,91.87929
CS2_37,84.67862397091615,91.82375
CS2_37,85.4950038999299,91.86252
CS2_37,85.66192961181007,91.79389
CS2_37,85.45234014518519,91.77069
CS2_37,85.35155702844187,91.8242
CS2_37,85.02173958292722,91.82407
CS2_37,85.83647995836803,91.877846
CS2_37,85.99539093243482,91.82375
CS2_37,85.34051739222056,91.8791
CS2_37,84.76438533599998,91.78979
CS2_37,84.83089245376502,91.84433
CS2_37,84.74138077192526,91.84433
CS2_37,84.58062733288173,91.8383
CS2_37,85.80955611784371,97.1114
CS2_37,85.38407040105054,91.87705
CS2_37,85.43875835103537,91.77339
CS2_37,85.48770448846273,91.849174
CS2_37,85.51794686513654,91.88337
CS2_37,85.5720791157699,91.82528
CS2_37,85.66849990896301,91.80081
CS2_37,85.74103166125354,91.80081
CS2_37,85.78129574265839,91.80081
CS2_37,85.79186109469681,91.80081
CS2_37,85.81438490330807,91.80081
CS2_37,85.83608529369289,91.78276
CS2_37,85.83702257951387,91.78276
CS2_37,85.85134279931769,91.78276
CS2_37,85.87516527744826,91.777756
CS2_37,85.9078000722773,91.777756
CS2_37,85.87835241320046,91.777756
CS2_37,85.88032540840842,91.777756
CS2_37,84.62622028705937,90.91158
CS2_37,84.34422172620583,91.78607
CS2_37,84.21916450529592,91.78607
CS2_37,84.13021326811165,91.79108
CS2_37,83.91629336703002,91.79108
CS2_37,84.7738725001056,91.78164
CS2_37,85.0326147237556,91.7719
CS2_37,84.96918803425683,91.7783
CS2_37,83.88194480835062,90.904396
CS2_37,84.01276697891288,91.79108
CS2_37,83.96162060751365,91.79108
CS2_37,83.83847522284277,90.91329
CS2_37,83.58062269856654,90.93254
CS2_37,84.60561674924078,90.907906
CS2_37,84.80980844887216,91.78276
CS2_37,84.07381425104418,91.7922
CS2_37,83.61571805095332,90.93254
CS2_37,83.63096705126685,90.93671
CS2_37,83.78347777770331,90.91329
CS2_37,84.50457746242293,96.83627
CS2_37,84.10123427190398,90.79086
CS2_37,84.5439599604849,90.95468
CS2_37,84.25256720913121,91.73225
CS2_37,84.14383723148939,91.73725
CS2_37,84.11521884419993,91.79347
CS2_37,83.74653456732196,90.93529
CS2_37,83.58640364715495,90.878716
CS2_37,83.60924963225791,90.94513
CS2_37,83.63474050031209,90.94513
CS2_37,83.55269872911094,90.916985
CS2_37,83.34736033743373,91.85182
CS2_37,83.93034396971298,91.730644
CS2_37,84.2061403065363,90.90151
CS2_37,84.3105629653825,90.90151
CS2_37,84.37070524187045,90.90968
CS2_37,84.39373142194849,90.90046
CS2_37,84.40678639760016,90.86463
CS2_37,84.44726710770603,90.91812
CS2_37,83.66894846604211,77.21777
CS2_37,83.63267769790795,90.38012
CS2_37,84.2704714723013,90.36423
CS2_37,84.46013972991437,90.395386
CS2_37,84.21503903855022,90.36706
CS2_37,83.67504943556975,90.91556
CS2_37,83.8399495250399,90.33334
CS2_37,84.03443529135303,90.787315
CS2_37,84.20456074593386,90.87159
CS2_37,84.2394326886961,90.87159
CS2_37,84.69385986888051,90.761505
CS2_37,84.7569167735004,90.73336
CS2_37,84.18422606809541,90.87159
CS2_37,83.86925871626913,91.80975
CS2_37,83.98921564549393,90.73619
CS2_37,84.79747643115869,96.97419
CS2_37,83.8876928718418,90.73619
CS2_37,84.27414793686052,90.86454
CS2_37,84.45220202437696,90.88085
CS2_37,84.49904994217466,90.93188
CS2_37,83.63415644020857,90.88465
CS2_37,83.58849008012865,90.869415
CS2_37,83.58964423134796,90.869415
CS2_37,83.55419131804416,90.84127
CS2_37,83.35825626529062,90.88399
CS2_37,83.98648108019147,90.73619
CS2_37,84.1341002710047,90.73336
CS2_37,83.90120236568457,90.73619
CS2_37,83.26447628924622,90.75544
CS2_37,84.17171468767818,96.61952
CS2_37,83.30600181610471,90.744965
CS2_37,84.35115164840413,94.907234
CS2_37,83.3538247570897,90.86655
CS2_37,83.95254291518773,90.71875
CS2_37,84.03449219072097,90.71592
CS2_37,84.05732591418025,90.71592
CS2_37,84.09610221781509,90.71592
CS2_37,84.111512620427,90.71592
CS2_37,84.16417419831683,90.71592
CS2_37,84.24238681045617,90.83207
CS2_37,84.29036590265898,90.29366
CS2_37,84.28630919765908,90.29366
CS2_37,84.28566469783267,90.29366
CS2_37,84.27646461761698,90.33098
CS2_37,84.25312152959317,90.298416
CS2_37,84.23323968905571,90.33098
CS2_37,84.26372422118499,90.86041
CS2_37,84.25874727176756,90.33098
CS2_37,84.23046925622614,90.33098
CS2_37,84.20334181486884,89.156555
CS2_37,83.736316980212,90.27493
CS2_37,83.59732377739742,90.863045
CS2_37,83.97635975091548,90.70768
CS2_37,84.19788284870616,90.83207
CS2_37,84.19554053915597,90.83207
CS2_37,83.25864689411253,90.75896
CS2_37,83.14408159476486,90.72731
CS2_37,83.34416651807439,90.7504
CS2_37,83.26406657396042,89.11912
CS2_37,83.81212817159178,96.62712
CS2_37,83.65557260205195,90.30395
CS2_37,83.74813325399843,90.30811
CS2_37,83.6725665748615,90.32401
CS2_37,82.79666761527982,90.25439
CS2_37,82.8087858179601,90.28253
CS2_37,71.7512160496116,86.69713
CS2_37,82.89767730346307,90.28253
CS2_37,82.66811759659967,90.266785
CS2_37,83.29345169615522,89.076744
CS2_37,83.4164404361482,90.266785
CS2_37,83.32581916808319,89.12646
CS2_37,82.42563745850141,89.14602
CS2_37,71.05988629402832,86.71966
CS2_37,82.28510600102993,89.08233
CS2_37,82.38087045576282,89.09473
CS2_37,82.17580962695043,88.826454
CS2_37,82.84936747783306,90.27956
CS2_37,83.0203379476175,88.83121
CS2_37,82.95230116655577,88.85785
CS2_37,81.93419702030185,88.89806
CS2_37,82.76800380837338,96.64466
CS2_37,82.02016019754815,88.826454
CS2_37,82.84315157489888,94.814026
CS2_37,81.79536015994758,90.32217
CS2_37,82.53116514134987,89.14304
CS2_37,82.67389360987738,90.29647
CS2_37,82.69325353383287,90.29647
CS2_37,82.71699022738706,88.920685
CS2_37,82.75132362263096,88.93007
CS2_37,82.7883075193674,88.93007
CS2_37,82.82462361795278,88.906845
CS2_37,82.8086633800713,88.95355
CS2_37,82.81979050591455,88.87164
CS2_37,82.76192479458531,88.94177
CS2_37,82.73729370685355,88.9407
CS2_37,82.72182017657578,88.9407
CS2_37,82.69544611870558,88.953094
CS2_37,82.67443071951307,88.953094
CS2_37,82.67891956702888,88.953094
CS2_37,82.6761080639669,88.953094
CS2_37,82.2468252643222,88.825836
CS2_37,81.98906303958127,88.81329
CS2_37,82.53284434529779,88.94266
CS2_37,82.75730780407058,88.91865
CS2_37,82.78835142140214,88.91865
CS2_37,81.64847595504511,89.134636
CS2_37,81.51446841619853,89.12988
CS2_37,81.44187673930956,88.87401
CS2_37,81.4262257851753,88.88118
CS2_37,81.28387230069292,88.85122
CS2_37,82.7949845574372,96.51192
CS2_37,82.18848689032836,88.86735
CS2_37,82.23794353250693,88.86735
CS2_37,70.07009875459575,86.39987
CS2_37,81.13178517434523,88.80162
CS2_37,81.09135784396267,88.87588
CS2_37,81.02468999783838,88.90116
CS2_37,80.86322031851277,88.90116
CS2_37,81.54050051372683,88.94414
CS2_37,81.73939753564959,88.987976
CS2_37,81.81977353717113,89.001434
CS2_37,80.64667552005119,88.12543
CS2_37,80.50361666071531,88.0165
CS2_37,80.67323734228309,88.12543
CS2_37,80.77754421455623,90.381836
CS2_37,79.21896577392606,88.87522
CS2_37,80.4391564041467,88.012596
CS2_37,80.83048987426807,88.90986
CS2_37,80.9818282907683,88.13726
CS2_37,79.0388558839436,88.07746
CS2_37,78.85809406927706,88.07746
CS2_37,78.63836118514733,88.06788
CS2_37,65.86613483561105,84.81819
CS2_37,78.8870892151098,88.50651
CS2_37,79.40753307736522,88.063675
CS2_37,79.95580042578848,88.088356
CS2_37,80.15299908723705,88.10096
CS2_37,80.27745681590574,88.13726
CS2_37,80.35320422330366,88.07572
CS2_37,80.38900770760996,88.08918
CS2_37,80.53277979398969,88.16716
CS2_37,80.56987901603819,87.56017
CS2_37,80.60152810864366,87.56017
CS2_37,81.21621605012515,92.031166
CS2_37,80.34864799695973,88.10158
CS2_37,80.31863794324141,88.15072
CS2_37,81.09111715525836,91.89116
CS2_37,80.24789082979792,88.16516
CS2_37,80.26298913752315,88.16516
CS2_37,80.25815400198367,88.16516
CS2_37,78.7953093949583,87.170105
CS2_37,78.32063898595402,87.91216
CS2_37,79.35803667205188,87.43806
CS2_37,79.75355695042984,87.502144
CS2_37,79.89509456858855,88.11782
CS2_37,78.07571584445915,88.036385
CS2_37,77.70340711016784,87.97584
CS2_37,77.62758853820976,87.85198
CS2_37,77.45376071008894,87.8492
CS2_37,77.09555041640735,87.99208
CS2_37,78.13704799020466,88.41072
CS2_37,78.68137794085158,88.52861
CS2_37,78.83467195918405,88.4509
CS2_37,77.09288527705512,87.98255
CS2_37,76.6904749906626,87.7855
CS2_37,76.6357638647156,88.32292
CS2_37,78.17716146152685,69.93976
CS2_37,77.45233350385696,87.598724
CS2_37,77.22405401019856,87.87765
CS2_37,76.96813670296714,87.819084
CS2_37,78.19687997270744,87.87823
CS2_37,78.45142405277653,87.96643
CS2_37,77.73153214962612,87.855545
CS2_37,76.69771376782172,87.79127
CS2_37,76.69977510055872,87.80043
CS2_37,76.38391378852754,87.967545
CS2_37,76.95093966093148,88.262024
CS2_37,75.90109753177396,88.3248
CS2_37,77.15254449600553,88.348274
CS2_37,77.44066640498241,88.35421
CS2_37,76.94576833867298,87.81293
CS2_37,75.79476984289502,88.3253
CS2_37,75.72161704151362,88.3253
CS2_37,75.30102505400414,88.2517
CS2_37,75.17850319568412,88.205124
CS2_37,74.9743546424036,87.89082
CS2_37,76.13804888386058,88.2986
CS2_37,76.46567783085683,88.279816
CS2_37,76.26354902733402,88.05775
CS2_37,74.93771037706978,87.9146
CS2_37,75.11972323281181,87.88898
CS2_37,75.16848032224527,88.09218
CS2_37,75.08362569395824,87.854904
CS2_37,74.89046602637295,87.696396
CS2_37,75.85979069510266,87.95554
CS2_37,76.10253278420156,88.227684
CS2_37,76.21177240449063,87.98295
CS2_37,74.89636098847042,87.67405
CS2_37,74.87329406989181,87.69885
CS2_37,74.81315323113536,87.651215
CS2_37,74.70519908745871,87.61054
CS2_37,74.43439895471104,87.577194
CS2_37,75.28393377455778,87.71802
CS2_37,75.55008418905472,87.81795
CS2_37,75.63766393641845,87.8071
CS2_37,75.68376961053293,87.82579
CS2_37,75.66720486180475,87.8071
CS2_37,75.6370949672648,87.7209
CS2_37,75.6359300914333,87.72344
CS2_37,75.68392722693575,87.74121
CS2_37,75.7522230099776,87.8597
CS2_37,75.72841472857465,87.880936
CS2_37,75.71138757473204,87.86224
CS2_37,75.65145325047162,87.841934
CS2_37,75.60249904208914,87.76713
CS2_37,75.54265297123456,87.74539
CS2_37,75.48747690751509,87.06441
CS2_37,74.93315357974069,87.7141
CS2_37,74.8126680517817,87.681435
CS2_37,75.48633195501458,87.710815
CS2_37,75.53678435229477,87.72344
CS2_37,74.57803714504678,87.68459
CS2_37,73.88584303589796,87.69958
CS2_37,73.85459758996282,87.68525
CS2_37,73.6460455582663,87.70196
CS2_37,73.43829272016163,87.78146
CS2_37,73.31083916525536,87.80519
CS2_37,74.2817365580114,87.712265
CS2_37,74.43637875475464,87.62118
CS2_37,62.74048639792096,83.65027
CS2_37,73.08606322588147,87.74541
CS2_37,72.78807750959474,87.56432
CS2_37,72.97895540800502,87.56729
CS2_37,72.74549364653136,87.573044
CS2_37,73.44124146638167,86.27883
CS2_37,73.01061489442624,87.62152
CS2_37,74.40510720286363,88.614395
CS2_37,73.69034274219231,87.70986
CS2_37,72.59448064996961,87.61861
CS2_37,72.00492789190687,87.34702
CS2_37,72.03628438880673,87.44586
CS2_37,72.07178556318226,87.34702
CS2_37,71.89946218331657,87.152054
CS2_37,71.55310483223315,87.10741
CS2_37,72.72048033410302,86.977974
CS2_37,72.91727757202182,87.58824
CS2_37,72.98360875197302,87.560905
CS2_37,71.52456545384648,86.79387
CS2_37,71.65484668159905,86.58925
CS2_37,71.51270376546049,86.66098
CS2_37,71.56791058736309,86.775055
CS2_37,71.19551408407607,86.519516
CS2_37,71.96763085736153,86.70762
CS2_37,60.310432699631434,80.60185
CS2_37,72.26924866551138,87.107124
CS2_37,72.38036552463821,87.18968
CS2_37,72.41465334140011,87.11937
CS2_37,72.4534833434765,87.121994
CS2_37,72.48380932406818,87.121994
CS2_37,72.53368759461604,87.121994
CS2_37,72.56395569017896,87.121994
CS2_37,72.58515796999713,87.12967
CS2_37,72.58793366881633,87.055695
CS2_37,72.60426283519705,87.05585
CS2_37,72.61026147634479,87.05585
CS2_37,72.65597154417316,87.23825
CS2_37,73.01975798615862,83.78161
CS2_37,71.26444325375432,86.552185
CS2_37,70.87043252939881,85.68722
CS2_37,71.69937836506905,86.40357
CS2_37,71.85010493626946,86.907074
CS2_37,71.157869130722,86.277565
CS2_37,70.15010924305369,85.72349
CS2_37,70.18124287099516,85.72524
CS2_37,70.0085323631494,85.931946
CS2_37,69.99186058372256,85.93201
CS2_37,69.85806787476585,85.91254
CS2_37,70.49628870521828,85.681984
CS2_37,70.66451668940478,86.35353
CS2_37,70.68228343564658,86.263214
CS2_37,69.52137034804402,86.38283
CS2_37,69.2731153210597,85.92976
CS2_37,69.27429216239513,85.85375
CS2_37,69.28378896632137,85.83388
CS2_37,69.19879943072415,85.89601
CS2_37,69.03027664537336,85.761475
CS2_37,69.89692257592401,85.91742
CS2_37,69.90172515879092,86.44393
CS2_37,69.858925893909,86.36705
CS2_37,68.4737891481718,85.9837
CS2_37,68.31899957599204,85.55129
CS2_37,68.37999642439013,85.55311
CS2_37,68.16023837103322,85.36322
CS2_37,67.98628199823756,85.11444
CS2_37,68.51583829281186,85.58599
CS2_37,69.19148506062595,85.64943
CS2_37,69.33091871230224,85.64943
CS2_37,68.68108745434952,85.86718
CS2_37,68.24860216729044,85.20847
CS2_37,68.07946277551574,85.20847
CS2_37,68.39693136378393,84.770775
CS2_37,68.33385323311528,84.6089
CS2_37,68.18103172236106,84.61784
CS2_37,68.94184713840002,85.60236
CS2_37,69.94267659462598,86.12822
CS2_37,69.16361777283414,86.082214
CS2_37,69.21029370932055,85.73114
CS2_37,69.22788806434758,85.73114
CS2_37,57.905562325631955,78.317116
CS2_37,69.14212598335861,85.64976
CS2_37,69.21264325208054,85.765884
CS2_37,69.23309148943619,85.73036
CS2_37,69.2418993855281,85.73036
CS2_37,69.19257995525243,85.73548
CS2_37,69.19119062900336,85.744965
CS2_37,69.99119882367431,87.14468
CS2_37,70.18741591299568,85.22632
CS2_37,69.38005708298999,85.77187
CS2_37,69.57257101861407,86.31279
CS2_37,69.52203762105069,85.69304
CS2_37,69.44563434245146,86.15719
CS2_37,69.3523923317206,85.73855
CS2_37,68.27752514805857,85.16014
CS2_37,67.64271874479036,84.16593
CS2_37,67.4604867332538,83.9837
CS2_37,67.43363584169798,84.00465
CS2_37,67.15962381177143,83.75413
CS2_37,66.99105213064954,83.36056
CS2_37,68.30697522828169,84.47363
CS2_37,69.19542496029015,86.408844
CS2_37,68.42756063183596,85.169556
CS2_37,67.08571049451965,84.13857
CS2_37,66.66818051786656,83.05627
CS2_37,66.64465153365526,83.05627
CS2_37,66.45528049377837,82.657036
CS2_37,66.28031823506898,82.64555
CS2_37,66.33285584134627,82.64555
CS2_37,67.52110755276539,83.89744
CS2_37,56.65090174085836,77.368866
CS2_37,67.57935808815088,84.55613
CS2_37,66.53322273074406,83.361244
CS2_37,65.96938492799217,82.018974
CS2_37,66.51413548586116,83.36794
CS2_37,70.39665324606594,67.82013
CS2_37,69.60645770383445,85.66078
CS2_37,66.03843121524518,82.64865
CS2_37,64.64477714985544,80.78049
CS2_37,66.28984536477337,81.992905
CS2_37,66.44731798267692,82.31916
CS2_37,66.42075771153549,82.00439
CS2_37,63.77054514087914,79.76163
CS2_37,62.77760742765766,80.05024
CS2_37,62.07779489934604,78.86359
CS2_37,61.391918144069976,78.4109
CS2_37,61.23838935038035,78.37901
CS2_37,60.626782089309586,77.55072
CS2_37,62.32233851864491,79.25192
CS2_37,62.69715853640195,78.95386
CS2_37,63.106808946252755,79.72713
CS2_37,60.81973883009313,78.357056
CS2_37,60.52210640121884,70.57543
CS2_37,59.86859521970494,77.28767
CS2_37,59.958418180413965,70.57543
CS2_37,59.29877816012266,76.555565
CS2_37,58.594788035898794,76.57011
CS2_37,59.42184967740537,77.00647
CS2_37,60.779486216306786,77.396515
CS2_37,49.14220229530394,70.706604
CS2_37,61.107174790031515,78.19869
CS2_37,58.414305915812136,76.549286
CS2_37,57.6482785101201,76.55293
CS2_37,57.645896215427015,76.56857
CS2_37,57.36983345687143,73.96681
CS2_37,57.28905845964062,74.16859
CS2_37,56.622797504826536,73.8875
CS2_37,56.21762992753997,74.06898
CS2_37,55.929940764287686,73.753975
CS2_37,55.64350219526656,73.753975
CS2_37,55.450923511147685,73.753975
CS2_37,55.14991195741757,73.740166
CS2_37,55.02137295428638,73.27867
CS2_37,55.50337135572549,73.73746
CS2_37,56.17883550223698,73.75927
CS2_37,56.55740253869755,73.48501
CS2_37,56.2865111042394,73.41749
CS2_37,56.23609335494084,73.41749
CS2_37,56.18202739004584,73.41749
CS2_37,56.18254196019995,73.41749
CS2_37,56.2580105491496,73.48501
CS2_37,56.294251476364934,73.48501
CS2_37,56.29620405243205,73.48501
CS2_37,56.274931971253665,73.50284
CS2_37,56.29038370117709,73.508705
CS2_37,58.83697304962553,75.36077
CS2_37,47.58144164929274,67.73519
CS2_37,57.841579913895394,75.653015
CS2_37,57.060436177934825,73.501526
CS2_37,56.67201121634643,73.48501
CS2_37,56.292112616209664,73.48501
CS2_37,56.01356789523233,73.43532
CS2_37,55.85101809651793,73.441185
CS2_37,55.64901205189634,73.42578
CS2_37,56.56810792531872,73.48773
CS2_37,56.67965737135001,67.95843
CS2_37,56.07537902542592,73.49845
CS2_37,55.832589817353885,73.438805
CS2_37,55.333116112568334,73.438805
CS2_37,55.02218634162388,72.352585
CS2_37,54.718248903773926,72.344475
CS2_37,54.4195254352735,72.344475
CS2_37,54.81006985076991,67.198784
CS2_37,54.16978895595385,72.1624
CS2_37,54.185522447220535,72.20871
CS2_37,55.852918852695254,73.3461
CS2_37,54.577595576408356,72.34223
CS2_37,53.81748636191696,72.34223
CS2_37,53.251731222013746,72.19298
CS2_37,52.80147356909979,72.19429
CS2_37,52.623001291283614,72.19429
CS2_37,52.18727925363523,69.71054
CS2_37,52.011852127851355,69.69913
CS2_37,51.61407448241593,69.68883
CS2_37,51.56228001807924,69.68883
CS2_37,51.890222685599326,69.69913
CS2_37,51.458981102201165,69.32911
CS2_37,51.517194009842584,69.271385
CS2_37,51.334874819467444,69.31049
CS2_37,50.808535655170715,69.31049
CS2_37,50.83157030798161,64.30103
CS2_37,50.059372325228644,69.15088
CS2_37,49.323192332464565,66.58872
CS2_37,49.02864070122167,66.58872
CS2_37,48.76937989249984,66.58396
CS2_37,48.811092891089345,66.58396
CS2_37,49.05787826475812,66.462135
CS2_37,48.7302833819433,66.58396
CS2_37,48.65013998644964,66.58396
CS2_37,48.3225696748236,66.58396
CS2_37,47.88080583548581,66.58396
CS2_37,47.42658888780713,66.46185
CS2_37,47.34132378701445,66.65394
CS2_37,47.329197613963515,63.357834
CS2_37,46.85899325524982,66.64414
CS2_37,48.12431409696849,66.14893
CS2_37,47.22135407807784,66.58396
CS2_37,46.15663159568599,66.08398
CS2_37,45.41292967100546,63.411926
CS2_37,45.19407616484994,63.411926
CS2_37,45.372234444596685,61.148655
CS2_37,44.98125830270999,63.116528
CS2_37,44.31787947153115,62.70987
CS2_37,32.17172059971775,60.63355
CS2_37,43.94572203731718,62.710846
CS2_37,44.22057312746319,63.08337
CS2_37,44.53319032300621,63.409145
CS2_37,44.00647969337887,63.08337
CS2_37,43.54420359421766,62.480335
CS2_37,31.94919788827544,60.630768
CS2_37,42.50626776836187,60.51541
CS2_37,42.08833272145102,62.2779
CS2_37,41.19328126664581,60.733593
CS2_37,40.573577514767656,60.75778
CS2_37,40.22267926754316,60.760685
CS2_37,40.05518484436121,60.760685
CS2_37,39.937643915086596,60.760685
CS2_37,39.909348052430424,60.765976
CS2_37,40.35031128938948,60.75778
CS2_37,40.25086690680953,60.75778
CS2_37,39.99347848350936,60.75778
CS2_37,40.53114545129236,60.733593
CS2_37,39.40063151809703,60.773582
CS2_37,38.74941165664152,60.63586
CS2_37,38.512529087269186,60.63586
CS2_37,38.135677916040414,60.70195
CS2_37,37.975615875672425,60.714993
CS2_37,37.94178048313999,60.714993
CS2_37,37.66473799813355,60.720135
CS2_37,37.606216993833286,60.720135
CS2_37,38.00873748564895,60.714993
CS2_37,38.2182085089752,60.648903
CS2_37,38.14370485198373,60.648903
CS2_37,37.90342129387532,60.714993
CS2_37,37.90260189941568,60.714993
CS2_37,37.204416585784806,60.720135
CS2_37,36.969949732762345,60.720135
CS2_37,36.71682851602417,60.720135
CS2_37,36.41484850560563,60.720135
CS2_37,36.286585528495316,60.720135
CS2_37,36.09670069909677,60.720135
CS2_37,35.912014550850216,60.720795
CS2_37,35.719606508526056,60.720795
CS2_37,35.5936927548324,60.713173
CS2_37,35.41173111544468,60.713173
CS2_37,39.33353206514168,60.678272
CS2_37,38.157892446042574,60.70724
CS2_37,37.42046908699252,60.712864
CS2_37,36.42646477166708,60.720135
CS2_37,35.79797066185986,60.720795
CS2_37,35.249319897336534,60.713173
CS2_37,34.80884377994098,60.799294
CS2_37,34.48046782324045,60.799294
CS2_37,34.2698837382864,60.799294
CS2_37,33.961059335546615,60.799294
CS2_37,33.74961613807156,60.799294
CS2_37,33.6454216809802,60.799294
CS2_37,34.07094986716456,60.799294
CS2_37,34.07849488639556,60.799294
CS2_37,33.49901666837983,60.799294
CS2_37,33.206645959558834,60.799294
CS2_37,33.77843425164125,60.799294
CS2_37,33.68517476510378,60.799294
CS2_37,32.39126918417313,60.804585
CS2_37,31.977691681257852,60.799294
CS2_37,31.721726927031384,60.805347
CS2_37,31.38552156851872,60.799294
CS2_37,32.00564398075328,60.799294
CS2_37,32.08192876083995,60.799294
CS2_37,32.259452347608345,60.799294
CS2_37,32.34744365999751,58.9292
CS2_37,32.16237760709978,60.799294
CS2_37,32.412156101080754,60.799294
CS2_37,32.71916568403181,60.799294
CS2_37,32.67701300708306,60.799294
CS2_37,32.33857085689543,60.804585
CS2_37,31.658981771229815,60.741318
CS2_37,31.4043953442224,60.741318
CS2_37,31.168888663797006,60.725494
CS2_37,30.88660036302721,60.725494
CS2_37,30.64368616835701,60.725494
CS2_37,29.695003371774796,60.725494
CS2_37,29.21813973411781,60.73167
CS2_37,28.937624429809773,60.724823
CS2_37,29.099670473276397,60.724823
CS2_37,29.081985678863266,60.724823
CS2_37,29.04546324064719,60.724823
CS2_37,28.63703227528143,60.724823
CS2_37,28.383872840113934,60.72526
CS2_37,18.867403810540683,60.833214
CS2_37,28.035477009704696,60.727097
CS2_37,27.982460369567576,60.750336
CS2_37,27.662619614591033,60.750336
CS2_37,24.236206935720357,60.847157
CS2_37,21.56600672164199,60.872
CS2_37,21.25324800880555,60.84057
CS2_37,20.740262994935417,60.927814
CS2_37,20.55712626048667,60.929024
CS2_37,20.170669043135707,60.93235
CS2_37,19.638283856552814,60.907963
CS2_37,19.31772166182281,60.74988
CS2_37,18.8906391490496,60.878914
CS2_37,18.599956965885276,60.713253
CS2_37,18.463695265931403,60.82336
CS2_37,18.248588599378515,60.82336
CS2_37,18.097776031426772,60.82336
CS2_37,17.94185087000133,60.8296
CS2_37,17.796599125289724,60.79461
CS2_37,17.70810834168008,60.720314
CS2_37,17.251690352793876,60.791355
CS2_37,17.328751280051293,60.791355
CS2_37,17.363523666517345,60.791355
CS2_37,17.278863552518988,60.786087
CS2_37,17.712699038723787,60.778797
CS2_37,18.18418066603528,60.81244
CS2_37,18.249170835435653,60.818092
CS2_37,18.04564436214947,60.81783
CS2_37,17.9747264148762,60.70669
CS2_37,17.81121487727034,60.782837
CS2_37,17.652021213164222,60.772293
CS2_37,17.46146474632085,60.779583
CS2_37,17.096650144699215,60.779583
CS2_37,16.917052056878408,60.779583
CS2_37,16.7490786469147,60.771927
CS2_37,16.700313367450022,60.771927
CS2_37,16.584328915506596,60.771927
CS2_37,16.480221049080708,60.771927
CS2_37,16.52965128399007,60.771927
CS2_37,16.62975413225446,60.621
CS2_37,16.752192140050546,60.123028
CS2_37,16.45924995319754,60.771927
CS2_37,16.238107238422515,60.771927
CS2_37,16.291219237748393,60.771927
CS2_37,16.22675419946019,60.771927
CS2_37,16.03008243542575,60.771927
CS2_37,16.020123280925663,60.771927
CS2_37,16.398563171165303,60.771927
CS2_37,16.50954372728452,60.771927
CS2_37,16.34234724545964,60.442875
CS2_37,16.59218782698763,60.771927
CS2_37,16.638647058735213,60.771927
CS2_37,16.96042324564267,60.779583
CS2_37,16.796523031876713,60.771927
