battery_id,y_true,pred
CS2_35,100.06435800537554,94.17435
CS2_35,100.0,100.388466
CS2_35,99.97830577746268,100.2809
CS2_35,99.9441476329588,99.14161
CS2_35,98.63347543245247,89.456085
CS2_35,99.26501032306166,99.04793
CS2_35,98.72493606430633,98.55986
CS2_35,97.65387534177933,97.75828
CS2_35,97.21640059084815,98.23682
CS2_35,96.91486217404447,97.775055
CS2_35,96.52068140551775,98.018906
CS2_35,97.06146761664567,97.62315
CS2_35,97.19359440168076,97.545494
CS2_35,97.17640059678058,97.03321
CS2_35,97.13869876321967,97.061646
CS2_35,97.08903397703305,96.83922
CS2_35,97.04789451219898,96.93866
CS2_35,97.00325830937105,96.98033
CS2_35,96.9382348559894,96.986046
CS2_35,96.85204044240746,96.955696
CS2_35,96.78919744515444,97.304405
CS2_35,96.72000574287277,96.924995
CS2_35,96.66060181918581,96.85215
CS2_35,96.60737026987529,95.80382
CS2_35,96.55086816992579,95.64958
CS2_35,96.4788385104094,95.60703
CS2_35,96.41032524752231,95.678505
CS2_35,95.46145455419646,95.31454
CS2_35,94.79966976159918,95.77171
CS2_35,94.47582197181433,95.51436
CS2_35,94.2368135099607,95.30505
CS2_35,93.97148822311352,94.989204
CS2_35,94.87046076883729,95.31959
CS2_35,95.08015806072785,94.864365
CS2_35,94.37312002115267,94.48514
CS2_35,93.69003625347693,94.21156
CS2_35,93.47611784586076,94.52836
CS2_35,93.35681661110542,94.45006
CS2_35,93.14581415149586,94.31001
CS2_35,94.04871286851963,94.69984
CS2_35,94.25769356278816,94.807335
CS2_35,93.79469673075322,94.10848
CS2_35,92.9456925100294,93.90038
CS2_35,92.85419614345778,93.467445
CS2_35,92.77593711045824,93.951485
CS2_35,92.6289442917905,93.937096
CS2_35,93.19065484569302,93.49571
CS2_35,93.55039015645144,93.340485
CS2_35,93.66097080039833,93.53768
CS2_35,92.53446634490513,92.95248
CS2_35,92.44295899613364,93.08384
CS2_35,92.33851711643048,93.25225
CS2_35,92.16522552079883,93.221535
CS2_35,95.64463417950826,86.694534
CS2_35,96.12187076895563,95.39758
CS2_35,96.45511635466481,94.41303
CS2_35,96.42198681494543,94.43727
CS2_35,95.57981107636118,93.90666
CS2_35,85.34012875725239,90.840645
CS2_35,95.09967300909864,93.882256
CS2_35,94.8586575414801,93.4295
CS2_35,94.10568852369643,93.0751
CS2_35,94.29025535799255,93.102844
CS2_35,94.08124023595524,93.047844
CS2_35,93.36921416682884,92.749374
CS2_35,93.1690348861332,92.0828
CS2_35,92.18381109688443,86.38688
CS2_35,92.86167460854485,93.17955
CS2_35,92.46248370678869,92.68501
CS2_35,92.65702204274176,92.649025
CS2_35,92.58908704564554,92.526474
CS2_35,91.29350601543341,86.28988
CS2_35,91.89312073328149,92.93964
CS2_35,91.80822613577133,92.94717
CS2_35,91.71846524573921,92.42505
CS2_35,91.33333534746507,92.30131
CS2_35,91.6656710804025,92.43814
CS2_35,91.63045139718406,92.44
CS2_35,91.51811457897776,92.43026
CS2_35,91.37883703160091,92.43026
CS2_35,91.28126678697491,91.507355
CS2_35,91.27214747973849,91.507355
CS2_35,91.17634866426096,92.19024
CS2_35,91.00266504254806,91.925995
CS2_35,90.88958947532355,91.7542
CS2_35,90.80739000972409,91.76067
CS2_35,90.68495981669872,91.7542
CS2_35,89.81062883973297,86.344124
CS2_35,90.53870147941807,90.79474
CS2_35,90.55786743988102,91.760445
CS2_35,90.4018410426089,90.872765
CS2_35,90.30347016666873,91.735596
CS2_35,90.24956928122711,91.734886
CS2_35,89.40715070365356,91.59343
CS2_35,89.09509916536831,91.56048
CS2_35,89.00100937836143,90.19572
CS2_35,88.85173407546479,90.50035
CS2_35,90.46047630848433,90.84863
CS2_35,90.35408707977317,91.26549
CS2_35,90.1374441931963,91.33852
CS2_35,90.89175054825917,91.386055
CS2_35,90.91765194904777,91.002205
CS2_35,90.02770607694977,91.576385
CS2_35,80.57770173815373,72.158875
CS2_35,92.60538630937472,89.36766
CS2_35,92.54781233011387,92.452354
CS2_35,93.18210547644942,91.32474
CS2_35,93.27439423104268,91.252884
CS2_35,92.03819413969286,91.65657
CS2_35,91.99103363426782,91.657
CS2_35,92.06560700877573,91.731544
CS2_35,91.84710250666794,91.24095
CS2_35,91.68516962535102,91.70036
CS2_35,91.66804178561121,86.055954
CS2_35,92.51516084586352,91.308365
CS2_35,91.57207494022511,91.05437
CS2_35,91.20553405352057,91.58108
CS2_35,90.98279820116632,91.1411
CS2_35,90.85501703229556,90.975365
CS2_35,90.52843966686174,90.083176
CS2_35,91.46870977446278,91.11244
CS2_35,91.55170860195015,91.79623
CS2_35,90.61214030668468,91.46302
CS2_35,90.00631931777347,90.99683
CS2_35,90.09022895240258,91.44823
CS2_35,79.29974539743564,86.14265
CS2_35,89.70190473017189,90.22935
CS2_35,90.19798283570914,91.16035
CS2_35,90.61315471756254,91.54906
CS2_35,90.64026386754708,91.58359
CS2_35,90.62412307110831,90.90907
CS2_35,90.5965473013949,90.93549
CS2_35,90.56512912631045,90.89847
CS2_35,90.58616116986533,90.960144
CS2_35,90.5678229157698,90.94377
CS2_35,90.52745289640207,90.9344
CS2_35,90.4666343294035,90.91966
CS2_35,90.42020804095701,90.91966
CS2_35,90.38108353118305,90.902756
CS2_35,90.36169471572435,90.94633
CS2_35,90.3520528450835,90.86243
CS2_35,90.34940112036917,90.915215
CS2_35,90.4101473066799,90.96344
CS2_35,90.46271385220717,90.97461
CS2_35,80.84579544469813,86.26061
CS2_35,88.76495886860121,90.56314
CS2_35,88.88672938877498,89.63001
CS2_35,88.63093618535103,90.51587
CS2_35,88.54685971202218,90.98917
CS2_35,88.28643347493819,90.42391
CS2_35,89.31345221385834,90.26564
CS2_35,89.39646926777797,90.28288
CS2_35,88.116602506151,89.495995
CS2_35,87.90279689953837,90.3067
CS2_35,88.40419679509701,90.440765
CS2_35,78.65246395319922,83.883286
CS2_35,88.49493779778716,84.90531
CS2_35,88.52902667670712,85.818695
CS2_35,88.04511098141336,89.35974
CS2_35,87.38286926991124,85.82195
CS2_35,88.23640741796913,90.43496
CS2_35,88.16735596398576,89.96601
CS2_35,88.30140284532638,90.43944
CS2_35,88.9990295462247,90.59663
CS2_35,89.16989633235647,90.577095
CS2_35,88.09112467643178,89.45161
CS2_35,87.97471159087038,90.60059
CS2_35,77.46146241420323,83.45114
CS2_35,87.80486992170525,90.29409
CS2_35,87.97343124494998,90.43642
CS2_35,88.65021577777573,90.63247
CS2_35,88.99150976799865,90.58688
CS2_35,89.0584050272478,90.67444
CS2_35,86.96815030954836,85.81562
CS2_35,88.04078179153585,90.412766
CS2_35,88.41863852153591,90.517555
CS2_35,79.23086596435695,83.70597
CS2_35,88.27541921536145,85.85382
CS2_35,89.12615760798295,91.333694
CS2_35,89.15599002670561,91.3503
CS2_35,89.1876332606203,91.31632
CS2_35,89.22061044530601,90.651024
CS2_35,89.24755369614142,90.90894
CS2_35,89.3521630197543,90.78031
CS2_35,89.38036157698485,90.78031
CS2_35,89.39768941212336,90.78031
CS2_35,89.40463889066251,90.78031
CS2_35,89.44706608950108,91.05004
CS2_35,89.46128560857235,90.772644
CS2_35,89.46714646380407,90.772644
CS2_35,89.47506338324665,90.795166
CS2_35,89.48594166529332,91.03411
CS2_35,89.48254789006485,90.786896
CS2_35,89.48414370825607,90.75243
CS2_35,89.48025470990214,90.70778
CS2_35,88.59453852484175,90.705925
CS2_35,88.3318324566718,90.43328
CS2_35,88.2703260336321,90.413765
CS2_35,87.97693966033646,90.42727
CS2_35,87.77584904586018,90.42727
CS2_35,88.58682165468682,90.19275
CS2_35,88.84610832045134,90.64085
CS2_35,88.75033529486551,91.21403
CS2_35,87.73702343301811,90.02875
CS2_35,90.74123669848197,85.19556
CS2_35,91.79189354128145,90.51473
CS2_35,92.0370862899414,91.11956
CS2_35,92.10263728476384,91.08091
CS2_35,92.10989042110279,91.32175
CS2_35,92.07922016051592,91.30092
CS2_35,92.07268195183418,91.306244
CS2_35,92.08720060901236,91.23707
CS2_35,92.05066165792172,90.76531
CS2_35,91.99287388660838,91.307175
CS2_35,91.93232167450964,91.315414
CS2_35,91.82020263071176,91.45185
CS2_35,91.78720245886542,91.45185
CS2_35,91.73974542057954,91.25512
CS2_35,91.69008384944779,91.077545
CS2_35,91.67389508102976,91.048256
CS2_35,81.66712130872311,87.31941
CS2_35,91.57501569940257,91.0282
CS2_35,90.79092287770317,91.6386
CS2_35,90.00051348093592,91.00843
CS2_35,90.11861038172341,91.45393
CS2_35,89.92899805775711,90.9604
CS2_35,89.63964907687847,90.07482
CS2_35,89.52793035299929,85.8273
CS2_35,89.753852642605,85.79494
CS2_35,90.24982858043454,91.11096
CS2_35,89.24903766515202,91.4144
CS2_35,77.15128532791016,86.30507
CS2_35,89.14327920244143,91.382774
CS2_35,89.02399349898901,90.23338
CS2_35,88.76612487272322,89.87211
CS2_35,89.63317287979406,91.11607
CS2_35,89.73422131147575,90.73468
CS2_35,88.8858606516805,90.081345
CS2_35,88.44170659773408,91.22638
CS2_35,88.29594336744168,91.19384
CS2_35,88.20172300894524,90.05125
CS2_35,87.9836715920709,89.59296
CS2_35,88.85769507249863,90.98228
CS2_35,89.05316378285076,90.59904
CS2_35,88.57494063663037,90.59107
CS2_35,87.64691330020997,90.16526
CS2_35,87.71403913820252,90.173065
CS2_35,87.64098562682511,90.16526
CS2_35,87.5444343312111,90.21275
CS2_35,88.09281537245893,89.95364
CS2_35,88.42588591034695,90.53926
CS2_35,88.48112193143442,90.48334
CS2_35,86.38867302166786,84.60608
CS2_35,87.0637674881234,88.8665
CS2_35,88.07403705164475,88.42384
CS2_35,88.63515556588388,91.02127
CS2_35,88.6923159891042,90.55591
CS2_35,88.68163107040333,90.4873
CS2_35,88.67290404622746,90.53508
CS2_35,88.68419064261566,90.53858
CS2_35,88.67870046540375,90.57157
CS2_35,88.67312070021417,90.542336
CS2_35,88.63684740395256,90.54858
CS2_35,88.60135016044657,90.61387
CS2_35,88.5715390633913,90.16661
CS2_35,88.54210987641957,90.14619
CS2_35,88.52223331999123,90.178925
CS2_35,88.51196239999251,90.14619
CS2_35,88.51197033812703,90.571655
CS2_35,88.49213630501076,90.58117
CS2_35,88.47893889389783,91.15571
CS2_35,88.44362350173319,91.24265
CS2_35,87.11693282399298,88.519775
CS2_35,86.88079613554538,89.36284
CS2_35,86.83332486502024,89.308784
CS2_35,86.6349107980999,88.46806
CS2_35,86.5161267702676,88.38709
CS2_35,87.63369850050746,90.31313
CS2_35,87.77568298108473,90.3563
CS2_35,87.00831724392005,89.98729
CS2_35,86.41563332502396,88.38709
CS2_35,86.41018082955917,88.38709
CS2_35,86.40171518999836,88.38931
CS2_35,86.33711279424445,89.24228
CS2_35,87.04619217620403,90.08515
CS2_35,87.25038020730975,89.06185
CS2_35,87.42935990946077,90.14511
CS2_35,86.11660472998693,89.171646
CS2_35,85.97098622473642,89.08552
CS2_35,85.94696504732426,89.08996
CS2_35,86.03986860783392,89.09915
CS2_35,86.04613007717366,89.11499
CS2_35,86.9455145250026,89.63202
CS2_35,87.05010601562888,90.06396
CS2_35,86.21898134825742,89.39517
CS2_35,85.79006374448356,88.417656
CS2_35,85.81385836257236,88.39507
CS2_35,85.72353286385855,88.14154
CS2_35,85.54882389983892,88.195724
CS2_35,86.37083181594446,89.35601
CS2_35,86.6969931562678,89.848175
CS2_35,86.5410690005947,89.53575
CS2_35,85.3777522027801,89.22747
CS2_35,85.42534974029685,89.33944
CS2_35,85.83217913546973,83.78099
CS2_35,85.72516874346043,88.287735
CS2_35,86.55677667239755,89.01928
CS2_35,86.67569713895814,89.85239
CS2_35,86.69386203759669,90.37539
CS2_35,86.70118555765697,90.15568
CS2_35,86.70911457652596,90.37914
CS2_35,86.87398826666102,90.4481
CS2_35,86.91013358914208,90.0351
CS2_35,86.94008482685302,90.12116
CS2_35,86.95550631017178,90.08128
CS2_35,86.96947870674215,89.97437
CS2_35,86.97961022341009,90.4098
CS2_35,86.98365863286284,90.43556
CS2_35,87.00140148082679,90.567726
CS2_35,87.02033214712576,90.62487
CS2_35,87.062471644737,90.73259
CS2_35,87.03435701815306,90.61775
CS2_35,87.03606363157732,90.61775
CS2_35,85.96961045547546,89.777214
CS2_35,85.52285476261855,89.478966
CS2_35,85.55053332961589,88.96911
CS2_35,85.52761645550042,89.148766
CS2_35,85.35931484381916,89.633224
CS2_35,86.06848284200271,89.78294
CS2_35,86.37999189555855,90.22528
CS2_35,75.59138231692275,82.73558
CS2_35,85.50071898384158,89.488045
CS2_35,85.31389235283463,89.65085
CS2_35,85.40109104402649,89.29181
CS2_35,85.17884511856231,89.86431
CS2_35,84.15057790994126,85.8236
CS2_35,86.0772396899405,89.74744
CS2_35,86.31033319101876,90.223526
CS2_35,85.75477230842793,88.81117
CS2_35,85.04540486601026,88.668884
CS2_35,85.14326123317069,89.46168
CS2_35,84.43167465205072,85.70677
CS2_35,85.15812100405785,89.51089
CS2_35,85.60478648728417,88.95151
CS2_35,86.17694792397886,90.23719
CS2_35,86.29814691735452,90.28467
CS2_35,85.32482153244617,89.71285
CS2_35,85.10031462814734,89.47278
CS2_35,85.13587693033882,89.492805
CS2_35,85.06136969541318,88.70612
CS2_35,84.92716656814366,88.308266
CS2_35,85.45428269475654,89.67459
CS2_35,84.80060536460034,88.30031
CS2_35,84.70278301862655,88.96299
CS2_35,85.28746077972923,84.47428
CS2_35,85.19221289898499,89.18216
CS2_35,85.00385776573945,88.34349
CS2_35,85.77459945491321,89.027176
CS2_35,85.91270786187778,89.96684
CS2_35,85.97504122073126,89.715904
CS2_35,86.00972952295625,89.64296
CS2_35,86.02580069333466,89.80728
CS2_35,86.0617145794218,89.69845
CS2_35,81.08026938341224,72.35548
CS2_35,86.20362311500828,83.895065
CS2_35,86.60413936292474,89.53107
CS2_35,86.8585219019536,90.37314
CS2_35,86.13605417674646,85.65133
CS2_35,86.14000362559105,89.82835
CS2_35,86.1357103624139,89.84701
CS2_35,86.3918597501041,89.09577
CS2_35,85.76611492300856,85.59402
CS2_35,86.5552877656774,89.46681
CS2_35,86.9440855459656,90.3077
CS2_35,87.01655450872623,90.62968
CS2_35,86.58957471057205,89.197205
CS2_35,86.26817748583274,89.71944
CS2_35,86.25185595342191,89.19078
CS2_35,86.48135001490706,89.519806
CS2_35,86.47475674207163,89.46728
CS2_35,86.60318273454558,90.29464
CS2_35,86.80756323439691,90.412415
CS2_35,86.83775315841127,90.33251
CS2_35,86.11253545781655,89.82809
CS2_35,86.09490462187435,89.751495
CS2_35,86.05263974040368,89.789154
CS2_35,85.16296714767502,85.58541
CS2_35,85.78944881083663,89.05279
CS2_35,86.3642014239437,90.21828
CS2_35,86.49341618860083,89.46088
CS2_35,86.1165903224432,89.66759
CS2_35,85.7311680775682,88.852325
CS2_35,85.81168156100165,89.69553
CS2_35,85.88832113888029,89.70769
CS2_35,86.03113168993234,89.63868
CS2_35,86.10297293134659,90.04018
CS2_35,86.40884208886499,90.25824
CS2_35,86.46508518768266,89.999054
CS2_35,86.48705696755957,90.03587
CS2_35,86.50011595496878,89.26035
CS2_35,86.49958875066945,89.26551
CS2_35,86.59261475518875,90.23695
CS2_35,86.62309171381828,90.179276
CS2_35,86.63673998667247,90.14604
CS2_35,86.63651256210885,90.19302
CS2_35,86.63586212493878,90.16783
CS2_35,86.6085757564776,90.248276
CS2_35,86.6159873645384,90.20768
CS2_35,85.79624608728037,85.43983
CS2_35,86.60538169134257,90.2772
CS2_35,86.60575204790862,90.22842
CS2_35,86.6018361283523,90.188576
CS2_35,86.5761999427317,90.15279
CS2_35,85.90635216355427,89.65537
CS2_35,87.51828192092553,83.22646
CS2_35,86.52215111993004,85.54957
CS2_35,87.44565479365473,89.836044
CS2_35,88.00573311928137,90.63921
CS2_35,88.12637301284599,89.95577
CS2_35,87.44264648416393,89.42595
CS2_35,87.31802313277863,89.81801
CS2_35,87.36605714268578,89.81954
CS2_35,87.31841387041777,89.78341
CS2_35,87.13109277238182,90.47997
CS2_35,87.68573938982675,90.6409
CS2_35,87.78038716969552,90.78781
CS2_35,87.50381757244939,90.623505
CS2_35,86.84914820579094,90.18208
CS2_35,86.92321108992537,90.230255
CS2_35,86.91154162517898,90.230255
CS2_35,86.22072225938645,89.733765
CS2_35,86.28415747067663,89.190315
CS2_35,86.9509808972914,90.31439
CS2_35,87.04423168881677,90.541985
CS2_35,86.0681035846017,89.68432
CS2_35,85.54231936699716,89.12542
CS2_35,85.44202832318135,89.78272
CS2_35,85.26519093668608,89.50008
CS2_35,85.09587965187113,88.67078
CS2_35,86.03798900703428,89.708885
CS2_35,86.25777243540895,90.0351
CS2_35,86.33940900308681,89.98588
CS2_35,75.69274886191768,82.61436
CS2_35,86.3555639232998,89.97012
CS2_35,86.41462810303769,89.968994
CS2_35,86.46056478497691,89.97269
CS2_35,86.46247200889485,89.97269
CS2_35,85.6161582658716,85.02055
CS2_35,86.28957317302851,89.6392
CS2_35,86.23705522852228,89.67266
CS2_35,86.18589454126784,89.53366
CS2_35,86.1329989910135,89.33864
CS2_35,86.1202841761575,89.313354
CS2_35,86.09706653370556,89.42008
CS2_35,86.06914034048,89.273766
CS2_35,85.22686528568227,84.9668
CS2_35,86.00075102104864,89.37259
CS2_35,84.44702272895022,88.45731
CS2_35,84.27071033751635,88.0119
CS2_35,83.70294426567658,87.84882
CS2_35,83.61805269733384,87.58181
CS2_35,83.38865747403057,87.14358
CS2_35,84.67244715272618,88.89837
CS2_35,84.91458858654202,88.10392
CS2_35,84.31442432728343,82.16204
CS2_35,84.03125639520039,88.276115
CS2_35,84.45458196153226,89.0325
CS2_35,84.93300722263275,88.19975
CS2_35,84.99177858215131,88.19879
CS2_35,83.73294256984653,87.92436
CS2_35,83.28247019944304,87.69664
CS2_35,83.12481679268816,87.89012
CS2_35,83.09888522638774,81.95063
CS2_35,81.75577970044499,85.0444
CS2_35,82.79826374925871,87.47552
CS2_35,83.31157974902199,87.71858
CS2_35,84.0011694467494,87.96497
CS2_35,84.20619765689,87.844925
CS2_35,83.24068886923027,87.34493
CS2_35,82.99707822301431,87.54477
CS2_35,82.96815558381238,87.78832
CS2_35,82.76668766957512,87.44411
CS2_35,81.84100010449121,85.04798
CS2_35,82.65682463992225,84.84452
CS2_35,83.7507424427939,87.65543
CS2_35,83.56782739610777,87.49533
CS2_35,81.80863770368096,85.00684
CS2_35,82.58247093435406,86.77728
CS2_35,82.33880200245481,87.22441
CS2_35,82.22127008798553,86.61446
CS2_35,82.18902260729926,87.171455
CS2_35,83.01966898931708,87.6974
CS2_35,82.37060288403508,84.719826
CS2_35,82.2795317812627,86.84155
CS2_35,82.08042654287799,86.93978
CS2_35,82.20728061610953,86.90785
CS2_35,82.13019031901673,86.97363
CS2_35,82.07122983830075,86.962364
CS2_35,82.5326470865368,86.8507
CS2_35,82.84448889840851,87.28313
CS2_35,82.91659607206743,87.08616
CS2_35,81.92846754106911,86.58943
CS2_35,81.88612866261722,86.60671
CS2_35,81.88054581967258,86.59561
CS2_35,81.81624718817146,86.60043
CS2_35,81.5905219246224,86.703445
CS2_35,82.34216162563825,87.14056
CS2_35,82.46910906375248,87.0093
CS2_35,82.51200058820773,86.708206
CS2_35,82.5070843268816,86.72294
CS2_35,82.49817794988253,86.72294
CS2_35,82.48237595976015,86.72294
CS2_35,82.47082484879294,86.7738
CS2_35,71.1491425337833,81.23381
CS2_35,82.42442664054262,87.39987
CS2_35,82.43539680828997,86.745476
CS2_35,71.11550679704399,81.24765
CS2_35,82.36019666412902,86.953835
CS2_35,82.34237906703545,86.98136
CS2_35,82.30607783017861,86.550316
CS2_35,82.18504995283556,86.40772
CS2_35,82.14363642964005,86.38018
CS2_35,81.91783636940495,81.0096
CS2_35,81.6641969397064,86.60223
CS2_35,81.85390625833475,86.61705
CS2_35,82.20769358826242,86.72704
CS2_35,82.21193597549137,86.317215
CS2_35,81.29772432783075,86.31208
CS2_35,81.07244705963556,86.18204
CS2_35,81.04166391758089,86.2823
CS2_35,80.86726364655334,86.18768
CS2_35,80.72261956010051,86.14971
CS2_35,81.2525490791204,86.28378
CS2_35,81.41325994770786,85.919174
CS2_35,81.46241353827043,86.15721
CS2_35,80.44171618667069,85.80639
CS2_35,80.27978480049875,85.66304
CS2_35,80.25462618028435,85.66857
CS2_35,80.08910886404337,85.911255
CS2_35,80.13869738872434,85.86196
CS2_35,80.74656647764506,86.1722
CS2_35,80.8033027491524,85.902885
CS2_35,80.46470461001101,85.383934
CS2_35,79.82624349512822,85.820335
CS2_35,78.75327069971195,83.0984
CS2_35,79.80905752885184,85.374695
CS2_35,79.48443593709747,84.95306
CS2_35,79.2558280745491,85.39975
CS2_35,79.34783617673263,84.172485
CS2_35,80.26542625980532,85.44306
CS2_35,79.54728830738442,85.326065
CS2_35,78.28655795909665,83.08761
CS2_35,78.50094756715554,82.19061
CS2_35,79.28615071118963,85.184906
CS2_35,79.14819264312307,84.5371
CS2_35,78.50107996702096,83.13304
CS2_35,79.72002896874176,85.446945
CS2_35,79.74886619353936,85.473434
CS2_35,78.97688893831963,82.3812
CS2_35,79.79118478881483,84.58349
CS2_35,68.1197509880628,79.74232
CS2_35,78.9604732300998,84.38151
CS2_35,79.82744174684053,84.70163
CS2_35,79.85392607011705,84.7073
CS2_35,79.86089361599625,85.48693
CS2_35,79.85788863647556,85.49239
CS2_35,79.8702382713089,85.41682
CS2_35,79.89339462505178,85.48693
CS2_35,79.83688257505707,84.71181
CS2_35,79.8335281868811,84.71305
CS2_35,79.83400433844166,84.71209
CS2_35,79.84193493386759,84.71209
CS2_35,78.68045282828923,79.83498
CS2_35,78.30931798755904,82.774925
CS2_35,78.42905973362897,84.21788
CS2_35,78.96964274554603,84.04395
CS2_35,79.03158393303993,84.17525
CS2_35,78.25785518244324,82.94799
CS2_35,78.05974822129961,82.79592
CS2_35,78.00080349913162,82.33554
CS2_35,78.0896908431251,82.98938
CS2_35,78.01788416906004,82.52645
CS2_35,78.34476993244822,83.74081
CS2_35,78.57893666328795,83.743835
CS2_35,78.60371046868276,83.743835
CS2_35,77.74301083184525,82.333694
CS2_35,76.6839267009829,81.84553
CS2_35,77.60457853207812,82.34997
CS2_35,77.56839098385204,81.69672
CS2_35,77.43859353908769,81.48414
CS2_35,77.84694298879276,82.49629
CS2_35,77.14355890836524,82.054054
CS2_35,77.96191853942095,81.99564
CS2_35,77.02152380749347,81.50674
CS2_35,76.77035657889829,80.995346
CS2_35,76.77642895914128,80.991196
CS2_35,76.62008274659199,80.87257
CS2_35,76.47405045471322,77.84758
CS2_35,77.37661933663115,77.70292
CS2_35,77.59644913287606,82.23889
CS2_35,77.67095533937017,82.22499
CS2_35,64.83382524381882,77.21493
CS2_35,76.60881127466172,80.80159
CS2_35,76.75942619771516,80.69262
CS2_35,76.88811724127245,81.16183
CS2_35,76.86069145368715,81.14604
CS2_35,77.27872291029979,81.19866
CS2_35,77.63769531266182,81.39196
CS2_35,77.74098479733908,81.21617
CS2_35,77.77760385997968,81.32973
CS2_35,76.97291332430804,83.74474
CS2_35,77.80069522986204,81.21623
CS2_35,77.80806384579328,81.32973
CS2_35,77.78632218231934,81.32973
CS2_35,77.77265599281652,81.32973
CS2_35,77.75996036882583,81.329544
CS2_35,77.74708090171617,81.32973
CS2_35,77.72063702853846,81.329544
CS2_35,77.68450018130319,81.329544
CS2_35,77.64140613200061,81.414604
CS2_35,66.5859189204465,79.16192
CS2_35,77.57272167090396,81.21023
CS2_35,77.68271258511076,77.97483
CS2_35,77.27165472045576,80.99747
CS2_35,77.06390145097471,81.230644
CS2_35,77.70138415536071,81.39402
CS2_35,77.69522960310545,81.40376
CS2_35,76.92882911564766,80.39287
CS2_35,76.29845519536552,79.590256
CS2_35,76.2853520047507,79.49096
CS2_35,76.30748001477076,79.52543
CS2_35,76.11327058333842,79.800026
CS2_35,76.04859403098482,79.43228
CS2_35,77.13100183275213,81.07691
CS2_35,77.19162737351093,81.11842
CS2_35,76.67532710343275,81.12879
CS2_35,76.00835029800902,80.13103
CS2_35,75.87405370337163,79.805435
CS2_35,76.02314424169418,79.72912
CS2_35,75.84622690163685,80.55367
CS2_35,75.77176005150642,80.578255
CS2_35,76.61878509515218,81.01626
CS2_35,75.96090291653,83.034004
CS2_35,76.59848727809708,81.12071
CS2_35,75.35326196103247,79.75345
CS2_35,75.00236932146733,79.42434
CS2_35,77.7038298757717,78.241936
CS2_35,76.46403397720903,80.80406
CS2_35,74.2052979655021,78.68152
CS2_35,72.99005172572349,78.79067
CS2_35,73.97458311322671,77.90567
CS2_35,74.03687593046612,79.74875
CS2_35,73.86220148718522,79.47079
CS2_35,71.72830834251714,78.57749
CS2_35,58.19534764240126,75.63414
CS2_35,70.51546540233323,80.3994
CS2_35,70.09224669997631,80.18458
CS2_35,69.79481857796267,80.12572
CS2_35,69.49490346038006,79.36866
CS2_35,70.66130891537337,80.1947
CS2_35,70.9486089729885,80.75215
CS2_35,70.33911847943804,79.79653
CS2_35,68.84644571649208,79.36866
CS2_35,68.59733646981796,78.99479
CS2_35,68.23349973106528,78.41126
CS2_35,68.01587968479575,77.971886
CS2_35,66.52860333732332,75.431114
CS2_35,68.26088411989643,78.43535
CS2_35,68.85121309317461,79.11202
CS2_35,69.14985755693532,79.09705
CS2_35,67.39891918157639,78.15272
CS2_35,66.51456855861551,78.16767
CS2_35,66.5650180503639,78.131744
CS2_35,66.31354235032117,75.73134
CS2_35,66.09628525785595,75.76679
CS2_35,65.87090537791579,76.443504
CS2_35,65.39269488998688,76.34696
CS2_35,65.20758105539203,76.32344
CS2_35,65.31978517854449,76.34696
CS2_35,64.91566209754782,76.400406
CS2_35,64.35207808556736,75.25887
CS2_35,65.36113014963085,76.36702
CS2_35,66.1328244760754,76.41166
CS2_35,66.4204065149439,76.46674
CS2_35,65.95553615216438,76.45291
CS2_35,66.19380584321564,76.44636
CS2_35,65.9594488771224,76.402214
CS2_35,65.59095635365728,75.62382
CS2_35,66.4264894842031,76.44442
CS2_35,66.18477063485115,76.44016
CS2_35,65.76353587150582,75.55258
CS2_35,66.26141553344792,76.429054
CS2_35,66.21590963476798,76.42295
CS2_35,66.1201983022112,76.43408
CS2_35,66.00396472817538,76.40912
CS2_35,65.83456379842636,76.36935
CS2_35,68.80508270699963,78.803505
CS2_35,67.17927639873223,75.05802
CS2_35,56.175186446426565,71.55947
CS2_35,65.94748807452262,75.51502
CS2_35,66.45394141561599,76.421745
CS2_35,66.18265626746748,76.39678
CS2_35,66.01009768827389,76.431435
CS2_35,65.88166175728281,76.4024
CS2_35,54.653276306743095,68.99664
CS2_35,65.80199433230108,76.42993
CS2_35,65.67329159118825,75.695984
CS2_35,65.20430311498274,76.26035
CS2_35,64.85577190949269,75.24035
CS2_35,64.60522193306566,75.29937
CS2_35,64.42629126728362,75.21864
CS2_35,64.29088426783902,75.20796
CS2_35,52.42622053559908,58.805035
CS2_35,63.9545160340008,75.185776
CS2_35,64.47230726675497,75.319855
CS2_35,64.99439651317005,75.35562
CS2_35,63.83244651812606,75.161804
CS2_35,63.432420416355704,73.8889
CS2_35,63.10395964700915,73.015366
CS2_35,62.864745217317974,73.95019
CS2_35,62.64464842081237,73.93741
CS2_35,62.438392233966454,73.9418
CS2_35,49.82812681850689,61.73428
CS2_35,62.12695772039382,71.93974
CS2_35,62.2320818175497,74.239265
CS2_35,61.70427208612801,77.02716
CS2_35,62.10770372909341,72.08048
CS2_35,61.70547769108903,72.185165
CS2_35,61.46412142620545,71.9133
CS2_35,60.82527507002084,70.588356
CS2_35,60.5214793028496,67.63135
CS2_35,60.29619128769903,67.99184
CS2_35,60.2461231104215,67.99184
CS2_35,60.36562639650216,68.00235
CS2_35,47.609671828714234,51.788975
CS2_35,60.186303485855355,67.60134
CS2_35,60.00458676662037,70.2824
CS2_35,59.70609860510474,67.980774
CS2_35,59.573833648215235,67.98797
CS2_35,59.39892643050174,67.94975
CS2_35,59.29102406834965,70.250725
CS2_35,59.182791861678815,70.30561
CS2_35,59.05282853893951,69.313126
CS2_35,59.176185362806265,68.04453
CS2_35,59.181897630611715,68.04453
CS2_35,59.25040901705771,67.95593
CS2_35,62.079152554757485,72.13129
CS2_35,60.905347329839984,72.00957
CS2_35,60.095107869082696,70.28892
CS2_35,59.58616082963527,69.41268
CS2_35,59.172055515410925,67.09995
CS2_35,58.92955166223187,69.59748
CS2_35,58.60707285043344,67.179985
CS2_35,58.53026485438634,66.14322
CS2_35,58.59781901592158,67.209785
CS2_35,58.70410026389966,67.19123
CS2_35,58.040392565041884,66.74821
CS2_35,57.50344440592242,66.72677
CS2_35,57.02120157746663,66.61385
CS2_35,56.521381230870794,66.475975
CS2_35,56.14477349100149,61.806026
CS2_35,55.922676680881345,64.16121
CS2_35,55.703321816809456,66.491745
CS2_35,55.76416385261575,66.312675
CS2_35,55.92409400393844,61.937237
CS2_35,55.86185679828192,66.39276
CS2_35,55.59735853153738,72.76662
CS2_35,54.857680899136305,70.22267
CS2_35,54.751448460265394,61.79954
CS2_35,54.58130255289203,63.559734
CS2_35,54.36523747160605,66.62261
CS2_35,53.84329931122954,71.46825
CS2_35,54.058607337620415,66.2959
CS2_35,54.24116286022341,61.98591
CS2_35,54.390379378466335,66.57926
CS2_35,54.175924137143525,62.661396
CS2_35,53.87835901201736,63.20416
CS2_35,53.21054127905713,61.472527
CS2_35,53.00445631090059,62.733364
CS2_35,52.60987862742132,66.56643
CS2_35,52.423890391169735,66.507744
CS2_35,51.900279074943235,67.97094
CS2_35,52.04938180638475,55.977768
CS2_35,51.84188373155365,56.714283
CS2_35,51.653525565887946,52.888573
CS2_35,51.45857950280249,56.549805
CS2_35,37.16447317337914,50.508816
CS2_35,53.12194537735561,61.54071
CS2_35,53.6578225827209,66.316765
CS2_35,53.390349762388,68.806564
CS2_35,53.92473973161142,66.196365
CS2_35,53.899379490109865,66.19357
CS2_35,53.89262602566429,66.13705
CS2_35,53.84935835639458,66.26214
CS2_35,53.80158632967973,66.240715
CS2_35,53.72262158709267,66.24344
CS2_35,53.305491668658924,66.1454
CS2_35,52.10927769396535,54.446114
CS2_35,51.27001922851869,56.010635
CS2_35,50.648096713303545,56.597572
CS2_35,50.158445606765625,57.300106
CS2_35,49.725711848569595,56.616962
CS2_35,49.29882180393469,56.830967
CS2_35,49.105055202665866,56.668144
CS2_35,48.790058237669015,56.24711
CS2_35,48.97752492109244,55.14931
CS2_35,48.77813131980993,56.3657
CS2_35,48.24630259923809,55.396896
CS2_35,48.45773506343954,55.88403
CS2_35,48.0594815209015,57.01015
CS2_35,47.24510862124169,54.525784
CS2_35,46.94852409665751,55.14291
CS2_35,46.692415936132186,58.431595
CS2_35,47.42143265398199,54.489536
CS2_35,47.56651236627349,55.571774
CS2_35,47.537966371184254,55.538208
CS2_35,47.565572981504296,55.47996
CS2_35,48.092476036213185,56.052822
CS2_35,47.771345326331826,56.832256
CS2_35,47.32085184194214,54.953896
CS2_35,46.88006717428801,55.607117
CS2_35,46.358622687471716,58.103107
CS2_35,46.38872510315453,55.053165
CS2_35,45.76454387692772,52.825542
CS2_35,44.912587620014754,31.967604
CS2_35,44.57000072494873,27.746244
CS2_35,44.57811148111145,42.95092
CS2_35,44.36360065727972,41.978493
CS2_35,43.66095846056275,39.587948
CS2_35,43.539459870951696,42.326096
CS2_35,43.38056783747533,27.74035
CS2_35,43.11768315525633,27.753948
CS2_35,43.98290016455322,27.552496
CS2_35,43.98290016455322,27.552496
CS2_35,41.72852540383291,17.446884
CS2_35,41.72852540383291,17.446884
CS2_35,40.82776449164017,15.908172
CS2_35,40.82776449164017,15.908172
CS2_35,40.45240643573372,15.946148
CS2_35,40.45240643573372,15.946148
CS2_35,38.90116769873476,15.798583
CS2_35,38.90116769873476,15.798583
CS2_35,38.00501715812465,15.81845
CS2_35,38.00501715812465,15.81845
CS2_35,37.32442269343011,15.780913
CS2_35,37.32442269343011,15.780913
CS2_35,36.762313152713055,15.463297
CS2_35,36.762313152713055,15.463297
CS2_35,36.2785263833638,15.928824
CS2_35,36.2785263833638,15.928824
CS2_35,35.80464282454906,15.8634405
CS2_35,35.80464282454906,15.8634405
CS2_35,35.009795606668334,15.842656
CS2_35,35.009795606668334,15.842656
CS2_35,34.9267499908374,15.871362
CS2_35,34.9267499908374,15.871362
CS2_35,34.94038140745625,15.842656
CS2_35,34.94038140745625,15.842656
CS2_35,35.365747972150814,15.916046
CS2_35,35.365747972150814,15.916046
CS2_35,35.27521443428509,15.908125
CS2_35,35.27521443428509,15.908125
CS2_35,34.97512402081651,15.8634405
CS2_35,34.97512402081651,15.8634405
CS2_35,34.46250589766856,14.256897
CS2_35,34.46250589766856,14.256897
CS2_35,34.01588186089376,15.8634405
CS2_35,34.01588186089376,15.8634405
CS2_35,33.120184910407694,9.239431
CS2_35,33.120184910407694,9.239431
CS2_35,32.856606123843335,15.775353
CS2_35,32.856606123843335,15.775353
CS2_35,23.506856040913345,9.239033
CS2_35,23.506856040913345,9.239033
CS2_35,32.39557797396972,15.838272
CS2_35,32.39557797396972,15.838272
CS2_35,32.093893169636864,15.899761
CS2_35,32.093893169636864,15.899761
CS2_35,31.692956702226155,15.929208
CS2_35,31.692956702226155,15.929208
CS2_35,22.749354695667876,9.1049
CS2_35,22.749354695667876,9.1049
CS2_35,21.641112767462058,9.2412405
CS2_35,21.641112767462058,9.2412405
CS2_35,31.057057211561006,15.8407135
CS2_35,31.057057211561006,15.8407135
CS2_35,30.604125525275716,9.25353
CS2_35,30.604125525275716,9.25353
CS2_35,31.144061780444403,15.885962
CS2_35,31.144061780444403,15.885962
CS2_35,31.363169889316605,15.929208
CS2_35,31.363169889316605,15.929208
CS2_35,22.528158438561185,9.164403
CS2_35,22.528158438561185,9.164403
CS2_35,31.79343469924033,15.740297
CS2_35,31.79343469924033,15.740297
CS2_35,31.78687609005566,15.857279
CS2_35,31.78687609005566,15.857279
CS2_35,31.476742340426327,15.916244
CS2_35,31.476742340426327,15.68566
CS2_35,30.54015303373368,15.65475
CS2_35,30.54015303373368,15.65475
CS2_35,29.508075596296834,15.649503
CS2_35,29.508075596296834,15.649503
CS2_35,29.21236665451469,15.649503
CS2_35,29.21236665451469,15.649503
CS2_35,28.87911115590449,15.649503
CS2_35,28.87911115590449,15.649503
CS2_35,28.58611323672957,15.619417
CS2_35,28.58611323672957,15.619417
CS2_35,28.36414314880034,15.619417
CS2_35,28.36414314880034,15.619417
CS2_35,28.12223944232133,15.642355
CS2_35,28.12223944232133,15.642355
CS2_35,27.82390098363247,11.046243
CS2_35,27.82390098363247,11.046243
CS2_35,27.550389324460774,15.586792
CS2_35,27.550389324460774,15.586792
CS2_35,27.663217749237116,15.586792
CS2_35,27.663217749237116,15.586792
CS2_35,27.802424041051005,15.609711
CS2_35,27.802424041051005,15.609711
CS2_35,27.65373930529972,9.030355
CS2_35,27.65373930529972,9.030355
CS2_35,27.576420402821032,15.602563
CS2_35,27.576420402821032,15.602563
CS2_35,26.928393288653435,6.4925203
CS2_35,26.928393288653435,6.4925203
CS2_35,27.24423705864605,15.586792
CS2_35,27.24423705864605,15.586792
CS2_35,26.688555294441596,15.615498
CS2_35,26.688555294441596,15.615498
CS2_36,100.10565007731027,100.2917
CS2_36,100.0,100.21531
CS2_36,99.9585801179834,100.174995
CS2_36,99.86307981945785,98.57249
CS2_36,99.60941189831509,99.32922
CS2_36,99.58088881687662,98.74094
CS2_36,98.41163843279199,89.783714
CS2_36,98.36857739940014,98.12374
CS2_36,98.08262625072051,98.49081
CS2_36,97.86731635656096,97.85308
CS2_36,97.55528163589118,98.09195
CS2_36,98.01050613260696,97.74289
CS2_36,98.13401464565852,97.69665
CS2_36,98.14380953271726,97.23758
CS2_36,97.32651435026874,87.67527
CS2_36,98.09156381631479,97.072754
CS2_36,98.06501002176496,97.29164
CS2_36,98.04653475541879,97.27386
CS2_36,97.98944078463641,97.49144
CS2_36,97.923131738175,97.51096
CS2_36,97.86632274492325,97.49525
CS2_36,97.8096463492808,97.11835
CS2_36,97.77328453524402,96.09879
CS2_36,96.94641481481735,87.10944
CS2_36,96.87369509538291,86.96948
CS2_36,96.81494700989354,87.58732
CS2_36,96.76356997044542,86.96948
CS2_36,96.65732495397032,96.21564
CS2_36,96.30888538739305,95.63092
CS2_36,96.10697810031603,96.483055
CS2_36,95.96289528790548,96.01136
CS2_36,95.78001029454532,95.803825
CS2_36,96.48730962320082,96.07096
CS2_36,95.80101259113154,87.54725
CS2_36,95.76621683328572,95.23852
CS2_36,95.43166590724016,94.919525
CS2_36,95.39096630721163,94.53992
CS2_36,95.25969298493948,94.54146
CS2_36,95.3138014723441,94.76579
CS2_36,95.92333902673349,95.42889
CS2_36,95.20777720395307,87.466866
CS2_36,94.32749600560061,87.23748
CS2_36,94.98246098859472,94.67025
CS2_36,94.14560041064223,86.83828
CS2_36,94.88907414135109,93.74739
CS2_36,94.77515162722739,94.29106
CS2_36,94.65546631129652,86.79716
CS2_36,95.57717147672078,95.2705
CS2_36,94.84337727049106,93.651085
CS2_36,94.72014611451715,94.60782
CS2_36,94.62597464316225,93.96023
CS2_36,93.72990418091463,86.8051
CS2_36,94.342025215798,93.5461
CS2_36,97.43456521696659,94.25846
CS2_36,97.21416947593148,95.871475
CS2_36,96.70330631844422,86.86373
CS2_36,97.47315060471095,94.24603
CS2_36,96.74145197994781,94.00056
CS2_36,86.5703309563731,90.78003
CS2_36,96.393242115115,93.80642
CS2_36,96.2045464436516,93.990906
CS2_36,94.80403797933963,86.65362
CS2_36,95.78562207439296,92.99014
CS2_36,95.62829293746063,93.43907
CS2_36,95.08658101887943,92.75581
CS2_36,94.9678460660681,92.53008
CS2_36,94.8314086770852,92.63717
CS2_36,94.74127798751613,92.73431
CS2_36,94.44937063304519,92.760704
CS2_36,93.78694873182086,86.44952
CS2_36,93.73600772562185,85.94363
CS2_36,93.34198355204657,86.48291
CS2_36,93.27931827110784,86.56805
CS2_36,94.02034840530496,92.72797
CS2_36,93.9481212807375,92.644165
CS2_36,93.80364985122131,92.36766
CS2_36,94.00547538851751,92.38375
CS2_36,93.94586599107309,93.36405
CS2_36,93.87848326115108,92.90299
CS2_36,93.03171267152588,86.42952
CS2_36,93.79841873946738,93.19935
CS2_36,83.65495730312779,89.276344
CS2_36,82.79049656111032,86.667984
CS2_36,93.64461812852703,92.53821
CS2_36,93.57396119607264,92.54315
CS2_36,93.52525027703969,92.71578
CS2_36,93.4733055033939,92.56652
CS2_36,83.18041662428553,89.671646
CS2_36,93.376685267325,92.53821
CS2_36,92.59594900462605,86.304436
CS2_36,93.28315874343345,91.5314
CS2_36,93.22373358886968,92.63196
CS2_36,93.12548611760242,92.46403
CS2_36,92.56687395853073,91.84619
CS2_36,92.43959020140645,92.019936
CS2_36,92.33597455523955,91.884254
CS2_36,93.02531929135216,90.7704
CS2_36,92.20245487051928,86.177704
CS2_36,92.9455741041119,92.0264
CS2_36,93.41657390149506,91.65197
CS2_36,93.51397369658956,91.50878
CS2_36,93.06220199928885,91.69913
CS2_36,92.80235884912564,91.70363
CS2_36,92.79129600519205,90.72791
CS2_36,92.75354744297464,91.15142
CS2_36,92.51672058574084,90.63723
CS2_36,93.09873765379226,91.759384
CS2_36,93.23202966376147,91.241455
CS2_36,82.6130013793535,86.49405
CS2_36,92.36825052481595,91.491425
CS2_36,92.36364974375108,91.643745
CS2_36,92.34559897532779,91.03596
CS2_36,92.11465877746764,91.57146
CS2_36,92.40776011813334,91.67568
CS2_36,92.81578465287124,91.5339
CS2_36,82.21623561480092,86.507126
CS2_36,92.03375843822758,91.04738
CS2_36,91.92399971799881,91.007904
CS2_36,91.94919139270874,91.03228
CS2_36,90.9823500322482,84.92462
CS2_36,91.61159906914367,90.67119
CS2_36,91.56954507562,86.02922
CS2_36,91.65650061288969,86.01268
CS2_36,92.61190684621025,91.8463
CS2_36,92.72286568985487,91.21676
CS2_36,91.99474013045023,86.06222
CS2_36,92.04629034756266,86.00477
CS2_36,92.89525244320672,91.408226
CS2_36,92.96477524170888,91.34437
CS2_36,92.9703432917907,91.524826
CS2_36,92.9901627564367,91.37783
CS2_36,93.01034511406678,91.299736
CS2_36,93.02259132823475,91.59163
CS2_36,93.03150309846797,91.75036
CS2_36,93.04385418308253,91.6527
CS2_36,93.04422973022953,91.6527
CS2_36,93.04356869987606,91.41248
CS2_36,92.43268909030917,90.96013
CS2_36,91.771487933001,90.98595
CS2_36,91.72886389760029,90.06159
CS2_36,91.66911521307694,90.10476
CS2_36,91.4784396407901,90.995605
CS2_36,92.14991323523279,90.97652
CS2_36,92.39482626539169,91.72552
CS2_36,92.20316746141934,91.20885
CS2_36,91.3501808346841,91.00482
CS2_36,92.0973735182383,90.882225
CS2_36,92.23996182268492,91.596664
CS2_36,92.73278860590555,91.78338
CS2_36,92.7979963662018,92.022064
CS2_36,91.69694715499288,90.09687
CS2_36,91.69603365162354,90.09143
CS2_36,91.72902301931397,90.10258
CS2_36,91.62409003090403,90.63775
CS2_36,91.59186326415087,90.98362
CS2_36,92.29312031708979,91.41985
CS2_36,92.40638485549822,91.7536
CS2_36,91.57271842436036,90.99129
CS2_36,91.40713900519565,90.97367
CS2_36,91.39628391736044,90.97367
CS2_36,90.56879811485038,85.81469
CS2_36,91.11223437624041,91.043205
CS2_36,91.94046438365437,91.633514
CS2_36,92.11400340724282,91.487564
CS2_36,91.3991742227926,91.29821
CS2_36,91.07829453425799,91.48346
CS2_36,91.18405978176033,91.56387
CS2_36,91.10266022846402,91.4751
CS2_36,90.89033166097376,89.859055
CS2_36,91.62610264275351,91.630165
CS2_36,91.82122780051972,90.688515
CS2_36,81.95844807487121,87.55319
CS2_36,91.91801763010841,91.013626
CS2_36,91.15608717576849,85.921455
CS2_36,92.0085462191828,90.89601
CS2_36,91.2515016311233,85.96592
CS2_36,91.28280613491935,85.924
CS2_36,91.28466919285827,84.850266
CS2_36,91.28044222658285,85.917404
CS2_36,92.07647155435228,91.11731
CS2_36,91.27813633018452,85.99136
CS2_36,92.09065625241021,91.11731
CS2_36,92.1038483210139,91.11731
CS2_36,92.11353631403215,91.18976
CS2_36,92.20788168575655,91.10632
CS2_36,92.2224626510963,91.15667
CS2_36,91.31185003658653,91.27578
CS2_36,91.09648091609907,91.49758
CS2_36,91.05421587610584,91.562775
CS2_36,90.97232809754911,91.61494
CS2_36,90.70894014811813,91.13574
CS2_36,91.45643799673076,91.35776
CS2_36,91.5990703359481,90.9617
CS2_36,90.99680586611244,90.8859
CS2_36,90.63280295492888,91.288445
CS2_36,90.69073800808538,91.074844
CS2_36,90.98535428336511,90.104645
CS2_36,90.8614333121106,84.80018
CS2_36,91.8083335027437,91.06102
CS2_36,91.3012764460025,90.88311
CS2_36,90.88854254989454,91.146935
CS2_36,91.01377447220428,91.07757
CS2_36,90.95907259444336,89.82866
CS2_36,80.35744872897858,86.31983
CS2_36,91.09146481014854,91.72626
CS2_36,91.4570822651253,91.06466
CS2_36,90.75642042043387,84.80195
CS2_36,90.71518865709432,91.506516
CS2_36,90.72464132491696,91.52521
CS2_36,90.67703509911982,91.08688
CS2_36,89.85729464954699,85.72974
CS2_36,90.67581707209372,91.10246
CS2_36,90.53202840207636,84.80065
CS2_36,90.63899286546008,85.87674
CS2_36,89.89969775935566,85.808495
CS2_36,90.66084338757686,91.08688
CS2_36,90.70742665136243,91.34196
CS2_36,91.37349229704306,90.9728
CS2_36,90.66785454338425,85.88548
CS2_36,90.66609474999456,85.83491
CS2_36,91.48222452213804,91.00927
CS2_36,91.49508258623759,90.95112
CS2_36,90.7023431897352,85.888115
CS2_36,90.72147053314323,85.82039
CS2_36,90.80022337531686,84.76008
CS2_36,91.58836667549818,91.112236
CS2_36,90.79193710494499,85.84827
CS2_36,81.18664269454473,86.375275
CS2_36,90.76594301666609,85.81978
CS2_36,90.7664676479863,85.82261
CS2_36,90.76993940601044,84.76008
CS2_36,90.7603036663971,85.85639
CS2_36,91.56891970540993,91.06436
CS2_36,90.76789609832363,85.872826
CS2_36,91.56049014081194,91.080795
CS2_36,90.74973059994407,85.87233
CS2_36,90.78043534010607,90.79928
CS2_36,89.90973288697775,85.70139
CS2_36,90.62831446047898,90.820274
CS2_36,89.59127975392461,85.611244
CS2_36,90.19343042355864,89.69322
CS2_36,90.87469118966588,90.845474
CS2_36,91.04369144727293,90.624054
CS2_36,89.78131835614678,85.69706
CS2_36,89.37399907367606,85.59603
CS2_36,90.20345107555428,90.8094
CS2_36,91.50216559018645,90.74818
CS2_36,91.13955303883002,84.74108
CS2_36,92.16403867655319,91.13336
CS2_36,91.78856206452517,89.72362
CS2_36,91.11518647440853,91.03051
CS2_36,90.28089569346814,85.74322
CS2_36,91.01732186936691,90.45355
CS2_36,12.862606604823974,59.016552
CS2_36,90.37824092067474,88.49755
CS2_36,89.33257094736013,85.639854
CS2_36,90.91477385604946,89.61203
CS2_36,91.07290539979336,90.3968
CS2_36,90.64095546968115,91.01917
CS2_36,90.12738971572982,89.82163
CS2_36,90.15192753137457,89.71087
CS2_36,90.20921639447373,90.03061
CS2_36,90.14780418378446,87.73998
CS2_36,90.00627023718992,89.942635
CS2_36,90.03180260885648,89.809
CS2_36,90.65045886142087,90.99529
CS2_36,90.92205092353778,90.633865
CS2_36,90.88654808848202,90.70507
CS2_36,90.0268908996439,90.46461
CS2_36,89.3080617605879,85.5927
CS2_36,89.93733324058172,90.81624
CS2_36,89.8230448390228,90.896484
CS2_36,90.04137026034168,90.303635
CS2_36,90.47660299254994,90.31997
CS2_36,90.56475189381324,90.69037
CS2_36,89.60530222216676,90.58326
CS2_36,89.62580380246635,91.39289
CS2_36,89.59459204571178,91.13846
CS2_36,89.59561815648433,91.38407
CS2_36,89.56549251599614,91.08839
CS2_36,90.09022684330648,89.83984
CS2_36,90.19673281986853,90.871895
CS2_36,90.24641347602082,90.685005
CS2_36,89.47645624601395,85.66658
CS2_36,90.31539042613839,90.870995
CS2_36,90.348810749732,90.30857
CS2_36,90.40896972360606,90.46998
CS2_36,90.40299887580807,90.34443
CS2_36,89.63334249853534,85.76213
CS2_36,90.38575689583256,90.482
CS2_36,90.35451436093155,90.34567
CS2_36,90.45305890993205,90.55314
CS2_36,90.40504781623864,90.4711
CS2_36,90.43622269017682,90.45626
CS2_36,90.44633997977989,90.36877
CS2_36,90.49062908663772,90.714
CS2_36,90.16528590763282,90.52963
CS2_36,88.39085811125558,85.63562
CS2_36,89.31906815881693,89.73341
CS2_36,89.14215152199155,89.394455
CS2_36,88.97932141560703,90.15004
CS2_36,89.33883781174877,90.50731
CS2_36,89.77154690177784,90.754166
CS2_36,89.84313125624276,90.6821
CS2_36,88.82141741880778,89.82178
CS2_36,88.76924081320031,90.456665
CS2_36,88.78870902940635,90.07809
CS2_36,88.76074442481811,90.07809
CS2_36,88.52285270171444,89.09957
CS2_36,88.45088515656762,85.59759
CS2_36,89.37532113516397,89.76029
CS2_36,78.11118344568324,83.882
CS2_36,89.52842196105367,90.44531
CS2_36,89.4404723941684,89.975006
CS2_36,89.89181840154988,91.23723
CS2_36,90.09890632480729,89.616486
CS2_36,90.1347979945627,89.65568
CS2_36,89.03064114285742,89.61788
CS2_36,89.02004199758227,90.34546
CS2_36,88.92309642459577,90.08599
CS2_36,88.86063326517909,90.078224
CS2_36,88.94438374397522,90.40884
CS2_36,88.60843231829485,85.60932
CS2_36,89.49420118739842,90.07632
CS2_36,88.7192045167217,85.66867
CS2_36,89.53702285101521,90.522095
CS2_36,89.59542161822547,90.40891
CS2_36,89.59203243927908,90.41406
CS2_36,89.58004893785332,90.41406
CS2_36,89.5501684075502,90.12485
CS2_36,89.53059327579074,90.32811
CS2_36,89.50166791103692,90.39691
CS2_36,79.01008075266877,84.42392
CS2_36,89.45675007373279,90.28764
CS2_36,89.45859003035162,90.455
CS2_36,89.45287391633249,91.240074
CS2_36,79.06202035101592,84.766754
CS2_36,89.42585793696158,91.26381
CS2_36,89.40288290036767,91.229065
CS2_36,88.33318583124313,89.58942
CS2_36,88.07443459570491,89.49454
CS2_36,87.98960462091111,90.00839
CS2_36,87.8274725797835,88.633736
CS2_36,87.602384814215,88.8737
CS2_36,88.50242058451808,89.537346
CS2_36,88.6412723905803,90.8657
CS2_36,88.00849179324719,90.65848
CS2_36,87.53013082732826,88.86812
CS2_36,87.54810589631357,88.818886
CS2_36,87.38898297866501,89.39763
CS2_36,87.42158485332193,89.047035
CS2_36,87.91473310916302,90.00135
CS2_36,88.06697475619194,90.87078
CS2_36,88.1272413675775,90.902725
CS2_36,87.15127925968376,89.2733
CS2_36,87.10382317004817,88.20603
CS2_36,86.93235517481459,88.49417
CS2_36,86.97880177692133,88.19432
CS2_36,87.12260945656053,89.42192
CS2_36,87.69468239175261,89.904526
CS2_36,87.7808216202817,90.02831
CS2_36,86.93661922080508,88.49827
CS2_36,87.26463139112414,89.22033
CS2_36,87.12231810768083,88.96634
CS2_36,86.76777632622725,88.49842
CS2_36,87.57609447382578,89.44532
CS2_36,87.70377251849128,90.10245
CS2_36,86.92834547267108,88.49477
CS2_36,85.74659923076065,84.55326
CS2_36,86.56991291499322,89.406975
CS2_36,86.48541721857804,90.05624
CS2_36,86.28736726834288,88.09918
CS2_36,86.93920383219115,89.48425
CS2_36,87.13572644573864,90.27916
CS2_36,87.18784444306459,90.056366
CS2_36,87.20259444775085,90.27366
CS2_36,86.42738368050016,85.67006
CS2_36,87.36220016133875,90.24838
CS2_36,87.40515071351822,90.76873
CS2_36,86.63324096672618,85.63592
CS2_36,87.45647370571749,90.76873
CS2_36,87.4647122593449,90.74576
CS2_36,87.46422222839124,90.74576
CS2_36,87.46254493629868,90.62098
CS2_36,87.46440715467281,90.62374
CS2_36,87.4742282663386,90.63658
CS2_36,87.51614043176966,90.693726
CS2_36,77.03654634410408,83.17863
CS2_36,87.46657157736598,90.62861
CS2_36,87.41744193635317,90.53233
CS2_36,86.10962824732675,88.749344
CS2_36,85.9599112150414,89.3105
CS2_36,85.89221142952212,89.096176
CS2_36,85.79088825791507,89.11763
CS2_36,85.71204658756848,89.61147
CS2_36,86.48836052285219,90.08674
CS2_36,86.64385631734545,90.39484
CS2_36,85.78957572944152,89.6076
CS2_36,85.48332128207956,89.4234
CS2_36,85.57827486765478,89.65839
CS2_36,85.34478846272702,89.05349
CS2_36,84.29105724616664,85.65005
CS2_36,85.97364696041694,88.975815
CS2_36,86.26847029792044,89.19004
CS2_36,86.07315181533521,89.38002
CS2_36,85.09104549206566,88.64775
CS2_36,85.13126485711639,89.61957
CS2_36,85.26592825800914,89.02701
CS2_36,85.11875919729405,89.03764
CS2_36,85.25152419239954,89.043724
CS2_36,85.18261989389123,85.412575
CS2_36,86.10289570076833,88.77114
CS2_36,85.6445156927328,83.19781
CS2_36,85.63592463669008,89.65225
CS2_36,85.3750937422944,88.93543
CS2_36,85.03788927960446,89.5397
CS2_36,84.8279121858086,89.53715
CS2_36,84.84702375113913,89.41774
CS2_36,84.81540771225143,89.596176
CS2_36,84.71475510171405,88.75584
CS2_36,84.49673089902286,88.76757
CS2_36,84.4854017987788,85.360306
CS2_36,85.48197220842049,89.75601
CS2_36,85.55289629395625,89.34821
CS2_36,85.58769224262068,89.359695
CS2_36,85.60373462465974,89.33519
CS2_36,84.82053048685812,85.446465
CS2_36,85.64034472895948,89.46112
CS2_36,84.36718508306667,88.32551
CS2_36,84.13333302364364,88.187775
CS2_36,84.5728522021129,88.21943
CS2_36,84.72666989729683,88.34434
CS2_36,84.73281374484085,88.35424
CS2_36,82.70189934120445,84.44201
CS2_36,83.41638960487916,86.835625
CS2_36,83.56385569404962,86.9759
CS2_36,83.43681498468791,86.9566
CS2_36,82.43031799422073,84.41999
CS2_36,83.99566842985713,88.22777
CS2_36,83.25797239459632,85.30453
CS2_36,83.46424984805742,86.84685
CS2_36,82.8612529088656,87.37777
CS2_36,82.80038709926042,86.84711
CS2_36,82.92856217534589,86.65511
CS2_36,82.93762013583486,86.65772
CS2_36,82.909378344983,87.18129
CS2_36,83.65192966744233,87.65135
CS2_36,83.74391245633193,87.0735
CS2_36,82.65301324719734,86.61405
CS2_36,82.00456217217807,86.04533
CS2_36,82.27596210521182,86.239815
CS2_36,82.42730560295814,86.53252
CS2_36,82.05958531980536,86.28104
CS2_36,82.82756537580993,87.291855
CS2_36,83.13548135498667,86.59022
CS2_36,83.21265514246036,87.08241
CS2_36,81.86640791775773,86.03315
CS2_36,81.56969719707335,86.09757
CS2_36,81.76063594611281,86.08204
CS2_36,82.05558740813987,86.23949
CS2_36,81.72430369747721,85.88606
CS2_36,82.61972189086144,86.561714
CS2_36,82.7993623677326,86.96379
CS2_36,82.06054023069986,84.65182
CS2_36,82.90067869615292,86.94627
CS2_36,82.1053657126899,83.52709
CS2_36,82.94019925911836,86.818085
CS2_36,82.21576217149922,84.514595
CS2_36,82.99402551465317,87.09657
CS2_36,82.96320112969046,86.6754
CS2_36,82.14681904500168,84.56481
CS2_36,82.90229528806057,86.86702
CS2_36,82.87092140155839,86.88012
CS2_36,82.82700139538053,86.88972
CS2_36,82.8160769350532,86.88972
CS2_36,82.00232784855078,84.45914
CS2_36,81.9805235593414,84.50696
CS2_36,82.75113875930127,86.40244
CS2_36,81.38834933828878,75.949776
CS2_36,81.83552702813628,85.54547
CS2_36,82.56262769672126,86.44966
CS2_36,81.96297022743958,84.476906
CS2_36,82.77601175618553,86.902115
CS2_36,80.39460435498725,83.37331
CS2_36,81.0569171406804,85.15814
CS2_36,80.28144230050114,82.29597
CS2_36,81.05778091873374,85.008766
CS2_36,80.75845372623888,85.20031
CS2_36,80.9342016027704,82.44124
CS2_36,81.18044940983941,84.484344
CS2_36,81.68794793968797,85.42764
CS2_36,80.54986154393491,85.10755
CS2_36,80.67894549414301,85.114235
CS2_36,79.76147250546732,82.28209
CS2_36,80.39998025369044,84.08439
CS2_36,80.10386472165239,83.84887
CS2_36,81.27238043995581,85.419815
CS2_36,81.43406650809791,85.28516
CS2_36,79.87176707644927,82.37427
CS2_36,78.94607626011747,82.033646
CS2_36,79.87579360976456,85.0354
CS2_36,79.08682114942876,82.159935
CS2_36,78.56962957384664,82.98325
CS2_36,78.02130420763685,82.06244
CS2_36,79.9889693181263,84.03645
CS2_36,80.26030369624783,83.878784
CS2_36,78.95510440967854,83.10119
CS2_36,77.5678101838564,81.65943
CS2_36,77.58469665701554,78.522415
CS2_36,76.50474279150296,74.06863
CS2_36,77.16590639065014,78.0866
CS2_36,77.4815894414179,78.24664
CS2_36,78.22188847855584,82.21443
CS2_36,79.36926465888217,83.48264
CS2_36,79.55024385455818,83.60458
CS2_36,79.65762687384542,83.50463
CS2_36,79.7350908287049,83.9361
CS2_36,79.15287897164023,82.15844
CS2_36,79.99825747775758,83.82607
CS2_36,80.04170857676145,83.61031
CS2_36,79.12490215517714,82.20525
CS2_36,79.83835783238345,84.04665
CS2_36,79.7954486268278,84.111664
CS2_36,79.75419626266554,84.11192
CS2_36,78.89677339396889,82.29166
CS2_36,79.71290012862923,83.665565
CS2_36,79.71772631671213,83.58502
CS2_36,79.70413614057261,83.691
CS2_36,77.20598011927547,74.257164
CS2_36,77.32369054370012,79.883675
CS2_36,78.64846160918235,78.44515
CS2_36,66.93012721951193,79.88729
CS2_36,79.21366541775981,83.21968
CS2_36,77.42833665717541,80.50735
CS2_36,75.60295773726713,81.38224
CS2_36,76.38097120647303,77.180336
CS2_36,76.26576486916721,76.9854
CS2_36,76.06261067532259,76.682045
CS2_36,75.78029441160167,74.0266
CS2_36,76.83808326112134,81.94576
CS2_36,77.89801168563987,80.66816
CS2_36,76.3089122789236,80.294586
CS2_36,75.39664897076527,77.44218
CS2_36,74.27704294178127,73.91274
CS2_36,23.2535445105625,60.69196
CS2_36,77.7798705568501,77.539185
CS2_36,76.65412015332295,79.8174
CS2_36,76.58580557830862,77.06879
CS2_36,76.87835233254054,77.95938
CS2_36,77.14633141575986,83.86392
CS2_36,77.3182954263956,82.05559
CS2_36,76.54955740299951,80.08245
CS2_36,75.63652894112658,76.41376
CS2_36,75.66855696514483,77.342
CS2_36,75.1999539024019,77.195946
CS2_36,75.07853954470716,78.10068
CS2_36,75.37607014802569,76.95684
CS2_36,75.74822291163807,81.45227
CS2_36,76.84084776705156,80.148155
CS2_36,75.49763760242458,79.8209
CS2_36,74.54482101803919,77.682434
CS2_36,73.71202881578012,74.0289
CS2_36,74.10563830164062,77.83277
CS2_36,73.90679920560248,77.712906
CS2_36,73.16151514247375,73.85872
CS2_36,75.39684344047004,78.0977
CS2_36,75.7167964357006,79.82737
CS2_36,74.47602137159596,78.962875
CS2_36,73.82106894178139,77.6209
CS2_36,74.17086891162337,78.080154
CS2_36,73.92685923812185,77.891525
CS2_36,73.79322840001285,77.931435
CS2_36,73.54280851656817,77.51605
CS2_36,74.31593604834099,73.92329
CS2_36,74.53134116413793,80.65506
CS2_36,74.77511740061887,79.24174
CS2_36,73.633628540741,77.78373
CS2_36,73.76288203376082,77.89078
CS2_36,72.80974050782797,73.9847
CS2_36,73.56846359876256,77.75096
CS2_36,73.26613815997959,77.24703
CS2_36,74.54124952856583,78.203804
CS2_36,74.81725284823861,79.266655
CS2_36,74.98462532512173,79.57242
CS2_36,75.04121627450273,79.52679
CS2_36,74.26657201771361,80.46367
CS2_36,74.2675330484475,80.48296
CS2_36,75.04102306025277,79.27433
CS2_36,75.11461441961734,79.667244
CS2_36,75.12061101728182,79.717705
CS2_36,75.10509925568522,79.704865
CS2_36,75.0851087734662,79.50635
CS2_36,75.10381939525608,79.620636
CS2_36,74.3307150175874,80.49375
CS2_36,75.0811389924679,79.620636
CS2_36,74.54791874124595,77.75591
CS2_36,73.7478369395935,77.12087
CS2_36,73.69155117103885,77.92978
CS2_36,74.60576797531064,77.67383
CS2_36,73.81492107848655,80.33793
CS2_36,73.09708734354827,77.98305
CS2_36,72.41473007097296,78.81414
CS2_36,72.37541497741951,78.79062
CS2_36,71.38239167079982,73.9759
CS2_36,71.89038533372252,79.10599
CS2_36,71.65893152573372,79.15898
CS2_36,72.85004793921743,78.21099
CS2_36,73.1120564753678,77.21328
CS2_36,72.38162782982947,74.24315
CS2_36,71.41017308844229,78.30158
CS2_36,71.23889742069298,80.694084
CS2_36,71.29274287106675,80.6527
CS2_36,70.9485276552677,80.27354
CS2_36,70.96904516125672,80.04371
CS2_36,71.60149890752973,79.16315
CS2_36,60.98022980271591,73.8861
CS2_36,72.2207428503853,78.65287
CS2_36,70.71806857156906,73.38487
CS2_36,70.54353236365907,80.73859
CS2_36,70.03724231427796,79.975044
CS2_36,70.61193396730819,80.42583
CS2_36,70.3185799745064,79.956245
CS2_36,58.348766929467885,71.50312
CS2_36,69.52214111976011,72.90364
CS2_36,71.2088212225846,80.61062
CS2_36,71.08411337870818,73.32885
CS2_36,60.50296199664492,73.431015
CS2_36,70.18911157608704,79.95488
CS2_36,70.47702248135276,80.36239
CS2_36,70.44286968805147,80.45571
CS2_36,69.6620576900521,72.99352
CS2_36,70.1992309523516,79.97108
CS2_36,71.0440510959649,80.32334
CS2_36,71.41004214752293,80.65881
CS2_36,71.48984012370913,79.21431
CS2_36,71.59875402607278,78.77026
CS2_36,70.79983397650416,73.350624
CS2_36,71.71888995706212,78.62053
CS2_36,71.7698751938739,78.39902
CS2_36,71.86278235512734,79.15517
CS2_36,71.81525943558258,78.714584
CS2_36,71.8123952735132,78.68718
CS2_36,71.84135745609048,78.68718
CS2_36,71.91187147625293,79.12527
CS2_36,71.15271760049289,73.32042
CS2_36,70.38277106149184,80.30822
CS2_36,69.4345371665719,78.96453
CS2_36,68.18611377161477,73.213524
CS2_36,69.43743794075782,73.055504
CS2_36,69.56171673757613,73.19581
CS2_36,68.84671930734292,73.26433
CS2_36,68.54402811676226,78.33549
CS2_36,68.63435272279217,78.75269
CS2_36,68.5196313418166,78.06406
CS2_36,68.51999786605101,78.751
CS2_36,68.42617075742847,78.69137
CS2_36,69.17025139169033,78.89638
CS2_36,69.51854836930796,79.9573
CS2_36,69.60946283783429,79.52189
CS2_36,68.1952408048809,78.75112
CS2_36,67.87034646877436,77.970505
CS2_36,67.90853678484706,77.99836
CS2_36,68.02929543855772,78.05799
CS2_36,67.86980453903386,78.00536
CS2_36,67.01547706474378,74.47738
CS2_36,68.62736576220762,78.845924
CS2_36,68.81880929252635,78.75681
CS2_36,68.86671572089031,78.792305
CS2_36,67.22677007390033,77.98533
CS2_36,66.19262466695278,75.41463
CS2_36,67.19272350341777,78.00694
CS2_36,66.29134310192562,75.413605
CS2_36,66.85172982915336,77.41827
CS2_36,66.92278516397899,77.760376
CS2_36,68.27047315289738,78.76773
CS2_36,57.2040861574066,71.3994
CS2_36,56.208464124814604,75.95945
CS2_36,67.49680129762314,77.95597
CS2_36,66.50403225618903,75.39825
CS2_36,67.39379649148259,77.95601
CS2_36,67.68156290143561,77.9158
CS2_36,66.94572356793658,74.97537
CS2_36,66.82976937523509,75.06768
CS2_36,68.58669565064406,78.77853
CS2_36,68.08129676214133,73.19133
CS2_36,68.21345054198967,73.120926
CS2_36,69.11856159427461,78.77696
CS2_36,69.1480850744571,78.29283
CS2_36,68.3550477467115,73.03116
CS2_36,69.206561640849,78.52233
CS2_36,69.24051595157553,78.75344
CS2_36,68.45974623424249,73.03728
CS2_36,69.26607785827554,78.705894
CS2_36,69.2434987567424,78.81891
CS2_36,68.42009180216291,73.13927
CS2_36,69.52830789768932,79.294044
CS2_36,67.90254440544929,73.78342
CS2_36,68.08511552463139,77.77897
CS2_36,68.45115944927949,73.12271
CS2_36,69.2921019485157,78.84826
CS2_36,68.4414813427772,73.06844
CS2_36,66.97095949612084,75.05551
CS2_36,67.05254814385529,77.834564
CS2_36,67.16520755946722,77.360374
CS2_36,65.98037499946152,75.29087
CS2_36,65.90027323720882,75.646255
CS2_36,66.54882546353751,77.65868
CS2_36,67.24312228295028,75.22493
CS2_36,68.16239175399804,78.1169
CS2_36,67.378065595435,75.175674
CS2_36,66.57702712511556,77.73473
CS2_36,66.02018605608112,76.07837
CS2_36,66.0208342846048,75.55673
CS2_36,65.64418360683582,76.08666
CS2_36,64.62712486984536,75.88111
CS2_36,65.36377728829197,75.176765
CS2_36,66.87290078901883,77.76514
CS2_36,67.00783863866407,77.79138
CS2_36,67.00416892361633,77.75235
CS2_36,65.32354287417478,74.5338
CS2_36,63.87284727355037,75.40991
CS2_36,64.38276667179137,73.785286
CS2_36,65.50826501706537,75.95371
CS2_36,64.91475612898549,73.62176
CS2_36,61.59186137560583,71.20382
CS2_36,60.48329989851198,69.249
CS2_36,62.66818564375791,70.89753
CS2_36,62.1212175020255,77.53478
CS2_36,62.123530006780825,77.43512
CS2_36,58.864014580593086,74.794525
CS2_36,58.22409379521692,66.566
CS2_36,57.52838818518582,66.651825
CS2_36,56.69782554877979,61.242786
CS2_36,43.7865516930097,58.41789
CS2_36,56.12967307305248,62.423794
CS2_36,55.54011553902672,72.54419
CS2_36,58.10249033394314,66.99258
CS2_36,57.987947880767685,74.78994
CS2_36,59.032174512217175,68.1693
CS2_36,55.959756267381536,65.615
CS2_36,55.14866995195625,64.97983
CS2_36,55.0259706604247,65.17652
CS2_36,54.44291907868363,60.146233
CS2_36,54.209934637253646,62.097855
CS2_36,53.51904667450963,59.776867
CS2_36,54.58218632853041,60.88676
CS2_36,56.1103704103858,65.667984
CS2_36,56.55681577089037,61.273525
CS2_36,56.88599653631935,62.77699
CS2_36,53.946623097032045,65.128296
CS2_36,52.8890562141602,60.14405
CS2_36,53.227900002054426,63.531136
CS2_36,52.93142843987441,62.739883
CS2_36,52.78697639125618,60.403942
CS2_36,52.15855708315226,63.164955
CS2_36,51.32680834964165,67.36587
CS2_36,51.43272442212437,55.866276
CS2_36,37.889524290959066,56.967476
CS2_36,50.83170595208034,45.82312
CS2_36,50.6281503338873,56.82819
CS2_36,50.18929986507804,56.38226
CS2_36,50.28209776642041,55.864162
CS2_36,50.42620151457914,56.580894
CS2_36,52.07848722331108,62.3455
CS2_36,51.6343873816296,65.94638
CS2_36,51.51418822711632,66.789566
CS2_36,51.45181192527101,66.789566
CS2_36,51.8743782963043,60.430565
CS2_36,51.82581394238544,57.71867
CS2_36,51.929196921017194,65.05805
CS2_36,51.94328331393125,65.06517
CS2_36,51.904454073098584,65.51048
CS2_36,54.56782452027157,69.4016
CS2_36,54.1940419228227,60.79381
CS2_36,53.133928842089226,64.95156
CS2_36,52.28778400019043,59.746
CS2_36,51.0483681946884,66.87941
CS2_36,51.17634732199656,50.672997
CS2_36,50.80265527506159,47.907482
CS2_36,50.103666911487046,67.21955
CS2_36,50.39582044462969,55.79637
CS2_36,51.7888368935741,48.543762
CS2_36,51.204744885364526,56.10872
CS2_36,50.532192809346995,67.090996
CS2_36,50.78711912219146,48.83954
CS2_36,50.2031854725909,57.06917
CS2_36,49.57780683999049,55.5307
CS2_36,49.28068219572366,57.97587
CS2_36,49.04382288718608,55.64199
CS2_36,48.93209106691809,55.709225
CS2_36,48.712318088716366,56.586086
CS2_36,48.51226978952235,47.31889
CS2_36,48.320615817707804,58.055344
CS2_36,51.851247925694366,49.19693
CS2_36,49.286458544104406,51.78087
CS2_36,48.05263200563334,58.092426
CS2_36,47.83762200233674,56.5266
CS2_36,47.31721795366505,55.094727
CS2_36,46.89247549700504,56.036095
CS2_36,35.428663175895856,48.554028
CS2_36,46.407702299353865,55.511467
CS2_36,45.77376384319139,58.21889
CS2_36,45.86727857707004,54.412148
CS2_36,45.23842063096388,56.97142
CS2_36,46.048462846711416,45.890507
CS2_36,45.804677055836244,53.04261
CS2_36,46.009258194267204,45.889168
CS2_36,45.73344332279027,52.6182
CS2_36,45.02944537326039,53.64983
CS2_36,44.411112142759414,44.198277
CS2_36,44.51745421588779,51.824966
CS2_36,43.3189370682101,41.507843
CS2_36,43.01166002639255,31.951107
CS2_36,42.57995229215242,41.95871
CS2_36,42.42461861606057,43.304646
CS2_36,42.5386415867272,41.892338
CS2_36,42.811543675224655,41.478107
CS2_36,42.747621699758504,31.297483
CS2_36,42.451069253641386,41.549225
CS2_36,41.771331816893046,42.46848
CS2_36,41.613299030217625,27.686745
CS2_36,41.21707513442103,27.610905
CS2_36,43.898070687264564,51.94749
CS2_36,42.57752279768815,43.28734
CS2_36,41.44422007636045,29.061481
CS2_36,40.676677629025725,24.226398
CS2_36,40.18809046513498,24.38995
CS2_36,39.76033581377455,15.742084
CS2_36,39.06480243141619,41.703346
CS2_36,27.92692240552605,15.728548
CS2_36,38.94254056068912,10.734248
CS2_36,38.75617596035792,16.065174
CS2_36,38.85445075204188,15.878081
CS2_36,38.80503306410348,41.789192
CS2_36,39.88971766417143,25.730492
CS2_36,37.6479901342307,41.561153
CS2_36,37.557776733524456,15.576529
CS2_36,36.851314512637664,15.960755
CS2_36,36.86780129445276,11.101169
CS2_36,35.277249595479915,15.952822
CS2_36,34.94228937471347,15.642715
CS2_36,34.09383081403587,14.241364
CS2_36,34.24441861404318,15.906541
CS2_36,34.03010512222488,15.604517
CS2_36,33.79840133632907,15.61164
CS2_36,33.96301133938414,15.942735
CS2_36,35.01199895430819,15.61164
CS2_36,34.805425225912,15.942113
CS2_36,34.95594598609876,15.633597
CS2_36,35.3663245566337,15.952822
CS2_36,35.23205733989185,15.649537
CS2_36,33.89858798878536,11.013706
CS2_36,33.29115557338562,6.870009
CS2_36,33.678920261142586,15.937925
CS2_36,33.03762407260331,15.604517
CS2_36,32.91596894987263,15.906541
CS2_36,33.09820313849637,15.877835
CS2_36,32.75604435600676,15.877835
CS2_36,32.84309197269239,15.877835
CS2_36,33.01802866258815,9.218375
CS2_36,33.68898369742649,15.937925
CS2_36,33.44323636949258,15.61164
CS2_36,33.33979109331266,15.642715
CS2_36,32.88954028749216,15.611966
CS2_36,32.392880019654655,15.604517
CS2_36,31.899939038847037,15.6161585
CS2_36,31.624367470443143,15.942113
CS2_36,31.321723640896025,15.942113
CS2_36,31.12016830733242,15.613322
CS2_36,30.9270500183998,15.613322
CS2_36,30.763017870802756,15.8960705
CS2_36,30.76850658765382,15.935671
CS2_36,35.70004796725806,15.817846
CS2_36,34.262828428203704,11.018835
CS2_36,33.176659850616886,11.014621
CS2_36,32.27693916341843,15.821292
CS2_36,31.773800235052096,15.955725
CS2_36,31.105309801386312,15.61164
CS2_36,30.540016709474234,15.963428
CS2_36,30.495386648323546,15.646554
CS2_36,30.296572332587544,15.616717
CS2_36,30.04410633687596,15.976448
CS2_36,29.84008415394637,15.912693
CS2_36,29.576032917680983,15.837725
CS2_36,29.54582398041779,15.883987
CS2_36,29.919651293189325,15.9721365
CS2_36,29.291152376246917,15.602856
CS2_36,28.858364509078815,15.942113
CS2_36,27.707623575924075,15.93986
CS2_36,29.21648953911821,15.837725
CS2_36,29.455066041369815,15.935718
CS2_36,28.747787376375243,15.849725
CS2_36,26.819925948301364,15.877835
CS2_36,26.63797612789041,11.03076
CS2_36,26.499052588878147,15.628863
CS2_36,27.15597833540544,15.624497
CS2_36,27.8759555523052,15.866758
CS2_36,28.109616953322853,15.8470545
CS2_36,28.19072511906226,15.649076
CS2_36,28.052503621400117,15.616477
CS2_36,28.193026773010903,10.911491
CS2_36,28.50944515908572,10.911491
CS2_36,28.9304919969782,15.635224
CS2_36,28.575240782693633,9.022047
CS2_36,28.629485042099144,15.630735
CS2_36,28.143266391955436,15.70734
CS2_36,27.70135224109494,15.628484
CS2_36,27.508545112694406,15.65037
CS2_36,27.42002770660004,15.655963
CS2_36,27.189454696900828,15.65037
CS2_36,26.99902596068748,15.636176
CS2_36,25.412953160155364,9.225734
CS2_36,24.840275938922836,9.179381
CS2_36,24.598812110376294,9.208087
CS2_36,24.42590800531536,9.282803
CS2_36,24.99577004028092,9.179381
CS2_36,24.853206355985083,9.187536
CS2_36,24.69220182470733,5.8789315
CS2_36,24.400570578892598,5.891769
CS2_36,24.085493183010232,9.248821
CS2_36,24.06473166519791,9.035334
CS2_36,23.81655533744479,5.6633945
CS2_36,18.383607676945346,9.306473
CS2_36,18.957764755076614,9.066634
CS2_36,18.474301788262004,9.212906
CS2_36,18.23949155868884,9.068429
CS2_36,18.151040450985423,9.023758
CS2_36,17.812838330606343,8.953061
CS2_36,17.3720642498872,9.0259285
CS2_36,17.008338053025007,8.936223
CS2_36,16.812104692313998,9.03639
CS2_36,16.631210162294195,9.02414
CS2_36,16.439089561711576,9.130345
CS2_36,16.349010964205853,8.936223
CS2_36,16.23985572395705,9.124684
CS2_36,15.950398656992029,7.3730683
CS2_36,16.07684260207156,9.113574
CS2_36,16.010106325562827,9.128969
CS2_36,12.65871135908185,9.13588
CS2_36,15.432476178792513,9.03639
CS2_36,15.521324847077667,9.058414
CS2_36,15.514339126649945,9.058414
CS2_36,15.611723634559166,9.084971
CS2_36,15.789289347424848,9.084971
CS2_36,16.000042654109144,9.084971
CS2_36,16.354200567895923,5.593219
CS2_36,16.224338650242114,9.128969
CS2_36,16.28554423885377,9.130345
CS2_36,16.071936013738426,9.128969
CS2_36,16.1649227608068,9.03639
CS2_36,15.932635382851053,9.1400795
CS2_36,15.877408463364052,9.1400795
CS2_36,15.376255541319766,9.084971
CS2_36,15.328463264865933,9.084971
CS2_36,15.129221677106738,9.064243
CS2_36,11.952646913565593,9.146991
CS2_36,14.85863337956586,9.130345
CS2_36,14.751535736004284,9.094701
CS2_36,14.759717053429423,9.084971
CS2_36,14.73175691056761,9.084971
CS2_36,14.468210112076086,6.2680545
CS2_36,14.577922590129964,9.097221
CS2_36,14.506730067047446,9.097221
CS2_36,14.428559655986497,9.097221
CS2_36,14.362551598596179,9.084971
CS2_36,14.321859076569602,9.084971
CS2_36,14.06297367092933,6.2680545
CS2_36,14.25857789190332,9.084971
CS2_36,14.532049846664854,5.824885
CS2_36,14.74440319190473,9.106951
CS2_36,14.593528357453081,9.097221
CS2_36,15.06463753045316,9.084971
CS2_37,100.90359144858726,101.078384
CS2_37,100.0,100.830795
CS2_37,99.97384472464678,100.6183
CS2_37,100.72463269599999,98.686424
CS2_37,99.56154921387564,99.513885
CS2_37,99.45648611874847,99.35278
CS2_37,98.91050226889799,98.78013
CS2_37,98.6477012007347,98.88489
CS2_37,97.45521697196915,98.83438
CS2_37,97.16342258231526,98.37085
CS2_37,96.78880460009786,98.20381
CS2_37,97.34456382431911,98.49604
CS2_37,97.52564206823558,98.26034
CS2_37,97.54090014241055,98.25257
CS2_37,97.50641738268837,98.24917
CS2_37,97.46698166363524,98.26114
CS2_37,88.01528735653805,88.15852
CS2_37,97.3887961577536,98.20351
CS2_37,97.34638716373146,98.26984
CS2_37,97.27304953105215,98.20033
CS2_37,97.20799768639009,98.11868
CS2_37,97.14895304936822,98.14696
CS2_37,97.09018772057337,98.0785
CS2_37,97.04764198668067,97.35449
CS2_37,97.82181381528623,98.29592
CS2_37,96.93189415463485,97.83169
CS2_37,96.86955158714231,97.63158
CS2_37,96.31016742986644,96.917984
CS2_37,95.28900881000595,96.68879
CS2_37,94.9950038324945,96.00827
CS2_37,95.56695555492394,97.778496
CS2_37,95.30936467425943,97.384476
CS2_37,95.28598260873112,96.3917
CS2_37,95.59146358414363,95.87456
CS2_37,95.31284161470364,95.9799
CS2_37,94.32252699515915,95.9308
CS2_37,94.02787887939735,95.28748
CS2_37,93.93008608481773,95.480835
CS2_37,93.70558961038313,95.49877
CS2_37,94.55818735332507,95.63925
CS2_37,94.84694389499624,95.247475
CS2_37,94.91045038938319,95.26333
CS2_37,93.59132601524594,94.89838
CS2_37,93.50443363245995,94.89325
CS2_37,93.38150172773014,94.59512
CS2_37,93.24300716348722,94.284676
CS2_37,93.62927659466904,93.96738
CS2_37,94.16387165745289,94.73089
CS2_37,94.33554356830987,94.95275
CS2_37,93.18692273936153,94.14346
CS2_37,93.05028328318889,94.11275
CS2_37,92.92187380625847,93.85389
CS2_37,92.7879287628476,93.75123
CS2_37,96.82558466478804,94.90603
CS2_37,96.49635674583448,95.59831
CS2_37,96.87016677976058,95.35966
CS2_37,96.81928731693354,95.34364
CS2_37,95.89186262494373,94.99721
CS2_37,95.48640278826616,94.19222
CS2_37,95.33205919402197,94.23792
CS2_37,85.11704661770239,86.45763
CS2_37,94.35133746896877,93.49005
CS2_37,94.72708374984083,94.05566
CS2_37,94.49591758124551,94.1725
CS2_37,93.72945104269331,93.65095
CS2_37,93.60146983458799,93.838295
CS2_37,93.42227633953839,93.85799
CS2_37,93.25400145368484,93.50546
CS2_37,92.86079139175968,93.395935
CS2_37,93.14194417220898,93.60721
CS2_37,93.0878645137088,93.13563
CS2_37,92.52573010469233,93.3059
CS2_37,92.36967204384639,93.13869
CS2_37,92.33910004941782,93.13625
CS2_37,92.24338657811688,93.092674
CS2_37,91.85464498275176,92.39655
CS2_37,92.36027780780036,91.58314
CS2_37,92.33121179006191,92.58738
CS2_37,92.24797250691427,92.577995
CS2_37,92.96032755070851,92.317406
CS2_37,92.05744273833236,92.655045
CS2_37,81.88669770450417,85.600334
CS2_37,92.01268303499751,92.724525
CS2_37,91.8618728030927,92.73145
CS2_37,91.75882863860193,92.49667
CS2_37,91.68377674637685,92.49667
CS2_37,91.59518898855252,92.2113
CS2_37,91.51719112652292,92.09479
CS2_37,91.45033083061944,91.93482
CS2_37,91.44031359276751,91.93482
CS2_37,81.17436921318536,85.5913
CS2_37,91.25664770944982,92.4191
CS2_37,91.2045889224591,92.4191
CS2_37,80.52939140816511,85.92104
CS2_37,90.05969112818502,92.04042
CS2_37,89.92437298558875,91.8447
CS2_37,89.80147303578083,91.58508
CS2_37,91.30624237655705,88.085045
CS2_37,91.21931788282762,91.34899
CS2_37,91.09904794467664,91.39432
CS2_37,91.64196210246274,91.98907
CS2_37,91.75665532464383,91.98907
CS2_37,91.31721474774737,91.13574
CS2_37,90.75093800190554,91.35516
CS2_37,90.75060436972791,91.30091
CS2_37,90.702236001402,90.60738
CS2_37,90.49379879241165,91.42029
CS2_37,90.96831323699935,90.734955
CS2_37,91.23038950995422,91.22794
CS2_37,91.26917357067956,91.22794
CS2_37,90.11914253333788,90.49048
CS2_37,79.71764123608321,85.49834
CS2_37,89.97886405455327,90.60738
CS2_37,89.85119532766917,90.57117
CS2_37,89.52492107668711,90.73128
CS2_37,90.59661464541675,90.55429
CS2_37,91.52151032437867,90.67272
CS2_37,89.91832814289431,90.64778
CS2_37,89.50322429129523,90.78626
CS2_37,89.45079831547466,90.921326
CS2_37,89.5278081018988,90.918205
CS2_37,88.91376686870379,89.63303
CS2_37,89.9994229087559,90.76846
CS2_37,90.21128271660425,91.13675
CS2_37,90.28021482919284,91.1622
CS2_37,80.56979191661551,85.270836
CS2_37,90.52395405795967,91.11962
CS2_37,90.6194676293312,90.80533
CS2_37,90.66464286415093,90.85739
CS2_37,90.71855436343671,90.87427
CS2_37,90.79554888344717,90.85722
CS2_37,90.7875567031742,90.87427
CS2_37,90.82281289987543,90.75736
CS2_37,90.84585920326745,90.75736
CS2_37,90.87677754602814,90.75736
CS2_37,90.89897232372354,91.70169
CS2_37,90.91028047388585,91.70685
CS2_37,90.91479977060087,91.70685
CS2_37,90.93272169535118,91.70685
CS2_37,90.31307569882453,91.71986
CS2_37,89.23082305429705,90.45738
CS2_37,89.30181789996658,91.39924
CS2_37,89.1479014205964,90.57429
CS2_37,89.87404965666119,90.68598
CS2_37,89.64236776504119,90.88546
CS2_37,90.2277464737124,91.174126
CS2_37,90.33124637371041,91.15066
CS2_37,90.92460287699852,90.96319
CS2_37,90.34885608311023,91.30643
CS2_37,90.96326634735075,90.689735
CS2_37,91.04150395282281,91.131256
CS2_37,89.76358745132309,90.5477
CS2_37,89.63618334377435,90.935646
CS2_37,89.95669056616474,90.5477
CS2_37,89.75165030734098,90.5802
CS2_37,90.30036547913183,90.21326
CS2_37,90.46645861140902,90.87424
CS2_37,90.64521132179149,90.78207
CS2_37,89.8198639593991,90.62782
CS2_37,89.42975243800423,90.888855
CS2_37,89.51559840362067,90.885735
CS2_37,89.52213916993959,90.9002
CS2_37,89.96905583475639,90.62928
CS2_37,89.82726324066256,91.59831
CS2_37,91.02502880400094,91.14282
CS2_37,90.3415308674591,91.129105
CS2_37,88.99338254069151,90.63151
CS2_37,89.05676579419627,90.54182
CS2_37,89.10265546920336,90.57432
CS2_37,89.07483196385162,90.57432
CS2_37,88.95543468607431,90.54182
CS2_37,89.8865984462271,91.67981
CS2_37,90.04675081462614,91.60702
CS2_37,90.18651352480047,91.13158
CS2_37,90.2138148645278,91.13158
CS2_37,90.24498821055464,91.13158
CS2_37,90.36209604390542,91.13158
CS2_37,90.4211874376661,91.136734
CS2_37,90.4476071405182,91.12042
CS2_37,90.47512909581855,91.12042
CS2_37,90.50867966400389,91.12042
CS2_37,90.51681507115393,91.103546
CS2_37,90.54548302040313,91.08711
CS2_37,90.58950539232892,90.62738
CS2_37,90.63067522301154,90.62738
CS2_37,90.64963658201455,90.62738
CS2_37,90.7909408625157,91.69588
CS2_37,90.81280105503879,91.67826
CS2_37,79.57273540235428,85.1907
CS2_37,89.45018902069975,90.92136
CS2_37,89.40121354418564,91.44338
CS2_37,89.35019495629255,91.43634
CS2_37,89.07376159129092,90.61843
CS2_37,89.89023119208615,91.63081
CS2_37,90.15550925610195,91.60949
CS2_37,89.90206593814116,91.68228
CS2_37,88.98435668556064,90.57432
CS2_37,89.6792975508773,90.85867
CS2_37,90.37596645424495,90.885735
CS2_37,90.55001179475299,90.91273
CS2_37,89.98958809647297,90.62019
CS2_37,89.45736991513895,90.87888
CS2_37,89.60603465898399,90.887314
CS2_37,89.64408963013688,90.9296
CS2_37,78.80247682380073,85.1491
CS2_37,89.59369821093833,90.885735
CS2_37,90.11833929995106,91.3867
CS2_37,90.27449899286586,91.129105
CS2_37,89.4265011340591,91.4029
CS2_37,89.33720068382041,91.329575
CS2_37,89.38973521196716,91.329575
CS2_37,89.27615849956264,91.32279
CS2_37,89.23107903838857,91.38494
CS2_37,90.00238568798625,91.38182
CS2_37,90.22997045827984,91.129105
CS2_37,90.58200555386901,90.60942
CS2_37,89.1783212541307,90.61843
CS2_37,89.45573051734904,90.96235
CS2_37,89.93926997193057,91.59257
CS2_37,90.24598110400694,91.15317
CS2_37,90.29029923910696,91.15317
CS2_37,90.29903047436008,91.15317
CS2_37,90.33587358080877,91.15317
CS2_37,90.36149470381069,91.1113
CS2_37,90.37202822120362,91.1113
CS2_37,90.41358130427489,91.128914
CS2_37,90.50453836993556,91.57964
CS2_37,90.48278256525636,91.59299
CS2_37,90.47289112324836,90.93543
CS2_37,90.48667032018194,90.93543
CS2_37,90.49298380965092,91.59766
CS2_37,90.50779798723278,91.58078
CS2_37,90.52224155362946,91.58078
CS2_37,90.56513914822936,91.58078
CS2_37,90.52422577153322,91.58078
CS2_37,90.51653280703692,91.58078
CS2_37,90.51322988092706,91.59766
CS2_37,90.51422984375242,91.58078
CS2_37,89.41058725978574,91.36866
CS2_37,89.59882791066318,90.92536
CS2_37,89.46381187484201,91.03658
CS2_37,89.17220254801855,91.34795
CS2_37,89.02990486663056,90.57656
CS2_37,89.88323166786144,91.57025
CS2_37,90.02319123556424,91.3689
CS2_37,89.22939352486166,91.38963
CS2_37,88.94873754941516,91.566154
CS2_37,89.18398620682997,91.26803
CS2_37,89.09800987341407,91.53362
CS2_37,88.60242835663401,91.26631
CS2_37,89.46421071705505,90.92048
CS2_37,89.63645060860449,91.55484
CS2_37,89.04592353529085,91.59025
CS2_37,88.49768091245835,91.28936
CS2_37,88.67024596270006,90.88435
CS2_37,88.41100126732312,91.32186
CS2_37,88.4841200273529,91.27628
CS2_37,88.7610506164151,91.506226
CS2_37,89.13076832431447,91.56574
CS2_37,89.26608730686473,91.34483
CS2_37,88.27453925523942,91.60064
CS2_37,88.23586637479859,91.524025
CS2_37,88.42509313145969,91.29075
CS2_37,88.24270639850754,91.556526
CS2_37,88.20131479686313,91.524025
CS2_37,89.02234935206187,91.56086
CS2_37,89.14340431693807,91.56574
CS2_37,88.29771095864493,91.61315
CS2_37,88.01203165221354,91.47632
CS2_37,87.92163697357114,91.44182
CS2_37,88.06765491718521,91.49937
CS2_37,88.81348446040809,83.73703
CS2_37,88.15289182026298,91.50098
CS2_37,88.98162966176393,91.0661
CS2_37,89.15643530074149,91.389084
CS2_37,88.89350930156704,91.1847
CS2_37,88.78109944976495,89.990685
CS2_37,87.96400062551896,91.41487
CS2_37,87.77057190720603,91.25383
CS2_37,74.17908175534662,86.10813
CS2_37,88.2181127569286,86.09521
CS2_37,88.11345035501603,91.41644
CS2_37,76.81018264559202,84.43559
CS2_37,88.80164059031137,91.46398
CS2_37,89.0328323902759,91.54838
CS2_37,88.89661847581931,91.540596
CS2_37,87.82502925767548,91.204865
CS2_37,87.84285894929278,91.25383
CS2_37,87.66326771605159,91.25383
CS2_37,87.58300805698308,91.27688
CS2_37,88.44224565339292,90.73577
CS2_37,88.25306961797554,91.55116
CS2_37,88.35479972967825,91.38643
CS2_37,76.42568937387819,84.351555
CS2_37,87.01698564987763,91.40545
CS2_37,87.07675786355267,91.39934
CS2_37,87.12925372471334,91.49526
CS2_37,86.95346200462212,91.4483
CS2_37,88.3429055436371,90.25485
CS2_37,87.79346471140427,91.46653
CS2_37,87.87649926848506,91.580185
CS2_37,87.90778621940005,91.58507
CS2_37,87.94972447048846,91.58507
CS2_37,88.02331663828946,91.555305
CS2_37,88.03966650008694,91.53843
CS2_37,88.90464652885429,90.32738
CS2_37,88.10093765062686,91.154564
CS2_37,88.11491725121972,91.15972
CS2_37,88.07768941218158,91.15972
CS2_37,88.06132228065592,91.24274
CS2_37,88.16482362296993,91.15972
CS2_37,88.09593629309379,91.15972
CS2_37,88.13822530569504,91.15972
CS2_37,88.16449243555846,91.15972
CS2_37,88.19937613379666,91.176155
CS2_37,78.11193600585628,84.5101
CS2_37,86.89501760379851,91.53695
CS2_37,86.674582846546,91.42259
CS2_37,86.89039646605003,91.56
CS2_37,86.5647416224245,91.252266
CS2_37,86.33234516289062,91.20892
CS2_37,87.2652758058434,91.15209
CS2_37,87.47277926254816,91.38643
CS2_37,86.92967565873374,91.53942
CS2_37,86.18503100888198,90.90917
CS2_37,87.0693100202218,90.58851
CS2_37,86.32127408895637,91.24942
CS2_37,86.17408026504778,90.98448
CS2_37,87.20385379549579,90.78093
CS2_37,86.89252501507355,90.9647
CS2_37,87.33624393003034,86.2373
CS2_37,87.16611898932909,91.47722
CS2_37,87.5718682251831,91.28585
CS2_37,87.86878684436289,91.51985
CS2_37,87.93560291372803,91.531105
CS2_37,86.9002468478257,91.43026
CS2_37,86.79473768563537,91.367035
CS2_37,86.71476418115735,91.367035
CS2_37,86.6178288636657,91.43264
CS2_37,86.3534308557643,91.42568
CS2_37,87.11901842848324,91.44579
CS2_37,76.15322171411646,84.09126
CS2_37,87.2870335828893,91.052055
CS2_37,88.13491133937794,90.13179
CS2_37,88.16117404906926,90.0364
CS2_37,87.39798880425509,91.01466
CS2_37,87.40884514794924,91.127625
CS2_37,87.40992928323314,91.1166
CS2_37,87.41102597499032,91.1166
CS2_37,87.38858320575068,91.1166
CS2_37,87.36725402591698,91.1166
CS2_37,87.35073017590493,91.1166
CS2_37,87.33766488613973,91.1166
CS2_37,87.33265156641782,91.1166
CS2_37,87.33672831872045,91.1166
CS2_37,87.34785688630421,91.1166
CS2_37,87.31924831627992,91.1166
CS2_37,86.94917041447297,91.069534
CS2_37,85.86492838688086,91.24638
CS2_37,85.80167938059559,91.27068
CS2_37,86.53571630992218,90.45618
CS2_37,85.5469592352965,90.95058
CS2_37,85.684758102752,91.167694
CS2_37,75.16689499974729,83.764755
CS2_37,86.47875990836764,91.14076
CS2_37,85.84912083419431,91.36609
CS2_37,85.27320206503664,90.73794
CS2_37,85.31686824713948,90.73794
CS2_37,85.12368360654395,90.94412
CS2_37,85.20593124138985,90.831474
CS2_37,85.63180056523758,91.171196
CS2_37,85.9059196177816,91.06749
CS2_37,86.08342814182596,91.171165
CS2_37,85.04069522544219,90.969894
CS2_37,84.89743754776315,90.8095
CS2_37,84.77791859919641,90.780334
CS2_37,84.7013065988687,91.08252
CS2_37,84.67862397091615,90.89531
CS2_37,85.4950038999299,91.03496
CS2_37,85.66192961181007,90.94639
CS2_37,85.45234014518519,85.39155
CS2_37,85.35155702844187,90.72205
CS2_37,85.02173958292722,91.30856
CS2_37,85.83647995836803,91.40064
CS2_37,85.99539093243482,91.030624
CS2_37,85.34051739222056,90.75617
CS2_37,84.76438533599998,91.08403
CS2_37,84.83089245376502,91.07423
CS2_37,84.74138077192526,91.0424
CS2_37,84.58062733288173,90.87227
CS2_37,85.80955611784371,90.89203
CS2_37,85.38407040105054,90.74968
CS2_37,85.43875835103537,91.06543
CS2_37,85.48770448846273,91.05098
CS2_37,85.51794686513654,90.748795
CS2_37,85.5720791157699,90.748795
CS2_37,85.66849990896301,90.906265
CS2_37,85.74103166125354,90.906265
CS2_37,85.78129574265839,91.00816
CS2_37,85.79186109469681,91.00816
CS2_37,85.81438490330807,91.00816
CS2_37,85.83608529369289,91.00816
CS2_37,85.83702257951387,90.99439
CS2_37,85.85134279931769,91.00202
CS2_37,85.87516527744826,91.00202
CS2_37,85.9078000722773,91.00202
CS2_37,85.87835241320046,91.00202
CS2_37,85.88032540840842,91.00202
CS2_37,84.62622028705937,90.3898
CS2_37,84.34422172620583,90.87268
CS2_37,84.21916450529592,90.87268
CS2_37,84.13021326811165,90.8614
CS2_37,83.91629336703002,90.75181
CS2_37,84.7738725001056,90.82406
CS2_37,85.0326147237556,90.89974
CS2_37,84.96918803425683,90.96715
CS2_37,83.88194480835062,90.32031
CS2_37,84.01276697891288,90.72279
CS2_37,83.96162060751365,90.74083
CS2_37,83.83847522284277,90.32473
CS2_37,83.58062269856654,90.32198
CS2_37,84.60561674924078,90.444305
CS2_37,84.80980844887216,90.88405
CS2_37,84.07381425104418,90.78379
CS2_37,83.61571805095332,90.33987
CS2_37,83.63096705126685,90.3847
CS2_37,83.78347777770331,90.37883
CS2_37,84.50457746242293,90.71908
CS2_37,84.10123427190398,90.323265
CS2_37,84.5439599604849,90.409744
CS2_37,84.25256720913121,85.4061
CS2_37,84.14383723148939,90.785324
CS2_37,84.11521884419993,90.86173
CS2_37,83.74653456732196,90.63473
CS2_37,83.58640364715495,90.297226
CS2_37,83.60924963225791,90.28742
CS2_37,83.63474050031209,90.28742
CS2_37,83.55269872911094,90.28742
CS2_37,83.34736033743373,90.82007
CS2_37,83.93034396971298,90.69952
CS2_37,84.2061403065363,90.4254
CS2_37,84.3105629653825,90.4254
CS2_37,84.37070524187045,90.44845
CS2_37,84.39373142194849,90.43279
CS2_37,84.40678639760016,90.440094
CS2_37,84.44726710770603,90.409744
CS2_37,83.66894846604211,82.66468
CS2_37,83.63267769790795,89.99123
CS2_37,84.2704714723013,89.97267
CS2_37,84.46013972991437,90.03102
CS2_37,84.21503903855022,89.9569
CS2_37,83.67504943556975,90.31009
CS2_37,83.8399495250399,89.913055
CS2_37,84.03443529135303,90.24867
CS2_37,84.20456074593386,90.37115
CS2_37,84.2394326886961,90.37115
CS2_37,84.69385986888051,90.30027
CS2_37,84.7569167735004,90.15431
CS2_37,84.18422606809541,90.398674
CS2_37,83.86925871626913,90.68673
CS2_37,83.98921564549393,90.23452
CS2_37,84.79747643115869,90.67679
CS2_37,83.8876928718418,90.20535
CS2_37,84.27414793686052,90.33558
CS2_37,84.45220202437696,90.35918
CS2_37,84.49904994217466,90.37561
CS2_37,83.63415644020857,90.28681
CS2_37,83.58849008012865,90.31175
CS2_37,83.58964423134796,90.28681
CS2_37,83.55419131804416,90.28681
CS2_37,83.35825626529062,90.31175
CS2_37,83.98648108019147,90.26227
CS2_37,84.1341002710047,90.31754
CS2_37,83.90120236568457,90.21208
CS2_37,83.26447628924622,89.9483
CS2_37,84.17171468767818,90.86424
CS2_37,83.30600181610471,89.97747
CS2_37,84.35115164840413,90.46995
CS2_37,83.3538247570897,90.049805
CS2_37,83.95254291518773,90.272484
CS2_37,84.03449219072097,90.25624
CS2_37,84.05732591418025,90.29572
CS2_37,84.09610221781509,90.31334
CS2_37,84.111512620427,90.31334
CS2_37,84.16417419831683,90.29141
CS2_37,84.24238681045617,90.36139
CS2_37,84.29036590265898,89.906006
CS2_37,84.28630919765908,89.906006
CS2_37,84.28566469783267,89.906006
CS2_37,84.27646461761698,89.91176
CS2_37,84.25312152959317,89.91176
CS2_37,84.23323968905571,89.90086
CS2_37,84.26372422118499,90.35625
CS2_37,84.25874727176756,89.90969
CS2_37,84.23046925622614,89.90969
CS2_37,84.20334181486884,89.90969
CS2_37,83.736316980212,83.35492
CS2_37,83.59732377739742,90.01065
CS2_37,83.97635975091548,90.1741
CS2_37,84.19788284870616,90.33641
CS2_37,84.19554053915597,90.35403
CS2_37,83.25864689411253,89.926414
CS2_37,83.14408159476486,89.90447
CS2_37,83.34416651807439,90.02424
CS2_37,83.26406657396042,89.48896
CS2_37,83.81212817159178,90.887115
CS2_37,83.65557260205195,89.62905
CS2_37,83.74813325399843,89.66326
CS2_37,83.6725665748615,89.66548
CS2_37,82.79666761527982,89.58656
CS2_37,82.8087858179601,89.60519
CS2_37,71.7512160496116,82.67741
CS2_37,82.89767730346307,89.59756
CS2_37,82.66811759659967,89.48307
CS2_37,83.29345169615522,89.512985
CS2_37,83.4164404361482,89.55012
CS2_37,83.32581916808319,89.53282
CS2_37,82.42563745850141,89.44151
CS2_37,71.05988629402832,82.26437
CS2_37,82.28510600102993,89.41761
CS2_37,82.38087045576282,89.43171
CS2_37,82.17580962695043,89.24377
CS2_37,82.84936747783306,89.64823
CS2_37,83.0203379476175,89.283104
CS2_37,82.95230116655577,89.28886
CS2_37,81.93419702030185,89.2244
CS2_37,82.76800380837338,89.81905
CS2_37,82.02016019754815,89.21485
CS2_37,82.84315157489888,90.31569
CS2_37,81.79536015994758,89.42215
CS2_37,82.53116514134987,89.510704
CS2_37,82.67389360987738,89.51646
CS2_37,82.69325353383287,89.51646
CS2_37,82.71699022738706,89.29378
CS2_37,82.75132362263096,89.29378
CS2_37,82.7883075193674,89.29378
CS2_37,82.82462361795278,89.29874
CS2_37,82.8086633800713,89.29874
CS2_37,82.81979050591455,89.29271
CS2_37,82.76192479458531,89.29271
CS2_37,82.73729370685355,89.29271
CS2_37,82.72182017657578,89.29271
CS2_37,82.69544611870558,89.29271
CS2_37,82.67443071951307,89.29271
CS2_37,82.67891956702888,89.29271
CS2_37,82.6761080639669,89.29271
CS2_37,82.2468252643222,82.919464
CS2_37,81.98906303958127,89.22818
CS2_37,82.53284434529779,89.202515
CS2_37,82.75730780407058,89.29243
CS2_37,82.78835142140214,89.29271
CS2_37,81.64847595504511,89.43559
CS2_37,81.51446841619853,89.439285
CS2_37,81.44187673930956,89.23684
CS2_37,81.4262257851753,89.23684
CS2_37,81.28387230069292,89.218666
CS2_37,82.7949845574372,90.36858
CS2_37,82.18848689032836,89.20869
CS2_37,82.23794353250693,89.20869
CS2_37,70.07009875459575,80.66827
CS2_37,81.13178517434523,89.02291
CS2_37,81.09135784396267,89.06434
CS2_37,81.02468999783838,89.06434
CS2_37,80.86322031851277,89.069725
CS2_37,81.54050051372683,88.98632
CS2_37,81.73939753564959,89.22844
CS2_37,81.81977353717113,89.25795
CS2_37,80.64667552005119,88.307526
CS2_37,80.50361666071531,88.282455
CS2_37,80.67323734228309,88.27773
CS2_37,80.77754421455623,90.690445
CS2_37,79.21896577392606,88.83677
CS2_37,80.4391564041467,88.25048
CS2_37,80.83048987426807,89.05807
CS2_37,80.9818282907683,88.18274
CS2_37,79.0388558839436,88.016556
CS2_37,78.85809406927706,87.98226
CS2_37,78.63836118514733,87.99538
CS2_37,65.86613483561105,79.36498
CS2_37,78.8870892151098,88.82129
CS2_37,79.40753307736522,81.56035
CS2_37,79.95580042578848,88.09899
CS2_37,80.15299908723705,88.075066
CS2_37,80.27745681590574,88.11378
CS2_37,80.35320422330366,88.11378
CS2_37,80.38900770760996,88.09432
CS2_37,80.53277979398969,88.238495
CS2_37,80.56987901603819,87.4979
CS2_37,80.60152810864366,87.4979
CS2_37,81.21621605012515,90.591545
CS2_37,80.34864799695973,88.12782
CS2_37,80.31863794324141,88.12452
CS2_37,81.09111715525836,90.473915
CS2_37,80.24789082979792,88.109024
CS2_37,80.26298913752315,88.109024
CS2_37,80.25815400198367,88.109024
CS2_37,78.7953093949583,80.51617
CS2_37,78.32063898595402,87.23421
CS2_37,79.35803667205188,87.001015
CS2_37,79.75355695042984,87.53919
CS2_37,79.89509456858855,88.03983
CS2_37,78.07571584445915,87.345985
CS2_37,77.70340711016784,80.315765
CS2_37,77.62758853820976,79.885765
CS2_37,77.45376071008894,78.6059
CS2_37,77.09555041640735,80.373024
CS2_37,78.13704799020466,80.82979
CS2_37,78.68137794085158,87.28535
CS2_37,78.83467195918405,87.30096
CS2_37,77.09288527705512,86.84133
CS2_37,76.6904749906626,78.60605
CS2_37,76.6357638647156,78.599655
CS2_37,78.17716146152685,76.49875
CS2_37,77.45233350385696,83.92513
CS2_37,77.22405401019856,78.64832
CS2_37,76.96813670296714,78.67177
CS2_37,78.19687997270744,79.096115
CS2_37,78.45142405277653,86.86305
CS2_37,77.73153214962612,85.16857
CS2_37,76.69771376782172,85.18589
CS2_37,76.69977510055872,78.663925
CS2_37,76.38391378852754,78.60296
CS2_37,76.95093966093148,87.058044
CS2_37,75.90109753177396,78.53256
CS2_37,77.15254449600553,78.59384
CS2_37,77.44066640498241,85.40634
CS2_37,76.94576833867298,84.670166
CS2_37,75.79476984289502,78.45021
CS2_37,75.72161704151362,78.451454
CS2_37,75.30102505400414,78.36828
CS2_37,75.17850319568412,78.45868
CS2_37,74.9743546424036,76.9016
CS2_37,76.13804888386058,78.46384
CS2_37,76.46567783085683,84.539734
CS2_37,76.26354902733402,83.12957
CS2_37,74.93771037706978,76.84046
CS2_37,75.11972323281181,76.94089
CS2_37,75.16848032224527,78.306564
CS2_37,75.08362569395824,76.919525
CS2_37,74.89046602637295,76.89547
CS2_37,75.85979069510266,76.84918
CS2_37,76.10253278420156,84.164536
CS2_37,76.21177240449063,82.98854
CS2_37,74.89636098847042,82.76189
CS2_37,74.87329406989181,76.86426
CS2_37,74.81315323113536,76.88028
CS2_37,74.70519908745871,76.90046
CS2_37,74.43439895471104,76.89615
CS2_37,75.28393377455778,76.85191
CS2_37,75.55008418905472,82.94554
CS2_37,75.63766393641845,82.94554
CS2_37,75.68376961053293,82.8996
CS2_37,75.66720486180475,82.94554
CS2_37,75.6370949672648,82.88316
CS2_37,75.6359300914333,82.85929
CS2_37,75.68392722693575,82.82296
CS2_37,75.7522230099776,82.72742
CS2_37,75.72841472857465,82.68781
CS2_37,75.71138757473204,82.68456
CS2_37,75.65145325047162,82.74087
CS2_37,75.60249904208914,82.7309
CS2_37,75.54265297123456,82.726036
CS2_37,75.48747690751509,76.76037
CS2_37,74.93315357974069,76.785965
CS2_37,74.8126680517817,76.86133
CS2_37,75.48633195501458,76.836555
CS2_37,75.53678435229477,82.84652
CS2_37,74.57803714504678,82.586075
CS2_37,73.88584303589796,76.771996
CS2_37,73.85459758996282,76.72691
CS2_37,73.6460455582663,76.9696
CS2_37,73.43829272016163,76.288506
CS2_37,73.31083916525536,76.24523
CS2_37,74.2817365580114,76.207565
CS2_37,74.43637875475464,76.873886
CS2_37,62.74048639792096,76.247025
CS2_37,73.08606322588147,81.60931
CS2_37,72.78807750959474,76.926125
CS2_37,72.97895540800502,76.926125
CS2_37,72.74549364653136,76.00547
CS2_37,73.44124146638167,87.746025
CS2_37,73.01061489442624,76.96944
CS2_37,74.40510720286363,86.08683
CS2_37,73.69034274219231,77.09503
CS2_37,72.59448064996961,76.01258
CS2_37,72.00492789190687,75.87587
CS2_37,72.03628438880673,75.82721
CS2_37,72.07178556318226,75.60886
CS2_37,71.89946218331657,75.28448
CS2_37,71.55310483223315,75.042305
CS2_37,72.72048033410302,75.93893
CS2_37,72.91727757202182,76.045235
CS2_37,72.98360875197302,76.05135
CS2_37,71.52456545384648,75.09596
CS2_37,71.65484668159905,75.08248
CS2_37,71.51270376546049,75.10792
CS2_37,71.56791058736309,75.07765
CS2_37,71.19551408407607,75.22467
CS2_37,71.96763085736153,75.5758
CS2_37,60.310432699631434,76.45251
CS2_37,72.26924866551138,75.60465
CS2_37,72.38036552463821,75.58057
CS2_37,72.41465334140011,75.574684
CS2_37,72.4534833434765,75.846596
CS2_37,72.48380932406818,75.574684
CS2_37,72.53368759461604,75.846596
CS2_37,72.56395569017896,75.845406
CS2_37,72.58515796999713,75.845406
CS2_37,72.58793366881633,75.845406
CS2_37,72.60426283519705,75.91125
CS2_37,72.61026147634479,75.63604
CS2_37,72.65597154417316,76.03316
CS2_37,73.01975798615862,87.85784
CS2_37,71.26444325375432,75.08527
CS2_37,70.87043252939881,75.12835
CS2_37,71.69937836506905,75.07825
CS2_37,71.85010493626946,74.98648
CS2_37,71.157869130722,75.049095
CS2_37,70.15010924305369,74.99454
CS2_37,70.18124287099516,74.99124
CS2_37,70.0085323631494,74.917984
CS2_37,69.99186058372256,74.91728
CS2_37,69.85806787476585,74.937744
CS2_37,70.49628870521828,74.79552
CS2_37,70.66451668940478,74.75321
CS2_37,70.68228343564658,74.80187
CS2_37,69.52137034804402,75.13163
CS2_37,69.2731153210597,74.963646
CS2_37,69.27429216239513,74.99276
CS2_37,69.28378896632137,74.99276
CS2_37,69.19879943072415,74.93026
CS2_37,69.03027664537336,74.93026
CS2_37,69.89692257592401,75.08991
CS2_37,69.90172515879092,75.050354
CS2_37,69.858925893909,75.09196
CS2_37,68.4737891481718,75.053795
CS2_37,68.31899957599204,75.639114
CS2_37,68.37999642439013,75.053795
CS2_37,68.16023837103322,75.639114
CS2_37,67.98628199823756,76.20637
CS2_37,68.51583829281186,75.05568
CS2_37,69.19148506062595,75.116745
CS2_37,69.33091871230224,74.92156
CS2_37,68.68108745434952,75.639114
CS2_37,68.24860216729044,76.227974
CS2_37,68.07946277551574,76.227974
CS2_37,68.39693136378393,75.52782
CS2_37,68.33385323311528,76.112885
CS2_37,68.18103172236106,76.11479
CS2_37,68.94184713840002,74.9939
CS2_37,69.94267659462598,86.45317
CS2_37,69.16361777283414,74.99146
CS2_37,69.21029370932055,74.869064
CS2_37,69.22788806434758,74.869064
CS2_37,57.905562325631955,77.11301
CS2_37,69.14212598335861,74.864105
CS2_37,69.21264325208054,74.8357
CS2_37,69.23309148943619,74.86501
CS2_37,69.2418993855281,74.86501
CS2_37,69.19257995525243,74.93204
CS2_37,69.19119062900336,74.93204
CS2_37,69.99119882367431,86.41285
CS2_37,70.18741591299568,74.82425
CS2_37,69.38005708298999,74.96587
CS2_37,69.57257101861407,86.14937
CS2_37,69.52203762105069,75.10829
CS2_37,69.44563434245146,75.10829
CS2_37,69.3523923317206,74.84256
CS2_37,68.27752514805857,76.39025
CS2_37,67.64271874479036,77.33046
CS2_37,67.4604867332538,77.349785
CS2_37,67.43363584169798,77.349785
CS2_37,67.15962381177143,77.264084
CS2_37,66.99105213064954,77.073494
CS2_37,68.30697522828169,76.42204
CS2_37,69.19542496029015,85.246346
CS2_37,68.42756063183596,76.423164
CS2_37,67.08571049451965,77.23615
CS2_37,66.66818051786656,77.03725
CS2_37,66.64465153365526,77.18935
CS2_37,66.45528049377837,77.18935
CS2_37,66.28031823506898,77.18119
CS2_37,66.33285584134627,77.18935
CS2_37,67.52110755276539,77.330025
CS2_37,56.65090174085836,76.47479
CS2_37,67.57935808815088,77.16644
CS2_37,66.53322273074406,77.16051
CS2_37,65.96938492799217,76.629974
CS2_37,66.51413548586116,82.32355
CS2_37,70.39665324606594,74.7695
CS2_37,69.60645770383445,74.81602
CS2_37,66.03843121524518,76.892334
CS2_37,64.64477714985544,76.46852
CS2_37,66.28984536477337,77.18414
CS2_37,66.44731798267692,77.0366
CS2_37,66.42075771153549,77.06568
CS2_37,63.77054514087914,77.427986
CS2_37,62.77760742765766,79.106834
CS2_37,62.07779489934604,78.637985
CS2_37,61.391918144069976,78.081856
CS2_37,61.23838935038035,78.040504
CS2_37,60.626782089309586,77.16093
CS2_37,62.32233851864491,79.11282
CS2_37,62.69715853640195,78.60017
CS2_37,63.106808946252755,77.17126
CS2_37,60.81973883009313,77.16649
CS2_37,60.52210640121884,74.14209
CS2_37,59.86859521970494,76.53182
CS2_37,59.958418180413965,74.13036
CS2_37,59.29877816012266,76.53182
CS2_37,58.594788035898794,76.5509
CS2_37,59.42184967740537,76.597
CS2_37,60.779486216306786,77.22835
CS2_37,49.14220229530394,68.59729
CS2_37,61.107174790031515,78.06545
CS2_37,58.414305915812136,76.530975
CS2_37,57.6482785101201,73.57518
CS2_37,57.645896215427015,73.609085
CS2_37,57.36983345687143,73.06897
CS2_37,57.28905845964062,73.46414
CS2_37,56.622797504826536,73.06314
CS2_37,56.21762992753997,73.48261
CS2_37,55.929940764287686,73.058365
CS2_37,55.64350219526656,69.593666
CS2_37,55.450923511147685,69.596146
CS2_37,55.14991195741757,69.596146
CS2_37,55.02137295428638,69.59183
CS2_37,55.50337135572549,71.10434
CS2_37,56.17883550223698,73.04986
CS2_37,56.55740253869755,73.197174
CS2_37,56.2865111042394,73.21522
CS2_37,56.23609335494084,73.21522
CS2_37,56.18202739004584,73.21522
CS2_37,56.18254196019995,73.21522
CS2_37,56.2580105491496,73.281975
CS2_37,56.294251476364934,73.27684
CS2_37,56.29620405243205,73.27526
CS2_37,56.274931971253665,73.27526
CS2_37,56.29038370117709,73.27526
CS2_37,58.83697304962553,74.96014
CS2_37,47.58144164929274,65.28895
CS2_37,57.841579913895394,72.76205
CS2_37,57.060436177934825,73.23363
CS2_37,56.67201121634643,73.21008
CS2_37,56.292112616209664,72.78323
CS2_37,56.01356789523233,72.71648
CS2_37,55.85101809651793,71.094
CS2_37,55.64901205189634,70.67937
CS2_37,56.56810792531872,73.41521
CS2_37,56.67965737135001,60.854565
CS2_37,56.07537902542592,72.797874
CS2_37,55.832589817353885,70.79962
CS2_37,55.333116112568334,70.79962
CS2_37,55.02218634162388,70.76462
CS2_37,54.718248903773926,70.987144
CS2_37,54.4195254352735,69.344765
CS2_37,54.81006985076991,61.966564
CS2_37,54.16978895595385,69.199646
CS2_37,54.185522447220535,69.43516
CS2_37,55.852918852695254,70.957726
CS2_37,54.577595576408356,70.98644
CS2_37,53.81748636191696,69.41082
CS2_37,53.251731222013746,69.429726
CS2_37,52.80147356909979,67.40144
CS2_37,52.623001291283614,67.38482
CS2_37,52.18727925363523,66.58246
CS2_37,52.011852127851355,66.58246
CS2_37,51.61407448241593,66.58246
CS2_37,51.56228001807924,66.579475
CS2_37,51.890222685599326,66.579475
CS2_37,51.458981102201165,66.64623
CS2_37,51.517194009842584,69.004654
CS2_37,51.334874819467444,66.64623
CS2_37,50.808535655170715,66.579475
CS2_37,50.83157030798161,40.597504
CS2_37,50.059372325228644,59.081173
CS2_37,49.323192332464565,59.104424
CS2_37,49.02864070122167,59.1026
CS2_37,48.76937989249984,57.969734
CS2_37,48.811092891089345,57.969734
CS2_37,49.05787826475812,60.79714
CS2_37,48.7302833819433,58.503784
CS2_37,48.65013998644964,57.969734
CS2_37,48.3225696748236,57.937225
CS2_37,47.88080583548581,57.937225
CS2_37,47.42658888780713,60.42667
CS2_37,47.34132378701445,57.937225
CS2_37,47.329197613963515,37.99567
CS2_37,46.85899325524982,57.975258
CS2_37,48.12431409696849,57.991516
CS2_37,47.22135407807784,57.969734
CS2_37,46.15663159568599,57.77062
CS2_37,45.41292967100546,41.32244
CS2_37,45.19407616484994,41.620502
CS2_37,45.372234444596685,30.648897
CS2_37,44.98125830270999,24.210176
CS2_37,44.31787947153115,40.600212
CS2_37,32.17172059971775,29.492863
CS2_37,43.94572203731718,40.72647
CS2_37,44.22057312746319,40.50374
CS2_37,44.53319032300621,41.658607
CS2_37,44.00647969337887,40.546158
CS2_37,43.54420359421766,40.52062
CS2_37,31.94919788827544,29.423151
CS2_37,42.50626776836187,44.702522
CS2_37,42.08833272145102,14.105601
CS2_37,41.19328126664581,40.400127
CS2_37,40.573577514767656,38.50725
CS2_37,40.22267926754316,38.491
CS2_37,40.05518484436121,37.757725
CS2_37,39.937643915086596,37.757725
CS2_37,39.909348052430424,37.757725
CS2_37,40.35031128938948,38.44916
CS2_37,40.25086690680953,38.44916
CS2_37,39.99347848350936,38.44916
CS2_37,40.53114545129236,40.43928
CS2_37,39.40063151809703,37.801758
CS2_37,38.74941165664152,25.771904
CS2_37,38.512529087269186,25.683842
CS2_37,38.135677916040414,25.683842
CS2_37,37.975615875672425,25.773811
CS2_37,37.94178048313999,25.773811
CS2_37,37.66473799813355,25.773811
CS2_37,37.606216993833286,25.683842
CS2_37,38.00873748564895,25.773811
CS2_37,38.2182085089752,25.683842
CS2_37,38.14370485198373,25.683842
CS2_37,37.90342129387532,25.773811
CS2_37,37.90260189941568,25.76459
CS2_37,37.204416585784806,25.773811
CS2_37,36.969949732762345,17.023548
CS2_37,36.71682851602417,17.023548
CS2_37,36.41484850560563,17.023548
CS2_37,36.286585528495316,17.023548
CS2_37,36.09670069909677,17.023548
CS2_37,35.912014550850216,17.023548
CS2_37,35.719606508526056,7.6296754
CS2_37,35.5936927548324,7.6296754
CS2_37,35.41173111544468,7.6296754
CS2_37,39.33353206514168,25.771904
CS2_37,38.157892446042574,25.681934
CS2_37,37.42046908699252,30.924843
CS2_37,36.42646477166708,17.023548
CS2_37,35.79797066185986,7.6296754
CS2_37,35.249319897336534,3.8165889
CS2_37,34.80884377994098,3.823213
CS2_37,34.48046782324045,3.821632
CS2_37,34.2698837382864,3.823213
CS2_37,33.961059335546615,3.821632
CS2_37,33.74961613807156,3.821632
CS2_37,33.6454216809802,3.821632
CS2_37,34.07094986716456,3.8165889
CS2_37,34.07849488639556,3.8165889
CS2_37,33.49901666837983,3.823213
CS2_37,33.206645959558834,6.7910504
CS2_37,33.77843425164125,3.8055034
CS2_37,33.68517476510378,3.8165889
CS2_37,32.39126918417313,6.800637
CS2_37,31.977691681257852,6.800637
CS2_37,31.721726927031384,6.8280044
CS2_37,31.38552156851872,6.800637
CS2_37,32.00564398075328,6.800637
CS2_37,32.08192876083995,6.7894692
CS2_37,32.259452347608345,6.7910504
CS2_37,32.34744365999751,10.637839
CS2_37,32.16237760709978,6.7894692
CS2_37,32.412156101080754,6.784426
CS2_37,32.71916568403181,6.784426
CS2_37,32.67701300708306,6.7910504
CS2_37,32.33857085689543,6.784426
CS2_37,31.658981771229815,6.7894692
CS2_37,31.4043953442224,6.7894692
CS2_37,31.168888663797006,6.800637
CS2_37,30.88660036302721,6.800637
CS2_37,30.64368616835701,6.800637
CS2_37,29.695003371774796,6.800637
CS2_37,29.21813973411781,9.043348
CS2_37,28.937624429809773,6.800637
CS2_37,29.099670473276397,6.800637
CS2_37,29.081985678863266,6.800637
CS2_37,29.04546324064719,6.800637
CS2_37,28.63703227528143,6.800637
CS2_37,28.383872840113934,6.800637
CS2_37,18.867403810540683,5.4139056
CS2_37,28.035477009704696,9.015445
CS2_37,27.982460369567576,6.833758
CS2_37,27.662619614591033,6.855811
CS2_37,24.236206935720357,6.7261996
CS2_37,21.56600672164199,5.354235
CS2_37,21.25324800880555,5.3223586
CS2_37,20.740262994935417,5.3223586
CS2_37,20.55712626048667,5.187775
CS2_37,20.170669043135707,5.345529
CS2_37,19.638283856552814,5.187775
CS2_37,19.31772166182281,4.279716
CS2_37,18.8906391490496,5.163985
CS2_37,18.599956965885276,7.5818834
CS2_37,18.463695265931403,5.187775
CS2_37,18.248588599378515,5.163985
CS2_37,18.097776031426772,5.1639037
CS2_37,17.94185087000133,5.187775
CS2_37,17.796599125289724,5.187775
CS2_37,17.70810834168008,7.573601
CS2_37,17.251690352793876,5.1639037
CS2_37,17.328751280051293,5.1639037
CS2_37,17.363523666517345,5.1639037
CS2_37,17.278863552518988,5.1639037
CS2_37,17.712699038723787,5.257301
CS2_37,18.18418066603528,5.187775
CS2_37,18.249170835435653,5.3223586
CS2_37,18.04564436214947,5.3020377
CS2_37,17.9747264148762,7.442613
CS2_37,17.81121487727034,5.187775
CS2_37,17.652021213164222,5.1789117
CS2_37,17.46146474632085,5.1430373
CS2_37,17.096650144699215,5.1639037
CS2_37,16.917052056878408,5.1430373
CS2_37,16.7490786469147,5.119166
CS2_37,16.700313367450022,5.119166
CS2_37,16.584328915506596,5.119166
CS2_37,16.480221049080708,5.1149945
CS2_37,16.52965128399007,5.119166
CS2_37,16.62975413225446,4.1993146
CS2_37,16.752192140050546,4.698742
CS2_37,16.45924995319754,5.119166
CS2_37,16.238107238422515,5.11344
CS2_37,16.291219237748393,5.11344
CS2_37,16.22675419946019,5.119166
CS2_37,16.03008243542575,5.119166
CS2_37,16.020123280925663,5.119166
CS2_37,16.398563171165303,5.119247
CS2_37,16.50954372728452,5.119166
CS2_37,16.34234724545964,4.196156
CS2_37,16.59218782698763,5.2776217
CS2_37,16.638647058735213,5.1430373
CS2_37,16.96042324564267,5.2776217
CS2_37,16.796523031876713,5.257301
