dataset,battery_id,cycle_idx,SOH,RUL,y_pred_soh_fusion,split,true_grade,pred_grade,true_ord,pred_ord,misgrade_direction
NASA,B0018,1,100.64068021427622,76,98.52487182617188,test,Primary EV use,Primary EV use,2,2,correct
NASA,B0018,2,100.0,75,94.98371887207033,test,Primary EV use,Primary EV use,2,2,correct
NASA,B0018,3,99.80502940617892,74,91.30874633789062,test,Primary EV use,Primary EV use,2,2,correct
NASA,B0018,4,99.32064032288623,73,91.59414672851562,test,Primary EV use,Primary EV use,2,2,correct
NASA,B0018,5,99.43059080892507,72,90.22744750976562,test,Primary EV use,Primary EV use,2,2,correct
NASA,B0018,6,99.20428153974736,71,97.10118103027344,test,Primary EV use,Primary EV use,2,2,correct
NASA,B0018,7,98.80672767697016,70,93.80203247070312,test,Primary EV use,Primary EV use,2,2,correct
NASA,B0018,8,98.47951448538475,69,93.91032409667967,test,Primary EV use,Primary EV use,2,2,correct
NASA,B0018,9,97.88967155447862,68,96.75701141357422,test,Primary EV use,Primary EV use,2,2,correct
NASA,B0018,10,98.90975747939537,67,88.85179138183594,test,Primary EV use,Primary EV use,2,2,correct
NASA,B0018,11,98.31433078320012,66,96.37470245361328,test,Primary EV use,Primary EV use,2,2,correct
NASA,B0018,12,97.9110250196016,65,94.4252700805664,test,Primary EV use,Primary EV use,2,2,correct
NASA,B0018,13,97.15975972043704,64,94.8705596923828,test,Primary EV use,Primary EV use,2,2,correct
NASA,B0018,14,96.75971388604135,63,93.35733032226562,test,Primary EV use,Primary EV use,2,2,correct
NASA,B0018,15,96.62233777660016,62,91.10416412353516,test,Primary EV use,Primary EV use,2,2,correct
NASA,B0018,16,96.09447338614396,61,95.88684844970705,test,Primary EV use,Primary EV use,2,2,correct
NASA,B0018,17,95.95457287327758,60,97.39002227783205,test,Primary EV use,Primary EV use,2,2,correct
NASA,B0018,18,95.1407731856727,59,93.6786880493164,test,Primary EV use,Primary EV use,2,2,correct
NASA,B0018,19,94.7387139129198,58,92.25198364257812,test,Primary EV use,Primary EV use,2,2,correct
NASA,B0018,20,94.27457390232615,57,86.30195617675781,test,Primary EV use,Primary EV use,2,2,correct
NASA,B0018,21,93.94101948273132,56,94.03093719482422,test,Primary EV use,Primary EV use,2,2,correct
NASA,B0018,22,92.69743551639702,55,89.32598114013672,test,Primary EV use,Primary EV use,2,2,correct
NASA,B0018,23,92.85341287049168,54,91.43180847167967,test,Primary EV use,Primary EV use,2,2,correct
NASA,B0018,24,92.63814435053877,53,90.36103057861328,test,Primary EV use,Primary EV use,2,2,correct
NASA,B0018,25,94.90247650579646,52,84.32482147216797,test,Primary EV use,Primary EV use,2,2,correct
NASA,B0018,26,94.00900148322206,51,93.9213638305664,test,Primary EV use,Primary EV use,2,2,correct
NASA,B0018,27,93.4372562867704,50,91.26436614990234,test,Primary EV use,Primary EV use,2,2,correct
NASA,B0018,28,92.87383077570269,49,90.95072174072266,test,Primary EV use,Primary EV use,2,2,correct
NASA,B0018,29,92.1914037818406,48,93.12024688720705,test,Primary EV use,Primary EV use,2,2,correct
NASA,B0018,30,91.90759280723792,47,85.32462310791016,test,Primary EV use,Primary EV use,2,2,correct
NASA,B0018,31,91.24928304906206,46,90.3555908203125,test,Primary EV use,Primary EV use,2,2,correct
NASA,B0018,32,90.98204900098074,45,91.04801177978516,test,Primary EV use,Primary EV use,2,2,correct
NASA,B0018,33,90.36062110586997,44,88.98603820800781,test,Primary EV use,Primary EV use,2,2,correct
NASA,B0018,34,89.90866292121869,43,91.16305541992188,test,Primary EV use,Primary EV use,2,2,correct
NASA,B0018,35,89.42210021533539,42,87.53841400146484,test,Primary EV use,Primary EV use,2,2,correct
NASA,B0018,36,88.90918633462991,41,88.68132019042969,test,Primary EV use,Primary EV use,2,2,correct
NASA,B0018,37,88.3058071010546,40,92.0599594116211,test,Primary EV use,Primary EV use,2,2,correct
NASA,B0018,38,88.00768417491062,39,91.25858306884766,test,Primary EV use,Primary EV use,2,2,correct
NASA,B0018,39,87.56567728602631,38,91.64273071289062,test,Primary EV use,Primary EV use,2,2,correct
NASA,B0018,40,90.93184019865969,37,86.38505554199219,test,Primary EV use,Primary EV use,2,2,correct
NASA,B0018,41,89.48050351570559,36,90.66185760498048,test,Primary EV use,Primary EV use,2,2,correct
NASA,B0018,42,88.56265999866847,35,88.58351135253906,test,Primary EV use,Primary EV use,2,2,correct
NASA,B0018,43,87.69639162503002,34,91.4667739868164,test,Primary EV use,Primary EV use,2,2,correct
NASA,B0018,44,87.39728423339433,33,91.7147216796875,test,Primary EV use,Primary EV use,2,2,correct
NASA,B0018,45,86.55966455660091,32,83.51385498046875,test,Primary EV use,Primary EV use,2,2,correct
NASA,B0018,46,93.68010123618151,31,91.75970458984376,test,Primary EV use,Primary EV use,2,2,correct
NASA,B0018,47,93.12996707144713,30,93.18038177490234,test,Primary EV use,Primary EV use,2,2,correct
NASA,B0018,48,92.0045392862432,29,94.75891876220705,test,Primary EV use,Primary EV use,2,2,correct
NASA,B0018,49,91.02552009355354,28,96.25910186767578,test,Primary EV use,Primary EV use,2,2,correct
NASA,B0018,50,90.096718509168,27,96.16356658935548,test,Primary EV use,Primary EV use,2,2,correct
NASA,B0018,51,90.40879813427397,26,91.91712951660156,test,Primary EV use,Primary EV use,2,2,correct
NASA,B0018,52,89.34665851288426,25,92.21897888183594,test,Primary EV use,Primary EV use,2,2,correct
NASA,B0018,53,88.20355545082064,24,89.95354461669922,test,Primary EV use,Primary EV use,2,2,correct
NASA,B0018,54,87.46536726316158,23,87.74239349365234,test,Primary EV use,Primary EV use,2,2,correct
NASA,B0018,55,87.11700168276265,22,88.67132568359375,test,Primary EV use,Primary EV use,2,2,correct
NASA,B0018,56,90.80128972144892,21,89.20074462890625,test,Primary EV use,Primary EV use,2,2,correct
NASA,B0018,57,88.99950271222681,20,87.75909423828125,test,Primary EV use,Primary EV use,2,2,correct
NASA,B0018,58,87.52545804222945,19,91.3617172241211,test,Primary EV use,Primary EV use,2,2,correct
NASA,B0018,59,86.37696896934457,18,90.91502380371094,test,Primary EV use,Primary EV use,2,2,correct
NASA,B0018,60,86.07883183173715,17,92.61932373046876,test,Primary EV use,Primary EV use,2,2,correct
NASA,B0018,61,85.7248524017736,16,83.67568969726562,test,Primary EV use,Primary EV use,2,2,correct
NASA,B0018,62,84.8620381516781,15,91.42711639404295,test,Primary EV use,Primary EV use,2,2,correct
NASA,B0018,63,84.3978973164916,14,92.26551055908205,test,Primary EV use,Primary EV use,2,2,correct
NASA,B0018,64,83.56164613939099,13,91.20621490478516,test,Primary EV use,Primary EV use,2,2,correct
NASA,B0018,65,83.12527212863718,12,89.40231323242188,test,Primary EV use,Primary EV use,2,2,correct
NASA,B0018,66,83.0960803680568,11,81.07129669189453,test,Primary EV use,Primary EV use,2,2,correct
NASA,B0018,67,82.58806886677773,10,86.79991912841797,test,Primary EV use,Primary EV use,2,2,correct
NASA,B0018,68,81.73450329972786,9,85.36770629882812,test,Primary EV use,Primary EV use,2,2,correct
NASA,B0018,69,81.45755183451341,8,84.87287902832031,test,Primary EV use,Primary EV use,2,2,correct
NASA,B0018,70,81.18256506195176,7,84.25752258300781,test,Primary EV use,Primary EV use,2,2,correct
NASA,B0018,71,83.19389742711994,6,77.2628173828125,test,Primary EV use,Second-life candidate,2,1,conservative (predicted too pessimistic)
NASA,B0018,72,82.67409731085485,5,91.19359588623048,test,Primary EV use,Primary EV use,2,2,correct
NASA,B0018,73,81.44508130584651,4,85.98218536376953,test,Primary EV use,Primary EV use,2,2,correct
NASA,B0018,74,80.96903696736565,3,85.3586196899414,test,Primary EV use,Primary EV use,2,2,correct
NASA,B0018,75,80.4756644871418,2,85.1275634765625,test,Primary EV use,Primary EV use,2,2,correct
NASA,B0018,76,80.33535529768182,1,74.88287353515625,test,Primary EV use,Second-life candidate,2,1,conservative (predicted too pessimistic)
NASA,B0018,77,79.94310726350454,0,85.13744354248047,test,Second-life candidate,Primary EV use,1,2,risky (predicted too optimistic)
NASA,B0018,78,79.64533659136382,0,84.13387298583984,test,Second-life candidate,Primary EV use,1,2,risky (predicted too optimistic)
NASA,B0018,79,79.10676488890836,0,84.90599060058594,test,Second-life candidate,Primary EV use,1,2,risky (predicted too optimistic)
NASA,B0018,80,78.55195360346214,0,82.61907958984375,test,Second-life candidate,Primary EV use,1,2,risky (predicted too optimistic)
NASA,B0018,81,78.81859806849626,0,73.3488998413086,test,Second-life candidate,Second-life candidate,1,1,correct
NASA,B0018,82,78.26275680647585,0,84.5626220703125,test,Second-life candidate,Primary EV use,1,2,risky (predicted too optimistic)
NASA,B0018,83,78.08565412405532,0,86.2278823852539,test,Second-life candidate,Primary EV use,1,2,risky (predicted too optimistic)
NASA,B0018,84,77.50927905430571,0,82.47441101074219,test,Second-life candidate,Primary EV use,1,2,risky (predicted too optimistic)
NASA,B0018,85,77.30610510320244,0,84.4946060180664,test,Second-life candidate,Primary EV use,1,2,risky (predicted too optimistic)
NASA,B0018,86,79.74257245999358,0,73.11588287353516,test,Second-life candidate,Second-life candidate,1,1,correct
NASA,B0018,87,78.8078063404481,0,84.5018310546875,test,Second-life candidate,Primary EV use,1,2,risky (predicted too optimistic)
NASA,B0018,88,78.27895489584915,0,84.1231689453125,test,Second-life candidate,Primary EV use,1,2,risky (predicted too optimistic)
NASA,B0018,89,77.49454869194308,0,84.410888671875,test,Second-life candidate,Primary EV use,1,2,risky (predicted too optimistic)
NASA,B0018,90,76.79352299235835,0,85.02108001708984,test,Second-life candidate,Primary EV use,1,2,risky (predicted too optimistic)
NASA,B0018,91,78.91602627362244,0,75.59992980957031,test,Second-life candidate,Second-life candidate,1,1,correct
NASA,B0018,92,77.49139634160672,0,84.14191436767578,test,Second-life candidate,Primary EV use,1,2,risky (predicted too optimistic)
NASA,B0018,93,77.02398708638724,0,84.24497985839844,test,Second-life candidate,Primary EV use,1,2,risky (predicted too optimistic)
NASA,B0018,94,76.79926728761941,0,83.78041076660156,test,Second-life candidate,Primary EV use,1,2,risky (predicted too optimistic)
NASA,B0018,95,76.26320763244749,0,83.00582122802734,test,Second-life candidate,Primary EV use,1,2,risky (predicted too optimistic)
NASA,B0018,96,76.41327699024487,0,75.96173095703125,test,Second-life candidate,Second-life candidate,1,1,correct
NASA,B0018,97,75.78440562907001,0,81.01319885253906,test,Second-life candidate,Primary EV use,1,2,risky (predicted too optimistic)
NASA,B0018,98,75.6060338238755,0,82.98001098632812,test,Second-life candidate,Primary EV use,1,2,risky (predicted too optimistic)
NASA,B0018,99,75.37802720217849,0,82.70346069335938,test,Second-life candidate,Primary EV use,1,2,risky (predicted too optimistic)
NASA,B0018,100,74.792126925811,0,81.69680786132812,test,Second-life candidate,Primary EV use,1,2,risky (predicted too optimistic)
NASA,B0018,101,75.13587605117921,0,75.69841766357422,test,Second-life candidate,Second-life candidate,1,1,correct
NASA,B0018,102,74.34507939337765,0,81.37857818603516,test,Second-life candidate,Primary EV use,1,2,risky (predicted too optimistic)
NASA,B0018,103,74.5089934788172,0,82.65396881103516,test,Second-life candidate,Primary EV use,1,2,risky (predicted too optimistic)
NASA,B0018,104,74.21614826084829,0,79.25653076171875,test,Second-life candidate,Second-life candidate,1,1,correct
NASA,B0018,105,73.60662964775247,0,81.917724609375,test,Second-life candidate,Primary EV use,1,2,risky (predicted too optimistic)
NASA,B0018,106,79.2336459043689,0,77.13959503173828,test,Second-life candidate,Second-life candidate,1,1,correct
NASA,B0018,107,78.67314502254065,0,85.2901382446289,test,Second-life candidate,Primary EV use,1,2,risky (predicted too optimistic)
NASA,B0018,108,78.02431513324119,0,85.71729278564453,test,Second-life candidate,Primary EV use,1,2,risky (predicted too optimistic)
NASA,B0018,109,77.49412222001526,0,83.3965072631836,test,Second-life candidate,Primary EV use,1,2,risky (predicted too optimistic)
NASA,B0018,110,76.75731778947302,0,83.26029205322266,test,Second-life candidate,Primary EV use,1,2,risky (predicted too optimistic)
NASA,B0018,111,76.70858240862994,0,76.05453491210938,test,Second-life candidate,Second-life candidate,1,1,correct
NASA,B0018,112,75.89716566427659,0,84.75897216796875,test,Second-life candidate,Primary EV use,1,2,risky (predicted too optimistic)
NASA,B0018,113,75.70180343859964,0,82.64217376708984,test,Second-life candidate,Primary EV use,1,2,risky (predicted too optimistic)
NASA,B0018,114,75.41501189791859,0,83.4433822631836,test,Second-life candidate,Primary EV use,1,2,risky (predicted too optimistic)
NASA,B0018,115,75.19696752605783,0,82.41943359375,test,Second-life candidate,Primary EV use,1,2,risky (predicted too optimistic)
NASA,B0018,116,75.3156806378869,0,76.3553466796875,test,Second-life candidate,Second-life candidate,1,1,correct
NASA,B0018,117,74.66286851094209,0,82.44056701660156,test,Second-life candidate,Primary EV use,1,2,risky (predicted too optimistic)
NASA,B0018,118,74.04080936538838,0,81.49083709716797,test,Second-life candidate,Primary EV use,1,2,risky (predicted too optimistic)
NASA,B0018,119,73.72985939681158,0,81.11985778808594,test,Second-life candidate,Primary EV use,1,2,risky (predicted too optimistic)
NASA,B0018,120,73.03787651615364,0,83.8167724609375,test,Second-life candidate,Primary EV use,1,2,risky (predicted too optimistic)
NASA,B0018,121,77.41136289119066,0,73.52064514160156,test,Second-life candidate,Second-life candidate,1,1,correct
NASA,B0018,122,76.30488052582879,0,82.105712890625,test,Second-life candidate,Primary EV use,1,2,risky (predicted too optimistic)
NASA,B0018,123,75.60189492839535,0,83.6657943725586,test,Second-life candidate,Primary EV use,1,2,risky (predicted too optimistic)
NASA,B0018,124,75.3175301991838,0,82.74703216552734,test,Second-life candidate,Primary EV use,1,2,risky (predicted too optimistic)
NASA,B0018,125,74.3376277920804,0,81.2860107421875,test,Second-life candidate,Primary EV use,1,2,risky (predicted too optimistic)
NASA,B0018,126,74.8534348540666,0,73.16100311279297,test,Second-life candidate,Second-life candidate,1,1,correct
NASA,B0018,127,74.25466310264744,0,81.49263763427734,test,Second-life candidate,Primary EV use,1,2,risky (predicted too optimistic)
NASA,B0018,128,73.93340285748864,0,83.16423034667969,test,Second-life candidate,Primary EV use,1,2,risky (predicted too optimistic)
NASA,B0018,129,73.96964076451873,0,82.5790786743164,test,Second-life candidate,Primary EV use,1,2,risky (predicted too optimistic)
NASA,B0018,130,73.34352651544697,0,82.81146240234375,test,Second-life candidate,Primary EV use,1,2,risky (predicted too optimistic)
NASA,B0018,131,73.50261812479023,0,71.03028869628906,test,Second-life candidate,Second-life candidate,1,1,correct
NASA,B0018,132,72.75687346079181,0,81.49932861328125,test,Second-life candidate,Primary EV use,1,2,risky (predicted too optimistic)
MIT,b1c4,1,99.94479210804248,1225,100.19713592529295,test,Primary EV use,Primary EV use,2,2,correct
MIT,b1c4,2,100.0,1224,100.25909423828124,test,Primary EV use,Primary EV use,2,2,correct
MIT,b1c4,3,100.06804370366828,1223,100.2984390258789,test,Primary EV use,Primary EV use,2,2,correct
MIT,b1c4,4,100.13109209866356,1222,100.28985595703124,test,Primary EV use,Primary EV use,2,2,correct
MIT,b1c4,5,100.16127710858558,1221,100.2507553100586,test,Primary EV use,Primary EV use,2,2,correct
MIT,b1c4,6,100.19993282746331,1220,100.24351501464844,test,Primary EV use,Primary EV use,2,2,correct
MIT,b1c4,7,100.23631795148972,1219,100.35888671875,test,Primary EV use,Primary EV use,2,2,correct
MIT,b1c4,8,100.25211017037432,1218,100.35160064697266,test,Primary EV use,Primary EV use,2,2,correct
MIT,b1c4,9,100.27258259497296,1217,100.34716033935548,test,Primary EV use,Primary EV use,2,2,correct
MIT,b1c4,10,100.27538145066728,1216,100.3332061767578,test,Primary EV use,Primary EV use,2,2,correct
MIT,b1c4,11,100.24847721861212,1215,96.28966522216795,test,Primary EV use,Primary EV use,2,2,correct
MIT,b1c4,12,99.90785091997088,1214,100.19883728027344,test,Primary EV use,Primary EV use,2,2,correct
MIT,b1c4,13,100.15225033558464,1213,100.3616714477539,test,Primary EV use,Primary EV use,2,2,correct
MIT,b1c4,14,100.22440891318764,1212,100.31697845458984,test,Primary EV use,Primary EV use,2,2,correct
MIT,b1c4,15,100.26590055869606,1211,100.3434829711914,test,Primary EV use,Primary EV use,2,2,correct
MIT,b1c4,16,100.28880112962555,1210,100.33704376220705,test,Primary EV use,Primary EV use,2,2,correct
MIT,b1c4,17,100.31383327939513,1209,100.32136535644533,test,Primary EV use,Primary EV use,2,2,correct
MIT,b1c4,18,100.32660421696728,1208,100.29534149169922,test,Primary EV use,Primary EV use,2,2,correct
MIT,b1c4,19,100.34407389572166,1207,100.3709716796875,test,Primary EV use,Primary EV use,2,2,correct
MIT,b1c4,20,100.35487080593326,1206,100.3411865234375,test,Primary EV use,Primary EV use,2,2,correct
MIT,b1c4,21,100.35893007346348,1205,100.28502655029295,test,Primary EV use,Primary EV use,2,2,correct
MIT,b1c4,22,100.37626073620652,1204,100.32640838623048,test,Primary EV use,Primary EV use,2,2,correct
MIT,b1c4,23,100.3800049007778,1203,100.33626556396484,test,Primary EV use,Primary EV use,2,2,correct
MIT,b1c4,24,100.39269242874316,1202,100.3534927368164,test,Primary EV use,Primary EV use,2,2,correct
MIT,b1c4,25,100.39732629578675,1201,100.30146026611328,test,Primary EV use,Primary EV use,2,2,correct
MIT,b1c4,26,100.4015616502646,1200,100.32410430908205,test,Primary EV use,Primary EV use,2,2,correct
MIT,b1c4,27,100.39190467134576,1199,100.3257064819336,test,Primary EV use,Primary EV use,2,2,correct
MIT,b1c4,28,100.39393430511086,1198,100.268310546875,test,Primary EV use,Primary EV use,2,2,correct
MIT,b1c4,29,100.3959176002055,1197,100.31610107421876,test,Primary EV use,Primary EV use,2,2,correct
MIT,b1c4,30,100.39625123863264,1196,100.28389739990234,test,Primary EV use,Primary EV use,2,2,correct
MIT,b1c4,31,100.40066268005816,1195,100.32186126708984,test,Primary EV use,Primary EV use,2,2,correct
MIT,b1c4,32,100.39846622707948,1194,100.30601501464844,test,Primary EV use,Primary EV use,2,2,correct
MIT,b1c4,33,100.39944860689272,1193,100.2921142578125,test,Primary EV use,Primary EV use,2,2,correct
MIT,b1c4,34,100.40059780591956,1192,100.3005142211914,test,Primary EV use,Primary EV use,2,2,correct
MIT,b1c4,35,100.40082949927174,1191,100.32510375976562,test,Primary EV use,Primary EV use,2,2,correct
MIT,b1c4,36,100.40145970518964,1190,100.2992935180664,test,Primary EV use,Primary EV use,2,2,correct
MIT,b1c4,37,100.40057000271727,1189,100.2723159790039,test,Primary EV use,Primary EV use,2,2,correct
MIT,b1c4,38,100.39750238273442,1188,100.2935562133789,test,Primary EV use,Primary EV use,2,2,correct
MIT,b1c4,39,100.40277572343004,1187,100.30764770507812,test,Primary EV use,Primary EV use,2,2,correct
MIT,b1c4,40,100.40068121552636,1186,100.28852081298828,test,Primary EV use,Primary EV use,2,2,correct
MIT,b1c4,41,100.40559311459256,1185,100.33867645263672,test,Primary EV use,Primary EV use,2,2,correct
MIT,b1c4,42,100.40817881240288,1184,100.31464385986328,test,Primary EV use,Primary EV use,2,2,correct
MIT,b1c4,43,100.40575993380612,1183,100.3041763305664,test,Primary EV use,Primary EV use,2,2,correct
MIT,b1c4,44,100.40801199318932,1182,100.31536102294922,test,Primary EV use,Primary EV use,2,2,correct
MIT,b1c4,45,100.4108293843518,1181,100.2896499633789,test,Primary EV use,Primary EV use,2,2,correct
MIT,b1c4,46,100.4139062720688,1180,100.33840942382812,test,Primary EV use,Primary EV use,2,2,correct
MIT,b1c4,47,100.41859574551692,1179,100.29539489746094,test,Primary EV use,Primary EV use,2,2,correct
MIT,b1c4,48,100.42144093988168,1178,100.33589935302734,test,Primary EV use,Primary EV use,2,2,correct
MIT,b1c4,49,100.41897572261448,1177,100.29907989501952,test,Primary EV use,Primary EV use,2,2,correct
MIT,b1c4,50,100.41872549379414,1176,100.31700134277344,test,Primary EV use,Primary EV use,2,2,correct
MIT,b1c4,51,100.42411931503288,1175,100.31851196289062,test,Primary EV use,Primary EV use,2,2,correct
MIT,b1c4,52,100.41224734766718,1174,100.34227752685548,test,Primary EV use,Primary EV use,2,2,correct
MIT,b1c4,53,100.41984688961868,1173,100.31085205078124,test,Primary EV use,Primary EV use,2,2,correct
MIT,b1c4,54,100.4188367066032,1172,100.33497619628906,test,Primary EV use,Primary EV use,2,2,correct
MIT,b1c4,55,100.41260878929658,1171,100.3357162475586,test,Primary EV use,Primary EV use,2,2,correct
MIT,b1c4,56,100.40494437320643,1170,100.30509948730467,test,Primary EV use,Primary EV use,2,2,correct
MIT,b1c4,57,100.39654780612344,1169,100.27951049804688,test,Primary EV use,Primary EV use,2,2,correct
MIT,b1c4,58,100.40023636429017,1168,100.3512725830078,test,Primary EV use,Primary EV use,2,2,correct
MIT,b1c4,59,100.40196016283038,1167,100.32981872558594,test,Primary EV use,Primary EV use,2,2,correct
MIT,b1c4,60,100.3933782410656,1166,100.33116149902344,test,Primary EV use,Primary EV use,2,2,correct
MIT,b1c4,61,100.39185833267533,1165,100.3061065673828,test,Primary EV use,Primary EV use,2,2,correct
MIT,b1c4,62,100.38794734889048,1164,100.32418060302734,test,Primary EV use,Primary EV use,2,2,correct
MIT,b1c4,63,100.40381370964782,1163,100.41819763183594,test,Primary EV use,Primary EV use,2,2,correct
MIT,b1c4,64,100.44651942832168,1162,100.37287902832033,test,Primary EV use,Primary EV use,2,2,correct
MIT,b1c4,65,100.46950340885796,1161,100.3848876953125,test,Primary EV use,Primary EV use,2,2,correct
MIT,b1c4,66,100.49060603937453,1160,100.2567367553711,test,Primary EV use,Primary EV use,2,2,correct
MIT,b1c4,67,100.49157915145366,1159,100.35050201416016,test,Primary EV use,Primary EV use,2,2,correct
MIT,b1c4,68,100.48146805356453,1158,100.43386840820312,test,Primary EV use,Primary EV use,2,2,correct
MIT,b1c4,69,100.39764139874572,1157,100.29066467285156,test,Primary EV use,Primary EV use,2,2,correct
MIT,b1c4,70,100.3926646255409,1156,100.33109283447266,test,Primary EV use,Primary EV use,2,2,correct
MIT,b1c4,71,100.3950649686695,1155,100.32022094726562,test,Primary EV use,Primary EV use,2,2,correct
MIT,b1c4,72,100.39467572383784,1154,100.32463073730467,test,Primary EV use,Primary EV use,2,2,correct
MIT,b1c4,73,100.39973590664944,1153,100.3025131225586,test,Primary EV use,Primary EV use,2,2,correct
MIT,b1c4,74,100.3970111928278,1152,100.31371307373048,test,Primary EV use,Primary EV use,2,2,correct
MIT,b1c4,75,100.3985403689522,1151,100.29061126708984,test,Primary EV use,Primary EV use,2,2,correct
MIT,b1c4,76,100.39373968269504,1150,100.29947662353516,test,Primary EV use,Primary EV use,2,2,correct
MIT,b1c4,77,100.39292412209532,1149,100.33393096923828,test,Primary EV use,Primary EV use,2,2,correct
MIT,b1c4,78,100.38990284078292,1148,100.32626342773438,test,Primary EV use,Primary EV use,2,2,correct
MIT,b1c4,79,100.38682595306597,1147,100.32308197021484,test,Primary EV use,Primary EV use,2,2,correct
MIT,b1c4,80,100.38072778403657,1146,100.28314971923828,test,Primary EV use,Primary EV use,2,2,correct
MIT,b1c4,81,100.3841939165852,1145,100.3298797607422,test,Primary EV use,Primary EV use,2,2,correct
MIT,b1c4,82,100.38414757791476,1144,100.29115295410156,test,Primary EV use,Primary EV use,2,2,correct
MIT,b1c4,83,100.37646462635644,1143,100.29136657714844,test,Primary EV use,Primary EV use,2,2,correct
MIT,b1c4,84,100.37310043888282,1142,100.25817108154295,test,Primary EV use,Primary EV use,2,2,correct
MIT,b1c4,85,100.36700226985344,1141,100.31697845458984,test,Primary EV use,Primary EV use,2,2,correct
MIT,b1c4,86,100.36551943239948,1140,100.29432678222656,test,Primary EV use,Primary EV use,2,2,correct
MIT,b1c4,87,100.36626085112646,1139,100.29351043701172,test,Primary EV use,Primary EV use,2,2,correct
MIT,b1c4,88,100.36773442084632,1138,100.29660034179688,test,Primary EV use,Primary EV use,2,2,correct
MIT,b1c4,89,100.36008854022438,1137,100.32337188720705,test,Primary EV use,Primary EV use,2,2,correct
MIT,b1c4,90,100.3579569613843,1136,100.28649139404295,test,Primary EV use,Primary EV use,2,2,correct
MIT,b1c4,91,100.35493568007188,1135,100.2944793701172,test,Primary EV use,Primary EV use,2,2,correct
MIT,b1c4,92,100.35090421574392,1134,100.2453842163086,test,Primary EV use,Primary EV use,2,2,correct
MIT,b1c4,93,100.35116371229836,1133,100.29010009765624,test,Primary EV use,Primary EV use,2,2,correct
MIT,b1c4,94,100.34678934180924,1132,100.25574493408205,test,Primary EV use,Primary EV use,2,2,correct
MIT,b1c4,95,100.34418510853072,1131,100.30740356445312,test,Primary EV use,Primary EV use,2,2,correct
MIT,b1c4,96,100.34095993706838,1130,100.27349090576172,test,Primary EV use,Primary EV use,2,2,correct
MIT,b1c4,97,100.3334901433941,1129,100.32221221923828,test,Primary EV use,Primary EV use,2,2,correct
MIT,b1c4,98,100.33535295794562,1128,100.29348754882812,test,Primary EV use,Primary EV use,2,2,correct
MIT,b1c4,99,100.33672458259052,1127,100.28244018554688,test,Primary EV use,Primary EV use,2,2,correct
MIT,b1c4,100,100.3321648574196,1126,100.33153533935548,test,Primary EV use,Primary EV use,2,2,correct
MIT,b1c4,101,100.32685444578765,1125,100.31023406982422,test,Primary EV use,Primary EV use,2,2,correct
MIT,b1c4,102,100.32876359900962,1124,100.31916809082033,test,Primary EV use,Primary EV use,2,2,correct
MIT,b1c4,103,100.32932893078896,1123,100.3284149169922,test,Primary EV use,Primary EV use,2,2,correct
MIT,b1c4,104,100.33097858745646,1122,100.25778198242188,test,Primary EV use,Primary EV use,2,2,correct
MIT,b1c4,105,100.3246857960112,1121,100.24601745605467,test,Primary EV use,Primary EV use,2,2,correct
MIT,b1c4,106,100.33031131060216,1120,100.32955169677734,test,Primary EV use,Primary EV use,2,2,correct
MIT,b1c4,107,100.33024643646355,1119,100.2851791381836,test,Primary EV use,Primary EV use,2,2,correct
MIT,b1c4,108,100.32248934303256,1118,100.31321716308594,test,Primary EV use,Primary EV use,2,2,correct
MIT,b1c4,109,100.31954220359285,1117,100.2896957397461,test,Primary EV use,Primary EV use,2,2,correct
MIT,b1c4,110,100.31646531587587,1116,100.31462097167967,test,Primary EV use,Primary EV use,2,2,correct
MIT,b1c4,111,100.3174662311573,1115,100.29842376708984,test,Primary EV use,Primary EV use,2,2,correct
MIT,b1c4,112,100.31078419488044,1114,100.28131866455078,test,Primary EV use,Primary EV use,2,2,correct
MIT,b1c4,113,100.3094959798423,1113,100.26554870605467,test,Primary EV use,Primary EV use,2,2,correct
MIT,b1c4,114,100.30713270765006,1112,100.292236328125,test,Primary EV use,Primary EV use,2,2,correct
MIT,b1c4,115,100.30515868028948,1111,100.30860137939452,test,Primary EV use,Primary EV use,2,2,correct
MIT,b1c4,116,100.30231348592471,1110,100.28713989257812,test,Primary EV use,Primary EV use,2,2,correct
MIT,b1c4,117,100.295863143,1109,100.31565856933594,test,Primary EV use,Primary EV use,2,2,correct
MIT,b1c4,118,100.29100685033832,1108,100.31356811523438,test,Primary EV use,Primary EV use,2,2,correct
MIT,b1c4,119,100.28957961928889,1107,100.29046630859376,test,Primary EV use,Primary EV use,2,2,correct
MIT,b1c4,120,100.28365753720716,1106,100.29952239990234,test,Primary EV use,Primary EV use,2,2,correct
MIT,b1c4,121,100.27951486007018,1105,100.29332733154295,test,Primary EV use,Primary EV use,2,2,correct
MIT,b1c4,122,100.2859466675267,1104,100.3235092163086,test,Primary EV use,Primary EV use,2,2,correct
MIT,b1c4,123,100.2840004433684,1103,100.32759857177734,test,Primary EV use,Primary EV use,2,2,correct
MIT,b1c4,124,100.2851589101293,1102,100.31655883789062,test,Primary EV use,Primary EV use,2,2,correct
MIT,b1c4,125,100.28332389878004,1101,100.2407455444336,test,Primary EV use,Primary EV use,2,2,correct
MIT,b1c4,126,100.27815250315936,1100,100.28536987304688,test,Primary EV use,Primary EV use,2,2,correct
MIT,b1c4,127,100.27372252626569,1099,100.310302734375,test,Primary EV use,Primary EV use,2,2,correct
MIT,b1c4,128,100.27209140506636,1098,100.29490661621094,test,Primary EV use,Primary EV use,2,2,correct
MIT,b1c4,129,100.272267492014,1097,100.29981231689452,test,Primary EV use,Primary EV use,2,2,correct
MIT,b1c4,130,100.27324987182725,1096,100.30146026611328,test,Primary EV use,Primary EV use,2,2,correct
MIT,b1c4,131,100.2724621144298,1095,100.32329559326172,test,Primary EV use,Primary EV use,2,2,correct
MIT,b1c4,132,100.27786520340268,1094,100.30314636230467,test,Primary EV use,Primary EV use,2,2,correct
MIT,b1c4,133,100.27039540972838,1093,100.29090118408205,test,Primary EV use,Primary EV use,2,2,correct
MIT,b1c4,134,100.2751497573151,1092,100.30570220947266,test,Primary EV use,Primary EV use,2,2,correct
MIT,b1c4,135,100.27750376177325,1091,100.30945587158205,test,Primary EV use,Primary EV use,2,2,correct
MIT,b1c4,136,100.2630646320654,1090,100.32097625732422,test,Primary EV use,Primary EV use,2,2,correct
MIT,b1c4,137,100.26227687466798,1089,100.29016876220705,test,Primary EV use,Primary EV use,2,2,correct
MIT,b1c4,138,100.25583579947735,1088,100.31525421142578,test,Primary EV use,Primary EV use,2,2,correct
MIT,b1c4,139,100.25437149749156,1087,100.28290557861328,test,Primary EV use,Primary EV use,2,2,correct
MIT,b1c4,140,100.25491829380272,1086,100.29952239990234,test,Primary EV use,Primary EV use,2,2,correct
MIT,b1c4,141,100.24804163511004,1085,100.31705474853516,test,Primary EV use,Primary EV use,2,2,correct
MIT,b1c4,142,100.24249026239178,1084,100.28803253173828,test,Primary EV use,Primary EV use,2,2,correct
MIT,b1c4,143,100.24059964463798,1083,100.27894592285156,test,Primary EV use,Primary EV use,2,2,correct
MIT,b1c4,144,100.23819003377533,1082,100.29563903808594,test,Primary EV use,Primary EV use,2,2,correct
MIT,b1c4,145,100.23115582360312,1081,100.2931900024414,test,Primary EV use,Primary EV use,2,2,correct
MIT,b1c4,146,100.22412161343097,1080,100.28885650634766,test,Primary EV use,Primary EV use,2,2,correct
MIT,b1c4,147,100.2240752747605,1079,100.3172607421875,test,Primary EV use,Primary EV use,2,2,correct
MIT,b1c4,148,100.21751371902675,1078,100.30963134765624,test,Primary EV use,Primary EV use,2,2,correct
MIT,b1c4,149,100.21918191116244,1077,100.22671508789062,test,Primary EV use,Primary EV use,2,2,correct
MIT,b1c4,150,100.21662401655438,1076,100.25064849853516,test,Primary EV use,Primary EV use,2,2,correct
MIT,b1c4,151,100.2167537648316,1075,100.29405212402344,test,Primary EV use,Primary EV use,2,2,correct
MIT,b1c4,152,100.21550262072982,1074,100.32469177246094,test,Primary EV use,Primary EV use,2,2,correct
MIT,b1c4,153,100.21353786110336,1073,100.3355712890625,test,Primary EV use,Primary EV use,2,2,correct
MIT,b1c4,154,100.20630902851534,1072,100.32868194580078,test,Primary EV use,Primary EV use,2,2,correct
MIT,b1c4,155,100.19708763309856,1071,100.31832122802734,test,Primary EV use,Primary EV use,2,2,correct
MIT,b1c4,156,100.19181429240294,1070,100.41456604003906,test,Primary EV use,Primary EV use,2,2,correct
MIT,b1c4,157,100.19671692373508,1069,100.27301788330078,test,Primary EV use,Primary EV use,2,2,correct
MIT,b1c4,158,100.1992377474068,1068,100.2465591430664,test,Primary EV use,Primary EV use,2,2,correct
MIT,b1c4,159,100.18779209580909,1067,100.30441284179688,test,Primary EV use,Primary EV use,2,2,correct
MIT,b1c4,160,100.1834918671926,1066,100.31487274169922,test,Primary EV use,Primary EV use,2,2,correct
MIT,b1c4,161,100.18295433861556,1065,100.31610107421876,test,Primary EV use,Primary EV use,2,2,correct
MIT,b1c4,162,100.18220365215448,1064,100.30721282958984,test,Primary EV use,Primary EV use,2,2,correct
MIT,b1c4,163,100.18475227902849,1063,100.3047866821289,test,Primary EV use,Primary EV use,2,2,correct
MIT,b1c4,164,100.1853176108078,1062,100.26423645019533,test,Primary EV use,Primary EV use,2,2,correct
MIT,b1c4,165,100.18082275977552,1061,100.3205337524414,test,Primary EV use,Primary EV use,2,2,correct
MIT,b1c4,166,100.17899701616034,1060,100.3155517578125,test,Primary EV use,Primary EV use,2,2,correct
MIT,b1c4,167,100.17715273707697,1059,100.28179931640624,test,Primary EV use,Primary EV use,2,2,correct
MIT,b1c4,168,100.16890445373934,1058,100.32671356201172,test,Primary EV use,Primary EV use,2,2,correct
MIT,b1c4,169,100.16847813797132,1057,100.25485229492188,test,Primary EV use,Primary EV use,2,2,correct
MIT,b1c4,170,100.16407596427992,1056,100.2796859741211,test,Primary EV use,Primary EV use,2,2,correct
MIT,b1c4,171,100.15678225755327,1055,100.28255462646484,test,Primary EV use,Primary EV use,2,2,correct
MIT,b1c4,172,100.1549657816722,1054,100.3111572265625,test,Primary EV use,Primary EV use,2,2,correct
MIT,b1c4,173,100.14660628552554,1053,100.29473114013672,test,Primary EV use,Primary EV use,2,2,correct
MIT,b1c4,174,100.1457536539895,1052,100.28992462158205,test,Primary EV use,Primary EV use,2,2,correct
MIT,b1c4,175,100.15519747502437,1051,100.29735565185548,test,Primary EV use,Primary EV use,2,2,correct
MIT,b1c4,176,100.16885811506891,1050,100.3535614013672,test,Primary EV use,Primary EV use,2,2,correct
MIT,b1c4,177,100.16382573545955,1049,100.32465362548828,test,Primary EV use,Primary EV use,2,2,correct
MIT,b1c4,178,100.15993328714296,1048,100.26177978515624,test,Primary EV use,Primary EV use,2,2,correct
MIT,b1c4,179,100.1433718463291,1047,100.30061340332033,test,Primary EV use,Primary EV use,2,2,correct
MIT,b1c4,180,100.12421543997084,1046,100.28667449951172,test,Primary EV use,Primary EV use,2,2,correct
MIT,b1c4,181,100.12961852894368,1045,100.32682800292967,test,Primary EV use,Primary EV use,2,2,correct
MIT,b1c4,182,100.12405788849136,1044,100.30223846435548,test,Primary EV use,Primary EV use,2,2,correct
MIT,b1c4,183,100.13854335686968,1043,100.30815887451172,test,Primary EV use,Primary EV use,2,2,correct
MIT,b1c4,184,100.14860811608835,1042,100.3973159790039,test,Primary EV use,Primary EV use,2,2,correct
MIT,b1c4,185,100.15437264669065,1041,100.39167022705078,test,Primary EV use,Primary EV use,2,2,correct
MIT,b1c4,186,100.15402974052938,1040,100.41085815429688,test,Primary EV use,Primary EV use,2,2,correct
MIT,b1c4,187,100.15507699448123,1039,100.33556365966795,test,Primary EV use,Primary EV use,2,2,correct
MIT,b1c4,188,100.13947939801248,1038,100.30436706542967,test,Primary EV use,Primary EV use,2,2,correct
MIT,b1c4,189,100.1390252790422,1037,100.31079864501952,test,Primary EV use,Primary EV use,2,2,correct
MIT,b1c4,190,100.11113866717378,1036,100.29817962646484,test,Primary EV use,Primary EV use,2,2,correct
MIT,b1c4,191,100.10207482323648,1035,100.3095932006836,test,Primary EV use,Primary EV use,2,2,correct
MIT,b1c4,192,100.10188020082067,1034,100.28279876708984,test,Primary EV use,Primary EV use,2,2,correct
MIT,b1c4,193,100.0984511392084,1033,100.2481918334961,test,Primary EV use,Primary EV use,2,2,correct
MIT,b1c4,194,100.09590251233442,1032,100.27462005615234,test,Primary EV use,Primary EV use,2,2,correct
MIT,b1c4,195,100.08977654010276,1031,100.3355712890625,test,Primary EV use,Primary EV use,2,2,correct
MIT,b1c4,196,100.08668111691765,1030,100.24899291992188,test,Primary EV use,Primary EV use,2,2,correct
MIT,b1c4,197,100.0816487373083,1029,100.29240417480467,test,Primary EV use,Primary EV use,2,2,correct
MIT,b1c4,198,100.07963763901138,1028,100.22400665283205,test,Primary EV use,Primary EV use,2,2,correct
MIT,b1c4,199,100.07185274237813,1027,100.2282485961914,test,Primary EV use,Primary EV use,2,2,correct
MIT,b1c4,200,100.06424393269252,1026,100.25418090820312,test,Primary EV use,Primary EV use,2,2,correct
MIT,b1c4,201,100.06929484777002,1025,100.26837158203124,test,Primary EV use,Primary EV use,2,2,correct
MIT,b1c4,202,100.07116693005564,1024,100.2721939086914,test,Primary EV use,Primary EV use,2,2,correct
MIT,b1c4,203,100.08995262705042,1023,100.250244140625,test,Primary EV use,Primary EV use,2,2,correct
MIT,b1c4,204,100.09319633398096,1022,100.36786651611328,test,Primary EV use,Primary EV use,2,2,correct
MIT,b1c4,205,100.08881269575772,1021,100.31437683105467,test,Primary EV use,Primary EV use,2,2,correct
MIT,b1c4,206,100.07125960739654,1020,100.25920867919922,test,Primary EV use,Primary EV use,2,2,correct
MIT,b1c4,207,100.05230709118815,1019,100.30553436279295,test,Primary EV use,Primary EV use,2,2,correct
MIT,b1c4,208,100.04763615320824,1018,100.23097229003906,test,Primary EV use,Primary EV use,2,2,correct
MIT,b1c4,209,100.04252036399212,1017,100.2670440673828,test,Primary EV use,Primary EV use,2,2,correct
MIT,b1c4,210,100.06955434432447,1016,100.33677673339844,test,Primary EV use,Primary EV use,2,2,correct
MIT,b1c4,211,100.08137997301978,1015,100.3748016357422,test,Primary EV use,Primary EV use,2,2,correct
MIT,b1c4,212,100.0914354645044,1014,100.36119079589844,test,Primary EV use,Primary EV use,2,2,correct
MIT,b1c4,213,100.09515182587336,1013,100.37394714355467,test,Primary EV use,Primary EV use,2,2,correct
MIT,b1c4,214,100.0914354645044,1012,100.3605499267578,test,Primary EV use,Primary EV use,2,2,correct
MIT,b1c4,215,100.09277001821292,1011,100.37359619140624,test,Primary EV use,Primary EV use,2,2,correct
MIT,b1c4,216,100.07676464144436,1010,100.3504638671875,test,Primary EV use,Primary EV use,2,2,correct
MIT,b1c4,217,100.05744141587252,1009,100.2947998046875,test,Primary EV use,Primary EV use,2,2,correct
MIT,b1c4,218,100.02152894628458,1008,100.30450439453124,test,Primary EV use,Primary EV use,2,2,correct
MIT,b1c4,219,100.01184416416343,1007,100.21687316894533,test,Primary EV use,Primary EV use,2,2,correct
MIT,b1c4,220,100.00574599513408,1006,100.23576354980467,test,Primary EV use,Primary EV use,2,2,correct
MIT,b1c4,221,100.00036144162938,1005,100.2682876586914,test,Primary EV use,Primary EV use,2,2,correct
MIT,b1c4,222,99.99743283765784,1004,100.28858947753906,test,Primary EV use,Primary EV use,2,2,correct
MIT,b1c4,223,99.99372574402295,1003,100.23213958740234,test,Primary EV use,Primary EV use,2,2,correct
MIT,b1c4,224,99.98577402817612,1002,100.25439453125,test,Primary EV use,Primary EV use,2,2,correct
MIT,b1c4,225,99.98035240373513,1001,100.2381820678711,test,Primary EV use,Primary EV use,2,2,correct
MIT,b1c4,226,99.97962952047632,1000,100.18244171142578,test,Primary EV use,Primary EV use,2,2,correct
MIT,b1c4,227,99.98039874240555,999,100.2811050415039,test,Primary EV use,Primary EV use,2,2,correct
MIT,b1c4,228,99.9831141884931,998,100.24373626708984,test,Primary EV use,Primary EV use,2,2,correct
MIT,b1c4,229,99.98859141933865,997,100.26617431640624,test,Primary EV use,Primary EV use,2,2,correct
MIT,b1c4,230,99.99476373024072,996,100.39362335205078,test,Primary EV use,Primary EV use,2,2,correct
MIT,b1c4,231,100.011584667609,995,100.43822479248048,test,Primary EV use,Primary EV use,2,2,correct
MIT,b1c4,232,100.0047636153208,994,100.36927032470705,test,Primary EV use,Primary EV use,2,2,correct
MIT,b1c4,233,99.98155720916644,993,100.27233123779295,test,Primary EV use,Primary EV use,2,2,correct
MIT,b1c4,234,99.96360560823952,992,100.23662567138672,test,Primary EV use,Primary EV use,2,2,correct
MIT,b1c4,235,99.96547769052512,991,100.23756408691406,test,Primary EV use,Primary EV use,2,2,correct
MIT,b1c4,236,99.94823043738884,990,100.2566375732422,test,Primary EV use,Primary EV use,2,2,correct
MIT,b1c4,237,99.95491247366571,989,100.2509765625,test,Primary EV use,Primary EV use,2,2,correct
MIT,b1c4,238,99.97117734698875,988,100.29498291015624,test,Primary EV use,Primary EV use,2,2,correct
MIT,b1c4,239,99.97481029875097,987,100.32815551757812,test,Primary EV use,Primary EV use,2,2,correct
MIT,b1c4,240,99.97509759850766,986,100.3972396850586,test,Primary EV use,Primary EV use,2,2,correct
MIT,b1c4,241,99.97628386847082,985,100.372314453125,test,Primary EV use,Primary EV use,2,2,correct
MIT,b1c4,242,99.97620972659814,984,100.39471435546876,test,Primary EV use,Primary EV use,2,2,correct
MIT,b1c4,243,99.9662932511248,983,100.28778076171876,test,Primary EV use,Primary EV use,2,2,correct
MIT,b1c4,244,99.95661773673775,982,100.30062103271484,test,Primary EV use,Primary EV use,2,2,correct
MIT,b1c4,245,99.9317524061818,981,100.2248764038086,test,Primary EV use,Primary EV use,2,2,correct
MIT,b1c4,246,99.9301583559188,980,100.26483917236328,test,Primary EV use,Primary EV use,2,2,correct
MIT,b1c4,247,99.92836041550586,979,100.22817993164062,test,Primary EV use,Primary EV use,2,2,correct
MIT,b1c4,248,99.92270709771267,978,100.2536163330078,test,Primary EV use,Primary EV use,2,2,correct
MIT,b1c4,249,99.91865709791657,977,100.27693939208984,test,Primary EV use,Primary EV use,2,2,correct
MIT,b1c4,250,99.91349497003,976,100.2234115600586,test,Primary EV use,Primary EV use,2,2,correct
MIT,b1c4,251,99.905951034483,975,100.22256469726562,test,Primary EV use,Primary EV use,2,2,correct
MIT,b1c4,252,99.90489451279706,974,100.25059509277344,test,Primary EV use,Primary EV use,2,2,correct
MIT,b1c4,253,99.90288341450014,973,100.19766235351562,test,Primary EV use,Primary EV use,2,2,correct
MIT,b1c4,254,99.89933387234474,972,100.2119140625,test,Primary EV use,Primary EV use,2,2,correct
MIT,b1c4,255,99.89890755657672,971,100.2076187133789,test,Primary EV use,Primary EV use,2,2,correct
MIT,b1c4,256,99.89853684721324,970,100.27359008789062,test,Primary EV use,Primary EV use,2,2,correct
MIT,b1c4,257,99.90411602313374,969,100.2361297607422,test,Primary EV use,Primary EV use,2,2,correct
MIT,b1c4,258,99.91534851684744,968,100.28256225585938,test,Primary EV use,Primary EV use,2,2,correct
MIT,b1c4,259,99.9186385624484,967,100.28790283203124,test,Primary EV use,Primary EV use,2,2,correct
MIT,b1c4,260,99.90412529086782,966,100.23810577392578,test,Primary EV use,Primary EV use,2,2,correct
MIT,b1c4,261,99.88526545200035,965,100.23644256591795,test,Primary EV use,Primary EV use,2,2,correct
MIT,b1c4,262,99.87716545240816,964,100.2021026611328,test,Primary EV use,Primary EV use,2,2,correct
MIT,b1c4,263,99.86725824466892,963,100.21593475341795,test,Primary EV use,Primary EV use,2,2,correct
MIT,b1c4,264,99.8677679700437,962,100.23933410644533,test,Primary EV use,Primary EV use,2,2,correct
MIT,b1c4,265,99.8758308986996,961,100.30683135986328,test,Primary EV use,Primary EV use,2,2,correct
MIT,b1c4,266,99.88970469662812,960,100.3458480834961,test,Primary EV use,Primary EV use,2,2,correct
MIT,b1c4,267,99.89525606934636,959,100.36128997802734,test,Primary EV use,Primary EV use,2,2,correct
MIT,b1c4,268,99.89468146983296,958,100.37901306152344,test,Primary EV use,Primary EV use,2,2,correct
MIT,b1c4,269,99.89204016561813,957,100.3746337890625,test,Primary EV use,Primary EV use,2,2,correct
MIT,b1c4,270,99.8859605320569,956,100.3833999633789,test,Primary EV use,Primary EV use,2,2,correct
MIT,b1c4,271,99.8819105322608,955,100.24256896972656,test,Primary EV use,Primary EV use,2,2,correct
MIT,b1c4,272,99.85648913765957,954,100.22534942626952,test,Primary EV use,Primary EV use,2,2,correct
MIT,b1c4,273,99.8369898251401,953,100.20498657226562,test,Primary EV use,Primary EV use,2,2,correct
MIT,b1c4,274,99.83551625542022,952,100.19247436523438,test,Primary EV use,Primary EV use,2,2,correct
MIT,b1c4,275,99.8290937156978,951,100.24222564697266,test,Primary EV use,Primary EV use,2,2,correct
MIT,b1c4,276,99.82186488310978,950,100.25843811035156,test,Primary EV use,Primary EV use,2,2,correct
MIT,b1c4,277,99.8277128233188,949,100.17659759521484,test,Primary EV use,Primary EV use,2,2,correct
MIT,b1c4,278,99.8169807872458,948,100.2162857055664,test,Primary EV use,Primary EV use,2,2,correct
MIT,b1c4,279,99.8116425724116,947,100.12908935546876,test,Primary EV use,Primary EV use,2,2,correct
MIT,b1c4,280,99.80881591351498,946,100.14706420898438,test,Primary EV use,Primary EV use,2,2,correct
MIT,b1c4,281,99.80260653167656,945,100.20024871826172,test,Primary EV use,Primary EV use,2,2,correct
MIT,b1c4,282,99.79920527326657,944,100.17120361328124,test,Primary EV use,Primary EV use,2,2,correct
MIT,b1c4,283,99.79226374043525,943,100.12113189697266,test,Primary EV use,Primary EV use,2,2,correct
MIT,b1c4,284,99.79571133751568,942,100.13594818115234,test,Primary EV use,Primary EV use,2,2,correct
MIT,b1c4,285,99.80106808781808,941,100.21923828125,test,Primary EV use,Primary EV use,2,2,correct
MIT,b1c4,286,99.80835252681062,940,100.18807983398438,test,Primary EV use,Primary EV use,2,2,correct
MIT,b1c4,287,99.79908479272342,939,100.20728302001952,test,Primary EV use,Primary EV use,2,2,correct
MIT,b1c4,288,99.78000252823784,938,100.20435333251952,test,Primary EV use,Primary EV use,2,2,correct
MIT,b1c4,289,99.785544633222,937,100.1230926513672,test,Primary EV use,Primary EV use,2,2,correct
MIT,b1c4,290,99.7817819331826,936,100.19212341308594,test,Primary EV use,Primary EV use,2,2,correct
MIT,b1c4,291,99.7717079062298,935,100.12154388427734,test,Primary EV use,Primary EV use,2,2,correct
MIT,b1c4,292,99.7729312471293,934,100.25177764892578,test,Primary EV use,Primary EV use,2,2,correct
MIT,b1c4,293,99.78517392385852,933,100.30723571777344,test,Primary EV use,Primary EV use,2,2,correct
MIT,b1c4,294,99.79645275624264,932,100.32275390625,test,Primary EV use,Primary EV use,2,2,correct
MIT,b1c4,295,99.8003266690911,931,100.3482894897461,test,Primary EV use,Primary EV use,2,2,correct
MIT,b1c4,296,99.80411717233277,930,100.28601837158205,test,Primary EV use,Primary EV use,2,2,correct
MIT,b1c4,297,99.80466396864392,929,100.38153076171876,test,Primary EV use,Primary EV use,2,2,correct
MIT,b1c4,298,99.80502541027332,928,100.29672241210938,test,Primary EV use,Primary EV use,2,2,correct
MIT,b1c4,299,99.79175401506043,927,100.22087097167967,test,Primary EV use,Primary EV use,2,2,correct
MIT,b1c4,300,99.76154120193613,926,100.15286254882812,test,Primary EV use,Primary EV use,2,2,correct
MIT,b1c4,301,99.74625870842632,925,100.14460754394533,test,Primary EV use,Primary EV use,2,2,correct
MIT,b1c4,302,99.7406239261013,924,100.12940216064452,test,Primary EV use,Primary EV use,2,2,correct
MIT,b1c4,303,99.73254246197726,923,100.162841796875,test,Primary EV use,Primary EV use,2,2,correct
MIT,b1c4,304,99.73486866323314,922,100.117919921875,test,Primary EV use,Primary EV use,2,2,correct
MIT,b1c4,305,99.72912266809908,921,100.1615753173828,test,Primary EV use,Primary EV use,2,2,correct
MIT,b1c4,306,99.72428491090557,920,100.12077331542967,test,Primary EV use,Primary EV use,2,2,correct
MIT,b1c4,307,99.71734337807425,919,100.1018524169922,test,Primary EV use,Primary EV use,2,2,correct
MIT,b1c4,308,99.71255195955116,918,100.05061340332033,test,Primary EV use,Primary EV use,2,2,correct
MIT,b1c4,309,99.71137495732208,917,100.1186294555664,test,Primary EV use,Primary EV use,2,2,correct
MIT,b1c4,310,99.70928971715246,916,100.15032196044922,test,Primary EV use,Primary EV use,2,2,correct
MIT,b1c4,311,99.70534166243132,915,100.09034729003906,test,Primary EV use,Primary EV use,2,2,correct
MIT,b1c4,312,99.7039051636478,914,100.0492706298828,test,Primary EV use,Primary EV use,2,2,correct
MIT,b1c4,313,99.70166237199868,913,100.17511749267578,test,Primary EV use,Primary EV use,2,2,correct
MIT,b1c4,314,99.69205173175024,912,100.16238403320312,test,Primary EV use,Primary EV use,2,2,correct
MIT,b1c4,315,99.6903650041464,911,100.19647216796876,test,Primary EV use,Primary EV use,2,2,correct
MIT,b1c4,316,99.68630573661618,910,100.09789276123048,test,Primary EV use,Primary EV use,2,2,correct
MIT,b1c4,317,99.68146797942264,909,100.11434936523438,test,Primary EV use,Primary EV use,2,2,correct
MIT,b1c4,318,99.67515665250929,908,100.10445404052734,test,Primary EV use,Primary EV use,2,2,correct
MIT,b1c4,319,99.67788136633092,907,100.07678985595705,test,Primary EV use,Primary EV use,2,2,correct
MIT,b1c4,320,99.68141237301816,906,100.08888244628906,test,Primary EV use,Primary EV use,2,2,correct
MIT,b1c4,321,99.68362736146496,905,100.05113983154295,test,Primary EV use,Primary EV use,2,2,correct
MIT,b1c4,322,99.68739932923847,904,100.21599578857422,test,Primary EV use,Primary EV use,2,2,correct
MIT,b1c4,323,99.6880295351564,903,100.18108367919922,test,Primary EV use,Primary EV use,2,2,correct
MIT,b1c4,324,99.68406294496708,902,100.10961151123048,test,Primary EV use,Primary EV use,2,2,correct
MIT,b1c4,325,99.6800592838414,901,100.25091552734376,test,Primary EV use,Primary EV use,2,2,correct
MIT,b1c4,326,99.68080997030246,900,100.156494140625,test,Primary EV use,Primary EV use,2,2,correct
MIT,b1c4,327,99.65596317521468,899,100.11783599853516,test,Primary EV use,Primary EV use,2,2,correct
MIT,b1c4,328,99.65132004043696,898,100.15397644042967,test,Primary EV use,Primary EV use,2,2,correct
MIT,b1c4,329,99.64790951429286,897,100.13726043701172,test,Primary EV use,Primary EV use,2,2,correct
MIT,b1c4,330,99.63793743241504,896,100.0387954711914,test,Primary EV use,Primary EV use,2,2,correct
MIT,b1c4,331,99.63874372528062,895,100.17193603515624,test,Primary EV use,Primary EV use,2,2,correct
MIT,b1c4,332,99.63009692937726,894,100.0648956298828,test,Primary EV use,Primary EV use,2,2,correct
MIT,b1c4,333,99.6320246180674,893,100.02904510498048,test,Primary EV use,Primary EV use,2,2,correct
MIT,b1c4,334,99.62922576237304,892,100.11279296875,test,Primary EV use,Primary EV use,2,2,correct
MIT,b1c4,335,99.62328514482316,891,100.08858489990234,test,Primary EV use,Primary EV use,2,2,correct
MIT,b1c4,336,99.6166679826849,890,100.07066345214844,test,Primary EV use,Primary EV use,2,2,correct
MIT,b1c4,337,99.61216386391852,889,100.0893325805664,test,Primary EV use,Primary EV use,2,2,correct
MIT,b1c4,338,99.60916111807428,888,100.17076110839844,test,Primary EV use,Primary EV use,2,2,correct
MIT,b1c4,339,99.67600928404528,887,100.30774688720705,test,Primary EV use,Primary EV use,2,2,correct
MIT,b1c4,340,99.71776042610814,886,100.11376190185548,test,Primary EV use,Primary EV use,2,2,correct
MIT,b1c4,341,99.73330241617242,885,100.02537536621094,test,Primary EV use,Primary EV use,2,2,correct
MIT,b1c4,342,99.73061477328712,884,100.01757049560548,test,Primary EV use,Primary EV use,2,2,correct
MIT,b1c4,343,99.72190310324514,883,100.0640106201172,test,Primary EV use,Primary EV use,2,2,correct
MIT,b1c4,344,99.71383090685518,882,100.02503204345705,test,Primary EV use,Primary EV use,2,2,correct
MIT,b1c4,345,99.71639806919734,881,100.09564208984376,test,Primary EV use,Primary EV use,2,2,correct
MIT,b1c4,346,99.72023491110944,880,100.12572479248048,test,Primary EV use,Primary EV use,2,2,correct
MIT,b1c4,347,99.74698159168511,879,100.08881378173828,test,Primary EV use,Primary EV use,2,2,correct
MIT,b1c4,348,99.7663326204592,878,100.0673370361328,test,Primary EV use,Primary EV use,2,2,correct
MIT,b1c4,349,99.78099417578518,877,99.87580871582033,test,Primary EV use,Primary EV use,2,2,correct
MIT,b1c4,350,99.78973364902942,876,99.83451080322266,test,Primary EV use,Primary EV use,2,2,correct
MIT,b1c4,351,99.7996130535664,875,99.83988189697266,test,Primary EV use,Primary EV use,2,2,correct
MIT,b1c4,352,99.79717563950145,874,99.83846282958984,test,Primary EV use,Primary EV use,2,2,correct
MIT,b1c4,353,99.79696248161744,873,99.8702392578125,test,Primary EV use,Primary EV use,2,2,correct
MIT,b1c4,354,99.7726532151067,872,100.10659790039062,test,Primary EV use,Primary EV use,2,2,correct
MIT,b1c4,355,99.74291305642085,871,100.1451187133789,test,Primary EV use,Primary EV use,2,2,correct
MIT,b1c4,356,99.71567518593857,870,100.05694580078124,test,Primary EV use,Primary EV use,2,2,correct
MIT,b1c4,357,99.67815939835351,869,100.13446807861328,test,Primary EV use,Primary EV use,2,2,correct
MIT,b1c4,358,99.6781686660876,868,99.96847534179688,test,Primary EV use,Primary EV use,2,2,correct
MIT,b1c4,359,99.67488788822074,867,100.05386352539062,test,Primary EV use,Primary EV use,2,2,correct
MIT,b1c4,360,99.66517530289734,866,100.06694793701172,test,Primary EV use,Primary EV use,2,2,correct
MIT,b1c4,361,99.66499921594968,865,100.0470199584961,test,Primary EV use,Primary EV use,2,2,correct
MIT,b1c4,362,99.65785379296844,864,100.10242462158205,test,Primary EV use,Primary EV use,2,2,correct
MIT,b1c4,363,99.65393354144956,863,100.01322174072266,test,Primary EV use,Primary EV use,2,2,correct
MIT,b1c4,364,99.65309944538171,862,100.0190200805664,test,Primary EV use,Primary EV use,2,2,correct
MIT,b1c4,365,99.64761294680208,861,100.02948760986328,test,Primary EV use,Primary EV use,2,2,correct
MIT,b1c4,366,99.6420893772861,860,99.9879150390625,test,Primary EV use,Primary EV use,2,2,correct
MIT,b1c4,367,99.64526821007802,859,99.98672485351562,test,Primary EV use,Primary EV use,2,2,correct
MIT,b1c4,368,99.64999475446248,858,99.91998291015624,test,Primary EV use,Primary EV use,2,2,correct
MIT,b1c4,369,99.64437850760564,857,100.00390625,test,Primary EV use,Primary EV use,2,2,correct
MIT,b1c4,370,99.63196901166287,856,100.00045013427734,test,Primary EV use,Primary EV use,2,2,correct
MIT,b1c4,371,99.62349830270718,855,100.00022888183594,test,Primary EV use,Primary EV use,2,2,correct
MIT,b1c4,372,99.61302576318862,854,100.0845718383789,test,Primary EV use,Primary EV use,2,2,correct
MIT,b1c4,373,99.60990253680124,853,99.94920349121094,test,Primary EV use,Primary EV use,2,2,correct
MIT,b1c4,374,99.61058834912367,852,100.09952545166016,test,Primary EV use,Primary EV use,2,2,correct
MIT,b1c4,375,99.6370199267404,851,100.1019058227539,test,Primary EV use,Primary EV use,2,2,correct
MIT,b1c4,376,99.6510790793507,850,100.0093765258789,test,Primary EV use,Primary EV use,2,2,correct
MIT,b1c4,377,99.65944784323143,849,100.03939819335938,test,Primary EV use,Primary EV use,2,2,correct
MIT,b1c4,378,99.66094921615355,848,99.95350646972656,test,Primary EV use,Primary EV use,2,2,correct
MIT,b1c4,379,99.66198720237136,847,99.87197875976562,test,Primary EV use,Primary EV use,2,2,correct
MIT,b1c4,380,99.6649065386088,846,99.8101806640625,test,Primary EV use,Primary EV use,2,2,correct
MIT,b1c4,381,99.66366466224112,845,100.05440521240234,test,Primary EV use,Primary EV use,2,2,correct
MIT,b1c4,382,99.6347771350913,844,100.08773040771484,test,Primary EV use,Primary EV use,2,2,correct
MIT,b1c4,383,99.60968011118314,843,99.97000122070312,test,Primary EV use,Primary EV use,2,2,correct
MIT,b1c4,384,99.59238651937642,842,99.95008087158205,test,Primary EV use,Primary EV use,2,2,correct
MIT,b1c4,385,99.57605677191476,841,99.89932250976562,test,Primary EV use,Primary EV use,2,2,correct
MIT,b1c4,386,99.5695786257878,840,99.94276428222656,test,Primary EV use,Primary EV use,2,2,correct
MIT,b1c4,387,99.5618215323568,839,99.95800018310548,test,Primary EV use,Primary EV use,2,2,correct
MIT,b1c4,388,99.55577896973192,838,100.0381088256836,test,Primary EV use,Primary EV use,2,2,correct
MIT,b1c4,389,99.55354544581692,837,99.9611587524414,test,Primary EV use,Primary EV use,2,2,correct
MIT,b1c4,390,99.54947691055264,836,99.87001037597656,test,Primary EV use,Primary EV use,2,2,correct
MIT,b1c4,391,99.5489301142415,835,99.82635498046876,test,Primary EV use,Primary EV use,2,2,correct
MIT,b1c4,392,99.5439255378344,834,99.94294738769533,test,Primary EV use,Primary EV use,2,2,correct
MIT,b1c4,393,99.54477816937042,833,99.8978271484375,test,Primary EV use,Primary EV use,2,2,correct
MIT,b1c4,394,99.54167347845122,832,99.91897583007812,test,Primary EV use,Primary EV use,2,2,correct
MIT,b1c4,395,99.49692885827815,831,100.01395416259766,test,Primary EV use,Primary EV use,2,2,correct
MIT,b1c4,396,99.53962530921795,830,100.00428771972656,test,Primary EV use,Primary EV use,2,2,correct
MIT,b1c4,397,99.53533434833555,829,99.928955078125,test,Primary EV use,Primary EV use,2,2,correct
MIT,b1c4,398,99.52101569917085,828,99.87918853759766,test,Primary EV use,Primary EV use,2,2,correct
MIT,b1c4,399,99.5127025416946,827,99.95623779296876,test,Primary EV use,Primary EV use,2,2,correct
MIT,b1c4,400,99.50427817140934,826,99.9080581665039,test,Primary EV use,Primary EV use,2,2,correct
MIT,b1c4,401,99.50854132908944,825,99.8800811767578,test,Primary EV use,Primary EV use,2,2,correct
MIT,b1c4,402,99.53016295271487,824,99.82866668701172,test,Primary EV use,Primary EV use,2,2,correct
MIT,b1c4,403,99.5407374373084,823,99.98806762695312,test,Primary EV use,Primary EV use,2,2,correct
MIT,b1c4,404,99.55191432461756,822,99.96996307373048,test,Primary EV use,Primary EV use,2,2,correct
MIT,b1c4,405,99.55614967909544,821,99.93756103515624,test,Primary EV use,Primary EV use,2,2,correct
MIT,b1c4,406,99.5587075737035,820,99.76910400390624,test,Primary EV use,Primary EV use,2,2,correct
MIT,b1c4,407,99.55883732198072,819,99.76457977294922,test,Primary EV use,Primary EV use,2,2,correct
MIT,b1c4,408,99.5580588323174,818,99.92472839355467,test,Primary EV use,Primary EV use,2,2,correct
MIT,b1c4,409,99.53728984022796,817,99.9998550415039,test,Primary EV use,Primary EV use,2,2,correct
MIT,b1c4,410,99.50762382341482,816,99.92189025878906,test,Primary EV use,Primary EV use,2,2,correct
MIT,b1c4,411,99.48819865276802,815,99.85196685791016,test,Primary EV use,Primary EV use,2,2,correct
MIT,b1c4,412,99.47491798982108,814,99.84812927246094,test,Primary EV use,Primary EV use,2,2,correct
MIT,b1c4,413,99.46487176607052,813,99.82171630859376,test,Primary EV use,Primary EV use,2,2,correct
MIT,b1c4,414,99.456632750467,812,99.93618774414062,test,Primary EV use,Primary EV use,2,2,correct
MIT,b1c4,415,99.44990437551968,811,99.9330062866211,test,Primary EV use,Primary EV use,2,2,correct
MIT,b1c4,416,99.44438080600372,810,99.89022827148438,test,Primary EV use,Primary EV use,2,2,correct
MIT,b1c4,417,99.44100735079596,809,99.86587524414062,test,Primary EV use,Primary EV use,2,2,correct
MIT,b1c4,418,99.43741146997012,808,99.79065704345705,test,Primary EV use,Primary EV use,2,2,correct
MIT,b1c4,419,99.4144552926361,807,99.96205139160156,test,Primary EV use,Primary EV use,2,2,correct
MIT,b1c4,420,99.43832897564477,806,99.89989471435548,test,Primary EV use,Primary EV use,2,2,correct
MIT,b1c4,421,99.44261993652714,805,99.91248321533205,test,Primary EV use,Primary EV use,2,2,correct
MIT,b1c4,422,99.45026581714907,804,99.88543701171876,test,Primary EV use,Primary EV use,2,2,correct
MIT,b1c4,423,99.45492748739495,803,99.9057846069336,test,Primary EV use,Primary EV use,2,2,correct
MIT,b1c4,424,99.44379693875622,802,99.90987396240234,test,Primary EV use,Primary EV use,2,2,correct
MIT,b1c4,425,99.43207325513588,801,99.84590911865234,test,Primary EV use,Primary EV use,2,2,correct
MIT,b1c4,426,99.41673515522156,800,99.77758026123048,test,Primary EV use,Primary EV use,2,2,correct
MIT,b1c4,427,99.40495586519673,799,99.80422973632812,test,Primary EV use,Primary EV use,2,2,correct
MIT,b1c4,428,99.4038066661699,798,99.83992004394533,test,Primary EV use,Primary EV use,2,2,correct
MIT,b1c4,429,99.41992325574756,797,99.94293975830078,test,Primary EV use,Primary EV use,2,2,correct
MIT,b1c4,430,99.4377358406632,796,99.96179962158205,test,Primary EV use,Primary EV use,2,2,correct
MIT,b1c4,431,99.43160060069744,795,100.00338745117188,test,Primary EV use,Primary EV use,2,2,correct
MIT,b1c4,432,99.4482269156499,794,99.85875701904295,test,Primary EV use,Primary EV use,2,2,correct
MIT,b1c4,433,99.4490239407814,793,99.67686462402344,test,Primary EV use,Primary EV use,2,2,correct
MIT,b1c4,434,99.44419545132196,792,99.85985565185548,test,Primary EV use,Primary EV use,2,2,correct
MIT,b1c4,435,99.44363011954265,791,99.84183502197266,test,Primary EV use,Primary EV use,2,2,correct
MIT,b1c4,436,99.4272818366128,790,99.9228744506836,test,Primary EV use,Primary EV use,2,2,correct
MIT,b1c4,437,99.40138778757314,789,99.8958969116211,test,Primary EV use,Primary EV use,2,2,correct
MIT,b1c4,438,99.37741215948954,788,99.84583282470705,test,Primary EV use,Primary EV use,2,2,correct
MIT,b1c4,439,99.36182383075484,787,99.76209259033205,test,Primary EV use,Primary EV use,2,2,correct
MIT,b1c4,440,99.34784808775134,786,99.834228515625,test,Primary EV use,Primary EV use,2,2,correct
MIT,b1c4,441,99.34249133744896,785,99.85674285888672,test,Primary EV use,Primary EV use,2,2,correct
MIT,b1c4,442,99.33705117753976,784,99.9320297241211,test,Primary EV use,Primary EV use,2,2,correct
MIT,b1c4,443,99.33248218463476,783,99.90318298339844,test,Primary EV use,Primary EV use,2,2,correct
MIT,b1c4,444,99.3232515214839,782,99.7666473388672,test,Primary EV use,Primary EV use,2,2,correct
MIT,b1c4,445,99.3271625052687,781,99.75677490234376,test,Primary EV use,Primary EV use,2,2,correct
MIT,b1c4,446,99.3191088443469,780,99.76207733154295,test,Primary EV use,Primary EV use,2,2,correct
MIT,b1c4,447,99.3196927115944,779,99.76136779785156,test,Primary EV use,Primary EV use,2,2,correct
MIT,b1c4,448,99.31937760863543,778,99.77898406982422,test,Primary EV use,Primary EV use,2,2,correct
MIT,b1c4,449,99.3235388212406,777,99.8359603881836,test,Primary EV use,Primary EV use,2,2,correct
MIT,b1c4,450,99.33589271077884,776,99.8426513671875,test,Primary EV use,Primary EV use,2,2,correct
MIT,b1c4,451,99.32283447345,775,99.79715728759766,test,Primary EV use,Primary EV use,2,2,correct
MIT,b1c4,452,99.31437303222836,774,99.7807159423828,test,Primary EV use,Primary EV use,2,2,correct
MIT,b1c4,453,99.2992666256662,773,99.75504302978516,test,Primary EV use,Primary EV use,2,2,correct
MIT,b1c4,454,99.29321479530726,772,99.76217651367188,test,Primary EV use,Primary EV use,2,2,correct
MIT,b1c4,455,99.28827509303876,771,99.79205322265624,test,Primary EV use,Primary EV use,2,2,correct
MIT,b1c4,456,99.29086079084912,770,99.82136535644533,test,Primary EV use,Primary EV use,2,2,correct
MIT,b1c4,457,99.30566136218638,769,99.79815673828124,test,Primary EV use,Primary EV use,2,2,correct
MIT,b1c4,458,99.31311262039247,768,99.86125946044922,test,Primary EV use,Primary EV use,2,2,correct
MIT,b1c4,459,99.31482715119864,767,99.86080932617188,test,Primary EV use,Primary EV use,2,2,correct
MIT,b1c4,460,99.31421548074889,766,99.81881713867188,test,Primary EV use,Primary EV use,2,2,correct
MIT,b1c4,461,99.31277898196537,765,99.7661361694336,test,Primary EV use,Primary EV use,2,2,correct
MIT,b1c4,462,99.31481788346451,764,99.78841400146484,test,Primary EV use,Primary EV use,2,2,correct
MIT,b1c4,463,99.31366868443772,763,99.83316040039062,test,Primary EV use,Primary EV use,2,2,correct
MIT,b1c4,464,99.29553172882906,762,99.88220977783205,test,Primary EV use,Primary EV use,2,2,correct
MIT,b1c4,465,99.27401205027856,761,99.85051727294922,test,Primary EV use,Primary EV use,2,2,correct
MIT,b1c4,466,99.26038848117037,760,99.79100799560548,test,Primary EV use,Primary EV use,2,2,correct
MIT,b1c4,467,99.24821994631388,759,99.8676300048828,test,Primary EV use,Primary EV use,2,2,correct
MIT,b1c4,468,99.23745083930451,758,99.76577758789062,test,Primary EV use,Primary EV use,2,2,correct
MIT,b1c4,469,99.23390129714912,757,99.84416961669922,test,Primary EV use,Primary EV use,2,2,correct
MIT,b1c4,470,99.22874843699664,756,99.71947479248048,test,Primary EV use,Primary EV use,2,2,correct
MIT,b1c4,471,99.22371605738728,755,99.83992767333984,test,Primary EV use,Primary EV use,2,2,correct
MIT,b1c4,472,99.21524534843157,754,99.75702667236328,test,Primary EV use,Primary EV use,2,2,correct
MIT,b1c4,473,99.21241868953496,753,99.54308319091795,test,Primary EV use,Primary EV use,2,2,correct
MIT,b1c4,474,99.206895120019,752,99.7359848022461,test,Primary EV use,Primary EV use,2,2,correct
MIT,b1c4,475,99.2013252118326,751,99.73509979248048,test,Primary EV use,Primary EV use,2,2,correct
MIT,b1c4,476,99.19156628783875,750,99.75973510742188,test,Primary EV use,Primary EV use,2,2,correct
MIT,b1c4,477,99.19020393092796,749,99.81046295166016,test,Primary EV use,Primary EV use,2,2,correct
MIT,b1c4,478,99.18412429736672,748,99.85466766357422,test,Primary EV use,Primary EV use,2,2,correct
MIT,b1c4,479,99.17974065914348,747,99.82042694091795,test,Primary EV use,Primary EV use,2,2,correct
MIT,b1c4,480,99.17249329108728,746,99.7855453491211,test,Primary EV use,Primary EV use,2,2,correct
MIT,b1c4,481,99.16675656368731,745,99.90071868896484,test,Primary EV use,Primary EV use,2,2,correct
MIT,b1c4,482,99.15839706754063,744,99.89408111572266,test,Primary EV use,Primary EV use,2,2,correct
MIT,b1c4,483,99.1707509570789,743,99.7822494506836,test,Primary EV use,Primary EV use,2,2,correct
MIT,b1c4,484,99.18900839323072,742,99.73170471191406,test,Primary EV use,Primary EV use,2,2,correct
MIT,b1c4,485,99.21120461636956,741,99.66722869873048,test,Primary EV use,Primary EV use,2,2,correct
MIT,b1c4,486,99.22243711008323,740,99.59546661376952,test,Primary EV use,Primary EV use,2,2,correct
MIT,b1c4,487,99.2316121668296,739,99.66516876220705,test,Primary EV use,Primary EV use,2,2,correct
MIT,b1c4,488,99.24079649131,738,99.63548278808594,test,Primary EV use,Primary EV use,2,2,correct
MIT,b1c4,489,99.23917463784474,737,99.61597442626952,test,Primary EV use,Primary EV use,2,2,correct
MIT,b1c4,490,99.23782154866802,736,99.62804412841795,test,Primary EV use,Primary EV use,2,2,correct
MIT,b1c4,491,99.2067653717418,735,99.72596740722656,test,Primary EV use,Primary EV use,2,2,correct
MIT,b1c4,492,99.19136239768883,734,99.6578598022461,test,Primary EV use,Primary EV use,2,2,correct
MIT,b1c4,493,99.14656217111128,733,99.93939971923828,test,Primary EV use,Primary EV use,2,2,correct
MIT,b1c4,494,99.14630267455684,732,99.65998840332033,test,Primary EV use,Primary EV use,2,2,correct
MIT,b1c4,495,99.13507018084314,731,99.58683776855467,test,Primary EV use,Primary EV use,2,2,correct
MIT,b1c4,496,99.12559855660602,730,99.71585083007812,test,Primary EV use,Primary EV use,2,2,correct
MIT,b1c4,497,99.11933356836306,729,99.57186126708984,test,Primary EV use,Primary EV use,2,2,correct
MIT,b1c4,498,98.97468277472991,728,99.78468322753906,test,Primary EV use,Primary EV use,2,2,correct
MIT,b1c4,499,98.9884638953176,727,99.76312255859376,test,Primary EV use,Primary EV use,2,2,correct
MIT,b1c4,500,98.74766036052968,726,99.256591796875,test,Primary EV use,Primary EV use,2,2,correct
MIT,b1c4,501,98.7082910261272,725,99.45477294921876,test,Primary EV use,Primary EV use,2,2,correct
MIT,b1c4,502,98.91395131325643,724,99.75511932373048,test,Primary EV use,Primary EV use,2,2,correct
MIT,b1c4,503,99.02734203981342,723,99.83602905273438,test,Primary EV use,Primary EV use,2,2,correct
MIT,b1c4,504,98.95302408016812,722,99.7723617553711,test,Primary EV use,Primary EV use,2,2,correct
MIT,b1c4,505,98.94400657490128,721,99.63414764404295,test,Primary EV use,Primary EV use,2,2,correct
MIT,b1c4,506,98.94662934364796,720,99.72319793701172,test,Primary EV use,Primary EV use,2,2,correct
MIT,b1c4,507,98.93932636918724,719,99.67385864257812,test,Primary EV use,Primary EV use,2,2,correct
MIT,b1c4,508,98.9375376965084,718,99.69420623779295,test,Primary EV use,Primary EV use,2,2,correct
MIT,b1c4,509,98.93031813165445,717,99.7594223022461,test,Primary EV use,Primary EV use,2,2,correct
MIT,b1c4,510,98.92150451653752,716,99.69338989257812,test,Primary EV use,Primary EV use,2,2,correct
MIT,b1c4,511,98.9269539441808,715,99.74504089355467,test,Primary EV use,Primary EV use,2,2,correct
MIT,b1c4,512,98.92737099221472,714,99.62803649902344,test,Primary EV use,Primary EV use,2,2,correct
MIT,b1c4,513,98.93945611746445,713,99.7345199584961,test,Primary EV use,Primary EV use,2,2,correct
MIT,b1c4,514,98.9473985655772,712,99.77533721923828,test,Primary EV use,Primary EV use,2,2,correct
MIT,b1c4,515,98.93403449302345,711,99.89716339111328,test,Primary EV use,Primary EV use,2,2,correct
MIT,b1c4,516,98.94938186067183,710,99.7895736694336,test,Primary EV use,Primary EV use,2,2,correct
MIT,b1c4,517,98.9513002816279,709,99.92682647705078,test,Primary EV use,Primary EV use,2,2,correct
MIT,b1c4,518,98.8884835799848,708,100.13172149658205,test,Primary EV use,Primary EV use,2,2,correct
MIT,b1c4,519,98.9289835779459,707,99.8404312133789,test,Primary EV use,Primary EV use,2,2,correct
MIT,b1c4,520,98.90207934589074,706,99.60359191894533,test,Primary EV use,Primary EV use,2,2,correct
MIT,b1c4,521,98.88263563977576,705,99.58190155029295,test,Primary EV use,Primary EV use,2,2,correct
MIT,b1c4,522,98.86274708242462,704,99.63873291015624,test,Primary EV use,Primary EV use,2,2,correct
MIT,b1c4,523,98.8643411326876,703,99.62757110595705,test,Primary EV use,Primary EV use,2,2,correct
MIT,b1c4,524,98.86107889028894,702,99.6285629272461,test,Primary EV use,Primary EV use,2,2,correct
MIT,b1c4,525,98.8559445656046,701,99.70049285888672,test,Primary EV use,Primary EV use,2,2,correct
MIT,b1c4,526,98.85359056114643,700,99.67050170898438,test,Primary EV use,Primary EV use,2,2,correct
MIT,b1c4,527,98.84642660269704,699,99.59989166259766,test,Primary EV use,Primary EV use,2,2,correct
MIT,b1c4,528,98.84438770119786,698,99.71896362304688,test,Primary EV use,Primary EV use,2,2,correct
MIT,b1c4,529,98.84275657999852,697,99.6379623413086,test,Primary EV use,Primary EV use,2,2,correct
MIT,b1c4,530,98.84192248393066,696,99.70429229736328,test,Primary EV use,Primary EV use,2,2,correct
MIT,b1c4,531,98.84018014992228,695,99.67247009277344,test,Primary EV use,Primary EV use,2,2,correct
MIT,b1c4,532,98.83953140853616,694,99.57550811767578,test,Primary EV use,Primary EV use,2,2,correct
MIT,b1c4,533,98.8389938799591,693,99.66500091552734,test,Primary EV use,Primary EV use,2,2,correct
MIT,b1c4,534,98.82397088300377,692,99.65597534179688,test,Primary EV use,Primary EV use,2,2,correct
MIT,b1c4,535,98.82982809094683,691,99.59440612792967,test,Primary EV use,Primary EV use,2,2,correct
MIT,b1c4,536,98.82894765620856,690,99.73362731933594,test,Primary EV use,Primary EV use,2,2,correct
MIT,b1c4,537,98.82144079159792,689,99.65909576416016,test,Primary EV use,Primary EV use,2,2,correct
MIT,b1c4,538,98.81165406440184,688,99.67816925048828,test,Primary EV use,Primary EV use,2,2,correct
MIT,b1c4,539,98.8176317528881,687,99.63904571533205,test,Primary EV use,Primary EV use,2,2,correct
MIT,b1c4,540,98.82619513918468,686,99.80538940429688,test,Primary EV use,Primary EV use,2,2,correct
MIT,b1c4,541,98.82879937246318,685,99.7081298828125,test,Primary EV use,Primary EV use,2,2,correct
MIT,b1c4,542,98.8303100131194,684,99.75716400146484,test,Primary EV use,Primary EV use,2,2,correct
MIT,b1c4,543,98.83128312519854,683,99.65337371826172,test,Primary EV use,Primary EV use,2,2,correct
MIT,b1c4,544,98.82439719877176,682,99.7668685913086,test,Primary EV use,Primary EV use,2,2,correct
MIT,b1c4,545,98.81702008243836,681,99.79396057128906,test,Primary EV use,Primary EV use,2,2,correct
MIT,b1c4,546,98.81290520850364,680,99.58512878417967,test,Primary EV use,Primary EV use,2,2,correct
MIT,b1c4,547,98.7842401069719,679,99.642333984375,test,Primary EV use,Primary EV use,2,2,correct
MIT,b1c4,548,98.77623278472052,678,99.6074447631836,test,Primary EV use,Primary EV use,2,2,correct
MIT,b1c4,549,98.76580658387245,677,99.69659423828124,test,Primary EV use,Primary EV use,2,2,correct
MIT,b1c4,550,98.75979182444983,676,99.57735443115234,test,Primary EV use,Primary EV use,2,2,correct
MIT,b1c4,551,98.75414777439072,675,99.53378295898438,test,Primary EV use,Primary EV use,2,2,correct
MIT,b1c4,552,98.74834617285212,674,99.57362365722656,test,Primary EV use,Primary EV use,2,2,correct
MIT,b1c4,553,98.74367523487216,673,99.51087951660156,test,Primary EV use,Primary EV use,2,2,correct
MIT,b1c4,554,98.74321184816782,672,99.63648986816406,test,Primary EV use,Primary EV use,2,2,correct
MIT,b1c4,555,98.7364834732205,671,99.52588653564452,test,Primary EV use,Primary EV use,2,2,correct
MIT,b1c4,556,98.73193301578368,670,99.63119506835938,test,Primary EV use,Primary EV use,2,2,correct
MIT,b1c4,557,98.7293843889097,669,99.62862396240234,test,Primary EV use,Primary EV use,2,2,correct
MIT,b1c4,558,98.72624262705412,668,99.6346664428711,test,Primary EV use,Primary EV use,2,2,correct
MIT,b1c4,559,98.72231310780116,667,99.58272552490234,test,Primary EV use,Primary EV use,2,2,correct
MIT,b1c4,560,98.72860589924638,666,99.7025909423828,test,Primary EV use,Primary EV use,2,2,correct
MIT,b1c4,561,98.7200425129498,665,99.66144561767578,test,Primary EV use,Primary EV use,2,2,correct
MIT,b1c4,562,98.7088100192361,664,99.53823852539062,test,Primary EV use,Primary EV use,2,2,correct
MIT,b1c4,563,98.70646528251204,663,99.64110565185548,test,Primary EV use,Primary EV use,2,2,correct
MIT,b1c4,564,98.70549217043288,662,99.55596160888672,test,Primary EV use,Primary EV use,2,2,correct
MIT,b1c4,565,98.6992549853922,661,99.66217041015624,test,Primary EV use,Primary EV use,2,2,correct
MIT,b1c4,566,98.69454697647588,660,99.61872863769533,test,Primary EV use,Primary EV use,2,2,correct
MIT,b1c4,567,98.71251711287098,659,99.69794464111328,test,Primary EV use,Primary EV use,2,2,correct
MIT,b1c4,568,98.7271508649947,658,99.64295196533205,test,Primary EV use,Primary EV use,2,2,correct
MIT,b1c4,569,98.73222958327447,657,99.74808502197266,test,Primary EV use,Primary EV use,2,2,correct
MIT,b1c4,570,98.73200715765638,656,99.78115844726562,test,Primary EV use,Primary EV use,2,2,correct
MIT,b1c4,571,98.73464846187125,655,99.7342529296875,test,Primary EV use,Primary EV use,2,2,correct
MIT,b1c4,572,98.73637226041146,654,99.54772186279295,test,Primary EV use,Primary EV use,2,2,correct
MIT,b1c4,573,98.73397191728289,653,99.69587707519533,test,Primary EV use,Primary EV use,2,2,correct
MIT,b1c4,574,98.71449114023156,652,99.6961441040039,test,Primary EV use,Primary EV use,2,2,correct
MIT,b1c4,575,98.6317302748328,651,99.71063232421876,test,Primary EV use,Primary EV use,2,2,correct
MIT,b1c4,576,98.6568736374114,650,99.49056243896484,test,Primary EV use,Primary EV use,2,2,correct
MIT,b1c4,577,98.6491165439804,649,99.33536529541016,test,Primary EV use,Primary EV use,2,2,correct
MIT,b1c4,578,98.64787466761273,648,99.5462417602539,test,Primary EV use,Primary EV use,2,2,correct
MIT,b1c4,579,98.6446309606822,647,99.5072250366211,test,Primary EV use,Primary EV use,2,2,correct
MIT,b1c4,580,98.64617867227474,646,99.62918090820312,test,Primary EV use,Primary EV use,2,2,correct
MIT,b1c4,581,98.63696654459206,645,99.61431884765624,test,Primary EV use,Primary EV use,2,2,correct
MIT,b1c4,582,98.63144297507608,644,99.61471557617188,test,Primary EV use,Primary EV use,2,2,correct
MIT,b1c4,583,98.6228888565136,643,99.56681823730467,test,Primary EV use,Primary EV use,2,2,correct
MIT,b1c4,584,98.62167478334815,642,99.71300506591795,test,Primary EV use,Primary EV use,2,2,correct
MIT,b1c4,585,98.61778233503156,641,99.49276733398438,test,Primary EV use,Primary EV use,2,2,correct
MIT,b1c4,586,98.61075739259344,640,99.50106048583984,test,Primary EV use,Primary EV use,2,2,correct
MIT,b1c4,587,98.60324126024872,639,99.5133285522461,test,Primary EV use,Primary EV use,2,2,correct
MIT,b1c4,588,98.56124915709958,638,99.7677764892578,test,Primary EV use,Primary EV use,2,2,correct
MIT,b1c4,589,98.5990615121754,637,99.5921630859375,test,Primary EV use,Primary EV use,2,2,correct
MIT,b1c4,590,98.58695785145748,636,99.57438659667967,test,Primary EV use,Primary EV use,2,2,correct
MIT,b1c4,591,98.59573439563806,635,99.56995391845705,test,Primary EV use,Primary EV use,2,2,correct
MIT,b1c4,592,98.59742112324192,634,99.58966827392578,test,Primary EV use,Primary EV use,2,2,correct
MIT,b1c4,593,98.5836307349202,633,99.5417938232422,test,Primary EV use,Primary EV use,2,2,correct
MIT,b1c4,594,98.58880213054084,632,99.85088348388672,test,Primary EV use,Primary EV use,2,2,correct
MIT,b1c4,595,98.60196231294468,631,99.67755126953124,test,Primary EV use,Primary EV use,2,2,correct
MIT,b1c4,596,98.60975647731205,630,99.6913833618164,test,Primary EV use,Primary EV use,2,2,correct
MIT,b1c4,597,98.61348210641508,629,99.7874755859375,test,Primary EV use,Primary EV use,2,2,correct
MIT,b1c4,598,98.60958965809846,628,99.74628448486328,test,Primary EV use,Primary EV use,2,2,correct
MIT,b1c4,599,98.60384366296438,627,99.67093658447266,test,Primary EV use,Primary EV use,2,2,correct
MIT,b1c4,600,98.59884835429138,626,99.62847137451172,test,Primary EV use,Primary EV use,2,2,correct
MIT,b1c4,601,98.5944925192704,625,99.6723175048828,test,Primary EV use,Primary EV use,2,2,correct
MIT,b1c4,602,98.56138817311088,624,99.43026733398438,test,Primary EV use,Primary EV use,2,2,correct
MIT,b1c4,603,98.5502946954085,623,99.57012176513672,test,Primary EV use,Primary EV use,2,2,correct
MIT,b1c4,604,98.54961815082014,622,99.37940216064452,test,Primary EV use,Primary EV use,2,2,correct
MIT,b1c4,605,98.53126803732744,621,99.534423828125,test,Primary EV use,Primary EV use,2,2,correct
MIT,b1c4,606,98.53726426128188,620,99.53545379638672,test,Primary EV use,Primary EV use,2,2,correct
MIT,b1c4,607,98.53902513075845,619,99.66312408447266,test,Primary EV use,Primary EV use,2,2,correct
MIT,b1c4,608,98.47396563746624,618,99.71570587158205,test,Primary EV use,Primary EV use,2,2,correct
MIT,b1c4,609,98.52030430790232,617,99.46005249023438,test,Primary EV use,Primary EV use,2,2,correct
MIT,b1c4,610,98.52134229412006,616,99.4736099243164,test,Primary EV use,Primary EV use,2,2,correct
MIT,b1c4,611,98.51714401057856,615,99.5621337890625,test,Primary EV use,Primary EV use,2,2,correct
MIT,b1c4,612,98.51187066988294,614,99.45670318603516,test,Primary EV use,Primary EV use,2,2,correct
MIT,b1c4,613,98.49157433223196,613,99.55813598632812,test,Primary EV use,Primary EV use,2,2,correct
MIT,b1c4,614,98.50010064759218,612,99.53801727294922,test,Primary EV use,Primary EV use,2,2,correct
MIT,b1c4,615,98.49694035026845,611,99.54727172851562,test,Primary EV use,Primary EV use,2,2,correct
MIT,b1c4,616,98.48789504179932,610,99.44290161132812,test,Primary EV use,Primary EV use,2,2,correct
MIT,b1c4,617,98.48911838269882,609,99.75607299804688,test,Primary EV use,Primary EV use,2,2,correct
MIT,b1c4,618,98.49090705537768,608,99.5339584350586,test,Primary EV use,Primary EV use,2,2,correct
MIT,b1c4,619,98.48786723859708,607,99.53257751464844,test,Primary EV use,Primary EV use,2,2,correct
MIT,b1c4,620,98.4834928681079,606,99.54025268554688,test,Primary EV use,Primary EV use,2,2,correct
MIT,b1c4,621,98.47205648424428,605,99.51055908203124,test,Primary EV use,Primary EV use,2,2,correct
MIT,b1c4,622,98.46864595810018,604,99.52091979980467,test,Primary EV use,Primary EV use,2,2,correct
MIT,b1c4,623,98.46419744573832,603,99.51918029785156,test,Primary EV use,Primary EV use,2,2,correct
MIT,b1c4,624,98.46917421894317,602,99.54542541503906,test,Primary EV use,Primary EV use,2,2,correct
MIT,b1c4,625,98.462566324539,601,99.48341369628906,test,Primary EV use,Primary EV use,2,2,correct
MIT,b1c4,626,98.4583495055293,600,99.48204040527344,test,Primary EV use,Primary EV use,2,2,correct
MIT,b1c4,627,98.44588440318202,599,99.73263549804688,test,Primary EV use,Primary EV use,2,2,correct
MIT,b1c4,628,98.44489275563468,598,99.52745819091795,test,Primary EV use,Primary EV use,2,2,correct
MIT,b1c4,629,98.44556930022304,597,99.56891632080078,test,Primary EV use,Primary EV use,2,2,correct
MIT,b1c4,630,98.44027742405925,596,99.54158020019533,test,Primary EV use,Primary EV use,2,2,correct
MIT,b1c4,631,98.43938772158688,595,99.51448059082033,test,Primary EV use,Primary EV use,2,2,correct
MIT,b1c4,632,98.43460557079788,594,99.5406723022461,test,Primary EV use,Primary EV use,2,2,correct
MIT,b1c4,633,98.42954538798628,593,99.37950897216795,test,Primary EV use,Primary EV use,2,2,correct
MIT,b1c4,634,98.41928600635174,592,99.5534210205078,test,Primary EV use,Primary EV use,2,2,correct
MIT,b1c4,635,98.37582033348272,591,99.64079284667967,test,Primary EV use,Primary EV use,2,2,correct
MIT,b1c4,636,98.40984218531686,590,99.43233489990234,test,Primary EV use,Primary EV use,2,2,correct
MIT,b1c4,637,98.40719161336791,589,99.5193328857422,test,Primary EV use,Primary EV use,2,2,correct
MIT,b1c4,638,98.40972170477372,588,99.41941833496094,test,Primary EV use,Primary EV use,2,2,correct
MIT,b1c4,639,98.39831312411238,587,99.47277069091795,test,Primary EV use,Primary EV use,2,2,correct
MIT,b1c4,640,98.39399436002772,586,99.52429962158205,test,Primary EV use,Primary EV use,2,2,correct
MIT,b1c4,641,98.39326220903484,585,99.5066146850586,test,Primary EV use,Primary EV use,2,2,correct
MIT,b1c4,642,98.38738646562356,584,99.52603912353516,test,Primary EV use,Primary EV use,2,2,correct
MIT,b1c4,643,98.3924929871056,583,99.52631378173828,test,Primary EV use,Primary EV use,2,2,correct
MIT,b1c4,644,98.3806210197399,582,99.43606567382812,test,Primary EV use,Primary EV use,2,2,correct
MIT,b1c4,645,98.38296575646396,581,99.3521728515625,test,Primary EV use,Primary EV use,2,2,correct
MIT,b1c4,646,98.37683051649825,580,99.52261352539062,test,Primary EV use,Primary EV use,2,2,correct
MIT,b1c4,647,98.37493989874444,579,99.5455093383789,test,Primary EV use,Primary EV use,2,2,correct
MIT,b1c4,648,98.37006507061456,578,99.47229766845705,test,Primary EV use,Primary EV use,2,2,correct
MIT,b1c4,649,98.35521816060684,577,99.504638671875,test,Primary EV use,Primary EV use,2,2,correct
MIT,b1c4,650,98.35400408744144,576,99.55106353759766,test,Primary EV use,Primary EV use,2,2,correct
MIT,b1c4,651,98.3640317757238,575,99.59394073486328,test,Primary EV use,Primary EV use,2,2,correct
MIT,b1c4,652,98.36371667276482,574,99.62850189208984,test,Primary EV use,Primary EV use,2,2,correct
MIT,b1c4,653,98.3486658726072,573,99.49224853515624,test,Primary EV use,Primary EV use,2,2,correct
MIT,b1c4,654,98.35288269161688,572,99.55963897705078,test,Primary EV use,Primary EV use,2,2,correct
MIT,b1c4,655,98.34224333288478,571,99.53123474121094,test,Primary EV use,Primary EV use,2,2,correct
MIT,b1c4,656,98.3227254848971,570,99.50496673583984,test,Primary EV use,Primary EV use,2,2,correct
MIT,b1c4,657,98.33035283005088,569,99.4793701171875,test,Primary EV use,Primary EV use,2,2,correct
MIT,b1c4,658,98.29470912475146,568,99.60147094726562,test,Primary EV use,Primary EV use,2,2,correct
MIT,b1c4,659,98.32263280755625,567,99.58024597167967,test,Primary EV use,Primary EV use,2,2,correct
MIT,b1c4,660,98.3203344095026,566,99.43834686279295,test,Primary EV use,Primary EV use,2,2,correct
MIT,b1c4,661,98.32046415777984,565,99.40416717529295,test,Primary EV use,Primary EV use,2,2,correct
MIT,b1c4,662,98.31492205279568,564,99.48238372802734,test,Primary EV use,Primary EV use,2,2,correct
MIT,b1c4,663,98.29863864400446,563,99.66346740722656,test,Primary EV use,Primary EV use,2,2,correct
MIT,b1c4,664,98.30305935316404,562,99.66004943847656,test,Primary EV use,Primary EV use,2,2,correct
MIT,b1c4,665,98.21762938034816,561,99.75872039794922,test,Primary EV use,Primary EV use,2,2,correct
MIT,b1c4,666,98.27039985824074,560,99.67442321777344,test,Primary EV use,Primary EV use,2,2,correct
MIT,b1c4,667,98.24491358950092,559,99.63337707519533,test,Primary EV use,Primary EV use,2,2,correct
MIT,b1c4,668,98.2791856701554,558,99.42919921875,test,Primary EV use,Primary EV use,2,2,correct
MIT,b1c4,669,98.28066850760936,557,99.51897430419922,test,Primary EV use,Primary EV use,2,2,correct
MIT,b1c4,670,98.25119711321204,556,99.53263854980467,test,Primary EV use,Primary EV use,2,2,correct
MIT,b1c4,671,98.20363510187649,555,99.71853637695312,test,Primary EV use,Primary EV use,2,2,correct
MIT,b1c4,672,98.24129917320693,554,99.67794799804688,test,Primary EV use,Primary EV use,2,2,correct
MIT,b1c4,673,98.22010386534944,553,99.59296417236328,test,Primary EV use,Primary EV use,2,2,correct
MIT,b1c4,674,98.259482467486,552,99.45027923583984,test,Primary EV use,Primary EV use,2,2,correct
MIT,b1c4,675,98.25959368029504,551,99.63665771484376,test,Primary EV use,Primary EV use,2,2,correct
MIT,b1c4,676,98.23641507734293,550,99.45252227783205,test,Primary EV use,Primary EV use,2,2,correct
MIT,b1c4,677,98.23501564949578,549,99.3766632080078,test,Primary EV use,Primary EV use,2,2,correct
MIT,b1c4,678,98.19756473604936,548,99.59183502197266,test,Primary EV use,Primary EV use,2,2,correct
MIT,b1c4,679,98.21901027272716,547,99.43659973144533,test,Primary EV use,Primary EV use,2,2,correct
MIT,b1c4,680,98.23749013449708,546,99.4054183959961,test,Primary EV use,Primary EV use,2,2,correct
MIT,b1c4,681,98.23495077535716,545,99.42488861083984,test,Primary EV use,Primary EV use,2,2,correct
MIT,b1c4,682,98.21004837386482,544,99.52842712402344,test,Primary EV use,Primary EV use,2,2,correct
MIT,b1c4,683,98.19502537690948,543,99.45295715332033,test,Primary EV use,Primary EV use,2,2,correct
MIT,b1c4,684,98.21625775570328,542,99.34207916259766,test,Primary EV use,Primary EV use,2,2,correct
MIT,b1c4,685,98.21723086778243,541,99.4740219116211,test,Primary EV use,Primary EV use,2,2,correct
MIT,b1c4,686,98.21509928894235,540,99.40058135986328,test,Primary EV use,Primary EV use,2,2,correct
MIT,b1c4,687,98.18162423341936,539,99.41138458251952,test,Primary EV use,Primary EV use,2,2,correct
MIT,b1c4,688,98.20492331691462,538,99.41989135742188,test,Primary EV use,Primary EV use,2,2,correct
MIT,b1c4,689,98.20604471273916,537,99.41935729980467,test,Primary EV use,Primary EV use,2,2,correct
MIT,b1c4,690,98.20235615457246,536,99.3775405883789,test,Primary EV use,Primary EV use,2,2,correct
MIT,b1c4,691,98.19712915254726,535,99.52247619628906,test,Primary EV use,Primary EV use,2,2,correct
MIT,b1c4,692,98.19477514808912,534,99.37916564941406,test,Primary EV use,Primary EV use,2,2,correct
MIT,b1c4,693,98.18712926746716,533,99.3709487915039,test,Primary EV use,Primary EV use,2,2,correct
MIT,b1c4,694,98.17779665924137,532,99.38705444335938,test,Primary EV use,Primary EV use,2,2,correct
MIT,b1c4,695,98.12152297786383,531,99.53810119628906,test,Primary EV use,Primary EV use,2,2,correct
MIT,b1c4,696,98.16903865052892,530,99.37049102783205,test,Primary EV use,Primary EV use,2,2,correct
MIT,b1c4,697,98.16563739211892,529,99.3785171508789,test,Primary EV use,Primary EV use,2,2,correct
MIT,b1c4,698,98.16788018376803,528,99.48658752441406,test,Primary EV use,Primary EV use,2,2,correct
MIT,b1c4,699,98.15716668316324,527,99.42910766601562,test,Primary EV use,Primary EV use,2,2,correct
MIT,b1c4,700,98.16251416573154,526,99.38605499267578,test,Primary EV use,Primary EV use,2,2,correct
MIT,b1c4,701,98.0981404847618,525,99.57760620117188,test,Primary EV use,Primary EV use,2,2,correct
MIT,b1c4,702,98.14810283922594,524,99.3839340209961,test,Primary EV use,Primary EV use,2,2,correct
MIT,b1c4,703,98.14679608871964,523,99.35076141357422,test,Primary EV use,Primary EV use,2,2,correct
MIT,b1c4,704,98.11441462581897,522,99.51742553710938,test,Primary EV use,Primary EV use,2,2,correct
MIT,b1c4,705,98.1223292707294,521,98.86782836914062,test,Primary EV use,Primary EV use,2,2,correct
MIT,b1c4,706,98.1130522689081,520,99.30108642578124,test,Primary EV use,Primary EV use,2,2,correct
MIT,b1c4,707,98.07310833499226,519,99.54315948486328,test,Primary EV use,Primary EV use,2,2,correct
MIT,b1c4,708,98.10402549590717,518,99.5822525024414,test,Primary EV use,Primary EV use,2,2,correct
MIT,b1c4,709,98.12671290895268,517,99.34454345703124,test,Primary EV use,Primary EV use,2,2,correct
MIT,b1c4,710,98.09780684633466,516,99.491455078125,test,Primary EV use,Primary EV use,2,2,correct
MIT,b1c4,711,98.11115238342023,515,99.5214614868164,test,Primary EV use,Primary EV use,2,2,correct
MIT,b1c4,712,98.1212449458412,514,99.27001190185548,test,Primary EV use,Primary EV use,2,2,correct
MIT,b1c4,713,98.10662972918568,513,99.14385223388672,test,Primary EV use,Primary EV use,2,2,correct
MIT,b1c4,714,98.07998499368496,512,99.40768432617188,test,Primary EV use,Primary EV use,2,2,correct
MIT,b1c4,715,98.07992011954634,511,99.42179107666016,test,Primary EV use,Primary EV use,2,2,correct
MIT,b1c4,716,98.0961015832626,510,99.24594116210938,test,Primary EV use,Primary EV use,2,2,correct
MIT,b1c4,717,98.09118041646232,509,99.37419128417967,test,Primary EV use,Primary EV use,2,2,correct
MIT,b1c4,718,98.08701920385715,508,99.29273986816406,test,Primary EV use,Primary EV use,2,2,correct
MIT,b1c4,719,98.06869689356674,507,99.45880126953124,test,Primary EV use,Primary EV use,2,2,correct
MIT,b1c4,720,98.11621256623188,506,99.35707092285156,test,Primary EV use,Primary EV use,2,2,correct
MIT,b1c4,721,98.10168075918313,505,99.5416488647461,test,Primary EV use,Primary EV use,2,2,correct
MIT,b1c4,722,98.11571210859114,504,99.50037384033205,test,Primary EV use,Primary EV use,2,2,correct
MIT,b1c4,723,98.08628705286426,503,99.6080093383789,test,Primary EV use,Primary EV use,2,2,correct
MIT,b1c4,724,98.12383991138564,502,99.40689086914062,test,Primary EV use,Primary EV use,2,2,correct
MIT,b1c4,725,98.10373819615047,501,99.46893310546876,test,Primary EV use,Primary EV use,2,2,correct
MIT,b1c4,726,98.03795581959946,500,99.65597534179688,test,Primary EV use,Primary EV use,2,2,correct
MIT,b1c4,727,98.12517446509418,499,99.31344604492188,test,Primary EV use,Primary EV use,2,2,correct
MIT,b1c4,728,98.10911348192106,498,99.41967010498048,test,Primary EV use,Primary EV use,2,2,correct
MIT,b1c4,729,98.12078155913684,497,99.32830810546876,test,Primary EV use,Primary EV use,2,2,correct
MIT,b1c4,730,98.0786504399764,496,99.5590362548828,test,Primary EV use,Primary EV use,2,2,correct
MIT,b1c4,731,98.0635811043506,495,99.53973388671876,test,Primary EV use,Primary EV use,2,2,correct
MIT,b1c4,732,98.10071691483805,494,99.20670318603516,test,Primary EV use,Primary EV use,2,2,correct
MIT,b1c4,733,98.1074916284558,493,99.08690643310548,test,Primary EV use,Primary EV use,2,2,correct
MIT,b1c4,734,98.12759334369096,492,99.22210693359376,test,Primary EV use,Primary EV use,2,2,correct
MIT,b1c4,735,98.11004025532978,491,99.25265502929688,test,Primary EV use,Primary EV use,2,2,correct
MIT,b1c4,736,98.15953922308954,490,99.12008666992188,test,Primary EV use,Primary EV use,2,2,correct
MIT,b1c4,737,98.1815222883444,489,98.97874450683594,test,Primary EV use,Primary EV use,2,2,correct
MIT,b1c4,738,98.15254208385372,488,99.18852996826172,test,Primary EV use,Primary EV use,2,2,correct
MIT,b1c4,739,98.15477560776873,487,99.15618133544922,test,Primary EV use,Primary EV use,2,2,correct
MIT,b1c4,740,98.17218968011858,486,99.09510803222656,test,Primary EV use,Primary EV use,2,2,correct
MIT,b1c4,741,98.08511931836928,485,99.49103546142578,test,Primary EV use,Primary EV use,2,2,correct
MIT,b1c4,742,98.07985524540771,484,99.19052124023438,test,Primary EV use,Primary EV use,2,2,correct
MIT,b1c4,743,98.0833491811586,483,99.14955139160156,test,Primary EV use,Primary EV use,2,2,correct
MIT,b1c4,744,98.04193167752288,482,99.4265365600586,test,Primary EV use,Primary EV use,2,2,correct
MIT,b1c4,745,97.9999025034374,481,99.57594299316406,test,Primary EV use,Primary EV use,2,2,correct
MIT,b1c4,746,98.0333682912263,480,99.32833099365234,test,Primary EV use,Primary EV use,2,2,correct
MIT,b1c4,747,98.02665845174717,479,99.38119506835938,test,Primary EV use,Primary EV use,2,2,correct
MIT,b1c4,748,98.02270112929192,478,99.45877075195312,test,Primary EV use,Primary EV use,2,2,correct
MIT,b1c4,749,98.01752046593718,477,99.3783721923828,test,Primary EV use,Primary EV use,2,2,correct
MIT,b1c4,750,98.00195994040476,476,99.49586486816406,test,Primary EV use,Primary EV use,2,2,correct
MIT,b1c4,751,97.99664026103868,475,99.51193237304688,test,Primary EV use,Primary EV use,2,2,correct
MIT,b1c4,752,97.96561188731474,474,99.598876953125,test,Primary EV use,Primary EV use,2,2,correct
MIT,b1c4,753,97.95982882124432,473,99.4383773803711,test,Primary EV use,Primary EV use,2,2,correct
MIT,b1c4,754,97.97717801945556,472,99.42930603027344,test,Primary EV use,Primary EV use,2,2,correct
MIT,b1c4,755,97.94464827280946,471,99.49658203125,test,Primary EV use,Primary EV use,2,2,correct
MIT,b1c4,756,97.96282229935449,470,99.40866088867188,test,Primary EV use,Primary EV use,2,2,correct
MIT,b1c4,757,97.9620808806275,469,99.44903564453124,test,Primary EV use,Primary EV use,2,2,correct
MIT,b1c4,758,97.94407367329606,468,99.49407196044922,test,Primary EV use,Primary EV use,2,2,correct
MIT,b1c4,759,97.97570444973567,467,99.30211639404295,test,Primary EV use,Primary EV use,2,2,correct
MIT,b1c4,760,97.92524163763083,466,99.54273223876952,test,Primary EV use,Primary EV use,2,2,correct
MIT,b1c4,761,97.98826222942388,465,99.26599884033205,test,Primary EV use,Primary EV use,2,2,correct
MIT,b1c4,762,98.00687183947096,464,99.1457061767578,test,Primary EV use,Primary EV use,2,2,correct
MIT,b1c4,763,97.99936497486034,463,99.0895767211914,test,Primary EV use,Primary EV use,2,2,correct
MIT,b1c4,764,98.00146875049812,462,99.1902847290039,test,Primary EV use,Primary EV use,2,2,correct
MIT,b1c4,765,97.98117241284714,461,99.28889465332033,test,Primary EV use,Primary EV use,2,2,correct
MIT,b1c4,766,97.95225708249508,460,99.5642318725586,test,Primary EV use,Primary EV use,2,2,correct
MIT,b1c4,767,97.99795627927908,459,99.11610412597656,test,Primary EV use,Primary EV use,2,2,correct
MIT,b1c4,768,97.9695321388336,458,99.23789978027344,test,Primary EV use,Primary EV use,2,2,correct
MIT,b1c4,769,97.97939300790242,457,98.99017333984376,test,Primary EV use,Primary EV use,2,2,correct
MIT,b1c4,770,97.9165114321207,456,99.4460220336914,test,Primary EV use,Primary EV use,2,2,correct
MIT,b1c4,771,97.91924541367642,455,99.38876342773438,test,Primary EV use,Primary EV use,2,2,correct
MIT,b1c4,772,97.92310079105673,454,99.4317626953125,test,Primary EV use,Primary EV use,2,2,correct
MIT,b1c4,773,97.89103443111496,453,99.40025329589844,test,Primary EV use,Primary EV use,2,2,correct
MIT,b1c4,774,97.88531623918315,452,99.46998596191406,test,Primary EV use,Primary EV use,2,2,correct
MIT,b1c4,775,97.896882371324,451,99.3242645263672,test,Primary EV use,Primary EV use,2,2,correct
MIT,b1c4,776,97.89276749738929,450,99.34457397460938,test,Primary EV use,Primary EV use,2,2,correct
MIT,b1c4,777,97.85718866622848,449,99.50273895263672,test,Primary EV use,Primary EV use,2,2,correct
MIT,b1c4,778,97.88377779532466,448,99.33920288085938,test,Primary EV use,Primary EV use,2,2,correct
MIT,b1c4,779,97.88682687983938,447,99.35962677001952,test,Primary EV use,Primary EV use,2,2,correct
MIT,b1c4,780,97.87206337943846,446,99.4130401611328,test,Primary EV use,Primary EV use,2,2,correct
MIT,b1c4,781,97.85590045119037,445,99.46631622314452,test,Primary EV use,Primary EV use,2,2,correct
MIT,b1c4,782,97.81998798160242,444,99.4815902709961,test,Primary EV use,Primary EV use,2,2,correct
MIT,b1c4,783,97.81562287884736,443,99.50873565673828,test,Primary EV use,Primary EV use,2,2,correct
MIT,b1c4,784,97.84755022277778,442,99.29915618896484,test,Primary EV use,Primary EV use,2,2,correct
MIT,b1c4,785,97.82006212347513,441,99.37905883789062,test,Primary EV use,Primary EV use,2,2,correct
MIT,b1c4,786,97.84098866704404,440,99.21437072753906,test,Primary EV use,Primary EV use,2,2,correct
MIT,b1c4,787,97.8326106354292,439,99.3246612548828,test,Primary EV use,Primary EV use,2,2,correct
MIT,b1c4,788,97.84034919339204,438,99.3156967163086,test,Primary EV use,Primary EV use,2,2,correct
MIT,b1c4,789,97.85770765933736,437,99.13335418701172,test,Primary EV use,Primary EV use,2,2,correct
MIT,b1c4,790,97.84522402152189,436,99.22364044189452,test,Primary EV use,Primary EV use,2,2,correct
MIT,b1c4,791,97.8611552564178,435,99.30445861816406,test,Primary EV use,Primary EV use,2,2,correct
MIT,b1c4,792,97.8418134953778,434,99.05361938476562,test,Primary EV use,Primary EV use,2,2,correct
MIT,b1c4,793,97.83746692809088,433,99.15226745605467,test,Primary EV use,Primary EV use,2,2,correct
MIT,b1c4,794,97.86478820818,432,99.1131362915039,test,Primary EV use,Primary EV use,2,2,correct
MIT,b1c4,795,97.87757768122032,431,99.0422134399414,test,Primary EV use,Primary EV use,2,2,correct
MIT,b1c4,796,97.86967230404396,430,99.00829315185548,test,Primary EV use,Primary EV use,2,2,correct
MIT,b1c4,797,97.83470514333293,429,99.3900909423828,test,Primary EV use,Primary EV use,2,2,correct
MIT,b1c4,798,97.81661452639467,428,99.23216247558594,test,Primary EV use,Primary EV use,2,2,correct
MIT,b1c4,799,97.80832917212072,427,99.39469146728516,test,Primary EV use,Primary EV use,2,2,correct
MIT,b1c4,800,97.79423294857408,426,99.31922912597656,test,Primary EV use,Primary EV use,2,2,correct
MIT,b1c4,801,97.78196246864262,425,99.31342315673828,test,Primary EV use,Primary EV use,2,2,correct
MIT,b1c4,802,97.76556784704232,424,99.45994567871094,test,Primary EV use,Primary EV use,2,2,correct
MIT,b1c4,803,97.73304736813031,423,99.44937133789062,test,Primary EV use,Primary EV use,2,2,correct
MIT,b1c4,804,97.70541098508228,422,99.54026794433594,test,Primary EV use,Primary EV use,2,2,correct
MIT,b1c4,805,97.76338066179775,421,99.1013641357422,test,Primary EV use,Primary EV use,2,2,correct
MIT,b1c4,806,97.74694896926115,420,99.37199401855467,test,Primary EV use,Primary EV use,2,2,correct
MIT,b1c4,807,97.7366710521584,419,99.34444427490234,test,Primary EV use,Primary EV use,2,2,correct
MIT,b1c4,808,97.72352940522276,418,99.5063247680664,test,Primary EV use,Primary EV use,2,2,correct
MIT,b1c4,809,97.71827459999533,417,99.44483947753906,test,Primary EV use,Primary EV use,2,2,correct
MIT,b1c4,810,97.6883027479573,416,99.50442504882812,test,Primary EV use,Primary EV use,2,2,correct
MIT,b1c4,811,97.6865511462148,415,99.38175201416016,test,Primary EV use,Primary EV use,2,2,correct
MIT,b1c4,812,97.69425263324128,414,99.36788177490234,test,Primary EV use,Primary EV use,2,2,correct
MIT,b1c4,813,97.70163901730878,413,99.39978790283205,test,Primary EV use,Primary EV use,2,2,correct
MIT,b1c4,814,97.71542013789646,412,99.0582504272461,test,Primary EV use,Primary EV use,2,2,correct
MIT,b1c4,815,97.6671445110362,411,99.41072845458984,test,Primary EV use,Primary EV use,2,2,correct
MIT,b1c4,816,97.66003615899132,410,99.46014404296876,test,Primary EV use,Primary EV use,2,2,correct
MIT,b1c4,817,97.7174868425979,409,99.18253326416016,test,Primary EV use,Primary EV use,2,2,correct
MIT,b1c4,818,97.6853185375812,408,99.42941284179688,test,Primary EV use,Primary EV use,2,2,correct
MIT,b1c4,819,97.69036018492464,407,99.27129364013672,test,Primary EV use,Primary EV use,2,2,correct
MIT,b1c4,820,97.69897917762576,406,99.25621032714844,test,Primary EV use,Primary EV use,2,2,correct
MIT,b1c4,821,97.7116945087934,405,99.17041778564452,test,Primary EV use,Primary EV use,2,2,correct
MIT,b1c4,822,97.70279748406968,404,99.08659362792967,test,Primary EV use,Primary EV use,2,2,correct
MIT,b1c4,823,97.70605972646838,403,99.0910873413086,test,Primary EV use,Primary EV use,2,2,correct
MIT,b1c4,824,97.69604130592012,402,99.19436645507812,test,Primary EV use,Primary EV use,2,2,correct
MIT,b1c4,825,97.70835812452202,401,99.1591567993164,test,Primary EV use,Primary EV use,2,2,correct
MIT,b1c4,826,97.67058284038254,400,99.35370635986328,test,Primary EV use,Primary EV use,2,2,correct
MIT,b1c4,827,97.61620904449288,399,99.47498321533205,test,Primary EV use,Primary EV use,2,2,correct
MIT,b1c4,828,97.6422977159484,398,99.03011322021484,test,Primary EV use,Primary EV use,2,2,correct
MIT,b1c4,829,97.64674622831023,397,98.63909149169922,test,Primary EV use,Primary EV use,2,2,correct
MIT,b1c4,830,97.64346545044336,396,98.6774673461914,test,Primary EV use,Primary EV use,2,2,correct
MIT,b1c4,831,97.60783101287808,395,99.36727905273438,test,Primary EV use,Primary EV use,2,2,correct
MIT,b1c4,832,97.53151122266988,394,99.58219146728516,test,Primary EV use,Primary EV use,2,2,correct
MIT,b1c4,833,97.60648719143542,393,99.0916519165039,test,Primary EV use,Primary EV use,2,2,correct
MIT,b1c4,834,97.60870217988226,392,99.03026580810548,test,Primary EV use,Primary EV use,2,2,correct
MIT,b1c4,835,97.60031488053332,391,99.15271759033205,test,Primary EV use,Primary EV use,2,2,correct
MIT,b1c4,836,97.60117677980344,390,98.69441223144533,test,Primary EV use,Primary EV use,2,2,correct
MIT,b1c4,837,97.59214073906844,389,99.18480682373048,test,Primary EV use,Primary EV use,2,2,correct
MIT,b1c4,838,97.5523080179616,388,99.29447174072266,test,Primary EV use,Primary EV use,2,2,correct
MIT,b1c4,839,97.5524655694411,387,99.32704162597656,test,Primary EV use,Primary EV use,2,2,correct
MIT,b1c4,840,97.55185389899133,386,99.3436050415039,test,Primary EV use,Primary EV use,2,2,correct
MIT,b1c4,841,97.58239108280868,385,98.53797149658205,test,Primary EV use,Primary EV use,2,2,correct
MIT,b1c4,842,97.57356819995766,384,98.51355743408205,test,Primary EV use,Primary EV use,2,2,correct
MIT,b1c4,843,97.54409680556032,383,99.27628326416016,test,Primary EV use,Primary EV use,2,2,correct
MIT,b1c4,844,97.57373501917122,382,98.52265167236328,test,Primary EV use,Primary EV use,2,2,correct
MIT,b1c4,845,97.54319783535388,381,99.39787292480467,test,Primary EV use,Primary EV use,2,2,correct
MIT,b1c4,846,97.59755309577535,380,98.93517303466795,test,Primary EV use,Primary EV use,2,2,correct
MIT,b1c4,847,97.57936053376216,379,99.33794403076172,test,Primary EV use,Primary EV use,2,2,correct
MIT,b1c4,848,97.55722918476192,378,99.35586547851562,test,Primary EV use,Primary EV use,2,2,correct
MIT,b1c4,849,97.542892000129,377,99.43448638916016,test,Primary EV use,Primary EV use,2,2,correct
MIT,b1c4,850,97.49304085847392,376,99.6107177734375,test,Primary EV use,Primary EV use,2,2,correct
MIT,b1c4,851,97.54473627921236,375,99.30255126953124,test,Primary EV use,Primary EV use,2,2,correct
MIT,b1c4,852,97.53852689737391,374,99.36265563964844,test,Primary EV use,Primary EV use,2,2,correct
MIT,b1c4,853,97.5440411991558,373,98.60818481445312,test,Primary EV use,Primary EV use,2,2,correct
MIT,b1c4,854,97.52633982704924,372,98.44644927978516,test,Primary EV use,Primary EV use,2,2,correct
MIT,b1c4,855,97.5229571041074,371,98.40888214111328,test,Primary EV use,Primary EV use,2,2,correct
MIT,b1c4,856,97.47527461222872,370,99.40602111816406,test,Primary EV use,Primary EV use,2,2,correct
MIT,b1c4,857,97.39825974196404,369,99.55313873291016,test,Primary EV use,Primary EV use,2,2,correct
MIT,b1c4,858,97.46894474984715,368,99.31969451904295,test,Primary EV use,Primary EV use,2,2,correct
MIT,b1c4,859,97.46656294218675,367,99.25337982177734,test,Primary EV use,Primary EV use,2,2,correct
MIT,b1c4,860,97.48692415397636,366,98.94027709960938,test,Primary EV use,Primary EV use,2,2,correct
MIT,b1c4,861,97.48052941745618,365,98.97885131835938,test,Primary EV use,Primary EV use,2,2,correct
MIT,b1c4,862,97.42874131937684,364,99.37918853759766,test,Primary EV use,Primary EV use,2,2,correct
MIT,b1c4,863,97.4476938355852,363,99.2790756225586,test,Primary EV use,Primary EV use,2,2,correct
MIT,b1c4,864,97.42935298982664,362,99.28369140625,test,Primary EV use,Primary EV use,2,2,correct
MIT,b1c4,865,97.44191076951478,361,99.25418853759766,test,Primary EV use,Primary EV use,2,2,correct
MIT,b1c4,866,97.44913033436872,360,99.26284790039062,test,Primary EV use,Primary EV use,2,2,correct
MIT,b1c4,867,97.41597038180468,359,99.45106506347656,test,Primary EV use,Primary EV use,2,2,correct
MIT,b1c4,868,97.38327381594502,358,99.63631439208984,test,Primary EV use,Primary EV use,2,2,correct
MIT,b1c4,869,97.40512713292266,357,99.27967834472656,test,Primary EV use,Primary EV use,2,2,correct
MIT,b1c4,870,97.4477587097238,356,98.4164047241211,test,Primary EV use,Primary EV use,2,2,correct
MIT,b1c4,871,97.40427450138662,355,99.37545013427734,test,Primary EV use,Primary EV use,2,2,correct
MIT,b1c4,872,97.44723044888084,354,98.49909973144533,test,Primary EV use,Primary EV use,2,2,correct
MIT,b1c4,873,97.40304189275302,353,99.54890441894533,test,Primary EV use,Primary EV use,2,2,correct
MIT,b1c4,874,97.48689635077407,352,98.73851776123048,test,Primary EV use,Primary EV use,2,2,correct
MIT,b1c4,875,97.4809464654901,351,98.97604370117188,test,Primary EV use,Primary EV use,2,2,correct
MIT,b1c4,876,97.46303193549952,350,98.94912719726562,test,Primary EV use,Primary EV use,2,2,correct
MIT,b1c4,877,97.46823113432244,349,98.80567932128906,test,Primary EV use,Primary EV use,2,2,correct
MIT,b1c4,878,97.43874120445696,348,99.18173217773438,test,Primary EV use,Primary EV use,2,2,correct
MIT,b1c4,879,95.8002892274454,347,95.69084167480467,test,Primary EV use,Primary EV use,2,2,correct
MIT,b1c4,880,97.1040647910997,346,98.1106185913086,test,Primary EV use,Primary EV use,2,2,correct
MIT,b1c4,881,97.36153171177642,345,98.4508285522461,test,Primary EV use,Primary EV use,2,2,correct
MIT,b1c4,882,97.38865836944969,344,99.23265838623048,test,Primary EV use,Primary EV use,2,2,correct
MIT,b1c4,883,97.39648960475338,343,99.28694915771484,test,Primary EV use,Primary EV use,2,2,correct
MIT,b1c4,884,97.44528422472251,342,98.3485336303711,test,Primary EV use,Primary EV use,2,2,correct
MIT,b1c4,885,97.41366271601696,341,99.30908966064452,test,Primary EV use,Primary EV use,2,2,correct
MIT,b1c4,886,97.40695287653782,340,99.30516052246094,test,Primary EV use,Primary EV use,2,2,correct
MIT,b1c4,887,97.43432976303146,339,98.46234893798828,test,Primary EV use,Primary EV use,2,2,correct
MIT,b1c4,888,97.38784280885,338,99.318115234375,test,Primary EV use,Primary EV use,2,2,correct
MIT,b1c4,889,97.43164212014617,337,98.46067810058594,test,Primary EV use,Primary EV use,2,2,correct
MIT,b1c4,890,97.42265241808155,336,99.1511688232422,test,Primary EV use,Primary EV use,2,2,correct
MIT,b1c4,891,97.40078983336984,335,99.4236831665039,test,Primary EV use,Primary EV use,2,2,correct
MIT,b1c4,892,97.4153123726845,334,98.43383026123048,test,Primary EV use,Primary EV use,2,2,correct
MIT,b1c4,893,97.39774074885516,333,98.88705444335938,test,Primary EV use,Primary EV use,2,2,correct
MIT,b1c4,894,97.33853846350604,332,99.40940856933594,test,Primary EV use,Primary EV use,2,2,correct
MIT,b1c4,895,97.3613278216265,331,99.36582946777344,test,Primary EV use,Primary EV use,2,2,correct
MIT,b1c4,896,97.38837106969297,330,99.28556060791016,test,Primary EV use,Primary EV use,2,2,correct
MIT,b1c4,897,97.379019925999,329,99.46920776367188,test,Primary EV use,Primary EV use,2,2,correct
MIT,b1c4,898,97.39049338079894,328,99.25979614257812,test,Primary EV use,Primary EV use,2,2,correct
MIT,b1c4,899,97.42952907677429,327,98.91173553466795,test,Primary EV use,Primary EV use,2,2,correct
MIT,b1c4,900,97.4181946379856,326,98.86457824707033,test,Primary EV use,Primary EV use,2,2,correct
MIT,b1c4,901,97.40555344869068,325,99.02180480957033,test,Primary EV use,Primary EV use,2,2,correct
MIT,b1c4,902,97.4166098554567,324,98.75279235839844,test,Primary EV use,Primary EV use,2,2,correct
MIT,b1c4,903,97.3873330834752,323,99.39492797851562,test,Primary EV use,Primary EV use,2,2,correct
MIT,b1c4,904,97.34917782223816,322,99.47037506103516,test,Primary EV use,Primary EV use,2,2,correct
MIT,b1c4,905,97.35702759301005,321,99.1085205078125,test,Primary EV use,Primary EV use,2,2,correct
MIT,b1c4,906,97.3217731325423,320,99.24795532226562,test,Primary EV use,Primary EV use,2,2,correct
MIT,b1c4,907,97.30000322517148,319,99.25836181640624,test,Primary EV use,Primary EV use,2,2,correct
MIT,b1c4,908,97.34468297120588,318,98.36678314208984,test,Primary EV use,Primary EV use,2,2,correct
MIT,b1c4,909,97.2991876645718,317,99.31077575683594,test,Primary EV use,Primary EV use,2,2,correct
MIT,b1c4,910,97.29497084556208,316,99.28739166259766,test,Primary EV use,Primary EV use,2,2,correct
MIT,b1c4,911,97.31644418544217,315,98.42642211914062,test,Primary EV use,Primary EV use,2,2,correct
MIT,b1c4,912,97.3241642079368,314,98.3202896118164,test,Primary EV use,Primary EV use,2,2,correct
MIT,b1c4,913,97.32123560396523,313,98.26079559326172,test,Primary EV use,Primary EV use,2,2,correct
MIT,b1c4,914,97.31877965443216,312,98.3552474975586,test,Primary EV use,Primary EV use,2,2,correct
MIT,b1c4,915,97.27532324929722,311,99.27409362792967,test,Primary EV use,Primary EV use,2,2,correct
MIT,b1c4,916,97.25994807844654,310,99.29962158203124,test,Primary EV use,Primary EV use,2,2,correct
MIT,b1c4,917,97.30485951783317,309,98.31328582763672,test,Primary EV use,Primary EV use,2,2,correct
MIT,b1c4,918,97.27954006830689,308,99.38957214355467,test,Primary EV use,Primary EV use,2,2,correct
MIT,b1c4,919,97.24299739280104,307,99.39569091796876,test,Primary EV use,Primary EV use,2,2,correct
MIT,b1c4,920,97.2472883536834,306,99.2765655517578,test,Primary EV use,Primary EV use,2,2,correct
MIT,b1c4,921,97.27300631577542,305,98.40615844726562,test,Primary EV use,Primary EV use,2,2,correct
MIT,b1c4,922,97.22888263378624,304,99.27787017822266,test,Primary EV use,Primary EV use,2,2,correct
MIT,b1c4,923,97.24623183199746,303,98.42463684082033,test,Primary EV use,Primary EV use,2,2,correct
MIT,b1c4,924,97.23328480747765,302,99.3172836303711,test,Primary EV use,Primary EV use,2,2,correct
MIT,b1c4,925,97.28545288265454,301,99.03333282470705,test,Primary EV use,Primary EV use,2,2,correct
MIT,b1c4,926,97.30394201215852,300,98.67229461669922,test,Primary EV use,Primary EV use,2,2,correct
MIT,b1c4,927,97.27264487414602,299,99.18836975097656,test,Primary EV use,Primary EV use,2,2,correct
MIT,b1c4,928,97.2733214187344,298,99.1904296875,test,Primary EV use,Primary EV use,2,2,correct
MIT,b1c4,929,97.31195860214396,297,98.93441772460938,test,Primary EV use,Primary EV use,2,2,correct
MIT,b1c4,930,97.33520207923468,296,98.79743194580078,test,Primary EV use,Primary EV use,2,2,correct
MIT,b1c4,931,97.2916529967589,295,99.06058502197266,test,Primary EV use,Primary EV use,2,2,correct
MIT,b1c4,932,97.27389601824778,294,98.9031753540039,test,Primary EV use,Primary EV use,2,2,correct
MIT,b1c4,933,97.26711203689597,293,99.10682678222656,test,Primary EV use,Primary EV use,2,2,correct
MIT,b1c4,934,97.21612096394814,292,99.43990325927734,test,Primary EV use,Primary EV use,2,2,correct
MIT,b1c4,935,97.20608400793168,291,99.2665786743164,test,Primary EV use,Primary EV use,2,2,correct
MIT,b1c4,936,97.22133869823924,290,98.29361724853516,test,Primary EV use,Primary EV use,2,2,correct
MIT,b1c4,937,97.1630353830966,289,99.35253143310548,test,Primary EV use,Primary EV use,2,2,correct
MIT,b1c4,938,97.19779865365771,288,98.2125015258789,test,Primary EV use,Primary EV use,2,2,correct
MIT,b1c4,939,97.20408217736885,287,98.22855377197266,test,Primary EV use,Primary EV use,2,2,correct
MIT,b1c4,940,97.2008570059065,286,98.2965850830078,test,Primary EV use,Primary EV use,2,2,correct
MIT,b1c4,941,97.14992153936322,285,99.28392791748048,test,Primary EV use,Primary EV use,2,2,correct
MIT,b1c4,942,97.17280357482451,284,98.43431854248048,test,Primary EV use,Primary EV use,2,2,correct
MIT,b1c4,943,97.13709499538652,283,98.91498565673828,test,Primary EV use,Primary EV use,2,2,correct
MIT,b1c4,944,97.09785540926129,282,99.26630401611328,test,Primary EV use,Primary EV use,2,2,correct
MIT,b1c4,945,96.95062818555188,281,97.95092010498048,test,Primary EV use,Primary EV use,2,2,correct
MIT,b1c4,946,96.93171274027988,280,98.10145568847656,test,Primary EV use,Primary EV use,2,2,correct
MIT,b1c4,947,97.0856776066707,279,99.13379669189452,test,Primary EV use,Primary EV use,2,2,correct
MIT,b1c4,948,96.91195393120596,278,97.82582092285156,test,Primary EV use,Primary EV use,2,2,correct
MIT,b1c4,949,96.91742189431744,277,97.80461120605467,test,Primary EV use,Primary EV use,2,2,correct
MIT,b1c4,950,97.1121833261601,276,98.7942123413086,test,Primary EV use,Primary EV use,2,2,correct
MIT,b1c4,951,96.91213001815365,275,97.8337631225586,test,Primary EV use,Primary EV use,2,2,correct
MIT,b1c4,952,96.90416903457272,274,98.03543853759766,test,Primary EV use,Primary EV use,2,2,correct
MIT,b1c4,953,97.00284259939922,273,98.10938262939452,test,Primary EV use,Primary EV use,2,2,correct
MIT,b1c4,954,97.0083012947766,272,97.92073822021484,test,Primary EV use,Primary EV use,2,2,correct
MIT,b1c4,955,96.93251903314548,271,98.1758270263672,test,Primary EV use,Primary EV use,2,2,correct
MIT,b1c4,956,96.94676354043752,270,98.01358032226562,test,Primary EV use,Primary EV use,2,2,correct
MIT,b1c4,957,96.99334317195982,269,99.22911071777344,test,Primary EV use,Primary EV use,2,2,correct
MIT,b1c4,958,96.92589260327313,268,98.14212799072266,test,Primary EV use,Primary EV use,2,2,correct
MIT,b1c4,959,96.93337166468152,267,98.01799774169922,test,Primary EV use,Primary EV use,2,2,correct
MIT,b1c4,960,97.02916296420688,266,99.36326599121094,test,Primary EV use,Primary EV use,2,2,correct
MIT,b1c4,961,96.89242681548424,265,97.82549285888672,test,Primary EV use,Primary EV use,2,2,correct
MIT,b1c4,962,96.80518963452134,264,97.91012573242188,test,Primary EV use,Primary EV use,2,2,correct
MIT,b1c4,963,96.89149077434142,263,98.04196166992188,test,Primary EV use,Primary EV use,2,2,correct
MIT,b1c4,964,96.86495725164974,262,97.90534210205078,test,Primary EV use,Primary EV use,2,2,correct
MIT,b1c4,965,96.79382739253042,261,97.99972534179688,test,Primary EV use,Primary EV use,2,2,correct
MIT,b1c4,966,96.78624638604708,260,97.80502319335938,test,Primary EV use,Primary EV use,2,2,correct
MIT,b1c4,967,96.8898318499398,259,97.7862548828125,test,Primary EV use,Primary EV use,2,2,correct
MIT,b1c4,968,96.77578311426262,258,97.96424865722656,test,Primary EV use,Primary EV use,2,2,correct
MIT,b1c4,969,96.75186309258356,257,97.66858673095705,test,Primary EV use,Primary EV use,2,2,correct
MIT,b1c4,970,96.79711743813138,256,97.82807159423828,test,Primary EV use,Primary EV use,2,2,correct
MIT,b1c4,971,96.76272487693376,255,97.68622589111328,test,Primary EV use,Primary EV use,2,2,correct
MIT,b1c4,972,96.7055336898816,254,97.48971557617188,test,Primary EV use,Primary EV use,2,2,correct
MIT,b1c4,973,96.66710966435603,253,97.3127212524414,test,Primary EV use,Primary EV use,2,2,correct
MIT,b1c4,974,96.72949078249702,252,97.75772857666016,test,Primary EV use,Primary EV use,2,2,correct
MIT,b1c4,975,96.77320668418638,251,97.96163177490234,test,Primary EV use,Primary EV use,2,2,correct
MIT,b1c4,976,96.78445771336824,250,97.97518920898438,test,Primary EV use,Primary EV use,2,2,correct
MIT,b1c4,977,96.86102773239678,249,98.1571044921875,test,Primary EV use,Primary EV use,2,2,correct
MIT,b1c4,978,96.76696023141162,248,98.0323486328125,test,Primary EV use,Primary EV use,2,2,correct
MIT,b1c4,979,96.82801606357812,247,97.98358917236328,test,Primary EV use,Primary EV use,2,2,correct
MIT,b1c4,980,96.84167670362268,246,99.413818359375,test,Primary EV use,Primary EV use,2,2,correct
MIT,b1c4,981,96.77272476201384,245,98.07516479492188,test,Primary EV use,Primary EV use,2,2,correct
MIT,b1c4,982,96.80187178571812,244,98.25325012207033,test,Primary EV use,Primary EV use,2,2,correct
MIT,b1c4,983,96.7540780810304,243,98.87440490722656,test,Primary EV use,Primary EV use,2,2,correct
MIT,b1c4,984,96.7745690410972,242,99.2470245361328,test,Primary EV use,Primary EV use,2,2,correct
MIT,b1c4,985,96.7118913554654,241,97.99547576904295,test,Primary EV use,Primary EV use,2,2,correct
MIT,b1c4,986,96.71119627540888,240,97.9321746826172,test,Primary EV use,Primary EV use,2,2,correct
MIT,b1c4,987,96.78594981855628,239,99.43036651611328,test,Primary EV use,Primary EV use,2,2,correct
MIT,b1c4,988,96.71199330054036,238,97.80330657958984,test,Primary EV use,Primary EV use,2,2,correct
MIT,b1c4,989,96.66391229609592,237,97.73855590820312,test,Primary EV use,Primary EV use,2,2,correct
MIT,b1c4,990,96.74996320709567,236,97.9351043701172,test,Primary EV use,Primary EV use,2,2,correct
MIT,b1c4,991,96.74309581613704,235,97.8426513671875,test,Primary EV use,Primary EV use,2,2,correct
MIT,b1c4,992,96.64227213700232,234,97.5490951538086,test,Primary EV use,Primary EV use,2,2,correct
MIT,b1c4,993,96.67111332548173,233,97.814453125,test,Primary EV use,Primary EV use,2,2,correct
MIT,b1c4,994,96.69165062421897,232,99.3592529296875,test,Primary EV use,Primary EV use,2,2,correct
MIT,b1c4,995,96.59391310053526,231,97.65308380126952,test,Primary EV use,Primary EV use,2,2,correct
MIT,b1c4,996,96.65574742236512,230,97.68138122558594,test,Primary EV use,Primary EV use,2,2,correct
MIT,b1c4,997,96.7728267070888,229,98.9610366821289,test,Primary EV use,Primary EV use,2,2,correct
MIT,b1c4,998,96.63002019253902,228,97.6306381225586,test,Primary EV use,Primary EV use,2,2,correct
MIT,b1c4,999,96.59443209364414,227,97.7055892944336,test,Primary EV use,Primary EV use,2,2,correct
MIT,b1c4,1000,96.68020497262124,226,98.0625991821289,test,Primary EV use,Primary EV use,2,2,correct
MIT,b1c4,1001,96.5946081805918,225,97.67425537109376,test,Primary EV use,Primary EV use,2,2,correct
MIT,b1c4,1002,96.55539639766882,224,97.63345336914062,test,Primary EV use,Primary EV use,2,2,correct
MIT,b1c4,1003,96.59613735671618,223,97.74181365966795,test,Primary EV use,Primary EV use,2,2,correct
MIT,b1c4,1004,96.66782327988074,222,97.77409362792967,test,Primary EV use,Primary EV use,2,2,correct
MIT,b1c4,1005,96.5712071520216,221,97.60164642333984,test,Primary EV use,Primary EV use,2,2,correct
MIT,b1c4,1006,96.54676813723364,220,97.76695251464844,test,Primary EV use,Primary EV use,2,2,correct
MIT,b1c4,1007,96.6709743094704,219,98.9053192138672,test,Primary EV use,Primary EV use,2,2,correct
MIT,b1c4,1008,96.61172568545088,218,97.60922241210938,test,Primary EV use,Primary EV use,2,2,correct
MIT,b1c4,1009,96.57905692279348,217,97.9247589111328,test,Primary EV use,Primary EV use,2,2,correct
MIT,b1c4,1010,96.61273586846636,216,97.92250061035156,test,Primary EV use,Primary EV use,2,2,correct
MIT,b1c4,1011,96.60370909546543,215,97.94535064697266,test,Primary EV use,Primary EV use,2,2,correct
MIT,b1c4,1012,96.54596184436804,214,97.61591339111328,test,Primary EV use,Primary EV use,2,2,correct
MIT,b1c4,1013,96.55916836544232,213,97.9428939819336,test,Primary EV use,Primary EV use,2,2,correct
MIT,b1c4,1014,96.6135977677365,212,98.08572387695312,test,Primary EV use,Primary EV use,2,2,correct
MIT,b1c4,1015,96.512375576036,211,97.924560546875,test,Primary EV use,Primary EV use,2,2,correct
MIT,b1c4,1016,96.5002811830522,210,97.4451141357422,test,Primary EV use,Primary EV use,2,2,correct
MIT,b1c4,1017,96.57042866235828,209,97.88444519042967,test,Primary EV use,Primary EV use,2,2,correct
MIT,b1c4,1018,96.4645077294756,208,97.40455627441406,test,Primary EV use,Primary EV use,2,2,correct
MIT,b1c4,1019,96.42038404748638,207,97.31179809570312,test,Primary EV use,Primary EV use,2,2,correct
MIT,b1c4,1020,96.39232134867032,206,97.6176986694336,test,Primary EV use,Primary EV use,2,2,correct
MIT,b1c4,1021,96.4389102479267,205,97.25039672851562,test,Primary EV use,Primary EV use,2,2,correct
MIT,b1c4,1022,96.44430406916544,204,97.70248413085938,test,Primary EV use,Primary EV use,2,2,correct
MIT,b1c4,1023,96.48142134418472,203,97.65999603271484,test,Primary EV use,Primary EV use,2,2,correct
MIT,b1c4,1024,96.49923392910034,202,99.43602752685548,test,Primary EV use,Primary EV use,2,2,correct
MIT,b1c4,1025,96.43107901262302,201,97.56710815429688,test,Primary EV use,Primary EV use,2,2,correct
MIT,b1c4,1026,96.54955772519388,200,99.5549545288086,test,Primary EV use,Primary EV use,2,2,correct
MIT,b1c4,1027,96.49199582877824,199,99.2726058959961,test,Primary EV use,Primary EV use,2,2,correct
MIT,b1c4,1028,96.49090223615596,198,99.30201721191406,test,Primary EV use,Primary EV use,2,2,correct
MIT,b1c4,1029,96.48615715630328,197,98.35137176513672,test,Primary EV use,Primary EV use,2,2,correct
MIT,b1c4,1030,96.49369182411618,196,97.9346160888672,test,Primary EV use,Primary EV use,2,2,correct
MIT,b1c4,1031,96.48378461637697,195,98.06146240234376,test,Primary EV use,Primary EV use,2,2,correct
MIT,b1c4,1032,96.50741733829932,194,98.03507232666016,test,Primary EV use,Primary EV use,2,2,correct
MIT,b1c4,1033,96.43156093479556,193,99.29458618164062,test,Primary EV use,Primary EV use,2,2,correct
MIT,b1c4,1034,96.43922535088566,192,99.2076644897461,test,Primary EV use,Primary EV use,2,2,correct
MIT,b1c4,1035,96.42961471063724,191,99.2795639038086,test,Primary EV use,Primary EV use,2,2,correct
MIT,b1c4,1036,96.407270203753,190,99.24137115478516,test,Primary EV use,Primary EV use,2,2,correct
MIT,b1c4,1037,96.45460052173634,189,98.04873657226562,test,Primary EV use,Primary EV use,2,2,correct
MIT,b1c4,1038,96.39749274429096,188,99.05643463134766,test,Primary EV use,Primary EV use,2,2,correct
MIT,b1c4,1039,96.4080486934163,187,98.0502700805664,test,Primary EV use,Primary EV use,2,2,correct
MIT,b1c4,1040,96.38785430084027,186,98.99015808105467,test,Primary EV use,Primary EV use,2,2,correct
MIT,b1c4,1041,96.3592170025108,185,99.32785034179688,test,Primary EV use,Primary EV use,2,2,correct
MIT,b1c4,1042,96.35254423396802,184,99.51140594482422,test,Primary EV use,Primary EV use,2,2,correct
MIT,b1c4,1043,96.35171013790016,183,99.09256744384766,test,Primary EV use,Primary EV use,2,2,correct
MIT,b1c4,1044,96.34979171694413,182,99.11398315429688,test,Primary EV use,Primary EV use,2,2,correct
MIT,b1c4,1045,96.35465727733992,181,99.27558135986328,test,Primary EV use,Primary EV use,2,2,correct
MIT,b1c4,1046,96.3987160851905,180,98.0426254272461,test,Primary EV use,Primary EV use,2,2,correct
MIT,b1c4,1047,96.3387075069758,179,99.2519302368164,test,Primary EV use,Primary EV use,2,2,correct
MIT,b1c4,1048,96.33796608824883,178,99.26273345947266,test,Primary EV use,Primary EV use,2,2,correct
MIT,b1c4,1049,96.31446311460368,177,99.4850845336914,test,Primary EV use,Primary EV use,2,2,correct
MIT,b1c4,1050,96.33396242712315,176,98.1883773803711,test,Primary EV use,Primary EV use,2,2,correct
MIT,b1c4,1051,96.33055190097907,175,98.1268081665039,test,Primary EV use,Primary EV use,2,2,correct
MIT,b1c4,1052,96.28876368797984,174,99.1885223388672,test,Primary EV use,Primary EV use,2,2,correct
MIT,b1c4,1053,96.2822021322461,173,99.26006317138672,test,Primary EV use,Primary EV use,2,2,correct
MIT,b1c4,1054,96.29130304711975,172,99.25769805908205,test,Primary EV use,Primary EV use,2,2,correct
MIT,b1c4,1055,96.28042272730136,171,99.3060302734375,test,Primary EV use,Primary EV use,2,2,correct
MIT,b1c4,1056,96.25049721393376,170,99.32691192626952,test,Primary EV use,Primary EV use,2,2,correct
MIT,b1c4,1057,96.24266597863009,169,99.1370086669922,test,Primary EV use,Primary EV use,2,2,correct
MIT,b1c4,1058,96.22856975508344,168,99.15977478027344,test,Primary EV use,Primary EV use,2,2,correct
MIT,b1c4,1059,96.26819858604034,167,97.95902252197266,test,Primary EV use,Primary EV use,2,2,correct
MIT,b1c4,1060,96.2472071683328,166,97.98880004882812,test,Primary EV use,Primary EV use,2,2,correct
MIT,b1c4,1061,96.2158358884476,165,99.23116302490234,test,Primary EV use,Primary EV use,2,2,correct
MIT,b1c4,1062,96.25038600112472,164,97.98820495605467,test,Primary EV use,Primary EV use,2,2,correct
MIT,b1c4,1063,96.20304641540726,163,99.07460021972656,test,Primary EV use,Primary EV use,2,2,correct
MIT,b1c4,1064,96.21399160936429,162,98.8568115234375,test,Primary EV use,Primary EV use,2,2,correct
MIT,b1c4,1065,96.23089595633932,161,97.97247314453124,test,Primary EV use,Primary EV use,2,2,correct
MIT,b1c4,1066,96.1993856604428,160,97.94105529785156,test,Primary EV use,Primary EV use,2,2,correct
MIT,b1c4,1067,96.2163548815565,159,97.89362335205078,test,Primary EV use,Primary EV use,2,2,correct
MIT,b1c4,1068,96.19316701087033,158,97.93083953857422,test,Primary EV use,Primary EV use,2,2,correct
MIT,b1c4,1069,96.14220374112476,157,99.27040100097656,test,Primary EV use,Primary EV use,2,2,correct
MIT,b1c4,1070,96.18072971172523,156,97.78321075439452,test,Primary EV use,Primary EV use,2,2,correct
MIT,b1c4,1071,96.11706964628024,155,99.17359924316406,test,Primary EV use,Primary EV use,2,2,correct
MIT,b1c4,1072,96.11460442901306,154,99.177001953125,test,Primary EV use,Primary EV use,2,2,correct
MIT,b1c4,1073,96.16996060471593,153,97.98516082763672,test,Primary EV use,Primary EV use,2,2,correct
MIT,b1c4,1074,96.14253737955188,152,98.23622131347656,test,Primary EV use,Primary EV use,2,2,correct
MIT,b1c4,1075,96.11142559622114,151,99.18801879882812,test,Primary EV use,Primary EV use,2,2,correct
MIT,b1c4,1076,96.08830259967355,150,99.10358428955078,test,Primary EV use,Primary EV use,2,2,correct
MIT,b1c4,1077,96.14003509134834,149,97.96566772460938,test,Primary EV use,Primary EV use,2,2,correct
MIT,b1c4,1078,96.075281433281,148,99.01319885253906,test,Primary EV use,Primary EV use,2,2,correct
MIT,b1c4,1079,96.09864539091488,147,98.77017211914062,test,Primary EV use,Primary EV use,2,2,correct
MIT,b1c4,1080,96.08982250806385,146,98.137939453125,test,Primary EV use,Primary EV use,2,2,correct
MIT,b1c4,1081,96.0836965358322,145,98.13834381103516,test,Primary EV use,Primary EV use,2,2,correct
MIT,b1c4,1082,96.05294619413084,144,99.11382293701172,test,Primary EV use,Primary EV use,2,2,correct
MIT,b1c4,1083,96.08262147867808,143,98.008544921875,test,Primary EV use,Primary EV use,2,2,correct
MIT,b1c4,1084,96.07801541483674,142,97.9837646484375,test,Primary EV use,Primary EV use,2,2,correct
MIT,b1c4,1085,96.02738578351833,141,99.2120132446289,test,Primary EV use,Primary EV use,2,2,correct
MIT,b1c4,1086,96.0255229689668,140,99.25820922851562,test,Primary EV use,Primary EV use,2,2,correct
MIT,b1c4,1087,95.9850322387398,139,98.9837875366211,test,Primary EV use,Primary EV use,2,2,correct
MIT,b1c4,1088,96.01169550970867,138,98.10096740722656,test,Primary EV use,Primary EV use,2,2,correct
MIT,b1c4,1089,96.0268945936117,137,98.10466003417967,test,Primary EV use,Primary EV use,2,2,correct
MIT,b1c4,1090,96.04149127479906,136,97.83560943603516,test,Primary EV use,Primary EV use,2,2,correct
MIT,b1c4,1091,96.03046267123528,135,98.02946472167967,test,Primary EV use,Primary EV use,2,2,correct
MIT,b1c4,1092,95.955301347788,134,99.09312438964844,test,Primary EV use,Primary EV use,2,2,correct
MIT,b1c4,1093,95.98272457295208,133,97.99818420410156,test,Primary EV use,Primary EV use,2,2,correct
MIT,b1c4,1094,95.93571862566176,132,99.07283020019533,test,Primary EV use,Primary EV use,2,2,correct
MIT,b1c4,1095,95.99251130014817,131,97.80559539794922,test,Primary EV use,Primary EV use,2,2,correct
MIT,b1c4,1096,95.93729414045656,130,98.66673278808594,test,Primary EV use,Primary EV use,2,2,correct
MIT,b1c4,1097,95.92089951885632,129,98.8919677734375,test,Primary EV use,Primary EV use,2,2,correct
MIT,b1c4,1098,95.91928693312512,128,99.1939697265625,test,Primary EV use,Primary EV use,2,2,correct
MIT,b1c4,1099,95.93924036461488,127,98.57683563232422,test,Primary EV use,Primary EV use,2,2,correct
MIT,b1c4,1100,95.95267857904136,126,97.8599624633789,test,Primary EV use,Primary EV use,2,2,correct
MIT,b1c4,1101,95.90477366154455,125,98.95380401611328,test,Primary EV use,Primary EV use,2,2,correct
MIT,b1c4,1102,95.9174889927122,124,97.9554672241211,test,Primary EV use,Primary EV use,2,2,correct
MIT,b1c4,1103,95.90835100690224,123,98.00809478759766,test,Primary EV use,Primary EV use,2,2,correct
MIT,b1c4,1104,95.91613590353548,122,97.8516082763672,test,Primary EV use,Primary EV use,2,2,correct
MIT,b1c4,1105,95.88404174039148,121,99.0106964111328,test,Primary EV use,Primary EV use,2,2,correct
MIT,b1c4,1106,95.85809208494732,120,98.95267486572266,test,Primary EV use,Primary EV use,2,2,correct
MIT,b1c4,1107,95.83002011839716,119,98.92565155029295,test,Primary EV use,Primary EV use,2,2,correct
MIT,b1c4,1108,95.87556176370168,118,97.9365463256836,test,Primary EV use,Primary EV use,2,2,correct
MIT,b1c4,1109,95.8083150851649,117,98.88519287109376,test,Primary EV use,Primary EV use,2,2,correct
MIT,b1c4,1110,95.87545055089264,116,97.82412719726562,test,Primary EV use,Primary EV use,2,2,correct
MIT,b1c4,1111,95.85536737112568,115,97.7518081665039,test,Primary EV use,Primary EV use,2,2,correct
MIT,b1c4,1112,95.81148465022274,114,98.89810943603516,test,Primary EV use,Primary EV use,2,2,correct
MIT,b1c4,1113,95.7860817910897,113,98.7557601928711,test,Primary EV use,Primary EV use,2,2,correct
MIT,b1c4,1114,95.7944134840341,112,99.02303314208984,test,Primary EV use,Primary EV use,2,2,correct
MIT,b1c4,1115,95.77306062469717,111,98.69574737548828,test,Primary EV use,Primary EV use,2,2,correct
MIT,b1c4,1116,95.80768487924698,110,97.86833953857422,test,Primary EV use,Primary EV use,2,2,correct
MIT,b1c4,1117,95.82035387174416,109,97.43505859375,test,Primary EV use,Primary EV use,2,2,correct
MIT,b1c4,1118,95.76686051059282,108,98.56069946289062,test,Primary EV use,Primary EV use,2,2,correct
MIT,b1c4,1119,95.78220787824124,107,98.0616226196289,test,Primary EV use,Primary EV use,2,2,correct
MIT,b1c4,1120,95.72775994047888,106,98.91146850585938,test,Primary EV use,Primary EV use,2,2,correct
MIT,b1c4,1121,95.73180067254091,105,98.51128387451172,test,Primary EV use,Primary EV use,2,2,correct
MIT,b1c4,1122,95.76105890905424,104,97.92857360839844,test,Primary EV use,Primary EV use,2,2,correct
MIT,b1c4,1123,95.732236256043,103,98.42941284179688,test,Primary EV use,Primary EV use,2,2,correct
MIT,b1c4,1124,95.68642584644994,102,98.59586334228516,test,Primary EV use,Primary EV use,2,2,correct
MIT,b1c4,1125,95.7466661180168,101,97.52288055419922,test,Primary EV use,Primary EV use,2,2,correct
MIT,b1c4,1126,95.70456280205862,100,98.3076629638672,test,Primary EV use,Primary EV use,2,2,correct
MIT,b1c4,1127,95.70009575422856,99,97.94335174560548,test,Primary EV use,Primary EV use,2,2,correct
MIT,b1c4,1128,95.68578637279792,98,98.6489486694336,test,Primary EV use,Primary EV use,2,2,correct
MIT,b1c4,1129,95.6737012475482,97,98.70840454101562,test,Primary EV use,Primary EV use,2,2,correct
MIT,b1c4,1130,95.63924381221196,96,98.74473571777344,test,Primary EV use,Primary EV use,2,2,correct
MIT,b1c4,1131,95.69105044575946,95,98.00006103515624,test,Primary EV use,Primary EV use,2,2,correct
MIT,b1c4,1132,95.6850078831346,94,97.99182891845705,test,Primary EV use,Primary EV use,2,2,correct
MIT,b1c4,1133,95.61383168534483,93,98.86699676513672,test,Primary EV use,Primary EV use,2,2,correct
MIT,b1c4,1134,95.57559301450104,92,98.89710998535156,test,Primary EV use,Primary EV use,2,2,correct
MIT,b1c4,1135,95.65216303352952,91,97.69378662109376,test,Primary EV use,Primary EV use,2,2,correct
MIT,b1c4,1136,95.59765948936268,90,98.45813751220705,test,Primary EV use,Primary EV use,2,2,correct
MIT,b1c4,1137,95.57844747659988,89,98.81160736083984,test,Primary EV use,Primary EV use,2,2,correct
MIT,b1c4,1138,95.56833637871075,88,98.93082427978516,test,Primary EV use,Primary EV use,2,2,correct
MIT,b1c4,1139,95.60830811582888,87,97.86994934082033,test,Primary EV use,Primary EV use,2,2,correct
MIT,b1c4,1140,95.6048883219507,86,98.09742736816406,test,Primary EV use,Primary EV use,2,2,correct
MIT,b1c4,1141,95.58461978750198,85,98.261962890625,test,Primary EV use,Primary EV use,2,2,correct
MIT,b1c4,1142,95.57190445633432,84,98.63694763183594,test,Primary EV use,Primary EV use,2,2,correct
MIT,b1c4,1143,95.5089765418822,83,98.96808624267578,test,Primary EV use,Primary EV use,2,2,correct
MIT,b1c4,1144,95.57006017725097,82,97.94352722167967,test,Primary EV use,Primary EV use,2,2,correct
MIT,b1c4,1145,95.53037573988956,81,98.27742004394533,test,Primary EV use,Primary EV use,2,2,correct
MIT,b1c4,1146,95.51568638136132,80,98.20092010498048,test,Primary EV use,Primary EV use,2,2,correct
MIT,b1c4,1147,95.55048672285878,79,97.96730041503906,test,Primary EV use,Primary EV use,2,2,correct
MIT,b1c4,1148,95.43627116796804,78,98.99349212646484,test,Primary EV use,Primary EV use,2,2,correct
MIT,b1c4,1149,95.49436132522666,77,98.77758026123048,test,Primary EV use,Primary EV use,2,2,correct
MIT,b1c4,1150,95.46478798575436,76,98.85302734375,test,Primary EV use,Primary EV use,2,2,correct
MIT,b1c4,1151,95.41453833153352,75,98.72282409667967,test,Primary EV use,Primary EV use,2,2,correct
MIT,b1c4,1152,95.46515869511786,74,98.5452651977539,test,Primary EV use,Primary EV use,2,2,correct
MIT,b1c4,1153,95.44869919937898,73,98.33336639404295,test,Primary EV use,Primary EV use,2,2,correct
MIT,b1c4,1154,95.43748524113344,72,98.35731506347656,test,Primary EV use,Primary EV use,2,2,correct
MIT,b1c4,1155,95.36151762482062,71,98.59271240234376,test,Primary EV use,Primary EV use,2,2,correct
MIT,b1c4,1156,95.4444823803693,70,97.70458221435548,test,Primary EV use,Primary EV use,2,2,correct
MIT,b1c4,1157,95.33355687107952,69,98.72534942626952,test,Primary EV use,Primary EV use,2,2,correct
MIT,b1c4,1158,95.3247247204944,68,98.59664916992188,test,Primary EV use,Primary EV use,2,2,correct
MIT,b1c4,1159,95.37404760130651,67,98.35172271728516,test,Primary EV use,Primary EV use,2,2,correct
MIT,b1c4,1160,95.40654954475036,66,97.888427734375,test,Primary EV use,Primary EV use,2,2,correct
MIT,b1c4,1161,95.41407494482918,65,98.1484375,test,Primary EV use,Primary EV use,2,2,correct
MIT,b1c4,1162,95.39229576972424,64,98.47246551513672,test,Primary EV use,Primary EV use,2,2,correct
MIT,b1c4,1163,95.37848684593428,63,98.43624877929688,test,Primary EV use,Primary EV use,2,2,correct
MIT,b1c4,1164,95.3492842158255,62,98.48651123046876,test,Primary EV use,Primary EV use,2,2,correct
MIT,b1c4,1165,95.35136945599513,61,98.4283447265625,test,Primary EV use,Primary EV use,2,2,correct
MIT,b1c4,1166,95.2772739219679,60,98.64276885986328,test,Primary EV use,Primary EV use,2,2,correct
MIT,b1c4,1167,95.26541122233628,59,98.33866119384766,test,Primary EV use,Primary EV use,2,2,correct
MIT,b1c4,1168,95.30452106018429,58,98.30581665039062,test,Primary EV use,Primary EV use,2,2,correct
MIT,b1c4,1169,95.26055492967456,57,98.73330688476562,test,Primary EV use,Primary EV use,2,2,correct
MIT,b1c4,1170,95.26902563863028,56,98.6693878173828,test,Primary EV use,Primary EV use,2,2,correct
MIT,b1c4,1171,95.26977632509134,55,98.47789001464844,test,Primary EV use,Primary EV use,2,2,correct
MIT,b1c4,1172,95.30806133460558,54,97.90692138671876,test,Primary EV use,Primary EV use,2,2,correct
MIT,b1c4,1173,95.23644028557968,53,98.59342956542967,test,Primary EV use,Primary EV use,2,2,correct
MIT,b1c4,1174,95.27150012363155,52,98.01799011230467,test,Primary EV use,Primary EV use,2,2,correct
MIT,b1c4,1175,95.24557827138965,51,98.0613250732422,test,Primary EV use,Primary EV use,2,2,correct
MIT,b1c4,1176,95.25745023875535,50,97.72832489013672,test,Primary EV use,Primary EV use,2,2,correct
MIT,b1c4,1177,95.23791385529952,49,98.12703704833984,test,Primary EV use,Primary EV use,2,2,correct
MIT,b1c4,1178,95.21646831862172,48,98.27819061279295,test,Primary EV use,Primary EV use,2,2,correct
MIT,b1c4,1179,95.23500378679614,47,97.54751586914062,test,Primary EV use,Primary EV use,2,2,correct
MIT,b1c4,1180,95.21462403953836,46,98.23667907714844,test,Primary EV use,Primary EV use,2,2,correct
MIT,b1c4,1181,95.1646060786697,45,98.32691192626952,test,Primary EV use,Primary EV use,2,2,correct
MIT,b1c4,1182,95.17785893841445,44,98.011962890625,test,Primary EV use,Primary EV use,2,2,correct
MIT,b1c4,1183,95.15806305840412,43,97.90474700927734,test,Primary EV use,Primary EV use,2,2,correct
MIT,b1c4,1184,95.09849933142564,42,98.25759887695312,test,Primary EV use,Primary EV use,2,2,correct
MIT,b1c4,1185,95.17184417899182,41,97.5324478149414,test,Primary EV use,Primary EV use,2,2,correct
MIT,b1c4,1186,95.09548731784732,40,97.9919204711914,test,Primary EV use,Primary EV use,2,2,correct
MIT,b1c4,1187,95.09712770678075,39,98.3531494140625,test,Primary EV use,Primary EV use,2,2,correct
MIT,b1c4,1188,95.06567301728876,38,98.0943832397461,test,Primary EV use,Primary EV use,2,2,correct
MIT,b1c4,1189,95.02960299622136,37,98.5868911743164,test,Primary EV use,Primary EV use,2,2,correct
MIT,b1c4,1190,95.05508926496118,36,98.05467224121094,test,Primary EV use,Primary EV use,2,2,correct
MIT,b1c4,1191,95.06150253694952,35,98.12000274658205,test,Primary EV use,Primary EV use,2,2,correct
MIT,b1c4,1192,95.10166889648347,34,97.2461929321289,test,Primary EV use,Primary EV use,2,2,correct
MIT,b1c4,1193,95.0646999052096,33,98.24332427978516,test,Primary EV use,Primary EV use,2,2,correct
MIT,b1c4,1194,95.07199361193624,32,97.52593231201172,test,Primary EV use,Primary EV use,2,2,correct
MIT,b1c4,1195,94.97701787301054,31,98.36125946044922,test,Primary EV use,Primary EV use,2,2,correct
MIT,b1c4,1196,95.04864818977056,30,97.51604461669922,test,Primary EV use,Primary EV use,2,2,correct
MIT,b1c4,1197,95.0347929273102,29,97.73353576660156,test,Primary EV use,Primary EV use,2,2,correct
MIT,b1c4,1198,95.01179041130573,28,98.00861358642578,test,Primary EV use,Primary EV use,2,2,correct
MIT,b1c4,1199,94.9943670712218,27,97.91802215576172,test,Primary EV use,Primary EV use,2,2,correct
MIT,b1c4,1200,94.95619327451658,26,98.0818099975586,test,Primary EV use,Primary EV use,2,2,correct
MIT,b1c4,1201,94.98163320458596,25,97.43309783935548,test,Primary EV use,Primary EV use,2,2,correct
MIT,b1c4,1202,94.95390414419704,24,97.96642303466795,test,Primary EV use,Primary EV use,2,2,correct
MIT,b1c4,1203,94.94280139876057,23,98.10928344726562,test,Primary EV use,Primary EV use,2,2,correct
MIT,b1c4,1204,94.9024126136085,22,98.06532287597656,test,Primary EV use,Primary EV use,2,2,correct
MIT,b1c4,1205,94.93302393929856,21,97.06787872314452,test,Primary EV use,Primary EV use,2,2,correct
MIT,b1c4,1206,94.91324659475644,20,97.95010375976562,test,Primary EV use,Primary EV use,2,2,correct
MIT,b1c4,1207,94.9109852676392,19,97.84738159179688,test,Primary EV use,Primary EV use,2,2,correct
MIT,b1c4,1208,94.88092073826029,18,97.9604263305664,test,Primary EV use,Primary EV use,2,2,correct
MIT,b1c4,1209,94.91513721251025,17,97.25975036621094,test,Primary EV use,Primary EV use,2,2,correct
MIT,b1c4,1210,94.88035540648096,16,97.48136138916016,test,Primary EV use,Primary EV use,2,2,correct
MIT,b1c4,1211,94.87897451410196,15,97.01209259033205,test,Primary EV use,Primary EV use,2,2,correct
MIT,b1c4,1212,94.83982760531758,14,97.08262634277344,test,Primary EV use,Primary EV use,2,2,correct
MIT,b1c4,1213,94.85385895472562,13,96.94758605957033,test,Primary EV use,Primary EV use,2,2,correct
MIT,b1c4,1214,94.78619522815492,12,98.00738525390624,test,Primary EV use,Primary EV use,2,2,correct
MIT,b1c4,1215,94.7789015214283,11,97.9695816040039,test,Primary EV use,Primary EV use,2,2,correct
MIT,b1c4,1216,94.82232085562686,10,96.72684478759766,test,Primary EV use,Primary EV use,2,2,correct
MIT,b1c4,1217,94.80392440346375,9,97.04183197021484,test,Primary EV use,Primary EV use,2,2,correct
MIT,b1c4,1218,94.70799408792706,8,97.95073699951172,test,Primary EV use,Primary EV use,2,2,correct
MIT,b1c4,1219,94.7651389363088,7,97.18560028076172,test,Primary EV use,Primary EV use,2,2,correct
MIT,b1c4,1220,94.71703012866207,6,98.10909271240234,test,Primary EV use,Primary EV use,2,2,correct
MIT,b1c4,1221,94.70374946571512,5,97.99899291992188,test,Primary EV use,Primary EV use,2,2,correct
MIT,b1c4,1222,94.68299900909386,4,98.02384948730467,test,Primary EV use,Primary EV use,2,2,correct
MIT,b1c4,1223,94.73548218722972,3,97.56414794921876,test,Primary EV use,Primary EV use,2,2,correct
MIT,b1c4,1224,94.68944935201856,2,97.98828125,test,Primary EV use,Primary EV use,2,2,correct
MIT,b1c4,1225,94.71250747442753,1,97.4202880859375,test,Primary EV use,Primary EV use,2,2,correct
MIT,b2c24,1,99.89409787892698,507,99.50262451171876,test,Primary EV use,Primary EV use,2,2,correct
MIT,b2c24,2,100.0,506,99.60914611816406,test,Primary EV use,Primary EV use,2,2,correct
MIT,b2c24,3,100.04918153617751,505,99.66931915283205,test,Primary EV use,Primary EV use,2,2,correct
MIT,b2c24,4,100.19782987640824,504,99.71765899658205,test,Primary EV use,Primary EV use,2,2,correct
MIT,b2c24,5,100.1558225962688,503,99.49159240722656,test,Primary EV use,Primary EV use,2,2,correct
MIT,b2c24,6,100.15652412065322,502,99.72442626953124,test,Primary EV use,Primary EV use,2,2,correct
MIT,b2c24,7,100.18656807162358,501,99.58488464355467,test,Primary EV use,Primary EV use,2,2,correct
MIT,b2c24,8,100.17247210832583,500,99.71012878417967,test,Primary EV use,Primary EV use,2,2,correct
MIT,b2c24,9,100.18333170579676,499,99.57886505126952,test,Primary EV use,Primary EV use,2,2,correct
MIT,b2c24,10,100.21120560800463,498,99.86736297607422,test,Primary EV use,Primary EV use,2,2,correct
MIT,b2c24,11,100.19770827884828,497,99.80358123779295,test,Primary EV use,Primary EV use,2,2,correct
MIT,b2c24,12,100.2122158031182,496,99.82105255126952,test,Primary EV use,Primary EV use,2,2,correct
MIT,b2c24,13,100.26150958319724,495,99.9562759399414,test,Primary EV use,Primary EV use,2,2,correct
MIT,b2c24,14,100.25634636372789,494,99.77696990966795,test,Primary EV use,Primary EV use,2,2,correct
MIT,b2c24,15,100.226760742022,493,99.79020690917967,test,Primary EV use,Primary EV use,2,2,correct
MIT,b2c24,16,100.27497885137824,492,100.04070281982422,test,Primary EV use,Primary EV use,2,2,correct
MIT,b2c24,17,100.27951537573084,491,99.87962341308594,test,Primary EV use,Primary EV use,2,2,correct
MIT,b2c24,18,100.28994470491266,490,99.98199462890624,test,Primary EV use,Primary EV use,2,2,correct
MIT,b2c24,19,100.30209510725092,489,99.9820556640625,test,Primary EV use,Primary EV use,2,2,correct
MIT,b2c24,20,100.30073882677438,488,99.90985107421876,test,Primary EV use,Primary EV use,2,2,correct
MIT,b2c24,21,100.336086302091,487,99.82538604736328,test,Primary EV use,Primary EV use,2,2,correct
MIT,b2c24,22,100.30910099743672,486,99.77864074707033,test,Primary EV use,Primary EV use,2,2,correct
MIT,b2c24,23,100.31252443643277,485,99.84835815429688,test,Primary EV use,Primary EV use,2,2,correct
MIT,b2c24,24,100.35701043606382,484,99.87520599365234,test,Primary EV use,Primary EV use,2,2,correct
MIT,b2c24,25,100.33262544846116,483,99.68785095214844,test,Primary EV use,Primary EV use,2,2,correct
MIT,b2c24,26,100.35832930190654,482,99.66256713867188,test,Primary EV use,Primary EV use,2,2,correct
MIT,b2c24,27,100.3721259481336,481,99.8570327758789,test,Primary EV use,Primary EV use,2,2,correct
MIT,b2c24,28,100.3393507288932,480,99.92715454101562,test,Primary EV use,Primary EV use,2,2,correct
MIT,b2c24,29,100.33661946062315,479,99.8124542236328,test,Primary EV use,Primary EV use,2,2,correct
MIT,b2c24,30,100.3248619119402,478,99.72779083251952,test,Primary EV use,Primary EV use,2,2,correct
MIT,b2c24,31,100.32891204605296,477,99.67253875732422,test,Primary EV use,Primary EV use,2,2,correct
MIT,b2c24,32,100.28896257077446,476,99.92277526855467,test,Primary EV use,Primary EV use,2,2,correct
MIT,b2c24,33,100.31888492418486,475,99.80461120605467,test,Primary EV use,Primary EV use,2,2,correct
MIT,b2c24,34,100.27609193673486,474,99.86903381347656,test,Primary EV use,Primary EV use,2,2,correct
MIT,b2c24,35,100.28751275371332,473,99.8725128173828,test,Primary EV use,Primary EV use,2,2,correct
MIT,b2c24,36,100.3351322289282,472,99.7325439453125,test,Primary EV use,Primary EV use,2,2,correct
MIT,b2c24,37,100.33545960697424,471,99.98835754394533,test,Primary EV use,Primary EV use,2,2,correct
MIT,b2c24,38,100.40077620399356,470,99.6832046508789,test,Primary EV use,Primary EV use,2,2,correct
MIT,b2c24,39,100.38365900901356,469,99.7402114868164,test,Primary EV use,Primary EV use,2,2,correct
MIT,b2c24,40,100.40461120396178,468,99.82804107666016,test,Primary EV use,Primary EV use,2,2,correct
MIT,b2c24,41,100.3875314236156,467,99.97315979003906,test,Primary EV use,Primary EV use,2,2,correct
MIT,b2c24,42,100.37265910666576,466,99.65939331054688,test,Primary EV use,Primary EV use,2,2,correct
MIT,b2c24,43,100.34548672884232,465,99.91891479492188,test,Primary EV use,Primary EV use,2,2,correct
MIT,b2c24,44,100.37487592372054,464,99.68985748291016,test,Primary EV use,Primary EV use,2,2,correct
MIT,b2c24,45,100.35143565562224,463,99.84536743164062,test,Primary EV use,Primary EV use,2,2,correct
MIT,b2c24,46,100.36022809457371,462,99.68067932128906,test,Primary EV use,Primary EV use,2,2,correct
MIT,b2c24,47,100.36272552138227,461,99.63178253173828,test,Primary EV use,Primary EV use,2,2,correct
MIT,b2c24,48,100.33279381431343,460,99.6001968383789,test,Primary EV use,Primary EV use,2,2,correct
MIT,b2c24,49,100.32641461924436,459,99.77316284179688,test,Primary EV use,Primary EV use,2,2,correct
MIT,b2c24,50,100.36374507015434,458,99.5492706298828,test,Primary EV use,Primary EV use,2,2,correct
MIT,b2c24,51,100.35640244826398,457,99.8359832763672,test,Primary EV use,Primary EV use,2,2,correct
MIT,b2c24,52,100.29992505848844,456,99.72802734375,test,Primary EV use,Primary EV use,2,2,correct
MIT,b2c24,53,100.33726486305684,455,99.57015228271484,test,Primary EV use,Primary EV use,2,2,correct
MIT,b2c24,54,100.33004383872648,454,99.54391479492188,test,Primary EV use,Primary EV use,2,2,correct
MIT,b2c24,55,100.33638561916167,453,99.57843780517578,test,Primary EV use,Primary EV use,2,2,correct
MIT,b2c24,56,100.30380682674893,452,99.60631561279295,test,Primary EV use,Primary EV use,2,2,correct
MIT,b2c24,57,100.25197820522752,451,99.78140258789062,test,Primary EV use,Primary EV use,2,2,correct
MIT,b2c24,58,100.3438685459289,450,99.58575439453124,test,Primary EV use,Primary EV use,2,2,correct
MIT,b2c24,59,100.3085117169538,449,99.56395721435548,test,Primary EV use,Primary EV use,2,2,correct
MIT,b2c24,60,100.3112523388823,448,99.77114868164062,test,Primary EV use,Primary EV use,2,2,correct
MIT,b2c24,61,100.32578792412762,447,99.56086730957033,test,Primary EV use,Primary EV use,2,2,correct
MIT,b2c24,62,100.30835270476,446,99.60294342041016,test,Primary EV use,Primary EV use,2,2,correct
MIT,b2c24,63,100.2748011318675,445,99.79801940917967,test,Primary EV use,Primary EV use,2,2,correct
MIT,b2c24,64,100.34809639955238,444,99.65821838378906,test,Primary EV use,Primary EV use,2,2,correct
MIT,b2c24,65,100.32419780218956,443,99.57628631591795,test,Primary EV use,Primary EV use,2,2,correct
MIT,b2c24,66,100.32849113142228,442,99.52938079833984,test,Primary EV use,Primary EV use,2,2,correct
MIT,b2c24,67,100.32993159482496,441,99.58277130126952,test,Primary EV use,Primary EV use,2,2,correct
MIT,b2c24,68,100.30192674139866,440,99.5539779663086,test,Primary EV use,Primary EV use,2,2,correct
MIT,b2c24,69,100.29623036339711,439,99.57708740234376,test,Primary EV use,Primary EV use,2,2,correct
MIT,b2c24,70,100.31172937546371,438,99.54032135009766,test,Primary EV use,Primary EV use,2,2,correct
MIT,b2c24,71,100.29374229024704,437,99.56745910644533,test,Primary EV use,Primary EV use,2,2,correct
MIT,b2c24,72,100.28844811955922,436,99.54246520996094,test,Primary EV use,Primary EV use,2,2,correct
MIT,b2c24,73,100.29767082679982,435,99.55902099609376,test,Primary EV use,Primary EV use,2,2,correct
MIT,b2c24,74,100.3040406682104,434,99.67295837402344,test,Primary EV use,Primary EV use,2,2,correct
MIT,b2c24,75,100.28341585130826,433,99.91717529296876,test,Primary EV use,Primary EV use,2,2,correct
MIT,b2c24,76,100.29655774144317,432,99.50645446777344,test,Primary EV use,Primary EV use,2,2,correct
MIT,b2c24,77,100.25860994907494,431,99.62385559082033,test,Primary EV use,Primary EV use,2,2,correct
MIT,b2c24,78,100.26210821733864,430,99.48451232910156,test,Primary EV use,Primary EV use,2,2,correct
MIT,b2c24,79,100.2503132540218,429,99.64230346679688,test,Primary EV use,Primary EV use,2,2,correct
MIT,b2c24,80,100.25841352224732,428,99.41297912597656,test,Primary EV use,Primary EV use,2,2,correct
MIT,b2c24,81,100.27896350988176,427,99.47452545166016,test,Primary EV use,Primary EV use,2,2,correct
MIT,b2c24,82,100.23515097365974,426,99.62995910644533,test,Primary EV use,Primary EV use,2,2,correct
MIT,b2c24,83,100.21653719332627,425,99.6168212890625,test,Primary EV use,Primary EV use,2,2,correct
MIT,b2c24,84,100.2897950463773,424,99.84554290771484,test,Primary EV use,Primary EV use,2,2,correct
MIT,b2c24,85,100.2782245708635,423,99.66191864013672,test,Primary EV use,Primary EV use,2,2,correct
MIT,b2c24,86,100.24198849799326,422,99.42469787597656,test,Primary EV use,Primary EV use,2,2,correct
MIT,b2c24,87,100.2462537662506,421,99.37330627441406,test,Primary EV use,Primary EV use,2,2,correct
MIT,b2c24,88,100.22995033955652,420,99.5556640625,test,Primary EV use,Primary EV use,2,2,correct
MIT,b2c24,89,100.2334205468448,419,99.6100845336914,test,Primary EV use,Primary EV use,2,2,correct
MIT,b2c24,90,100.23902338826176,418,99.4174575805664,test,Primary EV use,Primary EV use,2,2,correct
MIT,b2c24,91,100.24442980285107,417,99.5162353515625,test,Primary EV use,Primary EV use,2,2,correct
MIT,b2c24,92,100.24217557116243,416,99.53063201904295,test,Primary EV use,Primary EV use,2,2,correct
MIT,b2c24,93,100.22048443719598,415,99.59888458251952,test,Primary EV use,Primary EV use,2,2,correct
MIT,b2c24,94,100.21358143725324,414,99.77637481689452,test,Primary EV use,Primary EV use,2,2,correct
MIT,b2c24,95,100.20133749833036,413,99.66370391845705,test,Primary EV use,Primary EV use,2,2,correct
MIT,b2c24,96,100.18592266918994,412,99.4708251953125,test,Primary EV use,Primary EV use,2,2,correct
MIT,b2c24,97,100.1677578644625,411,99.60505676269533,test,Primary EV use,Primary EV use,2,2,correct
MIT,b2c24,98,100.20316146172988,410,99.51085662841795,test,Primary EV use,Primary EV use,2,2,correct
MIT,b2c24,99,100.17869229120107,409,99.59262084960938,test,Primary EV use,Primary EV use,2,2,correct
MIT,b2c24,100,100.1997567300508,408,99.47005462646484,test,Primary EV use,Primary EV use,2,2,correct
MIT,b2c24,101,100.19328399839718,407,99.56982421875,test,Primary EV use,Primary EV use,2,2,correct
MIT,b2c24,102,100.16153768158723,406,99.51417541503906,test,Primary EV use,Primary EV use,2,2,correct
MIT,b2c24,103,100.14635669390827,405,99.55333709716795,test,Primary EV use,Primary EV use,2,2,correct
MIT,b2c24,104,100.15159474264532,404,99.54493713378906,test,Primary EV use,Primary EV use,2,2,correct
MIT,b2c24,105,100.1232250965391,403,99.52994537353516,test,Primary EV use,Primary EV use,2,2,correct
MIT,b2c24,106,100.15690762065005,402,99.67674255371094,test,Primary EV use,Primary EV use,2,2,correct
MIT,b2c24,107,100.1320830110998,401,99.42869567871094,test,Primary EV use,Primary EV use,2,2,correct
MIT,b2c24,108,100.11240291370204,400,99.45272064208984,test,Primary EV use,Primary EV use,2,2,correct
MIT,b2c24,109,100.14308291344764,399,99.45574188232422,test,Primary EV use,Primary EV use,2,2,correct
MIT,b2c24,110,100.159657596237,398,99.50886535644533,test,Primary EV use,Primary EV use,2,2,correct
MIT,b2c24,111,100.17126548638464,397,99.58252716064452,test,Primary EV use,Primary EV use,2,2,correct
MIT,b2c24,112,100.11459166978145,396,99.32440948486328,test,Primary EV use,Primary EV use,2,2,correct
MIT,b2c24,113,100.1175006575622,395,99.48975372314452,test,Primary EV use,Primary EV use,2,2,correct
MIT,b2c24,114,100.093349511421,394,99.42432403564452,test,Primary EV use,Primary EV use,2,2,correct
MIT,b2c24,115,100.18117101069272,393,99.53460693359376,test,Primary EV use,Primary EV use,2,2,correct
MIT,b2c24,116,100.1171826331746,392,99.45518493652344,test,Primary EV use,Primary EV use,2,2,correct
MIT,b2c24,117,100.10572440156228,391,99.4228515625,test,Primary EV use,Primary EV use,2,2,correct
MIT,b2c24,118,100.09283506020574,390,99.4399871826172,test,Primary EV use,Primary EV use,2,2,correct
MIT,b2c24,119,100.07366006036476,389,99.5137710571289,test,Primary EV use,Primary EV use,2,2,correct
MIT,b2c24,120,100.06939479210746,388,99.439208984375,test,Primary EV use,Primary EV use,2,2,correct
MIT,b2c24,121,100.08795245049016,387,99.51905059814452,test,Primary EV use,Primary EV use,2,2,correct
MIT,b2c24,122,100.05997565803924,386,99.4077606201172,test,Primary EV use,Primary EV use,2,2,correct
MIT,b2c24,123,100.06628937749907,385,99.43421936035156,test,Primary EV use,Primary EV use,2,2,correct
MIT,b2c24,124,100.0784678408127,384,99.37462615966795,test,Primary EV use,Primary EV use,2,2,correct
MIT,b2c24,125,100.04236271916088,383,99.36071014404295,test,Primary EV use,Primary EV use,2,2,correct
MIT,b2c24,126,100.04796556057784,382,99.21949005126952,test,Primary EV use,Primary EV use,2,2,correct
MIT,b2c24,127,100.01684593888471,381,99.38571166992188,test,Primary EV use,Primary EV use,2,2,correct
MIT,b2c24,128,100.00371340240824,380,99.3109893798828,test,Primary EV use,Primary EV use,2,2,correct
MIT,b2c24,129,99.99705359758542,379,99.37635803222656,test,Primary EV use,Primary EV use,2,2,correct
MIT,b2c24,130,99.9843419757396,378,99.17921447753906,test,Primary EV use,Primary EV use,2,2,correct
MIT,b2c24,131,100.00609858531529,377,99.4466552734375,test,Primary EV use,Primary EV use,2,2,correct
MIT,b2c24,132,100.02320642663682,376,99.54138946533205,test,Primary EV use,Primary EV use,2,2,correct
MIT,b2c24,133,99.97732673189536,375,99.34074401855467,test,Primary EV use,Primary EV use,2,2,correct
MIT,b2c24,134,99.99639884149327,374,99.34239196777344,test,Primary EV use,Primary EV use,2,2,correct
MIT,b2c24,135,100.03098867047473,373,99.36405181884766,test,Primary EV use,Primary EV use,2,2,correct
MIT,b2c24,136,99.99496773174906,372,99.2928237915039,test,Primary EV use,Primary EV use,2,2,correct
MIT,b2c24,137,99.98350950013676,371,99.44490051269533,test,Primary EV use,Primary EV use,2,2,correct
MIT,b2c24,138,99.96228604909322,370,99.21427154541016,test,Primary EV use,Primary EV use,2,2,correct
MIT,b2c24,139,99.96072398813058,369,99.46212005615234,test,Primary EV use,Primary EV use,2,2,correct
MIT,b2c24,140,99.93703117125388,368,99.24362182617188,test,Primary EV use,Primary EV use,2,2,correct
MIT,b2c24,141,99.9634365490837,367,99.31884002685548,test,Primary EV use,Primary EV use,2,2,correct
MIT,b2c24,142,99.92738754938266,366,99.16765594482422,test,Primary EV use,Primary EV use,2,2,correct
MIT,b2c24,143,99.91804324458208,365,99.2189712524414,test,Primary EV use,Primary EV use,2,2,correct
MIT,b2c24,144,99.92000751285848,364,99.2667236328125,test,Primary EV use,Primary EV use,2,2,correct
MIT,b2c24,145,99.89819478133204,363,99.18190002441406,test,Primary EV use,Primary EV use,2,2,correct
MIT,b2c24,146,99.91565806167505,362,98.95368957519533,test,Primary EV use,Primary EV use,2,2,correct
MIT,b2c24,147,99.88749419605492,361,98.92292022705078,test,Primary EV use,Primary EV use,2,2,correct
MIT,b2c24,148,99.8921803789429,360,99.26110076904295,test,Primary EV use,Primary EV use,2,2,correct
MIT,b2c24,149,99.86266023284624,359,98.98372650146484,test,Primary EV use,Primary EV use,2,2,correct
MIT,b2c24,150,99.8436348915406,358,98.97390747070312,test,Primary EV use,Primary EV use,2,2,correct
MIT,b2c24,151,99.832700464802,357,99.21864318847656,test,Primary EV use,Primary EV use,2,2,correct
MIT,b2c24,152,99.84739506224112,356,99.1556625366211,test,Primary EV use,Primary EV use,2,2,correct
MIT,b2c24,153,99.81488174543756,355,98.85184478759766,test,Primary EV use,Primary EV use,2,2,correct
MIT,b2c24,154,99.82168185513729,354,99.18126678466795,test,Primary EV use,Primary EV use,2,2,correct
MIT,b2c24,155,99.79189980660377,353,99.0280532836914,test,Primary EV use,Primary EV use,2,2,correct
MIT,b2c24,156,99.80489203820332,352,98.97017669677734,test,Primary EV use,Primary EV use,2,2,correct
MIT,b2c24,157,99.80468625771724,351,98.89946746826172,test,Primary EV use,Primary EV use,2,2,correct
MIT,b2c24,158,99.79098314807476,350,99.0334243774414,test,Primary EV use,Primary EV use,2,2,correct
MIT,b2c24,159,99.77933784329328,349,98.8777313232422,test,Primary EV use,Primary EV use,2,2,correct
MIT,b2c24,160,99.75835758736972,348,98.8014144897461,test,Primary EV use,Primary EV use,2,2,correct
MIT,b2c24,161,99.7852493554394,347,99.03105926513672,test,Primary EV use,Primary EV use,2,2,correct
MIT,b2c24,162,99.76324019708534,346,98.99835205078124,test,Primary EV use,Primary EV use,2,2,correct
MIT,b2c24,163,99.7586849654158,345,98.90933227539062,test,Primary EV use,Primary EV use,2,2,correct
MIT,b2c24,164,99.74744186794806,344,98.9888687133789,test,Primary EV use,Primary EV use,2,2,correct
MIT,b2c24,165,99.73797596558752,343,98.99968719482422,test,Primary EV use,Primary EV use,2,2,correct
MIT,b2c24,166,99.6855580635832,342,98.945556640625,test,Primary EV use,Primary EV use,2,2,correct
MIT,b2c24,167,99.69962596590554,341,99.01837921142578,test,Primary EV use,Primary EV use,2,2,correct
MIT,b2c24,168,99.68363120994064,340,98.92542266845705,test,Primary EV use,Primary EV use,2,2,correct
MIT,b2c24,169,99.65299797848732,339,98.7754364013672,test,Primary EV use,Primary EV use,2,2,correct
MIT,b2c24,170,99.66061185647298,338,98.90755462646484,test,Primary EV use,Primary EV use,2,2,correct
MIT,b2c24,171,99.6477318687749,337,98.9316635131836,test,Primary EV use,Primary EV use,2,2,correct
MIT,b2c24,172,99.63227027134216,336,98.9286651611328,test,Primary EV use,Primary EV use,2,2,correct
MIT,b2c24,173,99.62120489338514,335,98.83007049560548,test,Primary EV use,Primary EV use,2,2,correct
MIT,b2c24,174,99.59020686925194,334,98.9557876586914,test,Primary EV use,Primary EV use,2,2,correct
MIT,b2c24,175,99.60136578379355,333,98.80574798583984,test,Primary EV use,Primary EV use,2,2,correct
MIT,b2c24,176,99.56943239381448,332,98.63506317138672,test,Primary EV use,Primary EV use,2,2,correct
MIT,b2c24,177,99.58665247903753,331,98.86453247070312,test,Primary EV use,Primary EV use,2,2,correct
MIT,b2c24,178,99.5820691863926,330,99.14301300048828,test,Primary EV use,Primary EV use,2,2,correct
MIT,b2c24,179,99.5408008452714,329,98.8188018798828,test,Primary EV use,Primary EV use,2,2,correct
MIT,b2c24,180,99.50952221138446,328,98.7529754638672,test,Primary EV use,Primary EV use,2,2,correct
MIT,b2c24,181,99.58050712542996,327,98.83422088623048,test,Primary EV use,Primary EV use,2,2,correct
MIT,b2c24,182,99.53509511361142,326,98.8270263671875,test,Primary EV use,Primary EV use,2,2,correct
MIT,b2c24,183,99.5296606380467,325,98.81134033203124,test,Primary EV use,Primary EV use,2,2,correct
MIT,b2c24,184,99.53733063798312,324,98.61890411376952,test,Primary EV use,Primary EV use,2,2,correct
MIT,b2c24,185,99.48392124818211,323,98.98908996582033,test,Primary EV use,Primary EV use,2,2,correct
MIT,b2c24,186,99.49710055295088,322,98.78363037109376,test,Primary EV use,Primary EV use,2,2,correct
MIT,b2c24,187,99.5028249919278,321,98.7265853881836,test,Primary EV use,Primary EV use,2,2,correct
MIT,b2c24,188,99.48733533351964,320,98.72308349609376,test,Primary EV use,Primary EV use,2,2,correct
MIT,b2c24,189,99.48355645550222,319,99.07943725585938,test,Primary EV use,Primary EV use,2,2,correct
MIT,b2c24,190,99.4573100898662,318,98.7263641357422,test,Primary EV use,Primary EV use,2,2,correct
MIT,b2c24,191,99.44555254118325,317,98.76204681396484,test,Primary EV use,Primary EV use,2,2,correct
MIT,b2c24,192,99.4588908581458,316,98.8208999633789,test,Primary EV use,Primary EV use,2,2,correct
MIT,b2c24,193,99.41497543168067,315,98.6663589477539,test,Primary EV use,Primary EV use,2,2,correct
MIT,b2c24,194,99.42050344382996,314,98.86038970947266,test,Primary EV use,Primary EV use,2,2,correct
MIT,b2c24,195,99.39122649285324,313,98.66527557373048,test,Primary EV use,Primary EV use,2,2,correct
MIT,b2c24,196,99.388083663611,312,98.63949584960938,test,Primary EV use,Primary EV use,2,2,correct
MIT,b2c24,197,99.38558623680248,311,98.9966278076172,test,Primary EV use,Primary EV use,2,2,correct
MIT,b2c24,198,99.38071298074532,310,98.94085693359376,test,Primary EV use,Primary EV use,2,2,correct
MIT,b2c24,199,99.33822866402446,309,98.8269271850586,test,Primary EV use,Primary EV use,2,2,correct
MIT,b2c24,200,99.34572094445012,308,98.64118957519533,test,Primary EV use,Primary EV use,2,2,correct
MIT,b2c24,201,99.34970560295366,307,99.12320709228516,test,Primary EV use,Primary EV use,2,2,correct
MIT,b2c24,202,99.32315992024698,306,98.91993713378906,test,Primary EV use,Primary EV use,2,2,correct
MIT,b2c24,203,99.31418976178476,305,98.84237670898438,test,Primary EV use,Primary EV use,2,2,correct
MIT,b2c24,204,99.31312344472045,304,99.14657592773438,test,Primary EV use,Primary EV use,2,2,correct
MIT,b2c24,205,99.28905648150538,303,96.35589599609376,test,Primary EV use,Primary EV use,2,2,correct
MIT,b2c24,206,99.2830046644824,302,96.28693389892578,test,Primary EV use,Primary EV use,2,2,correct
MIT,b2c24,207,99.27860844500668,301,96.04115295410156,test,Primary EV use,Primary EV use,2,2,correct
MIT,b2c24,208,99.26424122561362,300,98.47615051269533,test,Primary EV use,Primary EV use,2,2,correct
MIT,b2c24,209,99.23293453075128,299,96.24747467041016,test,Primary EV use,Primary EV use,2,2,correct
MIT,b2c24,210,99.20883950656084,298,96.36176300048828,test,Primary EV use,Primary EV use,2,2,correct
MIT,b2c24,211,99.2084840675394,297,96.45108795166016,test,Primary EV use,Primary EV use,2,2,correct
MIT,b2c24,212,99.2391827746019,296,96.21751403808594,test,Primary EV use,Primary EV use,2,2,correct
MIT,b2c24,213,99.19927071395726,295,96.33514404296876,test,Primary EV use,Primary EV use,2,2,correct
MIT,b2c24,214,99.18056339703924,294,96.33679962158205,test,Primary EV use,Primary EV use,2,2,correct
MIT,b2c24,215,99.11967108047102,293,96.36385345458984,test,Primary EV use,Primary EV use,2,2,correct
MIT,b2c24,216,99.1147229951462,292,96.42366027832033,test,Primary EV use,Primary EV use,2,2,correct
MIT,b2c24,217,99.08329470272392,291,96.06881713867188,test,Primary EV use,Primary EV use,2,2,correct
MIT,b2c24,218,99.10360149523844,290,96.06500244140624,test,Primary EV use,Primary EV use,2,2,correct
MIT,b2c24,219,99.08710164171671,289,96.12833404541016,test,Primary EV use,Primary EV use,2,2,correct
MIT,b2c24,220,99.05767503220466,288,96.2996597290039,test,Primary EV use,Primary EV use,2,2,correct
MIT,b2c24,221,99.11288967808824,287,96.27214050292967,test,Primary EV use,Primary EV use,2,2,correct
MIT,b2c24,222,99.05872264195204,286,96.16291046142578,test,Primary EV use,Primary EV use,2,2,correct
MIT,b2c24,223,99.0179500447292,285,96.19224548339844,test,Primary EV use,Primary EV use,2,2,correct
MIT,b2c24,224,99.01499428865615,284,96.01912689208984,test,Primary EV use,Primary EV use,2,2,correct
MIT,b2c24,225,98.98986100837676,283,96.14095306396484,test,Primary EV use,Primary EV use,2,2,correct
MIT,b2c24,226,98.99418239858484,282,96.09151458740234,test,Primary EV use,Primary EV use,2,2,correct
MIT,b2c24,227,98.98228454502495,281,96.41423034667967,test,Primary EV use,Primary EV use,2,2,correct
MIT,b2c24,228,98.97052699634196,280,96.11389923095705,test,Primary EV use,Primary EV use,2,2,correct
MIT,b2c24,229,98.92191603333043,279,95.7978744506836,test,Primary EV use,Primary EV use,2,2,correct
MIT,b2c24,230,98.95138941113484,278,96.11459350585938,test,Primary EV use,Primary EV use,2,2,correct
MIT,b2c24,231,98.94136228926676,277,96.2082061767578,test,Primary EV use,Primary EV use,2,2,correct
MIT,b2c24,232,98.9218786186966,276,96.0517349243164,test,Primary EV use,Primary EV use,2,2,correct
MIT,b2c24,233,98.90308711885248,275,96.11041259765624,test,Primary EV use,Primary EV use,2,2,correct
MIT,b2c24,234,98.8571793631356,274,96.23212432861328,test,Primary EV use,Primary EV use,2,2,correct
MIT,b2c24,235,98.91269332608988,273,96.2043685913086,test,Primary EV use,Primary EV use,2,2,correct
MIT,b2c24,236,98.87698105809334,272,96.0550537109375,test,Primary EV use,Primary EV use,2,2,correct
MIT,b2c24,237,98.88148952147058,271,96.17142486572266,test,Primary EV use,Primary EV use,2,2,correct
MIT,b2c24,238,98.83751797305472,270,96.02195739746094,test,Primary EV use,Primary EV use,2,2,correct
MIT,b2c24,239,98.80693150989374,269,96.29839324951172,test,Primary EV use,Primary EV use,2,2,correct
MIT,b2c24,240,98.7733425223674,268,96.15608978271484,test,Primary EV use,Primary EV use,2,2,correct
MIT,b2c24,241,98.81335747325508,267,96.0312957763672,test,Primary EV use,Primary EV use,2,2,correct
MIT,b2c24,242,98.7746239735763,266,96.15989685058594,test,Primary EV use,Primary EV use,2,2,correct
MIT,b2c24,243,98.78289260765408,265,95.94564819335938,test,Primary EV use,Primary EV use,2,2,correct
MIT,b2c24,244,98.76224908343502,264,96.0861358642578,test,Primary EV use,Primary EV use,2,2,correct
MIT,b2c24,245,98.71623843747508,263,96.12706756591795,test,Primary EV use,Primary EV use,2,2,correct
MIT,b2c24,246,98.70521047415193,262,96.06505584716795,test,Primary EV use,Primary EV use,2,2,correct
MIT,b2c24,247,98.68732627917828,261,95.9728012084961,test,Primary EV use,Primary EV use,2,2,correct
MIT,b2c24,248,98.3526710868315,260,95.79183959960938,test,Primary EV use,Primary EV use,2,2,correct
MIT,b2c24,249,98.55288614614682,259,96.0069808959961,test,Primary EV use,Primary EV use,2,2,correct
MIT,b2c24,250,98.64848988925642,258,96.03612518310548,test,Primary EV use,Primary EV use,2,2,correct
MIT,b2c24,251,98.65993876721026,257,95.8875503540039,test,Primary EV use,Primary EV use,2,2,correct
MIT,b2c24,252,98.62747221869904,256,96.00672912597656,test,Primary EV use,Primary EV use,2,2,correct
MIT,b2c24,253,98.65023902338828,255,96.06189727783205,test,Primary EV use,Primary EV use,2,2,correct
MIT,b2c24,254,98.62431068213986,254,96.09806823730467,test,Primary EV use,Primary EV use,2,2,correct
MIT,b2c24,255,98.5737260971935,253,96.10506439208984,test,Primary EV use,Primary EV use,2,2,correct
MIT,b2c24,256,98.6004962677032,252,95.88424682617188,test,Primary EV use,Primary EV use,2,2,correct
MIT,b2c24,257,98.57498884108546,251,96.04875183105467,test,Primary EV use,Primary EV use,2,2,correct
MIT,b2c24,258,98.56492430458356,250,96.18463897705078,test,Primary EV use,Primary EV use,2,2,correct
MIT,b2c24,259,98.57298715817522,249,96.18680572509766,test,Primary EV use,Primary EV use,2,2,correct
MIT,b2c24,260,98.5412221340484,248,95.98031616210938,test,Primary EV use,Primary EV use,2,2,correct
MIT,b2c24,261,98.51336693915746,247,95.97714233398438,test,Primary EV use,Primary EV use,2,2,correct
MIT,b2c24,262,98.50477092703362,246,96.09757995605467,test,Primary EV use,Primary EV use,2,2,correct
MIT,b2c24,263,98.48050753699091,245,95.9103775024414,test,Primary EV use,Primary EV use,2,2,correct
MIT,b2c24,264,98.47356712241432,244,95.88455963134766,test,Primary EV use,Primary EV use,2,2,correct
MIT,b2c24,265,98.4447017324098,243,95.89340209960938,test,Primary EV use,Primary EV use,2,2,correct
MIT,b2c24,266,98.40727774491526,242,95.9133071899414,test,Primary EV use,Primary EV use,2,2,correct
MIT,b2c24,267,98.44649763483392,241,95.9228286743164,test,Primary EV use,Primary EV use,2,2,correct
MIT,b2c24,268,98.39603464744752,240,96.00396728515624,test,Primary EV use,Primary EV use,2,2,correct
MIT,b2c24,269,98.37879585490757,239,95.80665588378906,test,Primary EV use,Primary EV use,2,2,correct
MIT,b2c24,270,98.40468678152212,238,95.70033264160156,test,Primary EV use,Primary EV use,2,2,correct
MIT,b2c24,271,98.38646585484396,237,95.96537017822266,test,Primary EV use,Primary EV use,2,2,correct
MIT,b2c24,272,98.35725437947644,236,95.8891830444336,test,Primary EV use,Primary EV use,2,2,correct
MIT,b2c24,273,98.3505945746536,235,95.83051300048828,test,Primary EV use,Primary EV use,2,2,correct
MIT,b2c24,274,98.32017647734487,234,95.72624969482422,test,Primary EV use,Primary EV use,2,2,correct
MIT,b2c24,275,98.2907779288082,233,96.0811996459961,test,Primary EV use,Primary EV use,2,2,correct
MIT,b2c24,276,98.27965642890042,232,95.85559844970705,test,Primary EV use,Primary EV use,2,2,correct
MIT,b2c24,277,98.26015405101336,231,95.85069274902344,test,Primary EV use,Primary EV use,2,2,correct
MIT,b2c24,278,98.26393292903082,230,95.6052017211914,test,Primary EV use,Primary EV use,2,2,correct
MIT,b2c24,279,98.23717211217956,229,95.792724609375,test,Primary EV use,Primary EV use,2,2,correct
MIT,b2c24,280,98.22324451473406,228,95.75636291503906,test,Primary EV use,Primary EV use,2,2,correct
MIT,b2c24,281,98.21546227089615,227,95.84622955322266,test,Primary EV use,Primary EV use,2,2,correct
MIT,b2c24,282,98.1834072833571,226,95.91338348388672,test,Primary EV use,Primary EV use,2,2,correct
MIT,b2c24,283,98.18349146628324,225,95.9053955078125,test,Primary EV use,Primary EV use,2,2,correct
MIT,b2c24,284,98.20289095392724,224,95.7248992919922,test,Primary EV use,Primary EV use,2,2,correct
MIT,b2c24,285,98.15178256410717,223,95.94540405273438,test,Primary EV use,Primary EV use,2,2,correct
MIT,b2c24,286,98.14715250316996,222,95.71253204345705,test,Primary EV use,Primary EV use,2,2,correct
MIT,b2c24,287,98.11998947900496,221,95.86421966552734,test,Primary EV use,Primary EV use,2,2,correct
MIT,b2c24,288,98.06368980874014,220,95.94391632080078,test,Primary EV use,Primary EV use,2,2,correct
MIT,b2c24,289,98.03914580894369,219,96.13043212890624,test,Primary EV use,Primary EV use,2,2,correct
MIT,b2c24,290,98.04218574794284,218,96.13072204589844,test,Primary EV use,Primary EV use,2,2,correct
MIT,b2c24,291,98.02325394322182,217,95.85177612304688,test,Primary EV use,Primary EV use,2,2,correct
MIT,b2c24,292,98.02649030904864,216,95.75006103515624,test,Primary EV use,Primary EV use,2,2,correct
MIT,b2c24,293,97.991937894701,215,95.9624481201172,test,Primary EV use,Primary EV use,2,2,correct
MIT,b2c24,294,97.97469910216104,214,95.8002700805664,test,Primary EV use,Primary EV use,2,2,correct
MIT,b2c24,295,97.98278066306962,213,95.95428466796876,test,Primary EV use,Primary EV use,2,2,correct
MIT,b2c24,296,97.93691967564509,212,95.92912292480467,test,Primary EV use,Primary EV use,2,2,correct
MIT,b2c24,297,97.9394171024536,211,95.77690887451172,test,Primary EV use,Primary EV use,2,2,correct
MIT,b2c24,298,97.92943674887783,210,95.905029296875,test,Primary EV use,Primary EV use,2,2,correct
MIT,b2c24,299,97.88877639555648,209,95.89144897460938,test,Primary EV use,Primary EV use,2,2,correct
MIT,b2c24,300,97.88636315167408,208,95.64480590820312,test,Primary EV use,Primary EV use,2,2,correct
MIT,b2c24,301,97.8676371274391,207,95.92060089111328,test,Primary EV use,Primary EV use,2,2,correct
MIT,b2c24,302,97.84694683492776,206,95.96443176269533,test,Primary EV use,Primary EV use,2,2,correct
MIT,b2c24,303,97.8326544448024,205,95.8621597290039,test,Primary EV use,Primary EV use,2,2,correct
MIT,b2c24,304,97.75090346987056,204,95.8265151977539,test,Primary EV use,Primary EV use,2,2,correct
MIT,b2c24,305,97.75478523813106,203,95.76776123046876,test,Primary EV use,Primary EV use,2,2,correct
MIT,b2c24,306,97.75734814054884,202,95.67906951904295,test,Primary EV use,Primary EV use,2,2,correct
MIT,b2c24,307,97.73559153097314,201,95.91641235351562,test,Primary EV use,Primary EV use,2,2,correct
MIT,b2c24,308,97.7140126409082,200,95.7738037109375,test,Primary EV use,Primary EV use,2,2,correct
MIT,b2c24,309,97.71185194580416,199,95.6386947631836,test,Primary EV use,Primary EV use,2,2,correct
MIT,b2c24,310,97.64641375122486,198,95.83982849121094,test,Primary EV use,Primary EV use,2,2,correct
MIT,b2c24,311,97.61197358077877,197,95.76192474365234,test,Primary EV use,Primary EV use,2,2,correct
MIT,b2c24,312,97.61770737341412,196,95.69025421142578,test,Primary EV use,Primary EV use,2,2,correct
MIT,b2c24,313,97.57685059326516,195,95.74325561523438,test,Primary EV use,Primary EV use,2,2,correct
MIT,b2c24,314,97.58807498341596,194,95.61048889160156,test,Primary EV use,Primary EV use,2,2,correct
MIT,b2c24,315,97.56494338604682,193,95.7683334350586,test,Primary EV use,Primary EV use,2,2,correct
MIT,b2c24,316,97.52284256932276,192,95.87207794189452,test,Primary EV use,Primary EV use,2,2,correct
MIT,b2c24,317,97.52832381317975,191,95.7298583984375,test,Primary EV use,Primary EV use,2,2,correct
MIT,b2c24,318,97.5245262278454,190,95.8061752319336,test,Primary EV use,Primary EV use,2,2,correct
MIT,b2c24,319,97.46849781367588,189,95.43083190917967,test,Primary EV use,Primary EV use,2,2,correct
MIT,b2c24,320,97.45825555766324,188,95.73941040039062,test,Primary EV use,Primary EV use,2,2,correct
MIT,b2c24,321,97.42883830180963,187,95.65489959716795,test,Primary EV use,Primary EV use,2,2,correct
MIT,b2c24,322,97.37280988764012,186,95.5146942138672,test,Primary EV use,Primary EV use,2,2,correct
MIT,b2c24,323,97.36344687552264,185,95.40168762207033,test,Primary EV use,Primary EV use,2,2,correct
MIT,b2c24,324,97.34248532691598,184,95.96749877929688,test,Primary EV use,Primary EV use,2,2,correct
MIT,b2c24,325,97.31626702225536,183,95.4797821044922,test,Primary EV use,Primary EV use,2,2,correct
MIT,b2c24,326,97.3042475711355,182,95.46511840820312,test,Primary EV use,Primary EV use,2,2,correct
MIT,b2c24,327,97.24985604719632,181,95.47571563720705,test,Primary EV use,Primary EV use,2,2,correct
MIT,b2c24,328,97.20800777925066,180,95.47419738769533,test,Primary EV use,Primary EV use,2,2,correct
MIT,b2c24,329,97.20929858411805,179,95.43148803710938,test,Primary EV use,Primary EV use,2,2,correct
MIT,b2c24,330,97.16183812109696,178,95.64982604980467,test,Primary EV use,Primary EV use,2,2,correct
MIT,b2c24,331,97.15095981630913,177,95.44467163085938,test,Primary EV use,Primary EV use,2,2,correct
MIT,b2c24,332,97.13435707254436,176,95.33550262451172,test,Primary EV use,Primary EV use,2,2,correct
MIT,b2c24,333,97.0615856097332,175,95.25402069091795,test,Primary EV use,Primary EV use,2,2,correct
MIT,b2c24,334,96.9951652810157,174,95.24654388427734,test,Primary EV use,Primary EV use,2,2,correct
MIT,b2c24,335,97.03030697584624,173,95.54052734375,test,Primary EV use,Primary EV use,2,2,correct
MIT,b2c24,336,96.95412142769754,172,95.21248626708984,test,Primary EV use,Primary EV use,2,2,correct
MIT,b2c24,337,96.90956995245725,171,95.24423217773438,test,Primary EV use,Primary EV use,2,2,correct
MIT,b2c24,338,96.92164552552782,170,95.2383041381836,test,Primary EV use,Primary EV use,2,2,correct
MIT,b2c24,339,96.88570876972828,169,95.18643951416016,test,Primary EV use,Primary EV use,2,2,correct
MIT,b2c24,340,96.8562821602162,168,95.1071319580078,test,Primary EV use,Primary EV use,2,2,correct
MIT,b2c24,341,96.85698368460064,167,95.51488494873048,test,Primary EV use,Primary EV use,2,2,correct
MIT,b2c24,342,96.800973977748,166,95.07746887207033,test,Primary EV use,Primary EV use,2,2,correct
MIT,b2c24,343,96.7616979658786,165,95.34243774414062,test,Primary EV use,Primary EV use,2,2,correct
MIT,b2c24,344,96.7585925512702,164,94.91704559326172,test,Primary EV use,Primary EV use,2,2,correct
MIT,b2c24,345,96.71354533213156,163,95.07553100585938,test,Primary EV use,Primary EV use,2,2,correct
MIT,b2c24,346,96.67352102758542,162,95.2314224243164,test,Primary EV use,Primary EV use,2,2,correct
MIT,b2c24,347,96.66431702766177,161,95.01695251464844,test,Primary EV use,Primary EV use,2,2,correct
MIT,b2c24,348,96.6144152597829,160,94.65921783447266,test,Primary EV use,Primary EV use,2,2,correct
MIT,b2c24,349,96.60470616230243,159,95.06828308105467,test,Primary EV use,Primary EV use,2,2,correct
MIT,b2c24,350,96.5713229552622,158,94.92266082763672,test,Primary EV use,Primary EV use,2,2,correct
MIT,b2c24,351,96.53437600434908,157,95.18714141845705,test,Primary EV use,Primary EV use,2,2,correct
MIT,b2c24,352,96.50617472409516,156,94.85979461669922,test,Primary EV use,Primary EV use,2,2,correct
MIT,b2c24,353,96.46005183423372,155,94.86102294921876,test,Primary EV use,Primary EV use,2,2,correct
MIT,b2c24,354,96.44317783437366,154,95.19519805908205,test,Primary EV use,Primary EV use,2,2,correct
MIT,b2c24,355,96.42485401745245,153,94.95213317871094,test,Primary EV use,Primary EV use,2,2,correct
MIT,b2c24,356,96.31386350617773,152,95.13419342041016,test,Primary EV use,Primary EV use,2,2,correct
MIT,b2c24,357,96.33258017675422,151,95.14132690429688,test,Primary EV use,Primary EV use,2,2,correct
MIT,b2c24,358,96.26280188464992,150,94.6529541015625,test,Primary EV use,Primary EV use,2,2,correct
MIT,b2c24,359,96.24402909212267,149,94.86351776123048,test,Primary EV use,Primary EV use,2,2,correct
MIT,b2c24,360,96.20901834851058,148,94.65270233154295,test,Primary EV use,Primary EV use,2,2,correct
MIT,b2c24,361,96.16199750743708,147,94.54632568359376,test,Primary EV use,Primary EV use,2,2,correct
MIT,b2c24,362,96.14080211736896,146,94.59872436523438,test,Primary EV use,Primary EV use,2,2,correct
MIT,b2c24,363,96.09629741042096,145,94.8301239013672,test,Primary EV use,Primary EV use,2,2,correct
MIT,b2c24,364,96.05534709368736,144,94.30237579345705,test,Primary EV use,Primary EV use,2,2,correct
MIT,b2c24,365,96.02788475245168,143,94.80470275878906,test,Primary EV use,Primary EV use,2,2,correct
MIT,b2c24,366,96.00607202092527,142,94.5075225830078,test,Primary EV use,Primary EV use,2,2,correct
MIT,b2c24,367,95.95538454573584,141,94.3490753173828,test,Primary EV use,Primary EV use,2,2,correct
MIT,b2c24,368,95.94195269218868,140,94.35900115966795,test,Primary EV use,Primary EV use,2,2,correct
MIT,b2c24,369,95.84092382717282,139,94.35302734375,test,Primary EV use,Primary EV use,2,2,correct
MIT,b2c24,370,95.82292738829769,138,94.64681243896484,test,Primary EV use,Primary EV use,2,2,correct
MIT,b2c24,371,95.81249805911588,137,94.31515502929688,test,Primary EV use,Primary EV use,2,2,correct
MIT,b2c24,372,95.73610673048108,136,94.28114318847656,test,Primary EV use,Primary EV use,2,2,correct
MIT,b2c24,373,95.67568209683584,135,94.42205810546876,test,Primary EV use,Primary EV use,2,2,correct
MIT,b2c24,374,95.62516298749864,134,94.3584442138672,test,Primary EV use,Primary EV use,2,2,correct
MIT,b2c24,375,95.58594309758,133,94.54633331298828,test,Primary EV use,Primary EV use,2,2,correct
MIT,b2c24,376,95.53965184186632,132,94.46906280517578,test,Primary EV use,Primary EV use,2,2,correct
MIT,b2c24,377,95.51291908599042,131,94.28407287597656,test,Primary EV use,Primary EV use,2,2,correct
MIT,b2c24,378,95.460519891303,130,94.21483612060548,test,Primary EV use,Primary EV use,2,2,correct
MIT,b2c24,379,95.39430534307162,129,93.93500518798828,test,Primary EV use,Primary EV use,2,2,correct
MIT,b2c24,380,95.41206794048529,128,94.79246520996094,test,Primary EV use,Primary EV use,2,2,correct
MIT,b2c24,381,95.3362004167242,127,93.74424743652344,test,Primary EV use,Primary EV use,2,2,correct
MIT,b2c24,382,95.2683676855794,126,94.06403350830078,test,Primary EV use,Primary EV use,2,2,correct
MIT,b2c24,383,95.21198383238844,125,94.08690643310548,test,Primary EV use,Primary EV use,2,2,correct
MIT,b2c24,384,95.1531025523889,124,93.63558197021484,test,Primary EV use,Primary EV use,2,2,correct
MIT,b2c24,385,95.09916000405576,123,93.812744140625,test,Primary EV use,Primary EV use,2,2,correct
MIT,b2c24,386,95.0283247485456,122,93.77072143554688,test,Primary EV use,Primary EV use,2,2,correct
MIT,b2c24,387,94.94851933457326,121,93.7700424194336,test,Primary EV use,Primary EV use,2,2,correct
MIT,b2c24,388,94.92651952987764,120,93.90885162353516,test,Primary EV use,Primary EV use,2,2,correct
MIT,b2c24,389,94.89496028623692,119,93.7151870727539,test,Primary EV use,Primary EV use,2,2,correct
MIT,b2c24,390,94.84062488424848,118,93.95589447021484,test,Primary EV use,Primary EV use,2,2,correct
MIT,b2c24,391,94.8142101527602,117,93.6232681274414,test,Primary EV use,Primary EV use,2,2,correct
MIT,b2c24,392,94.73579843389828,116,93.9583511352539,test,Primary EV use,Primary EV use,2,2,correct
MIT,b2c24,393,94.67759997096626,115,94.01805877685548,test,Primary EV use,Primary EV use,2,2,correct
MIT,b2c24,394,94.63839878836453,114,93.82461547851562,test,Primary EV use,Primary EV use,2,2,correct
MIT,b2c24,395,94.57927431324504,113,93.86346435546876,test,Primary EV use,Primary EV use,2,2,correct
MIT,b2c24,396,94.52455541125978,112,93.7095947265625,test,Primary EV use,Primary EV use,2,2,correct
MIT,b2c24,397,94.44495577777354,111,93.7345733642578,test,Primary EV use,Primary EV use,2,2,correct
MIT,b2c24,398,94.3784793271053,110,93.61677551269533,test,Primary EV use,Primary EV use,2,2,correct
MIT,b2c24,399,94.31463125446405,109,93.70476531982422,test,Primary EV use,Primary EV use,2,2,correct
MIT,b2c24,400,94.26120315734612,108,93.7411117553711,test,Primary EV use,Primary EV use,2,2,correct
MIT,b2c24,401,94.20754121876674,107,93.59626007080078,test,Primary EV use,Primary EV use,2,2,correct
MIT,b2c24,402,94.18085523118314,106,93.74118041992188,test,Primary EV use,Primary EV use,2,2,correct
MIT,b2c24,403,94.08818853682963,105,93.61688232421876,test,Primary EV use,Primary EV use,2,2,correct
MIT,b2c24,404,93.97429839143264,104,93.88356018066406,test,Primary EV use,Primary EV use,2,2,correct
MIT,b2c24,405,93.92990592838616,103,93.53756713867188,test,Primary EV use,Primary EV use,2,2,correct
MIT,b2c24,406,93.79949722215052,102,93.52532196044922,test,Primary EV use,Primary EV use,2,2,correct
MIT,b2c24,407,93.77885369793144,101,93.49235534667967,test,Primary EV use,Primary EV use,2,2,correct
MIT,b2c24,408,93.7473692835584,100,93.48311614990234,test,Primary EV use,Primary EV use,2,2,correct
MIT,b2c24,409,93.64757510145914,99,93.38751983642578,test,Primary EV use,Primary EV use,2,2,correct
MIT,b2c24,410,93.57994815080043,98,93.23077392578124,test,Primary EV use,Primary EV use,2,2,correct
MIT,b2c24,411,93.50608230994956,97,93.22481536865234,test,Primary EV use,Primary EV use,2,2,correct
MIT,b2c24,412,93.42330149722142,96,92.9680633544922,test,Primary EV use,Primary EV use,2,2,correct
MIT,b2c24,413,93.34270663447512,95,93.39684295654295,test,Primary EV use,Primary EV use,2,2,correct
MIT,b2c24,414,93.25964708272488,94,93.37008666992188,test,Primary EV use,Primary EV use,2,2,correct
MIT,b2c24,415,93.13799059470934,93,93.04757690429688,test,Primary EV use,Primary EV use,2,2,correct
MIT,b2c24,416,93.13077050574483,92,93.36793518066406,test,Primary EV use,Primary EV use,2,2,correct
MIT,b2c24,417,93.03390682484078,91,92.99592590332033,test,Primary EV use,Primary EV use,2,2,correct
MIT,b2c24,418,92.9808079765006,90,93.15098571777344,test,Primary EV use,Primary EV use,2,2,correct
MIT,b2c24,419,92.90443348445103,89,93.39442443847656,test,Primary EV use,Primary EV use,2,2,correct
MIT,b2c24,420,92.78098670620646,88,93.03579711914062,test,Primary EV use,Primary EV use,2,2,correct
MIT,b2c24,421,92.70665785926188,87,93.00659942626952,test,Primary EV use,Primary EV use,2,2,correct
MIT,b2c24,422,92.57729676277364,86,93.17552947998048,test,Primary EV use,Primary EV use,2,2,correct
MIT,b2c24,423,92.47900010139368,85,93.03131103515624,test,Primary EV use,Primary EV use,2,2,correct
MIT,b2c24,424,92.36379950844656,84,92.56741333007812,test,Primary EV use,Primary EV use,2,2,correct
MIT,b2c24,425,92.28495471519794,83,92.6854248046875,test,Primary EV use,Primary EV use,2,2,correct
MIT,b2c24,426,92.2240511742396,82,92.60704803466795,test,Primary EV use,Primary EV use,2,2,correct
MIT,b2c24,427,92.13314109694468,81,92.3217315673828,test,Primary EV use,Primary EV use,2,2,correct
MIT,b2c24,428,92.03448244898236,80,92.5096435546875,test,Primary EV use,Primary EV use,2,2,correct
MIT,b2c24,429,91.91389601949452,79,92.10018920898438,test,Primary EV use,Primary EV use,2,2,correct
MIT,b2c24,430,91.7960417936426,78,92.38248443603516,test,Primary EV use,Primary EV use,2,2,correct
MIT,b2c24,431,91.68477160797994,77,91.99213409423828,test,Primary EV use,Primary EV use,2,2,correct
MIT,b2c24,432,91.59388397946536,76,91.62605285644533,test,Primary EV use,Primary EV use,2,2,correct
MIT,b2c24,433,91.51768814229236,75,92.11238098144533,test,Primary EV use,Primary EV use,2,2,correct
MIT,b2c24,434,91.3590725436077,74,91.60921478271484,test,Primary EV use,Primary EV use,2,2,correct
MIT,b2c24,435,91.24854410306084,73,91.68622589111328,test,Primary EV use,Primary EV use,2,2,correct
MIT,b2c24,436,91.07848336788577,72,91.93645477294922,test,Primary EV use,Primary EV use,2,2,correct
MIT,b2c24,437,90.99457637467911,71,91.4703140258789,test,Primary EV use,Primary EV use,2,2,correct
MIT,b2c24,438,90.90749194369396,70,91.68437957763672,test,Primary EV use,Primary EV use,2,2,correct
MIT,b2c24,439,90.81060581400962,69,91.73271942138672,test,Primary EV use,Primary EV use,2,2,correct
MIT,b2c24,440,90.66425099083304,68,91.19266510009766,test,Primary EV use,Primary EV use,2,2,correct
MIT,b2c24,441,90.53689064188922,67,91.41981506347656,test,Primary EV use,Primary EV use,2,2,correct
MIT,b2c24,442,90.44901956822764,66,91.27677917480467,test,Primary EV use,Primary EV use,2,2,correct
MIT,b2c24,443,90.27920389890416,65,91.29802703857422,test,Primary EV use,Primary EV use,2,2,correct
MIT,b2c24,444,90.13089229037796,64,90.6452407836914,test,Primary EV use,Primary EV use,2,2,correct
MIT,b2c24,445,89.9612216027606,63,90.9979019165039,test,Primary EV use,Primary EV use,2,2,correct
MIT,b2c24,446,89.80077829921306,62,90.46812438964844,test,Primary EV use,Primary EV use,2,2,correct
MIT,b2c24,447,89.66297552596558,61,91.02042388916016,test,Primary EV use,Primary EV use,2,2,correct
MIT,b2c24,448,89.56760001212236,60,89.98680114746094,test,Primary EV use,Primary EV use,2,2,correct
MIT,b2c24,449,89.40657116955528,59,90.71347045898438,test,Primary EV use,Primary EV use,2,2,correct
MIT,b2c24,450,89.27518032918144,58,89.7876205444336,test,Primary EV use,Primary EV use,2,2,correct
MIT,b2c24,451,89.06932688454705,57,90.25676727294922,test,Primary EV use,Primary EV use,2,2,correct
MIT,b2c24,452,88.94921375017726,56,89.63006591796875,test,Primary EV use,Primary EV use,2,2,correct
MIT,b2c24,453,88.7977303160676,55,89.19105529785156,test,Primary EV use,Primary EV use,2,2,correct
MIT,b2c24,454,88.64036436615308,54,89.02854919433594,test,Primary EV use,Primary EV use,2,2,correct
MIT,b2c24,455,88.48867328082565,53,88.98184967041016,test,Primary EV use,Primary EV use,2,2,correct
MIT,b2c24,456,88.33083964798817,52,88.88011169433594,test,Primary EV use,Primary EV use,2,2,correct
MIT,b2c24,457,88.15503576651922,51,88.63676452636719,test,Primary EV use,Primary EV use,2,2,correct
MIT,b2c24,458,88.00761649701,50,88.63562774658203,test,Primary EV use,Primary EV use,2,2,correct
MIT,b2c24,459,87.88743133947008,49,87.90584564208984,test,Primary EV use,Primary EV use,2,2,correct
MIT,b2c24,460,87.69065374963849,48,88.26377868652344,test,Primary EV use,Primary EV use,2,2,correct
MIT,b2c24,461,87.5629706994778,47,88.31008911132812,test,Primary EV use,Primary EV use,2,2,correct
MIT,b2c24,462,87.39293708991222,46,87.8777847290039,test,Primary EV use,Primary EV use,2,2,correct
MIT,b2c24,463,87.2588093690733,45,87.7434310913086,test,Primary EV use,Primary EV use,2,2,correct
MIT,b2c24,464,87.10847924105164,44,87.84005737304688,test,Primary EV use,Primary EV use,2,2,correct
MIT,b2c24,465,86.91525323533692,43,87.82494354248047,test,Primary EV use,Primary EV use,2,2,correct
MIT,b2c24,466,86.76138274758853,42,87.53352355957031,test,Primary EV use,Primary EV use,2,2,correct
MIT,b2c24,467,86.6062803830211,41,87.64570617675781,test,Primary EV use,Primary EV use,2,2,correct
MIT,b2c24,468,86.45419363794085,40,87.15872192382812,test,Primary EV use,Primary EV use,2,2,correct
MIT,b2c24,469,86.2901763014961,39,87.31464385986328,test,Primary EV use,Primary EV use,2,2,correct
MIT,b2c24,470,86.09131471655984,38,88.30474090576172,test,Primary EV use,Primary EV use,2,2,correct
MIT,b2c24,471,85.94428455924252,37,87.9808349609375,test,Primary EV use,Primary EV use,2,2,correct
MIT,b2c24,472,85.76098278515283,36,87.87602233886719,test,Primary EV use,Primary EV use,2,2,correct
MIT,b2c24,473,85.61279370955245,35,87.67194366455078,test,Primary EV use,Primary EV use,2,2,correct
MIT,b2c24,474,85.46546891199367,34,87.67637634277344,test,Primary EV use,Primary EV use,2,2,correct
MIT,b2c24,475,85.29620510851927,33,87.5472640991211,test,Primary EV use,Primary EV use,2,2,correct
MIT,b2c24,476,85.14389013417262,32,87.09940338134766,test,Primary EV use,Primary EV use,2,2,correct
MIT,b2c24,477,84.9904938769081,31,87.4773178100586,test,Primary EV use,Primary EV use,2,2,correct
MIT,b2c24,478,84.78086529571965,30,86.93641662597656,test,Primary EV use,Primary EV use,2,2,correct
MIT,b2c24,479,84.64615203586118,29,87.46214294433594,test,Primary EV use,Primary EV use,2,2,correct
MIT,b2c24,480,84.51413637110228,28,87.35615539550781,test,Primary EV use,Primary EV use,2,2,correct
MIT,b2c24,481,84.30250704236946,27,85.0140609741211,test,Primary EV use,Primary EV use,2,2,correct
MIT,b2c24,482,84.14200200467609,26,84.85726165771484,test,Primary EV use,Primary EV use,2,2,correct
MIT,b2c24,483,83.98787522668592,25,84.74715423583984,test,Primary EV use,Primary EV use,2,2,correct
MIT,b2c24,484,83.83577164502043,24,84.49201202392578,test,Primary EV use,Primary EV use,2,2,correct
MIT,b2c24,485,83.6425129015011,23,84.40245819091797,test,Primary EV use,Primary EV use,2,2,correct
MIT,b2c24,486,83.5078436038374,22,84.43698120117188,test,Primary EV use,Primary EV use,2,2,correct
MIT,b2c24,487,83.36804475987476,21,84.07909393310547,test,Primary EV use,Primary EV use,2,2,correct
MIT,b2c24,488,83.2269027305574,20,83.53675079345703,test,Primary EV use,Primary EV use,2,2,correct
MIT,b2c24,489,83.08486275002797,19,83.55327606201172,test,Primary EV use,Primary EV use,2,2,correct
MIT,b2c24,490,82.89252347113518,18,82.88607788085938,test,Primary EV use,Primary EV use,2,2,correct
MIT,b2c24,491,82.71287897750295,17,83.1280288696289,test,Primary EV use,Primary EV use,2,2,correct
MIT,b2c24,492,82.59205309435859,16,82.51557159423828,test,Primary EV use,Primary EV use,2,2,correct
MIT,b2c24,493,82.44555328947591,15,82.40906524658203,test,Primary EV use,Primary EV use,2,2,correct
MIT,b2c24,494,82.2976654016779,14,82.5477294921875,test,Primary EV use,Primary EV use,2,2,correct
MIT,b2c24,495,82.20319812807104,13,82.10009765625,test,Primary EV use,Primary EV use,2,2,correct
MIT,b2c24,496,82.01549265157884,12,82.2699966430664,test,Primary EV use,Primary EV use,2,2,correct
MIT,b2c24,497,81.81487351421812,11,82.50005340576172,test,Primary EV use,Primary EV use,2,2,correct
MIT,b2c24,498,81.63503914131918,10,81.27912139892578,test,Primary EV use,Primary EV use,2,2,correct
MIT,b2c24,499,81.48546198280349,9,80.8724365234375,test,Primary EV use,Primary EV use,2,2,correct
MIT,b2c24,500,81.31198342082746,8,81.80281066894531,test,Primary EV use,Primary EV use,2,2,correct
MIT,b2c24,501,81.1569764635763,7,81.17942810058594,test,Primary EV use,Primary EV use,2,2,correct
MIT,b2c24,502,80.99856758074358,6,80.61705017089844,test,Primary EV use,Primary EV use,2,2,correct
MIT,b2c24,503,80.82937673580517,5,81.10946655273438,test,Primary EV use,Primary EV use,2,2,correct
MIT,b2c24,504,80.61996609485882,4,81.03709411621094,test,Primary EV use,Primary EV use,2,2,correct
MIT,b2c24,505,80.47503209240217,3,79.89453887939453,test,Primary EV use,Second-life candidate,2,1,conservative (predicted too pessimistic)
MIT,b2c24,506,80.28327274033384,2,79.93196868896484,test,Primary EV use,Second-life candidate,2,1,conservative (predicted too pessimistic)
MIT,b2c24,507,80.11646240147324,1,80.54805755615234,test,Primary EV use,Primary EV use,2,2,correct
MIT,b2c24,508,79.9592021478993,0,79.86128234863281,test,Second-life candidate,Second-life candidate,1,1,correct
MIT,b2c24,509,79.78092890059717,0,79.59391784667969,test,Second-life candidate,Second-life candidate,1,1,correct
MIT,b2c24,510,79.58303729004311,0,79.93467712402344,test,Second-life candidate,Second-life candidate,1,1,correct
MIT,b2c24,511,79.39408216478078,0,78.05570983886719,test,Second-life candidate,Second-life candidate,1,1,correct
MIT,b2c24,512,79.26931371459594,0,77.99500274658203,test,Second-life candidate,Second-life candidate,1,1,correct
MIT,b2c24,513,79.08076640884244,0,78.38957977294922,test,Second-life candidate,Second-life candidate,1,1,correct
MIT,b2c24,514,78.9160297760622,0,78.00875091552734,test,Second-life candidate,Second-life candidate,1,1,correct
MIT,b2c24,515,78.70757227291281,0,78.2818374633789,test,Second-life candidate,Second-life candidate,1,1,correct
MIT,b2c24,516,78.54858907545072,0,78.37621307373047,test,Second-life candidate,Second-life candidate,1,1,correct
MIT,b2c24,517,78.37535651469217,0,78.30687713623047,test,Second-life candidate,Second-life candidate,1,1,correct
MIT,b2c24,518,78.16656976276502,0,77.94367980957031,test,Second-life candidate,Second-life candidate,1,1,correct
MIT,b2c24,519,78.02203235542706,0,76.84325408935547,test,Second-life candidate,Second-life candidate,1,1,correct
MIT,b2c24,520,77.83977351425554,0,76.78681945800781,test,Second-life candidate,Second-life candidate,1,1,correct
MIT,b2c24,521,77.641635902484,0,76.86725616455078,test,Second-life candidate,Second-life candidate,1,1,correct
MIT,b2c24,522,77.46450006005048,0,77.14836883544922,test,Second-life candidate,Second-life candidate,1,1,correct
MIT,b2c24,523,77.28023392377368,0,76.93589782714844,test,Second-life candidate,Second-life candidate,1,1,correct
MIT,b3c0,1,99.9223240916351,1007,100.18108367919922,test,Primary EV use,Primary EV use,2,2,correct
MIT,b3c0,2,100.0,1006,100.18765258789062,test,Primary EV use,Primary EV use,2,2,correct
MIT,b3c0,3,100.03964298287843,1005,100.26725006103516,test,Primary EV use,Primary EV use,2,2,correct
MIT,b3c0,4,100.07570077982008,1004,100.26559448242188,test,Primary EV use,Primary EV use,2,2,correct
MIT,b3c0,5,100.10578638713324,1003,100.30225372314452,test,Primary EV use,Primary EV use,2,2,correct
MIT,b3c0,6,100.13531970731776,1002,100.32815551757812,test,Primary EV use,Primary EV use,2,2,correct
MIT,b3c0,7,100.15935823861216,1001,100.32391357421876,test,Primary EV use,Primary EV use,2,2,correct
MIT,b3c0,8,100.18272279239366,1000,100.30187225341795,test,Primary EV use,Primary EV use,2,2,correct
MIT,b3c0,9,100.19977816779029,999,100.31452178955078,test,Primary EV use,Primary EV use,2,2,correct
MIT,b3c0,10,100.20195923390848,998,100.33606719970705,test,Primary EV use,Primary EV use,2,2,correct
MIT,b3c0,11,100.2159536281005,997,100.31597900390624,test,Primary EV use,Primary EV use,2,2,correct
MIT,b3c0,12,100.2134823772198,996,100.34578704833984,test,Primary EV use,Primary EV use,2,2,correct
MIT,b3c0,13,100.20582524380902,995,100.32655334472656,test,Primary EV use,Primary EV use,2,2,correct
MIT,b3c0,14,100.21728286152876,994,100.3423843383789,test,Primary EV use,Primary EV use,2,2,correct
MIT,b3c0,15,100.22091485145955,993,100.36150360107422,test,Primary EV use,Primary EV use,2,2,correct
MIT,b3c0,16,100.23504029683464,992,100.36409759521484,test,Primary EV use,Primary EV use,2,2,correct
MIT,b3c0,17,100.24336204695956,991,100.314453125,test,Primary EV use,Primary EV use,2,2,correct
MIT,b3c0,18,100.23207292361803,990,100.32596588134766,test,Primary EV use,Primary EV use,2,2,correct
MIT,b3c0,19,100.23823232922228,989,100.30641174316406,test,Primary EV use,Primary EV use,2,2,correct
MIT,b3c0,20,100.24456959000354,988,100.31309509277344,test,Primary EV use,Primary EV use,2,2,correct
MIT,b3c0,21,100.25050433643683,987,100.36408233642578,test,Primary EV use,Primary EV use,2,2,correct
MIT,b3c0,22,100.2376051557033,986,100.35932159423828,test,Primary EV use,Primary EV use,2,2,correct
MIT,b3c0,23,100.22849709848,985,100.32286834716795,test,Primary EV use,Primary EV use,2,2,correct
MIT,b3c0,24,100.24316547018498,984,100.32764434814452,test,Primary EV use,Primary EV use,2,2,correct
MIT,b3c0,25,100.23077177258612,983,100.32958221435548,test,Primary EV use,Primary EV use,2,2,correct
MIT,b3c0,26,100.24827646632464,982,100.31428527832033,test,Primary EV use,Primary EV use,2,2,correct
MIT,b3c0,27,100.26768140221768,981,100.32952880859376,test,Primary EV use,Primary EV use,2,2,correct
MIT,b3c0,28,100.28890233307612,980,100.33123779296876,test,Primary EV use,Primary EV use,2,2,correct
MIT,b3c0,29,100.27971002866369,979,100.3402862548828,test,Primary EV use,Primary EV use,2,2,correct
MIT,b3c0,30,100.27048028105612,978,100.30960845947266,test,Primary EV use,Primary EV use,2,2,correct
MIT,b3c0,31,100.2789049999677,977,100.34336853027344,test,Primary EV use,Primary EV use,2,2,correct
MIT,b3c0,32,100.27797828088742,976,100.32682800292967,test,Primary EV use,Primary EV use,2,2,correct
MIT,b3c0,33,100.26581860325835,975,100.32903289794922,test,Primary EV use,Primary EV use,2,2,correct
MIT,b3c0,34,100.26803711257172,974,100.34186553955078,test,Primary EV use,Primary EV use,2,2,correct
MIT,b3c0,35,100.26353456835344,973,100.30679321289062,test,Primary EV use,Primary EV use,2,2,correct
MIT,b3c0,36,100.26200875815056,972,100.33855438232422,test,Primary EV use,Primary EV use,2,2,correct
MIT,b3c0,37,100.25600848612576,971,100.3081512451172,test,Primary EV use,Primary EV use,2,2,correct
MIT,b3c0,38,100.2501486260828,970,100.3381576538086,test,Primary EV use,Primary EV use,2,2,correct
MIT,b3c0,39,100.25980897043472,969,100.32356262207033,test,Primary EV use,Primary EV use,2,2,correct
MIT,b3c0,40,100.25439842873374,968,100.34493255615234,test,Primary EV use,Primary EV use,2,2,correct
MIT,b3c0,41,100.25055114043076,967,100.36243438720705,test,Primary EV use,Primary EV use,2,2,correct
MIT,b3c0,42,100.24551503068142,966,100.35521697998048,test,Primary EV use,Primary EV use,2,2,correct
MIT,b3c0,43,100.24044147773688,965,100.3432388305664,test,Primary EV use,Primary EV use,2,2,correct
MIT,b3c0,44,100.21768537587678,964,100.3262176513672,test,Primary EV use,Primary EV use,2,2,correct
MIT,b3c0,45,100.2347033080782,963,100.3238754272461,test,Primary EV use,Primary EV use,2,2,correct
MIT,b3c0,46,100.2319044292398,962,100.34072875976562,test,Primary EV use,Primary EV use,2,2,correct
MIT,b3c0,47,100.22546419967182,961,100.36113739013672,test,Primary EV use,Primary EV use,2,2,correct
MIT,b3c0,48,100.24456022920478,960,100.3200454711914,test,Primary EV use,Primary EV use,2,2,correct
MIT,b3c0,49,100.25039200685136,959,100.326171875,test,Primary EV use,Primary EV use,2,2,correct
MIT,b3c0,50,100.24320291338012,958,100.33431243896484,test,Primary EV use,Primary EV use,2,2,correct
MIT,b3c0,51,100.24295953261158,957,100.34867095947266,test,Primary EV use,Primary EV use,2,2,correct
MIT,b3c0,52,100.23545217198146,956,100.32039642333984,test,Primary EV use,Primary EV use,2,2,correct
MIT,b3c0,53,100.23395444417496,955,100.30740356445312,test,Primary EV use,Primary EV use,2,2,correct
MIT,b3c0,54,100.21977283400707,954,100.33657836914062,test,Primary EV use,Primary EV use,2,2,correct
MIT,b3c0,55,100.23469394727942,953,100.3393096923828,test,Primary EV use,Primary EV use,2,2,correct
MIT,b3c0,56,100.22143905619184,952,100.3377914428711,test,Primary EV use,Primary EV use,2,2,correct
MIT,b3c0,57,100.22419113103628,951,100.32623291015624,test,Primary EV use,Primary EV use,2,2,correct
MIT,b3c0,58,100.21389425236656,950,100.33822631835938,test,Primary EV use,Primary EV use,2,2,correct
MIT,b3c0,59,100.22536123088511,949,100.34012603759766,test,Primary EV use,Primary EV use,2,2,correct
MIT,b3c0,60,100.21456822987948,948,100.28628540039062,test,Primary EV use,Primary EV use,2,2,correct
MIT,b3c0,61,100.19745668969018,947,100.33729553222656,test,Primary EV use,Primary EV use,2,2,correct
MIT,b3c0,62,100.2077442075611,946,100.34608459472656,test,Primary EV use,Primary EV use,2,2,correct
MIT,b3c0,63,100.2123590813649,945,100.2829132080078,test,Primary EV use,Primary EV use,2,2,correct
MIT,b3c0,64,100.20993463447812,944,100.32757568359376,test,Primary EV use,Primary EV use,2,2,correct
MIT,b3c0,65,100.20839010267764,943,100.33547973632812,test,Primary EV use,Primary EV use,2,2,correct
MIT,b3c0,66,100.19289798067912,942,100.29408264160156,test,Primary EV use,Primary EV use,2,2,correct
MIT,b3c0,67,100.18730958380108,941,100.3325424194336,test,Primary EV use,Primary EV use,2,2,correct
MIT,b3c0,68,100.19928204545435,940,100.33404541015624,test,Primary EV use,Primary EV use,2,2,correct
MIT,b3c0,69,100.17870700971248,939,100.32649230957033,test,Primary EV use,Primary EV use,2,2,correct
MIT,b3c0,70,100.16903730456173,938,100.29232025146484,test,Primary EV use,Primary EV use,2,2,correct
MIT,b3c0,71,100.1701606004166,937,100.31707000732422,test,Primary EV use,Primary EV use,2,2,correct
MIT,b3c0,72,100.16759574154796,936,100.32884979248048,test,Primary EV use,Primary EV use,2,2,correct
MIT,b3c0,73,100.16553636581402,935,100.33087158203124,test,Primary EV use,Primary EV use,2,2,correct
MIT,b3c0,74,100.16558316980796,934,100.32077026367188,test,Primary EV use,Primary EV use,2,2,correct
MIT,b3c0,75,100.15681210134112,933,100.32708740234376,test,Primary EV use,Primary EV use,2,2,correct
MIT,b3c0,76,100.1834061307054,932,100.3048858642578,test,Primary EV use,Primary EV use,2,2,correct
MIT,b3c0,77,100.16599504495476,931,100.33219146728516,test,Primary EV use,Primary EV use,2,2,correct
MIT,b3c0,78,100.1519351251712,930,100.29963684082033,test,Primary EV use,Primary EV use,2,2,correct
MIT,b3c0,79,100.15696187412178,929,100.3381118774414,test,Primary EV use,Primary EV use,2,2,correct
MIT,b3c0,80,100.1686535118113,928,100.2854995727539,test,Primary EV use,Primary EV use,2,2,correct
MIT,b3c0,81,100.17479419581798,927,100.34025573730467,test,Primary EV use,Primary EV use,2,2,correct
MIT,b3c0,82,100.16895305737262,926,100.3179168701172,test,Primary EV use,Primary EV use,2,2,correct
MIT,b3c0,83,100.16253154940222,925,100.3194580078125,test,Primary EV use,Primary EV use,2,2,correct
MIT,b3c0,84,100.1632523309091,924,100.28597259521484,test,Primary EV use,Primary EV use,2,2,correct
MIT,b3c0,85,100.16382333963534,923,100.30663299560548,test,Primary EV use,Primary EV use,2,2,correct
MIT,b3c0,86,100.16491855309384,922,100.32512664794922,test,Primary EV use,Primary EV use,2,2,correct
MIT,b3c0,87,100.175777079691,921,100.31970977783205,test,Primary EV use,Primary EV use,2,2,correct
MIT,b3c0,88,100.17441040306755,920,100.27554321289062,test,Primary EV use,Primary EV use,2,2,correct
MIT,b3c0,89,100.1617546031026,919,100.2704620361328,test,Primary EV use,Primary EV use,2,2,correct
MIT,b3c0,90,100.14105787697645,918,100.2741928100586,test,Primary EV use,Primary EV use,2,2,correct
MIT,b3c0,91,100.14461498051688,917,100.2722625732422,test,Primary EV use,Primary EV use,2,2,correct
MIT,b3c0,92,100.1357971080561,916,100.2953643798828,test,Primary EV use,Primary EV use,2,2,correct
MIT,b3c0,93,100.12484497347104,915,100.24502563476562,test,Primary EV use,Primary EV use,2,2,correct
MIT,b3c0,94,100.1205577276249,914,100.27667999267578,test,Primary EV use,Primary EV use,2,2,correct
MIT,b3c0,95,100.10910947070391,913,100.28865051269533,test,Primary EV use,Primary EV use,2,2,correct
MIT,b3c0,96,100.11110332084634,912,100.25345611572266,test,Primary EV use,Primary EV use,2,2,correct
MIT,b3c0,97,100.11590541062594,911,100.31349182128906,test,Primary EV use,Primary EV use,2,2,correct
MIT,b3c0,98,100.11461362039282,910,100.2449722290039,test,Primary EV use,Primary EV use,2,2,correct
MIT,b3c0,99,100.10947454185674,909,100.27799987792967,test,Primary EV use,Primary EV use,2,2,correct
MIT,b3c0,100,100.11125309362698,908,100.29930877685548,test,Primary EV use,Primary EV use,2,2,correct
MIT,b3c0,101,100.11133734081608,907,100.26265716552734,test,Primary EV use,Primary EV use,2,2,correct
MIT,b3c0,102,100.11098163046206,906,100.31436920166016,test,Primary EV use,Primary EV use,2,2,correct
MIT,b3c0,103,100.09932743596768,905,100.2900619506836,test,Primary EV use,Primary EV use,2,2,correct
MIT,b3c0,104,100.09665960831234,904,100.22218322753906,test,Primary EV use,Primary EV use,2,2,correct
MIT,b3c0,105,100.09313994796705,903,100.22142791748048,test,Primary EV use,Primary EV use,2,2,correct
MIT,b3c0,106,100.09877514883902,902,100.26739501953124,test,Primary EV use,Primary EV use,2,2,correct
MIT,b3c0,107,100.0906874186839,901,100.27237701416016,test,Primary EV use,Primary EV use,2,2,correct
MIT,b3c0,108,100.08390083956068,900,100.201904296875,test,Primary EV use,Primary EV use,2,2,correct
MIT,b3c0,109,100.08250608054084,899,100.24169921875,test,Primary EV use,Primary EV use,2,2,correct
MIT,b3c0,110,100.10365212500896,898,100.25232696533205,test,Primary EV use,Primary EV use,2,2,correct
MIT,b3c0,111,100.10274412752626,897,100.2655792236328,test,Primary EV use,Primary EV use,2,2,correct
MIT,b3c0,112,100.0942913262183,896,100.21986389160156,test,Primary EV use,Primary EV use,2,2,correct
MIT,b3c0,113,100.09022873954316,895,100.18598175048828,test,Primary EV use,Primary EV use,2,2,correct
MIT,b3c0,114,100.10490647204692,894,100.24597930908205,test,Primary EV use,Primary EV use,2,2,correct
MIT,b3c0,115,100.096004352397,893,100.19677734375,test,Primary EV use,Primary EV use,2,2,correct
MIT,b3c0,116,100.10474733846746,892,100.25084686279295,test,Primary EV use,Primary EV use,2,2,correct
MIT,b3c0,117,100.1046256480832,891,100.27144622802734,test,Primary EV use,Primary EV use,2,2,correct
MIT,b3c0,118,100.10044137102376,890,100.24396514892578,test,Primary EV use,Primary EV use,2,2,correct
MIT,b3c0,119,100.10388614497872,889,100.25482177734376,test,Primary EV use,Primary EV use,2,2,correct
MIT,b3c0,120,100.09673449470267,888,100.19747161865234,test,Primary EV use,Primary EV use,2,2,correct
MIT,b3c0,121,100.08409741633528,887,100.27491760253906,test,Primary EV use,Primary EV use,2,2,correct
MIT,b3c0,122,100.08231886456504,886,100.22573852539062,test,Primary EV use,Primary EV use,2,2,correct
MIT,b3c0,123,100.07467109195308,885,100.26277160644533,test,Primary EV use,Primary EV use,2,2,correct
MIT,b3c0,124,100.07709553883986,884,100.21345520019533,test,Primary EV use,Primary EV use,2,2,correct
MIT,b3c0,125,100.07324825053688,883,100.22763061523438,test,Primary EV use,Primary EV use,2,2,correct
MIT,b3c0,126,100.06440229567971,882,100.23897552490234,test,Primary EV use,Primary EV use,2,2,correct
MIT,b3c0,127,100.05897303238112,881,100.22857666015624,test,Primary EV use,Primary EV use,2,2,correct
MIT,b3c0,128,100.05043598388409,880,100.2688980102539,test,Primary EV use,Primary EV use,2,2,correct
MIT,b3c0,129,100.04223592414344,879,100.2343521118164,test,Primary EV use,Primary EV use,2,2,correct
MIT,b3c0,130,100.05300084275272,878,100.21696472167967,test,Primary EV use,Primary EV use,2,2,correct
MIT,b3c0,131,100.0408973299164,877,100.23036193847656,test,Primary EV use,Primary EV use,2,2,correct
MIT,b3c0,132,100.04020463080587,876,100.19142150878906,test,Primary EV use,Primary EV use,2,2,correct
MIT,b3c0,133,100.03142420154025,875,100.21276092529295,test,Primary EV use,Primary EV use,2,2,correct
MIT,b3c0,134,100.03395161721372,874,100.23208618164062,test,Primary EV use,Primary EV use,2,2,correct
MIT,b3c0,135,100.0300575249168,873,100.20368194580078,test,Primary EV use,Primary EV use,2,2,correct
MIT,b3c0,136,100.0283632203357,872,100.21421813964844,test,Primary EV use,Primary EV use,2,2,correct
MIT,b3c0,137,100.01406928058232,871,100.25957489013672,test,Primary EV use,Primary EV use,2,2,correct
MIT,b3c0,138,100.01396631179564,870,100.20762634277344,test,Primary EV use,Primary EV use,2,2,correct
MIT,b3c0,139,100.00412811226668,869,100.24932098388672,test,Primary EV use,Primary EV use,2,2,correct
MIT,b3c0,140,99.9911634059416,868,100.27937316894533,test,Primary EV use,Primary EV use,2,2,correct
MIT,b3c0,141,99.99996255680485,867,100.2161865234375,test,Primary EV use,Primary EV use,2,2,correct
MIT,b3c0,142,99.9990920025173,866,100.22673034667967,test,Primary EV use,Primary EV use,2,2,correct
MIT,b3c0,143,100.00427788504732,865,100.20575714111328,test,Primary EV use,Primary EV use,2,2,correct
MIT,b3c0,144,100.01570742037072,864,100.25988006591795,test,Primary EV use,Primary EV use,2,2,correct
MIT,b3c0,145,100.0209307460959,863,100.2172622680664,test,Primary EV use,Primary EV use,2,2,correct
MIT,b3c0,146,100.00450254421828,862,100.21945190429688,test,Primary EV use,Primary EV use,2,2,correct
MIT,b3c0,147,100.00743247423978,861,100.25357818603516,test,Primary EV use,Primary EV use,2,2,correct
MIT,b3c0,148,100.02214764993867,860,100.18907928466795,test,Primary EV use,Primary EV use,2,2,correct
MIT,b3c0,149,100.0214549508282,859,100.20913696289062,test,Primary EV use,Primary EV use,2,2,correct
MIT,b3c0,150,100.01780423929982,858,100.20537567138672,test,Primary EV use,Primary EV use,2,2,correct
MIT,b3c0,151,100.01049345544432,857,100.2303695678711,test,Primary EV use,Primary EV use,2,2,correct
MIT,b3c0,152,100.0007863070984,856,100.19278717041016,test,Primary EV use,Primary EV use,2,2,correct
MIT,b3c0,153,99.9967986068136,855,100.23957824707033,test,Primary EV use,Primary EV use,2,2,correct
MIT,b3c0,154,99.99764107870476,854,100.21370697021484,test,Primary EV use,Primary EV use,2,2,correct
MIT,b3c0,155,99.9932789464683,853,100.21829223632812,test,Primary EV use,Primary EV use,2,2,correct
MIT,b3c0,156,100.000982883873,852,100.2502212524414,test,Primary EV use,Primary EV use,2,2,correct
MIT,b3c0,157,99.99769724349748,851,100.25807189941406,test,Primary EV use,Primary EV use,2,2,correct
MIT,b3c0,158,99.98330033495746,850,100.22245025634766,test,Primary EV use,Primary EV use,2,2,correct
MIT,b3c0,159,99.98629579057048,849,100.22506713867188,test,Primary EV use,Primary EV use,2,2,correct
MIT,b3c0,160,99.96939954875332,848,100.1873779296875,test,Primary EV use,Primary EV use,2,2,correct
MIT,b3c0,161,99.95393550915117,847,100.20394897460938,test,Primary EV use,Primary EV use,2,2,correct
MIT,b3c0,162,99.95013502484214,846,100.18051147460938,test,Primary EV use,Primary EV use,2,2,correct
MIT,b3c0,163,99.94413475281732,845,100.17619323730467,test,Primary EV use,Primary EV use,2,2,correct
MIT,b3c0,164,99.94130779158256,844,100.22408294677734,test,Primary EV use,Primary EV use,2,2,correct
MIT,b3c0,165,99.93391276053794,843,100.13855743408205,test,Primary EV use,Primary EV use,2,2,correct
MIT,b3c0,166,99.93761027606024,842,100.16024017333984,test,Primary EV use,Primary EV use,2,2,correct
MIT,b3c0,167,99.93336983420808,841,100.1720199584961,test,Primary EV use,Primary EV use,2,2,correct
MIT,b3c0,168,99.9223989780254,840,100.20825958251952,test,Primary EV use,Primary EV use,2,2,correct
MIT,b3c0,169,99.91295393204564,839,100.15962982177734,test,Primary EV use,Primary EV use,2,2,correct
MIT,b3c0,170,99.90516574745185,838,100.2117156982422,test,Primary EV use,Primary EV use,2,2,correct
MIT,b3c0,171,99.91997453113864,837,100.21965026855467,test,Primary EV use,Primary EV use,2,2,correct
MIT,b3c0,172,99.9241120042041,836,100.20188903808594,test,Primary EV use,Primary EV use,2,2,correct
MIT,b3c0,173,99.9232414499166,835,100.12774658203124,test,Primary EV use,Primary EV use,2,2,correct
MIT,b3c0,174,99.91044523796975,834,100.15072631835938,test,Primary EV use,Primary EV use,2,2,correct
MIT,b3c0,175,99.90940618930398,833,100.20651245117188,test,Primary EV use,Primary EV use,2,2,correct
MIT,b3c0,176,99.90083169761174,832,100.2126693725586,test,Primary EV use,Primary EV use,2,2,correct
MIT,b3c0,177,99.90327486609613,831,100.16089630126952,test,Primary EV use,Primary EV use,2,2,correct
MIT,b3c0,178,99.89162067160171,830,100.14318084716795,test,Primary EV use,Primary EV use,2,2,correct
MIT,b3c0,179,99.88896220474518,829,100.1690673828125,test,Primary EV use,Primary EV use,2,2,correct
MIT,b3c0,180,99.88018177547954,828,100.06548309326172,test,Primary EV use,Primary EV use,2,2,correct
MIT,b3c0,181,99.88962682145932,827,100.1309051513672,test,Primary EV use,Primary EV use,2,2,correct
MIT,b3c0,182,99.88212882162802,826,100.12903594970705,test,Primary EV use,Primary EV use,2,2,correct
MIT,b3c0,183,99.87696166069556,825,100.12055206298828,test,Primary EV use,Primary EV use,2,2,correct
MIT,b3c0,184,99.86614993809236,824,100.1948699951172,test,Primary EV use,Primary EV use,2,2,correct
MIT,b3c0,185,99.87144815020788,823,100.1288070678711,test,Primary EV use,Primary EV use,2,2,correct
MIT,b3c0,186,99.86291110171078,822,100.10887908935548,test,Primary EV use,Primary EV use,2,2,correct
MIT,b3c0,187,99.86160058988008,821,100.14717864990234,test,Primary EV use,Primary EV use,2,2,correct
MIT,b3c0,188,99.87126093423204,820,100.15901947021484,test,Primary EV use,Primary EV use,2,2,correct
MIT,b3c0,189,99.84673564140051,819,100.16936492919922,test,Primary EV use,Primary EV use,2,2,correct
MIT,b3c0,190,99.8336305230936,818,100.15282440185548,test,Primary EV use,Primary EV use,2,2,correct
MIT,b3c0,191,99.83947166153897,817,100.18576049804688,test,Primary EV use,Primary EV use,2,2,correct
MIT,b3c0,192,99.84318789865888,816,100.17450714111328,test,Primary EV use,Primary EV use,2,2,correct
MIT,b3c0,193,99.84099747174184,815,100.1196060180664,test,Primary EV use,Primary EV use,2,2,correct
MIT,b3c0,194,99.82927775165594,814,100.16011810302734,test,Primary EV use,Primary EV use,2,2,correct
MIT,b3c0,195,99.816172633349,813,100.1310043334961,test,Primary EV use,Primary EV use,2,2,correct
MIT,b3c0,196,99.81190410910048,812,100.07960510253906,test,Primary EV use,Primary EV use,2,2,correct
MIT,b3c0,197,99.80504264358692,811,100.11019897460938,test,Primary EV use,Primary EV use,2,2,correct
MIT,b3c0,198,99.80373213175623,810,100.08642578125,test,Primary EV use,Primary EV use,2,2,correct
MIT,b3c0,199,99.79599075115637,809,100.08079528808594,test,Primary EV use,Primary EV use,2,2,correct
MIT,b3c0,200,99.78246439690383,808,100.11868286132812,test,Primary EV use,Primary EV use,2,2,correct
MIT,b3c0,201,99.7711752735623,807,100.1346664428711,test,Primary EV use,Primary EV use,2,2,correct
MIT,b3c0,202,99.7701830288905,806,100.15895080566406,test,Primary EV use,Primary EV use,2,2,correct
MIT,b3c0,203,99.7733844220769,805,100.13995361328124,test,Primary EV use,Primary EV use,2,2,correct
MIT,b3c0,204,99.7738805444128,804,100.15213012695312,test,Primary EV use,Primary EV use,2,2,correct
MIT,b3c0,205,99.77025791528082,803,100.16300964355467,test,Primary EV use,Primary EV use,2,2,correct
MIT,b3c0,206,99.77081020240948,802,100.08673858642578,test,Primary EV use,Primary EV use,2,2,correct
MIT,b3c0,207,99.77945021969326,801,100.09699249267578,test,Primary EV use,Primary EV use,2,2,correct
MIT,b3c0,208,99.77043577045784,800,100.106201171875,test,Primary EV use,Primary EV use,2,2,correct
MIT,b3c0,209,99.75759275451706,799,100.11597442626952,test,Primary EV use,Primary EV use,2,2,correct
MIT,b3c0,210,99.77556548819511,798,100.09749603271484,test,Primary EV use,Primary EV use,2,2,correct
MIT,b3c0,211,99.7763985992875,797,100.11685943603516,test,Primary EV use,Primary EV use,2,2,correct
MIT,b3c0,212,99.7712876031478,796,100.07452392578124,test,Primary EV use,Primary EV use,2,2,correct
MIT,b3c0,213,99.78285755045306,795,100.0454330444336,test,Primary EV use,Primary EV use,2,2,correct
MIT,b3c0,214,99.769087815432,794,100.07703399658205,test,Primary EV use,Primary EV use,2,2,correct
MIT,b3c0,215,99.75631032508277,793,100.09481811523438,test,Primary EV use,Primary EV use,2,2,correct
MIT,b3c0,216,99.7491399532091,792,100.04346466064452,test,Primary EV use,Primary EV use,2,2,correct
MIT,b3c0,217,99.7466312591332,791,99.86510467529295,test,Primary EV use,Primary EV use,2,2,correct
MIT,b3c0,218,99.74881232525144,790,100.0560302734375,test,Primary EV use,Primary EV use,2,2,correct
MIT,b3c0,219,99.7377104178857,789,100.05010223388672,test,Primary EV use,Primary EV use,2,2,correct
MIT,b3c0,220,99.73434989111986,788,100.0033721923828,test,Primary EV use,Primary EV use,2,2,correct
MIT,b3c0,221,99.73591314451792,787,99.96697998046876,test,Primary EV use,Primary EV use,2,2,correct
MIT,b3c0,222,99.73306746168554,786,99.9839096069336,test,Primary EV use,Primary EV use,2,2,correct
MIT,b3c0,223,99.72820920711318,785,99.99468231201172,test,Primary EV use,Primary EV use,2,2,correct
MIT,b3c0,224,99.73312362647827,784,99.9881820678711,test,Primary EV use,Primary EV use,2,2,correct
MIT,b3c0,225,99.72014955935444,783,100.03312683105467,test,Primary EV use,Primary EV use,2,2,correct
MIT,b3c0,226,99.7197938490004,782,99.98876953125,test,Primary EV use,Primary EV use,2,2,correct
MIT,b3c0,227,99.71769703007128,781,100.00174713134766,test,Primary EV use,Primary EV use,2,2,correct
MIT,b3c0,228,99.7209826704468,780,100.00773620605467,test,Primary EV use,Primary EV use,2,2,correct
MIT,b3c0,229,99.72576603862883,779,100.01242065429688,test,Primary EV use,Primary EV use,2,2,correct
MIT,b3c0,230,99.69720624151851,778,99.97833251953124,test,Primary EV use,Primary EV use,2,2,correct
MIT,b3c0,231,99.70065101547348,777,100.00389099121094,test,Primary EV use,Primary EV use,2,2,correct
MIT,b3c0,232,99.68144265635505,776,100.0141830444336,test,Primary EV use,Primary EV use,2,2,correct
MIT,b3c0,233,99.68976440647994,775,100.019775390625,test,Primary EV use,Primary EV use,2,2,correct
MIT,b3c0,234,99.69220757496431,774,99.99763488769533,test,Primary EV use,Primary EV use,2,2,correct
MIT,b3c0,235,99.69127149508525,773,100.03308868408205,test,Primary EV use,Primary EV use,2,2,correct
MIT,b3c0,236,99.67832551035777,772,99.99626159667967,test,Primary EV use,Primary EV use,2,2,correct
MIT,b3c0,237,99.66444344575125,771,100.00498962402344,test,Primary EV use,Primary EV use,2,2,correct
MIT,b3c0,238,99.65607489163236,770,99.98604583740234,test,Primary EV use,Primary EV use,2,2,correct
MIT,b3c0,239,99.65500776057024,769,100.02777099609376,test,Primary EV use,Primary EV use,2,2,correct
MIT,b3c0,240,99.656046809236,768,100.01398468017578,test,Primary EV use,Primary EV use,2,2,correct
MIT,b3c0,241,99.66134502135152,767,99.97899627685548,test,Primary EV use,Primary EV use,2,2,correct
MIT,b3c0,242,99.64723829757398,766,99.9874496459961,test,Primary EV use,Primary EV use,2,2,correct
MIT,b3c0,243,99.64662984565258,765,100.01399993896484,test,Primary EV use,Primary EV use,2,2,correct
MIT,b3c0,244,99.6503180003761,764,99.98988342285156,test,Primary EV use,Primary EV use,2,2,correct
MIT,b3c0,245,99.6427170317581,763,99.97260284423828,test,Primary EV use,Primary EV use,2,2,correct
MIT,b3c0,246,99.64033002806649,762,99.96309661865234,test,Primary EV use,Primary EV use,2,2,correct
MIT,b3c0,247,99.6317929795694,761,99.9400405883789,test,Primary EV use,Primary EV use,2,2,correct
MIT,b3c0,248,99.6341987048586,760,100.0405502319336,test,Primary EV use,Primary EV use,2,2,correct
MIT,b3c0,249,99.61732118463902,759,99.99468231201172,test,Primary EV use,Primary EV use,2,2,correct
MIT,b3c0,250,99.61551455047244,758,100.0133056640625,test,Primary EV use,Primary EV use,2,2,correct
MIT,b3c0,251,99.63100667247096,757,100.05489349365234,test,Primary EV use,Primary EV use,2,2,correct
MIT,b3c0,252,99.60961724723433,756,100.0020751953125,test,Primary EV use,Primary EV use,2,2,correct
MIT,b3c0,253,99.60489940464382,755,100.0047607421875,test,Primary EV use,Primary EV use,2,2,correct
MIT,b3c0,254,99.59705505525729,754,99.97010040283205,test,Primary EV use,Primary EV use,2,2,correct
MIT,b3c0,255,99.5987025558444,753,99.98789978027344,test,Primary EV use,Primary EV use,2,2,correct
MIT,b3c0,256,99.602924276099,752,99.9831771850586,test,Primary EV use,Primary EV use,2,2,correct
MIT,b3c0,257,99.5907084336772,751,99.95365142822266,test,Primary EV use,Primary EV use,2,2,correct
MIT,b3c0,258,99.60639713245033,750,99.96916198730467,test,Primary EV use,Primary EV use,2,2,correct
MIT,b3c0,259,99.58797508043033,749,99.98541259765624,test,Primary EV use,Primary EV use,2,2,correct
MIT,b3c0,260,99.57357817189028,748,99.97461700439452,test,Primary EV use,Primary EV use,2,2,correct
MIT,b3c0,261,99.5759558147831,747,99.98638153076172,test,Primary EV use,Primary EV use,2,2,correct
MIT,b3c0,262,99.56809274379896,746,99.98958587646484,test,Primary EV use,Primary EV use,2,2,correct
MIT,b3c0,263,99.5585260074349,745,99.9791488647461,test,Primary EV use,Primary EV use,2,2,correct
MIT,b3c0,264,99.55648535329853,744,99.9465103149414,test,Primary EV use,Primary EV use,2,2,correct
MIT,b3c0,265,99.55031658689548,743,99.98797607421876,test,Primary EV use,Primary EV use,2,2,correct
MIT,b3c0,266,99.55046635967614,742,100.0169448852539,test,Primary EV use,Primary EV use,2,2,correct
MIT,b3c0,267,99.53912107154186,741,99.98384857177734,test,Primary EV use,Primary EV use,2,2,correct
MIT,b3c0,268,99.53633155350224,740,99.98863983154295,test,Primary EV use,Primary EV use,2,2,correct
MIT,b3c0,269,99.52941392319596,739,99.97223663330078,test,Primary EV use,Primary EV use,2,2,correct
MIT,b3c0,270,99.538400290035,738,99.95508575439452,test,Primary EV use,Primary EV use,2,2,correct
MIT,b3c0,271,99.53752973574746,737,99.9686508178711,test,Primary EV use,Primary EV use,2,2,correct
MIT,b3c0,272,99.52106409067468,736,99.78797912597656,test,Primary EV use,Primary EV use,2,2,correct
MIT,b3c0,273,99.5211576986626,735,99.92721557617188,test,Primary EV use,Primary EV use,2,2,correct
MIT,b3c0,274,99.50343770655184,734,99.98379516601562,test,Primary EV use,Primary EV use,2,2,correct
MIT,b3c0,275,99.49876666795534,733,99.96111297607422,test,Primary EV use,Primary EV use,2,2,correct
MIT,b3c0,276,99.49431092773098,732,99.91374206542967,test,Primary EV use,Primary EV use,2,2,correct
MIT,b3c0,277,99.49434837092616,731,99.88636779785156,test,Primary EV use,Primary EV use,2,2,correct
MIT,b3c0,278,99.49582737713506,730,99.93802642822266,test,Primary EV use,Primary EV use,2,2,correct
MIT,b3c0,279,99.49553719237254,729,100.02389526367188,test,Primary EV use,Primary EV use,2,2,correct
MIT,b3c0,280,99.48351792672536,728,99.94671630859376,test,Primary EV use,Primary EV use,2,2,correct
MIT,b3c0,281,99.48870380925536,727,99.88915252685548,test,Primary EV use,Primary EV use,2,2,correct
MIT,b3c0,282,99.47411032394072,726,99.92308044433594,test,Primary EV use,Primary EV use,2,2,correct
MIT,b3c0,283,99.48033525513652,725,99.9687042236328,test,Primary EV use,Primary EV use,2,2,correct
MIT,b3c0,284,99.47488727024036,724,99.91844940185548,test,Primary EV use,Primary EV use,2,2,correct
MIT,b3c0,285,99.47016006685108,723,99.9777374267578,test,Primary EV use,Primary EV use,2,2,correct
MIT,b3c0,286,99.4597040546019,722,99.97742462158205,test,Primary EV use,Primary EV use,2,2,correct
MIT,b3c0,287,99.44965991749952,721,99.99729919433594,test,Primary EV use,Primary EV use,2,2,correct
MIT,b3c0,288,99.43901668927457,720,99.8895492553711,test,Primary EV use,Primary EV use,2,2,correct
MIT,b3c0,289,99.44512929088484,719,99.9113998413086,test,Primary EV use,Primary EV use,2,2,correct
MIT,b3c0,290,99.44119775539278,718,99.91783905029295,test,Primary EV use,Primary EV use,2,2,correct
MIT,b3c0,291,99.43043283678352,717,99.91818237304688,test,Primary EV use,Primary EV use,2,2,correct
MIT,b3c0,292,99.436760736766,716,99.9382781982422,test,Primary EV use,Primary EV use,2,2,correct
MIT,b3c0,293,99.4174119656657,715,99.89511108398438,test,Primary EV use,Primary EV use,2,2,correct
MIT,b3c0,294,99.42791478190884,714,99.95977020263672,test,Primary EV use,Primary EV use,2,2,correct
MIT,b3c0,295,99.40353926185796,713,99.95150756835938,test,Primary EV use,Primary EV use,2,2,correct
MIT,b3c0,296,99.396874373119,712,99.95183563232422,test,Primary EV use,Primary EV use,2,2,correct
MIT,b3c0,297,99.3878505630848,711,99.94539642333984,test,Primary EV use,Primary EV use,2,2,correct
MIT,b3c0,298,99.38402199637942,710,99.95848083496094,test,Primary EV use,Primary EV use,2,2,correct
MIT,b3c0,299,99.37712308767072,709,99.8616714477539,test,Primary EV use,Primary EV use,2,2,correct
MIT,b3c0,300,99.3834416268544,708,99.7970733642578,test,Primary EV use,Primary EV use,2,2,correct
MIT,b3c0,301,99.38265531975598,707,99.92858123779295,test,Primary EV use,Primary EV use,2,2,correct
MIT,b3c0,302,99.38233705259712,706,99.89046478271484,test,Primary EV use,Primary EV use,2,2,correct
MIT,b3c0,303,99.38281445333544,705,99.91189575195312,test,Primary EV use,Primary EV use,2,2,correct
MIT,b3c0,304,99.3791262986119,704,99.86292266845705,test,Primary EV use,Primary EV use,2,2,correct
MIT,b3c0,305,99.35623914556874,703,99.9154815673828,test,Primary EV use,Primary EV use,2,2,correct
MIT,b3c0,306,99.3553873128788,702,99.88958740234376,test,Primary EV use,Primary EV use,2,2,correct
MIT,b3c0,307,99.35945926035274,701,99.92546844482422,test,Primary EV use,Primary EV use,2,2,correct
MIT,b3c0,308,99.34840415698096,700,99.89916229248048,test,Primary EV use,Primary EV use,2,2,correct
MIT,b3c0,309,99.34143972268072,699,99.93001556396484,test,Primary EV use,Primary EV use,2,2,correct
MIT,b3c0,310,99.33718992002974,698,99.89501953125,test,Primary EV use,Primary EV use,2,2,correct
MIT,b3c0,311,99.34283448170052,697,99.89666748046876,test,Primary EV use,Primary EV use,2,2,correct
MIT,b3c0,312,99.320097101438,696,99.87744140625,test,Primary EV use,Primary EV use,2,2,correct
MIT,b3c0,313,99.33486844192969,695,99.8551788330078,test,Primary EV use,Primary EV use,2,2,correct
MIT,b3c0,314,99.32415968811314,694,99.89954376220705,test,Primary EV use,Primary EV use,2,2,correct
MIT,b3c0,315,99.31303905914986,693,99.8999481201172,test,Primary EV use,Primary EV use,2,2,correct
MIT,b3c0,316,99.2959556013569,692,99.89219665527344,test,Primary EV use,Primary EV use,2,2,correct
MIT,b3c0,317,99.2916309123156,691,99.9144515991211,test,Primary EV use,Primary EV use,2,2,correct
MIT,b3c0,318,99.29766862753556,690,99.92699432373048,test,Primary EV use,Primary EV use,2,2,correct
MIT,b3c0,319,99.29832388345092,689,99.91676330566406,test,Primary EV use,Primary EV use,2,2,correct
MIT,b3c0,320,99.30179673980228,688,99.90869140625,test,Primary EV use,Primary EV use,2,2,correct
MIT,b3c0,321,99.2901519061067,687,99.96949005126952,test,Primary EV use,Primary EV use,2,2,correct
MIT,b3c0,322,99.28449798363712,686,99.9067840576172,test,Primary EV use,Primary EV use,2,2,correct
MIT,b3c0,323,99.27758971412965,685,99.89550018310548,test,Primary EV use,Primary EV use,2,2,correct
MIT,b3c0,324,99.27386411621092,684,99.97673797607422,test,Primary EV use,Primary EV use,2,2,correct
MIT,b3c0,325,99.26735836105142,683,99.88825225830078,test,Primary EV use,Primary EV use,2,2,correct
MIT,b3c0,326,99.27187962686732,682,99.92485809326172,test,Primary EV use,Primary EV use,2,2,correct
MIT,b3c0,327,99.26227544730811,681,99.8992919921875,test,Primary EV use,Primary EV use,2,2,correct
MIT,b3c0,328,99.25068677840528,680,99.83013916015624,test,Primary EV use,Primary EV use,2,2,correct
MIT,b3c0,329,99.24701734527932,679,99.89899444580078,test,Primary EV use,Primary EV use,2,2,correct
MIT,b3c0,330,99.23418369013731,678,99.8445281982422,test,Primary EV use,Primary EV use,2,2,correct
MIT,b3c0,331,99.2317030784578,677,99.8271255493164,test,Primary EV use,Primary EV use,2,2,correct
MIT,b3c0,332,99.22474800495635,676,99.95228576660156,test,Primary EV use,Primary EV use,2,2,correct
MIT,b3c0,333,99.2135524896027,675,99.9100341796875,test,Primary EV use,Primary EV use,2,2,correct
MIT,b3c0,334,99.20537115145969,674,99.92082977294922,test,Primary EV use,Primary EV use,2,2,correct
MIT,b3c0,335,99.21663219240486,673,99.90914154052734,test,Primary EV use,Primary EV use,2,2,correct
MIT,b3c0,336,99.21820480660168,672,99.90055084228516,test,Primary EV use,Primary EV use,2,2,correct
MIT,b3c0,337,99.21690365556977,671,99.93443298339844,test,Primary EV use,Primary EV use,2,2,correct
MIT,b3c0,338,99.18945779351556,670,99.90310668945312,test,Primary EV use,Primary EV use,2,2,correct
MIT,b3c0,339,99.19982955857562,669,99.9083251953125,test,Primary EV use,Primary EV use,2,2,correct
MIT,b3c0,340,99.19050620298012,668,99.90798950195312,test,Primary EV use,Primary EV use,2,2,correct
MIT,b3c0,341,99.18689293464692,667,99.91636657714844,test,Primary EV use,Primary EV use,2,2,correct
MIT,b3c0,342,99.1843936013698,666,99.90790557861328,test,Primary EV use,Primary EV use,2,2,correct
MIT,b3c0,343,99.1789081732785,665,99.9313507080078,test,Primary EV use,Primary EV use,2,2,correct
MIT,b3c0,344,99.17711089991067,664,99.9029541015625,test,Primary EV use,Primary EV use,2,2,correct
MIT,b3c0,345,99.17403119710856,663,99.93444061279295,test,Primary EV use,Primary EV use,2,2,correct
MIT,b3c0,346,99.17742916706956,662,99.90565490722656,test,Primary EV use,Primary EV use,2,2,correct
MIT,b3c0,347,99.17531362654287,661,99.9538803100586,test,Primary EV use,Primary EV use,2,2,correct
MIT,b3c0,348,99.16735694757082,660,99.93618774414062,test,Primary EV use,Primary EV use,2,2,correct
MIT,b3c0,349,99.15169633119405,659,99.89945220947266,test,Primary EV use,Primary EV use,2,2,correct
MIT,b3c0,350,99.13731814425158,658,99.88776397705078,test,Primary EV use,Primary EV use,2,2,correct
MIT,b3c0,351,99.1387129032714,657,99.82170104980467,test,Primary EV use,Primary EV use,2,2,correct
MIT,b3c0,352,99.13374231911357,656,99.90967559814452,test,Primary EV use,Primary EV use,2,2,correct
MIT,b3c0,353,99.12986694841422,655,99.92330169677734,test,Primary EV use,Primary EV use,2,2,correct
MIT,b3c0,354,99.12856579738232,654,99.89207458496094,test,Primary EV use,Primary EV use,2,2,correct
MIT,b3c0,355,99.12191963024094,653,99.8293685913086,test,Primary EV use,Primary EV use,2,2,correct
MIT,b3c0,356,99.11941093616504,652,99.91737365722656,test,Primary EV use,Primary EV use,2,2,correct
MIT,b3c0,357,99.11678055170488,651,99.8952407836914,test,Primary EV use,Primary EV use,2,2,correct
MIT,b3c0,358,99.10548206756457,650,99.71436309814452,test,Primary EV use,Primary EV use,2,2,correct
MIT,b3c0,359,99.10046467941277,649,99.89771270751952,test,Primary EV use,Primary EV use,2,2,correct
MIT,b3c0,360,99.09455801537584,648,99.84066009521484,test,Primary EV use,Primary EV use,2,2,correct
MIT,b3c0,361,99.08274468730204,647,99.99736785888672,test,Primary EV use,Primary EV use,2,2,correct
MIT,b3c0,362,99.09065456228016,646,99.8529815673828,test,Primary EV use,Primary EV use,2,2,correct
MIT,b3c0,363,99.07787707193091,645,99.90654754638672,test,Primary EV use,Primary EV use,2,2,correct
MIT,b3c0,364,99.07230739665044,644,99.85086822509766,test,Primary EV use,Primary EV use,2,2,correct
MIT,b3c0,365,99.0715491719484,643,99.93978881835938,test,Primary EV use,Primary EV use,2,2,correct
MIT,b3c0,366,99.062356867536,642,99.89543914794922,test,Primary EV use,Primary EV use,2,2,correct
MIT,b3c0,367,99.05356707747156,641,99.9468994140625,test,Primary EV use,Primary EV use,2,2,correct
MIT,b3c0,368,99.05226592643966,640,99.87432861328124,test,Primary EV use,Primary EV use,2,2,correct
MIT,b3c0,369,99.05689016104223,639,99.92351531982422,test,Primary EV use,Primary EV use,2,2,correct
MIT,b3c0,370,99.04256813889252,638,99.9045181274414,test,Primary EV use,Primary EV use,2,2,correct
MIT,b3c0,371,99.0461065208354,637,99.84027862548828,test,Primary EV use,Primary EV use,2,2,correct
MIT,b3c0,372,99.0597358438746,636,99.84904479980467,test,Primary EV use,Primary EV use,2,2,correct
MIT,b3c0,373,99.0480067629899,635,99.8275909423828,test,Primary EV use,Primary EV use,2,2,correct
MIT,b3c0,374,99.04091127750658,634,99.82479858398438,test,Primary EV use,Primary EV use,2,2,correct
MIT,b3c0,375,99.03480803669508,633,99.82405090332033,test,Primary EV use,Primary EV use,2,2,correct
MIT,b3c0,376,99.03560370459228,632,99.88065338134766,test,Primary EV use,Primary EV use,2,2,correct
MIT,b3c0,377,99.03272057856476,631,99.79293823242188,test,Primary EV use,Primary EV use,2,2,correct
MIT,b3c0,378,99.0217590831809,630,99.8066864013672,test,Primary EV use,Primary EV use,2,2,correct
MIT,b3c0,379,99.00497517094922,629,99.8255386352539,test,Primary EV use,Primary EV use,2,2,correct
MIT,b3c0,380,98.99842261179576,628,99.80960845947266,test,Primary EV use,Primary EV use,2,2,correct
MIT,b3c0,381,98.999798649218,627,99.8483428955078,test,Primary EV use,Primary EV use,2,2,correct
MIT,b3c0,382,98.99648492644612,626,99.81891632080078,test,Primary EV use,Primary EV use,2,2,correct
MIT,b3c0,383,99.00027604995633,625,99.8017120361328,test,Primary EV use,Primary EV use,2,2,correct
MIT,b3c0,384,98.99810434463689,624,99.83072662353516,test,Primary EV use,Primary EV use,2,2,correct
MIT,b3c0,385,98.99682191520256,623,99.87635040283205,test,Primary EV use,Primary EV use,2,2,correct
MIT,b3c0,386,98.99533354819484,622,99.74219512939452,test,Primary EV use,Primary EV use,2,2,correct
MIT,b3c0,387,98.99202918622176,621,99.79947662353516,test,Primary EV use,Primary EV use,2,2,correct
MIT,b3c0,388,98.98169486435688,620,99.80526733398438,test,Primary EV use,Primary EV use,2,2,correct
MIT,b3c0,389,98.98662800531956,619,99.80420684814452,test,Primary EV use,Primary EV use,2,2,correct
MIT,b3c0,390,98.96980664989272,618,99.81359100341795,test,Primary EV use,Primary EV use,2,2,correct
MIT,b3c0,391,98.97448704928806,617,99.75948333740234,test,Primary EV use,Primary EV use,2,2,correct
MIT,b3c0,392,98.97779141126117,616,99.77346801757812,test,Primary EV use,Primary EV use,2,2,correct
MIT,b3c0,393,98.98342661213314,615,99.7310791015625,test,Primary EV use,Primary EV use,2,2,correct
MIT,b3c0,394,98.97052743139962,614,99.76898956298828,test,Primary EV use,Primary EV use,2,2,correct
MIT,b3c0,395,98.97694893937002,613,99.77117919921876,test,Primary EV use,Primary EV use,2,2,correct
MIT,b3c0,396,98.9709393065464,612,99.6971206665039,test,Primary EV use,Primary EV use,2,2,correct
MIT,b3c0,397,98.96053945909,611,99.74462127685548,test,Primary EV use,Primary EV use,2,2,correct
MIT,b3c0,398,98.94764963915524,610,99.75566864013672,test,Primary EV use,Primary EV use,2,2,correct
MIT,b3c0,399,98.9576001682697,609,99.71857452392578,test,Primary EV use,Primary EV use,2,2,correct
MIT,b3c0,400,98.95384648795466,608,99.7829360961914,test,Primary EV use,Primary EV use,2,2,correct
MIT,b3c0,401,98.94366193887042,607,99.70509338378906,test,Primary EV use,Primary EV use,2,2,correct
MIT,b3c0,402,98.94396148443172,606,99.75123596191406,test,Primary EV use,Primary EV use,2,2,correct
MIT,b3c0,403,98.93653837099072,605,99.76992797851562,test,Primary EV use,Primary EV use,2,2,correct
MIT,b3c0,404,98.9255394324117,604,99.71373748779295,test,Primary EV use,Primary EV use,2,2,correct
MIT,b3c0,405,98.92110241378492,603,99.67821502685548,test,Primary EV use,Primary EV use,2,2,correct
MIT,b3c0,406,98.92870338240294,602,99.65866088867188,test,Primary EV use,Primary EV use,2,2,correct
MIT,b3c0,407,98.9293492775195,601,99.72224426269533,test,Primary EV use,Primary EV use,2,2,correct
MIT,b3c0,408,98.92037227147928,600,99.66851806640624,test,Primary EV use,Primary EV use,2,2,correct
MIT,b3c0,409,98.93746509007102,599,99.733154296875,test,Primary EV use,Primary EV use,2,2,correct
MIT,b3c0,410,98.9333650602007,598,99.7174072265625,test,Primary EV use,Primary EV use,2,2,correct
MIT,b3c0,411,98.9264474298944,597,99.66513061523438,test,Primary EV use,Primary EV use,2,2,correct
MIT,b3c0,412,98.91564506808996,596,99.660400390625,test,Primary EV use,Primary EV use,2,2,correct
MIT,b3c0,413,98.8940684268775,595,99.6279296875,test,Primary EV use,Primary EV use,2,2,correct
MIT,b3c0,414,98.90707057639774,594,99.66751098632812,test,Primary EV use,Primary EV use,2,2,correct
MIT,b3c0,415,98.89821526074176,593,99.68706512451172,test,Primary EV use,Primary EV use,2,2,correct
MIT,b3c0,416,98.88923825470152,592,99.6758804321289,test,Primary EV use,Primary EV use,2,2,correct
MIT,b3c0,417,98.88760011491316,591,99.6180191040039,test,Primary EV use,Primary EV use,2,2,correct
MIT,b3c0,418,98.88067312380808,590,99.67053985595705,test,Primary EV use,Primary EV use,2,2,correct
MIT,b3c0,419,98.87675094911478,589,99.66836547851562,test,Primary EV use,Primary EV use,2,2,correct
MIT,b3c0,420,98.88063568061293,588,99.66232299804688,test,Primary EV use,Primary EV use,2,2,correct
MIT,b3c0,421,98.86164261986666,587,99.70609283447266,test,Primary EV use,Primary EV use,2,2,correct
MIT,b3c0,422,98.86654767843297,586,99.42586517333984,test,Primary EV use,Primary EV use,2,2,correct
MIT,b3c0,423,98.86428236512565,585,99.69359588623048,test,Primary EV use,Primary EV use,2,2,correct
MIT,b3c0,424,98.86306546128284,584,99.6904525756836,test,Primary EV use,Primary EV use,2,2,correct
MIT,b3c0,425,98.85614783097654,583,99.49662017822266,test,Primary EV use,Primary EV use,2,2,correct
MIT,b3c0,426,98.85503389592044,582,99.65145111083984,test,Primary EV use,Primary EV use,2,2,correct
MIT,b3c0,427,98.84914595348113,581,99.56751251220705,test,Primary EV use,Primary EV use,2,2,correct
MIT,b3c0,428,98.8494735814388,580,99.58440399169922,test,Primary EV use,Primary EV use,2,2,correct
MIT,b3c0,429,98.85316173616232,579,99.62507629394533,test,Primary EV use,Primary EV use,2,2,correct
MIT,b3c0,430,98.82805607380575,578,99.64289093017578,test,Primary EV use,Primary EV use,2,2,correct
MIT,b3c0,431,98.83538557925884,577,99.64903259277344,test,Primary EV use,Primary EV use,2,2,correct
MIT,b3c0,432,98.81849869824052,576,99.5796127319336,test,Primary EV use,Primary EV use,2,2,correct
MIT,b3c0,433,98.8093906410172,575,99.63475036621094,test,Primary EV use,Primary EV use,2,2,correct
MIT,b3c0,434,98.8074810380639,574,99.4681167602539,test,Primary EV use,Primary EV use,2,2,correct
MIT,b3c0,435,98.80128418926448,573,99.70591735839844,test,Primary EV use,Primary EV use,2,2,correct
MIT,b3c0,436,98.80238876352178,572,99.491455078125,test,Primary EV use,Primary EV use,2,2,correct
MIT,b3c0,437,98.7985601968164,571,99.61914825439452,test,Primary EV use,Primary EV use,2,2,correct
MIT,b3c0,438,98.7882352357503,570,99.45520782470705,test,Primary EV use,Primary EV use,2,2,correct
MIT,b3c0,439,98.7720972186352,569,99.51107025146484,test,Primary EV use,Primary EV use,2,2,correct
MIT,b3c0,440,98.76913920621736,568,99.43445587158205,test,Primary EV use,Primary EV use,2,2,correct
MIT,b3c0,441,98.77628149569463,567,99.49325561523438,test,Primary EV use,Primary EV use,2,2,correct
MIT,b3c0,442,98.77822854184308,566,99.51769256591795,test,Primary EV use,Primary EV use,2,2,correct
MIT,b3c0,443,98.769111123821,565,99.57328033447266,test,Primary EV use,Primary EV use,2,2,correct
MIT,b3c0,444,98.74576529163708,564,99.40335083007812,test,Primary EV use,Primary EV use,2,2,correct
MIT,b3c0,445,98.75723227015564,563,99.51158142089844,test,Primary EV use,Primary EV use,2,2,correct
MIT,b3c0,446,98.750239753459,562,99.42953491210938,test,Primary EV use,Primary EV use,2,2,correct
MIT,b3c0,447,98.74216138410269,561,99.44644165039062,test,Primary EV use,Primary EV use,2,2,correct
MIT,b3c0,448,98.72102470043338,560,99.50139617919922,test,Primary EV use,Primary EV use,2,2,correct
MIT,b3c0,449,98.7296179137232,559,99.40415954589844,test,Primary EV use,Primary EV use,2,2,correct
MIT,b3c0,450,98.69909234886686,558,99.40518951416016,test,Primary EV use,Primary EV use,2,2,correct
MIT,b3c0,451,98.70161976454034,557,99.4189453125,test,Primary EV use,Primary EV use,2,2,correct
MIT,b3c0,452,98.6923057697436,556,99.4495849609375,test,Primary EV use,Primary EV use,2,2,correct
MIT,b3c0,453,98.67994951533996,555,99.42250061035156,test,Primary EV use,Primary EV use,2,2,correct
MIT,b3c0,454,98.66999898622548,554,99.44110870361328,test,Primary EV use,Primary EV use,2,2,correct
MIT,b3c0,455,98.66411104378616,553,99.3358383178711,test,Primary EV use,Primary EV use,2,2,correct
MIT,b3c0,456,98.66572110117816,552,99.33451080322266,test,Primary EV use,Primary EV use,2,2,correct
MIT,b3c0,457,98.65542422250844,551,99.40217590332033,test,Primary EV use,Primary EV use,2,2,correct
MIT,b3c0,458,98.63517681472422,550,99.46817779541016,test,Primary EV use,Primary EV use,2,2,correct
MIT,b3c0,459,98.63616905939602,549,99.39176177978516,test,Primary EV use,Primary EV use,2,2,correct
MIT,b3c0,460,98.62553519196985,548,99.40962982177734,test,Primary EV use,Primary EV use,2,2,correct
MIT,b3c0,461,98.60909762929346,547,99.40447998046876,test,Primary EV use,Primary EV use,2,2,correct
MIT,b3c0,462,98.59897860580077,546,99.3435287475586,test,Primary EV use,Primary EV use,2,2,correct
MIT,b3c0,463,98.59193928511016,545,99.38777160644533,test,Primary EV use,Primary EV use,2,2,correct
MIT,b3c0,464,98.59014201174236,544,99.51918029785156,test,Primary EV use,Primary EV use,2,2,correct
MIT,b3c0,465,98.5891965710645,543,99.37894439697266,test,Primary EV use,Primary EV use,2,2,correct
MIT,b3c0,466,98.6116437665645,542,99.39154815673828,test,Primary EV use,Primary EV use,2,2,correct
MIT,b3c0,467,98.59920326497172,541,99.32180786132812,test,Primary EV use,Primary EV use,2,2,correct
MIT,b3c0,468,98.6066451000103,540,99.34915924072266,test,Primary EV use,Primary EV use,2,2,correct
MIT,b3c0,469,98.59379272327072,539,99.49258422851562,test,Primary EV use,Primary EV use,2,2,correct
MIT,b3c0,470,98.59035731011454,538,99.33561706542967,test,Primary EV use,Primary EV use,2,2,correct
MIT,b3c0,471,98.5894212302355,537,99.49735260009766,test,Primary EV use,Primary EV use,2,2,correct
MIT,b3c0,472,98.60175876304156,536,99.3429718017578,test,Primary EV use,Primary EV use,2,2,correct
MIT,b3c0,473,98.58973949739436,535,99.46107482910156,test,Primary EV use,Primary EV use,2,2,correct
MIT,b3c0,474,98.58753970967857,534,99.33472442626952,test,Primary EV use,Primary EV use,2,2,correct
MIT,b3c0,475,98.58977694058952,533,99.40910339355467,test,Primary EV use,Primary EV use,2,2,correct
MIT,b3c0,476,98.56060869155785,532,99.40251922607422,test,Primary EV use,Primary EV use,2,2,correct
MIT,b3c0,477,98.56693659154033,531,99.4356689453125,test,Primary EV use,Primary EV use,2,2,correct
MIT,b3c0,478,98.56197536818128,530,99.3598861694336,test,Primary EV use,Primary EV use,2,2,correct
MIT,b3c0,479,98.5466236581646,529,99.31184387207033,test,Primary EV use,Primary EV use,2,2,correct
MIT,b3c0,480,98.54012726380388,528,99.34674835205078,test,Primary EV use,Primary EV use,2,2,correct
MIT,b3c0,481,98.53490393807868,527,99.34123992919922,test,Primary EV use,Primary EV use,2,2,correct
MIT,b3c0,482,98.5331909119,526,99.3330307006836,test,Primary EV use,Primary EV use,2,2,correct
MIT,b3c0,483,98.51057522202174,525,99.33292388916016,test,Primary EV use,Primary EV use,2,2,correct
MIT,b3c0,484,98.50282448062308,524,99.22027587890624,test,Primary EV use,Primary EV use,2,2,correct
MIT,b3c0,485,98.50230963668962,523,99.31257629394533,test,Primary EV use,Primary EV use,2,2,correct
MIT,b3c0,486,98.49785389646526,522,99.29398345947266,test,Primary EV use,Primary EV use,2,2,correct
MIT,b3c0,487,98.4830825559736,521,99.35376739501952,test,Primary EV use,Primary EV use,2,2,correct
MIT,b3c0,488,98.46601781977822,520,99.2711410522461,test,Primary EV use,Primary EV use,2,2,correct
MIT,b3c0,489,98.473450294018,519,99.28671264648438,test,Primary EV use,Primary EV use,2,2,correct
MIT,b3c0,490,98.48294214399174,518,99.24742889404295,test,Primary EV use,Primary EV use,2,2,correct
MIT,b3c0,491,98.47038931281344,517,99.2700424194336,test,Primary EV use,Primary EV use,2,2,correct
MIT,b3c0,492,98.46433287599588,516,99.2605438232422,test,Primary EV use,Primary EV use,2,2,correct
MIT,b3c0,493,98.45259443431242,515,99.2398452758789,test,Primary EV use,Primary EV use,2,2,correct
MIT,b3c0,494,98.43672788036226,514,99.28282165527344,test,Primary EV use,Primary EV use,2,2,correct
MIT,b3c0,495,98.43028765079428,513,99.25699615478516,test,Primary EV use,Primary EV use,2,2,correct
MIT,b3c0,496,98.42608465213726,512,99.28126525878906,test,Primary EV use,Primary EV use,2,2,correct
MIT,b3c0,497,98.42444651234892,511,99.20922088623048,test,Primary EV use,Primary EV use,2,2,correct
MIT,b3c0,498,98.4197193089596,510,99.27234649658205,test,Primary EV use,Primary EV use,2,2,correct
MIT,b3c0,499,98.4136347897457,509,99.27627563476562,test,Primary EV use,Primary EV use,2,2,correct
MIT,b3c0,500,98.40756899212934,508,99.28369903564452,test,Primary EV use,Primary EV use,2,2,correct
MIT,b3c0,501,98.40838338162412,507,99.40851593017578,test,Primary EV use,Primary EV use,2,2,correct
MIT,b3c0,502,98.4039089198022,506,99.2077178955078,test,Primary EV use,Primary EV use,2,2,correct
MIT,b3c0,503,98.38592682532531,505,99.31764221191406,test,Primary EV use,Primary EV use,2,2,correct
MIT,b3c0,504,98.36631595185892,504,99.24742126464844,test,Primary EV use,Primary EV use,2,2,correct
MIT,b3c0,505,98.37328974695797,503,99.28681182861328,test,Primary EV use,Primary EV use,2,2,correct
MIT,b3c0,506,98.37565802905198,502,99.27091979980467,test,Primary EV use,Primary EV use,2,2,correct
MIT,b3c0,507,98.36995730258846,501,99.2584228515625,test,Primary EV use,Primary EV use,2,2,correct
MIT,b3c0,508,98.35333252393625,500,99.1575164794922,test,Primary EV use,Primary EV use,2,2,correct
MIT,b3c0,509,98.36154194447568,499,99.28986358642578,test,Primary EV use,Primary EV use,2,2,correct
MIT,b3c0,510,98.33598696377716,498,99.3090362548828,test,Primary EV use,Primary EV use,2,2,correct
MIT,b3c0,511,98.32946248702008,497,99.38713836669922,test,Primary EV use,Primary EV use,2,2,correct
MIT,b3c0,512,98.31681604785388,496,99.36769104003906,test,Primary EV use,Primary EV use,2,2,correct
MIT,b3c0,513,98.31908136116124,495,99.37352752685548,test,Primary EV use,Primary EV use,2,2,correct
MIT,b3c0,514,98.30822283456408,494,99.39775848388672,test,Primary EV use,Primary EV use,2,2,correct
MIT,b3c0,515,98.29088663520378,493,99.34161376953124,test,Primary EV use,Primary EV use,2,2,correct
MIT,b3c0,516,98.2962503729108,492,99.41098022460938,test,Primary EV use,Primary EV use,2,2,correct
MIT,b3c0,517,98.2904466776606,491,99.35472869873048,test,Primary EV use,Primary EV use,2,2,correct
MIT,b3c0,518,98.28139478523003,490,99.3556137084961,test,Primary EV use,Primary EV use,2,2,correct
MIT,b3c0,519,98.26504146974275,489,99.37252044677734,test,Primary EV use,Primary EV use,2,2,correct
MIT,b3c0,520,98.27009630108972,488,99.3870086669922,test,Primary EV use,Primary EV use,2,2,correct
MIT,b3c0,521,98.25683204920335,487,99.32070922851562,test,Primary EV use,Primary EV use,2,2,correct
MIT,b3c0,522,98.25243247377176,486,99.69391632080078,test,Primary EV use,Primary EV use,2,2,correct
MIT,b3c0,523,98.22884326081926,485,99.74356079101562,test,Primary EV use,Primary EV use,2,2,correct
MIT,b3c0,524,98.20451454476236,484,99.67562866210938,test,Primary EV use,Primary EV use,2,2,correct
MIT,b3c0,525,98.20778146354029,483,99.71304321289062,test,Primary EV use,Primary EV use,2,2,correct
MIT,b3c0,526,98.21496119621273,482,99.6616668701172,test,Primary EV use,Primary EV use,2,2,correct
MIT,b3c0,527,98.21363196278443,481,99.67843627929688,test,Primary EV use,Primary EV use,2,2,correct
MIT,b3c0,528,98.20437413278049,480,99.6743392944336,test,Primary EV use,Primary EV use,2,2,correct
MIT,b3c0,529,98.1906324801558,479,99.61589050292967,test,Primary EV use,Primary EV use,2,2,correct
MIT,b3c0,530,98.17412939188786,478,99.64705657958984,test,Primary EV use,Primary EV use,2,2,correct
MIT,b3c0,531,98.17505611096814,477,99.623779296875,test,Primary EV use,Primary EV use,2,2,correct
MIT,b3c0,532,98.17846344172794,476,99.66270446777344,test,Primary EV use,Primary EV use,2,2,correct
MIT,b3c0,533,98.17514971895604,475,99.38267517089844,test,Primary EV use,Primary EV use,2,2,correct
MIT,b3c0,534,98.18740300457304,474,99.32030487060548,test,Primary EV use,Primary EV use,2,2,correct
MIT,b3c0,535,98.1906324801558,473,99.2520523071289,test,Primary EV use,Primary EV use,2,2,correct
MIT,b3c0,536,98.1849130320947,472,99.22905731201172,test,Primary EV use,Primary EV use,2,2,correct
MIT,b3c0,537,98.18809570368352,471,99.3573226928711,test,Primary EV use,Primary EV use,2,2,correct
MIT,b3c0,538,98.17767713462952,470,99.32125091552734,test,Primary EV use,Primary EV use,2,2,correct
MIT,b3c0,539,98.18964959628276,469,99.19023895263672,test,Primary EV use,Primary EV use,2,2,correct
MIT,b3c0,540,98.16374826602905,468,99.41380310058594,test,Primary EV use,Primary EV use,2,2,correct
MIT,b3c0,541,98.15642812137474,467,99.09291076660156,test,Primary EV use,Primary EV use,2,2,correct
MIT,b3c0,542,98.15098013647857,466,99.19830322265624,test,Primary EV use,Primary EV use,2,2,correct
MIT,b3c0,543,98.14732006415142,465,99.0554428100586,test,Primary EV use,Primary EV use,2,2,correct
MIT,b3c0,544,98.1403369082536,464,99.28759765625,test,Primary EV use,Primary EV use,2,2,correct
MIT,b3c0,545,98.14477392688036,463,99.0337142944336,test,Primary EV use,Primary EV use,2,2,correct
MIT,b3c0,546,98.12473245666956,462,99.14574432373048,test,Primary EV use,Primary EV use,2,2,correct
MIT,b3c0,547,98.1202767164452,461,99.23001861572266,test,Primary EV use,Primary EV use,2,2,correct
MIT,b3c0,548,98.11517508110428,460,99.27642822265624,test,Primary EV use,Primary EV use,2,2,correct
MIT,b3c0,549,98.1146695979696,459,99.2382583618164,test,Primary EV use,Primary EV use,2,2,correct
MIT,b3c0,550,98.09498383811284,458,99.10674285888672,test,Primary EV use,Primary EV use,2,2,correct
MIT,b3c0,551,98.09013494433928,457,99.17768096923828,test,Primary EV use,Primary EV use,2,2,correct
MIT,b3c0,552,98.08305818045356,456,99.06275177001952,test,Primary EV use,Primary EV use,2,2,correct
MIT,b3c0,553,98.08048396078613,455,99.11578369140624,test,Primary EV use,Primary EV use,2,2,correct
MIT,b3c0,554,98.06640531940496,454,99.2556610107422,test,Primary EV use,Primary EV use,2,2,correct
MIT,b3c0,555,98.06144409604592,453,99.05075073242188,test,Primary EV use,Primary EV use,2,2,correct
MIT,b3c0,556,98.04739353706113,452,99.1022491455078,test,Primary EV use,Primary EV use,2,2,correct
MIT,b3c0,557,98.040110835602,451,99.18701171875,test,Primary EV use,Primary EV use,2,2,correct
MIT,b3c0,558,98.04342455837389,450,99.2883071899414,test,Primary EV use,Primary EV use,2,2,correct
MIT,b3c0,559,98.01770108329715,449,99.1205062866211,test,Primary EV use,Primary EV use,2,2,correct
MIT,b3c0,560,98.03065642882343,448,99.1690444946289,test,Primary EV use,Primary EV use,2,2,correct
MIT,b3c0,561,98.00115119103526,447,99.1447296142578,test,Primary EV use,Primary EV use,2,2,correct
MIT,b3c0,562,98.00577542563786,446,99.09512329101562,test,Primary EV use,Primary EV use,2,2,correct
MIT,b3c0,563,98.0100252282888,445,99.0483169555664,test,Primary EV use,Primary EV use,2,2,correct
MIT,b3c0,564,97.9872784872275,444,99.09732055664062,test,Primary EV use,Primary EV use,2,2,correct
MIT,b3c0,565,97.9781610692054,443,99.05403137207033,test,Primary EV use,Primary EV use,2,2,correct
MIT,b3c0,566,97.96727446021188,442,99.12212371826172,test,Primary EV use,Primary EV use,2,2,correct
MIT,b3c0,567,97.95455313465536,441,99.0626449584961,test,Primary EV use,Primary EV use,2,2,correct
MIT,b3c0,568,97.95245631572624,440,99.03114318847656,test,Primary EV use,Primary EV use,2,2,correct
MIT,b3c0,569,97.94495831589494,439,99.12548828125,test,Primary EV use,Primary EV use,2,2,correct
MIT,b3c0,570,97.93058012895249,438,99.11778259277344,test,Primary EV use,Primary EV use,2,2,correct
MIT,b3c0,571,97.94304871294165,437,99.15367126464844,test,Primary EV use,Primary EV use,2,2,correct
MIT,b3c0,572,97.93074862333071,436,99.01312255859376,test,Primary EV use,Primary EV use,2,2,correct
MIT,b3c0,573,97.9296534098722,435,99.03529357910156,test,Primary EV use,Primary EV use,2,2,correct
MIT,b3c0,574,97.9240556521954,434,98.98136901855467,test,Primary EV use,Primary EV use,2,2,correct
MIT,b3c0,575,97.93493290039017,433,99.0826187133789,test,Primary EV use,Primary EV use,2,2,correct
MIT,b3c0,576,97.92157504051588,432,98.95930480957033,test,Primary EV use,Primary EV use,2,2,correct
MIT,b3c0,577,97.91618322041244,431,99.01898956298828,test,Primary EV use,Primary EV use,2,2,correct
MIT,b3c0,578,97.91163387220018,430,99.0042724609375,test,Primary EV use,Primary EV use,2,2,correct
MIT,b3c0,579,97.90239476379382,429,99.07306671142578,test,Primary EV use,Primary EV use,2,2,correct
MIT,b3c0,580,97.8923880698866,428,98.97937774658205,test,Primary EV use,Primary EV use,2,2,correct
MIT,b3c0,581,97.8848713484577,427,99.00880432128906,test,Primary EV use,Primary EV use,2,2,correct
MIT,b3c0,582,97.88132360571602,426,98.99138641357422,test,Primary EV use,Primary EV use,2,2,correct
MIT,b3c0,583,97.87607219759448,425,98.97315979003906,test,Primary EV use,Primary EV use,2,2,correct
MIT,b3c0,584,97.84673545418454,424,99.05299377441406,test,Primary EV use,Primary EV use,2,2,correct
MIT,b3c0,585,97.85653621051836,423,99.07355499267578,test,Primary EV use,Primary EV use,2,2,correct
MIT,b3c0,586,97.8538871044606,422,99.11183166503906,test,Primary EV use,Primary EV use,2,2,correct
MIT,b3c0,587,97.86095450754756,421,99.04283905029295,test,Primary EV use,Primary EV use,2,2,correct
MIT,b3c0,588,97.84338428821748,420,99.0447235107422,test,Primary EV use,Primary EV use,2,2,correct
MIT,b3c0,589,97.84953433302294,419,99.0025863647461,test,Primary EV use,Primary EV use,2,2,correct
MIT,b3c0,590,97.85028319692618,418,98.86150360107422,test,Primary EV use,Primary EV use,2,2,correct
MIT,b3c0,591,97.84310346425376,417,99.04278564453124,test,Primary EV use,Primary EV use,2,2,correct
MIT,b3c0,592,97.82543963693578,416,99.05949401855467,test,Primary EV use,Primary EV use,2,2,correct
MIT,b3c0,593,97.81479640871082,415,99.0513687133789,test,Primary EV use,Primary EV use,2,2,correct
MIT,b3c0,594,97.7855345516912,414,99.03809356689452,test,Primary EV use,Primary EV use,2,2,correct
MIT,b3c0,595,97.79093573259344,413,98.89056396484376,test,Primary EV use,Primary EV use,2,2,correct
MIT,b3c0,596,97.78999965271436,412,99.0751724243164,test,Primary EV use,Primary EV use,2,2,correct
MIT,b3c0,597,97.77530319861305,411,99.02091979980467,test,Primary EV use,Primary EV use,2,2,correct
MIT,b3c0,598,97.7717367342738,410,99.0086669921875,test,Primary EV use,Primary EV use,2,2,correct
MIT,b3c0,599,97.76822643472728,409,98.9635009765625,test,Primary EV use,Primary EV use,2,2,correct
MIT,b3c0,600,97.75840695679588,408,98.95648956298828,test,Primary EV use,Primary EV use,2,2,correct
MIT,b3c0,601,97.75239732397227,407,98.87199401855467,test,Primary EV use,Primary EV use,2,2,correct
MIT,b3c0,602,97.74270889722392,406,99.02457427978516,test,Primary EV use,Primary EV use,2,2,correct
MIT,b3c0,603,97.73515473259988,405,98.83586120605467,test,Primary EV use,Primary EV use,2,2,correct
MIT,b3c0,604,97.73678351158946,404,99.0609130859375,test,Primary EV use,Primary EV use,2,2,correct
MIT,b3c0,605,97.72653343691368,403,98.8448257446289,test,Primary EV use,Primary EV use,2,2,correct
MIT,b3c0,606,97.71845506755736,402,99.0267105102539,test,Primary EV use,Primary EV use,2,2,correct
MIT,b3c0,607,97.71270753709987,401,98.97346496582033,test,Primary EV use,Primary EV use,2,2,correct
MIT,b3c0,608,97.6997615523724,400,98.84619140625,test,Primary EV use,Primary EV use,2,2,correct
MIT,b3c0,609,97.68762059634092,399,98.94552612304688,test,Primary EV use,Primary EV use,2,2,correct
MIT,b3c0,610,97.67177276398832,398,98.677490234375,test,Primary EV use,Primary EV use,2,2,correct
MIT,b3c0,611,97.68118036677296,397,98.99154663085938,test,Primary EV use,Primary EV use,2,2,correct
MIT,b3c0,612,97.65996879671329,396,99.0684814453125,test,Primary EV use,Primary EV use,2,2,correct
MIT,b3c0,613,97.66200945084968,395,99.01847839355467,test,Primary EV use,Primary EV use,2,2,correct
MIT,b3c0,614,97.6619626468557,394,98.76709747314452,test,Primary EV use,Primary EV use,2,2,correct
MIT,b3c0,615,97.6370254788774,393,99.04448699951172,test,Primary EV use,Primary EV use,2,2,correct
MIT,b3c0,616,97.6318021531522,392,98.9422836303711,test,Primary EV use,Primary EV use,2,2,correct
MIT,b3c0,617,97.63359942652,391,98.88077545166016,test,Primary EV use,Primary EV use,2,2,correct
MIT,b3c0,618,97.63338412814782,390,98.95986938476562,test,Primary EV use,Primary EV use,2,2,correct
MIT,b3c0,619,97.62541808837696,389,98.91423034667967,test,Primary EV use,Primary EV use,2,2,correct
MIT,b3c0,620,97.60849376416346,388,98.84706115722656,test,Primary EV use,Primary EV use,2,2,correct
MIT,b3c0,621,97.60657480041137,387,98.96369934082033,test,Primary EV use,Primary EV use,2,2,correct
MIT,b3c0,622,97.60668712999686,386,98.80548858642578,test,Primary EV use,Primary EV use,2,2,correct
MIT,b3c0,623,97.56342151798646,385,98.90908813476562,test,Primary EV use,Primary EV use,2,2,correct
MIT,b3c0,624,97.57657344028732,384,98.9415283203125,test,Primary EV use,Primary EV use,2,2,correct
MIT,b3c0,625,97.56941242921243,383,98.92721557617188,test,Primary EV use,Primary EV use,2,2,correct
MIT,b3c0,626,97.56469458662195,382,98.8896026611328,test,Primary EV use,Primary EV use,2,2,correct
MIT,b3c0,627,97.56482563780504,381,98.90129852294922,test,Primary EV use,Primary EV use,2,2,correct
MIT,b3c0,628,97.56223269654004,380,98.82023620605467,test,Primary EV use,Primary EV use,2,2,correct
MIT,b3c0,629,97.52929204559568,379,98.79193115234376,test,Primary EV use,Primary EV use,2,2,correct
MIT,b3c0,630,97.53535784321204,378,98.88288116455078,test,Primary EV use,Primary EV use,2,2,correct
MIT,b3c0,631,97.51834927180944,377,98.91104125976562,test,Primary EV use,Primary EV use,2,2,correct
MIT,b3c0,632,97.52965711674852,376,98.95513916015624,test,Primary EV use,Primary EV use,2,2,correct
MIT,b3c0,633,97.50898847301876,375,98.87620544433594,test,Primary EV use,Primary EV use,2,2,correct
MIT,b3c0,634,97.51470792107985,374,98.84575653076172,test,Primary EV use,Primary EV use,2,2,correct
MIT,b3c0,635,97.49547147956504,373,98.8097686767578,test,Primary EV use,Primary EV use,2,2,correct
MIT,b3c0,636,97.49103446093828,372,98.88230895996094,test,Primary EV use,Primary EV use,2,2,correct
MIT,b3c0,637,97.47635672843452,371,98.72087097167967,test,Primary EV use,Primary EV use,2,2,correct
MIT,b3c0,638,97.47430671349936,370,98.77488708496094,test,Primary EV use,Primary EV use,2,2,correct
MIT,b3c0,639,97.4598442793678,369,98.8445053100586,test,Primary EV use,Primary EV use,2,2,correct
MIT,b3c0,640,97.45865545792137,368,98.75579071044922,test,Primary EV use,Primary EV use,2,2,correct
MIT,b3c0,641,97.45023073900978,367,98.91088104248048,test,Primary EV use,Primary EV use,2,2,correct
MIT,b3c0,642,97.43881992528397,366,98.78299713134766,test,Primary EV use,Primary EV use,2,2,correct
MIT,b3c0,643,97.4223449194124,365,98.57058715820312,test,Primary EV use,Primary EV use,2,2,correct
MIT,b3c0,644,97.42270999056524,364,98.8368148803711,test,Primary EV use,Primary EV use,2,2,correct
MIT,b3c0,645,97.40198518204272,363,98.60228729248048,test,Primary EV use,Primary EV use,2,2,correct
MIT,b3c0,646,97.40628178868764,362,98.77503204345705,test,Primary EV use,Primary EV use,2,2,correct
MIT,b3c0,647,97.39794131696516,361,98.78024291992188,test,Primary EV use,Primary EV use,2,2,correct
MIT,b3c0,648,97.4024064179883,360,98.7353286743164,test,Primary EV use,Primary EV use,2,2,correct
MIT,b3c0,649,97.37225528508358,359,98.75421142578124,test,Primary EV use,Primary EV use,2,2,correct
MIT,b3c0,650,97.3815599190815,358,98.8279800415039,test,Primary EV use,Primary EV use,2,2,correct
MIT,b3c0,651,97.3818781862404,357,98.86251068115234,test,Primary EV use,Primary EV use,2,2,correct
MIT,b3c0,652,97.3630161766772,356,98.77530670166016,test,Primary EV use,Primary EV use,2,2,correct
MIT,b3c0,653,97.36134059369368,355,98.60134887695312,test,Primary EV use,Primary EV use,2,2,correct
MIT,b3c0,654,97.36100360493722,354,98.79308319091795,test,Primary EV use,Primary EV use,2,2,correct
MIT,b3c0,655,97.34953662641868,353,98.53582763671876,test,Primary EV use,Primary EV use,2,2,correct
MIT,b3c0,656,97.3303563496966,352,98.80170440673828,test,Primary EV use,Primary EV use,2,2,correct
MIT,b3c0,657,97.33339860930356,351,98.58712768554688,test,Primary EV use,Primary EV use,2,2,correct
MIT,b3c0,658,97.30856441011194,350,98.58905792236328,test,Primary EV use,Primary EV use,2,2,correct
MIT,b3c0,659,97.31295462474476,349,98.63204956054688,test,Primary EV use,Primary EV use,2,2,correct
MIT,b3c0,660,97.29756547153292,348,98.66734313964844,test,Primary EV use,Primary EV use,2,2,correct
MIT,b3c0,661,97.27380776420222,347,98.29945373535156,test,Primary EV use,Primary EV use,2,2,correct
MIT,b3c0,662,97.27626029348538,346,98.44041442871094,test,Primary EV use,Primary EV use,2,2,correct
MIT,b3c0,663,97.24965690332232,345,98.15396118164062,test,Primary EV use,Primary EV use,2,2,correct
MIT,b3c0,664,97.26553281807126,344,98.64309692382812,test,Primary EV use,Primary EV use,2,2,correct
MIT,b3c0,665,97.26715223626206,343,98.5591812133789,test,Primary EV use,Primary EV use,2,2,correct
MIT,b3c0,666,97.26023460595576,342,98.531982421875,test,Primary EV use,Primary EV use,2,2,correct
MIT,b3c0,667,97.25593799931085,341,98.3823471069336,test,Primary EV use,Primary EV use,2,2,correct
MIT,b3c0,668,97.24189680112484,340,98.31449127197266,test,Primary EV use,Primary EV use,2,2,correct
MIT,b3c0,669,97.23728192732106,339,98.39056396484376,test,Primary EV use,Primary EV use,2,2,correct
MIT,b3c0,670,97.21958065680792,338,98.06212615966795,test,Primary EV use,Primary EV use,2,2,correct
MIT,b3c0,671,97.20574539619533,337,98.40858459472656,test,Primary EV use,Primary EV use,2,2,correct
MIT,b3c0,672,97.201870025496,336,98.45431518554688,test,Primary EV use,Primary EV use,2,2,correct
MIT,b3c0,673,97.1846367949224,335,98.25151824951172,test,Primary EV use,Primary EV use,2,2,correct
MIT,b3c0,674,97.19006605822096,334,98.37926483154295,test,Primary EV use,Primary EV use,2,2,correct
MIT,b3c0,675,97.17507005855836,333,98.2722396850586,test,Primary EV use,Primary EV use,2,2,correct
MIT,b3c0,676,97.163593719241,332,98.42351531982422,test,Primary EV use,Primary EV use,2,2,correct
MIT,b3c0,677,97.1616841162877,331,98.62657165527344,test,Primary EV use,Primary EV use,2,2,correct
MIT,b3c0,678,97.16362180163736,330,98.04377746582033,test,Primary EV use,Primary EV use,2,2,correct
MIT,b3c0,679,97.1549817843536,329,98.16017150878906,test,Primary EV use,Primary EV use,2,2,correct
MIT,b3c0,680,97.13025055394868,328,98.12923431396484,test,Primary EV use,Primary EV use,2,2,correct
MIT,b3c0,681,97.14098739016154,327,98.39659118652344,test,Primary EV use,Primary EV use,2,2,correct
MIT,b3c0,682,97.10874879912652,326,98.1473388671875,test,Primary EV use,Primary EV use,2,2,correct
MIT,b3c0,683,97.09757200537048,325,98.36000061035156,test,Primary EV use,Primary EV use,2,2,correct
MIT,b3c0,684,97.08698494193824,324,98.37139892578124,test,Primary EV use,Primary EV use,2,2,correct
MIT,b3c0,685,97.07702505202498,323,98.07543182373048,test,Primary EV use,Primary EV use,2,2,correct
MIT,b3c0,686,97.07692208323829,322,97.93008422851562,test,Primary EV use,Primary EV use,2,2,correct
MIT,b3c0,687,97.05042166186192,321,98.1598663330078,test,Primary EV use,Primary EV use,2,2,correct
MIT,b3c0,688,97.03146604431082,320,98.01554107666016,test,Primary EV use,Primary EV use,2,2,correct
MIT,b3c0,689,97.02950963736356,319,98.16320037841795,test,Primary EV use,Primary EV use,2,2,correct
MIT,b3c0,690,97.02874205186276,318,97.86237335205078,test,Primary EV use,Primary EV use,2,2,correct
MIT,b3c0,691,97.02218949270927,317,97.9203872680664,test,Primary EV use,Primary EV use,2,2,correct
MIT,b3c0,692,97.00539621967886,316,97.71802520751952,test,Primary EV use,Primary EV use,2,2,correct
MIT,b3c0,693,97.01039488623304,315,97.91973876953124,test,Primary EV use,Primary EV use,2,2,correct
MIT,b3c0,694,96.98871527623388,314,98.10120391845705,test,Primary EV use,Primary EV use,2,2,correct
MIT,b3c0,695,96.98036544371264,313,98.10016632080078,test,Primary EV use,Primary EV use,2,2,correct
MIT,b3c0,696,96.96061415826432,312,97.85942840576172,test,Primary EV use,Primary EV use,2,2,correct
MIT,b3c0,697,96.960941786222,311,98.12332153320312,test,Primary EV use,Primary EV use,2,2,correct
MIT,b3c0,698,96.941312191158,310,97.7169952392578,test,Primary EV use,Primary EV use,2,2,correct
MIT,b3c0,699,96.94042291527288,309,97.98616790771484,test,Primary EV use,Primary EV use,2,2,correct
MIT,b3c0,700,96.92831940243656,308,97.8287582397461,test,Primary EV use,Primary EV use,2,2,correct
MIT,b3c0,701,96.91967938515278,307,97.76576232910156,test,Primary EV use,Primary EV use,2,2,correct
MIT,b3c0,702,96.89731643684188,306,97.76068878173828,test,Primary EV use,Primary EV use,2,2,correct
MIT,b3c0,703,96.89351595253288,305,97.86100006103516,test,Primary EV use,Primary EV use,2,2,correct
MIT,b3c0,704,96.88091631736064,304,97.86227416992188,test,Primary EV use,Primary EV use,2,2,correct
MIT,b3c0,705,96.86360820039673,303,97.75023651123048,test,Primary EV use,Primary EV use,2,2,correct
MIT,b3c0,706,96.85411635042298,302,97.96234130859376,test,Primary EV use,Primary EV use,2,2,correct
MIT,b3c0,707,96.84838754156311,301,97.63629150390624,test,Primary EV use,Primary EV use,2,2,correct
MIT,b3c0,708,96.8324648228202,300,97.95319366455078,test,Primary EV use,Primary EV use,2,2,correct
MIT,b3c0,709,96.82210241855894,299,97.62118530273438,test,Primary EV use,Primary EV use,2,2,correct
MIT,b3c0,710,96.80737788206122,298,97.61680603027344,test,Primary EV use,Primary EV use,2,2,correct
MIT,b3c0,711,96.8038956649111,297,97.60582733154295,test,Primary EV use,Primary EV use,2,2,correct
MIT,b3c0,712,96.78629736318466,296,97.6803207397461,test,Primary EV use,Primary EV use,2,2,correct
MIT,b3c0,713,96.79884083356414,295,97.71240234375,test,Primary EV use,Primary EV use,2,2,correct
MIT,b3c0,714,96.78773892619844,294,97.70581817626952,test,Primary EV use,Primary EV use,2,2,correct
MIT,b3c0,715,96.78186034455788,293,97.70262145996094,test,Primary EV use,Primary EV use,2,2,correct
MIT,b3c0,716,96.77295822490797,292,97.62127685546876,test,Primary EV use,Primary EV use,2,2,correct
MIT,b3c0,717,96.76206225511564,291,97.4699249267578,test,Primary EV use,Primary EV use,2,2,correct
MIT,b3c0,718,96.74944389834585,290,97.82440185546876,test,Primary EV use,Primary EV use,2,2,correct
MIT,b3c0,719,96.7418616513254,289,97.65755462646484,test,Primary EV use,Primary EV use,2,2,correct
MIT,b3c0,720,96.73621708965464,288,97.58493041992188,test,Primary EV use,Primary EV use,2,2,correct
MIT,b3c0,721,96.7348504130312,287,97.85523986816406,test,Primary EV use,Primary EV use,2,2,correct
MIT,b3c0,722,96.72150191395572,286,97.8350601196289,test,Primary EV use,Primary EV use,2,2,correct
MIT,b3c0,723,96.72009779413712,285,97.60352325439452,test,Primary EV use,Primary EV use,2,2,correct
MIT,b3c0,724,96.6916409658135,284,97.7165756225586,test,Primary EV use,Primary EV use,2,2,correct
MIT,b3c0,725,96.67379928331852,283,97.6928482055664,test,Primary EV use,Primary EV use,2,2,correct
MIT,b3c0,726,96.67354654175118,282,97.82256317138672,test,Primary EV use,Primary EV use,2,2,correct
MIT,b3c0,727,96.66357729103912,281,97.60443878173828,test,Primary EV use,Primary EV use,2,2,correct
MIT,b3c0,728,96.65173588056892,280,97.626220703125,test,Primary EV use,Primary EV use,2,2,correct
MIT,b3c0,729,96.64372303680412,279,97.6175308227539,test,Primary EV use,Primary EV use,2,2,correct
MIT,b3c0,730,96.6273978037132,278,97.61087036132812,test,Primary EV use,Primary EV use,2,2,correct
MIT,b3c0,731,96.61344085271634,277,97.71945190429688,test,Primary EV use,Primary EV use,2,2,correct
MIT,b3c0,732,96.60828305258268,276,97.54501342773438,test,Primary EV use,Primary EV use,2,2,correct
MIT,b3c0,733,96.59818275068758,275,97.60506439208984,test,Primary EV use,Primary EV use,2,2,correct
MIT,b3c0,734,96.5983512450658,274,97.32340240478516,test,Primary EV use,Primary EV use,2,2,correct
MIT,b3c0,735,96.57345152028265,273,97.6574478149414,test,Primary EV use,Primary EV use,2,2,correct
MIT,b3c0,736,96.5543648515485,272,97.54602813720705,test,Primary EV use,Primary EV use,2,2,correct
MIT,b3c0,737,96.53265715915296,271,97.30503845214844,test,Primary EV use,Primary EV use,2,2,correct
MIT,b3c0,738,96.52492513935186,270,97.35413360595705,test,Primary EV use,Primary EV use,2,2,correct
MIT,b3c0,739,96.51923377368712,269,97.53782653808594,test,Primary EV use,Primary EV use,2,2,correct
MIT,b3c0,740,96.50490239073864,268,97.21250915527344,test,Primary EV use,Primary EV use,2,2,correct
MIT,b3c0,741,96.48037709790712,267,97.24806213378906,test,Primary EV use,Primary EV use,2,2,correct
MIT,b3c0,742,96.46735622678932,266,97.22175598144533,test,Primary EV use,Primary EV use,2,2,correct
MIT,b3c0,743,96.46600827176346,265,97.38945770263672,test,Primary EV use,Primary EV use,2,2,correct
MIT,b3c0,744,96.44930860672092,264,97.62145233154295,test,Primary EV use,Primary EV use,2,2,correct
MIT,b3c0,745,96.42720776077616,263,97.2210922241211,test,Primary EV use,Primary EV use,2,2,correct
MIT,b3c0,746,96.42803151106972,262,97.37319946289062,test,Primary EV use,Primary EV use,2,2,correct
MIT,b3c0,747,96.42117940635498,261,97.05304718017578,test,Primary EV use,Primary EV use,2,2,correct
MIT,b3c0,748,96.4093099134884,260,97.07276916503906,test,Primary EV use,Primary EV use,2,2,correct
MIT,b3c0,749,96.39863860286708,259,97.05685424804688,test,Primary EV use,Primary EV use,2,2,correct
MIT,b3c0,750,96.38099349714668,258,97.11344909667967,test,Primary EV use,Primary EV use,2,2,correct
MIT,b3c0,751,96.36797262602886,257,97.6091537475586,test,Primary EV use,Primary EV use,2,2,correct
MIT,b3c0,752,96.36277738270005,256,97.05751037597656,test,Primary EV use,Primary EV use,2,2,correct
MIT,b3c0,753,96.35537299085664,255,97.41203308105467,test,Primary EV use,Primary EV use,2,2,correct
MIT,b3c0,754,96.32649492658749,254,97.35575103759766,test,Primary EV use,Primary EV use,2,2,correct
MIT,b3c0,755,96.29290838052655,253,97.33222198486328,test,Primary EV use,Primary EV use,2,2,correct
MIT,b3c0,756,96.29446227312582,252,97.04249572753906,test,Primary EV use,Primary EV use,2,2,correct
MIT,b3c0,757,96.27491692525092,251,97.09220123291016,test,Primary EV use,Primary EV use,2,2,correct
MIT,b3c0,758,96.26568717764334,250,97.0826416015625,test,Primary EV use,Primary EV use,2,2,correct
MIT,b3c0,759,96.24695621926324,249,97.01129913330078,test,Primary EV use,Primary EV use,2,2,correct
MIT,b3c0,760,96.22687730585726,248,97.05416870117188,test,Primary EV use,Primary EV use,2,2,correct
MIT,b3c0,761,96.2116940902188,247,97.12701416015624,test,Primary EV use,Primary EV use,2,2,correct
MIT,b3c0,762,96.20389654482618,246,97.0676498413086,test,Primary EV use,Primary EV use,2,2,correct
MIT,b3c0,763,96.1925699782895,245,97.32073974609376,test,Primary EV use,Primary EV use,2,2,correct
MIT,b3c0,764,96.17117119225404,244,97.02664947509766,test,Primary EV use,Primary EV use,2,2,correct
MIT,b3c0,765,96.15365713771672,243,97.24970245361328,test,Primary EV use,Primary EV use,2,2,correct
MIT,b3c0,766,96.1282425690001,242,97.128662109375,test,Primary EV use,Primary EV use,2,2,correct
MIT,b3c0,767,96.1321273004982,241,96.94075775146484,test,Primary EV use,Primary EV use,2,2,correct
MIT,b3c0,768,96.11403287643586,240,97.18247985839844,test,Primary EV use,Primary EV use,2,2,correct
MIT,b3c0,769,96.09928025754178,239,97.21710205078124,test,Primary EV use,Primary EV use,2,2,correct
MIT,b3c0,770,96.09068704425196,238,96.92705535888672,test,Primary EV use,Primary EV use,2,2,correct
MIT,b3c0,771,96.07959449768502,237,97.24371337890624,test,Primary EV use,Primary EV use,2,2,correct
MIT,b3c0,772,96.07116041797464,236,97.10530090332033,test,Primary EV use,Primary EV use,2,2,correct
MIT,b3c0,773,96.06260464787997,235,97.10918426513672,test,Primary EV use,Primary EV use,2,2,correct
MIT,b3c0,774,96.03566426896045,234,96.93618774414062,test,Primary EV use,Primary EV use,2,2,correct
MIT,b3c0,775,96.02571373984598,233,96.8267822265625,test,Primary EV use,Primary EV use,2,2,correct
MIT,b3c0,776,96.00748826460055,232,97.22637939453124,test,Primary EV use,Primary EV use,2,2,correct
MIT,b3c0,777,95.9958247093074,231,97.08441162109376,test,Primary EV use,Primary EV use,2,2,correct
MIT,b3c0,778,95.99869847453616,230,97.10675811767578,test,Primary EV use,Primary EV use,2,2,correct
MIT,b3c0,779,95.96189181369124,229,96.9371337890625,test,Primary EV use,Primary EV use,2,2,correct
MIT,b3c0,780,95.95821301976652,228,96.7453384399414,test,Primary EV use,Primary EV use,2,2,correct
MIT,b3c0,781,95.93535394911974,227,96.97014617919922,test,Primary EV use,Primary EV use,2,2,correct
MIT,b3c0,782,95.91310333039436,226,96.9776611328125,test,Primary EV use,Primary EV use,2,2,correct
MIT,b3c0,783,95.88305516627634,225,96.9882583618164,test,Primary EV use,Primary EV use,2,2,correct
MIT,b3c0,784,95.87214047488642,224,96.76415252685548,test,Primary EV use,Primary EV use,2,2,correct
MIT,b3c0,785,95.85055447287516,223,96.62030029296876,test,Primary EV use,Primary EV use,2,2,correct
MIT,b3c0,786,95.83202945206844,222,97.08343505859376,test,Primary EV use,Primary EV use,2,2,correct
MIT,b3c0,787,95.80688634651672,221,96.45252990722656,test,Primary EV use,Primary EV use,2,2,correct
MIT,b3c0,788,95.80455550761783,220,96.93618774414062,test,Primary EV use,Primary EV use,2,2,correct
MIT,b3c0,789,95.7786541773641,219,97.1374053955078,test,Primary EV use,Primary EV use,2,2,correct
MIT,b3c0,790,95.76360201290872,218,96.74730682373048,test,Primary EV use,Primary EV use,2,2,correct
MIT,b3c0,791,95.73900183368688,217,96.76399993896484,test,Primary EV use,Primary EV use,2,2,correct
MIT,b3c0,792,95.72817138948608,216,96.7283706665039,test,Primary EV use,Primary EV use,2,2,correct
MIT,b3c0,793,95.70175521529885,215,96.81747436523438,test,Primary EV use,Primary EV use,2,2,correct
MIT,b3c0,794,95.68089935559324,214,96.97171020507812,test,Primary EV use,Primary EV use,2,2,correct
MIT,b3c0,795,95.65121626262808,213,97.09078979492188,test,Primary EV use,Primary EV use,2,2,correct
MIT,b3c0,796,95.6358271094162,212,96.3629379272461,test,Primary EV use,Primary EV use,2,2,correct
MIT,b3c0,797,95.61631920473648,211,96.3387451171875,test,Primary EV use,Primary EV use,2,2,correct
MIT,b3c0,798,95.59241172462512,210,96.427001953125,test,Primary EV use,Primary EV use,2,2,correct
MIT,b3c0,799,95.57393350781236,209,96.36682891845705,test,Primary EV use,Primary EV use,2,2,correct
MIT,b3c0,800,95.54627234738597,208,96.74434661865234,test,Primary EV use,Primary EV use,2,2,correct
MIT,b3c0,801,95.53356038262828,207,96.28679656982422,test,Primary EV use,Primary EV use,2,2,correct
MIT,b3c0,802,95.50392409365703,206,97.03712463378906,test,Primary EV use,Primary EV use,2,2,correct
MIT,b3c0,803,95.48229128765182,205,96.08654022216795,test,Primary EV use,Primary EV use,2,2,correct
MIT,b3c0,804,95.46081761522603,204,96.36729431152344,test,Primary EV use,Primary EV use,2,2,correct
MIT,b3c0,805,95.43755603023124,203,96.7246551513672,test,Primary EV use,Primary EV use,2,2,correct
MIT,b3c0,806,95.40985742660968,202,96.14299011230467,test,Primary EV use,Primary EV use,2,2,correct
MIT,b3c0,807,95.4003281334408,201,96.20309448242188,test,Primary EV use,Primary EV use,2,2,correct
MIT,b3c0,808,95.37423958721124,200,96.42414093017578,test,Primary EV use,Primary EV use,2,2,correct
MIT,b3c0,809,95.3516145365342,199,96.242431640625,test,Primary EV use,Primary EV use,2,2,correct
MIT,b3c0,810,95.33074931602984,198,96.7848129272461,test,Primary EV use,Primary EV use,2,2,correct
MIT,b3c0,811,95.31227109921709,197,96.23619079589844,test,Primary EV use,Primary EV use,2,2,correct
MIT,b3c0,812,95.28614510979234,196,96.21438598632812,test,Primary EV use,Primary EV use,2,2,correct
MIT,b3c0,813,95.27608225109236,195,96.22156524658205,test,Primary EV use,Primary EV use,2,2,correct
MIT,b3c0,814,95.25208116299312,194,96.44338989257812,test,Primary EV use,Primary EV use,2,2,correct
MIT,b3c0,815,95.2315716528428,193,96.74388885498048,test,Primary EV use,Primary EV use,2,2,correct
MIT,b3c0,816,95.20923678692829,192,96.60211944580078,test,Primary EV use,Primary EV use,2,2,correct
MIT,b3c0,817,95.20656895927294,191,96.39832305908205,test,Primary EV use,Primary EV use,2,2,correct
MIT,b3c0,818,95.18695808580652,190,96.24958801269533,test,Primary EV use,Primary EV use,2,2,correct
MIT,b3c0,819,95.1473712677208,189,96.45482635498048,test,Primary EV use,Primary EV use,2,2,correct
MIT,b3c0,820,95.12597248168537,188,96.1256103515625,test,Primary EV use,Primary EV use,2,2,correct
MIT,b3c0,821,95.09554988561572,187,96.4713134765625,test,Primary EV use,Primary EV use,2,2,correct
MIT,b3c0,822,95.06075579651085,186,96.15423583984376,test,Primary EV use,Primary EV use,2,2,correct
MIT,b3c0,823,95.04261456845452,185,95.84866333007812,test,Primary EV use,Primary EV use,2,2,correct
MIT,b3c0,824,95.01983974499684,184,95.9964370727539,test,Primary EV use,Primary EV use,2,2,correct
MIT,b3c0,825,94.99274959329668,183,96.33160400390624,test,Primary EV use,Primary EV use,2,2,correct
MIT,b3c0,826,94.97662093698035,182,95.83419036865234,test,Primary EV use,Primary EV use,2,2,correct
MIT,b3c0,827,94.9458239089591,181,96.02788543701172,test,Primary EV use,Primary EV use,2,2,correct
MIT,b3c0,828,94.92699934259107,180,95.90477752685548,test,Primary EV use,Primary EV use,2,2,correct
MIT,b3c0,829,94.89129725600353,179,96.09107971191406,test,Primary EV use,Primary EV use,2,2,correct
MIT,b3c0,830,94.86357056998558,178,96.31307220458984,test,Primary EV use,Primary EV use,2,2,correct
MIT,b3c0,831,94.84352909977478,177,95.87826538085938,test,Primary EV use,Primary EV use,2,2,correct
MIT,b3c0,832,94.81496930266448,176,95.6647720336914,test,Primary EV use,Primary EV use,2,2,correct
MIT,b3c0,833,94.77893958811924,175,95.6247100830078,test,Primary EV use,Primary EV use,2,2,correct
MIT,b3c0,834,94.75699787575394,174,95.90833282470705,test,Primary EV use,Primary EV use,2,2,correct
MIT,b3c0,835,94.72640678530604,173,95.70804595947266,test,Primary EV use,Primary EV use,2,2,correct
MIT,b3c0,836,94.69603099323037,172,95.9931869506836,test,Primary EV use,Primary EV use,2,2,correct
MIT,b3c0,837,94.65564850724746,171,95.69756317138672,test,Primary EV use,Primary EV use,2,2,correct
MIT,b3c0,838,94.63249925183815,170,95.57755279541016,test,Primary EV use,Primary EV use,2,2,correct
MIT,b3c0,839,94.61064178666196,169,95.7765121459961,test,Primary EV use,Primary EV use,2,2,correct
MIT,b3c0,840,94.587342758472,168,96.00398254394533,test,Primary EV use,Primary EV use,2,2,correct
MIT,b3c0,841,94.5573975631407,167,95.4936981201172,test,Primary EV use,Primary EV use,2,2,correct
MIT,b3c0,842,94.5323293439793,166,95.6075439453125,test,Primary EV use,Primary EV use,2,2,correct
MIT,b3c0,843,94.50623143695096,165,95.65753936767578,test,Primary EV use,Primary EV use,2,2,correct
MIT,b3c0,844,94.47175561500494,164,95.72562408447266,test,Primary EV use,Primary EV use,2,2,correct
MIT,b3c0,845,94.44948627468196,163,95.84371185302734,test,Primary EV use,Primary EV use,2,2,correct
MIT,b3c0,846,94.41611502699324,162,95.49983978271484,test,Primary EV use,Primary EV use,2,2,correct
MIT,b3c0,847,94.4021393543988,161,95.20462036132812,test,Primary EV use,Primary EV use,2,2,correct
MIT,b3c0,848,94.37101469841986,160,95.5616455078125,test,Primary EV use,Primary EV use,2,2,correct
MIT,b3c0,849,94.33623933091256,159,95.32584381103516,test,Primary EV use,Primary EV use,2,2,correct
MIT,b3c0,850,94.30680897951471,158,95.1838607788086,test,Primary EV use,Primary EV use,2,2,correct
MIT,b3c0,851,94.266239277556,157,95.12665557861328,test,Primary EV use,Primary EV use,2,2,correct
MIT,b3c0,852,94.24368911326933,156,95.46118927001952,test,Primary EV use,Primary EV use,2,2,correct
MIT,b3c0,853,94.20709775079663,155,95.43279266357422,test,Primary EV use,Primary EV use,2,2,correct
MIT,b3c0,854,94.16895249572468,154,95.1904525756836,test,Primary EV use,Primary EV use,2,2,correct
MIT,b3c0,855,94.1331380795516,153,95.24977111816406,test,Primary EV use,Primary EV use,2,2,correct
MIT,b3c0,856,94.09713644740276,152,95.3945083618164,test,Primary EV use,Primary EV use,2,2,correct
MIT,b3c0,857,94.07260179377242,151,94.78033447265624,test,Primary EV use,Primary EV use,2,2,correct
MIT,b3c0,858,94.02559186224572,150,95.23404693603516,test,Primary EV use,Primary EV use,2,2,correct
MIT,b3c0,859,94.01168171524282,149,95.11093139648438,test,Primary EV use,Primary EV use,2,2,correct
MIT,b3c0,860,93.9612644529563,148,95.1226043701172,test,Primary EV use,Primary EV use,2,2,correct
MIT,b3c0,861,93.92614273589376,147,94.66812133789062,test,Primary EV use,Primary EV use,2,2,correct
MIT,b3c0,862,93.8903095981231,146,94.7323989868164,test,Primary EV use,Primary EV use,2,2,correct
MIT,b3c0,863,93.86121623548176,145,94.564697265625,test,Primary EV use,Primary EV use,2,2,correct
MIT,b3c0,864,93.83505280286188,144,94.67396545410156,test,Primary EV use,Primary EV use,2,2,correct
MIT,b3c0,865,93.79364998981076,143,94.5683822631836,test,Primary EV use,Primary EV use,2,2,correct
MIT,b3c0,866,93.75137662247214,142,94.76155853271484,test,Primary EV use,Primary EV use,2,2,correct
MIT,b3c0,867,93.7211506031771,141,94.65050506591795,test,Primary EV use,Primary EV use,2,2,correct
MIT,b3c0,868,93.67461807238872,140,94.77532196044922,test,Primary EV use,Primary EV use,2,2,correct
MIT,b3c0,869,93.64090983594356,139,94.31578063964844,test,Primary EV use,Primary EV use,2,2,correct
MIT,b3c0,870,93.61735806618628,138,94.515625,test,Primary EV use,Primary EV use,2,2,correct
MIT,b3c0,871,93.57240751039352,137,94.89053344726562,test,Primary EV use,Primary EV use,2,2,correct
MIT,b3c0,872,93.53605204005036,136,94.61876678466795,test,Primary EV use,Primary EV use,2,2,correct
MIT,b3c0,873,93.49125968175716,135,94.62820434570312,test,Primary EV use,Primary EV use,2,2,correct
MIT,b3c0,874,93.46082959704847,134,94.92112731933594,test,Primary EV use,Primary EV use,2,2,correct
MIT,b3c0,875,93.4054754494798,133,94.6352996826172,test,Primary EV use,Primary EV use,2,2,correct
MIT,b3c0,876,93.36159296082909,132,94.48971557617188,test,Primary EV use,Primary EV use,2,2,correct
MIT,b3c0,877,93.33828738007996,131,94.59103393554688,test,Primary EV use,Primary EV use,2,2,correct
MIT,b3c0,878,93.2868001784917,130,94.5715103149414,test,Primary EV use,Primary EV use,2,2,correct
MIT,b3c0,879,93.2316969003306,129,94.58642578125,test,Primary EV use,Primary EV use,2,2,correct
MIT,b3c0,880,93.18130865652036,128,94.53379821777344,test,Primary EV use,Primary EV use,2,2,correct
MIT,b3c0,881,93.1478101019681,127,94.50438690185548,test,Primary EV use,Primary EV use,2,2,correct
MIT,b3c0,882,93.1107450830766,126,94.46544647216795,test,Primary EV use,Primary EV use,2,2,correct
MIT,b3c0,883,93.070863399829,125,94.57042694091795,test,Primary EV use,Primary EV use,2,2,correct
MIT,b3c0,884,93.03167909609132,124,94.29389190673828,test,Primary EV use,Primary EV use,2,2,correct
MIT,b3c0,885,92.98389034610524,123,94.05235290527344,test,Primary EV use,Primary EV use,2,2,correct
MIT,b3c0,886,92.93306120867196,122,94.35549926757812,test,Primary EV use,Primary EV use,2,2,correct
MIT,b3c0,887,92.89249337887298,121,94.09849548339844,test,Primary EV use,Primary EV use,2,2,correct
MIT,b3c0,888,92.84471024536616,120,94.0455322265625,test,Primary EV use,Primary EV use,2,2,correct
MIT,b3c0,889,92.79510362825498,119,93.87702178955078,test,Primary EV use,Primary EV use,2,2,correct
MIT,b3c0,890,92.74450383039203,118,93.93750762939452,test,Primary EV use,Primary EV use,2,2,correct
MIT,b3c0,891,92.69748547414646,117,94.0167236328125,test,Primary EV use,Primary EV use,2,2,correct
MIT,b3c0,892,92.64792846926882,116,93.88346099853516,test,Primary EV use,Primary EV use,2,2,correct
MIT,b3c0,893,92.6088387095989,115,94.29320526123048,test,Primary EV use,Primary EV use,2,2,correct
MIT,b3c0,894,92.55118554984722,114,93.93888854980467,test,Primary EV use,Primary EV use,2,2,correct
MIT,b3c0,895,92.50994280645546,113,93.705078125,test,Primary EV use,Primary EV use,2,2,correct
MIT,b3c0,896,92.4517879078886,112,93.70278930664062,test,Primary EV use,Primary EV use,2,2,correct
MIT,b3c0,897,92.4056953346434,111,93.57843780517578,test,Primary EV use,Primary EV use,2,2,correct
MIT,b3c0,898,92.35802453072208,110,93.58975982666016,test,Primary EV use,Primary EV use,2,2,correct
MIT,b3c0,899,92.28716515603654,109,93.4046401977539,test,Primary EV use,Primary EV use,2,2,correct
MIT,b3c0,900,92.2357668820368,108,93.367919921875,test,Primary EV use,Primary EV use,2,2,correct
MIT,b3c0,901,92.18143399761615,107,93.38250732421876,test,Primary EV use,Primary EV use,2,2,correct
MIT,b3c0,902,92.12119819347816,106,93.63226318359376,test,Primary EV use,Primary EV use,2,2,correct
MIT,b3c0,903,92.06916432124052,105,93.46234130859376,test,Primary EV use,Primary EV use,2,2,correct
MIT,b3c0,904,92.0271951798626,104,93.5451889038086,test,Primary EV use,Primary EV use,2,2,correct
MIT,b3c0,905,91.96434303246258,103,93.4429702758789,test,Primary EV use,Primary EV use,2,2,correct
MIT,b3c0,906,91.91717958383572,102,93.39439392089844,test,Primary EV use,Primary EV use,2,2,correct
MIT,b3c0,907,91.85542077773448,101,93.57037353515624,test,Primary EV use,Primary EV use,2,2,correct
MIT,b3c0,908,91.79004589506036,100,93.35484313964844,test,Primary EV use,Primary EV use,2,2,correct
MIT,b3c0,909,91.72952552263912,99,93.31566619873048,test,Primary EV use,Primary EV use,2,2,correct
MIT,b3c0,910,91.67445594335368,98,93.29411315917967,test,Primary EV use,Primary EV use,2,2,correct
MIT,b3c0,911,91.6099572314464,97,93.04022216796876,test,Primary EV use,Primary EV use,2,2,correct
MIT,b3c0,912,91.54134632063038,96,92.88543701171876,test,Primary EV use,Primary EV use,2,2,correct
MIT,b3c0,913,91.4718704720061,95,92.7265853881836,test,Primary EV use,Primary EV use,2,2,correct
MIT,b3c0,914,91.42920488719815,94,92.662353515625,test,Primary EV use,Primary EV use,2,2,correct
MIT,b3c0,915,91.364186650958,93,93.01296997070312,test,Primary EV use,Primary EV use,2,2,correct
MIT,b3c0,916,91.3029969814232,92,93.04215240478516,test,Primary EV use,Primary EV use,2,2,correct
MIT,b3c0,917,91.24545615125702,91,92.9438705444336,test,Primary EV use,Primary EV use,2,2,correct
MIT,b3c0,918,91.18330044728704,90,93.0027084350586,test,Primary EV use,Primary EV use,2,2,correct
MIT,b3c0,919,91.10886524746348,89,92.81346893310548,test,Primary EV use,Primary EV use,2,2,correct
MIT,b3c0,920,91.036147754218,88,92.59579467773438,test,Primary EV use,Primary EV use,2,2,correct
MIT,b3c0,921,90.96313445973074,87,92.4794921875,test,Primary EV use,Primary EV use,2,2,correct
MIT,b3c0,922,90.9113009085872,86,92.42330169677734,test,Primary EV use,Primary EV use,2,2,correct
MIT,b3c0,923,90.8603388478111,85,92.43025970458984,test,Primary EV use,Primary EV use,2,2,correct
MIT,b3c0,924,90.77203188025965,84,91.77210998535156,test,Primary EV use,Primary EV use,2,2,correct
MIT,b3c0,925,90.6912472506164,83,91.75202941894533,test,Primary EV use,Primary EV use,2,2,correct
MIT,b3c0,926,90.62761347651735,82,91.75396728515624,test,Primary EV use,Primary EV use,2,2,correct
MIT,b3c0,927,90.56231067199396,81,91.83934783935548,test,Primary EV use,Primary EV use,2,2,correct
MIT,b3c0,928,90.47281581907598,80,92.09590911865234,test,Primary EV use,Primary EV use,2,2,correct
MIT,b3c0,929,90.39481509099303,79,91.9718017578125,test,Primary EV use,Primary EV use,2,2,correct
MIT,b3c0,930,90.31346694126258,78,91.5066909790039,test,Primary EV use,Primary EV use,2,2,correct
MIT,b3c0,931,90.24111732740955,77,91.40979766845705,test,Primary EV use,Primary EV use,2,2,correct
MIT,b3c0,932,90.14726502265454,76,91.27661895751952,test,Primary EV use,Primary EV use,2,2,correct
MIT,b3c0,933,90.08488091519403,75,91.34718322753906,test,Primary EV use,Primary EV use,2,2,correct
MIT,b3c0,934,89.99791441402944,74,91.10472106933594,test,Primary EV use,Primary EV use,2,2,correct
MIT,b3c0,935,89.92582690254255,73,91.27175903320312,test,Primary EV use,Primary EV use,2,2,correct
MIT,b3c0,936,89.8301117988282,72,90.89378356933594,test,Primary EV use,Primary EV use,2,2,correct
MIT,b3c0,937,89.76625430163807,71,91.14995574951172,test,Primary EV use,Primary EV use,2,2,correct
MIT,b3c0,938,89.67192272398495,70,91.02790832519533,test,Primary EV use,Primary EV use,2,2,correct
MIT,b3c0,939,89.58471471421153,69,90.90960693359376,test,Primary EV use,Primary EV use,2,2,correct
MIT,b3c0,940,89.50407517694951,68,90.8310775756836,test,Primary EV use,Primary EV use,2,2,correct
MIT,b3c0,941,89.4088618120503,67,90.7160415649414,test,Primary EV use,Primary EV use,2,2,correct
MIT,b3c0,942,89.3283832805275,66,90.42656707763672,test,Primary EV use,Primary EV use,2,2,correct
MIT,b3c0,943,89.24791598196323,65,90.4915542602539,test,Primary EV use,Primary EV use,2,2,correct
MIT,b3c0,944,89.14500242397884,64,90.37511444091795,test,Primary EV use,Primary EV use,2,2,correct
MIT,b3c0,945,89.05738253905862,63,90.27458190917967,test,Primary EV use,Primary EV use,2,2,correct
MIT,b3c0,946,88.95489864173872,62,90.1135025024414,test,Primary EV use,Primary EV use,2,2,correct
MIT,b3c0,947,88.86277621260021,61,90.14656066894533,test,Primary EV use,Primary EV use,2,2,correct
MIT,b3c0,948,88.77629460081293,60,90.11481475830078,test,Primary EV use,Primary EV use,2,2,correct
MIT,b3c0,949,88.66604404873642,59,89.83468627929688,test,Primary EV use,Primary EV use,2,2,correct
MIT,b3c0,950,88.58573307551197,58,89.75386047363281,test,Primary EV use,Primary EV use,2,2,correct
MIT,b3c0,951,88.48722751767811,57,89.63951873779297,test,Primary EV use,Primary EV use,2,2,correct
MIT,b3c0,952,88.38141866462776,56,89.67138671875,test,Primary EV use,Primary EV use,2,2,correct
MIT,b3c0,953,88.28040254055823,55,89.39588165283203,test,Primary EV use,Primary EV use,2,2,correct
MIT,b3c0,954,88.18543442858734,54,89.4109878540039,test,Primary EV use,Primary EV use,2,2,correct
MIT,b3c0,955,88.08362544486025,53,89.35311126708984,test,Primary EV use,Primary EV use,2,2,correct
MIT,b3c0,956,87.97037382069146,52,89.22966003417969,test,Primary EV use,Primary EV use,2,2,correct
MIT,b3c0,957,87.88324444162788,51,89.12234497070312,test,Primary EV use,Primary EV use,2,2,correct
MIT,b3c0,958,87.75991030108166,50,89.26129150390625,test,Primary EV use,Primary EV use,2,2,correct
MIT,b3c0,959,87.65851974506052,49,88.72479248046875,test,Primary EV use,Primary EV use,2,2,correct
MIT,b3c0,960,87.55801097628544,48,88.87210083007812,test,Primary EV use,Primary EV use,2,2,correct
MIT,b3c0,961,87.44511038207129,47,88.59303283691406,test,Primary EV use,Primary EV use,2,2,correct
MIT,b3c0,962,87.34233161958949,46,88.65361022949219,test,Primary EV use,Primary EV use,2,2,correct
MIT,b3c0,963,87.23488181851114,45,88.29582214355469,test,Primary EV use,Primary EV use,2,2,correct
MIT,b3c0,964,87.13412779680776,44,88.22901153564453,test,Primary EV use,Primary EV use,2,2,correct
MIT,b3c0,965,87.02270059232326,43,88.0402603149414,test,Primary EV use,Primary EV use,2,2,correct
MIT,b3c0,966,86.92468554034602,42,88.29444885253906,test,Primary EV use,Primary EV use,2,2,correct
MIT,b3c0,967,86.81131128971306,41,88.26514434814453,test,Primary EV use,Primary EV use,2,2,correct
MIT,b3c0,968,86.71272148469008,40,87.90815734863281,test,Primary EV use,Primary EV use,2,2,correct
MIT,b3c0,969,86.6134520856749,39,87.62938690185547,test,Primary EV use,Primary EV use,2,2,correct
MIT,b3c0,970,86.49646643886851,38,87.61245727539062,test,Primary EV use,Primary EV use,2,2,correct
MIT,b3c0,971,86.38752171822328,37,87.52218627929688,test,Primary EV use,Primary EV use,2,2,correct
MIT,b3c0,972,86.26693871644166,36,87.50106811523438,test,Primary EV use,Primary EV use,2,2,correct
MIT,b3c0,973,86.16391938143092,35,87.38357543945312,test,Primary EV use,Primary EV use,2,2,correct
MIT,b3c0,974,86.05368567879222,34,87.14220428466797,test,Primary EV use,Primary EV use,2,2,correct
MIT,b3c0,975,85.94311685955685,33,87.26114654541016,test,Primary EV use,Primary EV use,2,2,correct
MIT,b3c0,976,85.83671640402292,32,86.63032531738281,test,Primary EV use,Primary EV use,2,2,correct
MIT,b3c0,977,85.72596411313124,31,86.52479553222656,test,Primary EV use,Primary EV use,2,2,correct
MIT,b3c0,978,85.6195243422424,30,86.47993469238281,test,Primary EV use,Primary EV use,2,2,correct
MIT,b3c0,979,85.50985977617019,29,86.46489715576172,test,Primary EV use,Primary EV use,2,2,correct
MIT,b3c0,980,85.40102738511047,28,86.36180114746094,test,Primary EV use,Primary EV use,2,2,correct
MIT,b3c0,981,85.28544304988304,27,86.17227935791016,test,Primary EV use,Primary EV use,2,2,correct
MIT,b3c0,982,85.17578971676937,26,86.10956573486328,test,Primary EV use,Primary EV use,2,2,correct
MIT,b3c0,983,85.0657123394705,25,85.75801086425781,test,Primary EV use,Primary EV use,2,2,correct
MIT,b3c0,984,84.94690788945907,24,85.86872863769531,test,Primary EV use,Primary EV use,2,2,correct
MIT,b3c0,985,84.84156801242814,23,85.80809783935547,test,Primary EV use,Primary EV use,2,2,correct
MIT,b3c0,986,84.7407802918491,22,85.36182403564453,test,Primary EV use,Primary EV use,2,2,correct
MIT,b3c0,987,84.61076722136576,21,85.85881042480469,test,Primary EV use,Primary EV use,2,2,correct
MIT,b3c0,988,84.50592346667072,20,85.2589340209961,test,Primary EV use,Primary EV use,2,2,correct
MIT,b3c0,989,84.39751418371634,19,85.38975524902344,test,Primary EV use,Primary EV use,2,2,correct
MIT,b3c0,990,84.282091790308,18,85.37394714355469,test,Primary EV use,Primary EV use,2,2,correct
MIT,b3c0,991,84.18317903772672,17,85.0138931274414,test,Primary EV use,Primary EV use,2,2,correct
MIT,b3c0,992,84.0681806885036,16,85.11981964111328,test,Primary EV use,Primary EV use,2,2,correct
MIT,b3c0,993,83.96086474684795,15,85.1213607788086,test,Primary EV use,Primary EV use,2,2,correct
MIT,b3c0,994,83.84332213251352,14,84.58386993408203,test,Primary EV use,Primary EV use,2,2,correct
MIT,b3c0,995,83.73224595798366,13,84.32771301269531,test,Primary EV use,Primary EV use,2,2,correct
MIT,b3c0,996,83.62340795044467,12,84.41243743896484,test,Primary EV use,Primary EV use,2,2,correct
MIT,b3c0,997,83.5110540268799,11,84.05767059326172,test,Primary EV use,Primary EV use,2,2,correct
MIT,b3c0,998,83.3909615309549,10,83.97428131103516,test,Primary EV use,Primary EV use,2,2,correct
MIT,b3c0,999,83.27315587817444,9,84.2849349975586,test,Primary EV use,Primary EV use,2,2,correct
MIT,b3c0,1000,83.1719169670937,8,83.99385833740234,test,Primary EV use,Primary EV use,2,2,correct
MIT,b3c0,1001,83.05758791498408,7,83.53507232666016,test,Primary EV use,Primary EV use,2,2,correct
MIT,b3c0,1002,82.95280500548121,6,83.66578674316406,test,Primary EV use,Primary EV use,2,2,correct
MIT,b3c0,1003,82.8407028874039,5,83.58264923095703,test,Primary EV use,Primary EV use,2,2,correct
MIT,b3c0,1004,82.72777982727266,4,83.34741973876953,test,Primary EV use,Primary EV use,2,2,correct
MIT,b3c0,1005,82.60654905821471,3,83.2874526977539,test,Primary EV use,Primary EV use,2,2,correct
MIT,b3c0,1006,82.49519393188089,2,83.4274673461914,test,Primary EV use,Primary EV use,2,2,correct
MIT,b3c0,1007,82.41555225576997,1,83.31021881103516,test,Primary EV use,Primary EV use,2,2,correct
MIT,b3c35,1,99.96143977959574,1091,99.9383316040039,test,Primary EV use,Primary EV use,2,2,correct
MIT,b3c35,2,100.0,1090,100.03099060058594,test,Primary EV use,Primary EV use,2,2,correct
MIT,b3c35,3,100.05073366882542,1089,100.07321166992188,test,Primary EV use,Primary EV use,2,2,correct
MIT,b3c35,4,100.06121505491777,1088,100.03643798828124,test,Primary EV use,Primary EV use,2,2,correct
MIT,b3c35,5,100.08129419455295,1087,100.04672241210938,test,Primary EV use,Primary EV use,2,2,correct
MIT,b3c35,6,100.0940598647892,1086,100.03753662109376,test,Primary EV use,Primary EV use,2,2,correct
MIT,b3c35,7,100.10227576743016,1085,100.10891723632812,test,Primary EV use,Primary EV use,2,2,correct
MIT,b3c35,8,100.11595327125472,1084,100.12281036376952,test,Primary EV use,Primary EV use,2,2,correct
MIT,b3c35,9,100.1337857281311,1083,100.11903381347656,test,Primary EV use,Primary EV use,2,2,correct
MIT,b3c35,10,100.1415692148436,1082,100.02371215820312,test,Primary EV use,Primary EV use,2,2,correct
MIT,b3c35,11,100.14100519406732,1081,100.11905670166016,test,Primary EV use,Primary EV use,2,2,correct
MIT,b3c35,12,100.14206743319596,1080,100.10214233398438,test,Primary EV use,Primary EV use,2,2,correct
MIT,b3c35,13,100.14012156151786,1079,100.0709228515625,test,Primary EV use,Primary EV use,2,2,correct
MIT,b3c35,14,100.13699124620952,1078,100.10320281982422,test,Primary EV use,Primary EV use,2,2,correct
MIT,b3c35,15,100.1422554401214,1077,99.98017120361328,test,Primary EV use,Primary EV use,2,2,correct
MIT,b3c35,16,100.14555496166255,1076,100.04118347167967,test,Primary EV use,Primary EV use,2,2,correct
MIT,b3c35,17,100.13810048706956,1075,99.9493637084961,test,Primary EV use,Primary EV use,2,2,correct
MIT,b3c35,18,100.1472752250302,1074,99.96248626708984,test,Primary EV use,Primary EV use,2,2,correct
MIT,b3c35,19,100.14540455612224,1073,100.02935028076172,test,Primary EV use,Primary EV use,2,2,correct
MIT,b3c35,20,100.138843114425,1072,99.9658660888672,test,Primary EV use,Primary EV use,2,2,correct
MIT,b3c35,21,100.1477922440751,1071,99.84827423095705,test,Primary EV use,Primary EV use,2,2,correct
MIT,b3c35,22,100.14131540549428,1070,99.93783569335938,test,Primary EV use,Primary EV use,2,2,correct
MIT,b3c35,23,100.14551736027752,1069,99.91008758544922,test,Primary EV use,Primary EV use,2,2,correct
MIT,b3c35,24,100.14042237259852,1068,99.96700286865234,test,Primary EV use,Primary EV use,2,2,correct
MIT,b3c35,25,100.14290406401412,1067,100.03605651855467,test,Primary EV use,Primary EV use,2,2,correct
MIT,b3c35,26,100.15409047607676,1066,100.04095458984376,test,Primary EV use,Primary EV use,2,2,correct
MIT,b3c35,27,100.14181362384664,1065,100.03355407714844,test,Primary EV use,Primary EV use,2,2,correct
MIT,b3c35,28,100.14617538451648,1064,99.98664093017578,test,Primary EV use,Primary EV use,2,2,correct
MIT,b3c35,29,100.14270665674243,1063,99.9354248046875,test,Primary EV use,Primary EV use,2,2,correct
MIT,b3c35,30,100.13536498630464,1062,99.99494171142578,test,Primary EV use,Primary EV use,2,2,correct
MIT,b3c35,31,100.13861750611446,1061,99.96833801269533,test,Primary EV use,Primary EV use,2,2,correct
MIT,b3c35,32,100.14914589393815,1060,99.88255310058594,test,Primary EV use,Primary EV use,2,2,correct
MIT,b3c35,33,100.12948036953888,1059,99.96916961669922,test,Primary EV use,Primary EV use,2,2,correct
MIT,b3c35,34,100.13564699669276,1058,99.93724060058594,test,Primary EV use,Primary EV use,2,2,correct
MIT,b3c35,35,100.12515621025416,1057,99.9305648803711,test,Primary EV use,Primary EV use,2,2,correct
MIT,b3c35,36,100.12660386357992,1056,99.92481231689452,test,Primary EV use,Primary EV use,2,2,correct
MIT,b3c35,37,100.1256074268752,1055,99.9339370727539,test,Primary EV use,Primary EV use,2,2,correct
MIT,b3c35,38,100.11499443593506,1054,99.93599700927734,test,Primary EV use,Primary EV use,2,2,correct
MIT,b3c35,39,100.10776556965251,1053,99.95435333251952,test,Primary EV use,Primary EV use,2,2,correct
MIT,b3c35,40,100.1046164536517,1052,99.97161102294922,test,Primary EV use,Primary EV use,2,2,correct
MIT,b3c35,41,100.0982242181873,1051,99.93927001953124,test,Primary EV use,Primary EV use,2,2,correct
MIT,b3c35,42,100.09859083169192,1050,99.98887634277344,test,Primary EV use,Primary EV use,2,2,correct
MIT,b3c35,43,100.10827318835118,1049,99.9967803955078,test,Primary EV use,Primary EV use,2,2,correct
MIT,b3c35,44,100.09609033958375,1048,99.95841217041016,test,Primary EV use,Primary EV use,2,2,correct
MIT,b3c35,45,100.09748159083188,1047,99.98148345947266,test,Primary EV use,Primary EV use,2,2,correct
MIT,b3c35,46,100.09885404138748,1046,99.90087890625,test,Primary EV use,Primary EV use,2,2,correct
MIT,b3c35,47,100.08820344906226,1045,99.91632843017578,test,Primary EV use,Primary EV use,2,2,correct
MIT,b3c35,48,100.09767899810358,1044,99.87960052490234,test,Primary EV use,Primary EV use,2,2,correct
MIT,b3c35,49,100.0944452789863,1043,99.89659118652344,test,Primary EV use,Primary EV use,2,2,correct
MIT,b3c35,50,100.08979210758208,1042,99.86376190185548,test,Primary EV use,Primary EV use,2,2,correct
MIT,b3c35,51,100.0961749427002,1041,99.92501068115234,test,Primary EV use,Primary EV use,2,2,correct
MIT,b3c35,52,100.09371205197716,1040,99.9126968383789,test,Primary EV use,Primary EV use,2,2,correct
MIT,b3c35,53,100.07803227439686,1039,99.90253448486328,test,Primary EV use,Primary EV use,2,2,correct
MIT,b3c35,54,100.0922643986514,1038,99.95333862304688,test,Primary EV use,Primary EV use,2,2,correct
MIT,b3c35,55,100.0866617922738,1037,99.92545318603516,test,Primary EV use,Primary EV use,2,2,correct
MIT,b3c35,56,100.08964170204176,1036,99.89585876464844,test,Primary EV use,Primary EV use,2,2,correct
MIT,b3c35,57,100.0784458896328,1035,99.85364532470705,test,Primary EV use,Primary EV use,2,2,correct
MIT,b3c35,58,100.06285071516892,1034,99.90389251708984,test,Primary EV use,Primary EV use,2,2,correct
MIT,b3c35,59,100.06744748449556,1033,99.87860870361328,test,Primary EV use,Primary EV use,2,2,correct
MIT,b3c35,60,100.06051002894743,1032,99.89166259765624,test,Primary EV use,Primary EV use,2,2,correct
MIT,b3c35,61,100.05390158551882,1031,99.8276138305664,test,Primary EV use,Primary EV use,2,2,correct
MIT,b3c35,62,100.04984063592968,1030,99.88756561279295,test,Primary EV use,Primary EV use,2,2,correct
MIT,b3c35,63,100.04904160649664,1029,99.84796905517578,test,Primary EV use,Primary EV use,2,2,correct
MIT,b3c35,64,100.0537417796322,1028,99.9478988647461,test,Primary EV use,Primary EV use,2,2,correct
MIT,b3c35,65,100.05378878136358,1027,99.86216735839844,test,Primary EV use,Primary EV use,2,2,correct
MIT,b3c35,66,100.04889120095628,1026,99.85992431640624,test,Primary EV use,Primary EV use,2,2,correct
MIT,b3c35,67,100.04028048377192,1025,99.88018798828124,test,Primary EV use,Primary EV use,2,2,correct
MIT,b3c35,68,100.0353923037109,1024,99.82878112792967,test,Primary EV use,Primary EV use,2,2,correct
MIT,b3c35,69,100.02305904940314,1023,99.8819351196289,test,Primary EV use,Primary EV use,2,2,correct
MIT,b3c35,70,100.0199475347874,1022,99.77971649169922,test,Primary EV use,Primary EV use,2,2,correct
MIT,b3c35,71,100.01645060597453,1021,99.83440399169922,test,Primary EV use,Primary EV use,2,2,correct
MIT,b3c35,72,100.00562140707017,1020,99.89813995361328,test,Primary EV use,Primary EV use,2,2,correct
MIT,b3c35,73,100.008770523071,1019,99.89041137695312,test,Primary EV use,Primary EV use,2,2,correct
MIT,b3c35,74,100.00089303289576,1018,99.82493591308594,test,Primary EV use,Primary EV use,2,2,correct
MIT,b3c35,75,100.00298931011424,1017,99.86597442626952,test,Primary EV use,Primary EV use,2,2,correct
MIT,b3c35,76,100.01333909135876,1016,99.8281478881836,test,Primary EV use,Primary EV use,2,2,correct
MIT,b3c35,77,99.99832673836374,1015,99.85734558105467,test,Primary EV use,Primary EV use,2,2,correct
MIT,b3c35,78,99.9980447279756,1014,99.87945556640624,test,Primary EV use,Primary EV use,2,2,correct
MIT,b3c35,79,99.996221060799,1013,99.81437683105467,test,Primary EV use,Primary EV use,2,2,correct
MIT,b3c35,80,99.99232931744277,1012,99.8251953125,test,Primary EV use,Primary EV use,2,2,correct
MIT,b3c35,81,99.98136851369058,1011,99.76914978027344,test,Primary EV use,Primary EV use,2,2,correct
MIT,b3c35,82,99.98526965739308,1010,99.84131622314452,test,Primary EV use,Primary EV use,2,2,correct
MIT,b3c35,83,99.99465120297172,1009,99.79708862304688,test,Primary EV use,Primary EV use,2,2,correct
MIT,b3c35,84,99.97763657622092,1008,99.8572006225586,test,Primary EV use,Primary EV use,2,2,correct
MIT,b3c35,85,99.97826639942107,1007,99.81690216064452,test,Primary EV use,Primary EV use,2,2,correct
MIT,b3c35,86,99.97734516548653,1006,99.74344635009766,test,Primary EV use,Primary EV use,2,2,correct
MIT,b3c35,87,99.98107710295618,1005,99.81698608398438,test,Primary EV use,Primary EV use,2,2,correct
MIT,b3c35,88,99.97667774090128,1004,99.8708038330078,test,Primary EV use,Primary EV use,2,2,correct
MIT,b3c35,89,99.98178212892653,1003,99.82162475585938,test,Primary EV use,Primary EV use,2,2,correct
MIT,b3c35,90,99.97900902677654,1002,99.79335021972656,test,Primary EV use,Primary EV use,2,2,correct
MIT,b3c35,91,99.97421485017824,1001,99.8316650390625,test,Primary EV use,Primary EV use,2,2,correct
MIT,b3c35,92,99.98778895019376,1000,99.83162689208984,test,Primary EV use,Primary EV use,2,2,correct
MIT,b3c35,93,99.98902979590156,999,99.80364227294922,test,Primary EV use,Primary EV use,2,2,correct
MIT,b3c35,94,99.98013706832906,998,99.77273559570312,test,Primary EV use,Primary EV use,2,2,correct
MIT,b3c35,95,99.96038694081336,997,99.8087158203125,test,Primary EV use,Primary EV use,2,2,correct
MIT,b3c35,96,99.95618498603017,996,99.7897720336914,test,Primary EV use,Primary EV use,2,2,correct
MIT,b3c35,97,99.94755546815324,995,99.76348114013672,test,Primary EV use,Primary EV use,2,2,correct
MIT,b3c35,98,99.94986795333595,994,99.81632232666016,test,Primary EV use,Primary EV use,2,2,correct
MIT,b3c35,99,99.94759306953831,993,99.77822875976562,test,Primary EV use,Primary EV use,2,2,correct
MIT,b3c35,100,99.94228187389513,992,99.7616729736328,test,Primary EV use,Primary EV use,2,2,correct
MIT,b3c35,101,99.93126466806532,991,99.76712036132812,test,Primary EV use,Primary EV use,2,2,correct
MIT,b3c35,102,99.9291213891155,990,99.7099609375,test,Primary EV use,Primary EV use,2,2,correct
MIT,b3c35,103,99.9264140893894,989,99.77115631103516,test,Primary EV use,Primary EV use,2,2,correct
MIT,b3c35,104,99.92262574984213,988,99.80672454833984,test,Primary EV use,Primary EV use,2,2,correct
MIT,b3c35,105,99.91964584007415,987,99.775146484375,test,Primary EV use,Primary EV use,2,2,correct
MIT,b3c35,106,99.90829022177864,986,99.7371597290039,test,Primary EV use,Primary EV use,2,2,correct
MIT,b3c35,107,99.9127271852186,985,99.67242431640624,test,Primary EV use,Primary EV use,2,2,correct
MIT,b3c35,108,99.91017029103284,984,99.78277587890624,test,Primary EV use,Primary EV use,2,2,correct
MIT,b3c35,109,99.90660755979609,983,99.75554656982422,test,Primary EV use,Primary EV use,2,2,correct
MIT,b3c35,110,99.9121067623647,982,99.73314666748048,test,Primary EV use,Primary EV use,2,2,correct
MIT,b3c35,111,99.909897680991,981,99.74573516845705,test,Primary EV use,Primary EV use,2,2,correct
MIT,b3c35,112,99.92275735468994,980,99.69970703125,test,Primary EV use,Primary EV use,2,2,correct
MIT,b3c35,113,99.91216316444232,979,99.6998291015625,test,Primary EV use,Primary EV use,2,2,correct
MIT,b3c35,114,99.89810964676694,978,99.76313018798828,test,Primary EV use,Primary EV use,2,2,correct
MIT,b3c35,115,99.91362021811436,977,99.82193756103516,test,Primary EV use,Primary EV use,2,2,correct
MIT,b3c35,116,99.91040529968964,976,99.76366424560548,test,Primary EV use,Primary EV use,2,2,correct
MIT,b3c35,117,99.90401306422524,975,99.77886199951172,test,Primary EV use,Primary EV use,2,2,correct
MIT,b3c35,118,99.90755699476946,974,99.70925903320312,test,Primary EV use,Primary EV use,2,2,correct
MIT,b3c35,119,99.90439847842237,973,99.76287841796876,test,Primary EV use,Primary EV use,2,2,correct
MIT,b3c35,120,99.9025560105532,972,99.67835998535156,test,Primary EV use,Primary EV use,2,2,correct
MIT,b3c35,121,99.90026232606304,971,99.78842163085938,test,Primary EV use,Primary EV use,2,2,correct
MIT,b3c35,122,99.8908619797919,970,99.75072479248048,test,Primary EV use,Primary EV use,2,2,correct
MIT,b3c35,123,99.89466912003172,969,99.80105590820312,test,Primary EV use,Primary EV use,2,2,correct
MIT,b3c35,124,99.88573879107412,968,99.8207015991211,test,Primary EV use,Primary EV use,2,2,correct
MIT,b3c35,125,99.89396409406136,967,99.62680053710938,test,Primary EV use,Primary EV use,2,2,correct
MIT,b3c35,126,99.88427233705582,966,99.66754913330078,test,Primary EV use,Primary EV use,2,2,correct
MIT,b3c35,127,99.88455434744397,965,99.7139129638672,test,Primary EV use,Primary EV use,2,2,correct
MIT,b3c35,128,99.87908334591414,964,99.60513305664062,test,Primary EV use,Primary EV use,2,2,correct
MIT,b3c35,129,99.87255950560196,963,99.6273422241211,test,Primary EV use,Primary EV use,2,2,correct
MIT,b3c35,130,99.87208008794214,962,99.6710968017578,test,Primary EV use,Primary EV use,2,2,correct
MIT,b3c35,131,99.8628677485964,961,99.5704116821289,test,Primary EV use,Primary EV use,2,2,correct
MIT,b3c35,132,99.8521137524622,960,99.58087921142578,test,Primary EV use,Primary EV use,2,2,correct
MIT,b3c35,133,99.85298798466542,959,99.67373657226562,test,Primary EV use,Primary EV use,2,2,correct
MIT,b3c35,134,99.84384144774356,958,99.59458923339844,test,Primary EV use,Primary EV use,2,2,correct
MIT,b3c35,135,99.8338300789648,957,99.58475494384766,test,Primary EV use,Primary EV use,2,2,correct
MIT,b3c35,136,99.82111141045992,956,99.5798568725586,test,Primary EV use,Primary EV use,2,2,correct
MIT,b3c35,137,99.8199457675223,955,99.60033416748048,test,Primary EV use,Primary EV use,2,2,correct
MIT,b3c35,138,99.82352729945164,954,99.62820434570312,test,Primary EV use,Primary EV use,2,2,correct
MIT,b3c35,139,99.81442776426113,953,99.59092712402344,test,Primary EV use,Primary EV use,2,2,correct
MIT,b3c35,140,99.8133561247862,952,99.71676635742188,test,Primary EV use,Primary EV use,2,2,correct
MIT,b3c35,141,99.79915220157052,951,99.69417572021484,test,Primary EV use,Primary EV use,2,2,correct
MIT,b3c35,142,99.80326955323726,950,99.62491607666016,test,Primary EV use,Primary EV use,2,2,correct
MIT,b3c35,143,99.81371333794452,949,99.58004760742188,test,Primary EV use,Primary EV use,2,2,correct
MIT,b3c35,144,99.80733050282642,948,99.58959197998048,test,Primary EV use,Primary EV use,2,2,correct
MIT,b3c35,145,99.79063548784885,947,99.57028198242188,test,Primary EV use,Primary EV use,2,2,correct
MIT,b3c35,146,99.78841700612884,946,99.53467559814452,test,Primary EV use,Primary EV use,2,2,correct
MIT,b3c35,147,99.77653496844208,945,99.54249572753906,test,Primary EV use,Primary EV use,2,2,correct
MIT,b3c35,148,99.7885298102841,944,99.55762481689452,test,Primary EV use,Primary EV use,2,2,correct
MIT,b3c35,149,99.7896390511441,943,99.56761932373048,test,Primary EV use,Primary EV use,2,2,correct
MIT,b3c35,150,99.791819931479,942,99.55615234375,test,Primary EV use,Primary EV use,2,2,correct
MIT,b3c35,151,99.7841962506531,941,99.58026123046876,test,Primary EV use,Primary EV use,2,2,correct
MIT,b3c35,152,99.79167892628494,940,99.54615020751952,test,Primary EV use,Primary EV use,2,2,correct
MIT,b3c35,153,99.7861797237163,939,99.5094757080078,test,Primary EV use,Primary EV use,2,2,correct
MIT,b3c35,154,99.78079332530294,938,99.56520080566406,test,Primary EV use,Primary EV use,2,2,correct
MIT,b3c35,155,99.7830212073692,937,99.53046417236328,test,Primary EV use,Primary EV use,2,2,correct
MIT,b3c35,156,99.78072752287903,936,99.53163146972656,test,Primary EV use,Primary EV use,2,2,correct
MIT,b3c35,157,99.77872524912328,935,99.49494934082033,test,Primary EV use,Primary EV use,2,2,correct
MIT,b3c35,158,99.7730850413606,934,99.5348663330078,test,Primary EV use,Primary EV use,2,2,correct
MIT,b3c35,159,99.7683566671862,933,99.50902557373048,test,Primary EV use,Primary EV use,2,2,correct
MIT,b3c35,160,99.76290446634891,932,99.47207641601562,test,Primary EV use,Primary EV use,2,2,correct
MIT,b3c35,161,99.74755370088812,931,99.53868103027344,test,Primary EV use,Primary EV use,2,2,correct
MIT,b3c35,162,99.74979098330066,930,99.4695816040039,test,Primary EV use,Primary EV use,2,2,correct
MIT,b3c35,163,99.7426749211734,929,99.57112884521484,test,Primary EV use,Primary EV use,2,2,correct
MIT,b3c35,164,99.73555885904612,928,99.55498504638672,test,Primary EV use,Primary EV use,2,2,correct
MIT,b3c35,165,99.73141330634056,927,99.61038970947266,test,Primary EV use,Primary EV use,2,2,correct
MIT,b3c35,166,99.72361101893551,926,99.47379302978516,test,Primary EV use,Primary EV use,2,2,correct
MIT,b3c35,167,99.72318800335329,925,99.53401184082033,test,Primary EV use,Primary EV use,2,2,correct
MIT,b3c35,168,99.71957827038516,924,99.56558227539062,test,Primary EV use,Primary EV use,2,2,correct
MIT,b3c35,169,99.7157523294528,923,99.45140838623048,test,Primary EV use,Primary EV use,2,2,correct
MIT,b3c35,170,99.70465052050658,922,99.4172592163086,test,Primary EV use,Primary EV use,2,2,correct
MIT,b3c35,171,99.69111402187612,921,99.50872802734376,test,Primary EV use,Primary EV use,2,2,correct
MIT,b3c35,172,99.69861549820052,920,99.5576400756836,test,Primary EV use,Primary EV use,2,2,correct
MIT,b3c35,173,99.68422356805937,919,99.51671600341795,test,Primary EV use,Primary EV use,2,2,correct
MIT,b3c35,174,99.68914934950546,918,99.54927825927734,test,Primary EV use,Primary EV use,2,2,correct
MIT,b3c35,175,99.67203131894568,917,99.45940399169922,test,Primary EV use,Primary EV use,2,2,correct
MIT,b3c35,176,99.67638367926922,916,99.52577209472656,test,Primary EV use,Primary EV use,2,2,correct
MIT,b3c35,177,99.67491722525092,915,99.52693176269533,test,Primary EV use,Primary EV use,2,2,correct
MIT,b3c35,178,99.67705110385448,914,99.58135223388672,test,Primary EV use,Primary EV use,2,2,correct
MIT,b3c35,179,99.68553021619104,913,99.49530792236328,test,Primary EV use,Primary EV use,2,2,correct
MIT,b3c35,180,99.67957039665517,912,99.4365005493164,test,Primary EV use,Primary EV use,2,2,correct
MIT,b3c35,181,99.67848935683396,911,99.51396942138672,test,Primary EV use,Primary EV use,2,2,correct
MIT,b3c35,182,99.67296195322652,910,99.44448852539062,test,Primary EV use,Primary EV use,2,2,correct
MIT,b3c35,183,99.67674089242752,909,99.39220428466795,test,Primary EV use,Primary EV use,2,2,correct
MIT,b3c35,184,99.67903457691769,908,99.43402862548828,test,Primary EV use,Primary EV use,2,2,correct
MIT,b3c35,185,99.6669739326518,907,99.41910552978516,test,Primary EV use,Primary EV use,2,2,correct
MIT,b3c35,186,99.64669738574491,906,99.46358489990234,test,Primary EV use,Primary EV use,2,2,correct
MIT,b3c35,187,99.65182057446268,905,99.3876495361328,test,Primary EV use,Primary EV use,2,2,correct
MIT,b3c35,188,99.65589092439812,904,99.43846893310548,test,Primary EV use,Primary EV use,2,2,correct
MIT,b3c35,189,99.65350323644525,903,99.33749389648438,test,Primary EV use,Primary EV use,2,2,correct
MIT,b3c35,190,99.65243159697032,902,99.42570495605467,test,Primary EV use,Primary EV use,2,2,correct
MIT,b3c35,191,99.65010031109507,901,99.40257263183594,test,Primary EV use,Primary EV use,2,2,correct
MIT,b3c35,192,99.6475058155242,900,99.45911407470705,test,Primary EV use,Primary EV use,2,2,correct
MIT,b3c35,193,99.63769185401712,899,99.40978240966795,test,Primary EV use,Primary EV use,2,2,correct
MIT,b3c35,194,99.6257816152916,898,99.41902160644533,test,Primary EV use,Primary EV use,2,2,correct
MIT,b3c35,195,99.63348989923394,897,99.40367126464844,test,Primary EV use,Primary EV use,2,2,correct
MIT,b3c35,196,99.61877835731958,896,99.4151382446289,test,Primary EV use,Primary EV use,2,2,correct
MIT,b3c35,197,99.61895696389873,895,99.43626403808594,test,Primary EV use,Primary EV use,2,2,correct
MIT,b3c35,198,99.60935921035588,894,99.35682678222656,test,Primary EV use,Primary EV use,2,2,correct
MIT,b3c35,199,99.60668951201488,893,99.3862762451172,test,Primary EV use,Primary EV use,2,2,correct
MIT,b3c35,200,99.60873878750198,892,99.37686920166016,test,Primary EV use,Primary EV use,2,2,correct
MIT,b3c35,201,99.60538286388318,891,99.3730926513672,test,Primary EV use,Primary EV use,2,2,correct
MIT,b3c35,202,99.59727976539745,890,99.3346939086914,test,Primary EV use,Primary EV use,2,2,correct
MIT,b3c35,203,99.5836116619192,889,99.42414855957033,test,Primary EV use,Primary EV use,2,2,correct
MIT,b3c35,204,99.57125020657264,888,99.35813903808594,test,Primary EV use,Primary EV use,2,2,correct
MIT,b3c35,205,99.561314040564,887,99.54679870605467,test,Primary EV use,Primary EV use,2,2,correct
MIT,b3c35,206,99.55856913945284,886,99.37969207763672,test,Primary EV use,Primary EV use,2,2,correct
MIT,b3c35,207,99.55742229720774,885,99.39695739746094,test,Primary EV use,Primary EV use,2,2,correct
MIT,b3c35,208,99.55188549325403,884,99.38046264648438,test,Primary EV use,Primary EV use,2,2,correct
MIT,b3c35,209,99.5503720375044,883,99.349609375,test,Primary EV use,Primary EV use,2,2,correct
MIT,b3c35,210,99.5516034828659,882,99.45207977294922,test,Primary EV use,Primary EV use,2,2,correct
MIT,b3c35,211,99.55218630433473,881,99.38873291015624,test,Primary EV use,Primary EV use,2,2,correct
MIT,b3c35,212,99.54646149345558,880,99.31593322753906,test,Primary EV use,Primary EV use,2,2,correct
MIT,b3c35,213,99.5526187202632,879,99.32366180419922,test,Primary EV use,Primary EV use,2,2,correct
MIT,b3c35,214,99.55262812060946,878,99.36436462402344,test,Primary EV use,Primary EV use,2,2,correct
MIT,b3c35,215,99.5533989490037,877,99.36326599121094,test,Primary EV use,Primary EV use,2,2,correct
MIT,b3c35,216,99.54069908119136,876,99.390869140625,test,Primary EV use,Primary EV use,2,2,correct
MIT,b3c35,217,99.54772113985592,875,99.33033752441406,test,Primary EV use,Primary EV use,2,2,correct
MIT,b3c35,218,99.53985305002696,874,99.33253479003906,test,Primary EV use,Primary EV use,2,2,correct
MIT,b3c35,219,99.5341376394941,873,99.2533721923828,test,Primary EV use,Primary EV use,2,2,correct
MIT,b3c35,220,99.5329625962102,872,99.3260726928711,test,Primary EV use,Primary EV use,2,2,correct
MIT,b3c35,221,99.5388284122834,871,99.24148559570312,test,Primary EV use,Primary EV use,2,2,correct
MIT,b3c35,222,99.54148871027812,870,99.23057556152344,test,Primary EV use,Primary EV use,2,2,correct
MIT,b3c35,223,99.52760439883563,869,99.34062957763672,test,Primary EV use,Primary EV use,2,2,correct
MIT,b3c35,224,99.52102415644582,868,99.310791015625,test,Primary EV use,Primary EV use,2,2,correct
MIT,b3c35,225,99.52089255159804,867,99.30477142333984,test,Primary EV use,Primary EV use,2,2,correct
MIT,b3c35,226,99.5155907563011,866,99.3536148071289,test,Primary EV use,Primary EV use,2,2,correct
MIT,b3c35,227,99.50720564742724,865,99.2645034790039,test,Primary EV use,Primary EV use,2,2,correct
MIT,b3c35,228,99.50862509971418,864,99.25074768066406,test,Primary EV use,Primary EV use,2,2,correct
MIT,b3c35,229,99.4936973498356,863,99.2449951171875,test,Primary EV use,Primary EV use,2,2,correct
MIT,b3c35,230,99.49505099969863,862,99.23005676269533,test,Primary EV use,Primary EV use,2,2,correct
MIT,b3c35,231,99.50092621611812,861,99.4562530517578,test,Primary EV use,Primary EV use,2,2,correct
MIT,b3c35,232,99.49835992158609,860,99.28580474853516,test,Primary EV use,Primary EV use,2,2,correct
MIT,b3c35,233,99.49563382116744,859,99.32704162597656,test,Primary EV use,Primary EV use,2,2,correct
MIT,b3c35,234,99.49243770343524,858,99.21554565429688,test,Primary EV use,Primary EV use,2,2,correct
MIT,b3c35,235,99.48527463957664,857,99.26122283935548,test,Primary EV use,Primary EV use,2,2,correct
MIT,b3c35,236,99.48136409552784,856,99.34396362304688,test,Primary EV use,Primary EV use,2,2,correct
MIT,b3c35,237,99.48004804704988,855,99.24286651611328,test,Primary EV use,Primary EV use,2,2,correct
MIT,b3c35,238,99.4754700784158,854,99.29767608642578,test,Primary EV use,Primary EV use,2,2,correct
MIT,b3c35,239,99.46186777736143,853,99.25035095214844,test,Primary EV use,Primary EV use,2,2,correct
MIT,b3c35,240,99.45760002015436,852,99.21314239501952,test,Primary EV use,Primary EV use,2,2,correct
MIT,b3c35,241,99.45334166329351,851,99.24284362792967,test,Primary EV use,Primary EV use,2,2,correct
MIT,b3c35,242,99.45449790588486,850,99.2564926147461,test,Primary EV use,Primary EV use,2,2,correct
MIT,b3c35,243,99.44039738647814,849,99.24655151367188,test,Primary EV use,Primary EV use,2,2,correct
MIT,b3c35,244,99.44639480739912,848,99.31153869628906,test,Primary EV use,Primary EV use,2,2,correct
MIT,b3c35,245,99.4512359857288,847,99.21531677246094,test,Primary EV use,Primary EV use,2,2,correct
MIT,b3c35,246,99.44548297381084,846,99.2730941772461,test,Primary EV use,Primary EV use,2,2,correct
MIT,b3c35,247,99.43547160503203,845,99.2471694946289,test,Primary EV use,Primary EV use,2,2,correct
MIT,b3c35,248,99.43539640226189,844,99.19347381591795,test,Primary EV use,Primary EV use,2,2,correct
MIT,b3c35,249,99.42058145653854,843,99.26399993896484,test,Primary EV use,Primary EV use,2,2,correct
MIT,b3c35,250,99.42355196596024,842,99.35094451904295,test,Primary EV use,Primary EV use,2,2,correct
MIT,b3c35,251,99.4199798343772,841,99.23206329345705,test,Primary EV use,Primary EV use,2,2,correct
MIT,b3c35,252,99.41490364739076,840,99.26563262939452,test,Primary EV use,Primary EV use,2,2,correct
MIT,b3c35,253,99.42602425702954,839,99.2432098388672,test,Primary EV use,Primary EV use,2,2,correct
MIT,b3c35,254,99.41528906158788,838,99.33333587646484,test,Primary EV use,Primary EV use,2,2,correct
MIT,b3c35,255,99.41872958832312,837,99.37835693359376,test,Primary EV use,Primary EV use,2,2,correct
MIT,b3c35,256,99.40680054890504,836,99.25523376464844,test,Primary EV use,Primary EV use,2,2,correct
MIT,b3c35,257,99.40585111393165,835,99.22592163085938,test,Primary EV use,Primary EV use,2,2,correct
MIT,b3c35,258,99.39372466724184,834,99.58580780029295,test,Primary EV use,Primary EV use,2,2,correct
MIT,b3c35,259,99.38075218938764,833,99.3265609741211,test,Primary EV use,Primary EV use,2,2,correct
MIT,b3c35,260,99.38175802643867,832,99.1557388305664,test,Primary EV use,Primary EV use,2,2,correct
MIT,b3c35,261,99.37650323287308,831,99.17579650878906,test,Primary EV use,Primary EV use,2,2,correct
MIT,b3c35,262,99.35378259593573,830,99.29925537109376,test,Primary EV use,Primary EV use,2,2,correct
MIT,b3c35,263,99.36687727829144,829,99.2747802734375,test,Primary EV use,Primary EV use,2,2,correct
MIT,b3c35,264,99.37027080329533,828,99.33316802978516,test,Primary EV use,Primary EV use,2,2,correct
MIT,b3c35,265,99.36529802011788,827,99.239501953125,test,Primary EV use,Primary EV use,2,2,correct
MIT,b3c35,266,99.35874597876688,826,99.1959228515625,test,Primary EV use,Primary EV use,2,2,correct
MIT,b3c35,267,99.3601090289762,825,99.22396087646484,test,Primary EV use,Primary EV use,2,2,correct
MIT,b3c35,268,99.34610251303216,824,99.21403503417967,test,Primary EV use,Primary EV use,2,2,correct
MIT,b3c35,269,99.3492892304181,823,99.1011734008789,test,Primary EV use,Primary EV use,2,2,correct
MIT,b3c35,270,99.3409793243144,822,99.12937927246094,test,Primary EV use,Primary EV use,2,2,correct
MIT,b3c35,271,99.33780200727476,821,99.2840805053711,test,Primary EV use,Primary EV use,2,2,correct
MIT,b3c35,272,99.33073294687884,820,99.25587463378906,test,Primary EV use,Primary EV use,2,2,correct
MIT,b3c35,273,99.3300937233324,819,99.16360473632812,test,Primary EV use,Primary EV use,2,2,correct
MIT,b3c35,274,99.32393649652478,818,99.12510681152344,test,Primary EV use,Primary EV use,2,2,correct
MIT,b3c35,275,99.3215206075331,817,99.14278411865234,test,Primary EV use,Primary EV use,2,2,correct
MIT,b3c35,276,99.31328590419956,816,99.22972869873048,test,Primary EV use,Primary EV use,2,2,correct
MIT,b3c35,277,99.3145455505999,815,99.20753479003906,test,Primary EV use,Primary EV use,2,2,correct
MIT,b3c35,278,99.31212026126197,814,99.17919158935548,test,Primary EV use,Primary EV use,2,2,correct
MIT,b3c35,279,99.29770953042826,813,99.17675018310548,test,Primary EV use,Primary EV use,2,2,correct
MIT,b3c35,280,99.29427840403928,812,99.1787567138672,test,Primary EV use,Primary EV use,2,2,correct
MIT,b3c35,281,99.30341554061486,811,99.23278045654295,test,Primary EV use,Primary EV use,2,2,correct
MIT,b3c35,282,99.29485182516184,810,99.1559066772461,test,Primary EV use,Primary EV use,2,2,correct
MIT,b3c35,283,99.28937142328574,809,99.147216796875,test,Primary EV use,Primary EV use,2,2,correct
MIT,b3c35,284,99.29252053928658,808,99.31539154052734,test,Primary EV use,Primary EV use,2,2,correct
MIT,b3c35,285,99.28659832113576,807,99.1262664794922,test,Primary EV use,Primary EV use,2,2,correct
MIT,b3c35,286,99.26963069611634,806,99.15868377685548,test,Primary EV use,Primary EV use,2,2,correct
MIT,b3c35,287,99.26914187811022,805,99.0684814453125,test,Primary EV use,Primary EV use,2,2,correct
MIT,b3c35,288,99.2707493373226,804,99.16218566894533,test,Primary EV use,Primary EV use,2,2,correct
MIT,b3c35,289,99.26928288330429,803,99.16502380371094,test,Primary EV use,Primary EV use,2,2,correct
MIT,b3c35,290,99.25183584062502,802,99.27106475830078,test,Primary EV use,Primary EV use,2,2,correct
MIT,b3c35,291,99.25256906763418,801,99.14784240722656,test,Primary EV use,Primary EV use,2,2,correct
MIT,b3c35,292,99.2331103508529,800,99.08431243896484,test,Primary EV use,Primary EV use,2,2,correct
MIT,b3c35,293,99.2415800628432,799,99.23993682861328,test,Primary EV use,Primary EV use,2,2,correct
MIT,b3c35,294,99.23746271117643,798,99.22111511230467,test,Primary EV use,Primary EV use,2,2,correct
MIT,b3c35,295,99.23220791761084,797,99.22757720947266,test,Primary EV use,Primary EV use,2,2,correct
MIT,b3c35,296,99.23217031622576,796,99.30449676513672,test,Primary EV use,Primary EV use,2,2,correct
MIT,b3c35,297,99.22713173062444,795,99.07965850830078,test,Primary EV use,Primary EV use,2,2,correct
MIT,b3c35,298,99.2367858862449,794,99.17581176757812,test,Primary EV use,Primary EV use,2,2,correct
MIT,b3c35,299,99.22574987972258,793,99.0167236328125,test,Primary EV use,Primary EV use,2,2,correct
MIT,b3c35,300,99.21152715581432,792,99.09729766845705,test,Primary EV use,Primary EV use,2,2,correct
MIT,b3c35,301,99.21210057693686,791,99.10941314697266,test,Primary EV use,Primary EV use,2,2,correct
MIT,b3c35,302,99.20924287167044,790,99.1463623046875,test,Primary EV use,Primary EV use,2,2,correct
MIT,b3c35,303,99.21207237589805,789,99.1742706298828,test,Primary EV use,Primary EV use,2,2,correct
MIT,b3c35,304,99.19560296923098,788,99.11577606201172,test,Primary EV use,Primary EV use,2,2,correct
MIT,b3c35,305,99.19612938862218,787,99.19650268554688,test,Primary EV use,Primary EV use,2,2,correct
MIT,b3c35,306,99.18516858487,786,99.19236755371094,test,Primary EV use,Primary EV use,2,2,correct
MIT,b3c35,307,99.18095722974051,785,99.0769271850586,test,Primary EV use,Primary EV use,2,2,correct
MIT,b3c35,308,99.16883078305074,784,99.07138061523438,test,Primary EV use,Primary EV use,2,2,correct
MIT,b3c35,309,99.16321877632684,783,99.08983612060548,test,Primary EV use,Primary EV use,2,2,correct
MIT,b3c35,310,99.16024826690516,782,99.24747467041016,test,Primary EV use,Primary EV use,2,2,correct
MIT,b3c35,311,99.15797338310756,781,99.05331420898438,test,Primary EV use,Primary EV use,2,2,correct
MIT,b3c35,312,99.1508197195952,780,99.073974609375,test,Primary EV use,Primary EV use,2,2,correct
MIT,b3c35,313,99.13702941161542,779,99.058837890625,test,Primary EV use,Primary EV use,2,2,correct
MIT,b3c35,314,99.14526411494894,778,99.06731414794922,test,Primary EV use,Primary EV use,2,2,correct
MIT,b3c35,315,99.14737919285996,777,99.29718017578124,test,Primary EV use,Primary EV use,2,2,correct
MIT,b3c35,316,99.13248904436644,776,99.00708770751952,test,Primary EV use,Primary EV use,2,2,correct
MIT,b3c35,317,99.13122939796612,775,99.02992248535156,test,Primary EV use,Primary EV use,2,2,correct
MIT,b3c35,318,99.12343651090733,774,99.09154510498048,test,Primary EV use,Primary EV use,2,2,correct
MIT,b3c35,319,99.12316390086546,773,98.98477935791016,test,Primary EV use,Primary EV use,2,2,correct
MIT,b3c35,320,99.1223366703936,772,99.19381713867188,test,Primary EV use,Primary EV use,2,2,correct
MIT,b3c35,321,99.1298287463717,771,99.10574340820312,test,Primary EV use,Primary EV use,2,2,correct
MIT,b3c35,322,99.11421477121532,770,99.25482940673828,test,Primary EV use,Primary EV use,2,2,correct
MIT,b3c35,323,99.11007861885602,769,99.0407485961914,test,Primary EV use,Primary EV use,2,2,correct
MIT,b3c35,324,99.10087567985654,768,99.03055572509766,test,Primary EV use,Primary EV use,2,2,correct
MIT,b3c35,325,99.10658169004314,767,99.08063507080078,test,Primary EV use,Primary EV use,2,2,correct
MIT,b3c35,326,99.10553825160704,766,99.19808959960938,test,Primary EV use,Primary EV use,2,2,correct
MIT,b3c35,327,99.09962543380249,765,98.99774932861328,test,Primary EV use,Primary EV use,2,2,correct
MIT,b3c35,328,99.09412623123389,764,99.18253326416016,test,Primary EV use,Primary EV use,2,2,correct
MIT,b3c35,329,99.0831278260966,763,99.08244323730467,test,Primary EV use,Primary EV use,2,2,correct
MIT,b3c35,330,99.08507369777476,762,99.1198501586914,test,Primary EV use,Primary EV use,2,2,correct
MIT,b3c35,331,99.0797719024778,761,99.148193359375,test,Primary EV use,Primary EV use,2,2,correct
MIT,b3c35,332,99.07283444692968,760,99.11064910888672,test,Primary EV use,Primary EV use,2,2,correct
MIT,b3c35,333,99.0560830298745,759,99.15882873535156,test,Primary EV use,Primary EV use,2,2,correct
MIT,b3c35,334,99.05805710259143,758,99.1591567993164,test,Primary EV use,Primary EV use,2,2,correct
MIT,b3c35,335,99.0630486864614,757,99.37052154541016,test,Primary EV use,Primary EV use,2,2,correct
MIT,b3c35,336,99.05297151525876,756,99.0499496459961,test,Primary EV use,Primary EV use,2,2,correct
MIT,b3c35,337,99.04556404239707,755,99.01361846923828,test,Primary EV use,Primary EV use,2,2,correct
MIT,b3c35,338,99.04642887425402,754,99.27667236328124,test,Primary EV use,Primary EV use,2,2,correct
MIT,b3c35,339,99.03161392853067,753,99.10363006591795,test,Primary EV use,Primary EV use,2,2,correct
MIT,b3c35,340,99.03280777250713,752,99.27933502197266,test,Primary EV use,Primary EV use,2,2,correct
MIT,b3c35,341,99.03631410166624,751,99.25404357910156,test,Primary EV use,Primary EV use,2,2,correct
MIT,b3c35,342,99.02230758572225,750,99.22925567626952,test,Primary EV use,Primary EV use,2,2,correct
MIT,b3c35,343,99.01961908668868,749,99.2864990234375,test,Primary EV use,Primary EV use,2,2,correct
MIT,b3c35,344,99.01813383197783,748,99.42347717285156,test,Primary EV use,Primary EV use,2,2,correct
MIT,b3c35,345,99.00753964173026,747,99.13371276855467,test,Primary EV use,Primary EV use,2,2,correct
MIT,b3c35,346,99.01000253245329,746,99.13835906982422,test,Primary EV use,Primary EV use,2,2,correct
MIT,b3c35,347,99.00288647032602,745,99.23204803466795,test,Primary EV use,Primary EV use,2,2,correct
MIT,b3c35,348,98.9896037810449,744,99.0665512084961,test,Primary EV use,Primary EV use,2,2,correct
MIT,b3c35,349,98.9896037810449,743,99.48075103759766,test,Primary EV use,Primary EV use,2,2,correct
MIT,b3c35,350,98.98525142072133,742,98.89468383789062,test,Primary EV use,Primary EV use,2,2,correct
MIT,b3c35,351,98.97620828760849,741,99.27407836914062,test,Primary EV use,Primary EV use,2,2,correct
MIT,b3c35,352,98.97744913331628,740,99.25933837890624,test,Primary EV use,Primary EV use,2,2,correct
MIT,b3c35,353,98.97691331357883,739,99.20501708984376,test,Primary EV use,Primary EV use,2,2,correct
MIT,b3c35,354,98.9757476706412,738,99.29729461669922,test,Primary EV use,Primary EV use,2,2,correct
MIT,b3c35,355,98.96794538323611,737,99.1125717163086,test,Primary EV use,Primary EV use,2,2,correct
MIT,b3c35,356,98.34738152414585,736,103.36529541015624,test,Primary EV use,Primary EV use,2,2,correct
MIT,b3c35,357,98.4662771037834,735,99.31771850585938,test,Primary EV use,Primary EV use,2,2,correct
MIT,b3c35,358,98.54001341993435,734,99.0755615234375,test,Primary EV use,Primary EV use,2,2,correct
MIT,b3c35,359,98.5960770850955,733,99.06613159179688,test,Primary EV use,Primary EV use,2,2,correct
MIT,b3c35,360,98.62532156234506,732,99.17035675048828,test,Primary EV use,Primary EV use,2,2,correct
MIT,b3c35,361,98.6401083070296,731,99.02255249023438,test,Primary EV use,Primary EV use,2,2,correct
MIT,b3c35,362,98.66590285719764,730,99.19572448730467,test,Primary EV use,Primary EV use,2,2,correct
MIT,b3c35,363,98.66485941876157,729,98.89038848876952,test,Primary EV use,Primary EV use,2,2,correct
MIT,b3c35,364,98.673714544949,728,98.9693832397461,test,Primary EV use,Primary EV use,2,2,correct
MIT,b3c35,365,98.6902027523086,727,98.5611343383789,test,Primary EV use,Primary EV use,2,2,correct
MIT,b3c35,366,98.69585236041758,726,99.1418228149414,test,Primary EV use,Primary EV use,2,2,correct
MIT,b3c35,367,98.6983152511406,725,98.94173431396484,test,Primary EV use,Primary EV use,2,2,correct
MIT,b3c35,368,98.70687896659362,724,99.12360382080078,test,Primary EV use,Primary EV use,2,2,correct
MIT,b3c35,369,98.70869323342394,723,99.32766723632812,test,Primary EV use,Primary EV use,2,2,correct
MIT,b3c35,370,98.709943479478,722,99.07284545898438,test,Primary EV use,Primary EV use,2,2,correct
MIT,b3c35,371,98.71336520552072,721,99.25701904296876,test,Primary EV use,Primary EV use,2,2,correct
MIT,b3c35,372,98.71726634922324,720,99.13092041015624,test,Primary EV use,Primary EV use,2,2,correct
MIT,b3c35,373,98.71229356604582,719,98.93392944335938,test,Primary EV use,Primary EV use,2,2,correct
MIT,b3c35,374,98.72006765241204,718,98.88603973388672,test,Primary EV use,Primary EV use,2,2,correct
MIT,b3c35,375,98.71986084479408,717,98.96721649169922,test,Primary EV use,Primary EV use,2,2,correct
MIT,b3c35,376,98.72020865760612,716,99.04403686523438,test,Primary EV use,Primary EV use,2,2,correct
MIT,b3c35,377,98.71266017955035,715,99.18695068359376,test,Primary EV use,Primary EV use,2,2,correct
MIT,b3c35,378,98.699161282305,714,98.72400665283205,test,Primary EV use,Primary EV use,2,2,correct
MIT,b3c35,379,98.70242320246108,713,98.8056182861328,test,Primary EV use,Primary EV use,2,2,correct
MIT,b3c35,380,98.70814801334024,712,99.1166763305664,test,Primary EV use,Primary EV use,2,2,correct
MIT,b3c35,381,98.71029129229004,711,99.08800506591795,test,Primary EV use,Primary EV use,2,2,correct
MIT,b3c35,382,98.7002987242038,710,99.12506866455078,test,Primary EV use,Primary EV use,2,2,correct
MIT,b3c35,383,98.69657618708044,709,98.8290023803711,test,Primary EV use,Primary EV use,2,2,correct
MIT,b3c35,384,98.6936902807752,708,98.85045623779295,test,Primary EV use,Primary EV use,2,2,correct
MIT,b3c35,385,98.70125755952346,707,99.0589370727539,test,Primary EV use,Primary EV use,2,2,correct
MIT,b3c35,386,98.69321086311535,706,98.85496520996094,test,Primary EV use,Primary EV use,2,2,correct
MIT,b3c35,387,98.68501376116691,705,98.8170166015625,test,Primary EV use,Primary EV use,2,2,correct
MIT,b3c35,388,98.68899950798588,704,99.06163787841795,test,Primary EV use,Primary EV use,2,2,correct
MIT,b3c35,389,98.68264487390658,703,98.7843246459961,test,Primary EV use,Primary EV use,2,2,correct
MIT,b3c35,390,98.6900053450369,702,99.13194274902344,test,Primary EV use,Primary EV use,2,2,correct
MIT,b3c35,391,98.68593499510148,701,99.04550170898438,test,Primary EV use,Primary EV use,2,2,correct
MIT,b3c35,392,98.67895993816828,700,98.97486114501952,test,Primary EV use,Primary EV use,2,2,correct
MIT,b3c35,393,98.67375214633408,699,98.8976058959961,test,Primary EV use,Primary EV use,2,2,correct
MIT,b3c35,394,98.67031161959883,698,98.76852416992188,test,Primary EV use,Primary EV use,2,2,correct
MIT,b3c35,395,98.6712610545722,697,98.85509490966795,test,Primary EV use,Primary EV use,2,2,correct
MIT,b3c35,396,98.66221792145934,696,98.79053497314452,test,Primary EV use,Primary EV use,2,2,correct
MIT,b3c35,397,98.65786556113582,695,98.95723724365234,test,Primary EV use,Primary EV use,2,2,correct
MIT,b3c35,398,98.65222535337313,694,98.87193298339844,test,Primary EV use,Primary EV use,2,2,correct
MIT,b3c35,399,98.64904803633348,693,98.9662094116211,test,Primary EV use,Primary EV use,2,2,correct
MIT,b3c35,400,98.64149015793149,692,98.91531372070312,test,Primary EV use,Primary EV use,2,2,correct
MIT,b3c35,401,98.6416405634718,691,98.93087768554688,test,Primary EV use,Primary EV use,2,2,correct
MIT,b3c35,402,98.6239867131746,690,99.00850677490234,test,Primary EV use,Primary EV use,2,2,correct
MIT,b3c35,403,98.6331990525203,689,98.99714660644533,test,Primary EV use,Primary EV use,2,2,correct
MIT,b3c35,404,98.62331928858931,688,98.99491119384766,test,Primary EV use,Primary EV use,2,2,correct
MIT,b3c35,405,98.62628039766474,687,98.94801330566406,test,Primary EV use,Primary EV use,2,2,correct
MIT,b3c35,406,98.62550956927048,686,98.74840545654295,test,Primary EV use,Primary EV use,2,2,correct
MIT,b3c35,407,98.61763207909527,685,98.9261245727539,test,Primary EV use,Primary EV use,2,2,correct
MIT,b3c35,408,98.62204084149644,684,98.7699966430664,test,Primary EV use,Primary EV use,2,2,correct
MIT,b3c35,409,98.62265186400408,683,98.91049194335938,test,Primary EV use,Primary EV use,2,2,correct
MIT,b3c35,410,98.62512415507338,682,98.9336929321289,test,Primary EV use,Primary EV use,2,2,correct
MIT,b3c35,411,98.61785768740576,681,98.88603973388672,test,Primary EV use,Primary EV use,2,2,correct
MIT,b3c35,412,98.59935780594417,680,98.86531066894533,test,Primary EV use,Primary EV use,2,2,correct
MIT,b3c35,413,98.60530822513378,679,98.80335235595705,test,Primary EV use,Primary EV use,2,2,correct
MIT,b3c35,414,98.60105926861922,678,99.0342788696289,test,Primary EV use,Primary EV use,2,2,correct
MIT,b3c35,415,98.59650010067772,677,98.94549560546876,test,Primary EV use,Primary EV use,2,2,correct
MIT,b3c35,416,98.59523105393112,676,98.78994750976562,test,Primary EV use,Primary EV use,2,2,correct
MIT,b3c35,417,98.59398080787705,675,98.75421142578124,test,Primary EV use,Primary EV use,2,2,correct
MIT,b3c35,418,98.58944044062808,674,98.7626495361328,test,Primary EV use,Primary EV use,2,2,correct
MIT,b3c35,419,98.5815817511454,673,98.97183227539062,test,Primary EV use,Primary EV use,2,2,correct
MIT,b3c35,420,98.5859153107764,672,98.75035095214844,test,Primary EV use,Primary EV use,2,2,correct
MIT,b3c35,421,98.57996489158674,671,98.71824645996094,test,Primary EV use,Primary EV use,2,2,correct
MIT,b3c35,422,98.57846083618335,670,98.88775634765624,test,Primary EV use,Primary EV use,2,2,correct
MIT,b3c35,423,98.57226600799068,669,98.78883361816406,test,Primary EV use,Primary EV use,2,2,correct
MIT,b3c35,424,98.55738525984344,668,98.87301635742188,test,Primary EV use,Primary EV use,2,2,correct
MIT,b3c35,425,98.5433505428606,667,98.7272491455078,test,Primary EV use,Primary EV use,2,2,correct
MIT,b3c35,426,98.55170745069567,666,98.7320785522461,test,Primary EV use,Primary EV use,2,2,correct
MIT,b3c35,427,98.5466782654406,665,98.8188018798828,test,Primary EV use,Primary EV use,2,2,correct
MIT,b3c35,428,98.54458198822212,664,98.88114166259766,test,Primary EV use,Primary EV use,2,2,correct
MIT,b3c35,429,98.54301213039484,663,98.71434020996094,test,Primary EV use,Primary EV use,2,2,correct
MIT,b3c35,430,98.53085748266624,662,98.80955505371094,test,Primary EV use,Primary EV use,2,2,correct
MIT,b3c35,431,98.53062247400943,661,98.69247436523438,test,Primary EV use,Primary EV use,2,2,correct
MIT,b3c35,432,98.52801857809234,660,98.81758880615234,test,Primary EV use,Primary EV use,2,2,correct
MIT,b3c35,433,98.5248036596676,659,99.01177215576172,test,Primary EV use,Primary EV use,2,2,correct
MIT,b3c35,434,98.51618354213696,658,98.77777099609376,test,Primary EV use,Primary EV use,2,2,correct
MIT,b3c35,435,98.5119627866612,657,98.69996643066406,test,Primary EV use,Primary EV use,2,2,correct
MIT,b3c35,436,98.50996991325172,656,98.98607635498048,test,Primary EV use,Primary EV use,2,2,correct
MIT,b3c35,437,98.50500653042056,655,98.7154312133789,test,Primary EV use,Primary EV use,2,2,correct
MIT,b3c35,438,98.50109598637177,654,98.84365844726562,test,Primary EV use,Primary EV use,2,2,correct
MIT,b3c35,439,98.49425253428636,653,98.98365020751952,test,Primary EV use,Primary EV use,2,2,correct
MIT,b3c35,440,98.47906157471218,652,98.86991119384766,test,Primary EV use,Primary EV use,2,2,correct
MIT,b3c35,441,98.47977600102878,651,98.90338134765624,test,Primary EV use,Primary EV use,2,2,correct
MIT,b3c35,442,98.48110144985304,650,98.81112670898438,test,Primary EV use,Primary EV use,2,2,correct
MIT,b3c35,443,98.47320515898524,649,98.9223403930664,test,Primary EV use,Primary EV use,2,2,correct
MIT,b3c35,444,98.47496302373794,648,98.91568756103516,test,Primary EV use,Primary EV use,2,2,correct
MIT,b3c35,445,98.46135132233732,647,98.95198822021484,test,Primary EV use,Primary EV use,2,2,correct
MIT,b3c35,446,98.44742000916348,646,99.09950256347656,test,Primary EV use,Primary EV use,2,2,correct
MIT,b3c35,447,98.44253182910248,645,98.84194946289062,test,Primary EV use,Primary EV use,2,2,correct
MIT,b3c35,448,98.43324428698656,644,98.8712387084961,test,Primary EV use,Primary EV use,2,2,correct
MIT,b3c35,449,98.4337237046464,643,98.93620300292967,test,Primary EV use,Primary EV use,2,2,correct
MIT,b3c35,450,98.42614702555184,642,99.08333587646484,test,Primary EV use,Primary EV use,2,2,correct
MIT,b3c35,451,98.42627863039964,641,98.90232849121094,test,Primary EV use,Primary EV use,2,2,correct
MIT,b3c35,452,98.41564683876696,640,98.84282684326172,test,Primary EV use,Primary EV use,2,2,correct
MIT,b3c35,453,98.41827893572288,639,98.97122192382812,test,Primary EV use,Primary EV use,2,2,correct
MIT,b3c35,454,98.42556420408305,638,98.90991973876952,test,Primary EV use,Primary EV use,2,2,correct
MIT,b3c35,455,98.41365396535748,637,98.9192123413086,test,Primary EV use,Primary EV use,2,2,correct
MIT,b3c35,456,98.41740470351968,636,98.8371810913086,test,Primary EV use,Primary EV use,2,2,correct
MIT,b3c35,457,98.4113696812136,635,98.7725830078125,test,Primary EV use,Primary EV use,2,2,correct
MIT,b3c35,458,98.41405818024714,634,98.94805145263672,test,Primary EV use,Primary EV use,2,2,correct
MIT,b3c35,459,98.40405621181463,633,98.91912841796876,test,Primary EV use,Primary EV use,2,2,correct
MIT,b3c35,460,98.39426105100009,632,98.83734130859376,test,Primary EV use,Primary EV use,2,2,correct
MIT,b3c35,461,98.39118713776942,631,98.7935791015625,test,Primary EV use,Primary EV use,2,2,correct
MIT,b3c35,462,98.39074532149466,630,98.85462951660156,test,Primary EV use,Primary EV use,2,2,correct
MIT,b3c35,463,98.38188079496098,629,98.97063446044922,test,Primary EV use,Primary EV use,2,2,correct
MIT,b3c35,464,98.38296183478217,628,99.11595153808594,test,Primary EV use,Primary EV use,2,2,correct
MIT,b3c35,465,98.38092195964131,627,98.90245819091795,test,Primary EV use,Primary EV use,2,2,correct
MIT,b3c35,466,98.3706567815132,626,98.84307861328124,test,Primary EV use,Primary EV use,2,2,correct
MIT,b3c35,467,98.37083538809236,625,99.02945709228516,test,Primary EV use,Primary EV use,2,2,correct
MIT,b3c35,468,98.36305190137983,624,98.8744888305664,test,Primary EV use,Primary EV use,2,2,correct
MIT,b3c35,469,98.36028819957612,623,98.78286743164062,test,Primary EV use,Primary EV use,2,2,correct
MIT,b3c35,470,98.34675170094567,622,98.91077423095705,test,Primary EV use,Primary EV use,2,2,correct
MIT,b3c35,471,98.3471653161816,621,98.8818817138672,test,Primary EV use,Primary EV use,2,2,correct
MIT,b3c35,472,98.3410362904128,620,98.80631256103516,test,Primary EV use,Primary EV use,2,2,correct
MIT,b3c35,473,98.34332997490294,619,98.80696868896484,test,Primary EV use,Primary EV use,2,2,correct
MIT,b3c35,474,98.33800937891348,618,98.93643188476562,test,Primary EV use,Primary EV use,2,2,correct
MIT,b3c35,475,98.32804501186608,617,98.90966033935548,test,Primary EV use,Primary EV use,2,2,correct
MIT,b3c35,476,98.32929525792012,616,98.89771270751952,test,Primary EV use,Primary EV use,2,2,correct
MIT,b3c35,477,98.32226379890932,615,98.82797241210938,test,Primary EV use,Primary EV use,2,2,correct
MIT,b3c35,478,98.30575679085716,614,98.79715728759766,test,Primary EV use,Primary EV use,2,2,correct
MIT,b3c35,479,98.30230686377564,613,98.73587036132812,test,Primary EV use,Primary EV use,2,2,correct
MIT,b3c35,480,98.296911065016,612,98.90279388427734,test,Primary EV use,Primary EV use,2,2,correct
MIT,b3c35,481,98.28966339804094,611,98.72608184814452,test,Primary EV use,Primary EV use,2,2,correct
MIT,b3c35,482,98.27883419913658,610,98.93988037109376,test,Primary EV use,Primary EV use,2,2,correct
MIT,b3c35,483,98.2804228576564,609,98.9009246826172,test,Primary EV use,Primary EV use,2,2,correct
MIT,b3c35,484,98.2765781160315,608,98.807373046875,test,Primary EV use,Primary EV use,2,2,correct
MIT,b3c35,485,98.26923644559372,607,98.84513854980467,test,Primary EV use,Primary EV use,2,2,correct
MIT,b3c35,486,98.26020271282714,606,98.7677993774414,test,Primary EV use,Primary EV use,2,2,correct
MIT,b3c35,487,98.25182700429954,605,98.88417053222656,test,Primary EV use,Primary EV use,2,2,correct
MIT,b3c35,488,98.2419002386372,604,98.714111328125,test,Primary EV use,Primary EV use,2,2,correct
MIT,b3c35,489,98.241477223055,603,98.80960083007812,test,Primary EV use,Primary EV use,2,2,correct
MIT,b3c35,490,98.2336561349574,602,98.74332427978516,test,Primary EV use,Primary EV use,2,2,correct
MIT,b3c35,491,98.23125904665824,601,98.64556884765624,test,Primary EV use,Primary EV use,2,2,correct
MIT,b3c35,492,98.2295481836369,600,98.85466766357422,test,Primary EV use,Primary EV use,2,2,correct
MIT,b3c35,493,98.21655690509016,599,98.6072235107422,test,Primary EV use,Primary EV use,2,2,correct
MIT,b3c35,494,98.21404701263576,598,98.68415832519533,test,Primary EV use,Primary EV use,2,2,correct
MIT,b3c35,495,98.2169705203261,597,98.82549285888672,test,Primary EV use,Primary EV use,2,2,correct
MIT,b3c35,496,98.20430825389884,596,98.63931274414062,test,Primary EV use,Primary EV use,2,2,correct
MIT,b3c35,497,98.19549072909652,595,98.60741424560548,test,Primary EV use,Primary EV use,2,2,correct
MIT,b3c35,498,98.1897565178711,594,98.67050170898438,test,Primary EV use,Primary EV use,2,2,correct
MIT,b3c35,499,98.18732182818688,593,98.64012908935548,test,Primary EV use,Primary EV use,2,2,correct
MIT,b3c35,500,98.18218923912282,592,98.80510711669922,test,Primary EV use,Primary EV use,2,2,correct
MIT,b3c35,501,98.1748005669537,591,98.8035888671875,test,Primary EV use,Primary EV use,2,2,correct
MIT,b3c35,502,98.16796651521456,590,98.6811065673828,test,Primary EV use,Primary EV use,2,2,correct
MIT,b3c35,503,98.16038043577376,589,98.56600189208984,test,Primary EV use,Primary EV use,2,2,correct
MIT,b3c35,504,98.15331137537784,588,98.82971954345705,test,Primary EV use,Primary EV use,2,2,correct
MIT,b3c35,505,98.13711457875264,587,98.87039947509766,test,Primary EV use,Primary EV use,2,2,correct
MIT,b3c35,506,98.14452205161432,586,98.90125274658205,test,Primary EV use,Primary EV use,2,2,correct
MIT,b3c35,507,98.1303745304762,585,98.57695770263672,test,Primary EV use,Primary EV use,2,2,correct
MIT,b3c35,508,98.1286166657235,584,98.87572479248048,test,Primary EV use,Primary EV use,2,2,correct
MIT,b3c35,509,98.12211162610386,583,98.70198822021484,test,Primary EV use,Primary EV use,2,2,correct
MIT,b3c35,510,98.120071750963,582,98.70360565185548,test,Primary EV use,Primary EV use,2,2,correct
MIT,b3c35,511,98.11876510283132,581,98.35919952392578,test,Primary EV use,Primary EV use,2,2,correct
MIT,b3c35,512,98.10705227137748,580,98.50303649902344,test,Primary EV use,Primary EV use,2,2,correct
MIT,b3c35,513,98.09790573445564,579,98.50272369384766,test,Primary EV use,Primary EV use,2,2,correct
MIT,b3c35,514,98.08564768291804,578,98.72197723388672,test,Primary EV use,Primary EV use,2,2,correct
MIT,b3c35,515,98.08261137107247,577,98.69085693359376,test,Primary EV use,Primary EV use,2,2,correct
MIT,b3c35,516,98.06991150326016,576,98.84735107421876,test,Primary EV use,Primary EV use,2,2,correct
MIT,b3c35,517,98.06272023836272,575,98.50686645507812,test,Primary EV use,Primary EV use,2,2,correct
MIT,b3c35,518,98.0531694865512,574,98.554931640625,test,Primary EV use,Primary EV use,2,2,correct
MIT,b3c35,519,98.04470917490718,573,98.69135284423828,test,Primary EV use,Primary EV use,2,2,correct
MIT,b3c35,520,98.04333672435158,572,98.71995544433594,test,Primary EV use,Primary EV use,2,2,correct
MIT,b3c35,521,98.03291174033689,571,98.76084899902344,test,Primary EV use,Primary EV use,2,2,correct
MIT,b3c35,522,98.02461123457944,570,98.7425765991211,test,Primary EV use,Primary EV use,2,2,correct
MIT,b3c35,523,98.022308149743,569,98.7890167236328,test,Primary EV use,Primary EV use,2,2,correct
MIT,b3c35,524,98.00508671537426,568,98.3976593017578,test,Primary EV use,Primary EV use,2,2,correct
MIT,b3c35,525,98.00977748816356,567,98.57171630859376,test,Primary EV use,Primary EV use,2,2,correct
MIT,b3c35,526,98.00567893718932,566,98.79544830322266,test,Primary EV use,Primary EV use,2,2,correct
MIT,b3c35,527,98.00176839314054,565,98.46871948242188,test,Primary EV use,Primary EV use,2,2,correct
MIT,b3c35,528,98.0051713184907,564,98.7100830078125,test,Primary EV use,Primary EV use,2,2,correct
MIT,b3c35,529,97.99928670172496,563,98.38699340820312,test,Primary EV use,Primary EV use,2,2,correct
MIT,b3c35,530,97.99641959611225,562,98.45319366455078,test,Primary EV use,Primary EV use,2,2,correct
MIT,b3c35,531,97.98403934007317,561,98.69683837890624,test,Primary EV use,Primary EV use,2,2,correct
MIT,b3c35,532,97.9862672221394,560,98.6831512451172,test,Primary EV use,Primary EV use,2,2,correct
MIT,b3c35,533,97.9766882692891,559,98.62476348876952,test,Primary EV use,Primary EV use,2,2,correct
MIT,b3c35,534,97.96711871678508,558,98.62490844726562,test,Primary EV use,Primary EV use,2,2,correct
MIT,b3c35,535,97.95492646767136,557,98.19711303710938,test,Primary EV use,Primary EV use,2,2,correct
MIT,b3c35,536,97.94862823566967,556,98.48030853271484,test,Primary EV use,Primary EV use,2,2,correct
MIT,b3c35,537,97.95863960444848,555,98.5634765625,test,Primary EV use,Primary EV use,2,2,correct
MIT,b3c35,538,97.95005708830293,554,98.36392974853516,test,Primary EV use,Primary EV use,2,2,correct
MIT,b3c35,539,97.93602237132008,553,98.4750747680664,test,Primary EV use,Primary EV use,2,2,correct
MIT,b3c35,540,97.92637761604588,552,98.45610809326172,test,Primary EV use,Primary EV use,2,2,correct
MIT,b3c35,541,97.91752248985844,551,98.35540008544922,test,Primary EV use,Primary EV use,2,2,correct
MIT,b3c35,542,97.90461581442814,550,98.1339111328125,test,Primary EV use,Primary EV use,2,2,correct
MIT,b3c35,543,97.90781193216034,549,98.32979583740234,test,Primary EV use,Primary EV use,2,2,correct
MIT,b3c35,544,97.8938430176014,548,98.41732025146484,test,Primary EV use,Primary EV use,2,2,correct
MIT,b3c35,545,97.88985727078244,547,98.44354248046876,test,Primary EV use,Primary EV use,2,2,correct
MIT,b3c35,546,97.8803535207023,546,98.10589599609376,test,Primary EV use,Primary EV use,2,2,correct
MIT,b3c35,547,97.87808803725096,545,98.39189910888672,test,Primary EV use,Primary EV use,2,2,correct
MIT,b3c35,548,97.86479594762352,544,98.28499603271484,test,Primary EV use,Primary EV use,2,2,correct
MIT,b3c35,549,97.86674181930168,543,98.3270034790039,test,Primary EV use,Primary EV use,2,2,correct
MIT,b3c35,550,97.85787729276797,542,98.21793365478516,test,Primary EV use,Primary EV use,2,2,correct
MIT,b3c35,551,97.85257549747102,541,98.1610107421875,test,Primary EV use,Primary EV use,2,2,correct
MIT,b3c35,552,97.84672848209038,540,98.29551696777344,test,Primary EV use,Primary EV use,2,2,correct
MIT,b3c35,553,97.83635049980704,539,98.32408905029295,test,Primary EV use,Primary EV use,2,2,correct
MIT,b3c35,554,97.83118030935786,538,98.39452362060548,test,Primary EV use,Primary EV use,2,2,correct
MIT,b3c35,555,97.82895242729164,537,98.40001678466795,test,Primary EV use,Primary EV use,2,2,correct
MIT,b3c35,556,97.81840523877538,536,98.25375366210938,test,Primary EV use,Primary EV use,2,2,correct
MIT,b3c35,557,97.81436308987878,535,98.42542266845705,test,Primary EV use,Primary EV use,2,2,correct
MIT,b3c35,558,97.80616598793034,534,98.46985626220705,test,Primary EV use,Primary EV use,2,2,correct
MIT,b3c35,559,97.80655140212744,533,98.3579559326172,test,Primary EV use,Primary EV use,2,2,correct
MIT,b3c35,560,97.7926858913775,532,98.42599487304688,test,Primary EV use,Primary EV use,2,2,correct
MIT,b3c35,561,97.79096562800989,531,98.22826385498048,test,Primary EV use,Primary EV use,2,2,correct
MIT,b3c35,562,97.77944080348144,530,98.38435363769533,test,Primary EV use,Primary EV use,2,2,correct
MIT,b3c35,563,97.76760576752606,529,98.28325653076172,test,Primary EV use,Primary EV use,2,2,correct
MIT,b3c35,564,97.76451305360284,528,98.3393096923828,test,Primary EV use,Primary EV use,2,2,correct
MIT,b3c35,565,97.7597752790822,527,98.5352783203125,test,Primary EV use,Primary EV use,2,2,correct
MIT,b3c35,566,97.7491152864107,526,98.3265609741211,test,Primary EV use,Primary EV use,2,2,correct
MIT,b3c35,567,97.74882387567628,525,98.4591064453125,test,Primary EV use,Primary EV use,2,2,correct
MIT,b3c35,568,97.74917168848832,524,98.21356964111328,test,Primary EV use,Primary EV use,2,2,correct
MIT,b3c35,569,97.74231883605664,523,98.24883270263672,test,Primary EV use,Primary EV use,2,2,correct
MIT,b3c35,570,97.73596420197735,522,98.39661407470705,test,Primary EV use,Primary EV use,2,2,correct
MIT,b3c35,571,97.73107602191637,521,98.23773193359376,test,Primary EV use,Primary EV use,2,2,correct
MIT,b3c35,572,97.72331133589638,520,98.28607940673828,test,Primary EV use,Primary EV use,2,2,correct
MIT,b3c35,573,97.72015281954928,519,98.32649230957033,test,Primary EV use,Primary EV use,2,2,correct
MIT,b3c35,574,97.71596026511232,518,98.38390350341795,test,Primary EV use,Primary EV use,2,2,correct
MIT,b3c35,575,97.71153270201862,517,98.28520965576172,test,Primary EV use,Primary EV use,2,2,correct
MIT,b3c35,576,97.70322279591493,516,98.35276794433594,test,Primary EV use,Primary EV use,2,2,correct
MIT,b3c35,577,97.6989926400929,515,98.18701934814452,test,Primary EV use,Primary EV use,2,2,correct
MIT,b3c35,578,97.69077673745193,514,98.2935791015625,test,Primary EV use,Primary EV use,2,2,correct
MIT,b3c35,579,97.68795663357056,513,98.4135284423828,test,Primary EV use,Primary EV use,2,2,correct
MIT,b3c35,580,97.67527556645078,512,98.23757934570312,test,Primary EV use,Primary EV use,2,2,correct
MIT,b3c35,581,97.671261618593,511,98.32217407226562,test,Primary EV use,Primary EV use,2,2,correct
MIT,b3c35,582,97.66609142814384,510,98.35105895996094,test,Primary EV use,Primary EV use,2,2,correct
MIT,b3c35,583,97.6609870401186,509,98.27987670898438,test,Primary EV use,Primary EV use,2,2,correct
MIT,b3c35,584,97.65898476636283,508,98.31248474121094,test,Primary EV use,Primary EV use,2,2,correct
MIT,b3c35,585,97.64862558477203,507,98.3031005859375,test,Primary EV use,Primary EV use,2,2,correct
MIT,b3c35,586,97.6384450097604,506,98.2946319580078,test,Primary EV use,Primary EV use,2,2,correct
MIT,b3c35,587,97.6348822785236,505,98.31063842773438,test,Primary EV use,Primary EV use,2,2,correct
MIT,b3c35,588,97.62629036203178,504,98.24115753173828,test,Primary EV use,Primary EV use,2,2,correct
MIT,b3c35,589,97.61955031375535,503,98.03352355957033,test,Primary EV use,Primary EV use,2,2,correct
MIT,b3c35,590,97.61059178375896,502,98.1550750732422,test,Primary EV use,Primary EV use,2,2,correct
MIT,b3c35,591,97.5963032574268,501,98.25559997558594,test,Primary EV use,Primary EV use,2,2,correct
MIT,b3c35,592,97.5837913965399,500,98.26532745361328,test,Primary EV use,Primary EV use,2,2,correct
MIT,b3c35,593,97.58288896329786,499,98.25212860107422,test,Primary EV use,Primary EV use,2,2,correct
MIT,b3c35,594,97.582061732826,498,98.18852996826172,test,Primary EV use,Primary EV use,2,2,correct
MIT,b3c35,595,97.57512427727788,497,98.11316680908205,test,Primary EV use,Primary EV use,2,2,correct
MIT,b3c35,596,97.57178715435164,496,98.22291564941406,test,Primary EV use,Primary EV use,2,2,correct
MIT,b3c35,597,97.56576153239182,495,98.16598510742188,test,Primary EV use,Primary EV use,2,2,correct
MIT,b3c35,598,97.56025292947692,494,98.15686798095705,test,Primary EV use,Primary EV use,2,2,correct
MIT,b3c35,599,97.55832585849132,493,98.08663177490234,test,Primary EV use,Primary EV use,2,2,correct
MIT,b3c35,600,97.54540038236848,492,98.164794921875,test,Primary EV use,Primary EV use,2,2,correct
MIT,b3c35,601,97.53926195625344,491,98.42736053466795,test,Primary EV use,Primary EV use,2,2,correct
MIT,b3c35,602,97.53773910015752,490,98.25333404541016,test,Primary EV use,Primary EV use,2,2,correct
MIT,b3c35,603,97.5259416655872,489,98.08197021484376,test,Primary EV use,Primary EV use,2,2,correct
MIT,b3c35,604,97.52331896897756,488,98.14253997802734,test,Primary EV use,Primary EV use,2,2,correct
MIT,b3c35,605,97.51138992955946,487,98.06429290771484,test,Primary EV use,Primary EV use,2,2,correct
MIT,b3c35,606,97.5017263735927,486,98.22711181640624,test,Primary EV use,Primary EV use,2,2,correct
MIT,b3c35,607,97.49805083820068,485,98.1292953491211,test,Primary EV use,Primary EV use,2,2,correct
MIT,b3c35,608,97.49042715737475,484,98.23929595947266,test,Primary EV use,Primary EV use,2,2,correct
MIT,b3c35,609,97.48991953867612,483,98.10904693603516,test,Primary EV use,Primary EV use,2,2,correct
MIT,b3c35,610,97.48314188901465,482,98.1107406616211,test,Primary EV use,Primary EV use,2,2,correct
MIT,b3c35,611,97.46428479439469,481,97.98889923095705,test,Primary EV use,Primary EV use,2,2,correct
MIT,b3c35,612,97.46696389308198,480,97.99542236328124,test,Primary EV use,Primary EV use,2,2,correct
MIT,b3c35,613,97.4524497584393,479,98.17354583740234,test,Primary EV use,Primary EV use,2,2,correct
MIT,b3c35,614,97.44693175517814,478,97.89535522460938,test,Primary EV use,Primary EV use,2,2,correct
MIT,b3c35,615,97.4334234575865,477,97.66958618164062,test,Primary EV use,Primary EV use,2,2,correct
MIT,b3c35,616,97.43050935024245,476,97.91552734375,test,Primary EV use,Primary EV use,2,2,correct
MIT,b3c35,617,97.4231206780733,475,98.01995086669922,test,Primary EV use,Primary EV use,2,2,correct
MIT,b3c35,618,97.41252648782572,474,98.06654357910156,test,Primary EV use,Primary EV use,2,2,correct
MIT,b3c35,619,97.40209210346474,473,97.92154693603516,test,Primary EV use,Primary EV use,2,2,correct
MIT,b3c35,620,97.4041883806832,472,97.93606567382812,test,Primary EV use,Primary EV use,2,2,correct
MIT,b3c35,621,97.39847297015032,471,97.63340759277344,test,Primary EV use,Primary EV use,2,2,correct
MIT,b3c35,622,97.38758736916834,470,97.66624450683594,test,Primary EV use,Primary EV use,2,2,correct
MIT,b3c35,623,97.37802721701055,469,97.67540740966795,test,Primary EV use,Primary EV use,2,2,correct
MIT,b3c35,624,97.3694164998262,468,97.61717224121094,test,Primary EV use,Primary EV use,2,2,correct
MIT,b3c35,625,97.36209363008098,467,97.72100067138672,test,Primary EV use,Primary EV use,2,2,correct
MIT,b3c35,626,97.35603980708234,466,97.67745971679688,test,Primary EV use,Primary EV use,2,2,correct
MIT,b3c35,627,97.35247707584558,465,97.7375259399414,test,Primary EV use,Primary EV use,2,2,correct
MIT,b3c35,628,97.34284172091763,464,97.86324310302734,test,Primary EV use,Primary EV use,2,2,correct
MIT,b3c35,629,97.33017005414412,463,97.90978240966795,test,Primary EV use,Primary EV use,2,2,correct
MIT,b3c35,630,97.32738755164786,462,97.61848449707033,test,Primary EV use,Primary EV use,2,2,correct
MIT,b3c35,631,97.32107051895365,461,97.56898498535156,test,Primary EV use,Primary EV use,2,2,correct
MIT,b3c35,632,97.30807924040693,460,97.60759735107422,test,Primary EV use,Primary EV use,2,2,correct
MIT,b3c35,633,97.3022134243337,459,97.71480560302734,test,Primary EV use,Primary EV use,2,2,correct
MIT,b3c35,634,97.29749445050558,458,97.5454330444336,test,Primary EV use,Primary EV use,2,2,correct
MIT,b3c35,635,97.2923054593639,457,97.60250091552734,test,Primary EV use,Primary EV use,2,2,correct
MIT,b3c35,636,97.28208728296715,456,97.62881469726562,test,Primary EV use,Primary EV use,2,2,correct
MIT,b3c35,637,97.26617249673008,455,97.55858612060548,test,Primary EV use,Primary EV use,2,2,correct
MIT,b3c35,638,97.26276017103368,454,97.64600372314452,test,Primary EV use,Primary EV use,2,2,correct
MIT,b3c35,639,97.25540910024962,453,97.69332885742188,test,Primary EV use,Primary EV use,2,2,correct
MIT,b3c35,640,97.25732677088897,452,97.57732391357422,test,Primary EV use,Primary EV use,2,2,correct
MIT,b3c35,641,97.24706159276084,451,97.61114501953124,test,Primary EV use,Primary EV use,2,2,correct
MIT,b3c35,642,97.23404211317528,450,97.6415023803711,test,Primary EV use,Primary EV use,2,2,correct
MIT,b3c35,643,97.22404954508904,449,97.77237701416016,test,Primary EV use,Primary EV use,2,2,correct
MIT,b3c35,644,97.21695228365434,448,97.50360107421876,test,Primary EV use,Primary EV use,2,2,correct
MIT,b3c35,645,97.20954481079266,447,97.61972045898438,test,Primary EV use,Primary EV use,2,2,correct
MIT,b3c35,646,97.20318077636708,446,97.5127182006836,test,Primary EV use,Primary EV use,2,2,correct
MIT,b3c35,647,97.1888358479573,445,97.5778579711914,test,Primary EV use,Primary EV use,2,2,correct
MIT,b3c35,648,97.18265982045716,444,97.52417755126952,test,Primary EV use,Primary EV use,2,2,correct
MIT,b3c35,649,97.16568279509144,443,97.59548950195312,test,Primary EV use,Primary EV use,2,2,correct
MIT,b3c35,650,97.16445134972994,442,97.61664581298828,test,Primary EV use,Primary EV use,2,2,correct
MIT,b3c35,651,97.15474079203184,441,97.50032043457033,test,Primary EV use,Primary EV use,2,2,correct
MIT,b3c35,652,97.154157970563,440,97.52991485595705,test,Primary EV use,Primary EV use,2,2,correct
MIT,b3c35,653,97.14151450482832,439,97.47145080566406,test,Primary EV use,Primary EV use,2,2,correct
MIT,b3c35,654,97.13352421049784,438,97.3534164428711,test,Primary EV use,Primary EV use,2,2,correct
MIT,b3c35,655,97.1268123632602,437,97.50545501708984,test,Primary EV use,Primary EV use,2,2,correct
MIT,b3c35,656,97.11608656816485,436,97.56033325195312,test,Primary EV use,Primary EV use,2,2,correct
MIT,b3c35,657,97.10230566053131,435,97.58561706542967,test,Primary EV use,Primary EV use,2,2,correct
MIT,b3c35,658,97.09190887755544,434,97.55148315429688,test,Primary EV use,Primary EV use,2,2,correct
MIT,b3c35,659,97.08687029195409,433,97.25540924072266,test,Primary EV use,Primary EV use,2,2,correct
MIT,b3c35,660,97.0802242471404,432,97.421630859375,test,Primary EV use,Primary EV use,2,2,correct
MIT,b3c35,661,97.07150072580076,431,97.29358673095705,test,Primary EV use,Primary EV use,2,2,correct
MIT,b3c35,662,97.05973149226926,430,97.47714233398438,test,Primary EV use,Primary EV use,2,2,correct
MIT,b3c35,663,97.05784202266877,429,97.34264373779295,test,Primary EV use,Primary EV use,2,2,correct
MIT,b3c35,664,97.05092336781318,428,97.54155731201172,test,Primary EV use,Primary EV use,2,2,correct
MIT,b3c35,665,97.03793208926643,427,97.33631896972656,test,Primary EV use,Primary EV use,2,2,correct
MIT,b3c35,666,97.03004519874494,426,97.28076934814452,test,Primary EV use,Primary EV use,2,2,correct
MIT,b3c35,667,97.02423578474938,425,97.4248504638672,test,Primary EV use,Primary EV use,2,2,correct
MIT,b3c35,668,97.0131809775345,424,97.3495101928711,test,Primary EV use,Primary EV use,2,2,correct
MIT,b3c35,669,97.00561369878622,423,97.36199951171876,test,Primary EV use,Primary EV use,2,2,correct
MIT,b3c35,670,96.99732259337507,422,97.31317901611328,test,Primary EV use,Primary EV use,2,2,correct
MIT,b3c35,671,96.99089275652558,421,97.33985900878906,test,Primary EV use,Primary EV use,2,2,correct
MIT,b3c35,672,96.98357928712664,420,97.52310943603516,test,Primary EV use,Primary EV use,2,2,correct
MIT,b3c35,673,96.96827552339718,419,97.45659637451172,test,Primary EV use,Primary EV use,2,2,correct
MIT,b3c35,674,96.95773773522724,418,97.26927947998048,test,Primary EV use,Primary EV use,2,2,correct
MIT,b3c35,675,96.94658892454964,417,97.2771987915039,test,Primary EV use,Primary EV use,2,2,correct
MIT,b3c35,676,96.93859863021916,416,97.4951629638672,test,Primary EV use,Primary EV use,2,2,correct
MIT,b3c35,677,96.75398522979994,415,100.41496276855467,test,Primary EV use,Primary EV use,2,2,correct
MIT,b3c35,678,96.80165438574096,414,97.00431060791016,test,Primary EV use,Primary EV use,2,2,correct
MIT,b3c35,679,96.8303818439456,413,97.27269744873048,test,Primary EV use,Primary EV use,2,2,correct
MIT,b3c35,680,96.83356856133152,412,97.30487060546876,test,Primary EV use,Primary EV use,2,2,correct
MIT,b3c35,681,96.82691311617155,411,97.1340103149414,test,Primary EV use,Primary EV use,2,2,correct
MIT,b3c35,682,96.82720452690596,410,97.11573791503906,test,Primary EV use,Primary EV use,2,2,correct
MIT,b3c35,683,96.82309657558548,409,97.23329162597656,test,Primary EV use,Primary EV use,2,2,correct
MIT,b3c35,684,96.81364922758294,408,97.03336334228516,test,Primary EV use,Primary EV use,2,2,correct
MIT,b3c35,685,96.80520771663144,407,97.2588348388672,test,Primary EV use,Primary EV use,2,2,correct
MIT,b3c35,686,96.80443688823722,406,97.09747314453124,test,Primary EV use,Primary EV use,2,2,correct
MIT,b3c35,687,96.79190622665776,405,97.13172149658205,test,Primary EV use,Primary EV use,2,2,correct
MIT,b3c35,688,96.78689584209523,404,97.22299194335938,test,Primary EV use,Primary EV use,2,2,correct
MIT,b3c35,689,96.78187605718644,403,97.02369689941406,test,Primary EV use,Primary EV use,2,2,correct
MIT,b3c35,690,96.77020082711768,402,97.29703521728516,test,Primary EV use,Primary EV use,2,2,correct
MIT,b3c35,691,96.76786014089616,401,97.12152862548828,test,Primary EV use,Primary EV use,2,2,correct
MIT,b3c35,692,96.75593110147808,400,97.33059692382812,test,Primary EV use,Primary EV use,2,2,correct
MIT,b3c35,693,96.74681276559504,399,96.99530792236328,test,Primary EV use,Primary EV use,2,2,correct
MIT,b3c35,694,96.7426578125432,398,97.27978515625,test,Primary EV use,Primary EV use,2,2,correct
MIT,b3c35,695,96.739358291002,397,97.03116607666016,test,Primary EV use,Primary EV use,2,2,correct
MIT,b3c35,696,96.71550021216582,396,97.0235366821289,test,Primary EV use,Primary EV use,2,2,correct
MIT,b3c35,697,96.71158026777074,395,97.06421661376952,test,Primary EV use,Primary EV use,2,2,correct
MIT,b3c35,698,96.70735011194871,394,97.1590347290039,test,Primary EV use,Primary EV use,2,2,correct
MIT,b3c35,699,96.69014747827252,393,97.09799194335938,test,Primary EV use,Primary EV use,2,2,correct
MIT,b3c35,700,96.67740060872885,392,97.0035171508789,test,Primary EV use,Primary EV use,2,2,correct
MIT,b3c35,701,96.6745711045012,391,96.64684295654295,test,Primary EV use,Primary EV use,2,2,correct
MIT,b3c35,702,96.65715226286076,390,96.9453582763672,test,Primary EV use,Primary EV use,2,2,correct
MIT,b3c35,703,96.65350492850756,389,97.3179168701172,test,Primary EV use,Primary EV use,2,2,correct
MIT,b3c35,704,96.64470620439776,388,97.03072357177734,test,Primary EV use,Primary EV use,2,2,correct
MIT,b3c35,705,96.63507084946984,387,97.10137939453124,test,Primary EV use,Primary EV use,2,2,correct
MIT,b3c35,706,96.62346142182491,386,97.07780456542967,test,Primary EV use,Primary EV use,2,2,correct
MIT,b3c35,707,96.61261342222804,385,97.1711196899414,test,Primary EV use,Primary EV use,2,2,correct
MIT,b3c35,708,96.60034597034416,384,96.91547393798828,test,Primary EV use,Primary EV use,2,2,correct
MIT,b3c35,709,96.59770447304196,383,96.81935119628906,test,Primary EV use,Primary EV use,2,2,correct
MIT,b3c35,710,96.58435598133693,382,97.1431121826172,test,Primary EV use,Primary EV use,2,2,correct
MIT,b3c35,711,96.5726619505756,381,97.02323150634766,test,Primary EV use,Primary EV use,2,2,correct
MIT,b3c35,712,96.57081948270648,380,97.11961364746094,test,Primary EV use,Primary EV use,2,2,correct
MIT,b3c35,713,96.56025349349768,379,96.91648864746094,test,Primary EV use,Primary EV use,2,2,correct
MIT,b3c35,714,96.55067454064738,378,96.8670883178711,test,Primary EV use,Primary EV use,2,2,correct
MIT,b3c35,715,96.5313756297527,377,96.95990753173828,test,Primary EV use,Primary EV use,2,2,correct
MIT,b3c35,716,96.52650625038424,376,96.94855499267578,test,Primary EV use,Primary EV use,2,2,correct
MIT,b3c35,717,96.51567705147988,375,97.26080322265624,test,Primary EV use,Primary EV use,2,2,correct
MIT,b3c35,718,96.50297718366755,374,97.43498229980467,test,Primary EV use,Primary EV use,2,2,correct
MIT,b3c35,719,96.49105754459572,373,96.84303283691406,test,Primary EV use,Primary EV use,2,2,correct
MIT,b3c35,720,96.48136578759016,372,97.35311889648438,test,Primary EV use,Primary EV use,2,2,correct
MIT,b3c35,721,96.4792037079478,371,97.32473754882812,test,Primary EV use,Primary EV use,2,2,correct
MIT,b3c35,722,96.46188827011632,370,96.91594696044922,test,Primary EV use,Primary EV use,2,2,correct
MIT,b3c35,723,96.45065485632227,369,97.0224609375,test,Primary EV use,Primary EV use,2,2,correct
MIT,b3c35,724,96.44464803505502,368,96.70150756835938,test,Primary EV use,Primary EV use,2,2,correct
MIT,b3c35,725,96.42705998718168,367,96.92609405517578,test,Primary EV use,Primary EV use,2,2,correct
MIT,b3c35,726,96.42175819188476,366,96.85108947753906,test,Primary EV use,Primary EV use,2,2,correct
MIT,b3c35,727,96.414519925256,365,97.13999938964844,test,Primary EV use,Primary EV use,2,2,correct
MIT,b3c35,728,96.39719508707825,364,97.05850219726562,test,Primary EV use,Primary EV use,2,2,correct
MIT,b3c35,729,96.38601807536182,363,96.7786102294922,test,Primary EV use,Primary EV use,2,2,correct
MIT,b3c35,730,96.37848839799864,362,96.91143798828124,test,Primary EV use,Primary EV use,2,2,correct
MIT,b3c35,731,96.36497070006072,361,96.7386245727539,test,Primary EV use,Primary EV use,2,2,correct
MIT,b3c35,732,96.35097358446296,360,97.1209945678711,test,Primary EV use,Primary EV use,2,2,correct
MIT,b3c35,733,96.33914794885384,359,96.6048355102539,test,Primary EV use,Primary EV use,2,2,correct
MIT,b3c35,734,96.32693689904762,358,96.18862915039062,test,Primary EV use,Primary EV use,2,2,correct
MIT,b3c35,735,96.32452101005592,357,96.74510955810548,test,Primary EV use,Primary EV use,2,2,correct
MIT,b3c35,736,96.30623733655854,356,96.68419647216795,test,Primary EV use,Primary EV use,2,2,correct
MIT,b3c35,737,96.30241139562618,355,96.9499053955078,test,Primary EV use,Primary EV use,2,2,correct
MIT,b3c35,738,96.2891005053062,354,96.67729949951172,test,Primary EV use,Primary EV use,2,2,correct
MIT,b3c35,739,96.2757520136012,353,96.6266860961914,test,Primary EV use,Primary EV use,2,2,correct
MIT,b3c35,740,96.27071342799984,352,96.7775650024414,test,Primary EV use,Primary EV use,2,2,correct
MIT,b3c35,741,96.25134871468126,351,96.53741455078124,test,Primary EV use,Primary EV use,2,2,correct
MIT,b3c35,742,96.23995549500064,350,96.46331787109376,test,Primary EV use,Primary EV use,2,2,correct
MIT,b3c35,743,96.22380570010678,349,96.42221069335938,test,Primary EV use,Primary EV use,2,2,correct
MIT,b3c35,744,96.21433015106548,348,96.71470642089844,test,Primary EV use,Primary EV use,2,2,correct
MIT,b3c35,745,96.21266628977546,347,97.0022964477539,test,Primary EV use,Primary EV use,2,2,correct
MIT,b3c35,746,96.20102866109175,346,96.533935546875,test,Primary EV use,Primary EV use,2,2,correct
MIT,b3c35,747,96.18959784002604,345,96.460693359375,test,Primary EV use,Primary EV use,2,2,correct
MIT,b3c35,748,96.18075211418488,344,96.47493743896484,test,Primary EV use,Primary EV use,2,2,correct
MIT,b3c35,749,96.17252681119764,343,96.47135162353516,test,Primary EV use,Primary EV use,2,2,correct
MIT,b3c35,750,96.1530492937238,342,97.05854034423828,test,Primary EV use,Primary EV use,2,2,correct
MIT,b3c35,751,96.15585999725886,341,96.73268127441406,test,Primary EV use,Primary EV use,2,2,correct
MIT,b3c35,752,96.13860096150503,340,96.3487548828125,test,Primary EV use,Primary EV use,2,2,correct
MIT,b3c35,753,96.1308550761776,339,96.4561996459961,test,Primary EV use,Primary EV use,2,2,correct
MIT,b3c35,754,96.11577692075866,338,96.91729736328124,test,Primary EV use,Primary EV use,2,2,correct
MIT,b3c35,755,96.11334223107444,337,96.97857666015624,test,Primary EV use,Primary EV use,2,2,correct
MIT,b3c35,756,96.09660021436552,336,96.4462432861328,test,Primary EV use,Primary EV use,2,2,correct
MIT,b3c35,757,96.0850001870669,335,96.31748962402344,test,Primary EV use,Primary EV use,2,2,correct
MIT,b3c35,758,96.06833337312814,334,97.036376953125,test,Primary EV use,Primary EV use,2,2,correct
MIT,b3c35,759,96.06343579272088,333,96.44930267333984,test,Primary EV use,Primary EV use,2,2,correct
MIT,b3c35,760,96.0477466147943,332,96.37612915039062,test,Primary EV use,Primary EV use,2,2,correct
MIT,b3c35,761,96.03511254940588,331,96.32676696777344,test,Primary EV use,Primary EV use,2,2,correct
MIT,b3c35,762,96.01958317736592,330,97.06502532958984,test,Primary EV use,Primary EV use,2,2,correct
MIT,b3c35,763,96.00984441862902,329,97.1240692138672,test,Primary EV use,Primary EV use,2,2,correct
MIT,b3c35,764,96.0051254448009,328,96.28684997558594,test,Primary EV use,Primary EV use,2,2,correct
MIT,b3c35,765,95.98707677996028,327,96.9949722290039,test,Primary EV use,Primary EV use,2,2,correct
MIT,b3c35,766,95.97460252045845,326,96.55598449707033,test,Primary EV use,Primary EV use,2,2,correct
MIT,b3c35,767,95.95857493006612,325,96.31678771972656,test,Primary EV use,Primary EV use,2,2,correct
MIT,b3c35,768,95.94535804320888,324,96.2749481201172,test,Primary EV use,Primary EV use,2,2,correct
MIT,b3c35,769,95.92875703169403,323,96.34685516357422,test,Primary EV use,Primary EV use,2,2,correct
MIT,b3c35,770,95.92059753113064,322,96.2750244140625,test,Primary EV use,Primary EV use,2,2,correct
MIT,b3c35,771,95.91056736165936,321,96.4111557006836,test,Primary EV use,Primary EV use,2,2,correct
MIT,b3c35,772,95.89302631551736,320,96.33702087402344,test,Primary EV use,Primary EV use,2,2,correct
MIT,b3c35,773,95.88199030899504,319,96.2659149169922,test,Primary EV use,Primary EV use,2,2,correct
MIT,b3c35,774,95.8704278830815,318,96.24651336669922,test,Primary EV use,Primary EV use,2,2,correct
MIT,b3c35,775,95.8548515093102,317,97.20578002929688,test,Primary EV use,Primary EV use,2,2,correct
MIT,b3c35,776,95.84807385964872,316,96.21878051757812,test,Primary EV use,Primary EV use,2,2,correct
MIT,b3c35,777,95.83440575617044,315,96.43599700927734,test,Primary EV use,Primary EV use,2,2,correct
MIT,b3c35,778,95.81742873080474,314,96.15143585205078,test,Primary EV use,Primary EV use,2,2,correct
MIT,b3c35,779,95.80690034298102,313,96.28751373291016,test,Primary EV use,Primary EV use,2,2,correct
MIT,b3c35,780,95.79767860328904,312,96.29991912841795,test,Primary EV use,Primary EV use,2,2,correct
MIT,b3c35,781,95.78223383436551,311,96.26336669921876,test,Primary EV use,Primary EV use,2,2,correct
MIT,b3c35,782,95.7726266804764,310,96.49347686767578,test,Primary EV use,Primary EV use,2,2,correct
MIT,b3c35,783,95.74594849775886,309,96.17882537841795,test,Primary EV use,Primary EV use,2,2,correct
MIT,b3c35,784,95.7402048861872,308,96.6764678955078,test,Primary EV use,Primary EV use,2,2,correct
MIT,b3c35,785,95.71985313651014,307,96.44400787353516,test,Primary EV use,Primary EV use,2,2,correct
MIT,b3c35,786,95.70276330698916,306,96.2251434326172,test,Primary EV use,Primary EV use,2,2,correct
MIT,b3c35,787,95.6990783712509,305,96.27954864501952,test,Primary EV use,Primary EV use,2,2,correct
MIT,b3c35,788,95.68354899921094,304,96.30097198486328,test,Primary EV use,Primary EV use,2,2,correct
MIT,b3c35,789,95.66670357869302,303,96.35210418701172,test,Primary EV use,Primary EV use,2,2,correct
MIT,b3c35,790,95.6498957595602,302,96.2281494140625,test,Primary EV use,Primary EV use,2,2,correct
MIT,b3c35,791,95.63320074458262,301,96.2406768798828,test,Primary EV use,Primary EV use,2,2,correct
MIT,b3c35,792,95.6200120587642,300,96.26541900634766,test,Primary EV use,Primary EV use,2,2,correct
MIT,b3c35,793,95.60353325175086,299,96.38673400878906,test,Primary EV use,Primary EV use,2,2,correct
MIT,b3c35,794,95.59307066635108,298,96.31230926513672,test,Primary EV use,Primary EV use,2,2,correct
MIT,b3c35,795,95.57824632028144,297,97.17911529541016,test,Primary EV use,Primary EV use,2,2,correct
MIT,b3c35,796,95.55686993286083,296,96.10848236083984,test,Primary EV use,Primary EV use,2,2,correct
MIT,b3c35,797,95.5379564361633,295,97.0290756225586,test,Primary EV use,Primary EV use,2,2,correct
MIT,b3c35,798,95.52852788885332,294,96.29963684082033,test,Primary EV use,Primary EV use,2,2,correct
MIT,b3c35,799,95.51444617013912,293,96.74577331542967,test,Primary EV use,Primary EV use,2,2,correct
MIT,b3c35,800,95.49938681541272,292,95.993408203125,test,Primary EV use,Primary EV use,2,2,correct
MIT,b3c35,801,95.48072712806449,291,95.92485809326172,test,Primary EV use,Primary EV use,2,2,correct
MIT,b3c35,802,95.46425772139744,290,95.97657012939452,test,Primary EV use,Primary EV use,2,2,correct
MIT,b3c35,803,95.44908556251578,289,96.25025177001952,test,Primary EV use,Primary EV use,2,2,correct
MIT,b3c35,804,95.42910042634333,288,96.46186065673828,test,Primary EV use,Primary EV use,2,2,correct
MIT,b3c35,805,95.40943490194408,287,95.95779418945312,test,Primary EV use,Primary EV use,2,2,correct
MIT,b3c35,806,95.39784427499173,286,96.17936706542967,test,Primary EV use,Primary EV use,2,2,correct
MIT,b3c35,807,95.38166627905905,285,96.05923461914062,test,Primary EV use,Primary EV use,2,2,correct
MIT,b3c35,808,95.3614743352686,284,95.99887084960938,test,Primary EV use,Primary EV use,2,2,correct
MIT,b3c35,809,95.34787203421426,283,95.93609619140624,test,Primary EV use,Primary EV use,2,2,correct
MIT,b3c35,810,95.33536957367362,282,95.99313354492188,test,Primary EV use,Primary EV use,2,2,correct
MIT,b3c35,811,95.31772512372268,281,96.34407806396484,test,Primary EV use,Primary EV use,2,2,correct
MIT,b3c35,812,95.2985202162907,280,95.78533935546876,test,Primary EV use,Primary EV use,2,2,correct
MIT,b3c35,813,95.28196620650718,279,95.790283203125,test,Primary EV use,Primary EV use,2,2,correct
MIT,b3c35,814,95.26778108398402,278,96.38864135742188,test,Primary EV use,Primary EV use,2,2,correct
MIT,b3c35,815,95.25499661305524,277,95.93939971923828,test,Primary EV use,Primary EV use,2,2,correct
MIT,b3c35,816,95.2301514978606,276,95.70550537109376,test,Primary EV use,Primary EV use,2,2,correct
MIT,b3c35,817,95.21979231626976,275,96.30677032470705,test,Primary EV use,Primary EV use,2,2,correct
MIT,b3c35,818,95.20156504485,274,96.01978302001952,test,Primary EV use,Primary EV use,2,2,correct
MIT,b3c35,819,95.18726711817158,273,96.3869857788086,test,Primary EV use,Primary EV use,2,2,correct
MIT,b3c35,820,95.1680340097008,272,96.04119873046876,test,Primary EV use,Primary EV use,2,2,correct
MIT,b3c35,821,95.14121482178918,271,95.66786193847656,test,Primary EV use,Primary EV use,2,2,correct
MIT,b3c35,822,95.12872176159485,270,96.16345977783205,test,Primary EV use,Primary EV use,2,2,correct
MIT,b3c35,823,95.11636030624824,269,95.88038635253906,test,Primary EV use,Primary EV use,2,2,correct
MIT,b3c35,824,95.10865202230588,268,96.36447143554688,test,Primary EV use,Primary EV use,2,2,correct
MIT,b3c35,825,95.08398551369038,267,95.9548110961914,test,Primary EV use,Primary EV use,2,2,correct
MIT,b3c35,826,95.06640686616332,266,95.85107421875,test,Primary EV use,Primary EV use,2,2,correct
MIT,b3c35,827,95.04651573345356,265,95.5644989013672,test,Primary EV use,Primary EV use,2,2,correct
MIT,b3c35,828,95.02958570981922,264,96.0516128540039,test,Primary EV use,Primary EV use,2,2,correct
MIT,b3c35,829,95.01037140204096,263,95.64348602294922,test,Primary EV use,Primary EV use,2,2,correct
MIT,b3c35,830,94.9984611633154,262,95.94185638427734,test,Primary EV use,Primary EV use,2,2,correct
MIT,b3c35,831,94.97849482783548,261,95.61441040039062,test,Primary EV use,Primary EV use,2,2,correct
MIT,b3c35,832,94.95125262434168,260,95.73924255371094,test,Primary EV use,Primary EV use,2,2,correct
MIT,b3c35,833,94.9295096234165,259,95.35546112060548,test,Primary EV use,Primary EV use,2,2,correct
MIT,b3c35,834,94.90766321868232,258,95.43977355957033,test,Primary EV use,Primary EV use,2,2,correct
MIT,b3c35,835,94.89294227642168,257,96.12873077392578,test,Primary EV use,Primary EV use,2,2,correct
MIT,b3c35,836,94.8771308939936,256,95.49384307861328,test,Primary EV use,Primary EV use,2,2,correct
MIT,b3c35,837,94.8552750889132,255,95.3833999633789,test,Primary EV use,Primary EV use,2,2,correct
MIT,b3c35,838,94.83183062531292,254,95.4951400756836,test,Primary EV use,Primary EV use,2,2,correct
MIT,b3c35,839,94.81392296566636,253,95.65985870361328,test,Primary EV use,Primary EV use,2,2,correct
MIT,b3c35,840,94.79398483122525,252,95.55780792236328,test,Primary EV use,Primary EV use,2,2,correct
MIT,b3c35,841,94.77349207635412,251,95.14058685302734,test,Primary EV use,Primary EV use,2,2,correct
MIT,b3c35,842,94.7479795365742,250,95.14217376708984,test,Primary EV use,Primary EV use,2,2,correct
MIT,b3c35,843,94.73049489250988,249,95.60884857177734,test,Primary EV use,Primary EV use,2,2,correct
MIT,b3c35,844,94.71007734040892,248,95.62074279785156,test,Primary EV use,Primary EV use,2,2,correct
MIT,b3c35,845,94.68490321309476,247,95.51309967041016,test,Primary EV use,Primary EV use,2,2,correct
MIT,b3c35,846,94.66766297803348,246,95.39271545410156,test,Primary EV use,Primary EV use,2,2,correct
MIT,b3c35,847,94.64903149172405,245,95.52220916748048,test,Primary EV use,Primary EV use,2,2,correct
MIT,b3c35,848,94.62327454294106,244,95.68659973144533,test,Primary EV use,Primary EV use,2,2,correct
MIT,b3c35,849,94.60046930288723,243,94.7758560180664,test,Primary EV use,Primary EV use,2,2,correct
MIT,b3c35,850,94.56559401822126,242,95.48149871826172,test,Primary EV use,Primary EV use,2,2,correct
MIT,b3c35,851,94.55692689895923,241,95.06664276123048,test,Primary EV use,Primary EV use,2,2,correct
MIT,b3c35,852,94.53746818217796,240,94.64181518554688,test,Primary EV use,Primary EV use,2,2,correct
MIT,b3c35,853,94.51469114316296,239,94.80960845947266,test,Primary EV use,Primary EV use,2,2,correct
MIT,b3c35,854,94.49675528247758,238,94.59598541259766,test,Primary EV use,Primary EV use,2,2,correct
MIT,b3c35,855,94.4695694810614,237,94.51412200927734,test,Primary EV use,Primary EV use,2,2,correct
MIT,b3c35,856,94.44951854246504,236,94.84799194335938,test,Primary EV use,Primary EV use,2,2,correct
MIT,b3c35,857,94.42423161099562,235,95.13235473632812,test,Primary EV use,Primary EV use,2,2,correct
MIT,b3c35,858,94.40507370529502,234,94.58924102783205,test,Primary EV use,Primary EV use,2,2,correct
MIT,b3c35,859,94.38880170589964,233,94.5172119140625,test,Primary EV use,Primary EV use,2,2,correct
MIT,b3c35,860,94.35861719402295,232,95.08380889892578,test,Primary EV use,Primary EV use,2,2,correct
MIT,b3c35,861,94.32897790223002,231,94.57122802734376,test,Primary EV use,Primary EV use,2,2,correct
MIT,b3c35,862,94.312198284136,230,94.49820709228516,test,Primary EV use,Primary EV use,2,2,correct
MIT,b3c35,863,94.27805622647917,229,94.50496673583984,test,Primary EV use,Primary EV use,2,2,correct
MIT,b3c35,864,94.25505357915364,228,94.62570190429688,test,Primary EV use,Primary EV use,2,2,correct
MIT,b3c35,865,94.2375031326654,227,94.39411926269533,test,Primary EV use,Primary EV use,2,2,correct
MIT,b3c35,866,94.2176214003019,226,94.773193359375,test,Primary EV use,Primary EV use,2,2,correct
MIT,b3c35,867,94.18866833378674,225,94.89807891845705,test,Primary EV use,Primary EV use,2,2,correct
MIT,b3c35,868,94.1651580677626,224,95.17115783691406,test,Primary EV use,Primary EV use,2,2,correct
MIT,b3c35,869,94.14418589523164,223,94.36397552490234,test,Primary EV use,Primary EV use,2,2,correct
MIT,b3c35,870,94.11986719942816,222,94.2684555053711,test,Primary EV use,Primary EV use,2,2,correct
MIT,b3c35,871,94.09219258000589,221,94.59447479248048,test,Primary EV use,Primary EV use,2,2,correct
MIT,b3c35,872,94.06844730532494,220,94.47715759277344,test,Primary EV use,Primary EV use,2,2,correct
MIT,b3c35,873,94.04202293195672,219,94.5379409790039,test,Primary EV use,Primary EV use,2,2,correct
MIT,b3c35,874,94.01962190679257,218,94.6182861328125,test,Primary EV use,Primary EV use,2,2,correct
MIT,b3c35,875,93.9905644964338,217,94.26403045654295,test,Primary EV use,Primary EV use,2,2,correct
MIT,b3c35,876,93.96423036638978,216,94.21280670166016,test,Primary EV use,Primary EV use,2,2,correct
MIT,b3c35,877,93.94094946881464,215,94.26813507080078,test,Primary EV use,Primary EV use,2,2,correct
MIT,b3c35,878,93.91780299619118,214,94.2384262084961,test,Primary EV use,Primary EV use,2,2,correct
MIT,b3c35,879,93.88585497935404,213,94.3895034790039,test,Primary EV use,Primary EV use,2,2,correct
MIT,b3c35,880,93.86222156879371,212,93.89945220947266,test,Primary EV use,Primary EV use,2,2,correct
MIT,b3c35,881,93.82723536004174,211,94.34510040283205,test,Primary EV use,Primary EV use,2,2,correct
MIT,b3c35,882,93.80205559251982,210,94.2879638671875,test,Primary EV use,Primary EV use,2,2,correct
MIT,b3c35,883,93.77187766088552,209,94.4994888305664,test,Primary EV use,Primary EV use,2,2,correct
MIT,b3c35,884,93.74687649994276,208,94.4964370727539,test,Primary EV use,Primary EV use,2,2,correct
MIT,b3c35,885,93.71320257953025,207,94.21597290039062,test,Primary EV use,Primary EV use,2,2,correct
MIT,b3c35,886,93.6926506024776,206,94.13971710205078,test,Primary EV use,Primary EV use,2,2,correct
MIT,b3c35,887,93.65980015239842,205,94.15559387207033,test,Primary EV use,Primary EV use,2,2,correct
MIT,b3c35,888,93.6253920649421,204,94.29137420654295,test,Primary EV use,Primary EV use,2,2,correct
MIT,b3c35,889,93.6000769324339,203,94.16183471679688,test,Primary EV use,Primary EV use,2,2,correct
MIT,b3c35,890,93.57509363214903,202,94.52098083496094,test,Primary EV use,Primary EV use,2,2,correct
MIT,b3c35,891,93.54117812283734,201,94.48352813720705,test,Primary EV use,Primary EV use,2,2,correct
MIT,b3c35,892,93.5063498399027,200,94.0839385986328,test,Primary EV use,Primary EV use,2,2,correct
MIT,b3c35,893,93.47651314083808,199,94.02648162841795,test,Primary EV use,Primary EV use,2,2,correct
MIT,b3c35,894,93.44059253766672,198,94.06898498535156,test,Primary EV use,Primary EV use,2,2,correct
MIT,b3c35,895,93.41620803943934,197,94.1184310913086,test,Primary EV use,Primary EV use,2,2,correct
MIT,b3c35,896,93.3822145072536,196,94.47506713867188,test,Primary EV use,Primary EV use,2,2,correct
MIT,b3c35,897,93.3511003011307,195,94.06079864501952,test,Primary EV use,Primary EV use,2,2,correct
MIT,b3c35,898,93.31614323345217,194,93.83563995361328,test,Primary EV use,Primary EV use,2,2,correct
MIT,b3c35,899,93.28335388562373,193,94.16620635986328,test,Primary EV use,Primary EV use,2,2,correct
MIT,b3c35,900,93.25067170174282,192,93.99932861328124,test,Primary EV use,Primary EV use,2,2,correct
MIT,b3c35,901,93.21070518953636,191,94.00821685791016,test,Primary EV use,Primary EV use,2,2,correct
MIT,b3c35,902,93.17865564895948,190,94.0745849609375,test,Primary EV use,Primary EV use,2,2,correct
MIT,b3c35,903,93.15172177682338,189,93.8892822265625,test,Primary EV use,Primary EV use,2,2,correct
MIT,b3c35,904,93.11918999848278,188,94.06663513183594,test,Primary EV use,Primary EV use,2,2,correct
MIT,b3c35,905,93.0855104378625,187,93.84075164794922,test,Primary EV use,Primary EV use,2,2,correct
MIT,b3c35,906,93.04879926556976,186,94.27981567382812,test,Primary EV use,Primary EV use,2,2,correct
MIT,b3c35,907,93.00947197690977,185,93.64447784423828,test,Primary EV use,Primary EV use,2,2,correct
MIT,b3c35,908,92.97694019856915,184,93.81519317626952,test,Primary EV use,Primary EV use,2,2,correct
MIT,b3c35,909,92.93474956443497,183,93.20909881591795,test,Primary EV use,Primary EV use,2,2,correct
MIT,b3c35,910,92.90541202375732,182,93.06746673583984,test,Primary EV use,Primary EV use,2,2,correct
MIT,b3c35,911,92.86588826786024,181,92.97386932373048,test,Primary EV use,Primary EV use,2,2,correct
MIT,b3c35,912,92.82977119745183,180,93.12248229980467,test,Primary EV use,Primary EV use,2,2,correct
MIT,b3c35,913,92.78983194624958,179,93.45309448242188,test,Primary EV use,Primary EV use,2,2,correct
MIT,b3c35,914,92.75415763215057,178,92.6587371826172,test,Primary EV use,Primary EV use,2,2,correct
MIT,b3c35,915,92.71525617917662,177,92.7435302734375,test,Primary EV use,Primary EV use,2,2,correct
MIT,b3c35,916,92.67491365311932,176,92.98210906982422,test,Primary EV use,Primary EV use,2,2,correct
MIT,b3c35,917,92.63491987990872,175,93.06022644042967,test,Primary EV use,Primary EV use,2,2,correct
MIT,b3c35,918,92.60127322050036,174,92.83132934570312,test,Primary EV use,Primary EV use,2,2,correct
MIT,b3c35,919,92.562786322797,173,93.37186431884766,test,Primary EV use,Primary EV use,2,2,correct
MIT,b3c35,920,92.52436616755216,172,93.02212524414062,test,Primary EV use,Primary EV use,2,2,correct
MIT,b3c35,921,92.4805614939632,171,92.68038940429688,test,Primary EV use,Primary EV use,2,2,correct
MIT,b3c35,922,92.4419110302347,170,92.85486602783205,test,Primary EV use,Primary EV use,2,2,correct
MIT,b3c35,923,92.40663999099073,169,92.5919418334961,test,Primary EV use,Primary EV use,2,2,correct
MIT,b3c35,924,92.35838707354624,168,92.69496154785156,test,Primary EV use,Primary EV use,2,2,correct
MIT,b3c35,925,92.31352862114028,167,92.56241607666016,test,Primary EV use,Primary EV use,2,2,correct
MIT,b3c35,926,92.27810623632134,166,92.24601745605467,test,Primary EV use,Primary EV use,2,2,correct
MIT,b3c35,927,92.23840293381048,165,92.34366607666016,test,Primary EV use,Primary EV use,2,2,correct
MIT,b3c35,928,92.19364036493648,164,92.44883728027344,test,Primary EV use,Primary EV use,2,2,correct
MIT,b3c35,929,92.15412224924717,163,92.15245056152344,test,Primary EV use,Primary EV use,2,2,correct
MIT,b3c35,930,92.11283874852816,162,92.51800537109376,test,Primary EV use,Primary EV use,2,2,correct
MIT,b3c35,931,92.06485468098704,161,92.41423034667967,test,Primary EV use,Primary EV use,2,2,correct
MIT,b3c35,932,92.02223257095898,160,92.21688079833984,test,Primary EV use,Primary EV use,2,2,correct
MIT,b3c35,933,91.98070278116764,159,92.00726318359376,test,Primary EV use,Primary EV use,2,2,correct
MIT,b3c35,934,91.9383438808352,158,92.00200653076172,test,Primary EV use,Primary EV use,2,2,correct
MIT,b3c35,935,91.89602352192246,157,92.0372543334961,test,Primary EV use,Primary EV use,2,2,correct
MIT,b3c35,936,91.85210134400512,156,92.02690887451172,test,Primary EV use,Primary EV use,2,2,correct
MIT,b3c35,937,91.81113181485156,155,92.06324005126952,test,Primary EV use,Primary EV use,2,2,correct
MIT,b3c35,938,91.76762419220476,154,91.84782409667967,test,Primary EV use,Primary EV use,2,2,correct
MIT,b3c35,939,91.72259841363515,153,92.03087615966795,test,Primary EV use,Primary EV use,2,2,correct
MIT,b3c35,940,91.67402024420971,152,91.9154815673828,test,Primary EV use,Primary EV use,2,2,correct
MIT,b3c35,941,91.6226623923919,151,91.8987274169922,test,Primary EV use,Primary EV use,2,2,correct
MIT,b3c35,942,91.575378650648,150,92.01705932617188,test,Primary EV use,Primary EV use,2,2,correct
MIT,b3c35,943,91.52283823526923,149,91.8986358642578,test,Primary EV use,Primary EV use,2,2,correct
MIT,b3c35,944,91.47750412534197,148,91.73089599609376,test,Primary EV use,Primary EV use,2,2,correct
MIT,b3c35,945,91.43490457614496,147,91.71610260009766,test,Primary EV use,Primary EV use,2,2,correct
MIT,b3c35,946,91.38325531359274,146,91.89013671875,test,Primary EV use,Primary EV use,2,2,correct
MIT,b3c35,947,91.3338423934184,145,91.77157592773438,test,Primary EV use,Primary EV use,2,2,correct
MIT,b3c35,948,91.29636415286994,144,91.65859985351562,test,Primary EV use,Primary EV use,2,2,correct
MIT,b3c35,949,91.24389706019213,143,91.88412475585938,test,Primary EV use,Primary EV use,2,2,correct
MIT,b3c35,950,91.19475769009428,142,91.77350616455078,test,Primary EV use,Primary EV use,2,2,correct
MIT,b3c35,951,91.13802754038248,141,91.63153076171876,test,Primary EV use,Primary EV use,2,2,correct
MIT,b3c35,952,91.09413262346932,140,91.49079132080078,test,Primary EV use,Primary EV use,2,2,correct
MIT,b3c35,953,91.037945813772,139,91.5151824951172,test,Primary EV use,Primary EV use,2,2,correct
MIT,b3c35,954,90.98745091374188,138,91.50647735595705,test,Primary EV use,Primary EV use,2,2,correct
MIT,b3c35,955,90.93560048377942,137,91.74774169921876,test,Primary EV use,Primary EV use,2,2,correct
MIT,b3c35,956,90.89400959173732,136,91.60366821289062,test,Primary EV use,Primary EV use,2,2,correct
MIT,b3c35,957,90.8316025729124,135,91.50162506103516,test,Primary EV use,Primary EV use,2,2,correct
MIT,b3c35,958,90.77642912054309,134,91.34586334228516,test,Primary EV use,Primary EV use,2,2,correct
MIT,b3c35,959,90.72911717776036,133,91.1553192138672,test,Primary EV use,Primary EV use,2,2,correct
MIT,b3c35,960,90.67236446721752,132,91.16253662109376,test,Primary EV use,Primary EV use,2,2,correct
MIT,b3c35,961,90.61790826126872,131,91.33533477783205,test,Primary EV use,Primary EV use,2,2,correct
MIT,b3c35,962,90.57367211178592,130,91.69722747802734,test,Primary EV use,Primary EV use,2,2,correct
MIT,b3c35,963,90.50587493440908,129,91.1484146118164,test,Primary EV use,Primary EV use,2,2,correct
MIT,b3c35,964,90.46108980470406,128,91.19194793701172,test,Primary EV use,Primary EV use,2,2,correct
MIT,b3c35,965,90.4024654852186,127,90.99388885498048,test,Primary EV use,Primary EV use,2,2,correct
MIT,b3c35,966,90.34743773821651,126,91.09446716308594,test,Primary EV use,Primary EV use,2,2,correct
MIT,b3c35,967,90.29255569658164,125,91.0051727294922,test,Primary EV use,Primary EV use,2,2,correct
MIT,b3c35,968,90.24329976219003,124,91.05014038085938,test,Primary EV use,Primary EV use,2,2,correct
MIT,b3c35,969,90.1888661170723,123,90.8396453857422,test,Primary EV use,Primary EV use,2,2,correct
MIT,b3c35,970,90.12789359108832,122,90.8360595703125,test,Primary EV use,Primary EV use,2,2,correct
MIT,b3c35,971,90.07083254918778,121,90.79122161865234,test,Primary EV use,Primary EV use,2,2,correct
MIT,b3c35,972,90.01526146217122,120,90.5695343017578,test,Primary EV use,Primary EV use,2,2,correct
MIT,b3c35,973,89.96460957635837,119,90.53748321533205,test,Primary EV use,Primary EV use,2,2,correct
MIT,b3c35,974,89.90142984906993,118,90.66358947753906,test,Primary EV use,Primary EV use,2,2,correct
MIT,b3c35,975,89.84397681272989,117,90.6093521118164,test,Primary EV use,Primary EV use,2,2,correct
MIT,b3c35,976,89.78195050792893,116,90.55455780029295,test,Primary EV use,Primary EV use,2,2,correct
MIT,b3c35,977,89.72449747158888,115,90.2022476196289,test,Primary EV use,Primary EV use,2,2,correct
MIT,b3c35,978,89.66917267364461,114,90.20684051513672,test,Primary EV use,Primary EV use,2,2,correct
MIT,b3c35,979,89.60640186141899,113,90.03390502929688,test,Primary EV use,Primary EV use,2,2,correct
MIT,b3c35,980,89.55076967215165,112,90.27196502685548,test,Primary EV use,Primary EV use,2,2,correct
MIT,b3c35,981,89.49297916338047,111,90.13101196289062,test,Primary EV use,Primary EV use,2,2,correct
MIT,b3c35,982,89.42861687253112,110,90.17176055908205,test,Primary EV use,Primary EV use,2,2,correct
MIT,b3c35,983,89.36874324702625,109,90.54386901855467,test,Primary EV use,Primary EV use,2,2,correct
MIT,b3c35,984,89.30925597575313,108,89.75924682617188,test,Primary EV use,Primary EV use,2,2,correct
MIT,b3c35,985,89.24351559414043,107,89.8624267578125,test,Primary EV use,Primary EV use,2,2,correct
MIT,b3c35,986,89.19000600306114,106,89.93455505371094,test,Primary EV use,Primary EV use,2,2,correct
MIT,b3c35,987,89.13209892999619,105,89.62659454345703,test,Primary EV use,Primary EV use,2,2,correct
MIT,b3c35,988,89.06994948065908,104,89.84891510009766,test,Primary EV use,Primary EV use,2,2,correct
MIT,b3c35,989,89.00991886937148,103,89.85774993896484,test,Primary EV use,Primary EV use,2,2,correct
MIT,b3c35,990,88.95177584761514,102,89.55290222167969,test,Primary EV use,Primary EV use,2,2,correct
MIT,b3c35,991,88.88570457381368,101,89.55480194091797,test,Primary EV use,Primary EV use,2,2,correct
MIT,b3c35,992,88.82943880120769,100,89.60897064208984,test,Primary EV use,Primary EV use,2,2,correct
MIT,b3c35,993,88.77208070836498,99,89.65010070800781,test,Primary EV use,Primary EV use,2,2,correct
MIT,b3c35,994,88.70109587356761,98,89.54759216308594,test,Primary EV use,Primary EV use,2,2,correct
MIT,b3c35,995,88.64309291697069,97,89.48482513427734,test,Primary EV use,Primary EV use,2,2,correct
MIT,b3c35,996,88.58102807075002,96,89.81693267822266,test,Primary EV use,Primary EV use,2,2,correct
MIT,b3c35,997,88.51965791011878,95,89.48204040527344,test,Primary EV use,Primary EV use,2,2,correct
MIT,b3c35,998,88.45948159346399,94,89.40840911865234,test,Primary EV use,Primary EV use,2,2,correct
MIT,b3c35,999,88.40119286634042,93,89.56050109863281,test,Primary EV use,Primary EV use,2,2,correct
MIT,b3c35,1000,88.33957641663689,92,89.47889709472656,test,Primary EV use,Primary EV use,2,2,correct
MIT,b3c35,1001,88.28206133801146,91,89.49272918701172,test,Primary EV use,Primary EV use,2,2,correct
MIT,b3c35,1002,88.22282035581063,90,89.2838134765625,test,Primary EV use,Primary EV use,2,2,correct
MIT,b3c35,1003,88.15671524076262,89,88.83073425292969,test,Primary EV use,Primary EV use,2,2,correct
MIT,b3c35,1004,88.1033297342541,88,88.87492370605469,test,Primary EV use,Primary EV use,2,2,correct
MIT,b3c35,1005,88.02841649475,87,88.79309844970703,test,Primary EV use,Primary EV use,2,2,correct
MIT,b3c35,1006,87.96975269381024,86,88.9637222290039,test,Primary EV use,Primary EV use,2,2,correct
MIT,b3c35,1007,87.9071557879906,85,88.79458618164062,test,Primary EV use,Primary EV use,2,2,correct
MIT,b3c35,1008,87.85676805190796,84,88.66929626464844,test,Primary EV use,Primary EV use,2,2,correct
MIT,b3c35,1009,87.79094870738659,83,88.65177917480469,test,Primary EV use,Primary EV use,2,2,correct
MIT,b3c35,1010,87.7340831926885,82,88.85765075683594,test,Primary EV use,Primary EV use,2,2,correct
MIT,b3c35,1011,87.66977730391677,81,88.63788604736328,test,Primary EV use,Primary EV use,2,2,correct
MIT,b3c35,1012,87.61083901286588,80,88.74118041992188,test,Primary EV use,Primary EV use,2,2,correct
MIT,b3c35,1013,87.54352407325277,79,88.241943359375,test,Primary EV use,Primary EV use,2,2,correct
MIT,b3c35,1014,87.48522406571368,78,88.20671081542969,test,Primary EV use,Primary EV use,2,2,correct
MIT,b3c35,1015,87.42289600979743,77,88.30620574951172,test,Primary EV use,Primary EV use,2,2,correct
MIT,b3c35,1016,87.36185674135494,76,88.13546752929688,test,Primary EV use,Primary EV use,2,2,correct
MIT,b3c35,1017,87.30150651829412,75,88.21853637695312,test,Primary EV use,Primary EV use,2,2,correct
MIT,b3c35,1018,87.23771012829029,74,88.02247619628906,test,Primary EV use,Primary EV use,2,2,correct
MIT,b3c35,1019,87.1770901152915,73,87.96569061279297,test,Primary EV use,Primary EV use,2,2,correct
MIT,b3c35,1020,87.11789425475277,72,88.09993743896484,test,Primary EV use,Primary EV use,2,2,correct
MIT,b3c35,1021,87.05780724138755,71,87.75927734375,test,Primary EV use,Primary EV use,2,2,correct
MIT,b3c35,1022,86.99780389110414,70,87.64369201660156,test,Primary EV use,Primary EV use,2,2,correct
MIT,b3c35,1023,86.9356046199318,69,87.73097229003906,test,Primary EV use,Primary EV use,2,2,correct
MIT,b3c35,1024,86.87563041072181,68,88.05162048339844,test,Primary EV use,Primary EV use,2,2,correct
MIT,b3c35,1025,86.82013170637154,67,87.73992919921875,test,Primary EV use,Primary EV use,2,2,correct
MIT,b3c35,1026,86.76094712624834,66,87.75350189208984,test,Primary EV use,Primary EV use,2,2,correct
MIT,b3c35,1027,86.69711689499795,65,87.6731185913086,test,Primary EV use,Primary EV use,2,2,correct
MIT,b3c35,1028,86.64283459545517,64,87.65769958496094,test,Primary EV use,Primary EV use,2,2,correct
MIT,b3c35,1029,86.58292148849596,63,87.37422180175781,test,Primary EV use,Primary EV use,2,2,correct
MIT,b3c35,1030,86.51378006160236,62,87.70439147949219,test,Primary EV use,Primary EV use,2,2,correct
MIT,b3c35,1031,86.45778313889971,61,87.76847839355469,test,Primary EV use,Primary EV use,2,2,correct
MIT,b3c35,1032,86.39434020191568,60,87.42082977294922,test,Primary EV use,Primary EV use,2,2,correct
MIT,b3c35,1033,86.3406125228029,59,87.02642059326172,test,Primary EV use,Primary EV use,2,2,correct
MIT,b3c35,1034,86.27839633100726,58,87.19042205810547,test,Primary EV use,Primary EV use,2,2,correct
MIT,b3c35,1035,86.21222447350071,57,86.7656021118164,test,Primary EV use,Primary EV use,2,2,correct
MIT,b3c35,1036,86.1512575877245,56,86.68092346191406,test,Primary EV use,Primary EV use,2,2,correct
MIT,b3c35,1037,86.09819075295458,55,86.78050231933594,test,Primary EV use,Primary EV use,2,2,correct
MIT,b3c35,1038,86.03734795174915,54,86.69535827636719,test,Primary EV use,Primary EV use,2,2,correct
MIT,b3c35,1039,85.97252598396715,53,86.6115493774414,test,Primary EV use,Primary EV use,2,2,correct
MIT,b3c35,1040,85.91106652004635,52,86.8434066772461,test,Primary EV use,Primary EV use,2,2,correct
MIT,b3c35,1041,85.84945477051593,51,86.52667999267578,test,Primary EV use,Primary EV use,2,2,correct
MIT,b3c35,1042,85.79297090987644,50,86.51151275634766,test,Primary EV use,Primary EV use,2,2,correct
MIT,b3c35,1043,85.73723155666163,49,86.41315460205078,test,Primary EV use,Primary EV use,2,2,correct
MIT,b3c35,1044,85.67469575309276,48,86.59825134277344,test,Primary EV use,Primary EV use,2,2,correct
MIT,b3c35,1045,85.61932677352104,47,86.23938751220703,test,Primary EV use,Primary EV use,2,2,correct
MIT,b3c35,1046,85.54748462714373,46,86.1897201538086,test,Primary EV use,Primary EV use,2,2,correct
MIT,b3c35,1047,85.49121321432997,45,86.13211822509766,test,Primary EV use,Primary EV use,2,2,correct
MIT,b3c35,1048,85.42746194598826,44,86.13380432128906,test,Primary EV use,Primary EV use,2,2,correct
MIT,b3c35,1049,85.3666915274491,43,86.20929718017578,test,Primary EV use,Primary EV use,2,2,correct
MIT,b3c35,1050,85.30910876633052,42,85.97535705566406,test,Primary EV use,Primary EV use,2,2,correct
MIT,b3c35,1051,85.24574949242832,41,85.8886947631836,test,Primary EV use,Primary EV use,2,2,correct
MIT,b3c35,1052,85.19109775927707,40,85.91229248046875,test,Primary EV use,Primary EV use,2,2,correct
MIT,b3c35,1053,85.12992876605603,39,85.99292755126953,test,Primary EV use,Primary EV use,2,2,correct
MIT,b3c35,1054,85.07195401049795,38,85.99650573730469,test,Primary EV use,Primary EV use,2,2,correct
MIT,b3c35,1055,85.01086398018558,37,86.03946685791016,test,Primary EV use,Primary EV use,2,2,correct
MIT,b3c35,1056,84.94797566363155,36,85.97648620605469,test,Primary EV use,Primary EV use,2,2,correct
MIT,b3c35,1057,84.88778242635347,35,85.9031982421875,test,Primary EV use,Primary EV use,2,2,correct
MIT,b3c35,1058,84.83003139903661,34,85.90533447265625,test,Primary EV use,Primary EV use,2,2,correct
MIT,b3c35,1059,84.77151894367182,33,85.58816528320312,test,Primary EV use,Primary EV use,2,2,correct
MIT,b3c35,1060,84.70484886781291,32,85.67948150634766,test,Primary EV use,Primary EV use,2,2,correct
MIT,b3c35,1061,84.6431365345774,31,85.79072570800781,test,Primary EV use,Primary EV use,2,2,correct
MIT,b3c35,1062,84.57061098302617,30,85.72728729248047,test,Primary EV use,Primary EV use,2,2,correct
MIT,b3c35,1063,84.52027306877878,29,85.6332015991211,test,Primary EV use,Primary EV use,2,2,correct
MIT,b3c35,1064,84.45586659630196,28,85.29154968261719,test,Primary EV use,Primary EV use,2,2,correct
MIT,b3c35,1065,84.39548817220232,27,85.63102722167969,test,Primary EV use,Primary EV use,2,2,correct
MIT,b3c35,1066,84.32710253314892,26,85.6681137084961,test,Primary EV use,Primary EV use,2,2,correct
MIT,b3c35,1067,84.26260581734789,25,85.3123550415039,test,Primary EV use,Primary EV use,2,2,correct
MIT,b3c35,1068,84.2046761834519,24,85.2183837890625,test,Primary EV use,Primary EV use,2,2,correct
MIT,b3c35,1069,84.14098601736094,23,85.1855697631836,test,Primary EV use,Primary EV use,2,2,correct
MIT,b3c35,1070,84.07654006342979,22,84.986083984375,test,Primary EV use,Primary EV use,2,2,correct
MIT,b3c35,1071,84.0146378431996,21,85.0036392211914,test,Primary EV use,Primary EV use,2,2,correct
MIT,b3c35,1072,83.95135659217144,20,84.98426055908203,test,Primary EV use,Primary EV use,2,2,correct
MIT,b3c35,1073,83.88356035482923,19,85.08116912841797,test,Primary EV use,Primary EV use,2,2,correct
MIT,b3c35,1074,83.81984198769946,18,85.16295623779297,test,Primary EV use,Primary EV use,2,2,correct
MIT,b3c35,1075,83.75745282953243,17,85.01839447021484,test,Primary EV use,Primary EV use,2,2,correct
MIT,b3c35,1076,83.69600934620028,16,84.88127136230469,test,Primary EV use,Primary EV use,2,2,correct
MIT,b3c35,1077,83.62725991374619,15,84.88021850585938,test,Primary EV use,Primary EV use,2,2,correct
MIT,b3c35,1078,83.57436228520915,14,84.63231658935547,test,Primary EV use,Primary EV use,2,2,correct
MIT,b3c35,1079,83.5032364452177,13,84.78681945800781,test,Primary EV use,Primary EV use,2,2,correct
MIT,b3c35,1080,83.43782695579375,12,84.51842498779297,test,Primary EV use,Primary EV use,2,2,correct
MIT,b3c35,1081,83.36867424848464,11,84.42901611328125,test,Primary EV use,Primary EV use,2,2,correct
MIT,b3c35,1082,83.30696755545688,10,84.46131896972656,test,Primary EV use,Primary EV use,2,2,correct
MIT,b3c35,1083,83.24911688446957,9,84.39726257324219,test,Primary EV use,Primary EV use,2,2,correct
MIT,b3c35,1084,83.18274291951818,8,84.46015930175781,test,Primary EV use,Primary EV use,2,2,correct
MIT,b3c35,1085,83.11703073894431,7,84.37449645996094,test,Primary EV use,Primary EV use,2,2,correct
MIT,b3c35,1086,83.05073479686699,6,84.1571273803711,test,Primary EV use,Primary EV use,2,2,correct
MIT,b3c35,1087,82.98561107796968,5,84.15425109863281,test,Primary EV use,Primary EV use,2,2,correct
MIT,b3c35,1088,82.91798780699887,4,83.99144744873047,test,Primary EV use,Primary EV use,2,2,correct
MIT,b3c35,1089,82.85286878827469,3,83.88084411621094,test,Primary EV use,Primary EV use,2,2,correct
MIT,b3c35,1090,82.79362310590072,2,84.19666290283203,test,Primary EV use,Primary EV use,2,2,correct
MIT,b3c35,1091,82.73407943254998,1,83.95520782470703,test,Primary EV use,Primary EV use,2,2,correct
MIT,b4c38,1,99.9342382231941,1095,100.07400512695312,test,Primary EV use,Primary EV use,2,2,correct
MIT,b4c38,2,100.0,1094,100.1330795288086,test,Primary EV use,Primary EV use,2,2,correct
MIT,b4c38,3,100.04591701013076,1093,100.15094757080078,test,Primary EV use,Primary EV use,2,2,correct
MIT,b4c38,4,100.0668674138064,1092,100.20989227294922,test,Primary EV use,Primary EV use,2,2,correct
MIT,b4c38,5,100.09816544581976,1091,100.22461700439452,test,Primary EV use,Primary EV use,2,2,correct
MIT,b4c38,6,100.12059003216272,1090,100.22901153564452,test,Primary EV use,Primary EV use,2,2,correct
MIT,b4c38,7,100.13911181439283,1089,100.25074005126952,test,Primary EV use,Primary EV use,2,2,correct
MIT,b4c38,8,100.16976725396152,1088,100.19097900390624,test,Primary EV use,Primary EV use,2,2,correct
MIT,b4c38,9,100.17760121185376,1087,100.20232391357422,test,Primary EV use,Primary EV use,2,2,correct
MIT,b4c38,10,100.18205210952232,1086,100.25817108154295,test,Primary EV use,Primary EV use,2,2,correct
MIT,b4c38,11,100.18427283341218,1085,100.24137878417967,test,Primary EV use,Primary EV use,2,2,correct
MIT,b4c38,12,100.18012433218816,1084,100.27478790283205,test,Primary EV use,Primary EV use,2,2,correct
MIT,b4c38,13,100.20662182064396,1083,100.24376678466795,test,Primary EV use,Primary EV use,2,2,correct
MIT,b4c38,14,100.20526103664338,1082,100.23202514648438,test,Primary EV use,Primary EV use,2,2,correct
MIT,b4c38,15,100.20785030620004,1081,100.2819595336914,test,Primary EV use,Primary EV use,2,2,correct
MIT,b4c38,16,100.20888979397826,1080,100.25296783447266,test,Primary EV use,Primary EV use,2,2,correct
MIT,b4c38,17,100.2090976915339,1079,100.26158142089844,test,Primary EV use,Primary EV use,2,2,correct
MIT,b4c38,18,100.22784627109746,1078,100.25086212158205,test,Primary EV use,Primary EV use,2,2,correct
MIT,b4c38,19,100.22022021076089,1077,100.29663848876952,test,Primary EV use,Primary EV use,2,2,correct
MIT,b4c38,20,100.2247467075406,1076,100.26666259765624,test,Primary EV use,Primary EV use,2,2,correct
MIT,b4c38,21,100.23134272998786,1075,100.26673126220705,test,Primary EV use,Primary EV use,2,2,correct
MIT,b4c38,22,100.24028232488055,1074,100.19239807128906,test,Primary EV use,Primary EV use,2,2,correct
MIT,b4c38,23,100.25463670610894,1073,100.27088928222656,test,Primary EV use,Primary EV use,2,2,correct
MIT,b4c38,24,100.2487872248842,1072,100.27635192871094,test,Primary EV use,Primary EV use,2,2,correct
MIT,b4c38,25,100.2601743410002,1071,100.25337982177734,test,Primary EV use,Primary EV use,2,2,correct
MIT,b4c38,26,100.2540224633309,1070,100.24518585205078,test,Primary EV use,Primary EV use,2,2,correct
MIT,b4c38,27,100.24632080388317,1069,100.27735900878906,test,Primary EV use,Primary EV use,2,2,correct
MIT,b4c38,28,100.25114024721856,1068,100.24079132080078,test,Primary EV use,Primary EV use,2,2,correct
MIT,b4c38,29,100.25410751233096,1067,100.1949234008789,test,Primary EV use,Primary EV use,2,2,correct
MIT,b4c38,30,100.25237818266352,1066,100.25379943847656,test,Primary EV use,Primary EV use,2,2,correct
MIT,b4c38,31,100.24671769921665,1065,100.246826171875,test,Primary EV use,Primary EV use,2,2,correct
MIT,b4c38,32,100.24006497743602,1064,100.2064208984375,test,Primary EV use,Primary EV use,2,2,correct
MIT,b4c38,33,100.24328738954851,1063,100.26988220214844,test,Primary EV use,Primary EV use,2,2,correct
MIT,b4c38,34,100.24415677932669,1062,100.22032928466795,test,Primary EV use,Primary EV use,2,2,correct
MIT,b4c38,35,100.24818243199508,1061,100.2550277709961,test,Primary EV use,Primary EV use,2,2,correct
MIT,b4c38,36,100.23922393732455,1060,100.26848602294922,test,Primary EV use,Primary EV use,2,2,correct
MIT,b4c38,37,100.2335540039888,1059,100.29518127441406,test,Primary EV use,Primary EV use,2,2,correct
MIT,b4c38,38,100.23818444954637,1058,100.30221557617188,test,Primary EV use,Primary EV use,2,2,correct
MIT,b4c38,39,100.23213652065486,1057,100.27965545654295,test,Primary EV use,Primary EV use,2,2,correct
MIT,b4c38,40,100.22245038453964,1056,100.2582015991211,test,Primary EV use,Primary EV use,2,2,correct
MIT,b4c38,41,100.2185664802046,1055,100.25730895996094,test,Primary EV use,Primary EV use,2,2,correct
MIT,b4c38,42,100.21864207931574,1054,100.26140594482422,test,Primary EV use,Primary EV use,2,2,correct
MIT,b4c38,43,100.2279407699864,1053,100.29620361328124,test,Primary EV use,Primary EV use,2,2,correct
MIT,b4c38,44,100.22973624887604,1052,100.225341796875,test,Primary EV use,Primary EV use,2,2,correct
MIT,b4c38,45,100.22279058053977,1051,100.26730346679688,test,Primary EV use,Primary EV use,2,2,correct
MIT,b4c38,46,100.21442742886951,1050,100.24644470214844,test,Primary EV use,Primary EV use,2,2,correct
MIT,b4c38,47,100.20322931053138,1049,100.32288360595705,test,Primary EV use,Primary EV use,2,2,correct
MIT,b4c38,48,100.21172476064612,1048,100.29549407958984,test,Primary EV use,Primary EV use,2,2,correct
MIT,b4c38,49,100.21560866498112,1047,100.26785278320312,test,Primary EV use,Primary EV use,2,2,correct
MIT,b4c38,50,100.20649897208833,1046,100.27428436279295,test,Primary EV use,Primary EV use,2,2,correct
MIT,b4c38,51,100.21511727075872,1045,100.2405776977539,test,Primary EV use,Primary EV use,2,2,correct
MIT,b4c38,52,100.21291544664666,1044,100.18146514892578,test,Primary EV use,Primary EV use,2,2,correct
MIT,b4c38,53,100.22711862965272,1043,100.25968933105467,test,Primary EV use,Primary EV use,2,2,correct
MIT,b4c38,54,100.2269863312082,1042,100.24270629882812,test,Primary EV use,Primary EV use,2,2,correct
MIT,b4c38,55,100.23713551187925,1041,100.232177734375,test,Primary EV use,Primary EV use,2,2,correct
MIT,b4c38,56,100.2365118192123,1040,100.23139190673828,test,Primary EV use,Primary EV use,2,2,correct
MIT,b4c38,57,100.23574637821196,1039,100.24951171875,test,Primary EV use,Primary EV use,2,2,correct
MIT,b4c38,58,100.2287156608756,1038,100.22892761230467,test,Primary EV use,Primary EV use,2,2,correct
MIT,b4c38,59,100.23090803509878,1037,100.2341766357422,test,Primary EV use,Primary EV use,2,2,correct
MIT,b4c38,60,100.2362472223233,1036,100.22434997558594,test,Primary EV use,Primary EV use,2,2,correct
MIT,b4c38,61,100.23348785476657,1035,100.18399047851562,test,Primary EV use,Primary EV use,2,2,correct
MIT,b4c38,62,100.232656264544,1034,100.24110412597656,test,Primary EV use,Primary EV use,2,2,correct
MIT,b4c38,63,100.23560462987857,1033,100.22279357910156,test,Primary EV use,Primary EV use,2,2,correct
MIT,b4c38,64,100.22890465865348,1032,100.24951171875,test,Primary EV use,Primary EV use,2,2,correct
MIT,b4c38,65,100.23095528454324,1031,100.23585510253906,test,Primary EV use,Primary EV use,2,2,correct
MIT,b4c38,66,100.22685403276373,1030,100.2048568725586,test,Primary EV use,Primary EV use,2,2,correct
MIT,b4c38,67,100.23200422221036,1029,100.2596206665039,test,Primary EV use,Primary EV use,2,2,correct
MIT,b4c38,68,100.22188339120603,1028,100.25084686279295,test,Primary EV use,Primary EV use,2,2,correct
MIT,b4c38,69,100.21718679642623,1027,100.2449951171875,test,Primary EV use,Primary EV use,2,2,correct
MIT,b4c38,70,100.211913758424,1026,100.24757385253906,test,Primary EV use,Primary EV use,2,2,correct
MIT,b4c38,71,100.20397585175394,1025,100.1944351196289,test,Primary EV use,Primary EV use,2,2,correct
MIT,b4c38,72,100.19319352852712,1024,100.23175811767578,test,Primary EV use,Primary EV use,2,2,correct
MIT,b4c38,73,100.19112400285954,1023,100.29592895507812,test,Primary EV use,Primary EV use,2,2,correct
MIT,b4c38,74,100.19748377808448,1022,100.22463989257812,test,Primary EV use,Primary EV use,2,2,correct
MIT,b4c38,75,100.18765589363584,1021,100.1974105834961,test,Primary EV use,Primary EV use,2,2,correct
MIT,b4c38,76,100.18271360174482,1020,100.25286865234376,test,Primary EV use,Primary EV use,2,2,correct
MIT,b4c38,77,100.1807480248551,1019,100.2541275024414,test,Primary EV use,Primary EV use,2,2,correct
MIT,b4c38,78,100.17273451907388,1018,100.26801300048828,test,Primary EV use,Primary EV use,2,2,correct
MIT,b4c38,79,100.17747836329816,1017,100.22868347167967,test,Primary EV use,Primary EV use,2,2,correct
MIT,b4c38,80,100.17208247674029,1016,100.1882553100586,test,Primary EV use,Primary EV use,2,2,correct
MIT,b4c38,81,100.16293498429194,1015,100.24166870117188,test,Primary EV use,Primary EV use,2,2,correct
MIT,b4c38,82,100.16077095973546,1014,100.25602722167967,test,Primary EV use,Primary EV use,2,2,correct
MIT,b4c38,83,100.15636731151136,1013,100.21270751953124,test,Primary EV use,Primary EV use,2,2,correct
MIT,b4c38,84,100.15124547173136,1012,100.22333526611328,test,Primary EV use,Primary EV use,2,2,correct
MIT,b4c38,85,100.15529947406644,1011,100.2255859375,test,Primary EV use,Primary EV use,2,2,correct
MIT,b4c38,86,100.17417090218564,1010,100.16844177246094,test,Primary EV use,Primary EV use,2,2,correct
MIT,b4c38,87,100.16926640985018,1009,100.2036361694336,test,Primary EV use,Primary EV use,2,2,correct
MIT,b4c38,88,100.16739533184938,1008,100.1479949951172,test,Primary EV use,Primary EV use,2,2,correct
MIT,b4c38,89,100.16796232518296,1007,100.14987182617188,test,Primary EV use,Primary EV use,2,2,correct
MIT,b4c38,90,100.16974835418372,1006,100.2155990600586,test,Primary EV use,Primary EV use,2,2,correct
MIT,b4c38,91,100.17481349463031,1005,100.1694793701172,test,Primary EV use,Primary EV use,2,2,correct
MIT,b4c38,92,100.1623207415139,1004,100.1557846069336,test,Primary EV use,Primary EV use,2,2,correct
MIT,b4c38,93,100.1616592492914,1003,100.17733764648438,test,Primary EV use,Primary EV use,2,2,correct
MIT,b4c38,94,100.15123602184248,1002,100.10816955566406,test,Primary EV use,Primary EV use,2,2,correct
MIT,b4c38,95,100.14781516206324,1001,100.213134765625,test,Primary EV use,Primary EV use,2,2,correct
MIT,b4c38,96,100.15259680584305,1000,100.20685577392578,test,Primary EV use,Primary EV use,2,2,correct
MIT,b4c38,97,100.14885464984144,999,100.22003173828124,test,Primary EV use,Primary EV use,2,2,correct
MIT,b4c38,98,100.14003790350436,998,100.1644515991211,test,Primary EV use,Primary EV use,2,2,correct
MIT,b4c38,99,100.13957485894862,997,100.13483428955078,test,Primary EV use,Primary EV use,2,2,correct
MIT,b4c38,100,100.13587995239146,996,100.15259552001952,test,Primary EV use,Primary EV use,2,2,correct
MIT,b4c38,101,100.14355326217252,995,100.06774139404295,test,Primary EV use,Primary EV use,2,2,correct
MIT,b4c38,102,100.14326976550574,994,100.14656829833984,test,Primary EV use,Primary EV use,2,2,correct
MIT,b4c38,103,100.1327803888346,993,100.17967224121094,test,Primary EV use,Primary EV use,2,2,correct
MIT,b4c38,104,100.12430383849764,992,100.15079498291016,test,Primary EV use,Primary EV use,2,2,correct
MIT,b4c38,105,100.11988129049574,991,100.0832977294922,test,Primary EV use,Primary EV use,2,2,correct
MIT,b4c38,106,100.11731092071685,990,100.18966674804688,test,Primary EV use,Primary EV use,2,2,correct
MIT,b4c38,107,100.11895520138422,989,100.15998077392578,test,Primary EV use,Primary EV use,2,2,correct
MIT,b4c38,108,100.11186778471456,988,100.13311767578124,test,Primary EV use,Primary EV use,2,2,correct
MIT,b4c38,109,100.0989497865979,987,100.16354370117188,test,Primary EV use,Primary EV use,2,2,correct
MIT,b4c38,110,100.09165447237254,986,100.14901733398438,test,Primary EV use,Primary EV use,2,2,correct
MIT,b4c38,111,100.09693696026368,985,100.162109375,test,Primary EV use,Primary EV use,2,2,correct
MIT,b4c38,112,100.08948099792715,984,100.13709259033205,test,Primary EV use,Primary EV use,2,2,correct
MIT,b4c38,113,100.0787553740337,983,100.1353759765625,test,Primary EV use,Primary EV use,2,2,correct
MIT,b4c38,114,100.06895583925171,982,100.13874053955078,test,Primary EV use,Primary EV use,2,2,correct
MIT,b4c38,115,100.0739264808094,981,100.15267181396484,test,Primary EV use,Primary EV use,2,2,correct
MIT,b4c38,116,100.08464265481398,980,100.10266876220705,test,Primary EV use,Primary EV use,2,2,correct
MIT,b4c38,117,100.0973149558194,979,100.11744689941406,test,Primary EV use,Primary EV use,2,2,correct
MIT,b4c38,118,100.09785359948631,978,100.15682983398438,test,Primary EV use,Primary EV use,2,2,correct
MIT,b4c38,119,100.10474256848929,977,100.13631439208984,test,Primary EV use,Primary EV use,2,2,correct
MIT,b4c38,120,100.10197375104364,976,100.15249633789062,test,Primary EV use,Primary EV use,2,2,correct
MIT,b4c38,121,100.09372399804008,975,100.12808227539062,test,Primary EV use,Primary EV use,2,2,correct
MIT,b4c38,122,100.10186035237692,974,100.12956237792967,test,Primary EV use,Primary EV use,2,2,correct
MIT,b4c38,123,100.09795754826412,973,100.1423568725586,test,Primary EV use,Primary EV use,2,2,correct
MIT,b4c38,124,100.09298690670644,972,100.126708984375,test,Primary EV use,Primary EV use,2,2,correct
MIT,b4c38,125,100.0800972582565,971,100.12368774414062,test,Primary EV use,Primary EV use,2,2,correct
MIT,b4c38,126,100.0801256079232,970,100.15105438232422,test,Primary EV use,Primary EV use,2,2,correct
MIT,b4c38,127,100.08394336303591,969,100.12181091308594,test,Primary EV use,Primary EV use,2,2,correct
MIT,b4c38,128,100.0792845678117,968,100.064697265625,test,Primary EV use,Primary EV use,2,2,correct
MIT,b4c38,129,100.0549700036902,967,100.11024475097656,test,Primary EV use,Primary EV use,2,2,correct
MIT,b4c38,130,100.07178135603073,966,100.08503723144533,test,Primary EV use,Primary EV use,2,2,correct
MIT,b4c38,131,100.05707732891332,965,100.09695434570312,test,Primary EV use,Primary EV use,2,2,correct
MIT,b4c38,132,100.0520121884667,964,100.14093017578124,test,Primary EV use,Primary EV use,2,2,correct
MIT,b4c38,133,100.05988394591452,963,100.09061431884766,test,Primary EV use,Primary EV use,2,2,correct
MIT,b4c38,134,100.05016946013257,962,100.05197143554688,test,Primary EV use,Primary EV use,2,2,correct
MIT,b4c38,135,100.04703209702012,961,100.03743743896484,test,Primary EV use,Primary EV use,2,2,correct
MIT,b4c38,136,100.04715494557573,960,100.11656951904295,test,Primary EV use,Primary EV use,2,2,correct
MIT,b4c38,137,100.04562406357508,959,100.15343475341795,test,Primary EV use,Primary EV use,2,2,correct
MIT,b4c38,138,100.0358528784598,958,100.14422607421876,test,Primary EV use,Primary EV use,2,2,correct
MIT,b4c38,139,100.03646712123783,957,100.05599212646484,test,Primary EV use,Primary EV use,2,2,correct
MIT,b4c38,140,100.02949310323486,956,100.09275817871094,test,Primary EV use,Primary EV use,2,2,correct
MIT,b4c38,141,100.0239649182325,955,100.07174682617188,test,Primary EV use,Primary EV use,2,2,correct
MIT,b4c38,142,100.01758624322976,954,100.0305404663086,test,Primary EV use,Primary EV use,2,2,correct
MIT,b4c38,143,100.01791698934102,953,100.0430679321289,test,Primary EV use,Primary EV use,2,2,correct
MIT,b4c38,144,100.01098077089358,952,100.13086700439452,test,Primary EV use,Primary EV use,2,2,correct
MIT,b4c38,145,100.01706649934064,951,100.05535888671876,test,Primary EV use,Primary EV use,2,2,correct
MIT,b4c38,146,100.0048194433354,950,100.0374755859375,test,Primary EV use,Primary EV use,2,2,correct
MIT,b4c38,147,100.0013418842228,949,100.12357330322266,test,Primary EV use,Primary EV use,2,2,correct
MIT,b4c38,148,100.00014174833338,948,100.07131958007812,test,Primary EV use,Primary EV use,2,2,correct
MIT,b4c38,149,100.00128518488948,947,100.09442138671876,test,Primary EV use,Primary EV use,2,2,correct
MIT,b4c38,150,100.0113682163382,946,100.08153533935548,test,Primary EV use,Primary EV use,2,2,correct
MIT,b4c38,151,99.99982990199992,945,100.00992584228516,test,Primary EV use,Primary EV use,2,2,correct
MIT,b4c38,152,100.01584746367344,944,100.09354400634766,test,Primary EV use,Primary EV use,2,2,correct
MIT,b4c38,153,100.00610462822486,943,100.10431671142578,test,Primary EV use,Primary EV use,2,2,correct
MIT,b4c38,154,99.99885656344397,942,100.08686065673828,test,Primary EV use,Primary EV use,2,2,correct
MIT,b4c38,155,99.98750724688357,941,100.07378387451172,test,Primary EV use,Primary EV use,2,2,correct
MIT,b4c38,156,99.99488761010896,940,100.06745147705078,test,Primary EV use,Primary EV use,2,2,correct
MIT,b4c38,157,99.98436043388222,939,100.11133575439452,test,Primary EV use,Primary EV use,2,2,correct
MIT,b4c38,158,99.98337764543734,938,100.07585906982422,test,Primary EV use,Primary EV use,2,2,correct
MIT,b4c38,159,99.98043872999165,937,100.00495147705078,test,Primary EV use,Primary EV use,2,2,correct
MIT,b4c38,160,99.96483696342942,936,100.0601577758789,test,Primary EV use,Primary EV use,2,2,correct
MIT,b4c38,161,99.96435501909586,935,100.0534896850586,test,Primary EV use,Primary EV use,2,2,correct
MIT,b4c38,162,99.96621664720776,934,100.0835952758789,test,Primary EV use,Primary EV use,2,2,correct
MIT,b4c38,163,99.96600874965212,933,100.06292724609376,test,Primary EV use,Primary EV use,2,2,correct
MIT,b4c38,164,99.96287138653967,932,100.09439849853516,test,Primary EV use,Primary EV use,2,2,correct
MIT,b4c38,165,99.9540546402026,931,100.05485534667967,test,Primary EV use,Primary EV use,2,2,correct
MIT,b4c38,166,99.96026321720522,930,100.09660339355467,test,Primary EV use,Primary EV use,2,2,correct
MIT,b4c38,167,99.952958453091,929,100.04689025878906,test,Primary EV use,Primary EV use,2,2,correct
MIT,b4c38,168,99.94711842175516,928,100.01595306396484,test,Primary EV use,Primary EV use,2,2,correct
MIT,b4c38,169,99.93414372430516,927,99.99678802490234,test,Primary EV use,Primary EV use,2,2,correct
MIT,b4c38,170,99.9239472941897,926,100.0367660522461,test,Primary EV use,Primary EV use,2,2,correct
MIT,b4c38,171,99.94126894053043,925,100.08331298828124,test,Primary EV use,Primary EV use,2,2,correct
MIT,b4c38,172,99.9319702498598,924,100.04182434082033,test,Primary EV use,Primary EV use,2,2,correct
MIT,b4c38,173,99.92879508719176,923,100.0735855102539,test,Primary EV use,Primary EV use,2,2,correct
MIT,b4c38,174,99.92085718052172,922,100.05757904052734,test,Primary EV use,Primary EV use,2,2,correct
MIT,b4c38,175,99.9281052453026,921,100.10899353027344,test,Primary EV use,Primary EV use,2,2,correct
MIT,b4c38,176,99.91715282407569,920,100.0544204711914,test,Primary EV use,Primary EV use,2,2,correct
MIT,b4c38,177,99.91869315596524,919,100.0367202758789,test,Primary EV use,Primary EV use,2,2,correct
MIT,b4c38,178,99.90473567007037,918,100.07189178466795,test,Primary EV use,Primary EV use,2,2,correct
MIT,b4c38,179,99.89355645151002,917,100.080322265625,test,Primary EV use,Primary EV use,2,2,correct
MIT,b4c38,180,99.8956070773998,916,100.08589935302734,test,Primary EV use,Primary EV use,2,2,correct
MIT,b4c38,181,99.88593984106232,915,100.10880279541016,test,Primary EV use,Primary EV use,2,2,correct
MIT,b4c38,182,99.87937216828176,914,100.06084442138672,test,Primary EV use,Primary EV use,2,2,correct
MIT,b4c38,183,99.871405911945,913,99.9608383178711,test,Primary EV use,Primary EV use,2,2,correct
MIT,b4c38,184,99.87949501683735,912,100.0230941772461,test,Primary EV use,Primary EV use,2,2,correct
MIT,b4c38,185,99.86626517238724,911,100.03765869140624,test,Primary EV use,Primary EV use,2,2,correct
MIT,b4c38,186,99.87362663583484,910,100.018798828125,test,Primary EV use,Primary EV use,2,2,correct
MIT,b4c38,187,99.86600057549823,909,100.00240325927734,test,Primary EV use,Primary EV use,2,2,correct
MIT,b4c38,188,99.86630297194282,908,100.03441619873048,test,Primary EV use,Primary EV use,2,2,correct
MIT,b4c38,189,99.86162527694084,907,100.0423355102539,test,Primary EV use,Primary EV use,2,2,correct
MIT,b4c38,190,99.86264586494124,906,100.06614685058594,test,Primary EV use,Primary EV use,2,2,correct
MIT,b4c38,191,99.85224153727012,905,99.82561492919922,test,Primary EV use,Primary EV use,2,2,correct
MIT,b4c38,192,99.84996411404693,904,99.97889709472656,test,Primary EV use,Primary EV use,2,2,correct
MIT,b4c38,193,99.84728979549024,903,100.02674865722656,test,Primary EV use,Primary EV use,2,2,correct
MIT,b4c38,194,99.84299954593284,902,100.00997924804688,test,Primary EV use,Primary EV use,2,2,correct
MIT,b4c38,195,99.84149701359888,901,99.97075653076172,test,Primary EV use,Primary EV use,2,2,correct
MIT,b4c38,196,99.82767182614852,900,100.09217834472656,test,Primary EV use,Primary EV use,2,2,correct
MIT,b4c38,197,99.83094148770547,899,100.0319366455078,test,Primary EV use,Primary EV use,2,2,correct
MIT,b4c38,198,99.82713318248162,898,99.99435424804688,test,Primary EV use,Primary EV use,2,2,correct
MIT,b4c38,199,99.83668702015235,897,100.0334243774414,test,Primary EV use,Primary EV use,2,2,correct
MIT,b4c38,200,99.83076193981653,896,100.00653839111328,test,Primary EV use,Primary EV use,2,2,correct
MIT,b4c38,201,99.83227392203936,895,100.0498504638672,test,Primary EV use,Primary EV use,2,2,correct
MIT,b4c38,202,99.83064854114978,894,99.99246978759766,test,Primary EV use,Primary EV use,2,2,correct
MIT,b4c38,203,99.825687349481,893,100.03102111816406,test,Primary EV use,Primary EV use,2,2,correct
MIT,b4c38,204,99.83268026726176,892,100.06761932373048,test,Primary EV use,Primary EV use,2,2,correct
MIT,b4c38,205,99.82138765003472,891,100.01937103271484,test,Primary EV use,Primary EV use,2,2,correct
MIT,b4c38,206,99.81756989492196,890,100.0062484741211,test,Primary EV use,Primary EV use,2,2,correct
MIT,b4c38,207,99.8173714472552,889,99.984375,test,Primary EV use,Primary EV use,2,2,correct
MIT,b4c38,208,99.82072615781222,888,99.97183990478516,test,Primary EV use,Primary EV use,2,2,correct
MIT,b4c38,209,99.80542678769456,887,100.04571533203124,test,Primary EV use,Primary EV use,2,2,correct
MIT,b4c38,210,99.7992276605808,886,100.0031280517578,test,Primary EV use,Primary EV use,2,2,correct
MIT,b4c38,211,99.79370892546731,885,99.94683837890624,test,Primary EV use,Primary EV use,2,2,correct
MIT,b4c38,212,99.79118580513293,884,100.03721618652344,test,Primary EV use,Primary EV use,2,2,correct
MIT,b4c38,213,99.79285843546694,883,99.9942626953125,test,Primary EV use,Primary EV use,2,2,correct
MIT,b4c38,214,99.78770824602032,882,99.9736785888672,test,Primary EV use,Primary EV use,2,2,correct
MIT,b4c38,215,99.78149966901763,881,100.04485321044922,test,Primary EV use,Primary EV use,2,2,correct
MIT,b4c38,216,99.77920334601666,880,99.9817123413086,test,Primary EV use,Primary EV use,2,2,correct
MIT,b4c38,217,99.76119185778674,879,99.9983139038086,test,Primary EV use,Primary EV use,2,2,correct
MIT,b4c38,218,99.76673894256687,878,99.99877166748048,test,Primary EV use,Primary EV use,2,2,correct
MIT,b4c38,219,99.76514191134396,877,100.033447265625,test,Primary EV use,Primary EV use,2,2,correct
MIT,b4c38,220,99.75324450122778,876,99.98509979248048,test,Primary EV use,Primary EV use,2,2,correct
MIT,b4c38,221,99.74966299333737,875,99.9948959350586,test,Primary EV use,Primary EV use,2,2,correct
MIT,b4c38,222,99.75438793778385,874,100.00935363769533,test,Primary EV use,Primary EV use,2,2,correct
MIT,b4c38,223,99.75159077067153,873,100.05416107177734,test,Primary EV use,Primary EV use,2,2,correct
MIT,b4c38,224,99.74457895311298,872,99.99053955078124,test,Primary EV use,Primary EV use,2,2,correct
MIT,b4c38,225,99.74554284178004,871,100.0245132446289,test,Primary EV use,Primary EV use,2,2,correct
MIT,b4c38,226,99.74151718911166,870,99.98271942138672,test,Primary EV use,Primary EV use,2,2,correct
MIT,b4c38,227,99.74169673700062,869,100.02227020263672,test,Primary EV use,Primary EV use,2,2,correct
MIT,b4c38,228,99.7247436363267,868,100.01849365234376,test,Primary EV use,Primary EV use,2,2,correct
MIT,b4c38,229,99.71433930865558,867,100.00094604492188,test,Primary EV use,Primary EV use,2,2,correct
MIT,b4c38,230,99.71624818621196,866,99.96017456054688,test,Primary EV use,Primary EV use,2,2,correct
MIT,b4c38,231,99.69987152876053,865,99.95513153076172,test,Primary EV use,Primary EV use,2,2,correct
MIT,b4c38,232,99.70278209453951,864,99.91705322265624,test,Primary EV use,Primary EV use,2,2,correct
MIT,b4c38,233,99.7037837827622,863,99.92868041992188,test,Primary EV use,Primary EV use,2,2,correct
MIT,b4c38,234,99.70728024165255,862,99.9822006225586,test,Primary EV use,Primary EV use,2,2,correct
MIT,b4c38,235,99.70361368476212,861,99.96641540527344,test,Primary EV use,Primary EV use,2,2,correct
MIT,b4c38,236,99.70041962231628,860,99.98014068603516,test,Primary EV use,Primary EV use,2,2,correct
MIT,b4c38,237,99.68725592708844,859,99.97459411621094,test,Primary EV use,Primary EV use,2,2,correct
MIT,b4c38,238,99.68338147264237,858,99.95596313476562,test,Primary EV use,Primary EV use,2,2,correct
MIT,b4c38,239,99.68753942375524,857,99.9250946044922,test,Primary EV use,Primary EV use,2,2,correct
MIT,b4c38,240,99.68675508297711,856,99.98584747314452,test,Primary EV use,Primary EV use,2,2,correct
MIT,b4c38,241,99.68205848819731,855,99.88296508789062,test,Primary EV use,Primary EV use,2,2,correct
MIT,b4c38,242,99.6746403254164,854,100.02141571044922,test,Primary EV use,Primary EV use,2,2,correct
MIT,b4c38,243,99.66965078408091,853,99.96698760986328,test,Primary EV use,Primary EV use,2,2,correct
MIT,b4c38,244,99.65833926707607,852,100.02112579345705,test,Primary EV use,Primary EV use,2,2,correct
MIT,b4c38,245,99.65457821129668,851,100.01959228515624,test,Primary EV use,Primary EV use,2,2,correct
MIT,b4c38,246,99.65153534707318,850,99.98487091064452,test,Primary EV use,Primary EV use,2,2,correct
MIT,b4c38,247,99.64607331129308,849,99.97782135009766,test,Primary EV use,Primary EV use,2,2,correct
MIT,b4c38,248,99.64445738029237,848,100.06529235839844,test,Primary EV use,Primary EV use,2,2,correct
MIT,b4c38,249,99.64687655184892,847,99.91968536376952,test,Primary EV use,Primary EV use,2,2,correct
MIT,b4c38,250,99.6349129925105,846,99.96298217773438,test,Primary EV use,Primary EV use,2,2,correct
MIT,b4c38,251,99.63922214184568,845,99.9675750732422,test,Primary EV use,Primary EV use,2,2,correct
MIT,b4c38,252,99.6222123418384,844,100.04351806640624,test,Primary EV use,Primary EV use,2,2,correct
MIT,b4c38,253,99.6100408849443,843,99.89617156982422,test,Primary EV use,Primary EV use,2,2,correct
MIT,b4c38,254,99.61108037272253,842,100.02207946777344,test,Primary EV use,Primary EV use,2,2,correct
MIT,b4c38,255,99.6077445619433,841,100.0205307006836,test,Primary EV use,Primary EV use,2,2,correct
MIT,b4c38,256,99.6083210051658,840,100.02525329589844,test,Primary EV use,Primary EV use,2,2,correct
MIT,b4c38,257,99.6077634617211,839,99.9791259765625,test,Primary EV use,Primary EV use,2,2,correct
MIT,b4c38,258,99.59817182449478,838,99.92046356201172,test,Primary EV use,Primary EV use,2,2,correct
MIT,b4c38,259,99.60981408761089,837,100.0575714111328,test,Primary EV use,Primary EV use,2,2,correct
MIT,b4c38,260,99.59336183104828,836,99.94588470458984,test,Primary EV use,Primary EV use,2,2,correct
MIT,b4c38,261,99.59678269082752,835,99.94046783447266,test,Primary EV use,Primary EV use,2,2,correct
MIT,b4c38,262,99.59500611171566,834,99.8925552368164,test,Primary EV use,Primary EV use,2,2,correct
MIT,b4c38,263,99.5859625680451,833,99.9582061767578,test,Primary EV use,Primary EV use,2,2,correct
MIT,b4c38,264,99.57959334293128,832,99.92906951904295,test,Primary EV use,Primary EV use,2,2,correct
MIT,b4c38,265,99.56944416226028,831,99.9651336669922,test,Primary EV use,Primary EV use,2,2,correct
MIT,b4c38,266,99.56991665670492,830,100.01642608642578,test,Primary EV use,Primary EV use,2,2,correct
MIT,b4c38,267,99.5686220219266,829,99.98794555664062,test,Primary EV use,Primary EV use,2,2,correct
MIT,b4c38,268,99.56486096614718,828,99.9634246826172,test,Primary EV use,Primary EV use,2,2,correct
MIT,b4c38,269,99.57203343181692,827,100.04988098144533,test,Primary EV use,Primary EV use,2,2,correct
MIT,b4c38,270,99.5607030150343,826,99.89808654785156,test,Primary EV use,Primary EV use,2,2,correct
MIT,b4c38,271,99.55800034681091,825,99.89230346679688,test,Primary EV use,Primary EV use,2,2,correct
MIT,b4c38,272,99.54759601913982,824,99.8814926147461,test,Primary EV use,Primary EV use,2,2,correct
MIT,b4c38,273,99.54195443547074,823,99.91586303710938,test,Primary EV use,Primary EV use,2,2,correct
MIT,b4c38,274,99.5496182953629,822,99.95054626464844,test,Primary EV use,Primary EV use,2,2,correct
MIT,b4c38,275,99.54860715725135,821,99.93411254882812,test,Primary EV use,Primary EV use,2,2,correct
MIT,b4c38,276,99.5367664464685,820,99.9155044555664,test,Primary EV use,Primary EV use,2,2,correct
MIT,b4c38,277,99.53122881157724,819,100.00614166259766,test,Primary EV use,Primary EV use,2,2,correct
MIT,b4c38,278,99.53486701880104,818,99.94153594970705,test,Primary EV use,Primary EV use,2,2,correct
MIT,b4c38,279,99.52010629235028,817,99.93348693847656,test,Primary EV use,Primary EV use,2,2,correct
MIT,b4c38,280,99.51783831901596,816,100.00041198730467,test,Primary EV use,Primary EV use,2,2,correct
MIT,b4c38,281,99.50819943234518,815,99.9714126586914,test,Primary EV use,Primary EV use,2,2,correct
MIT,b4c38,282,99.50636615389996,814,99.94969177246094,test,Primary EV use,Primary EV use,2,2,correct
MIT,b4c38,283,99.50380523400996,813,99.99656677246094,test,Primary EV use,Primary EV use,2,2,correct
MIT,b4c38,284,99.4960279754511,812,100.0877456665039,test,Primary EV use,Primary EV use,2,2,correct
MIT,b4c38,285,99.4831950263345,811,99.9693374633789,test,Primary EV use,Primary EV use,2,2,correct
MIT,b4c38,286,99.48604889278016,810,99.95584106445312,test,Primary EV use,Primary EV use,2,2,correct
MIT,b4c38,287,99.4778369393322,809,99.95550537109376,test,Primary EV use,Primary EV use,2,2,correct
MIT,b4c38,288,99.47731719544308,808,99.9945831298828,test,Primary EV use,Primary EV use,2,2,correct
MIT,b4c38,289,99.47361283899704,807,99.92970275878906,test,Primary EV use,Primary EV use,2,2,correct
MIT,b4c38,290,99.4787819282215,806,99.89034271240234,test,Primary EV use,Primary EV use,2,2,correct
MIT,b4c38,291,99.46762160943892,805,99.9620590209961,test,Primary EV use,Primary EV use,2,2,correct
MIT,b4c38,292,99.4624619701034,804,99.90113830566406,test,Primary EV use,Primary EV use,2,2,correct
MIT,b4c38,293,99.45999554910232,803,99.95995330810548,test,Primary EV use,Primary EV use,2,2,correct
MIT,b4c38,294,99.45302153109937,802,99.9144287109375,test,Primary EV use,Primary EV use,2,2,correct
MIT,b4c38,295,99.4569904844344,801,99.99726104736328,test,Primary EV use,Primary EV use,2,2,correct
MIT,b4c38,296,99.43694727009247,800,99.96627044677734,test,Primary EV use,Primary EV use,2,2,correct
MIT,b4c38,297,99.44084062431637,799,100.01485443115234,test,Primary EV use,Primary EV use,2,2,correct
MIT,b4c38,298,99.44002793387158,798,99.9468994140625,test,Primary EV use,Primary EV use,2,2,correct
MIT,b4c38,299,99.44168166442785,797,99.89599609375,test,Primary EV use,Primary EV use,2,2,correct
MIT,b4c38,300,99.42615549697676,796,99.86883544921876,test,Primary EV use,Primary EV use,2,2,correct
MIT,b4c38,301,99.42197864608607,795,99.95693969726562,test,Primary EV use,Primary EV use,2,2,correct
MIT,b4c38,302,99.42644844353244,794,99.93505096435548,test,Primary EV use,Primary EV use,2,2,correct
MIT,b4c38,303,99.41958782419616,793,99.8909683227539,test,Primary EV use,Primary EV use,2,2,correct
MIT,b4c38,304,99.418897982307,792,100.00184631347656,test,Primary EV use,Primary EV use,2,2,correct
MIT,b4c38,305,99.40209607985535,791,99.94085693359376,test,Primary EV use,Primary EV use,2,2,correct
MIT,b4c38,306,99.40325841618916,790,99.9424819946289,test,Primary EV use,Primary EV use,2,2,correct
MIT,b4c38,307,99.39944066107644,789,99.95345306396484,test,Primary EV use,Primary EV use,2,2,correct
MIT,b4c38,308,99.39609540040831,788,99.91436004638672,test,Primary EV use,Primary EV use,2,2,correct
MIT,b4c38,309,99.39352503062946,787,99.8998031616211,test,Primary EV use,Primary EV use,2,2,correct
MIT,b4c38,310,99.405923284857,786,99.96751403808594,test,Primary EV use,Primary EV use,2,2,correct
MIT,b4c38,311,99.3875999502936,785,99.95095825195312,test,Primary EV use,Primary EV use,2,2,correct
MIT,b4c38,312,99.38940487907216,784,100.02375793457033,test,Primary EV use,Primary EV use,2,2,correct
MIT,b4c38,313,99.37669477851114,783,99.86067199707033,test,Primary EV use,Primary EV use,2,2,correct
MIT,b4c38,314,99.37372751339876,782,99.91554260253906,test,Primary EV use,Primary EV use,2,2,correct
MIT,b4c38,315,99.3743606559546,781,99.92456817626952,test,Primary EV use,Primary EV use,2,2,correct
MIT,b4c38,316,99.37175248662015,780,99.94407653808594,test,Primary EV use,Primary EV use,2,2,correct
MIT,b4c38,317,99.37112879395322,779,99.9392547607422,test,Primary EV use,Primary EV use,2,2,correct
MIT,b4c38,318,99.366999192507,778,99.89492797851562,test,Primary EV use,Primary EV use,2,2,correct
MIT,b4c38,319,99.3575209539474,777,100.02085876464844,test,Primary EV use,Primary EV use,2,2,correct
MIT,b4c38,320,99.35506398283522,776,99.99716186523438,test,Primary EV use,Primary EV use,2,2,correct
MIT,b4c38,321,99.3438564146082,775,100.02890014648438,test,Primary EV use,Primary EV use,2,2,correct
MIT,b4c38,322,99.35059418538889,774,99.83265686035156,test,Primary EV use,Primary EV use,2,2,correct
MIT,b4c38,323,99.34032215616226,773,99.8689956665039,test,Primary EV use,Primary EV use,2,2,correct
MIT,b4c38,324,99.33776123627229,772,100.04973602294922,test,Primary EV use,Primary EV use,2,2,correct
MIT,b4c38,325,99.3376194879389,771,99.96306610107422,test,Primary EV use,Primary EV use,2,2,correct
MIT,b4c38,326,99.3307872182693,770,99.95704650878906,test,Primary EV use,Primary EV use,2,2,correct
MIT,b4c38,327,99.31815271681944,769,99.8364028930664,test,Primary EV use,Primary EV use,2,2,correct
MIT,b4c38,328,99.31816216670832,768,100.00529479980467,test,Primary EV use,Primary EV use,2,2,correct
MIT,b4c38,329,99.31404201515102,767,99.92620086669922,test,Primary EV use,Primary EV use,2,2,correct
MIT,b4c38,330,99.31270958081711,766,99.85692596435548,test,Primary EV use,Primary EV use,2,2,correct
MIT,b4c38,331,99.30031132658958,765,99.93701934814452,test,Primary EV use,Primary EV use,2,2,correct
MIT,b4c38,332,99.30771058959276,764,99.84909057617188,test,Primary EV use,Primary EV use,2,2,correct
MIT,b4c38,333,99.30226745359042,763,99.92388916015624,test,Primary EV use,Primary EV use,2,2,correct
MIT,b4c38,334,99.30544261625845,762,99.94955444335938,test,Primary EV use,Primary EV use,2,2,correct
MIT,b4c38,335,99.2926663664752,761,99.92266082763672,test,Primary EV use,Primary EV use,2,2,correct
MIT,b4c38,336,99.28321647758226,760,99.78572082519533,test,Primary EV use,Primary EV use,2,2,correct
MIT,b4c38,337,99.2800885643587,759,99.9246826171875,test,Primary EV use,Primary EV use,2,2,correct
MIT,b4c38,338,99.27744259546868,758,99.84810638427734,test,Primary EV use,Primary EV use,2,2,correct
MIT,b4c38,339,99.26729341479768,757,99.87425994873048,test,Primary EV use,Primary EV use,2,2,correct
MIT,b4c38,340,99.2619164280176,756,99.92565155029295,test,Primary EV use,Primary EV use,2,2,correct
MIT,b4c38,341,99.26522388913013,755,99.88699340820312,test,Primary EV use,Primary EV use,2,2,correct
MIT,b4c38,342,99.26650907401957,754,99.8415069580078,test,Primary EV use,Primary EV use,2,2,correct
MIT,b4c38,343,99.25680403812652,753,100.05158233642578,test,Primary EV use,Primary EV use,2,2,correct
MIT,b4c38,344,99.24690055456674,752,99.88981628417967,test,Primary EV use,Primary EV use,2,2,correct
MIT,b4c38,345,99.24010608445272,751,99.8020477294922,test,Primary EV use,Primary EV use,2,2,correct
MIT,b4c38,346,99.23029709978186,750,99.92253112792967,test,Primary EV use,Primary EV use,2,2,correct
MIT,b4c38,347,99.2221040461117,749,99.92923736572266,test,Primary EV use,Primary EV use,2,2,correct
MIT,b4c38,348,99.21037673399556,748,99.91223907470705,test,Primary EV use,Primary EV use,2,2,correct
MIT,b4c38,349,99.21308885210784,747,99.96964263916016,test,Primary EV use,Primary EV use,2,2,correct
MIT,b4c38,350,99.20076619699144,746,99.9898910522461,test,Primary EV use,Primary EV use,2,2,correct
MIT,b4c38,351,99.19425522354425,745,99.85171508789062,test,Primary EV use,Primary EV use,2,2,correct
MIT,b4c38,352,99.18562747498495,744,99.96903228759766,test,Primary EV use,Primary EV use,2,2,correct
MIT,b4c38,353,99.18704495831892,743,99.89249420166016,test,Primary EV use,Primary EV use,2,2,correct
MIT,b4c38,354,99.18204596709457,742,99.94161224365234,test,Primary EV use,Primary EV use,2,2,correct
MIT,b4c38,355,99.17597913842528,741,99.9160614013672,test,Primary EV use,Primary EV use,2,2,correct
MIT,b4c38,356,99.1741836595356,740,99.9655532836914,test,Primary EV use,Primary EV use,2,2,correct
MIT,b4c38,357,99.1739568622022,739,99.8904037475586,test,Primary EV use,Primary EV use,2,2,correct
MIT,b4c38,358,99.17347491786866,738,99.84664916992188,test,Primary EV use,Primary EV use,2,2,correct
MIT,b4c38,359,99.15433889286048,737,99.84730529785156,test,Primary EV use,Primary EV use,2,2,correct
MIT,b4c38,360,99.1499163448586,736,99.7579345703125,test,Primary EV use,Primary EV use,2,2,correct
MIT,b4c38,361,99.14432201063396,735,99.8767547607422,test,Primary EV use,Primary EV use,2,2,correct
MIT,b4c38,362,99.13294434440688,734,99.92627716064452,test,Primary EV use,Primary EV use,2,2,correct
MIT,b4c38,363,99.136374654075,733,99.9837646484375,test,Primary EV use,Primary EV use,2,2,correct
MIT,b4c38,364,99.1250253375146,732,99.91483306884766,test,Primary EV use,Primary EV use,2,2,correct
MIT,b4c38,365,99.1184954642896,731,99.75128173828124,test,Primary EV use,Primary EV use,2,2,correct
MIT,b4c38,366,99.12664126851529,730,99.9480972290039,test,Primary EV use,Primary EV use,2,2,correct
MIT,b4c38,367,99.11853326384517,729,99.78931427001952,test,Primary EV use,Primary EV use,2,2,correct
MIT,b4c38,368,99.10009653061506,728,99.86453247070312,test,Primary EV use,Primary EV use,2,2,correct
MIT,b4c38,369,99.0933776596122,727,99.90302276611328,test,Primary EV use,Primary EV use,2,2,correct
MIT,b4c38,370,99.08458926294172,726,99.81259155273438,test,Primary EV use,Primary EV use,2,2,correct
MIT,b4c38,371,99.08284103349656,725,99.84557342529295,test,Primary EV use,Primary EV use,2,2,correct
MIT,b4c38,372,99.07238000649208,724,99.86947631835938,test,Primary EV use,Primary EV use,2,2,correct
MIT,b4c38,373,99.05661759181868,723,99.79886627197266,test,Primary EV use,Primary EV use,2,2,correct
MIT,b4c38,374,99.04291525292392,722,99.7730712890625,test,Primary EV use,Primary EV use,2,2,correct
MIT,b4c38,375,99.04556122181394,721,99.65936279296876,test,Primary EV use,Primary EV use,2,2,correct
MIT,b4c38,376,99.0431042507018,720,99.78126525878906,test,Primary EV use,Primary EV use,2,2,correct
MIT,b4c38,377,99.03272827269734,719,99.77948760986328,test,Primary EV use,Primary EV use,2,2,correct
MIT,b4c38,378,99.04330269836854,718,99.90364074707033,test,Primary EV use,Primary EV use,2,2,correct
MIT,b4c38,379,99.04465403248022,717,99.96826171875,test,Primary EV use,Primary EV use,2,2,correct
MIT,b4c38,380,99.03929594547792,716,99.92172241210938,test,Primary EV use,Primary EV use,2,2,correct
MIT,b4c38,381,99.03902189870004,715,99.97228240966795,test,Primary EV use,Primary EV use,2,2,correct
MIT,b4c38,382,99.038672252811,714,99.7753677368164,test,Primary EV use,Primary EV use,2,2,correct
MIT,b4c38,383,99.03360711236438,713,99.78206634521484,test,Primary EV use,Primary EV use,2,2,correct
MIT,b4c38,384,99.02363747958232,712,99.8469467163086,test,Primary EV use,Primary EV use,2,2,correct
MIT,b4c38,385,99.0273040364728,711,99.84273529052734,test,Primary EV use,Primary EV use,2,2,correct
MIT,b4c38,386,99.02268304080415,710,99.75031280517578,test,Primary EV use,Primary EV use,2,2,correct
MIT,b4c38,387,99.01431043924502,709,99.96148681640624,test,Primary EV use,Primary EV use,2,2,correct
MIT,b4c38,388,99.01691860857946,708,99.91122436523438,test,Primary EV use,Primary EV use,2,2,correct
MIT,b4c38,389,99.01398914302266,707,99.81807708740234,test,Primary EV use,Primary EV use,2,2,correct
MIT,b4c38,390,99.0141875906894,706,99.81195068359376,test,Primary EV use,Primary EV use,2,2,correct
MIT,b4c38,391,99.0163705150237,705,99.73562622070312,test,Primary EV use,Primary EV use,2,2,correct
MIT,b4c38,392,99.01517982902315,704,99.87898254394533,test,Primary EV use,Primary EV use,2,2,correct
MIT,b4c38,393,98.99701714257095,703,99.8151626586914,test,Primary EV use,Primary EV use,2,2,correct
MIT,b4c38,394,98.9933222360138,702,99.82723999023438,test,Primary EV use,Primary EV use,2,2,correct
MIT,b4c38,395,98.98201071900898,701,99.9145965576172,test,Primary EV use,Primary EV use,2,2,correct
MIT,b4c38,396,98.9834565520096,700,99.80926513671876,test,Primary EV use,Primary EV use,2,2,correct
MIT,b4c38,397,98.970888199782,699,99.90852355957033,test,Primary EV use,Primary EV use,2,2,correct
MIT,b4c38,398,98.96533166511296,698,99.91034698486328,test,Primary EV use,Primary EV use,2,2,correct
MIT,b4c38,399,98.96301644233418,697,99.84791564941406,test,Primary EV use,Primary EV use,2,2,correct
MIT,b4c38,400,98.95771505466526,696,99.80622863769533,test,Primary EV use,Primary EV use,2,2,correct
MIT,b4c38,401,98.95235696766296,695,99.80585479736328,test,Primary EV use,Primary EV use,2,2,correct
MIT,b4c38,402,98.94859591188356,694,99.6660614013672,test,Primary EV use,Primary EV use,2,2,correct
MIT,b4c38,403,98.93903262432391,693,99.79302978515624,test,Primary EV use,Primary EV use,2,2,correct
MIT,b4c38,404,98.9372087957676,692,99.73129272460938,test,Primary EV use,Primary EV use,2,2,correct
MIT,b4c38,405,98.93027257732018,691,99.7484130859375,test,Primary EV use,Primary EV use,2,2,correct
MIT,b4c38,406,98.91503935642476,690,99.57953643798828,test,Primary EV use,Primary EV use,2,2,correct
MIT,b4c38,407,98.9091331758667,689,99.75048065185548,test,Primary EV use,Primary EV use,2,2,correct
MIT,b4c38,408,98.90846223375527,688,99.7131805419922,test,Primary EV use,Primary EV use,2,2,correct
MIT,b4c38,409,98.89875719786224,687,99.76368713378906,test,Primary EV use,Primary EV use,2,2,correct
MIT,b4c38,410,98.89551588597196,686,99.82323455810548,test,Primary EV use,Primary EV use,2,2,correct
MIT,b4c38,411,98.89461814652714,685,99.70922088623048,test,Primary EV use,Primary EV use,2,2,correct
MIT,b4c38,412,98.88716218419064,684,99.5567398071289,test,Primary EV use,Primary EV use,2,2,correct
MIT,b4c38,413,98.88795597485765,683,99.72430419921876,test,Primary EV use,Primary EV use,2,2,correct
MIT,b4c38,414,98.88927895930264,682,99.70201873779295,test,Primary EV use,Primary EV use,2,2,correct
MIT,b4c38,415,98.88997825108072,681,99.77915954589844,test,Primary EV use,Primary EV use,2,2,correct
MIT,b4c38,416,98.88308928207776,680,99.7360610961914,test,Primary EV use,Primary EV use,2,2,correct
MIT,b4c38,417,98.88534780552315,679,99.75398254394533,test,Primary EV use,Primary EV use,2,2,correct
MIT,b4c38,418,98.87698465385294,678,99.74103546142578,test,Primary EV use,Primary EV use,2,2,correct
MIT,b4c38,419,98.86765761351562,677,99.77597045898438,test,Primary EV use,Primary EV use,2,2,correct
MIT,b4c38,420,98.87409298785172,676,99.89280700683594,test,Primary EV use,Primary EV use,2,2,correct
MIT,b4c38,421,98.86078754429046,675,99.86397552490234,test,Primary EV use,Primary EV use,2,2,correct
MIT,b4c38,422,98.86529514129238,674,99.97352600097656,test,Primary EV use,Primary EV use,2,2,correct
MIT,b4c38,423,98.87280780296226,673,99.89154815673828,test,Primary EV use,Primary EV use,2,2,correct
MIT,b4c38,424,98.858973165623,672,99.84510803222656,test,Primary EV use,Primary EV use,2,2,correct
MIT,b4c38,425,98.86220502762438,671,99.84818267822266,test,Primary EV use,Primary EV use,2,2,correct
MIT,b4c38,426,98.86116553984616,670,99.75802612304688,test,Primary EV use,Primary EV use,2,2,correct
MIT,b4c38,427,98.85786752862252,669,99.7794189453125,test,Primary EV use,Primary EV use,2,2,correct
MIT,b4c38,428,98.85128095606416,668,99.83132934570312,test,Primary EV use,Primary EV use,2,2,correct
MIT,b4c38,429,98.83858030539209,667,99.64601135253906,test,Primary EV use,Primary EV use,2,2,correct
MIT,b4c38,430,98.8358587373909,666,99.8640594482422,test,Primary EV use,Primary EV use,2,2,correct
MIT,b4c38,431,98.83206933194484,665,99.74429321289062,test,Primary EV use,Primary EV use,2,2,correct
MIT,b4c38,432,98.81446418893732,664,99.89507293701172,test,Primary EV use,Primary EV use,2,2,correct
MIT,b4c38,433,98.81596672127128,663,99.7834243774414,test,Primary EV use,Primary EV use,2,2,correct
MIT,b4c38,434,98.80062955159806,662,99.87332916259766,test,Primary EV use,Primary EV use,2,2,correct
MIT,b4c38,435,98.79483676970668,661,99.6177749633789,test,Primary EV use,Primary EV use,2,2,correct
MIT,b4c38,436,98.78479153781348,660,99.76175689697266,test,Primary EV use,Primary EV use,2,2,correct
MIT,b4c38,437,98.77746787392148,659,99.84386444091795,test,Primary EV use,Primary EV use,2,2,correct
MIT,b4c38,438,98.76531531680516,658,99.53497314453124,test,Primary EV use,Primary EV use,2,2,correct
MIT,b4c38,439,98.75879489346904,657,99.80477142333984,test,Primary EV use,Primary EV use,2,2,correct
MIT,b4c38,440,98.756063875579,656,99.6743392944336,test,Primary EV use,Primary EV use,2,2,correct
MIT,b4c38,441,98.75146177968811,655,99.63863372802734,test,Primary EV use,Primary EV use,2,2,correct
MIT,b4c38,442,98.74336322490689,654,99.83509063720705,test,Primary EV use,Primary EV use,2,2,correct
MIT,b4c38,443,98.74332542535132,653,99.59629821777344,test,Primary EV use,Primary EV use,2,2,correct
MIT,b4c38,444,98.73387553645838,652,99.74126434326172,test,Primary EV use,Primary EV use,2,2,correct
MIT,b4c38,445,98.73108781923496,651,99.70254516601562,test,Primary EV use,Primary EV use,2,2,correct
MIT,b4c38,446,98.73575606434808,650,99.75392150878906,test,Primary EV use,Primary EV use,2,2,correct
MIT,b4c38,447,98.72685426901094,649,99.80533599853516,test,Primary EV use,Primary EV use,2,2,correct
MIT,b4c38,448,98.72820560312265,648,99.67733001708984,test,Primary EV use,Primary EV use,2,2,correct
MIT,b4c38,449,98.7225073201202,647,99.84017944335938,test,Primary EV use,Primary EV use,2,2,correct
MIT,b4c38,450,98.72199702611998,646,99.67884826660156,test,Primary EV use,Primary EV use,2,2,correct
MIT,b4c38,451,98.7308893715682,645,99.6496353149414,test,Primary EV use,Primary EV use,2,2,correct
MIT,b4c38,452,98.71370947356088,644,99.7482452392578,test,Primary EV use,Primary EV use,2,2,correct
MIT,b4c38,453,98.70962712155912,643,99.7652359008789,test,Primary EV use,Primary EV use,2,2,correct
MIT,b4c38,454,98.71143205033768,642,99.72637176513672,test,Primary EV use,Primary EV use,2,2,correct
MIT,b4c38,455,98.7154199034505,641,99.87252044677734,test,Primary EV use,Primary EV use,2,2,correct
MIT,b4c38,456,98.7187368144519,640,99.76612854003906,test,Primary EV use,Primary EV use,2,2,correct
MIT,b4c38,457,98.71021301467049,639,99.88671875,test,Primary EV use,Primary EV use,2,2,correct
MIT,b4c38,458,98.7091168275589,638,99.88615417480467,test,Primary EV use,Primary EV use,2,2,correct
MIT,b4c38,459,98.7187651641186,637,99.88082122802734,test,Primary EV use,Primary EV use,2,2,correct
MIT,b4c38,460,98.70848368500307,636,99.9005889892578,test,Primary EV use,Primary EV use,2,2,correct
MIT,b4c38,461,98.70596056466869,635,99.85098266601562,test,Primary EV use,Primary EV use,2,2,correct
MIT,b4c38,462,98.69283466899638,634,99.81136322021484,test,Primary EV use,Primary EV use,2,2,correct
MIT,b4c38,463,98.69955353999926,633,99.81785583496094,test,Primary EV use,Primary EV use,2,2,correct
MIT,b4c38,464,98.68147590254708,632,99.85818481445312,test,Primary EV use,Primary EV use,2,2,correct
MIT,b4c38,465,98.6699470380977,631,99.92384338378906,test,Primary EV use,Primary EV use,2,2,correct
MIT,b4c38,466,98.6601758529824,630,99.95001983642578,test,Primary EV use,Primary EV use,2,2,correct
MIT,b4c38,467,98.65668884398092,629,99.86133575439452,test,Primary EV use,Primary EV use,2,2,correct
MIT,b4c38,468,98.65039521797824,628,99.6996612548828,test,Primary EV use,Primary EV use,2,2,correct
MIT,b4c38,469,98.64494263208702,627,99.77202606201172,test,Primary EV use,Primary EV use,2,2,correct
MIT,b4c38,470,98.63307357163748,626,99.78015899658205,test,Primary EV use,Primary EV use,2,2,correct
MIT,b4c38,471,98.63673067863904,625,99.72000122070312,test,Primary EV use,Primary EV use,2,2,correct
MIT,b4c38,472,98.62697839330156,624,99.75940704345705,test,Primary EV use,Primary EV use,2,2,correct
MIT,b4c38,473,98.6305315515253,623,99.7319793701172,test,Primary EV use,Primary EV use,2,2,correct
MIT,b4c38,474,98.62355753352232,622,99.7697296142578,test,Primary EV use,Primary EV use,2,2,correct
MIT,b4c38,475,98.60905195407167,621,99.70693969726562,test,Primary EV use,Primary EV use,2,2,correct
MIT,b4c38,476,98.60650993395946,620,99.6768798828125,test,Primary EV use,Primary EV use,2,2,correct
MIT,b4c38,477,98.59448022539875,619,99.85124206542967,test,Primary EV use,Primary EV use,2,2,correct
MIT,b4c38,478,98.5829230112827,618,99.63125610351562,test,Primary EV use,Primary EV use,2,2,correct
MIT,b4c38,479,98.56690544960918,617,99.85236358642578,test,Primary EV use,Primary EV use,2,2,correct
MIT,b4c38,480,98.5635318392744,616,99.65437316894533,test,Primary EV use,Primary EV use,2,2,correct
MIT,b4c38,481,98.56316329360756,615,99.6340560913086,test,Primary EV use,Primary EV use,2,2,correct
MIT,b4c38,482,98.56142451405128,614,99.62388610839844,test,Primary EV use,Primary EV use,2,2,correct
MIT,b4c38,483,98.55548053393764,613,99.70012664794922,test,Primary EV use,Primary EV use,2,2,correct
MIT,b4c38,484,98.54774107493432,612,99.73792266845705,test,Primary EV use,Primary EV use,2,2,correct
MIT,b4c38,485,98.54154194782056,611,99.81578826904295,test,Primary EV use,Primary EV use,2,2,correct
MIT,b4c38,486,98.5453408031555,610,99.6814193725586,test,Primary EV use,Primary EV use,2,2,correct
MIT,b4c38,487,98.54133405026492,609,99.82376098632812,test,Primary EV use,Primary EV use,2,2,correct
MIT,b4c38,488,98.54487775859975,608,99.82636260986328,test,Primary EV use,Primary EV use,2,2,correct
MIT,b4c38,489,98.5549702399374,607,99.70780181884766,test,Primary EV use,Primary EV use,2,2,correct
MIT,b4c38,490,98.547504827712,606,99.85961151123048,test,Primary EV use,Primary EV use,2,2,correct
MIT,b4c38,491,98.54735362948968,605,99.80085754394533,test,Primary EV use,Primary EV use,2,2,correct
MIT,b4c38,492,98.54195774293186,604,99.75733184814452,test,Primary EV use,Primary EV use,2,2,correct
MIT,b4c38,493,98.53473802781764,603,99.78075408935548,test,Primary EV use,Primary EV use,2,2,correct
MIT,b4c38,494,98.53042887848248,602,99.7514877319336,test,Primary EV use,Primary EV use,2,2,correct
MIT,b4c38,495,98.5254582369248,601,99.7755355834961,test,Primary EV use,Primary EV use,2,2,correct
MIT,b4c38,496,98.51747308081026,600,99.72804260253906,test,Primary EV use,Primary EV use,2,2,correct
MIT,b4c38,497,98.50785309391726,599,99.62451934814452,test,Primary EV use,Primary EV use,2,2,correct
MIT,b4c38,498,98.50026483313624,598,99.81360626220705,test,Primary EV use,Primary EV use,2,2,correct
MIT,b4c38,499,98.4874602336863,597,99.66507720947266,test,Primary EV use,Primary EV use,2,2,correct
MIT,b4c38,500,98.48795162790871,596,99.62976837158205,test,Primary EV use,Primary EV use,2,2,correct
MIT,b4c38,501,98.46883450267832,595,99.69163513183594,test,Primary EV use,Primary EV use,2,2,correct
MIT,b4c38,502,98.46290942234248,594,99.60850524902344,test,Primary EV use,Primary EV use,2,2,correct
MIT,b4c38,503,98.45551015933933,593,99.77703857421876,test,Primary EV use,Primary EV use,2,2,correct
MIT,b4c38,504,98.4476384018915,592,99.6103286743164,test,Primary EV use,Primary EV use,2,2,correct
MIT,b4c38,505,98.44495463344592,591,99.75055694580078,test,Primary EV use,Primary EV use,2,2,correct
MIT,b4c38,506,98.43192323666254,590,99.56121063232422,test,Primary EV use,Primary EV use,2,2,correct
MIT,b4c38,507,98.42910716977246,589,99.73137664794922,test,Primary EV use,Primary EV use,2,2,correct
MIT,b4c38,508,98.42935286688368,588,99.5124282836914,test,Primary EV use,Primary EV use,2,2,correct
MIT,b4c38,509,98.42281354376978,587,99.5853500366211,test,Primary EV use,Primary EV use,2,2,correct
MIT,b4c38,510,98.41137917820932,586,99.61910247802734,test,Primary EV use,Primary EV use,2,2,correct
MIT,b4c38,511,98.40841191309696,585,99.75806427001952,test,Primary EV use,Primary EV use,2,2,correct
MIT,b4c38,512,98.39800758542582,584,99.59552764892578,test,Primary EV use,Primary EV use,2,2,correct
MIT,b4c38,513,98.38541088353156,583,99.59925079345705,test,Primary EV use,Primary EV use,2,2,correct
MIT,b4c38,514,98.39076897053384,582,99.54733276367188,test,Primary EV use,Primary EV use,2,2,correct
MIT,b4c38,515,98.38761270764358,581,99.76049041748048,test,Primary EV use,Primary EV use,2,2,correct
MIT,b4c38,516,98.37564914830514,580,99.71013641357422,test,Primary EV use,Primary EV use,2,2,correct
MIT,b4c38,517,98.38168762730773,579,99.6374740600586,test,Primary EV use,Primary EV use,2,2,correct
MIT,b4c38,518,98.37517665386048,578,99.53582000732422,test,Primary EV use,Primary EV use,2,2,correct
MIT,b4c38,519,98.37546015052727,577,99.78868103027344,test,Primary EV use,Primary EV use,2,2,correct
MIT,b4c38,520,98.36294849763306,576,99.69104766845705,test,Primary EV use,Primary EV use,2,2,correct
MIT,b4c38,521,98.35931974029816,575,99.70172882080078,test,Primary EV use,Primary EV use,2,2,correct
MIT,b4c38,522,98.35973553540946,574,99.47763061523438,test,Primary EV use,Primary EV use,2,2,correct
MIT,b4c38,523,98.36338319252212,573,99.57559967041016,test,Primary EV use,Primary EV use,2,2,correct
MIT,b4c38,524,98.36309024596645,572,99.75299835205078,test,Primary EV use,Primary EV use,2,2,correct
MIT,b4c38,525,98.3583180520755,571,99.59945678710938,test,Primary EV use,Primary EV use,2,2,correct
MIT,b4c38,526,98.36576456452312,570,99.63431549072266,test,Primary EV use,Primary EV use,2,2,correct
MIT,b4c38,527,98.35620127696347,569,99.6901397705078,test,Primary EV use,Primary EV use,2,2,correct
MIT,b4c38,528,98.35695726807492,568,99.64454650878906,test,Primary EV use,Primary EV use,2,2,correct
MIT,b4c38,529,98.35227957307292,567,99.74834442138672,test,Primary EV use,Primary EV use,2,2,correct
MIT,b4c38,530,98.3454945528478,566,99.58452606201172,test,Primary EV use,Primary EV use,2,2,correct
MIT,b4c38,531,98.33844493573368,565,99.53434753417967,test,Primary EV use,Primary EV use,2,2,correct
MIT,b4c38,532,98.3366683566218,564,99.69505310058594,test,Primary EV use,Primary EV use,2,2,correct
MIT,b4c38,533,98.32523399106137,563,99.50837707519533,test,Primary EV use,Primary EV use,2,2,correct
MIT,b4c38,534,98.3318678130642,562,99.64934539794922,test,Primary EV use,Primary EV use,2,2,correct
MIT,b4c38,535,98.32479929617227,561,99.74574279785156,test,Primary EV use,Primary EV use,2,2,correct
MIT,b4c38,536,98.31118200627756,560,99.59122467041016,test,Primary EV use,Primary EV use,2,2,correct
MIT,b4c38,537,98.31124815549984,559,99.61884307861328,test,Primary EV use,Primary EV use,2,2,correct
MIT,b4c38,538,98.30139192138448,558,99.53099060058594,test,Primary EV use,Primary EV use,2,2,correct
MIT,b4c38,539,98.30289445371848,557,99.5494384765625,test,Primary EV use,Primary EV use,2,2,correct
MIT,b4c38,540,98.28345603226572,556,99.6577606201172,test,Primary EV use,Primary EV use,2,2,correct
MIT,b4c38,541,98.28866292104571,555,99.64186096191406,test,Primary EV use,Primary EV use,2,2,correct
MIT,b4c38,542,98.2735808983726,554,99.65471649169922,test,Primary EV use,Primary EV use,2,2,correct
MIT,b4c38,543,98.25319748803054,553,99.42837524414062,test,Primary EV use,Primary EV use,2,2,correct
MIT,b4c38,544,98.25241314725244,552,99.56324005126952,test,Primary EV use,Primary EV use,2,2,correct
MIT,b4c38,545,98.24948368169562,551,99.65923309326172,test,Primary EV use,Primary EV use,2,2,correct
MIT,b4c38,546,98.22630310424128,550,99.70558166503906,test,Primary EV use,Primary EV use,2,2,correct
MIT,b4c38,547,98.2219845050172,549,99.59960174560548,test,Primary EV use,Primary EV use,2,2,correct
MIT,b4c38,548,98.21525618412542,548,99.56742095947266,test,Primary EV use,Primary EV use,2,2,correct
MIT,b4c38,549,98.21316775868009,547,99.4326629638672,test,Primary EV use,Primary EV use,2,2,correct
MIT,b4c38,550,98.20368952012048,546,99.54646301269533,test,Primary EV use,Primary EV use,2,2,correct
MIT,b4c38,551,98.201260898675,545,99.45245361328124,test,Primary EV use,Primary EV use,2,2,correct
MIT,b4c38,552,98.20814041778904,544,99.3644561767578,test,Primary EV use,Primary EV use,2,2,correct
MIT,b4c38,553,98.19632805667288,543,99.4195785522461,test,Primary EV use,Primary EV use,2,2,correct
MIT,b4c38,554,98.19166926144868,542,99.65296936035156,test,Primary EV use,Primary EV use,2,2,correct
MIT,b4c38,555,98.18209652400012,541,99.59676361083984,test,Primary EV use,Primary EV use,2,2,correct
MIT,b4c38,556,98.17393181999662,540,99.50238037109376,test,Primary EV use,Primary EV use,2,2,correct
MIT,b4c38,557,98.17196624310692,539,99.49234771728516,test,Primary EV use,Primary EV use,2,2,correct
MIT,b4c38,558,98.16713734988262,538,99.5982666015625,test,Primary EV use,Primary EV use,2,2,correct
MIT,b4c38,559,98.16053187754645,537,99.63136291503906,test,Primary EV use,Primary EV use,2,2,correct
MIT,b4c38,560,98.15627942754465,536,99.4040298461914,test,Primary EV use,Primary EV use,2,2,correct
MIT,b4c38,561,98.15860410021232,535,99.65679931640624,test,Primary EV use,Primary EV use,2,2,correct
MIT,b4c38,562,98.15357675932128,534,99.3218231201172,test,Primary EV use,Primary EV use,2,2,correct
MIT,b4c38,563,98.14493011098423,533,99.3226089477539,test,Primary EV use,Primary EV use,2,2,correct
MIT,b4c38,564,98.1483131712079,532,99.53517150878906,test,Primary EV use,Primary EV use,2,2,correct
MIT,b4c38,565,98.14491121120643,531,99.40599060058594,test,Primary EV use,Primary EV use,2,2,correct
MIT,b4c38,566,98.1335996942016,530,99.34969329833984,test,Primary EV use,Primary EV use,2,2,correct
MIT,b4c38,567,98.12955514175545,529,99.38843536376952,test,Primary EV use,Primary EV use,2,2,correct
MIT,b4c38,568,98.1181018764172,528,99.4041976928711,test,Primary EV use,Primary EV use,2,2,correct
MIT,b4c38,569,98.1131501346373,527,99.3983917236328,test,Primary EV use,Primary EV use,2,2,correct
MIT,b4c38,570,98.10491928141155,526,99.446533203125,test,Primary EV use,Primary EV use,2,2,correct
MIT,b4c38,571,98.09799251285304,525,99.41928100585938,test,Primary EV use,Primary EV use,2,2,correct
MIT,b4c38,572,98.09288957285084,524,99.30236053466795,test,Primary EV use,Primary EV use,2,2,correct
MIT,b4c38,573,98.08838197584892,523,99.4873046875,test,Primary EV use,Primary EV use,2,2,correct
MIT,b4c38,574,98.07793984862224,522,99.38009643554688,test,Primary EV use,Primary EV use,2,2,correct
MIT,b4c38,575,98.06099619783724,521,99.48251342773438,test,Primary EV use,Primary EV use,2,2,correct
MIT,b4c38,576,98.0459047252752,520,99.41317749023438,test,Primary EV use,Primary EV use,2,2,correct
MIT,b4c38,577,98.04460064060798,519,99.4820556640625,test,Primary EV use,Primary EV use,2,2,correct
MIT,b4c38,578,98.03157869371351,518,99.27118682861328,test,Primary EV use,Primary EV use,2,2,correct
MIT,b4c38,579,98.02509606993296,517,99.31285858154295,test,Primary EV use,Primary EV use,2,2,correct
MIT,b4c38,580,98.0214295130425,516,99.25526428222656,test,Primary EV use,Primary EV use,2,2,correct
MIT,b4c38,581,98.01303801170558,515,99.31063079833984,test,Primary EV use,Primary EV use,2,2,correct
MIT,b4c38,582,98.01257496714985,514,99.4463882446289,test,Primary EV use,Primary EV use,2,2,correct
MIT,b4c38,583,98.01050544148228,513,99.45289611816406,test,Primary EV use,Primary EV use,2,2,correct
MIT,b4c38,584,98.0051190048133,512,99.3589096069336,test,Primary EV use,Primary EV use,2,2,correct
MIT,b4c38,585,97.99618885980948,511,99.3179168701172,test,Primary EV use,Primary EV use,2,2,correct
MIT,b4c38,586,97.99462017825329,510,99.23741149902344,test,Primary EV use,Primary EV use,2,2,correct
MIT,b4c38,587,97.99060397547376,509,99.35088348388672,test,Primary EV use,Primary EV use,2,2,correct
MIT,b4c38,588,97.98859114913957,508,99.5088119506836,test,Primary EV use,Primary EV use,2,2,correct
MIT,b4c38,589,97.98740046313904,507,99.17606353759766,test,Primary EV use,Primary EV use,2,2,correct
MIT,b4c38,590,97.98081389058068,506,99.26667785644533,test,Primary EV use,Primary EV use,2,2,correct
MIT,b4c38,591,97.97428401735566,505,99.15335845947266,test,Primary EV use,Primary EV use,2,2,correct
MIT,b4c38,592,97.96526882335182,504,99.1432113647461,test,Primary EV use,Primary EV use,2,2,correct
MIT,b4c38,593,97.96438998368475,503,99.13311767578124,test,Primary EV use,Primary EV use,2,2,correct
MIT,b4c38,594,97.96353004379552,502,99.18968200683594,test,Primary EV use,Primary EV use,2,2,correct
MIT,b4c38,595,97.9610069234611,501,99.17267608642578,test,Primary EV use,Primary EV use,2,2,correct
MIT,b4c38,596,97.95584728412555,500,99.17701721191406,test,Primary EV use,Primary EV use,2,2,correct
MIT,b4c38,597,97.95016790090092,499,99.29108428955078,test,Primary EV use,Primary EV use,2,2,correct
MIT,b4c38,598,97.94715338634406,498,99.31788635253906,test,Primary EV use,Primary EV use,2,2,correct
MIT,b4c38,599,97.93432988711636,497,99.22786712646484,test,Primary EV use,Primary EV use,2,2,correct
MIT,b4c38,600,97.92816855955816,496,99.16957092285156,test,Primary EV use,Primary EV use,2,2,correct
MIT,b4c38,601,97.92216788011116,495,99.18712615966795,test,Primary EV use,Primary EV use,2,2,correct
MIT,b4c38,602,97.9123399956625,494,99.16075897216795,test,Primary EV use,Primary EV use,2,2,correct
MIT,b4c38,603,97.90595187077088,493,99.11192321777344,test,Primary EV use,Primary EV use,2,2,correct
MIT,b4c38,604,97.88868692376349,492,98.91525268554688,test,Primary EV use,Primary EV use,2,2,correct
MIT,b4c38,605,97.8894712645416,491,99.28807067871094,test,Primary EV use,Primary EV use,2,2,correct
MIT,b4c38,606,97.88194915298286,490,99.19450378417967,test,Primary EV use,Primary EV use,2,2,correct
MIT,b4c38,607,97.87923703487056,489,98.85115814208984,test,Primary EV use,Primary EV use,2,2,correct
MIT,b4c38,608,97.87138417720055,488,99.34140014648438,test,Primary EV use,Primary EV use,2,2,correct
MIT,b4c38,609,97.86307772486366,487,99.05148315429688,test,Primary EV use,Primary EV use,2,2,correct
MIT,b4c38,610,97.85341993841509,486,98.8944854736328,test,Primary EV use,Primary EV use,2,2,correct
MIT,b4c38,611,97.84654041930104,485,99.09612274169922,test,Primary EV use,Primary EV use,2,2,correct
MIT,b4c38,612,97.84148472874332,484,98.7545928955078,test,Primary EV use,Primary EV use,2,2,correct
MIT,b4c38,613,97.83517220296282,483,98.94451141357422,test,Primary EV use,Primary EV use,2,2,correct
MIT,b4c38,614,97.82447492873602,482,98.78345489501952,test,Primary EV use,Primary EV use,2,2,correct
MIT,b4c38,615,97.81817185284444,481,98.67198944091795,test,Primary EV use,Primary EV use,2,2,correct
MIT,b4c38,616,97.8083439683958,480,98.75640869140624,test,Primary EV use,Primary EV use,2,2,correct
MIT,b4c38,617,97.80308983017132,479,98.7969741821289,test,Primary EV use,Primary EV use,2,2,correct
MIT,b4c38,618,97.78445464927448,478,98.72432708740234,test,Primary EV use,Primary EV use,2,2,correct
MIT,b4c38,619,97.78584378294173,477,98.7461395263672,test,Primary EV use,Primary EV use,2,2,correct
MIT,b4c38,620,97.78282926838487,476,98.74501037597656,test,Primary EV use,Primary EV use,2,2,correct
MIT,b4c38,621,97.78692107027553,475,98.74790954589844,test,Primary EV use,Primary EV use,2,2,correct
MIT,b4c38,622,97.77980530393916,474,98.93978881835938,test,Primary EV use,Primary EV use,2,2,correct
MIT,b4c38,623,97.77995650216144,473,99.186767578125,test,Primary EV use,Primary EV use,2,2,correct
MIT,b4c38,624,97.7699585197127,472,98.70093536376952,test,Primary EV use,Primary EV use,2,2,correct
MIT,b4c38,625,97.77277458660282,471,98.69416046142578,test,Primary EV use,Primary EV use,2,2,correct
MIT,b4c38,626,97.76426023671029,470,98.69078826904295,test,Primary EV use,Primary EV use,2,2,correct
MIT,b4c38,627,97.76603681582216,469,98.75349426269533,test,Primary EV use,Primary EV use,2,2,correct
MIT,b4c38,628,97.75023660159316,468,98.73445892333984,test,Primary EV use,Primary EV use,2,2,correct
MIT,b4c38,629,97.75608608281787,467,98.63595581054688,test,Primary EV use,Primary EV use,2,2,correct
MIT,b4c38,630,97.74661729414716,466,99.177734375,test,Primary EV use,Primary EV use,2,2,correct
MIT,b4c38,631,97.74455721836851,465,98.6711654663086,test,Primary EV use,Primary EV use,2,2,correct
MIT,b4c38,632,97.73646811347618,464,98.74103546142578,test,Primary EV use,Primary EV use,2,2,correct
MIT,b4c38,633,97.73673271036516,463,98.46385955810548,test,Primary EV use,Primary EV use,2,2,correct
MIT,b4c38,634,97.73301890403025,462,98.8509750366211,test,Primary EV use,Primary EV use,2,2,correct
MIT,b4c38,635,97.73205501536316,461,98.7498550415039,test,Primary EV use,Primary EV use,2,2,correct
MIT,b4c38,636,97.7218396854699,460,98.69226837158205,test,Primary EV use,Primary EV use,2,2,correct
MIT,b4c38,637,97.71442152268894,459,98.6613540649414,test,Primary EV use,Primary EV use,2,2,correct
MIT,b4c38,638,97.72169793713653,458,98.47148895263672,test,Primary EV use,Primary EV use,2,2,correct
MIT,b4c38,639,97.7082129456863,457,98.87458801269533,test,Primary EV use,Primary EV use,2,2,correct
MIT,b4c38,640,97.7000482416828,456,98.98155212402344,test,Primary EV use,Primary EV use,2,2,correct
MIT,b4c38,641,97.6967218807925,455,98.84066009521484,test,Primary EV use,Primary EV use,2,2,correct
MIT,b4c38,642,97.69461455556936,454,99.01834869384766,test,Primary EV use,Primary EV use,2,2,correct
MIT,b4c38,643,97.6880090832332,453,98.70909881591795,test,Primary EV use,Primary EV use,2,2,correct
MIT,b4c38,644,97.68422912767602,452,98.96404266357422,test,Primary EV use,Primary EV use,2,2,correct
MIT,b4c38,645,97.68297229245329,451,98.44300842285156,test,Primary EV use,Primary EV use,2,2,correct
MIT,b4c38,646,97.67654636800609,450,98.50306701660156,test,Primary EV use,Primary EV use,2,2,correct
MIT,b4c38,647,97.6675784234467,449,98.57337188720705,test,Primary EV use,Primary EV use,2,2,correct
MIT,b4c38,648,97.66598139222378,448,98.99298858642578,test,Primary EV use,Primary EV use,2,2,correct
MIT,b4c38,649,97.66291962822248,447,98.47594451904295,test,Primary EV use,Primary EV use,2,2,correct
MIT,b4c38,650,97.65479272377456,446,98.67546081542967,test,Primary EV use,Primary EV use,2,2,correct
MIT,b4c38,651,97.65119231610636,445,98.54969024658205,test,Primary EV use,Primary EV use,2,2,correct
MIT,b4c38,652,97.6507670711062,444,98.71160125732422,test,Primary EV use,Primary EV use,2,2,correct
MIT,b4c38,653,97.640277694435,443,98.37461853027344,test,Primary EV use,Primary EV use,2,2,correct
MIT,b4c38,654,97.63834991710084,442,98.62451934814452,test,Primary EV use,Primary EV use,2,2,correct
MIT,b4c38,655,97.62791723976304,441,98.50608825683594,test,Primary EV use,Primary EV use,2,2,correct
MIT,b4c38,656,97.61793815709213,440,98.65461730957033,test,Primary EV use,Primary EV use,2,2,correct
MIT,b4c38,657,97.61018924819992,439,98.43036651611328,test,Primary EV use,Primary EV use,2,2,correct
MIT,b4c38,658,97.60041806308465,438,98.57276916503906,test,Primary EV use,Primary EV use,2,2,correct
MIT,b4c38,659,97.58997593585794,437,98.51727294921876,test,Primary EV use,Primary EV use,2,2,correct
MIT,b4c38,660,97.586177080523,436,98.46908569335938,test,Primary EV use,Primary EV use,2,2,correct
MIT,b4c38,661,97.57776667940828,435,98.40938568115234,test,Primary EV use,Primary EV use,2,2,correct
MIT,b4c38,662,97.57556485529622,434,98.3106918334961,test,Primary EV use,Primary EV use,2,2,correct
MIT,b4c38,663,97.58420205374436,433,98.59038543701172,test,Primary EV use,Primary EV use,2,2,correct
MIT,b4c38,664,97.56245785940172,432,98.37866973876952,test,Primary EV use,Primary EV use,2,2,correct
MIT,b4c38,665,97.56666305995908,431,98.62818908691406,test,Primary EV use,Primary EV use,2,2,correct
MIT,b4c38,666,97.55658002851033,430,98.59275817871094,test,Primary EV use,Primary EV use,2,2,correct
MIT,b4c38,667,97.55090064528568,429,98.2203369140625,test,Primary EV use,Primary EV use,2,2,correct
MIT,b4c38,668,97.54210279872636,428,98.55381774902344,test,Primary EV use,Primary EV use,2,2,correct
MIT,b4c38,669,97.53863468950264,427,98.3827133178711,test,Primary EV use,Primary EV use,2,2,correct
MIT,b4c38,670,97.53325770272257,426,98.37895965576172,test,Primary EV use,Primary EV use,2,2,correct
MIT,b4c38,671,97.5171834417157,425,98.56512451171876,test,Primary EV use,Primary EV use,2,2,correct
MIT,b4c38,672,97.52069880038388,424,98.46126556396484,test,Primary EV use,Primary EV use,2,2,correct
MIT,b4c38,673,97.50664681560008,423,98.36181640625,test,Primary EV use,Primary EV use,2,2,correct
MIT,b4c38,674,97.49983344570826,422,98.50603485107422,test,Primary EV use,Primary EV use,2,2,correct
MIT,b4c38,675,97.49386111592796,421,98.45906829833984,test,Primary EV use,Primary EV use,2,2,correct
MIT,b4c38,676,97.4817274585894,420,98.53167724609376,test,Primary EV use,Primary EV use,2,2,correct
MIT,b4c38,677,97.48578146092449,419,98.38909912109376,test,Primary EV use,Primary EV use,2,2,correct
MIT,b4c38,678,97.48372138514584,418,98.35025787353516,test,Primary EV use,Primary EV use,2,2,correct
MIT,b4c38,679,97.47912873914387,417,98.36488342285156,test,Primary EV use,Primary EV use,2,2,correct
MIT,b4c38,680,97.47729546069864,416,98.0224609375,test,Primary EV use,Primary EV use,2,2,correct
MIT,b4c38,681,97.47512198625326,415,97.84368896484376,test,Primary EV use,Primary EV use,2,2,correct
MIT,b4c38,682,97.47663396847612,414,97.81309509277344,test,Primary EV use,Primary EV use,2,2,correct
MIT,b4c38,683,97.48190700647838,413,97.81360626220705,test,Primary EV use,Primary EV use,2,2,correct
MIT,b4c38,684,97.48626340525804,412,98.2663116455078,test,Primary EV use,Primary EV use,2,2,correct
MIT,b4c38,685,97.4946171070394,411,97.9462432861328,test,Primary EV use,Primary EV use,2,2,correct
MIT,b4c38,686,97.4923018842606,410,97.96688079833984,test,Primary EV use,Primary EV use,2,2,correct
MIT,b4c38,687,97.48325834059008,409,98.015625,test,Primary EV use,Primary EV use,2,2,correct
MIT,b4c38,688,97.4873595923696,408,97.75115966796876,test,Primary EV use,Primary EV use,2,2,correct
MIT,b4c38,689,97.4777207056988,407,98.14263916015624,test,Primary EV use,Primary EV use,2,2,correct
MIT,b4c38,690,97.46691003280532,406,97.8366241455078,test,Primary EV use,Primary EV use,2,2,correct
MIT,b4c38,691,97.4520737072434,405,97.69137573242188,test,Primary EV use,Primary EV use,2,2,correct
MIT,b4c38,692,97.42830723667768,404,97.75420379638672,test,Primary EV use,Primary EV use,2,2,correct
MIT,b4c38,693,97.41492619400528,403,97.95431518554688,test,Primary EV use,Primary EV use,2,2,correct
MIT,b4c38,694,97.4145009490051,402,98.33277130126952,test,Primary EV use,Primary EV use,2,2,correct
MIT,b4c38,695,97.40541015589012,401,97.67842864990234,test,Primary EV use,Primary EV use,2,2,correct
MIT,b4c38,696,97.39567677033038,400,97.8446044921875,test,Primary EV use,Primary EV use,2,2,correct
MIT,b4c38,697,97.3930969506626,399,98.48318481445312,test,Primary EV use,Primary EV use,2,2,correct
MIT,b4c38,698,97.37487756487702,398,97.96318817138672,test,Primary EV use,Primary EV use,2,2,correct
MIT,b4c38,699,97.37349788109869,397,98.07876586914062,test,Primary EV use,Primary EV use,2,2,correct
MIT,b4c38,700,97.37339393232084,396,98.09597778320312,test,Primary EV use,Primary EV use,2,2,correct
MIT,b4c38,701,97.36448268709482,395,98.1218490600586,test,Primary EV use,Primary EV use,2,2,correct
MIT,b4c38,702,97.34529941264216,394,97.99545288085938,test,Primary EV use,Primary EV use,2,2,correct
MIT,b4c38,703,97.34327713641908,393,98.13506317138672,test,Primary EV use,Primary EV use,2,2,correct
MIT,b4c38,704,97.3308127329693,392,98.14862060546876,test,Primary EV use,Primary EV use,2,2,correct
MIT,b4c38,705,97.31910432063096,391,98.17098999023438,test,Primary EV use,Primary EV use,2,2,correct
MIT,b4c38,706,97.32388596441078,390,97.98236083984376,test,Primary EV use,Primary EV use,2,2,correct
MIT,b4c38,707,97.31845227829734,389,98.0638427734375,test,Primary EV use,Primary EV use,2,2,correct
MIT,b4c38,708,97.31350998640634,388,98.22337341308594,test,Primary EV use,Primary EV use,2,2,correct
MIT,b4c38,709,97.29958085017816,387,98.08049011230467,test,Primary EV use,Primary EV use,2,2,correct
MIT,b4c38,710,97.29365576984227,386,98.02704620361328,test,Primary EV use,Primary EV use,2,2,correct
MIT,b4c38,711,97.29300372750868,385,98.11358642578124,test,Primary EV use,Primary EV use,2,2,correct
MIT,b4c38,712,97.27999123050311,384,98.2353744506836,test,Primary EV use,Primary EV use,2,2,correct
MIT,b4c38,713,97.28154101228156,383,98.24027252197266,test,Primary EV use,Primary EV use,2,2,correct
MIT,b4c38,714,97.27674991861284,382,98.05689239501952,test,Primary EV use,Primary EV use,2,2,correct
MIT,b4c38,715,97.26896321016508,381,98.27796173095705,test,Primary EV use,Primary EV use,2,2,correct
MIT,b4c38,716,97.25808638804928,380,98.19454193115234,test,Primary EV use,Primary EV use,2,2,correct
MIT,b4c38,717,97.25730204727118,379,98.0213394165039,test,Primary EV use,Primary EV use,2,2,correct
MIT,b4c38,718,97.2427208687094,378,98.0092544555664,test,Primary EV use,Primary EV use,2,2,correct
MIT,b4c38,719,97.239224409819,377,97.98548889160156,test,Primary EV use,Primary EV use,2,2,correct
MIT,b4c38,720,97.23005801759284,376,98.05421447753906,test,Primary EV use,Primary EV use,2,2,correct
MIT,b4c38,721,97.22837593736992,375,98.01129150390624,test,Primary EV use,Primary EV use,2,2,correct
MIT,b4c38,722,97.21143228658488,374,97.98259735107422,test,Primary EV use,Primary EV use,2,2,correct
MIT,b4c38,723,97.20399522402616,373,98.14649200439452,test,Primary EV use,Primary EV use,2,2,correct
MIT,b4c38,724,97.18948964457552,372,98.01639556884766,test,Primary EV use,Primary EV use,2,2,correct
MIT,b4c38,725,97.19261755779908,371,98.08648681640624,test,Primary EV use,Primary EV use,2,2,correct
MIT,b4c38,726,97.1806539984606,370,98.27911376953124,test,Primary EV use,Primary EV use,2,2,correct
MIT,b4c38,727,97.17443597156908,369,98.09617614746094,test,Primary EV use,Primary EV use,2,2,correct
MIT,b4c38,728,97.16376704700896,368,98.28234100341795,test,Primary EV use,Primary EV use,2,2,correct
MIT,b4c38,729,97.16393714500904,367,98.2787094116211,test,Primary EV use,Primary EV use,2,2,correct
MIT,b4c38,730,97.15530939644978,366,97.97228240966795,test,Primary EV use,Primary EV use,2,2,correct
MIT,b4c38,731,97.15314537189327,365,98.07877349853516,test,Primary EV use,Primary EV use,2,2,correct
MIT,b4c38,732,97.14475387055636,364,98.07556915283205,test,Primary EV use,Primary EV use,2,2,correct
MIT,b4c38,733,97.13302655844024,363,98.1707534790039,test,Primary EV use,Primary EV use,2,2,correct
MIT,b4c38,734,97.13258241366228,362,98.0815200805664,test,Primary EV use,Primary EV use,2,2,correct
MIT,b4c38,735,97.1185209789896,361,98.08570861816406,test,Primary EV use,Primary EV use,2,2,correct
MIT,b4c38,736,97.10977983176365,360,98.07380676269533,test,Primary EV use,Primary EV use,2,2,correct
MIT,b4c38,737,97.094480461646,359,98.0323715209961,test,Primary EV use,Primary EV use,2,2,correct
MIT,b4c38,738,97.07594922952694,358,98.16836547851562,test,Primary EV use,Primary EV use,2,2,correct
MIT,b4c38,739,97.06802077274578,357,98.09538269042967,test,Primary EV use,Primary EV use,2,2,correct
MIT,b4c38,740,97.0600734161868,356,98.18061065673828,test,Primary EV use,Primary EV use,2,2,correct
MIT,b4c38,741,97.05238120662796,355,98.0053939819336,test,Primary EV use,Primary EV use,2,2,correct
MIT,b4c38,742,97.04650337573656,354,98.19408416748048,test,Primary EV use,Primary EV use,2,2,correct
MIT,b4c38,743,97.03586280084312,353,98.1822509765625,test,Primary EV use,Primary EV use,2,2,correct
MIT,b4c38,744,97.0332357317309,352,98.1600570678711,test,Primary EV use,Primary EV use,2,2,correct
MIT,b4c38,745,97.03065591206312,351,98.04459381103516,test,Primary EV use,Primary EV use,2,2,correct
MIT,b4c38,746,97.03493671173165,350,97.89524841308594,test,Primary EV use,Primary EV use,2,2,correct
MIT,b4c38,747,97.01584793616792,349,97.79623413085938,test,Primary EV use,Primary EV use,2,2,correct
MIT,b4c38,748,96.99799709604912,348,97.89430236816406,test,Primary EV use,Primary EV use,2,2,correct
MIT,b4c38,749,96.98424750770994,347,97.87890625,test,Primary EV use,Primary EV use,2,2,correct
MIT,b4c38,750,96.97372033148322,346,97.82659149169922,test,Primary EV use,Primary EV use,2,2,correct
MIT,b4c38,751,96.9747881689281,345,98.03518676757812,test,Primary EV use,Primary EV use,2,2,correct
MIT,b4c38,752,96.96106693025558,344,97.8480987548828,test,Primary EV use,Primary EV use,2,2,correct
MIT,b4c38,753,96.96159612403358,343,97.90193939208984,test,Primary EV use,Primary EV use,2,2,correct
MIT,b4c38,754,96.95471660491954,342,97.99723052978516,test,Primary EV use,Primary EV use,2,2,correct
MIT,b4c38,755,96.93461669124426,341,97.98601531982422,test,Primary EV use,Primary EV use,2,2,correct
MIT,b4c38,756,96.92634803846292,340,97.9587860107422,test,Primary EV use,Primary EV use,2,2,correct
MIT,b4c38,757,96.91303314501282,339,97.85821533203124,test,Primary EV use,Primary EV use,2,2,correct
MIT,b4c38,758,96.91349618956856,338,98.22212982177734,test,Primary EV use,Primary EV use,2,2,correct
MIT,b4c38,759,96.91428998023557,337,97.86109924316406,test,Primary EV use,Primary EV use,2,2,correct
MIT,b4c38,760,96.89474761000496,336,97.87345123291016,test,Primary EV use,Primary EV use,2,2,correct
MIT,b4c38,761,96.89691163456146,335,97.99908447265624,test,Primary EV use,Primary EV use,2,2,correct
MIT,b4c38,762,96.8836345406669,334,97.8857192993164,test,Primary EV use,Primary EV use,2,2,correct
MIT,b4c38,763,96.86508440877007,333,97.97610473632812,test,Primary EV use,Primary EV use,2,2,correct
MIT,b4c38,764,96.86370472499168,332,98.0427703857422,test,Primary EV use,Primary EV use,2,2,correct
MIT,b4c38,765,96.85291295187596,331,97.94530487060548,test,Primary EV use,Primary EV use,2,2,correct
MIT,b4c38,766,96.85001183598584,330,97.93025207519533,test,Primary EV use,Primary EV use,2,2,correct
MIT,b4c38,767,96.83938071098127,329,97.96902465820312,test,Primary EV use,Primary EV use,2,2,correct
MIT,b4c38,768,96.83619609842438,328,97.96328735351562,test,Primary EV use,Primary EV use,2,2,correct
MIT,b4c38,769,96.83046946575529,327,98.0048828125,test,Primary EV use,Primary EV use,2,2,correct
MIT,b4c38,770,96.8237316949746,326,97.99346160888672,test,Primary EV use,Primary EV use,2,2,correct
MIT,b4c38,771,96.80869692174596,325,97.92719268798828,test,Primary EV use,Primary EV use,2,2,correct
MIT,b4c38,772,96.79585452274046,324,97.73858642578124,test,Primary EV use,Primary EV use,2,2,correct
MIT,b4c38,773,96.79281165851692,323,97.76471710205078,test,Primary EV use,Primary EV use,2,2,correct
MIT,b4c38,774,96.78860645795956,322,98.0538330078125,test,Primary EV use,Primary EV use,2,2,correct
MIT,b4c38,775,96.78132059362314,321,96.74859619140624,test,Primary EV use,Primary EV use,2,2,correct
MIT,b4c38,776,96.77237154884152,320,97.79127502441406,test,Primary EV use,Primary EV use,2,2,correct
MIT,b4c38,777,96.76836479595092,319,97.9671630859375,test,Primary EV use,Primary EV use,2,2,correct
MIT,b4c38,778,96.7598504460584,318,97.76839447021484,test,Primary EV use,Primary EV use,2,2,correct
MIT,b4c38,779,96.74602525860804,317,97.71732330322266,test,Primary EV use,Primary EV use,2,2,correct
MIT,b4c38,780,96.73836139871588,316,97.95346069335938,test,Primary EV use,Primary EV use,2,2,correct
MIT,b4c38,781,96.73398610015845,315,97.80725860595705,test,Primary EV use,Primary EV use,2,2,correct
MIT,b4c38,782,96.72368572126511,314,97.73099517822266,test,Primary EV use,Primary EV use,2,2,correct
MIT,b4c38,783,96.7206428570416,313,97.99221801757812,test,Primary EV use,Primary EV use,2,2,correct
MIT,b4c38,784,96.7042284000346,312,97.91633605957033,test,Primary EV use,Primary EV use,2,2,correct
MIT,b4c38,785,96.7019604267003,311,97.8832550048828,test,Primary EV use,Primary EV use,2,2,correct
MIT,b4c38,786,96.68210621013624,310,97.7246322631836,test,Primary EV use,Primary EV use,2,2,correct
MIT,b4c38,787,96.67384700724382,309,97.72003936767578,test,Primary EV use,Primary EV use,2,2,correct
MIT,b4c38,788,96.6642648199064,308,97.96896362304688,test,Primary EV use,Primary EV use,2,2,correct
MIT,b4c38,789,96.66082506034935,307,97.87865447998048,test,Primary EV use,Primary EV use,2,2,correct
MIT,b4c38,790,96.66155270179412,306,97.7206573486328,test,Primary EV use,Primary EV use,2,2,correct
MIT,b4c38,791,96.650354583456,305,97.95529174804688,test,Primary EV use,Primary EV use,2,2,correct
MIT,b4c38,792,96.64611158334309,304,97.87914276123048,test,Primary EV use,Primary EV use,2,2,correct
MIT,b4c38,793,96.63488511533824,303,97.76808166503906,test,Primary EV use,Primary EV use,2,2,correct
MIT,b4c38,794,96.6312185584478,302,97.86441802978516,test,Primary EV use,Primary EV use,2,2,correct
MIT,b4c38,795,96.62056853366548,301,97.72762298583984,test,Primary EV use,Primary EV use,2,2,correct
MIT,b4c38,796,96.60498566688102,300,97.80496215820312,test,Primary EV use,Primary EV use,2,2,correct
MIT,b4c38,797,96.59881488943395,299,97.8542938232422,test,Primary EV use,Primary EV use,2,2,correct
MIT,b4c38,798,96.5895161987633,298,97.9524154663086,test,Primary EV use,Primary EV use,2,2,correct
MIT,b4c38,799,96.58525429887258,297,97.85330200195312,test,Primary EV use,Primary EV use,2,2,correct
MIT,b4c38,800,96.57221345220034,296,97.91456604003906,test,Primary EV use,Primary EV use,2,2,correct
MIT,b4c38,801,96.55978684830616,295,97.81837463378906,test,Primary EV use,Primary EV use,2,2,correct
MIT,b4c38,802,96.54961876785735,294,97.8915023803711,test,Primary EV use,Primary EV use,2,2,correct
MIT,b4c38,803,96.5439393846327,293,97.8896026611328,test,Primary EV use,Primary EV use,2,2,correct
MIT,b4c38,804,96.53907269185282,292,97.88226318359376,test,Primary EV use,Primary EV use,2,2,correct
MIT,b4c38,805,96.5283943174038,291,97.75086975097656,test,Primary EV use,Primary EV use,2,2,correct
MIT,b4c38,806,96.51597716339852,290,97.8362808227539,test,Primary EV use,Primary EV use,2,2,correct
MIT,b4c38,807,96.51405883595324,289,97.85110473632812,test,Primary EV use,Primary EV use,2,2,correct
MIT,b4c38,808,96.49945875761368,288,97.8202667236328,test,Primary EV use,Primary EV use,2,2,correct
MIT,b4c38,809,96.49640644350126,287,97.75831604003906,test,Primary EV use,Primary EV use,2,2,correct
MIT,b4c38,810,96.48734400005291,286,97.78824615478516,test,Primary EV use,Primary EV use,2,2,correct
MIT,b4c38,811,96.48928122727598,285,97.8622589111328,test,Primary EV use,Primary EV use,2,2,correct
MIT,b4c38,812,96.48186306449502,284,97.84307098388672,test,Primary EV use,Primary EV use,2,2,correct
MIT,b4c38,813,96.46953095948976,283,97.8883056640625,test,Primary EV use,Primary EV use,2,2,correct
MIT,b4c38,814,96.45680195915098,282,97.74190521240234,test,Primary EV use,Primary EV use,2,2,correct
MIT,b4c38,815,96.44550934192392,281,97.82311248779295,test,Primary EV use,Primary EV use,2,2,correct
MIT,b4c38,816,96.436588646809,280,97.78396606445312,test,Primary EV use,Primary EV use,2,2,correct
MIT,b4c38,817,96.4262977178046,279,97.8663330078125,test,Primary EV use,Primary EV use,2,2,correct
MIT,b4c38,818,96.4196071964684,278,97.72398376464844,test,Primary EV use,Primary EV use,2,2,correct
MIT,b4c38,819,96.41124404479817,277,97.87290954589844,test,Primary EV use,Primary EV use,2,2,correct
MIT,b4c38,820,96.40179415590522,276,97.6646728515625,test,Primary EV use,Primary EV use,2,2,correct
MIT,b4c38,821,96.38783667001036,275,97.51499938964844,test,Primary EV use,Primary EV use,2,2,correct
MIT,b4c38,822,96.37579751156078,274,97.8017807006836,test,Primary EV use,Primary EV use,2,2,correct
MIT,b4c38,823,96.37020317733617,273,97.84431457519533,test,Primary EV use,Primary EV use,2,2,correct
MIT,b4c38,824,96.3682848498909,272,97.81292724609376,test,Primary EV use,Primary EV use,2,2,correct
MIT,b4c38,825,96.3638528520001,271,97.85126495361328,test,Primary EV use,Primary EV use,2,2,correct
MIT,b4c38,826,96.35740802777512,270,97.7439193725586,test,Primary EV use,Primary EV use,2,2,correct
MIT,b4c38,827,96.34454672899184,269,97.63037872314452,test,Primary EV use,Primary EV use,2,2,correct
MIT,b4c38,828,96.33306511398692,268,97.56871032714844,test,Primary EV use,Primary EV use,2,2,correct
MIT,b4c38,829,96.3285480670961,267,97.88391876220705,test,Primary EV use,Primary EV use,2,2,correct
MIT,b4c38,830,96.31710425164678,266,97.8462371826172,test,Primary EV use,Primary EV use,2,2,correct
MIT,b4c38,831,96.3149118774236,265,97.83316040039062,test,Primary EV use,Primary EV use,2,2,correct
MIT,b4c38,832,96.29899826452792,264,97.74470520019533,test,Primary EV use,Primary EV use,2,2,correct
MIT,b4c38,833,96.28694020630051,263,97.74110412597656,test,Primary EV use,Primary EV use,2,2,correct
MIT,b4c38,834,96.27392770929497,262,97.21315002441406,test,Primary EV use,Primary EV use,2,2,correct
MIT,b4c38,835,96.2647991166244,261,97.71197509765624,test,Primary EV use,Primary EV use,2,2,correct
MIT,b4c38,836,96.24801611395054,260,97.8711166381836,test,Primary EV use,Primary EV use,2,2,correct
MIT,b4c38,837,96.24489765061588,259,97.77643585205078,test,Primary EV use,Primary EV use,2,2,correct
MIT,b4c38,838,96.22879503994233,258,97.85358428955078,test,Primary EV use,Primary EV use,2,2,correct
MIT,b4c38,839,96.22168872349484,257,97.62583923339844,test,Primary EV use,Primary EV use,2,2,correct
MIT,b4c38,840,96.22099888160564,256,97.17173767089844,test,Primary EV use,Primary EV use,2,2,correct
MIT,b4c38,841,96.21525334915876,255,97.7557373046875,test,Primary EV use,Primary EV use,2,2,correct
MIT,b4c38,842,96.20242984993106,254,97.67898559570312,test,Primary EV use,Primary EV use,2,2,correct
MIT,b4c38,843,96.19143962914856,253,97.7381591796875,test,Primary EV use,Primary EV use,2,2,correct
MIT,b4c38,844,96.17751994280928,252,97.50679779052734,test,Primary EV use,Primary EV use,2,2,correct
MIT,b4c38,845,96.16408220080352,251,97.63972473144533,test,Primary EV use,Primary EV use,2,2,correct
MIT,b4c38,846,96.16165357935805,250,97.83103942871094,test,Primary EV use,Primary EV use,2,2,correct
MIT,b4c38,847,96.1494159732417,249,97.68224334716795,test,Primary EV use,Primary EV use,2,2,correct
MIT,b4c38,848,96.14478552768418,248,97.7371826171875,test,Primary EV use,Primary EV use,2,2,correct
MIT,b4c38,849,96.13046894601138,247,97.75348663330078,test,Primary EV use,Primary EV use,2,2,correct
MIT,b4c38,850,96.12502581000903,246,97.66216278076172,test,Primary EV use,Primary EV use,2,2,correct
MIT,b4c38,851,96.11404503911544,245,97.81529998779295,test,Primary EV use,Primary EV use,2,2,correct
MIT,b4c38,852,96.10513379388944,244,97.53034210205078,test,Primary EV use,Primary EV use,2,2,correct
MIT,b4c38,853,96.0884452901045,243,97.6889190673828,test,Primary EV use,Primary EV use,2,2,correct
MIT,b4c38,854,96.07730387109974,242,97.69866180419922,test,Primary EV use,Primary EV use,2,2,correct
MIT,b4c38,855,96.07202138320858,241,97.50994873046876,test,Primary EV use,Primary EV use,2,2,correct
MIT,b4c38,856,96.0587915387585,240,97.72140502929688,test,Primary EV use,Primary EV use,2,2,correct
MIT,b4c38,857,96.04576959186404,239,97.55929565429688,test,Primary EV use,Primary EV use,2,2,correct
MIT,b4c38,858,96.04051545363956,238,97.5384521484375,test,Primary EV use,Primary EV use,2,2,correct
MIT,b4c38,859,96.03079151796874,237,97.60265350341795,test,Primary EV use,Primary EV use,2,2,correct
MIT,b4c38,860,96.02328830618774,236,97.59188079833984,test,Primary EV use,Primary EV use,2,2,correct
MIT,b4c38,861,96.0150385531842,235,97.4087142944336,test,Primary EV use,Primary EV use,2,2,correct
MIT,b4c38,862,96.0042278802907,234,97.34585571289062,test,Primary EV use,Primary EV use,2,2,correct
MIT,b4c38,863,95.99509928762014,233,97.52571868896484,test,Primary EV use,Primary EV use,2,2,correct
MIT,b4c38,864,95.98340032517068,232,97.35818481445312,test,Primary EV use,Primary EV use,2,2,correct
MIT,b4c38,865,95.9801401135026,231,97.33470153808594,test,Primary EV use,Primary EV use,2,2,correct
MIT,b4c38,866,95.97060517560963,230,97.36517333984376,test,Primary EV use,Primary EV use,2,2,correct
MIT,b4c38,867,95.953538676269,229,97.47482299804688,test,Primary EV use,Primary EV use,2,2,correct
MIT,b4c38,868,95.94018598326332,228,97.24393463134766,test,Primary EV use,Primary EV use,2,2,correct
MIT,b4c38,869,95.92448026792326,227,97.15082550048828,test,Primary EV use,Primary EV use,2,2,correct
MIT,b4c38,870,95.9217870495888,226,97.36613464355467,test,Primary EV use,Primary EV use,2,2,correct
MIT,b4c38,871,95.91057003147286,225,97.52684020996094,test,Primary EV use,Primary EV use,2,2,correct
MIT,b4c38,872,95.89669759457804,224,97.49825286865234,test,Primary EV use,Primary EV use,2,2,correct
MIT,b4c38,873,95.88869353868571,223,97.45881652832033,test,Primary EV use,Primary EV use,2,2,correct
MIT,b4c38,874,95.87274212623444,222,97.26044464111328,test,Primary EV use,Primary EV use,2,2,correct
MIT,b4c38,875,95.863868680564,221,97.34455871582033,test,Primary EV use,Primary EV use,2,2,correct
MIT,b4c38,876,95.85203741967004,220,97.22435760498048,test,Primary EV use,Primary EV use,2,2,correct
MIT,b4c38,877,95.8446192568891,219,97.17901611328124,test,Primary EV use,Primary EV use,2,2,correct
MIT,b4c38,878,95.82608802477006,218,97.39142608642578,test,Primary EV use,Primary EV use,2,2,correct
MIT,b4c38,879,95.81552304898776,217,97.46700286865234,test,Primary EV use,Primary EV use,2,2,correct
MIT,b4c38,880,95.80989091520756,216,97.4382095336914,test,Primary EV use,Primary EV use,2,2,correct
MIT,b4c38,881,95.79849434920268,215,97.31095123291016,test,Primary EV use,Primary EV use,2,2,correct
MIT,b4c38,882,95.79593342931273,214,97.39884185791016,test,Primary EV use,Primary EV use,2,2,correct
MIT,b4c38,883,95.77158106563564,213,97.16433715820312,test,Primary EV use,Primary EV use,2,2,correct
MIT,b4c38,884,95.7720157605247,212,97.25072479248048,test,Primary EV use,Primary EV use,2,2,correct
MIT,b4c38,885,95.75351287807234,211,97.40560150146484,test,Primary EV use,Primary EV use,2,2,correct
MIT,b4c38,886,95.73948924295522,210,97.10674285888672,test,Primary EV use,Primary EV use,2,2,correct
MIT,b4c38,887,95.72367012894848,209,96.68690490722656,test,Primary EV use,Primary EV use,2,2,correct
MIT,b4c38,888,95.70683042694124,208,96.83535766601562,test,Primary EV use,Primary EV use,2,2,correct
MIT,b4c38,889,95.69119086082344,207,96.84278869628906,test,Primary EV use,Primary EV use,2,2,correct
MIT,b4c38,890,95.68221346637516,206,97.0359115600586,test,Primary EV use,Primary EV use,2,2,correct
MIT,b4c38,891,95.67218713425976,205,96.9436492919922,test,Primary EV use,Primary EV use,2,2,correct
MIT,b4c38,892,95.65279596225147,204,96.9050064086914,test,Primary EV use,Primary EV use,2,2,correct
MIT,b4c38,893,95.64824111580508,203,96.9473114013672,test,Primary EV use,Primary EV use,2,2,correct
MIT,b4c38,894,95.63869672802323,202,96.79435729980467,test,Primary EV use,Primary EV use,2,2,correct
MIT,b4c38,895,95.62660087024028,201,96.7441864013672,test,Primary EV use,Primary EV use,2,2,correct
MIT,b4c38,896,95.60891067823272,200,96.83854675292967,test,Primary EV use,Primary EV use,2,2,correct
MIT,b4c38,897,95.5979960565614,199,96.8562240600586,test,Primary EV use,Primary EV use,2,2,correct
MIT,b4c38,898,95.58449216533336,198,96.7728042602539,test,Primary EV use,Primary EV use,2,2,correct
MIT,b4c38,899,95.57653535888552,197,96.91365814208984,test,Primary EV use,Primary EV use,2,2,correct
MIT,b4c38,900,95.55735208443286,196,96.4750518798828,test,Primary EV use,Primary EV use,2,2,correct
MIT,b4c38,901,95.55389342509808,195,96.5429458618164,test,Primary EV use,Primary EV use,2,2,correct
MIT,b4c38,902,95.53508814620112,194,96.51544952392578,test,Primary EV use,Primary EV use,2,2,correct
MIT,b4c38,903,95.52757548453124,193,96.55677795410156,test,Primary EV use,Primary EV use,2,2,correct
MIT,b4c38,904,95.51712390741568,192,96.49779510498048,test,Primary EV use,Primary EV use,2,2,correct
MIT,b4c38,905,95.4978177844074,191,96.38981628417967,test,Primary EV use,Primary EV use,2,2,correct
MIT,b4c38,906,95.48176242317832,190,96.44650268554688,test,Primary EV use,Primary EV use,2,2,correct
MIT,b4c38,907,95.46188930683648,189,96.3969955444336,test,Primary EV use,Primary EV use,2,2,correct
MIT,b4c38,908,95.44987849805356,188,96.41895294189452,test,Primary EV use,Primary EV use,2,2,correct
MIT,b4c38,909,95.43694160015914,187,96.39759826660156,test,Primary EV use,Primary EV use,2,2,correct
MIT,b4c38,910,95.42951398748932,186,96.43553161621094,test,Primary EV use,Primary EV use,2,2,correct
MIT,b4c38,911,95.40910222748056,185,96.31216430664062,test,Primary EV use,Primary EV use,2,2,correct
MIT,b4c38,912,95.3951636413635,184,96.64501190185548,test,Primary EV use,Primary EV use,2,2,correct
MIT,b4c38,913,95.37520547602163,183,96.32113647460938,test,Primary EV use,Primary EV use,2,2,correct
MIT,b4c38,914,95.3629584200164,182,96.38151550292967,test,Primary EV use,Primary EV use,2,2,correct
MIT,b4c38,915,95.3446161856752,181,96.51297760009766,test,Primary EV use,Primary EV use,2,2,correct
MIT,b4c38,916,95.32719059055664,180,96.53643798828124,test,Primary EV use,Primary EV use,2,2,correct
MIT,b4c38,917,95.3129118084394,179,96.34056854248048,test,Primary EV use,Primary EV use,2,2,correct
MIT,b4c38,918,95.29586420887658,178,96.42229461669922,test,Primary EV use,Primary EV use,2,2,correct
MIT,b4c38,919,95.27956315053626,177,96.3681411743164,test,Primary EV use,Primary EV use,2,2,correct
MIT,b4c38,920,95.26423543075194,176,96.41826629638672,test,Primary EV use,Primary EV use,2,2,correct
MIT,b4c38,921,95.24722563074464,175,96.4942855834961,test,Primary EV use,Primary EV use,2,2,correct
MIT,b4c38,922,95.23293739873854,174,96.32125091552734,test,Primary EV use,Primary EV use,2,2,correct
MIT,b4c38,923,95.21055061195118,173,96.44152069091795,test,Primary EV use,Primary EV use,2,2,correct
MIT,b4c38,924,95.20394513961502,172,96.39286041259766,test,Primary EV use,Primary EV use,2,2,correct
MIT,b4c38,925,95.19037509916478,171,96.19007110595705,test,Primary EV use,Primary EV use,2,2,correct
MIT,b4c38,926,95.17458433482469,170,96.32953643798828,test,Primary EV use,Primary EV use,2,2,correct
MIT,b4c38,927,95.1555995080388,169,96.2203140258789,test,Primary EV use,Primary EV use,2,2,correct
MIT,b4c38,928,95.13464910436316,168,96.32077026367188,test,Primary EV use,Primary EV use,2,2,correct
MIT,b4c38,929,95.11910403713428,167,96.3258056640625,test,Primary EV use,Primary EV use,2,2,correct
MIT,b4c38,930,95.11130787879762,166,96.3705825805664,test,Primary EV use,Primary EV use,2,2,correct
MIT,b4c38,931,95.08550968211992,165,96.4027099609375,test,Primary EV use,Primary EV use,2,2,correct
MIT,b4c38,932,95.08226837022964,164,96.21986389160156,test,Primary EV use,Primary EV use,2,2,correct
MIT,b4c38,933,95.05842630055275,163,96.27556610107422,test,Primary EV use,Primary EV use,2,2,correct
MIT,b4c38,934,95.03999901721156,162,96.16023254394533,test,Primary EV use,Primary EV use,2,2,correct
MIT,b4c38,935,95.01731928386852,161,96.21167755126952,test,Primary EV use,Primary EV use,2,2,correct
MIT,b4c38,936,94.99965744152765,160,96.0684051513672,test,Primary EV use,Primary EV use,2,2,correct
MIT,b4c38,937,94.98561490663272,159,96.0540771484375,test,Primary EV use,Primary EV use,2,2,correct
MIT,b4c38,938,94.97158182162674,158,96.03496551513672,test,Primary EV use,Primary EV use,2,2,correct
MIT,b4c38,939,94.94987542683968,157,96.00728607177734,test,Primary EV use,Primary EV use,2,2,correct
MIT,b4c38,940,94.93254433061004,156,95.9975128173828,test,Primary EV use,Primary EV use,2,2,correct
MIT,b4c38,941,94.91639447049202,155,96.1709213256836,test,Primary EV use,Primary EV use,2,2,correct
MIT,b4c38,942,94.89888382637342,154,96.22305297851562,test,Primary EV use,Primary EV use,2,2,correct
MIT,b4c38,943,94.87194219313967,153,95.91631317138672,test,Primary EV use,Primary EV use,2,2,correct
MIT,b4c38,944,94.85701136868884,152,95.94622802734376,test,Primary EV use,Primary EV use,2,2,correct
MIT,b4c38,945,94.83398198945676,151,96.0676040649414,test,Primary EV use,Primary EV use,2,2,correct
MIT,b4c38,946,94.81222834522524,150,96.021240234375,test,Primary EV use,Primary EV use,2,2,correct
MIT,b4c38,947,94.79122124221628,149,95.93997955322266,test,Primary EV use,Primary EV use,2,2,correct
MIT,b4c38,948,94.76881555565112,148,96.02340698242188,test,Primary EV use,Primary EV use,2,2,correct
MIT,b4c38,949,94.74898968875377,147,96.1094970703125,test,Primary EV use,Primary EV use,2,2,correct
MIT,b4c38,950,94.7311199488572,146,95.81344604492188,test,Primary EV use,Primary EV use,2,2,correct
MIT,b4c38,951,94.70562414862408,145,96.01436614990234,test,Primary EV use,Primary EV use,2,2,correct
MIT,b4c38,952,94.68334131061454,144,95.88016510009766,test,Primary EV use,Primary EV use,2,2,correct
MIT,b4c38,953,94.65416005371316,143,95.66858673095705,test,Primary EV use,Primary EV use,2,2,correct
MIT,b4c38,954,94.6306014807031,142,95.88236236572266,test,Primary EV use,Primary EV use,2,2,correct
MIT,b4c38,955,94.60832809258248,141,95.69844818115234,test,Primary EV use,Primary EV use,2,2,correct
MIT,b4c38,956,94.58803918112932,140,95.87936401367188,test,Primary EV use,Primary EV use,2,2,correct
MIT,b4c38,957,94.57141682656666,139,95.62512969970705,test,Primary EV use,Primary EV use,2,2,correct
MIT,b4c38,958,94.5447681398886,138,95.63992309570312,test,Primary EV use,Primary EV use,2,2,correct
MIT,b4c38,959,94.53055550699364,137,95.60636901855467,test,Primary EV use,Primary EV use,2,2,correct
MIT,b4c38,960,94.5126763172082,136,95.53522491455078,test,Primary EV use,Primary EV use,2,2,correct
MIT,b4c38,961,94.4867278672971,135,95.66411590576172,test,Primary EV use,Primary EV use,2,2,correct
MIT,b4c38,962,94.45684731861763,134,95.73641204833984,test,Primary EV use,Primary EV use,2,2,correct
MIT,b4c38,963,94.43919492616568,133,95.69007873535156,test,Primary EV use,Primary EV use,2,2,correct
MIT,b4c38,964,94.41688468347834,132,95.67644500732422,test,Primary EV use,Primary EV use,2,2,correct
MIT,b4c38,965,94.39421912496864,131,95.5741958618164,test,Primary EV use,Primary EV use,2,2,correct
MIT,b4c38,966,94.36194964437706,130,95.37520599365234,test,Primary EV use,Primary EV use,2,2,correct
MIT,b4c38,967,94.34124493781265,129,95.21784210205078,test,Primary EV use,Primary EV use,2,2,correct
MIT,b4c38,968,94.3158757660907,128,95.22581481933594,test,Primary EV use,Primary EV use,2,2,correct
MIT,b4c38,969,94.29202141155824,127,95.42163848876952,test,Primary EV use,Primary EV use,2,2,correct
MIT,b4c38,970,94.26158898936748,126,95.52350616455078,test,Primary EV use,Primary EV use,2,2,correct
MIT,b4c38,971,94.24553551811616,125,95.40704345703124,test,Primary EV use,Primary EV use,2,2,correct
MIT,b4c38,972,94.21324430278013,124,95.41596221923828,test,Primary EV use,Primary EV use,2,2,correct
MIT,b4c38,973,94.1923534334045,123,95.16693878173828,test,Primary EV use,Primary EV use,2,2,correct
MIT,b4c38,974,94.1720191624847,122,95.31609344482422,test,Primary EV use,Primary EV use,2,2,correct
MIT,b4c38,975,94.14227941714977,121,95.38196563720705,test,Primary EV use,Primary EV use,2,2,correct
MIT,b4c38,976,94.12266711774136,120,95.239501953125,test,Primary EV use,Primary EV use,2,2,correct
MIT,b4c38,977,94.10753784562378,119,95.21192932128906,test,Primary EV use,Primary EV use,2,2,correct
MIT,b4c38,978,94.06555860419472,118,95.15851593017578,test,Primary EV use,Primary EV use,2,2,correct
MIT,b4c38,979,94.04027920641724,117,95.25787353515624,test,Primary EV use,Primary EV use,2,2,correct
MIT,b4c38,980,93.99874505475502,116,95.36980438232422,test,Primary EV use,Primary EV use,2,2,correct
MIT,b4c38,981,93.9700977165761,115,95.34642028808594,test,Primary EV use,Primary EV use,2,2,correct
MIT,b4c38,982,93.94874947257809,114,95.1133804321289,test,Primary EV use,Primary EV use,2,2,correct
MIT,b4c38,983,93.9232678471783,113,95.23567199707033,test,Primary EV use,Primary EV use,2,2,correct
MIT,b4c38,984,93.88079248658234,112,94.97684478759766,test,Primary EV use,Primary EV use,2,2,correct
MIT,b4c38,985,93.8554403246604,111,95.29090881347656,test,Primary EV use,Primary EV use,2,2,correct
MIT,b4c38,986,93.8214424593903,110,95.00082397460938,test,Primary EV use,Primary EV use,2,2,correct
MIT,b4c38,987,93.79050824809929,109,94.69535064697266,test,Primary EV use,Primary EV use,2,2,correct
MIT,b4c38,988,93.75298462928323,108,94.86638641357422,test,Primary EV use,Primary EV use,2,2,correct
MIT,b4c38,989,93.72364461424846,107,94.93880462646484,test,Primary EV use,Primary EV use,2,2,correct
MIT,b4c38,990,93.68796750372208,106,94.9840850830078,test,Primary EV use,Primary EV use,2,2,correct
MIT,b4c38,991,93.65105151276184,105,94.873046875,test,Primary EV use,Primary EV use,2,2,correct
MIT,b4c38,992,93.62585149405108,104,95.10272979736328,test,Primary EV use,Primary EV use,2,2,correct
MIT,b4c38,993,93.59331174663714,103,95.10149383544922,test,Primary EV use,Primary EV use,2,2,correct
MIT,b4c38,994,93.55217165534178,102,95.08704376220705,test,Primary EV use,Primary EV use,2,2,correct
MIT,b4c38,995,93.5188437871942,101,94.69200897216795,test,Primary EV use,Primary EV use,2,2,correct
MIT,b4c38,996,93.48438382235722,100,94.73709869384766,test,Primary EV use,Primary EV use,2,2,correct
MIT,b4c38,997,93.4452319876849,99,94.82992553710938,test,Primary EV use,Primary EV use,2,2,correct
MIT,b4c38,998,93.40686260381294,98,94.8193130493164,test,Primary EV use,Primary EV use,2,2,correct
MIT,b4c38,999,93.37266156593164,97,94.6147918701172,test,Primary EV use,Primary EV use,2,2,correct
MIT,b4c38,1000,93.33665276430511,96,94.92491912841795,test,Primary EV use,Primary EV use,2,2,correct
MIT,b4c38,1001,93.3021020805348,95,94.77156829833984,test,Primary EV use,Primary EV use,2,2,correct
MIT,b4c38,1002,93.26322618261815,94,94.4876937866211,test,Primary EV use,Primary EV use,2,2,correct
MIT,b4c38,1003,93.23254617333838,93,94.7575225830078,test,Primary EV use,Primary EV use,2,2,correct
MIT,b4c38,1004,93.19072380006492,92,94.41949462890624,test,Primary EV use,Primary EV use,2,2,correct
MIT,b4c38,1005,93.1547603579051,91,94.74794006347656,test,Primary EV use,Primary EV use,2,2,correct
MIT,b4c38,1006,93.11865516741187,90,94.6852798461914,test,Primary EV use,Primary EV use,2,2,correct
MIT,b4c38,1007,93.07414619072615,89,94.35336303710938,test,Primary EV use,Primary EV use,2,2,correct
MIT,b4c38,1008,93.034284669398,88,94.54459381103516,test,Primary EV use,Primary EV use,2,2,correct
MIT,b4c38,1009,92.99163543084642,87,93.99359130859376,test,Primary EV use,Primary EV use,2,2,correct
MIT,b4c38,1010,92.95053408409552,86,94.0635986328125,test,Primary EV use,Primary EV use,2,2,correct
MIT,b4c38,1011,92.9152236292582,85,94.13108825683594,test,Primary EV use,Primary EV use,2,2,correct
MIT,b4c38,1012,92.87411661257391,84,93.93975830078124,test,Primary EV use,Primary EV use,2,2,correct
MIT,b4c38,1013,92.82262416799637,83,94.16984558105467,test,Primary EV use,Primary EV use,2,2,correct
MIT,b4c38,1014,92.78128657402311,82,94.1166763305664,test,Primary EV use,Primary EV use,2,2,correct
MIT,b4c38,1015,92.73372528322498,81,94.2229461669922,test,Primary EV use,Primary EV use,2,2,correct
MIT,b4c38,1016,92.68099301322464,80,93.14066314697266,test,Primary EV use,Primary EV use,2,2,correct
MIT,b4c38,1017,92.6307337791476,79,93.47019958496094,test,Primary EV use,Primary EV use,2,2,correct
MIT,b4c38,1018,92.58272172864928,78,93.3072509765625,test,Primary EV use,Primary EV use,2,2,correct
MIT,b4c38,1019,92.53662422564068,77,93.68724060058594,test,Primary EV use,Primary EV use,2,2,correct
MIT,b4c38,1020,92.48745172878633,76,93.20401763916016,test,Primary EV use,Primary EV use,2,2,correct
MIT,b4c38,1021,92.44084298678858,75,92.87884521484376,test,Primary EV use,Primary EV use,2,2,correct
MIT,b4c38,1022,92.38779509049924,74,92.93094635009766,test,Primary EV use,Primary EV use,2,2,correct
MIT,b4c38,1023,92.32919349450748,73,93.04846954345705,test,Primary EV use,Primary EV use,2,2,correct
MIT,b4c38,1024,92.28302889728776,72,93.00732421875,test,Primary EV use,Primary EV use,2,2,correct
MIT,b4c38,1025,92.22220279745062,71,93.0027313232422,test,Primary EV use,Primary EV use,2,2,correct
MIT,b4c38,1026,92.16991561721711,70,93.06019592285156,test,Primary EV use,Primary EV use,2,2,correct
MIT,b4c38,1027,92.1192056234399,69,93.04933166503906,test,Primary EV use,Primary EV use,2,2,correct
MIT,b4c38,1028,92.0589767565808,68,92.6249008178711,test,Primary EV use,Primary EV use,2,2,correct
MIT,b4c38,1029,92.01271104554988,67,92.89778900146484,test,Primary EV use,Primary EV use,2,2,correct
MIT,b4c38,1030,91.9560466767812,66,93.0534210205078,test,Primary EV use,Primary EV use,2,2,correct
MIT,b4c38,1031,91.90948234926128,65,92.92838287353516,test,Primary EV use,Primary EV use,2,2,correct
MIT,b4c38,1032,91.8528359352815,64,92.9987335205078,test,Primary EV use,Primary EV use,2,2,correct
MIT,b4c38,1033,91.79846505454712,63,92.8365478515625,test,Primary EV use,Primary EV use,2,2,correct
MIT,b4c38,1034,91.74429073150174,62,92.87751770019533,test,Primary EV use,Primary EV use,2,2,correct
MIT,b4c38,1035,91.6841006091871,61,92.64569091796876,test,Primary EV use,Primary EV use,2,2,correct
MIT,b4c38,1036,91.63103664808662,60,92.90830993652344,test,Primary EV use,Primary EV use,2,2,correct
MIT,b4c38,1037,91.57012549924946,59,92.81825256347656,test,Primary EV use,Primary EV use,2,2,correct
MIT,b4c38,1038,91.51746126844914,58,92.8433074951172,test,Primary EV use,Primary EV use,2,2,correct
MIT,b4c38,1039,91.45789105884587,57,92.7668228149414,test,Primary EV use,Primary EV use,2,2,correct
MIT,b4c38,1040,91.40475338861204,56,92.73033142089844,test,Primary EV use,Primary EV use,2,2,correct
MIT,b4c38,1041,91.33873362983935,55,92.53600311279295,test,Primary EV use,Primary EV use,2,2,correct
MIT,b4c38,1042,91.27376753367822,54,92.83875274658205,test,Primary EV use,Primary EV use,2,2,correct
MIT,b4c38,1043,91.22215696548948,53,92.32684326171876,test,Primary EV use,Primary EV use,2,2,correct
MIT,b4c38,1044,91.15956751638493,52,92.59703826904295,test,Primary EV use,Primary EV use,2,2,correct
MIT,b4c38,1045,91.09840311052542,51,92.4952392578125,test,Primary EV use,Primary EV use,2,2,correct
MIT,b4c38,1046,91.03805045012184,50,92.47661590576172,test,Primary EV use,Primary EV use,2,2,correct
MIT,b4c38,1047,90.9813813564087,49,92.11570739746094,test,Primary EV use,Primary EV use,2,2,correct
MIT,b4c38,1048,90.914004593591,48,92.4120635986328,test,Primary EV use,Primary EV use,2,2,correct
MIT,b4c38,1049,90.8505816642861,47,92.27806091308594,test,Primary EV use,Primary EV use,2,2,correct
MIT,b4c38,1050,90.8007051507092,46,92.28350830078124,test,Primary EV use,Primary EV use,2,2,correct
MIT,b4c38,1051,90.73475343113655,45,92.16265869140624,test,Primary EV use,Primary EV use,2,2,correct
MIT,b4c38,1052,90.67352760099924,44,92.1448211669922,test,Primary EV use,Primary EV use,2,2,correct
MIT,b4c38,1053,90.61054976146116,43,92.08625793457033,test,Primary EV use,Primary EV use,2,2,correct
MIT,b4c38,1054,90.5427553135544,42,92.07249450683594,test,Primary EV use,Primary EV use,2,2,correct
MIT,b4c38,1055,81.8739394271572,41,84.49857330322266,test,Primary EV use,Primary EV use,2,2,correct
MIT,b4c38,1056,90.01200986379403,40,91.3320770263672,test,Primary EV use,Primary EV use,2,2,correct
MIT,b4c38,1057,90.02680082988925,39,91.59232330322266,test,Primary EV use,Primary EV use,2,2,correct
MIT,b4c38,1058,89.99934795766639,38,91.39847564697266,test,Primary EV use,Primary EV use,2,2,correct
MIT,b4c38,1059,89.95482197118068,37,91.46282958984376,test,Primary EV use,Primary EV use,2,2,correct
MIT,b4c38,1060,89.90106533322437,36,91.48983764648438,test,Primary EV use,Primary EV use,2,2,correct
MIT,b4c38,1061,89.8456511847562,35,91.54528045654295,test,Primary EV use,Primary EV use,2,2,correct
MIT,b4c38,1062,89.78715164756451,34,91.38606262207033,test,Primary EV use,Primary EV use,2,2,correct
MIT,b4c38,1063,89.72520479090468,33,91.33264923095705,test,Primary EV use,Primary EV use,2,2,correct
MIT,b4c38,1064,89.65950065842102,32,91.21326446533205,test,Primary EV use,Primary EV use,2,2,correct
MIT,b4c38,1065,89.59906861895071,31,91.34838104248048,test,Primary EV use,Primary EV use,2,2,correct
MIT,b4c38,1066,89.53983104543649,30,91.33580780029295,test,Primary EV use,Primary EV use,2,2,correct
MIT,b4c38,1067,89.48107730623359,29,91.18041229248048,test,Primary EV use,Primary EV use,2,2,correct
MIT,b4c38,1068,89.4182516099067,28,91.02816772460938,test,Primary EV use,Primary EV use,2,2,correct
MIT,b4c38,1069,89.3559050229467,27,91.15980529785156,test,Primary EV use,Primary EV use,2,2,correct
MIT,b4c38,1070,89.29911213568907,26,90.87226104736328,test,Primary EV use,Primary EV use,2,2,correct
MIT,b4c38,1071,89.23146983099348,25,90.8413314819336,test,Primary EV use,Primary EV use,2,2,correct
MIT,b4c38,1072,89.1650172673095,24,90.64886474609376,test,Primary EV use,Primary EV use,2,2,correct
MIT,b4c38,1073,89.10515978108387,23,90.66034698486328,test,Primary EV use,Primary EV use,2,2,correct
MIT,b4c38,1074,89.0364033344878,22,90.72394561767578,test,Primary EV use,Primary EV use,2,2,correct
MIT,b4c38,1075,88.9771204015069,21,90.61054229736328,test,Primary EV use,Primary EV use,2,2,correct
MIT,b4c38,1076,88.91516787491372,20,90.52498626708984,test,Primary EV use,Primary EV use,2,2,correct
MIT,b4c38,1077,88.84844409941851,19,90.55307006835938,test,Primary EV use,Primary EV use,2,2,correct
MIT,b4c38,1078,88.78292612974604,18,90.36233520507812,test,Primary EV use,Primary EV use,2,2,correct
MIT,b4c38,1079,88.7192943578966,17,90.41712188720705,test,Primary EV use,Primary EV use,2,2,correct
MIT,b4c38,1080,88.65774723153693,16,90.40811920166016,test,Primary EV use,Primary EV use,2,2,correct
MIT,b4c38,1081,88.5903373941081,15,90.18573760986328,test,Primary EV use,Primary EV use,2,2,correct
MIT,b4c38,1082,88.52811932563704,14,90.00357818603516,test,Primary EV use,Primary EV use,2,2,correct
MIT,b4c38,1083,88.46250591208675,13,90.20347595214844,test,Primary EV use,Primary EV use,2,2,correct
MIT,b4c38,1084,88.4053520390734,12,90.15692138671876,test,Primary EV use,Primary EV use,2,2,correct
MIT,b4c38,1085,88.34450892943627,11,90.17386627197266,test,Primary EV use,Primary EV use,2,2,correct
MIT,b4c38,1086,88.27832663257462,10,89.9581298828125,test,Primary EV use,Primary EV use,2,2,correct
MIT,b4c38,1087,88.21418834668052,9,89.8276138305664,test,Primary EV use,Primary EV use,2,2,correct
MIT,b4c38,1088,88.15487139409959,8,89.89677429199219,test,Primary EV use,Primary EV use,2,2,correct
MIT,b4c38,1089,88.08465588465845,7,89.59922790527344,test,Primary EV use,Primary EV use,2,2,correct
MIT,b4c38,1090,88.01516707167316,6,89.47442626953125,test,Primary EV use,Primary EV use,2,2,correct
MIT,b4c38,1091,87.95222892166846,5,89.40145111083984,test,Primary EV use,Primary EV use,2,2,correct
MIT,b4c38,1092,87.8939202722324,4,89.3758773803711,test,Primary EV use,Primary EV use,2,2,correct
MIT,b4c38,1093,87.82343449596893,3,89.65097045898438,test,Primary EV use,Primary EV use,2,2,correct
MIT,b4c38,1094,87.76528932961072,2,89.41213989257812,test,Primary EV use,Primary EV use,2,2,correct
MIT,b4c38,1095,87.70407956428453,1,89.1756362915039,test,Primary EV use,Primary EV use,2,2,correct
MIT,b4c38,1096,73.90193944794696,0,79.29369354248047,test,Second-life candidate,Second-life candidate,1,1,correct
MIT,b4c38,1097,87.16953714916697,0,89.09951782226562,test,Primary EV use,Primary EV use,2,2,correct
MIT,b4c38,1098,87.1851398607181,0,88.65122985839844,test,Primary EV use,Primary EV use,2,2,correct
MIT,b4c38,1099,87.14691695012397,0,89.19721221923828,test,Primary EV use,Primary EV use,2,2,correct
MIT,b4c38,1100,87.0934636536011,0,88.97893524169922,test,Primary EV use,Primary EV use,2,2,correct
MIT,b4c38,1101,87.03538085650959,0,88.92355346679688,test,Primary EV use,Primary EV use,2,2,correct
MIT,b4c38,1102,86.98029461918601,0,88.6925048828125,test,Primary EV use,Primary EV use,2,2,correct
MIT,b4c38,1103,86.91934378081551,0,88.6852035522461,test,Primary EV use,Primary EV use,2,2,correct
MIT,b4c38,1104,86.85267103472032,0,88.7749252319336,test,Primary EV use,Primary EV use,2,2,correct
MIT,b4c38,1105,86.79646404057405,0,88.7380142211914,test,Primary EV use,Primary EV use,2,2,correct
MIT,b4c38,1106,86.7344661545142,0,88.72554016113281,test,Primary EV use,Primary EV use,2,2,correct
MIT,b4c38,1107,86.67279523461004,0,88.43282318115234,test,Primary EV use,Primary EV use,2,2,correct
MIT,b4c38,1108,86.6140528352738,0,88.4375,test,Primary EV use,Primary EV use,2,2,correct
MIT,b4c38,1109,86.55336753878117,0,88.28175354003906,test,Primary EV use,Primary EV use,2,2,correct
MIT,b4c38,1110,86.49512692854515,0,88.28140258789062,test,Primary EV use,Primary EV use,2,2,correct
MIT,b4c38,1111,86.43824899228748,0,88.27523040771484,test,Primary EV use,Primary EV use,2,2,correct
MIT,b4c38,1112,86.37553102469398,0,88.27178955078125,test,Primary EV use,Primary EV use,2,2,correct
MIT,b4c38,1113,86.31523978856819,0,88.23230743408203,test,Primary EV use,Primary EV use,2,2,correct
MIT,b4c38,1114,86.2538892198975,0,87.76551818847656,test,Primary EV use,Primary EV use,2,2,correct
MIT,b4c38,1115,86.19314249912708,0,88.11896514892578,test,Primary EV use,Primary EV use,2,2,correct
MIT,b4c38,1116,86.13501434256887,0,88.09989929199219,test,Primary EV use,Primary EV use,2,2,correct
MIT,b4c38,1117,86.07399074005389,0,87.77906799316406,test,Primary EV use,Primary EV use,2,2,correct
MIT,b4c38,1118,86.00888384054825,0,87.72428894042969,test,Primary EV use,Primary EV use,2,2,correct
MIT,b4c38,1119,85.9559937574034,0,87.69232177734375,test,Primary EV use,Primary EV use,2,2,correct
MIT,b4c38,1120,85.8985809574344,0,87.76527404785156,test,Primary EV use,Primary EV use,2,2,correct
MIT,b4c38,1121,85.83859400773096,0,87.76362609863281,test,Primary EV use,Primary EV use,2,2,correct
MIT,b4c38,1122,85.78413902298546,0,87.67483520507812,test,Primary EV use,Primary EV use,2,2,correct
MIT,b4c38,1123,85.7187609116686,0,87.4091796875,test,Primary EV use,Primary EV use,2,2,correct
MIT,b4c38,1124,85.65969249116556,0,87.34828186035156,test,Primary EV use,Primary EV use,2,2,correct
MIT,b4c38,1125,85.60358094089709,0,87.37480163574219,test,Primary EV use,Primary EV use,2,2,correct
MIT,b4c38,1126,85.54737300176194,0,87.07149505615234,test,Primary EV use,Primary EV use,2,2,correct
MIT,b4c38,1127,85.48602337808013,0,87.35997772216797,test,Primary EV use,Primary EV use,2,2,correct
MIT,b4c38,1128,85.42449893145383,0,87.05736541748047,test,Primary EV use,Primary EV use,2,2,correct
MIT,b4c38,1129,85.36535680181741,0,87.00555419921875,test,Primary EV use,Primary EV use,2,2,correct
MIT,b4c38,1130,85.301545482079,0,86.92821502685547,test,Primary EV use,Primary EV use,2,2,correct
MIT,b4c38,1131,85.239446482208,0,87.05572509765625,test,Primary EV use,Primary EV use,2,2,correct
MIT,b4c38,1132,85.18324988293952,0,87.08836364746094,test,Primary EV use,Primary EV use,2,2,correct
MIT,b4c38,1133,85.12448574885882,0,86.99250030517578,test,Primary EV use,Primary EV use,2,2,correct
MIT,b4c38,1134,85.06456022343318,0,86.58139038085938,test,Primary EV use,Primary EV use,2,2,correct
MIT,b4c38,1135,85.00180823623967,0,86.62118530273438,test,Primary EV use,Primary EV use,2,2,correct
MIT,b4c38,1136,84.94499266924869,0,86.20281219482422,test,Primary EV use,Primary EV use,2,2,correct
MIT,b4c38,1137,84.88180598716612,0,86.5158920288086,test,Primary EV use,Primary EV use,2,2,correct
MIT,b4c38,1138,84.8218700668627,0,86.42583465576172,test,Primary EV use,Primary EV use,2,2,correct
MIT,b4c38,1139,84.77129520649662,0,86.62616729736328,test,Primary EV use,Primary EV use,2,2,correct
MIT,b4c38,1140,84.70054388835524,0,86.18592834472656,test,Primary EV use,Primary EV use,2,2,correct
MIT,b4c38,1141,84.63566851112749,0,86.13858795166016,test,Primary EV use,Primary EV use,2,2,correct
MIT,b4c38,1142,84.57429620771234,0,86.126708984375,test,Primary EV use,Primary EV use,2,2,correct
MIT,b4c38,1143,84.51350885241968,0,86.17906188964844,test,Primary EV use,Primary EV use,2,2,correct
MIT,b4c38,1144,84.45678872930652,0,85.97713470458984,test,Primary EV use,Primary EV use,2,2,correct
MIT,b4c38,1145,84.39328169599048,0,86.1852035522461,test,Primary EV use,Primary EV use,2,2,correct
MIT,b4c38,1146,84.32907631588522,0,85.91419219970703,test,Primary EV use,Primary EV use,2,2,correct
MIT,b4c38,1147,84.26627896922503,0,85.94409942626953,test,Primary EV use,Primary EV use,2,2,correct
MIT,b4c38,1148,84.20740143647761,0,85.82305908203125,test,Primary EV use,Primary EV use,2,2,correct
MIT,b4c38,1149,84.14745984624086,0,85.86199188232422,test,Primary EV use,Primary EV use,2,2,correct
MIT,b4c38,1150,84.08452075124728,0,85.85603332519531,test,Primary EV use,Primary EV use,2,2,correct
MIT,b4c38,1151,84.02531719733307,0,85.95137786865234,test,Primary EV use,Primary EV use,2,2,correct
MIT,b4c38,1152,83.95514610236971,0,85.2557373046875,test,Primary EV use,Primary EV use,2,2,correct
MIT,b4c38,1153,83.89470933795496,0,85.34036254882812,test,Primary EV use,Primary EV use,2,2,correct
MIT,b4c38,1154,83.83081863914987,0,85.23214721679688,test,Primary EV use,Primary EV use,2,2,correct
MIT,b4c38,1155,83.77186834225797,0,85.32450866699219,test,Primary EV use,Primary EV use,2,2,correct
MIT,b4c38,1156,83.70539215385176,0,85.27279663085938,test,Primary EV use,Primary EV use,2,2,correct
MIT,b4c38,1157,83.64693230619342,0,85.3426284790039,test,Primary EV use,Primary EV use,2,2,correct
MIT,b4c38,1158,83.58713151930117,0,84.87080383300781,test,Primary EV use,Primary EV use,2,2,correct
MIT,b4c38,1159,83.52237899062902,0,84.81312561035156,test,Primary EV use,Primary EV use,2,2,correct
MIT,b4c38,1160,83.45704718376774,0,84.79869079589844,test,Primary EV use,Primary EV use,2,2,correct
MIT,b4c38,1161,83.3871406856934,0,84.78610229492188,test,Primary EV use,Primary EV use,2,2,correct
MIT,b4c38,1162,83.326991197901,0,84.84848022460938,test,Primary EV use,Primary EV use,2,2,correct
MIT,b4c38,1163,83.26564629916365,0,84.44021606445312,test,Primary EV use,Primary EV use,2,2,correct
MIT,b4c38,1164,83.20320899327027,0,84.3448715209961,test,Primary EV use,Primary EV use,2,2,correct
MIT,b4c38,1165,83.14632066213483,0,84.37962341308594,test,Primary EV use,Primary EV use,2,2,correct
MIT,b4c38,1166,83.10326507836085,0,84.38294982910156,test,Primary EV use,Primary EV use,2,2,correct
MIT,b4c38,1167,83.03989317845596,0,84.50935363769531,test,Primary EV use,Primary EV use,2,2,correct
MIT,b4c38,1168,82.97364851232763,0,84.50033569335938,test,Primary EV use,Primary EV use,2,2,correct
MIT,b4c38,1169,82.91289517663496,0,84.2247543334961,test,Primary EV use,Primary EV use,2,2,correct
MIT,b4c38,1170,82.84585104990629,0,84.32022094726562,test,Primary EV use,Primary EV use,2,2,correct
MIT,b4c38,1171,82.78071013080066,0,84.2931137084961,test,Primary EV use,Primary EV use,2,2,correct
MIT,b4c38,1172,82.72000215457467,0,84.26648712158203,test,Primary EV use,Primary EV use,2,2,correct
MIT,b4c38,1173,82.64782673817713,0,83.82723236083984,test,Primary EV use,Primary EV use,2,2,correct
MIT,b4c38,1174,82.57651787659107,0,84.15970611572266,test,Primary EV use,Primary EV use,2,2,correct
MIT,b4c38,1175,82.51740409662135,0,84.16633605957031,test,Primary EV use,Primary EV use,2,2,correct
MIT,b4c38,1176,82.44565676019064,0,84.14032745361328,test,Primary EV use,Primary EV use,2,2,correct
MIT,b4c38,1177,82.37805981496173,0,83.55645751953125,test,Primary EV use,Primary EV use,2,2,correct
MIT,b4c38,1178,82.31240671187808,0,83.40949249267578,test,Primary EV use,Primary EV use,2,2,correct
MIT,b4c38,1179,82.24647200210543,0,83.21843719482422,test,Primary EV use,Primary EV use,2,2,correct
MIT,b4c38,1180,82.17750671296483,0,83.35330200195312,test,Primary EV use,Primary EV use,2,2,correct
MIT,b4c38,1181,82.10622620104544,0,83.37457275390625,test,Primary EV use,Primary EV use,2,2,correct
MIT,b4c38,1182,82.04158140110668,0,83.22743225097656,test,Primary EV use,Primary EV use,2,2,correct
MIT,b4c38,1183,81.97093781169869,0,83.330322265625,test,Primary EV use,Primary EV use,2,2,correct
MIT,b4c38,1184,81.90305358984743,0,83.26297760009766,test,Primary EV use,Primary EV use,2,2,correct
MIT,b4c38,1185,81.83112576053888,0,83.19673156738281,test,Primary EV use,Primary EV use,2,2,correct
MIT,b4c38,1186,81.76088757136438,0,83.37092590332031,test,Primary EV use,Primary EV use,2,2,correct
MIT,b4c38,1187,81.69509933486958,0,83.3292465209961,test,Primary EV use,Primary EV use,2,2,correct
MIT,b4c38,1188,81.62395962629469,0,83.24100494384766,test,Primary EV use,Primary EV use,2,2,correct
MIT,b4c38,1189,81.55226331926403,0,83.23281860351562,test,Primary EV use,Primary EV use,2,2,correct
MIT,b4c38,1190,81.4837147702236,0,83.40079498291016,test,Primary EV use,Primary EV use,2,2,correct
MIT,b4c38,1191,81.4102995284033,0,83.30699157714844,test,Primary EV use,Primary EV use,2,2,correct
MIT,b4c38,1192,81.33409089942626,0,83.38260650634766,test,Primary EV use,Primary EV use,2,2,correct
MIT,b4c38,1193,81.26397083386293,0,83.2502670288086,test,Primary EV use,Primary EV use,2,2,correct
MIT,b4c38,1194,81.19202032482103,0,82.17984771728516,test,Primary EV use,Primary EV use,2,2,correct
MIT,b4c38,1195,81.1171356252779,0,82.44938659667969,test,Primary EV use,Primary EV use,2,2,correct
MIT,b4c38,1196,81.04805221252612,0,82.2308578491211,test,Primary EV use,Primary EV use,2,2,correct
MIT,b4c38,1197,80.974541526828,0,82.42779541015625,test,Primary EV use,Primary EV use,2,2,correct
MIT,b4c38,1198,80.89795490229524,0,82.15323638916016,test,Primary EV use,Primary EV use,2,2,correct
MIT,b4c38,1199,80.82593162910887,0,82.22957611083984,test,Primary EV use,Primary EV use,2,2,correct
MIT,b4c38,1200,80.75157045341041,0,82.46402740478516,test,Primary EV use,Primary EV use,2,2,correct
MIT,b4c38,1201,80.67956891496848,0,82.10830688476562,test,Primary EV use,Primary EV use,2,2,correct
MIT,b4c38,1202,80.60731411950425,0,82.37940216064453,test,Primary EV use,Primary EV use,2,2,correct
MIT,b4c38,1203,80.53042982347137,0,82.27181243896484,test,Primary EV use,Primary EV use,2,2,correct
MIT,b4c38,1204,80.45483449228345,0,81.81795501708984,test,Primary EV use,Primary EV use,2,2,correct
MIT,b4c38,1205,80.38127372217421,0,82.22943115234375,test,Primary EV use,Primary EV use,2,2,correct
MIT,b4c38,1206,80.31066320737735,0,82.2201919555664,test,Primary EV use,Primary EV use,2,2,correct
MIT,b4c38,1207,80.22886213415347,0,82.15879821777344,test,Primary EV use,Primary EV use,2,2,correct
MIT,b4c38,1208,80.1558069331,0,82.14131927490234,test,Primary EV use,Primary EV use,2,2,correct
MIT,b4c38,1209,80.07721031719971,0,82.30960845947266,test,Primary EV use,Primary EV use,2,2,correct
MIT,b4c38,1210,79.99479972614223,0,82.203369140625,test,Second-life candidate,Primary EV use,1,2,risky (predicted too optimistic)
MIT,b4c38,1211,79.92067007272162,0,82.21238708496094,test,Second-life candidate,Primary EV use,1,2,risky (predicted too optimistic)
MIT,b4c38,1212,79.84673697699,0,80.95113372802734,test,Second-life candidate,Primary EV use,1,2,risky (predicted too optimistic)
MIT,b4c38,1213,79.76650647530012,0,81.07118225097656,test,Second-life candidate,Primary EV use,1,2,risky (predicted too optimistic)
MIT,b4c38,1214,79.6827842396643,0,81.20038604736328,test,Second-life candidate,Primary EV use,1,2,risky (predicted too optimistic)
MIT,b4c38,1215,79.60459774894197,0,81.13700103759766,test,Second-life candidate,Primary EV use,1,2,risky (predicted too optimistic)
MIT,b4c38,1216,79.52376528932962,0,80.94297790527344,test,Second-life candidate,Primary EV use,1,2,risky (predicted too optimistic)
MIT,b4c38,1217,79.44582166075183,0,80.99773406982422,test,Second-life candidate,Primary EV use,1,2,risky (predicted too optimistic)
MIT,b4c38,1218,79.36188491263815,0,81.1854019165039,test,Second-life candidate,Primary EV use,1,2,risky (predicted too optimistic)
MIT,b4c38,1219,79.28084928041459,0,81.16161346435547,test,Second-life candidate,Primary EV use,1,2,risky (predicted too optimistic)
MIT,b4c38,1220,79.19930618915748,0,80.81716918945312,test,Second-life candidate,Primary EV use,1,2,risky (predicted too optimistic)
MIT,b4c38,1221,79.11778577763371,0,80.91561889648438,test,Second-life candidate,Primary EV use,1,2,risky (predicted too optimistic)
MIT,b4c38,1222,79.03355135801992,0,80.8938217163086,test,Second-life candidate,Primary EV use,1,2,risky (predicted too optimistic)
MIT,b4c38,1223,78.95536486729759,0,80.72833251953125,test,Second-life candidate,Primary EV use,1,2,risky (predicted too optimistic)
MIT,b4c38,1224,78.8642528185475,0,80.83747863769531,test,Second-life candidate,Primary EV use,1,2,risky (predicted too optimistic)
MIT,b4c38,1225,78.77998343434477,0,80.76383972167969,test,Second-life candidate,Primary EV use,1,2,risky (predicted too optimistic)
MIT,b4c38,1226,78.69285356877417,0,80.85716247558594,test,Second-life candidate,Primary EV use,1,2,risky (predicted too optimistic)
MIT,b4c38,1227,78.61075860400571,0,79.55077362060547,test,Second-life candidate,Second-life candidate,1,1,correct
MIT,b4c38,1228,78.525183245158,0,79.69086456298828,test,Second-life candidate,Second-life candidate,1,1,correct
MIT,b4c38,1229,78.43873471657658,0,79.50377655029297,test,Second-life candidate,Second-life candidate,1,1,correct
MIT,b4c38,1230,78.34959296966066,0,79.65462493896484,test,Second-life candidate,Second-life candidate,1,1,correct
