dataset,battery_id,cycle_idx,SOH,y_pred,true_grade,pred_grade,misgrade_direction
NASA,B0018,1,100.64068021427622,100.45176,Primary EV use,Primary EV use,correct
NASA,B0018,2,100.0,98.581566,Primary EV use,Primary EV use,correct
NASA,B0018,3,99.80502940617893,97.90225,Primary EV use,Primary EV use,correct
NASA,B0018,4,99.32064032288625,97.53551,Primary EV use,Primary EV use,correct
NASA,B0018,5,99.43059080892509,97.698456,Primary EV use,Primary EV use,correct
NASA,B0018,6,99.20428153974737,98.66872,Primary EV use,Primary EV use,correct
NASA,B0018,7,98.80672767697016,98.20083,Primary EV use,Primary EV use,correct
NASA,B0018,8,98.47951448538477,98.30337,Primary EV use,Primary EV use,correct
NASA,B0018,9,97.88967155447862,98.537315,Primary EV use,Primary EV use,correct
NASA,B0018,10,98.90975747939537,97.10597,Primary EV use,Primary EV use,correct
NASA,B0018,11,98.31433078320012,98.51793,Primary EV use,Primary EV use,correct
NASA,B0018,12,97.91102501960161,98.232796,Primary EV use,Primary EV use,correct
NASA,B0018,13,97.15975972043704,97.44618,Primary EV use,Primary EV use,correct
NASA,B0018,14,96.75971388604137,97.62757,Primary EV use,Primary EV use,correct
NASA,B0018,15,96.62233777660016,96.54748,Primary EV use,Primary EV use,correct
NASA,B0018,16,96.09447338614395,97.00142,Primary EV use,Primary EV use,correct
NASA,B0018,17,95.95457287327758,97.49975,Primary EV use,Primary EV use,correct
NASA,B0018,18,95.1407731856727,96.835236,Primary EV use,Primary EV use,correct
NASA,B0018,19,94.7387139129198,96.47178,Primary EV use,Primary EV use,correct
NASA,B0018,20,94.27457390232617,90.13506,Primary EV use,Primary EV use,correct
NASA,B0018,21,93.94101948273132,96.19712,Primary EV use,Primary EV use,correct
NASA,B0018,22,92.69743551639702,90.26151,Primary EV use,Primary EV use,correct
NASA,B0018,23,92.85341287049168,90.23693,Primary EV use,Primary EV use,correct
NASA,B0018,24,92.63814435053877,90.97619,Primary EV use,Primary EV use,correct
NASA,B0018,25,94.90247650579646,93.611145,Primary EV use,Primary EV use,correct
NASA,B0018,26,94.00900148322206,93.15475,Primary EV use,Primary EV use,correct
NASA,B0018,27,93.43725628677039,95.75786,Primary EV use,Primary EV use,correct
NASA,B0018,28,92.87383077570269,90.36243,Primary EV use,Primary EV use,correct
NASA,B0018,29,92.1914037818406,90.62136,Primary EV use,Primary EV use,correct
NASA,B0018,30,91.90759280723793,87.61539,Primary EV use,Primary EV use,correct
NASA,B0018,31,91.24928304906206,89.110466,Primary EV use,Primary EV use,correct
NASA,B0018,32,90.98204900098074,87.927605,Primary EV use,Primary EV use,correct
NASA,B0018,33,90.36062110586997,87.09358,Primary EV use,Primary EV use,correct
NASA,B0018,34,89.90866292121869,87.96004,Primary EV use,Primary EV use,correct
NASA,B0018,35,89.42210021533539,87.61937,Primary EV use,Primary EV use,correct
NASA,B0018,36,88.90918633462991,86.55398,Primary EV use,Primary EV use,correct
NASA,B0018,37,88.3058071010546,88.42205,Primary EV use,Primary EV use,correct
NASA,B0018,38,88.00768417491062,87.58867,Primary EV use,Primary EV use,correct
NASA,B0018,39,87.56567728602631,86.64743,Primary EV use,Primary EV use,correct
NASA,B0018,40,90.93184019865967,88.90633,Primary EV use,Primary EV use,correct
NASA,B0018,41,89.48050351570559,87.30094,Primary EV use,Primary EV use,correct
NASA,B0018,42,88.56265999866847,86.381546,Primary EV use,Primary EV use,correct
NASA,B0018,43,87.69639162503002,87.15916,Primary EV use,Primary EV use,correct
NASA,B0018,44,87.39728423339433,88.23604,Primary EV use,Primary EV use,correct
NASA,B0018,45,86.55966455660091,83.78257,Primary EV use,Primary EV use,correct
NASA,B0018,46,93.68010123618151,88.86897,Primary EV use,Primary EV use,correct
NASA,B0018,47,93.12996707144713,88.47638,Primary EV use,Primary EV use,correct
NASA,B0018,48,92.00453928624319,92.226364,Primary EV use,Primary EV use,correct
NASA,B0018,49,91.02552009355354,92.41938,Primary EV use,Primary EV use,correct
NASA,B0018,50,90.096718509168,91.67365,Primary EV use,Primary EV use,correct
NASA,B0018,51,90.40879813427397,91.76939,Primary EV use,Primary EV use,correct
NASA,B0018,52,89.34665851288426,90.90903,Primary EV use,Primary EV use,correct
NASA,B0018,53,88.20355545082064,87.085815,Primary EV use,Primary EV use,correct
NASA,B0018,54,87.46536726316158,85.47522,Primary EV use,Primary EV use,correct
NASA,B0018,55,87.11700168276265,85.53449,Primary EV use,Primary EV use,correct
NASA,B0018,56,90.80128972144892,86.55262,Primary EV use,Primary EV use,correct
NASA,B0018,57,88.99950271222681,85.93465,Primary EV use,Primary EV use,correct
NASA,B0018,58,87.52545804222945,86.80245,Primary EV use,Primary EV use,correct
NASA,B0018,59,86.37696896934457,86.13941,Primary EV use,Primary EV use,correct
NASA,B0018,60,86.07883183173715,89.131294,Primary EV use,Primary EV use,correct
NASA,B0018,61,85.7248524017736,83.578705,Primary EV use,Primary EV use,correct
NASA,B0018,62,84.8620381516781,85.59926,Primary EV use,Primary EV use,correct
NASA,B0018,63,84.3978973164916,89.47908,Primary EV use,Primary EV use,correct
NASA,B0018,64,83.56164613939099,85.552025,Primary EV use,Primary EV use,correct
NASA,B0018,65,83.12527212863718,84.896706,Primary EV use,Primary EV use,correct
NASA,B0018,66,83.0960803680568,83.46786,Primary EV use,Primary EV use,correct
NASA,B0018,67,82.58806886677773,87.49289,Primary EV use,Primary EV use,correct
NASA,B0018,68,81.73450329972786,83.1822,Primary EV use,Primary EV use,correct
NASA,B0018,69,81.45755183451341,83.294205,Primary EV use,Primary EV use,correct
NASA,B0018,70,81.18256506195176,83.19477,Primary EV use,Primary EV use,correct
NASA,B0018,71,83.19389742711994,78.620316,Primary EV use,Second-life candidate,conservative (predicted too pessimistic)
NASA,B0018,72,82.67409731085485,86.1917,Primary EV use,Primary EV use,correct
NASA,B0018,73,81.44508130584651,83.53924,Primary EV use,Primary EV use,correct
NASA,B0018,74,80.96903696736565,82.79224,Primary EV use,Primary EV use,correct
NASA,B0018,75,80.4756644871418,83.74749,Primary EV use,Primary EV use,correct
NASA,B0018,76,80.33535529768182,75.29442,Primary EV use,Second-life candidate,conservative (predicted too pessimistic)
NASA,B0018,77,79.94310726350454,82.17404,Second-life candidate,Primary EV use,risky (predicted too optimistic)
NASA,B0018,78,79.64533659136382,82.63511,Second-life candidate,Primary EV use,risky (predicted too optimistic)
NASA,B0018,79,79.10676488890836,82.4374,Second-life candidate,Primary EV use,risky (predicted too optimistic)
NASA,B0018,80,78.55195360346214,82.02389,Second-life candidate,Primary EV use,risky (predicted too optimistic)
NASA,B0018,81,78.81859806849626,73.906906,Second-life candidate,Second-life candidate,correct
NASA,B0018,82,78.26275680647585,82.76685,Second-life candidate,Primary EV use,risky (predicted too optimistic)
NASA,B0018,83,78.08565412405532,82.69389,Second-life candidate,Primary EV use,risky (predicted too optimistic)
NASA,B0018,84,77.50927905430571,81.466156,Second-life candidate,Primary EV use,risky (predicted too optimistic)
NASA,B0018,85,77.30610510320244,82.29176,Second-life candidate,Primary EV use,risky (predicted too optimistic)
NASA,B0018,86,79.74257245999358,72.01907,Second-life candidate,Second-life candidate,correct
NASA,B0018,87,78.8078063404481,82.741905,Second-life candidate,Primary EV use,risky (predicted too optimistic)
NASA,B0018,88,78.27895489584915,81.42314,Second-life candidate,Primary EV use,risky (predicted too optimistic)
NASA,B0018,89,77.49454869194308,82.8931,Second-life candidate,Primary EV use,risky (predicted too optimistic)
NASA,B0018,90,76.79352299235835,82.37071,Second-life candidate,Primary EV use,risky (predicted too optimistic)
NASA,B0018,91,78.91602627362244,71.621666,Second-life candidate,Second-life candidate,correct
NASA,B0018,92,77.49139634160672,81.72179,Second-life candidate,Primary EV use,risky (predicted too optimistic)
NASA,B0018,93,77.02398708638724,82.11951,Second-life candidate,Primary EV use,risky (predicted too optimistic)
NASA,B0018,94,76.79926728761941,81.98893,Second-life candidate,Primary EV use,risky (predicted too optimistic)
NASA,B0018,95,76.26320763244749,81.4872,Second-life candidate,Primary EV use,risky (predicted too optimistic)
NASA,B0018,96,76.41327699024487,75.99377,Second-life candidate,Second-life candidate,correct
NASA,B0018,97,75.78440562907001,81.223175,Second-life candidate,Primary EV use,risky (predicted too optimistic)
NASA,B0018,98,75.6060338238755,81.135544,Second-life candidate,Primary EV use,risky (predicted too optimistic)
NASA,B0018,99,75.37802720217849,81.366066,Second-life candidate,Primary EV use,risky (predicted too optimistic)
NASA,B0018,100,74.792126925811,80.84384,Second-life candidate,Primary EV use,risky (predicted too optimistic)
NASA,B0018,101,75.13587605117921,71.923225,Second-life candidate,Second-life candidate,correct
NASA,B0018,102,74.34507939337765,81.10556,Second-life candidate,Primary EV use,risky (predicted too optimistic)
NASA,B0018,103,74.5089934788172,80.88494,Second-life candidate,Primary EV use,risky (predicted too optimistic)
NASA,B0018,104,74.21614826084829,81.09381,Second-life candidate,Primary EV use,risky (predicted too optimistic)
NASA,B0018,105,73.60662964775247,81.173676,Second-life candidate,Primary EV use,risky (predicted too optimistic)
NASA,B0018,106,79.2336459043689,73.02216,Second-life candidate,Second-life candidate,correct
NASA,B0018,107,78.67314502254065,81.931946,Second-life candidate,Primary EV use,risky (predicted too optimistic)
NASA,B0018,108,78.02431513324119,82.351845,Second-life candidate,Primary EV use,risky (predicted too optimistic)
NASA,B0018,109,77.49412222001526,82.36925,Second-life candidate,Primary EV use,risky (predicted too optimistic)
NASA,B0018,110,76.75731778947302,82.0379,Second-life candidate,Primary EV use,risky (predicted too optimistic)
NASA,B0018,111,76.70858240862994,74.231865,Second-life candidate,Second-life candidate,correct
NASA,B0018,112,75.89716566427659,82.02205,Second-life candidate,Primary EV use,risky (predicted too optimistic)
NASA,B0018,113,75.70180343859964,81.25483,Second-life candidate,Primary EV use,risky (predicted too optimistic)
NASA,B0018,114,75.41501189791859,81.49511,Second-life candidate,Primary EV use,risky (predicted too optimistic)
NASA,B0018,115,75.19696752605783,81.44236,Second-life candidate,Primary EV use,risky (predicted too optimistic)
NASA,B0018,116,75.3156806378869,76.07792,Second-life candidate,Second-life candidate,correct
NASA,B0018,117,74.66286851094209,80.86894,Second-life candidate,Primary EV use,risky (predicted too optimistic)
NASA,B0018,118,74.04080936538838,80.96874,Second-life candidate,Primary EV use,risky (predicted too optimistic)
NASA,B0018,119,73.72985939681158,81.06609,Second-life candidate,Primary EV use,risky (predicted too optimistic)
NASA,B0018,120,73.03787651615364,81.676216,Second-life candidate,Primary EV use,risky (predicted too optimistic)
NASA,B0018,121,77.41136289119066,71.32556,Second-life candidate,Second-life candidate,correct
NASA,B0018,122,76.30488052582879,81.26685,Second-life candidate,Primary EV use,risky (predicted too optimistic)
NASA,B0018,123,75.60189492839535,81.524155,Second-life candidate,Primary EV use,risky (predicted too optimistic)
NASA,B0018,124,75.3175301991838,81.392105,Second-life candidate,Primary EV use,risky (predicted too optimistic)
NASA,B0018,125,74.3376277920804,81.01117,Second-life candidate,Primary EV use,risky (predicted too optimistic)
NASA,B0018,126,74.8534348540666,73.532646,Second-life candidate,Second-life candidate,correct
NASA,B0018,127,74.25466310264744,81.335106,Second-life candidate,Primary EV use,risky (predicted too optimistic)
NASA,B0018,128,73.93340285748864,81.45164,Second-life candidate,Primary EV use,risky (predicted too optimistic)
NASA,B0018,129,73.96964076451873,81.39317,Second-life candidate,Primary EV use,risky (predicted too optimistic)
NASA,B0018,130,73.34352651544697,81.336876,Second-life candidate,Primary EV use,risky (predicted too optimistic)
NASA,B0018,131,73.50261812479023,69.978134,Second-life candidate,Second-life candidate,correct
NASA,B0018,132,72.75687346079181,81.04639,Second-life candidate,Primary EV use,risky (predicted too optimistic)
MIT,b1c4,1,99.94479210804249,100.2136,Primary EV use,Primary EV use,correct
MIT,b1c4,2,100.0,100.26007,Primary EV use,Primary EV use,correct
MIT,b1c4,3,100.06804370366827,100.2694,Primary EV use,Primary EV use,correct
MIT,b1c4,4,100.13109209866356,100.18509,Primary EV use,Primary EV use,correct
MIT,b1c4,5,100.16127710858558,100.26177,Primary EV use,Primary EV use,correct
MIT,b1c4,6,100.19993282746333,100.269684,Primary EV use,Primary EV use,correct
MIT,b1c4,7,100.23631795148971,100.27791,Primary EV use,Primary EV use,correct
MIT,b1c4,8,100.25211017037432,100.25864,Primary EV use,Primary EV use,correct
MIT,b1c4,9,100.27258259497296,100.26473,Primary EV use,Primary EV use,correct
MIT,b1c4,10,100.27538145066728,100.247406,Primary EV use,Primary EV use,correct
MIT,b1c4,11,100.24847721861212,98.82506,Primary EV use,Primary EV use,correct
MIT,b1c4,12,99.90785091997088,100.180435,Primary EV use,Primary EV use,correct
MIT,b1c4,13,100.15225033558464,100.28016,Primary EV use,Primary EV use,correct
MIT,b1c4,14,100.22440891318763,100.24908,Primary EV use,Primary EV use,correct
MIT,b1c4,15,100.26590055869606,100.21054,Primary EV use,Primary EV use,correct
MIT,b1c4,16,100.28880112962557,100.21115,Primary EV use,Primary EV use,correct
MIT,b1c4,17,100.31383327939511,100.2789,Primary EV use,Primary EV use,correct
MIT,b1c4,18,100.32660421696728,100.19487,Primary EV use,Primary EV use,correct
MIT,b1c4,19,100.34407389572166,100.149925,Primary EV use,Primary EV use,correct
MIT,b1c4,20,100.35487080593326,100.2133,Primary EV use,Primary EV use,correct
MIT,b1c4,21,100.35893007346348,100.2147,Primary EV use,Primary EV use,correct
MIT,b1c4,22,100.37626073620653,100.233765,Primary EV use,Primary EV use,correct
MIT,b1c4,23,100.38000490077779,100.16631,Primary EV use,Primary EV use,correct
MIT,b1c4,24,100.39269242874316,100.21002,Primary EV use,Primary EV use,correct
MIT,b1c4,25,100.39732629578677,100.225395,Primary EV use,Primary EV use,correct
MIT,b1c4,26,100.40156165026461,100.18532,Primary EV use,Primary EV use,correct
MIT,b1c4,27,100.39190467134576,100.18673,Primary EV use,Primary EV use,correct
MIT,b1c4,28,100.39393430511086,100.15653,Primary EV use,Primary EV use,correct
MIT,b1c4,29,100.3959176002055,100.21495,Primary EV use,Primary EV use,correct
MIT,b1c4,30,100.39625123863264,100.1526,Primary EV use,Primary EV use,correct
MIT,b1c4,31,100.40066268005816,100.188225,Primary EV use,Primary EV use,correct
MIT,b1c4,32,100.39846622707948,100.131744,Primary EV use,Primary EV use,correct
MIT,b1c4,33,100.39944860689273,100.183784,Primary EV use,Primary EV use,correct
MIT,b1c4,34,100.40059780591957,100.14066,Primary EV use,Primary EV use,correct
MIT,b1c4,35,100.40082949927174,100.19168,Primary EV use,Primary EV use,correct
MIT,b1c4,36,100.40145970518965,100.15802,Primary EV use,Primary EV use,correct
MIT,b1c4,37,100.40057000271729,100.143105,Primary EV use,Primary EV use,correct
MIT,b1c4,38,100.39750238273442,100.20311,Primary EV use,Primary EV use,correct
MIT,b1c4,39,100.40277572343005,100.24331,Primary EV use,Primary EV use,correct
MIT,b1c4,40,100.40068121552635,100.13862,Primary EV use,Primary EV use,correct
MIT,b1c4,41,100.40559311459256,100.176155,Primary EV use,Primary EV use,correct
MIT,b1c4,42,100.40817881240287,100.19505,Primary EV use,Primary EV use,correct
MIT,b1c4,43,100.40575993380611,100.19717,Primary EV use,Primary EV use,correct
MIT,b1c4,44,100.40801199318932,100.18402,Primary EV use,Primary EV use,correct
MIT,b1c4,45,100.41082938435181,100.22823,Primary EV use,Primary EV use,correct
MIT,b1c4,46,100.41390627206879,100.146095,Primary EV use,Primary EV use,correct
MIT,b1c4,47,100.41859574551691,100.12819,Primary EV use,Primary EV use,correct
MIT,b1c4,48,100.42144093988168,100.12813,Primary EV use,Primary EV use,correct
MIT,b1c4,49,100.41897572261449,100.128494,Primary EV use,Primary EV use,correct
MIT,b1c4,50,100.41872549379414,100.135185,Primary EV use,Primary EV use,correct
MIT,b1c4,51,100.42411931503288,100.16166,Primary EV use,Primary EV use,correct
MIT,b1c4,52,100.41224734766718,100.12995,Primary EV use,Primary EV use,correct
MIT,b1c4,53,100.41984688961867,100.17925,Primary EV use,Primary EV use,correct
MIT,b1c4,54,100.41883670660319,100.1652,Primary EV use,Primary EV use,correct
MIT,b1c4,55,100.41260878929658,100.206184,Primary EV use,Primary EV use,correct
MIT,b1c4,56,100.40494437320643,100.11973,Primary EV use,Primary EV use,correct
MIT,b1c4,57,100.39654780612344,100.129005,Primary EV use,Primary EV use,correct
MIT,b1c4,58,100.40023636429017,100.17973,Primary EV use,Primary EV use,correct
MIT,b1c4,59,100.40196016283038,100.18815,Primary EV use,Primary EV use,correct
MIT,b1c4,60,100.3933782410656,100.12932,Primary EV use,Primary EV use,correct
MIT,b1c4,61,100.39185833267533,100.13001,Primary EV use,Primary EV use,correct
MIT,b1c4,62,100.38794734889049,100.246635,Primary EV use,Primary EV use,correct
MIT,b1c4,63,100.40381370964782,100.25019,Primary EV use,Primary EV use,correct
MIT,b1c4,64,100.44651942832168,100.27739,Primary EV use,Primary EV use,correct
MIT,b1c4,65,100.46950340885796,100.22587,Primary EV use,Primary EV use,correct
MIT,b1c4,66,100.49060603937451,100.272484,Primary EV use,Primary EV use,correct
MIT,b1c4,67,100.49157915145366,100.22346,Primary EV use,Primary EV use,correct
MIT,b1c4,68,100.48146805356453,100.29195,Primary EV use,Primary EV use,correct
MIT,b1c4,69,100.39764139874572,100.24147,Primary EV use,Primary EV use,correct
MIT,b1c4,70,100.3926646255409,100.207756,Primary EV use,Primary EV use,correct
MIT,b1c4,71,100.3950649686695,100.195816,Primary EV use,Primary EV use,correct
MIT,b1c4,72,100.39467572383785,100.286255,Primary EV use,Primary EV use,correct
MIT,b1c4,73,100.39973590664944,100.19322,Primary EV use,Primary EV use,correct
MIT,b1c4,74,100.3970111928278,100.222534,Primary EV use,Primary EV use,correct
MIT,b1c4,75,100.3985403689522,100.102455,Primary EV use,Primary EV use,correct
MIT,b1c4,76,100.39373968269503,100.2372,Primary EV use,Primary EV use,correct
MIT,b1c4,77,100.39292412209532,100.20167,Primary EV use,Primary EV use,correct
MIT,b1c4,78,100.38990284078291,100.190796,Primary EV use,Primary EV use,correct
MIT,b1c4,79,100.38682595306597,100.13676,Primary EV use,Primary EV use,correct
MIT,b1c4,80,100.38072778403657,100.16906,Primary EV use,Primary EV use,correct
MIT,b1c4,81,100.38419391658519,100.17665,Primary EV use,Primary EV use,correct
MIT,b1c4,82,100.38414757791476,100.175,Primary EV use,Primary EV use,correct
MIT,b1c4,83,100.37646462635645,100.1554,Primary EV use,Primary EV use,correct
MIT,b1c4,84,100.37310043888282,100.133156,Primary EV use,Primary EV use,correct
MIT,b1c4,85,100.36700226985343,100.18806,Primary EV use,Primary EV use,correct
MIT,b1c4,86,100.36551943239947,100.18966,Primary EV use,Primary EV use,correct
MIT,b1c4,87,100.36626085112646,100.11578,Primary EV use,Primary EV use,correct
MIT,b1c4,88,100.36773442084632,100.19715,Primary EV use,Primary EV use,correct
MIT,b1c4,89,100.36008854022438,100.14088,Primary EV use,Primary EV use,correct
MIT,b1c4,90,100.3579569613843,100.13339,Primary EV use,Primary EV use,correct
MIT,b1c4,91,100.35493568007188,100.12539,Primary EV use,Primary EV use,correct
MIT,b1c4,92,100.35090421574392,100.13461,Primary EV use,Primary EV use,correct
MIT,b1c4,93,100.35116371229837,100.19996,Primary EV use,Primary EV use,correct
MIT,b1c4,94,100.34678934180923,100.135956,Primary EV use,Primary EV use,correct
MIT,b1c4,95,100.34418510853071,100.19454,Primary EV use,Primary EV use,correct
MIT,b1c4,96,100.34095993706838,100.28666,Primary EV use,Primary EV use,correct
MIT,b1c4,97,100.3334901433941,100.23346,Primary EV use,Primary EV use,correct
MIT,b1c4,98,100.33535295794562,100.12886,Primary EV use,Primary EV use,correct
MIT,b1c4,99,100.33672458259053,100.253876,Primary EV use,Primary EV use,correct
MIT,b1c4,100,100.3321648574196,100.224365,Primary EV use,Primary EV use,correct
MIT,b1c4,101,100.32685444578763,100.12157,Primary EV use,Primary EV use,correct
MIT,b1c4,102,100.32876359900962,100.24283,Primary EV use,Primary EV use,correct
MIT,b1c4,103,100.32932893078895,100.20125,Primary EV use,Primary EV use,correct
MIT,b1c4,104,100.33097858745646,100.13027,Primary EV use,Primary EV use,correct
MIT,b1c4,105,100.32468579601121,100.20143,Primary EV use,Primary EV use,correct
MIT,b1c4,106,100.33031131060217,100.1902,Primary EV use,Primary EV use,correct
MIT,b1c4,107,100.33024643646355,100.197266,Primary EV use,Primary EV use,correct
MIT,b1c4,108,100.32248934303256,100.192604,Primary EV use,Primary EV use,correct
MIT,b1c4,109,100.31954220359283,100.13484,Primary EV use,Primary EV use,correct
MIT,b1c4,110,100.31646531587587,100.13049,Primary EV use,Primary EV use,correct
MIT,b1c4,111,100.3174662311573,100.11977,Primary EV use,Primary EV use,correct
MIT,b1c4,112,100.31078419488043,100.191315,Primary EV use,Primary EV use,correct
MIT,b1c4,113,100.3094959798423,100.19004,Primary EV use,Primary EV use,correct
MIT,b1c4,114,100.30713270765006,100.168495,Primary EV use,Primary EV use,correct
MIT,b1c4,115,100.30515868028948,100.22089,Primary EV use,Primary EV use,correct
MIT,b1c4,116,100.30231348592471,100.20071,Primary EV use,Primary EV use,correct
MIT,b1c4,117,100.295863143,100.173645,Primary EV use,Primary EV use,correct
MIT,b1c4,118,100.29100685033832,100.24705,Primary EV use,Primary EV use,correct
MIT,b1c4,119,100.28957961928889,100.18855,Primary EV use,Primary EV use,correct
MIT,b1c4,120,100.28365753720716,100.153076,Primary EV use,Primary EV use,correct
MIT,b1c4,121,100.27951486007018,100.12348,Primary EV use,Primary EV use,correct
MIT,b1c4,122,100.2859466675267,100.18806,Primary EV use,Primary EV use,correct
MIT,b1c4,123,100.2840004433684,100.23915,Primary EV use,Primary EV use,correct
MIT,b1c4,124,100.2851589101293,100.15329,Primary EV use,Primary EV use,correct
MIT,b1c4,125,100.28332389878003,100.15632,Primary EV use,Primary EV use,correct
MIT,b1c4,126,100.27815250315936,100.29448,Primary EV use,Primary EV use,correct
MIT,b1c4,127,100.27372252626567,100.229164,Primary EV use,Primary EV use,correct
MIT,b1c4,128,100.27209140506635,100.25161,Primary EV use,Primary EV use,correct
MIT,b1c4,129,100.272267492014,100.21985,Primary EV use,Primary EV use,correct
MIT,b1c4,130,100.27324987182725,100.16674,Primary EV use,Primary EV use,correct
MIT,b1c4,131,100.27246211442981,100.15397,Primary EV use,Primary EV use,correct
MIT,b1c4,132,100.27786520340267,100.15022,Primary EV use,Primary EV use,correct
MIT,b1c4,133,100.27039540972838,100.199234,Primary EV use,Primary EV use,correct
MIT,b1c4,134,100.2751497573151,100.16214,Primary EV use,Primary EV use,correct
MIT,b1c4,135,100.27750376177325,100.151215,Primary EV use,Primary EV use,correct
MIT,b1c4,136,100.26306463206541,100.14826,Primary EV use,Primary EV use,correct
MIT,b1c4,137,100.26227687466798,100.10724,Primary EV use,Primary EV use,correct
MIT,b1c4,138,100.25583579947737,100.104774,Primary EV use,Primary EV use,correct
MIT,b1c4,139,100.25437149749156,100.12008,Primary EV use,Primary EV use,correct
MIT,b1c4,140,100.25491829380273,100.15694,Primary EV use,Primary EV use,correct
MIT,b1c4,141,100.24804163511003,100.14105,Primary EV use,Primary EV use,correct
MIT,b1c4,142,100.24249026239178,100.160126,Primary EV use,Primary EV use,correct
MIT,b1c4,143,100.24059964463798,100.10337,Primary EV use,Primary EV use,correct
MIT,b1c4,144,100.23819003377533,100.13445,Primary EV use,Primary EV use,correct
MIT,b1c4,145,100.23115582360313,100.091896,Primary EV use,Primary EV use,correct
MIT,b1c4,146,100.22412161343095,100.15634,Primary EV use,Primary EV use,correct
MIT,b1c4,147,100.2240752747605,100.071655,Primary EV use,Primary EV use,correct
MIT,b1c4,148,100.21751371902677,100.12981,Primary EV use,Primary EV use,correct
MIT,b1c4,149,100.21918191116245,99.842865,Primary EV use,Primary EV use,correct
MIT,b1c4,150,100.21662401655438,100.102165,Primary EV use,Primary EV use,correct
MIT,b1c4,151,100.21675376483161,100.04091,Primary EV use,Primary EV use,correct
MIT,b1c4,152,100.21550262072982,100.20145,Primary EV use,Primary EV use,correct
MIT,b1c4,153,100.21353786110335,100.14599,Primary EV use,Primary EV use,correct
MIT,b1c4,154,100.20630902851534,100.17974,Primary EV use,Primary EV use,correct
MIT,b1c4,155,100.19708763309856,100.08112,Primary EV use,Primary EV use,correct
MIT,b1c4,156,100.19181429240294,100.06531,Primary EV use,Primary EV use,correct
MIT,b1c4,157,100.19671692373507,100.043076,Primary EV use,Primary EV use,correct
MIT,b1c4,158,100.1992377474068,100.08548,Primary EV use,Primary EV use,correct
MIT,b1c4,159,100.18779209580909,100.11623,Primary EV use,Primary EV use,correct
MIT,b1c4,160,100.18349186719261,100.16451,Primary EV use,Primary EV use,correct
MIT,b1c4,161,100.18295433861557,100.06516,Primary EV use,Primary EV use,correct
MIT,b1c4,162,100.18220365215448,100.13255,Primary EV use,Primary EV use,correct
MIT,b1c4,163,100.18475227902847,100.03966,Primary EV use,Primary EV use,correct
MIT,b1c4,164,100.1853176108078,100.07427,Primary EV use,Primary EV use,correct
MIT,b1c4,165,100.18082275977551,100.115395,Primary EV use,Primary EV use,correct
MIT,b1c4,166,100.17899701616034,100.10438,Primary EV use,Primary EV use,correct
MIT,b1c4,167,100.17715273707697,100.11712,Primary EV use,Primary EV use,correct
MIT,b1c4,168,100.16890445373934,100.14854,Primary EV use,Primary EV use,correct
MIT,b1c4,169,100.16847813797133,100.05526,Primary EV use,Primary EV use,correct
MIT,b1c4,170,100.16407596427992,100.03668,Primary EV use,Primary EV use,correct
MIT,b1c4,171,100.15678225755329,100.090195,Primary EV use,Primary EV use,correct
MIT,b1c4,172,100.1549657816722,100.03531,Primary EV use,Primary EV use,correct
MIT,b1c4,173,100.14660628552554,100.11073,Primary EV use,Primary EV use,correct
MIT,b1c4,174,100.1457536539895,100.08963,Primary EV use,Primary EV use,correct
MIT,b1c4,175,100.15519747502437,100.11973,Primary EV use,Primary EV use,correct
MIT,b1c4,176,100.16885811506893,100.156105,Primary EV use,Primary EV use,correct
MIT,b1c4,177,100.16382573545957,100.18211,Primary EV use,Primary EV use,correct
MIT,b1c4,178,100.15993328714295,100.16308,Primary EV use,Primary EV use,correct
MIT,b1c4,179,100.1433718463291,100.10726,Primary EV use,Primary EV use,correct
MIT,b1c4,180,100.12421543997083,100.12196,Primary EV use,Primary EV use,correct
MIT,b1c4,181,100.12961852894368,100.0957,Primary EV use,Primary EV use,correct
MIT,b1c4,182,100.12405788849136,100.11308,Primary EV use,Primary EV use,correct
MIT,b1c4,183,100.13854335686968,100.13808,Primary EV use,Primary EV use,correct
MIT,b1c4,184,100.14860811608837,100.16522,Primary EV use,Primary EV use,correct
MIT,b1c4,185,100.15437264669063,100.1788,Primary EV use,Primary EV use,correct
MIT,b1c4,186,100.15402974052938,100.19175,Primary EV use,Primary EV use,correct
MIT,b1c4,187,100.15507699448125,100.163246,Primary EV use,Primary EV use,correct
MIT,b1c4,188,100.13947939801247,100.154015,Primary EV use,Primary EV use,correct
MIT,b1c4,189,100.13902527904219,100.11676,Primary EV use,Primary EV use,correct
MIT,b1c4,190,100.11113866717378,100.03159,Primary EV use,Primary EV use,correct
MIT,b1c4,191,100.10207482323649,100.100784,Primary EV use,Primary EV use,correct
MIT,b1c4,192,100.10188020082067,100.032135,Primary EV use,Primary EV use,correct
MIT,b1c4,193,100.0984511392084,100.10834,Primary EV use,Primary EV use,correct
MIT,b1c4,194,100.09590251233442,99.995255,Primary EV use,Primary EV use,correct
MIT,b1c4,195,100.08977654010276,100.11022,Primary EV use,Primary EV use,correct
MIT,b1c4,196,100.08668111691765,100.04847,Primary EV use,Primary EV use,correct
MIT,b1c4,197,100.0816487373083,100.09329,Primary EV use,Primary EV use,correct
MIT,b1c4,198,100.07963763901138,100.05077,Primary EV use,Primary EV use,correct
MIT,b1c4,199,100.07185274237811,100.07683,Primary EV use,Primary EV use,correct
MIT,b1c4,200,100.06424393269253,100.02868,Primary EV use,Primary EV use,correct
MIT,b1c4,201,100.06929484777002,100.06935,Primary EV use,Primary EV use,correct
MIT,b1c4,202,100.07116693005564,100.09217,Primary EV use,Primary EV use,correct
MIT,b1c4,203,100.08995262705042,100.12628,Primary EV use,Primary EV use,correct
MIT,b1c4,204,100.09319633398096,100.11868,Primary EV use,Primary EV use,correct
MIT,b1c4,205,100.08881269575771,100.12782,Primary EV use,Primary EV use,correct
MIT,b1c4,206,100.07125960739654,100.04355,Primary EV use,Primary EV use,correct
MIT,b1c4,207,100.05230709118817,100.01684,Primary EV use,Primary EV use,correct
MIT,b1c4,208,100.04763615320824,99.967125,Primary EV use,Primary EV use,correct
MIT,b1c4,209,100.04252036399211,100.09803,Primary EV use,Primary EV use,correct
MIT,b1c4,210,100.06955434432447,100.1256,Primary EV use,Primary EV use,correct
MIT,b1c4,211,100.08137997301978,100.15162,Primary EV use,Primary EV use,correct
MIT,b1c4,212,100.09143546450439,100.24996,Primary EV use,Primary EV use,correct
MIT,b1c4,213,100.09515182587336,100.15943,Primary EV use,Primary EV use,correct
MIT,b1c4,214,100.09143546450439,100.112175,Primary EV use,Primary EV use,correct
MIT,b1c4,215,100.09277001821293,100.12212,Primary EV use,Primary EV use,correct
MIT,b1c4,216,100.07676464144436,100.100685,Primary EV use,Primary EV use,correct
MIT,b1c4,217,100.05744141587252,100.0859,Primary EV use,Primary EV use,correct
MIT,b1c4,218,100.02152894628458,100.041565,Primary EV use,Primary EV use,correct
MIT,b1c4,219,100.01184416416345,99.98757,Primary EV use,Primary EV use,correct
MIT,b1c4,220,100.00574599513408,99.901955,Primary EV use,Primary EV use,correct
MIT,b1c4,221,100.00036144162938,100.06409,Primary EV use,Primary EV use,correct
MIT,b1c4,222,99.99743283765783,100.0755,Primary EV use,Primary EV use,correct
MIT,b1c4,223,99.99372574402297,99.92808,Primary EV use,Primary EV use,correct
MIT,b1c4,224,99.98577402817612,99.9678,Primary EV use,Primary EV use,correct
MIT,b1c4,225,99.98035240373511,99.89441,Primary EV use,Primary EV use,correct
MIT,b1c4,226,99.97962952047632,99.90491,Primary EV use,Primary EV use,correct
MIT,b1c4,227,99.98039874240555,100.02612,Primary EV use,Primary EV use,correct
MIT,b1c4,228,99.9831141884931,100.03829,Primary EV use,Primary EV use,correct
MIT,b1c4,229,99.98859141933863,100.0306,Primary EV use,Primary EV use,correct
MIT,b1c4,230,99.99476373024072,100.08793,Primary EV use,Primary EV use,correct
MIT,b1c4,231,100.011584667609,100.18812,Primary EV use,Primary EV use,correct
MIT,b1c4,232,100.0047636153208,100.113525,Primary EV use,Primary EV use,correct
MIT,b1c4,233,99.98155720916645,100.031654,Primary EV use,Primary EV use,correct
MIT,b1c4,234,99.96360560823952,99.947784,Primary EV use,Primary EV use,correct
MIT,b1c4,235,99.96547769052513,99.81731,Primary EV use,Primary EV use,correct
MIT,b1c4,236,99.94823043738884,99.95902,Primary EV use,Primary EV use,correct
MIT,b1c4,237,99.95491247366573,99.99198,Primary EV use,Primary EV use,correct
MIT,b1c4,238,99.97117734698877,99.959755,Primary EV use,Primary EV use,correct
MIT,b1c4,239,99.97481029875095,100.02183,Primary EV use,Primary EV use,correct
MIT,b1c4,240,99.97509759850766,100.06366,Primary EV use,Primary EV use,correct
MIT,b1c4,241,99.97628386847082,100.03872,Primary EV use,Primary EV use,correct
MIT,b1c4,242,99.97620972659814,100.02797,Primary EV use,Primary EV use,correct
MIT,b1c4,243,99.96629325112481,99.97583,Primary EV use,Primary EV use,correct
MIT,b1c4,244,99.95661773673777,100.00369,Primary EV use,Primary EV use,correct
MIT,b1c4,245,99.9317524061818,99.773026,Primary EV use,Primary EV use,correct
MIT,b1c4,246,99.93015835591879,99.90113,Primary EV use,Primary EV use,correct
MIT,b1c4,247,99.92836041550586,99.89884,Primary EV use,Primary EV use,correct
MIT,b1c4,248,99.92270709771269,99.91133,Primary EV use,Primary EV use,correct
MIT,b1c4,249,99.91865709791655,99.82849,Primary EV use,Primary EV use,correct
MIT,b1c4,250,99.91349497002999,99.8512,Primary EV use,Primary EV use,correct
MIT,b1c4,251,99.90595103448301,99.77285,Primary EV use,Primary EV use,correct
MIT,b1c4,252,99.90489451279706,99.85782,Primary EV use,Primary EV use,correct
MIT,b1c4,253,99.90288341450014,99.796005,Primary EV use,Primary EV use,correct
MIT,b1c4,254,99.89933387234474,99.7784,Primary EV use,Primary EV use,correct
MIT,b1c4,255,99.89890755657673,99.90634,Primary EV use,Primary EV use,correct
MIT,b1c4,256,99.89853684721324,100.0064,Primary EV use,Primary EV use,correct
MIT,b1c4,257,99.90411602313374,99.94779,Primary EV use,Primary EV use,correct
MIT,b1c4,258,99.91534851684743,99.917725,Primary EV use,Primary EV use,correct
MIT,b1c4,259,99.9186385624484,99.918205,Primary EV use,Primary EV use,correct
MIT,b1c4,260,99.90412529086782,99.8463,Primary EV use,Primary EV use,correct
MIT,b1c4,261,99.88526545200035,99.7475,Primary EV use,Primary EV use,correct
MIT,b1c4,262,99.87716545240815,99.73565,Primary EV use,Primary EV use,correct
MIT,b1c4,263,99.86725824466892,99.83029,Primary EV use,Primary EV use,correct
MIT,b1c4,264,99.8677679700437,99.85624,Primary EV use,Primary EV use,correct
MIT,b1c4,265,99.87583089869959,99.979485,Primary EV use,Primary EV use,correct
MIT,b1c4,266,99.88970469662813,99.93882,Primary EV use,Primary EV use,correct
MIT,b1c4,267,99.89525606934636,100.04886,Primary EV use,Primary EV use,correct
MIT,b1c4,268,99.89468146983297,99.97593,Primary EV use,Primary EV use,correct
MIT,b1c4,269,99.89204016561811,99.98202,Primary EV use,Primary EV use,correct
MIT,b1c4,270,99.8859605320569,99.99841,Primary EV use,Primary EV use,correct
MIT,b1c4,271,99.88191053226079,99.895874,Primary EV use,Primary EV use,correct
MIT,b1c4,272,99.85648913765957,99.741905,Primary EV use,Primary EV use,correct
MIT,b1c4,273,99.8369898251401,99.84983,Primary EV use,Primary EV use,correct
MIT,b1c4,274,99.83551625542022,99.81609,Primary EV use,Primary EV use,correct
MIT,b1c4,275,99.82909371569781,99.85186,Primary EV use,Primary EV use,correct
MIT,b1c4,276,99.82186488310978,99.788956,Primary EV use,Primary EV use,correct
MIT,b1c4,277,99.8277128233188,99.73627,Primary EV use,Primary EV use,correct
MIT,b1c4,278,99.8169807872458,99.86239,Primary EV use,Primary EV use,correct
MIT,b1c4,279,99.81164257241159,99.801636,Primary EV use,Primary EV use,correct
MIT,b1c4,280,99.80881591351498,99.8103,Primary EV use,Primary EV use,correct
MIT,b1c4,281,99.80260653167655,99.73431,Primary EV use,Primary EV use,correct
MIT,b1c4,282,99.79920527326655,99.726234,Primary EV use,Primary EV use,correct
MIT,b1c4,283,99.79226374043523,99.79136,Primary EV use,Primary EV use,correct
MIT,b1c4,284,99.79571133751567,99.71702,Primary EV use,Primary EV use,correct
MIT,b1c4,285,99.80106808781808,99.90165,Primary EV use,Primary EV use,correct
MIT,b1c4,286,99.80835252681062,99.80928,Primary EV use,Primary EV use,correct
MIT,b1c4,287,99.79908479272342,99.71888,Primary EV use,Primary EV use,correct
MIT,b1c4,288,99.78000252823784,99.77549,Primary EV use,Primary EV use,correct
MIT,b1c4,289,99.785544633222,99.6314,Primary EV use,Primary EV use,correct
MIT,b1c4,290,99.78178193318259,99.75948,Primary EV use,Primary EV use,correct
MIT,b1c4,291,99.7717079062298,99.82189,Primary EV use,Primary EV use,correct
MIT,b1c4,292,99.7729312471293,99.80786,Primary EV use,Primary EV use,correct
MIT,b1c4,293,99.78517392385852,99.840034,Primary EV use,Primary EV use,correct
MIT,b1c4,294,99.79645275624264,99.82608,Primary EV use,Primary EV use,correct
MIT,b1c4,295,99.8003266690911,99.83973,Primary EV use,Primary EV use,correct
MIT,b1c4,296,99.80411717233277,99.79858,Primary EV use,Primary EV use,correct
MIT,b1c4,297,99.80466396864391,99.79293,Primary EV use,Primary EV use,correct
MIT,b1c4,298,99.80502541027332,99.815544,Primary EV use,Primary EV use,correct
MIT,b1c4,299,99.79175401506043,99.69677,Primary EV use,Primary EV use,correct
MIT,b1c4,300,99.76154120193613,99.64168,Primary EV use,Primary EV use,correct
MIT,b1c4,301,99.74625870842632,99.63782,Primary EV use,Primary EV use,correct
MIT,b1c4,302,99.7406239261013,99.56911,Primary EV use,Primary EV use,correct
MIT,b1c4,303,99.73254246197726,99.578415,Primary EV use,Primary EV use,correct
MIT,b1c4,304,99.73486866323314,99.5724,Primary EV use,Primary EV use,correct
MIT,b1c4,305,99.72912266809908,99.51817,Primary EV use,Primary EV use,correct
MIT,b1c4,306,99.72428491090555,99.55739,Primary EV use,Primary EV use,correct
MIT,b1c4,307,99.71734337807423,99.520874,Primary EV use,Primary EV use,correct
MIT,b1c4,308,99.71255195955115,99.63385,Primary EV use,Primary EV use,correct
MIT,b1c4,309,99.71137495732208,99.596306,Primary EV use,Primary EV use,correct
MIT,b1c4,310,99.70928971715246,99.54401,Primary EV use,Primary EV use,correct
MIT,b1c4,311,99.70534166243131,99.48994,Primary EV use,Primary EV use,correct
MIT,b1c4,312,99.7039051636478,99.52108,Primary EV use,Primary EV use,correct
MIT,b1c4,313,99.70166237199868,99.57999,Primary EV use,Primary EV use,correct
MIT,b1c4,314,99.69205173175025,99.6179,Primary EV use,Primary EV use,correct
MIT,b1c4,315,99.69036500414639,99.54078,Primary EV use,Primary EV use,correct
MIT,b1c4,316,99.68630573661618,99.50034,Primary EV use,Primary EV use,correct
MIT,b1c4,317,99.68146797942265,99.6009,Primary EV use,Primary EV use,correct
MIT,b1c4,318,99.67515665250927,99.50466,Primary EV use,Primary EV use,correct
MIT,b1c4,319,99.67788136633091,99.487175,Primary EV use,Primary EV use,correct
MIT,b1c4,320,99.68141237301815,99.539474,Primary EV use,Primary EV use,correct
MIT,b1c4,321,99.68362736146497,99.64253,Primary EV use,Primary EV use,correct
MIT,b1c4,322,99.68739932923847,99.586845,Primary EV use,Primary EV use,correct
MIT,b1c4,323,99.6880295351564,99.53287,Primary EV use,Primary EV use,correct
MIT,b1c4,324,99.68406294496708,99.561356,Primary EV use,Primary EV use,correct
MIT,b1c4,325,99.68005928384139,99.572266,Primary EV use,Primary EV use,correct
MIT,b1c4,326,99.68080997030246,99.54328,Primary EV use,Primary EV use,correct
MIT,b1c4,327,99.65596317521467,99.44918,Primary EV use,Primary EV use,correct
MIT,b1c4,328,99.65132004043697,99.59729,Primary EV use,Primary EV use,correct
MIT,b1c4,329,99.64790951429286,99.514244,Primary EV use,Primary EV use,correct
MIT,b1c4,330,99.63793743241503,99.50251,Primary EV use,Primary EV use,correct
MIT,b1c4,331,99.63874372528062,99.53391,Primary EV use,Primary EV use,correct
MIT,b1c4,332,99.63009692937726,99.392685,Primary EV use,Primary EV use,correct
MIT,b1c4,333,99.6320246180674,99.46871,Primary EV use,Primary EV use,correct
MIT,b1c4,334,99.62922576237305,99.39708,Primary EV use,Primary EV use,correct
MIT,b1c4,335,99.62328514482317,99.44029,Primary EV use,Primary EV use,correct
MIT,b1c4,336,99.6166679826849,99.53636,Primary EV use,Primary EV use,correct
MIT,b1c4,337,99.61216386391852,99.483215,Primary EV use,Primary EV use,correct
MIT,b1c4,338,99.60916111807427,99.54335,Primary EV use,Primary EV use,correct
MIT,b1c4,339,99.67600928404529,99.6245,Primary EV use,Primary EV use,correct
MIT,b1c4,340,99.71776042610814,99.55898,Primary EV use,Primary EV use,correct
MIT,b1c4,341,99.73330241617242,99.5736,Primary EV use,Primary EV use,correct
MIT,b1c4,342,99.73061477328713,99.56539,Primary EV use,Primary EV use,correct
MIT,b1c4,343,99.72190310324514,99.567764,Primary EV use,Primary EV use,correct
MIT,b1c4,344,99.71383090685518,99.56644,Primary EV use,Primary EV use,correct
MIT,b1c4,345,99.71639806919734,99.50562,Primary EV use,Primary EV use,correct
MIT,b1c4,346,99.72023491110944,99.57589,Primary EV use,Primary EV use,correct
MIT,b1c4,347,99.74698159168513,99.54714,Primary EV use,Primary EV use,correct
MIT,b1c4,348,99.76633262045921,99.603676,Primary EV use,Primary EV use,correct
MIT,b1c4,349,99.78099417578518,99.529816,Primary EV use,Primary EV use,correct
MIT,b1c4,350,99.78973364902942,99.42992,Primary EV use,Primary EV use,correct
MIT,b1c4,351,99.79961305356639,99.43018,Primary EV use,Primary EV use,correct
MIT,b1c4,352,99.79717563950145,99.5071,Primary EV use,Primary EV use,correct
MIT,b1c4,353,99.79696248161744,99.49392,Primary EV use,Primary EV use,correct
MIT,b1c4,354,99.7726532151067,99.556946,Primary EV use,Primary EV use,correct
MIT,b1c4,355,99.74291305642085,99.574455,Primary EV use,Primary EV use,correct
MIT,b1c4,356,99.71567518593855,99.54262,Primary EV use,Primary EV use,correct
MIT,b1c4,357,99.67815939835351,99.471016,Primary EV use,Primary EV use,correct
MIT,b1c4,358,99.67816866608761,99.480705,Primary EV use,Primary EV use,correct
MIT,b1c4,359,99.67488788822074,99.459625,Primary EV use,Primary EV use,correct
MIT,b1c4,360,99.66517530289734,99.5063,Primary EV use,Primary EV use,correct
MIT,b1c4,361,99.66499921594968,99.46697,Primary EV use,Primary EV use,correct
MIT,b1c4,362,99.65785379296844,99.44716,Primary EV use,Primary EV use,correct
MIT,b1c4,363,99.65393354144956,99.50194,Primary EV use,Primary EV use,correct
MIT,b1c4,364,99.65309944538171,99.4813,Primary EV use,Primary EV use,correct
MIT,b1c4,365,99.64761294680208,99.47906,Primary EV use,Primary EV use,correct
MIT,b1c4,366,99.6420893772861,99.450035,Primary EV use,Primary EV use,correct
MIT,b1c4,367,99.64526821007802,99.48097,Primary EV use,Primary EV use,correct
MIT,b1c4,368,99.64999475446248,99.49645,Primary EV use,Primary EV use,correct
MIT,b1c4,369,99.64437850760565,99.4353,Primary EV use,Primary EV use,correct
MIT,b1c4,370,99.63196901166289,99.529884,Primary EV use,Primary EV use,correct
MIT,b1c4,371,99.62349830270718,99.38494,Primary EV use,Primary EV use,correct
MIT,b1c4,372,99.61302576318862,99.43619,Primary EV use,Primary EV use,correct
MIT,b1c4,373,99.60990253680124,99.404274,Primary EV use,Primary EV use,correct
MIT,b1c4,374,99.61058834912369,99.34526,Primary EV use,Primary EV use,correct
MIT,b1c4,375,99.6370199267404,99.506386,Primary EV use,Primary EV use,correct
MIT,b1c4,376,99.6510790793507,99.450966,Primary EV use,Primary EV use,correct
MIT,b1c4,377,99.65944784323145,99.473076,Primary EV use,Primary EV use,correct
MIT,b1c4,378,99.66094921615357,99.44641,Primary EV use,Primary EV use,correct
MIT,b1c4,379,99.66198720237135,99.46254,Primary EV use,Primary EV use,correct
MIT,b1c4,380,99.6649065386088,99.43187,Primary EV use,Primary EV use,correct
MIT,b1c4,381,99.66366466224113,99.43371,Primary EV use,Primary EV use,correct
MIT,b1c4,382,99.6347771350913,99.43218,Primary EV use,Primary EV use,correct
MIT,b1c4,383,99.60968011118314,99.39908,Primary EV use,Primary EV use,correct
MIT,b1c4,384,99.59238651937642,99.39178,Primary EV use,Primary EV use,correct
MIT,b1c4,385,99.57605677191475,99.323204,Primary EV use,Primary EV use,correct
MIT,b1c4,386,99.5695786257878,99.344536,Primary EV use,Primary EV use,correct
MIT,b1c4,387,99.5618215323568,99.345924,Primary EV use,Primary EV use,correct
MIT,b1c4,388,99.55577896973193,99.419014,Primary EV use,Primary EV use,correct
MIT,b1c4,389,99.55354544581692,99.346344,Primary EV use,Primary EV use,correct
MIT,b1c4,390,99.54947691055264,99.3585,Primary EV use,Primary EV use,correct
MIT,b1c4,391,99.5489301142415,99.31215,Primary EV use,Primary EV use,correct
MIT,b1c4,392,99.54392553783441,99.367645,Primary EV use,Primary EV use,correct
MIT,b1c4,393,99.54477816937042,99.45254,Primary EV use,Primary EV use,correct
MIT,b1c4,394,99.54167347845122,99.46272,Primary EV use,Primary EV use,correct
MIT,b1c4,395,99.49692885827817,99.2398,Primary EV use,Primary EV use,correct
MIT,b1c4,396,99.53962530921795,99.33706,Primary EV use,Primary EV use,correct
MIT,b1c4,397,99.53533434833555,99.33086,Primary EV use,Primary EV use,correct
MIT,b1c4,398,99.52101569917083,99.30243,Primary EV use,Primary EV use,correct
MIT,b1c4,399,99.51270254169461,99.3011,Primary EV use,Primary EV use,correct
MIT,b1c4,400,99.50427817140934,99.28204,Primary EV use,Primary EV use,correct
MIT,b1c4,401,99.50854132908945,99.28714,Primary EV use,Primary EV use,correct
MIT,b1c4,402,99.53016295271489,99.013756,Primary EV use,Primary EV use,correct
MIT,b1c4,403,99.54073743730841,99.392654,Primary EV use,Primary EV use,correct
MIT,b1c4,404,99.55191432461757,99.38446,Primary EV use,Primary EV use,correct
MIT,b1c4,405,99.55614967909544,99.43213,Primary EV use,Primary EV use,correct
MIT,b1c4,406,99.5587075737035,99.41229,Primary EV use,Primary EV use,correct
MIT,b1c4,407,99.55883732198073,99.26091,Primary EV use,Primary EV use,correct
MIT,b1c4,408,99.55805883231741,99.333626,Primary EV use,Primary EV use,correct
MIT,b1c4,409,99.53728984022796,99.26106,Primary EV use,Primary EV use,correct
MIT,b1c4,410,99.50762382341482,99.29428,Primary EV use,Primary EV use,correct
MIT,b1c4,411,99.48819865276802,99.21546,Primary EV use,Primary EV use,correct
MIT,b1c4,412,99.47491798982107,99.22401,Primary EV use,Primary EV use,correct
MIT,b1c4,413,99.46487176607053,99.25986,Primary EV use,Primary EV use,correct
MIT,b1c4,414,99.456632750467,99.245285,Primary EV use,Primary EV use,correct
MIT,b1c4,415,99.44990437551967,99.17831,Primary EV use,Primary EV use,correct
MIT,b1c4,416,99.44438080600371,99.25314,Primary EV use,Primary EV use,correct
MIT,b1c4,417,99.44100735079596,99.225136,Primary EV use,Primary EV use,correct
MIT,b1c4,418,99.43741146997013,99.146965,Primary EV use,Primary EV use,correct
MIT,b1c4,419,99.4144552926361,99.18388,Primary EV use,Primary EV use,correct
MIT,b1c4,420,99.43832897564477,99.20182,Primary EV use,Primary EV use,correct
MIT,b1c4,421,99.44261993652714,99.25964,Primary EV use,Primary EV use,correct
MIT,b1c4,422,99.45026581714907,99.21063,Primary EV use,Primary EV use,correct
MIT,b1c4,423,99.45492748739495,99.38022,Primary EV use,Primary EV use,correct
MIT,b1c4,424,99.44379693875622,99.20319,Primary EV use,Primary EV use,correct
MIT,b1c4,425,99.43207325513589,99.32354,Primary EV use,Primary EV use,correct
MIT,b1c4,426,99.41673515522156,99.25093,Primary EV use,Primary EV use,correct
MIT,b1c4,427,99.40495586519673,99.1273,Primary EV use,Primary EV use,correct
MIT,b1c4,428,99.4038066661699,99.251045,Primary EV use,Primary EV use,correct
MIT,b1c4,429,99.41992325574756,99.17541,Primary EV use,Primary EV use,correct
MIT,b1c4,430,99.4377358406632,99.30675,Primary EV use,Primary EV use,correct
MIT,b1c4,431,99.43160060069745,99.21444,Primary EV use,Primary EV use,correct
MIT,b1c4,432,99.4482269156499,99.22808,Primary EV use,Primary EV use,correct
MIT,b1c4,433,99.44902394078139,99.23218,Primary EV use,Primary EV use,correct
MIT,b1c4,434,99.44419545132196,99.179565,Primary EV use,Primary EV use,correct
MIT,b1c4,435,99.44363011954263,99.18171,Primary EV use,Primary EV use,correct
MIT,b1c4,436,99.4272818366128,99.12463,Primary EV use,Primary EV use,correct
MIT,b1c4,437,99.40138778757314,99.15148,Primary EV use,Primary EV use,correct
MIT,b1c4,438,99.37741215948954,99.15166,Primary EV use,Primary EV use,correct
MIT,b1c4,439,99.36182383075484,99.098885,Primary EV use,Primary EV use,correct
MIT,b1c4,440,99.34784808775134,99.08029,Primary EV use,Primary EV use,correct
MIT,b1c4,441,99.34249133744895,99.10727,Primary EV use,Primary EV use,correct
MIT,b1c4,442,99.33705117753975,99.13347,Primary EV use,Primary EV use,correct
MIT,b1c4,443,99.33248218463476,99.14538,Primary EV use,Primary EV use,correct
MIT,b1c4,444,99.3232515214839,99.07211,Primary EV use,Primary EV use,correct
MIT,b1c4,445,99.3271625052687,99.16591,Primary EV use,Primary EV use,correct
MIT,b1c4,446,99.3191088443469,99.12671,Primary EV use,Primary EV use,correct
MIT,b1c4,447,99.31969271159441,99.11268,Primary EV use,Primary EV use,correct
MIT,b1c4,448,99.31937760863545,99.09335,Primary EV use,Primary EV use,correct
MIT,b1c4,449,99.3235388212406,99.08022,Primary EV use,Primary EV use,correct
MIT,b1c4,450,99.33589271077885,99.17301,Primary EV use,Primary EV use,correct
MIT,b1c4,451,99.32283447344999,99.08082,Primary EV use,Primary EV use,correct
MIT,b1c4,452,99.31437303222836,99.057236,Primary EV use,Primary EV use,correct
MIT,b1c4,453,99.29926662566619,99.095695,Primary EV use,Primary EV use,correct
MIT,b1c4,454,99.29321479530726,99.09327,Primary EV use,Primary EV use,correct
MIT,b1c4,455,99.28827509303876,99.0719,Primary EV use,Primary EV use,correct
MIT,b1c4,456,99.29086079084911,99.11936,Primary EV use,Primary EV use,correct
MIT,b1c4,457,99.30566136218638,99.098656,Primary EV use,Primary EV use,correct
MIT,b1c4,458,99.31311262039249,99.09484,Primary EV use,Primary EV use,correct
MIT,b1c4,459,99.31482715119863,99.1094,Primary EV use,Primary EV use,correct
MIT,b1c4,460,99.31421548074887,99.038246,Primary EV use,Primary EV use,correct
MIT,b1c4,461,99.31277898196535,98.877045,Primary EV use,Primary EV use,correct
MIT,b1c4,462,99.31481788346453,99.14469,Primary EV use,Primary EV use,correct
MIT,b1c4,463,99.31366868443773,99.10772,Primary EV use,Primary EV use,correct
MIT,b1c4,464,99.29553172882906,99.0912,Primary EV use,Primary EV use,correct
MIT,b1c4,465,99.27401205027857,99.03423,Primary EV use,Primary EV use,correct
MIT,b1c4,466,99.26038848117035,98.96325,Primary EV use,Primary EV use,correct
MIT,b1c4,467,99.24821994631387,99.01304,Primary EV use,Primary EV use,correct
MIT,b1c4,468,99.23745083930451,98.97223,Primary EV use,Primary EV use,correct
MIT,b1c4,469,99.23390129714913,98.957634,Primary EV use,Primary EV use,correct
MIT,b1c4,470,99.22874843699664,98.96413,Primary EV use,Primary EV use,correct
MIT,b1c4,471,99.22371605738729,99.043144,Primary EV use,Primary EV use,correct
MIT,b1c4,472,99.21524534843157,98.941154,Primary EV use,Primary EV use,correct
MIT,b1c4,473,99.21241868953497,98.80396,Primary EV use,Primary EV use,correct
MIT,b1c4,474,99.206895120019,98.94754,Primary EV use,Primary EV use,correct
MIT,b1c4,475,99.2013252118326,98.91874,Primary EV use,Primary EV use,correct
MIT,b1c4,476,99.19156628783877,98.951065,Primary EV use,Primary EV use,correct
MIT,b1c4,477,99.19020393092795,98.937874,Primary EV use,Primary EV use,correct
MIT,b1c4,478,99.18412429736672,98.92288,Primary EV use,Primary EV use,correct
MIT,b1c4,479,99.17974065914349,98.90648,Primary EV use,Primary EV use,correct
MIT,b1c4,480,99.17249329108728,98.845184,Primary EV use,Primary EV use,correct
MIT,b1c4,481,99.16675656368731,98.86329,Primary EV use,Primary EV use,correct
MIT,b1c4,482,99.15839706754063,98.877174,Primary EV use,Primary EV use,correct
MIT,b1c4,483,99.1707509570789,98.886475,Primary EV use,Primary EV use,correct
MIT,b1c4,484,99.18900839323071,98.9579,Primary EV use,Primary EV use,correct
MIT,b1c4,485,99.21120461636956,98.93834,Primary EV use,Primary EV use,correct
MIT,b1c4,486,99.22243711008325,98.86916,Primary EV use,Primary EV use,correct
MIT,b1c4,487,99.23161216682959,98.98835,Primary EV use,Primary EV use,correct
MIT,b1c4,488,99.24079649131001,98.971954,Primary EV use,Primary EV use,correct
MIT,b1c4,489,99.23917463784474,98.90336,Primary EV use,Primary EV use,correct
MIT,b1c4,490,99.23782154866802,98.93005,Primary EV use,Primary EV use,correct
MIT,b1c4,491,99.2067653717418,98.92744,Primary EV use,Primary EV use,correct
MIT,b1c4,492,99.19136239768885,98.668434,Primary EV use,Primary EV use,correct
MIT,b1c4,493,99.14656217111128,98.81874,Primary EV use,Primary EV use,correct
MIT,b1c4,494,99.14630267455684,98.85165,Primary EV use,Primary EV use,correct
MIT,b1c4,495,99.13507018084314,98.8055,Primary EV use,Primary EV use,correct
MIT,b1c4,496,99.12559855660602,98.842804,Primary EV use,Primary EV use,correct
MIT,b1c4,497,99.11933356836306,98.79158,Primary EV use,Primary EV use,correct
MIT,b1c4,498,98.97468277472993,98.81334,Primary EV use,Primary EV use,correct
MIT,b1c4,499,98.98846389531761,98.87304,Primary EV use,Primary EV use,correct
MIT,b1c4,500,98.74766036052968,98.85157,Primary EV use,Primary EV use,correct
MIT,b1c4,501,98.70829102612721,98.65119,Primary EV use,Primary EV use,correct
MIT,b1c4,502,98.91395131325645,98.924965,Primary EV use,Primary EV use,correct
MIT,b1c4,503,99.02734203981342,98.819145,Primary EV use,Primary EV use,correct
MIT,b1c4,504,98.95302408016812,98.879585,Primary EV use,Primary EV use,correct
MIT,b1c4,505,98.94400657490127,98.806305,Primary EV use,Primary EV use,correct
MIT,b1c4,506,98.94662934364796,98.78708,Primary EV use,Primary EV use,correct
MIT,b1c4,507,98.93932636918723,98.77929,Primary EV use,Primary EV use,correct
MIT,b1c4,508,98.93753769650839,98.78092,Primary EV use,Primary EV use,correct
MIT,b1c4,509,98.93031813165445,98.77308,Primary EV use,Primary EV use,correct
MIT,b1c4,510,98.92150451653751,98.70704,Primary EV use,Primary EV use,correct
MIT,b1c4,511,98.92695394418081,98.806305,Primary EV use,Primary EV use,correct
MIT,b1c4,512,98.92737099221472,98.655014,Primary EV use,Primary EV use,correct
MIT,b1c4,513,98.93945611746445,98.82501,Primary EV use,Primary EV use,correct
MIT,b1c4,514,98.94739856557719,98.79936,Primary EV use,Primary EV use,correct
MIT,b1c4,515,98.93403449302343,98.77613,Primary EV use,Primary EV use,correct
MIT,b1c4,516,98.94938186067183,98.78534,Primary EV use,Primary EV use,correct
MIT,b1c4,517,98.9513002816279,98.81572,Primary EV use,Primary EV use,correct
MIT,b1c4,518,98.8884835799848,98.72282,Primary EV use,Primary EV use,correct
MIT,b1c4,519,98.9289835779459,98.75939,Primary EV use,Primary EV use,correct
MIT,b1c4,520,98.90207934589074,98.71187,Primary EV use,Primary EV use,correct
MIT,b1c4,521,98.88263563977576,98.65669,Primary EV use,Primary EV use,correct
MIT,b1c4,522,98.86274708242462,98.72125,Primary EV use,Primary EV use,correct
MIT,b1c4,523,98.86434113268761,98.68216,Primary EV use,Primary EV use,correct
MIT,b1c4,524,98.86107889028894,98.77863,Primary EV use,Primary EV use,correct
MIT,b1c4,525,98.8559445656046,98.68119,Primary EV use,Primary EV use,correct
MIT,b1c4,526,98.85359056114645,98.63137,Primary EV use,Primary EV use,correct
MIT,b1c4,527,98.84642660269705,98.642296,Primary EV use,Primary EV use,correct
MIT,b1c4,528,98.84438770119786,98.65662,Primary EV use,Primary EV use,correct
MIT,b1c4,529,98.84275657999852,98.65094,Primary EV use,Primary EV use,correct
MIT,b1c4,530,98.84192248393066,98.72341,Primary EV use,Primary EV use,correct
MIT,b1c4,531,98.84018014992228,98.784454,Primary EV use,Primary EV use,correct
MIT,b1c4,532,98.83953140853616,98.62954,Primary EV use,Primary EV use,correct
MIT,b1c4,533,98.8389938799591,98.70868,Primary EV use,Primary EV use,correct
MIT,b1c4,534,98.82397088300375,98.662994,Primary EV use,Primary EV use,correct
MIT,b1c4,535,98.82982809094685,98.71077,Primary EV use,Primary EV use,correct
MIT,b1c4,536,98.82894765620857,98.751816,Primary EV use,Primary EV use,correct
MIT,b1c4,537,98.82144079159792,98.671715,Primary EV use,Primary EV use,correct
MIT,b1c4,538,98.81165406440185,98.66664,Primary EV use,Primary EV use,correct
MIT,b1c4,539,98.8176317528881,98.72858,Primary EV use,Primary EV use,correct
MIT,b1c4,540,98.82619513918468,98.72788,Primary EV use,Primary EV use,correct
MIT,b1c4,541,98.82879937246318,98.72802,Primary EV use,Primary EV use,correct
MIT,b1c4,542,98.8303100131194,98.72747,Primary EV use,Primary EV use,correct
MIT,b1c4,543,98.83128312519854,98.62812,Primary EV use,Primary EV use,correct
MIT,b1c4,544,98.82439719877176,98.71774,Primary EV use,Primary EV use,correct
MIT,b1c4,545,98.81702008243835,98.73594,Primary EV use,Primary EV use,correct
MIT,b1c4,546,98.81290520850364,98.591805,Primary EV use,Primary EV use,correct
MIT,b1c4,547,98.7842401069719,98.62551,Primary EV use,Primary EV use,correct
MIT,b1c4,548,98.77623278472053,98.69118,Primary EV use,Primary EV use,correct
MIT,b1c4,549,98.76580658387243,98.71953,Primary EV use,Primary EV use,correct
MIT,b1c4,550,98.75979182444983,98.716324,Primary EV use,Primary EV use,correct
MIT,b1c4,551,98.75414777439072,98.58735,Primary EV use,Primary EV use,correct
MIT,b1c4,552,98.74834617285212,98.60518,Primary EV use,Primary EV use,correct
MIT,b1c4,553,98.74367523487217,98.581406,Primary EV use,Primary EV use,correct
MIT,b1c4,554,98.74321184816782,98.64948,Primary EV use,Primary EV use,correct
MIT,b1c4,555,98.7364834732205,98.60314,Primary EV use,Primary EV use,correct
MIT,b1c4,556,98.73193301578368,98.741646,Primary EV use,Primary EV use,correct
MIT,b1c4,557,98.7293843889097,98.67692,Primary EV use,Primary EV use,correct
MIT,b1c4,558,98.72624262705413,98.64732,Primary EV use,Primary EV use,correct
MIT,b1c4,559,98.72231310780116,98.67096,Primary EV use,Primary EV use,correct
MIT,b1c4,560,98.72860589924638,98.68641,Primary EV use,Primary EV use,correct
MIT,b1c4,561,98.72004251294979,98.68591,Primary EV use,Primary EV use,correct
MIT,b1c4,562,98.7088100192361,98.61044,Primary EV use,Primary EV use,correct
MIT,b1c4,563,98.70646528251204,98.64652,Primary EV use,Primary EV use,correct
MIT,b1c4,564,98.70549217043288,98.6038,Primary EV use,Primary EV use,correct
MIT,b1c4,565,98.69925498539219,98.71405,Primary EV use,Primary EV use,correct
MIT,b1c4,566,98.69454697647589,98.61565,Primary EV use,Primary EV use,correct
MIT,b1c4,567,98.71251711287098,98.638535,Primary EV use,Primary EV use,correct
MIT,b1c4,568,98.7271508649947,98.59269,Primary EV use,Primary EV use,correct
MIT,b1c4,569,98.73222958327447,98.6146,Primary EV use,Primary EV use,correct
MIT,b1c4,570,98.73200715765638,98.53885,Primary EV use,Primary EV use,correct
MIT,b1c4,571,98.73464846187123,98.6162,Primary EV use,Primary EV use,correct
MIT,b1c4,572,98.73637226041146,98.6392,Primary EV use,Primary EV use,correct
MIT,b1c4,573,98.73397191728287,98.61843,Primary EV use,Primary EV use,correct
MIT,b1c4,574,98.71449114023156,98.59894,Primary EV use,Primary EV use,correct
MIT,b1c4,575,98.63173027483279,98.49292,Primary EV use,Primary EV use,correct
MIT,b1c4,576,98.6568736374114,98.56958,Primary EV use,Primary EV use,correct
MIT,b1c4,577,98.6491165439804,98.71098,Primary EV use,Primary EV use,correct
MIT,b1c4,578,98.64787466761271,98.64315,Primary EV use,Primary EV use,correct
MIT,b1c4,579,98.64463096068219,98.55654,Primary EV use,Primary EV use,correct
MIT,b1c4,580,98.64617867227474,98.661255,Primary EV use,Primary EV use,correct
MIT,b1c4,581,98.63696654459206,98.6029,Primary EV use,Primary EV use,correct
MIT,b1c4,582,98.63144297507608,98.665924,Primary EV use,Primary EV use,correct
MIT,b1c4,583,98.6228888565136,98.66782,Primary EV use,Primary EV use,correct
MIT,b1c4,584,98.62167478334817,98.65932,Primary EV use,Primary EV use,correct
MIT,b1c4,585,98.61778233503155,98.65159,Primary EV use,Primary EV use,correct
MIT,b1c4,586,98.61075739259344,98.53052,Primary EV use,Primary EV use,correct
MIT,b1c4,587,98.60324126024871,98.505684,Primary EV use,Primary EV use,correct
MIT,b1c4,588,98.56124915709958,98.51192,Primary EV use,Primary EV use,correct
MIT,b1c4,589,98.5990615121754,98.5808,Primary EV use,Primary EV use,correct
MIT,b1c4,590,98.58695785145748,98.48349,Primary EV use,Primary EV use,correct
MIT,b1c4,591,98.59573439563806,98.6396,Primary EV use,Primary EV use,correct
MIT,b1c4,592,98.59742112324193,98.56217,Primary EV use,Primary EV use,correct
MIT,b1c4,593,98.58363073492019,98.62533,Primary EV use,Primary EV use,correct
MIT,b1c4,594,98.58880213054084,98.53173,Primary EV use,Primary EV use,correct
MIT,b1c4,595,98.60196231294469,98.57322,Primary EV use,Primary EV use,correct
MIT,b1c4,596,98.60975647731203,98.65926,Primary EV use,Primary EV use,correct
MIT,b1c4,597,98.61348210641509,98.67285,Primary EV use,Primary EV use,correct
MIT,b1c4,598,98.60958965809846,98.660065,Primary EV use,Primary EV use,correct
MIT,b1c4,599,98.60384366296438,98.65731,Primary EV use,Primary EV use,correct
MIT,b1c4,600,98.59884835429138,98.563675,Primary EV use,Primary EV use,correct
MIT,b1c4,601,98.5944925192704,98.55855,Primary EV use,Primary EV use,correct
MIT,b1c4,602,98.56138817311088,98.55006,Primary EV use,Primary EV use,correct
MIT,b1c4,603,98.5502946954085,98.52025,Primary EV use,Primary EV use,correct
MIT,b1c4,604,98.54961815082014,98.5116,Primary EV use,Primary EV use,correct
MIT,b1c4,605,98.53126803732745,98.56024,Primary EV use,Primary EV use,correct
MIT,b1c4,606,98.53726426128188,98.51874,Primary EV use,Primary EV use,correct
MIT,b1c4,607,98.53902513075845,98.56931,Primary EV use,Primary EV use,correct
MIT,b1c4,608,98.47396563746625,98.54766,Primary EV use,Primary EV use,correct
MIT,b1c4,609,98.52030430790231,98.498695,Primary EV use,Primary EV use,correct
MIT,b1c4,610,98.52134229412006,98.48349,Primary EV use,Primary EV use,correct
MIT,b1c4,611,98.51714401057855,98.61801,Primary EV use,Primary EV use,correct
MIT,b1c4,612,98.51187066988294,98.44069,Primary EV use,Primary EV use,correct
MIT,b1c4,613,98.49157433223196,98.478546,Primary EV use,Primary EV use,correct
MIT,b1c4,614,98.50010064759218,98.526,Primary EV use,Primary EV use,correct
MIT,b1c4,615,98.49694035026843,98.626205,Primary EV use,Primary EV use,correct
MIT,b1c4,616,98.48789504179932,98.444496,Primary EV use,Primary EV use,correct
MIT,b1c4,617,98.48911838269882,98.66223,Primary EV use,Primary EV use,correct
MIT,b1c4,618,98.49090705537768,98.63075,Primary EV use,Primary EV use,correct
MIT,b1c4,619,98.48786723859708,98.64693,Primary EV use,Primary EV use,correct
MIT,b1c4,620,98.4834928681079,98.647865,Primary EV use,Primary EV use,correct
MIT,b1c4,621,98.47205648424428,98.666435,Primary EV use,Primary EV use,correct
MIT,b1c4,622,98.46864595810018,98.54931,Primary EV use,Primary EV use,correct
MIT,b1c4,623,98.46419744573832,98.534164,Primary EV use,Primary EV use,correct
MIT,b1c4,624,98.46917421894315,98.62017,Primary EV use,Primary EV use,correct
MIT,b1c4,625,98.462566324539,98.48614,Primary EV use,Primary EV use,correct
MIT,b1c4,626,98.4583495055293,98.544075,Primary EV use,Primary EV use,correct
MIT,b1c4,627,98.44588440318202,98.40005,Primary EV use,Primary EV use,correct
MIT,b1c4,628,98.44489275563468,98.39237,Primary EV use,Primary EV use,correct
MIT,b1c4,629,98.44556930022304,98.48979,Primary EV use,Primary EV use,correct
MIT,b1c4,630,98.44027742405925,98.44573,Primary EV use,Primary EV use,correct
MIT,b1c4,631,98.43938772158687,98.434715,Primary EV use,Primary EV use,correct
MIT,b1c4,632,98.43460557079788,98.46377,Primary EV use,Primary EV use,correct
MIT,b1c4,633,98.42954538798627,98.447845,Primary EV use,Primary EV use,correct
MIT,b1c4,634,98.41928600635174,98.36898,Primary EV use,Primary EV use,correct
MIT,b1c4,635,98.37582033348272,98.23705,Primary EV use,Primary EV use,correct
MIT,b1c4,636,98.40984218531686,98.37084,Primary EV use,Primary EV use,correct
MIT,b1c4,637,98.40719161336793,98.47967,Primary EV use,Primary EV use,correct
MIT,b1c4,638,98.40972170477372,98.36347,Primary EV use,Primary EV use,correct
MIT,b1c4,639,98.39831312411238,98.4951,Primary EV use,Primary EV use,correct
MIT,b1c4,640,98.39399436002772,98.42695,Primary EV use,Primary EV use,correct
MIT,b1c4,641,98.39326220903484,98.50735,Primary EV use,Primary EV use,correct
MIT,b1c4,642,98.38738646562356,98.41381,Primary EV use,Primary EV use,correct
MIT,b1c4,643,98.39249298710561,98.39822,Primary EV use,Primary EV use,correct
MIT,b1c4,644,98.3806210197399,98.3859,Primary EV use,Primary EV use,correct
MIT,b1c4,645,98.38296575646396,98.294464,Primary EV use,Primary EV use,correct
MIT,b1c4,646,98.37683051649823,98.27583,Primary EV use,Primary EV use,correct
MIT,b1c4,647,98.37493989874444,98.428955,Primary EV use,Primary EV use,correct
MIT,b1c4,648,98.37006507061457,98.43463,Primary EV use,Primary EV use,correct
MIT,b1c4,649,98.35521816060685,98.427185,Primary EV use,Primary EV use,correct
MIT,b1c4,650,98.35400408744144,98.22849,Primary EV use,Primary EV use,correct
MIT,b1c4,651,98.36403177572379,98.56049,Primary EV use,Primary EV use,correct
MIT,b1c4,652,98.36371667276482,98.458,Primary EV use,Primary EV use,correct
MIT,b1c4,653,98.3486658726072,98.35533,Primary EV use,Primary EV use,correct
MIT,b1c4,654,98.35288269161688,98.4451,Primary EV use,Primary EV use,correct
MIT,b1c4,655,98.34224333288478,98.29937,Primary EV use,Primary EV use,correct
MIT,b1c4,656,98.3227254848971,98.21531,Primary EV use,Primary EV use,correct
MIT,b1c4,657,98.33035283005088,98.39055,Primary EV use,Primary EV use,correct
MIT,b1c4,658,98.29470912475146,98.27704,Primary EV use,Primary EV use,correct
MIT,b1c4,659,98.32263280755623,98.36538,Primary EV use,Primary EV use,correct
MIT,b1c4,660,98.3203344095026,98.39965,Primary EV use,Primary EV use,correct
MIT,b1c4,661,98.32046415777984,98.368866,Primary EV use,Primary EV use,correct
MIT,b1c4,662,98.31492205279568,98.28996,Primary EV use,Primary EV use,correct
MIT,b1c4,663,98.29863864400446,98.30683,Primary EV use,Primary EV use,correct
MIT,b1c4,664,98.30305935316404,97.62193,Primary EV use,Primary EV use,correct
MIT,b1c4,665,98.21762938034817,98.21143,Primary EV use,Primary EV use,correct
MIT,b1c4,666,98.27039985824074,98.30093,Primary EV use,Primary EV use,correct
MIT,b1c4,667,98.24491358950091,98.18541,Primary EV use,Primary EV use,correct
MIT,b1c4,668,98.27918567015541,98.22713,Primary EV use,Primary EV use,correct
MIT,b1c4,669,98.28066850760936,98.28891,Primary EV use,Primary EV use,correct
MIT,b1c4,670,98.25119711321204,98.3187,Primary EV use,Primary EV use,correct
MIT,b1c4,671,98.20363510187649,98.19009,Primary EV use,Primary EV use,correct
MIT,b1c4,672,98.24129917320691,98.23523,Primary EV use,Primary EV use,correct
MIT,b1c4,673,98.22010386534944,98.29119,Primary EV use,Primary EV use,correct
MIT,b1c4,674,98.25948246748601,98.25704,Primary EV use,Primary EV use,correct
MIT,b1c4,675,98.25959368029505,98.35891,Primary EV use,Primary EV use,correct
MIT,b1c4,676,98.23641507734293,98.32191,Primary EV use,Primary EV use,correct
MIT,b1c4,677,98.23501564949578,98.377045,Primary EV use,Primary EV use,correct
MIT,b1c4,678,98.19756473604936,98.249435,Primary EV use,Primary EV use,correct
MIT,b1c4,679,98.21901027272716,98.20206,Primary EV use,Primary EV use,correct
MIT,b1c4,680,98.23749013449707,98.38494,Primary EV use,Primary EV use,correct
MIT,b1c4,681,98.23495077535716,98.27399,Primary EV use,Primary EV use,correct
MIT,b1c4,682,98.21004837386482,98.27658,Primary EV use,Primary EV use,correct
MIT,b1c4,683,98.19502537690948,98.29098,Primary EV use,Primary EV use,correct
MIT,b1c4,684,98.21625775570327,98.28862,Primary EV use,Primary EV use,correct
MIT,b1c4,685,98.21723086778243,98.29006,Primary EV use,Primary EV use,correct
MIT,b1c4,686,98.21509928894237,98.408844,Primary EV use,Primary EV use,correct
MIT,b1c4,687,98.18162423341937,98.178535,Primary EV use,Primary EV use,correct
MIT,b1c4,688,98.20492331691462,98.39163,Primary EV use,Primary EV use,correct
MIT,b1c4,689,98.20604471273916,98.27889,Primary EV use,Primary EV use,correct
MIT,b1c4,690,98.20235615457246,98.26231,Primary EV use,Primary EV use,correct
MIT,b1c4,691,98.19712915254726,98.30261,Primary EV use,Primary EV use,correct
MIT,b1c4,692,98.19477514808912,98.26343,Primary EV use,Primary EV use,correct
MIT,b1c4,693,98.18712926746717,98.247185,Primary EV use,Primary EV use,correct
MIT,b1c4,694,98.17779665924135,98.2491,Primary EV use,Primary EV use,correct
MIT,b1c4,695,98.12152297786383,98.26263,Primary EV use,Primary EV use,correct
MIT,b1c4,696,98.16903865052893,98.374466,Primary EV use,Primary EV use,correct
MIT,b1c4,697,98.16563739211892,98.259575,Primary EV use,Primary EV use,correct
MIT,b1c4,698,98.16788018376805,98.32525,Primary EV use,Primary EV use,correct
MIT,b1c4,699,98.15716668316324,98.21549,Primary EV use,Primary EV use,correct
MIT,b1c4,700,98.16251416573154,98.39851,Primary EV use,Primary EV use,correct
MIT,b1c4,701,98.09814048476179,98.19247,Primary EV use,Primary EV use,correct
MIT,b1c4,702,98.14810283922594,98.260506,Primary EV use,Primary EV use,correct
MIT,b1c4,703,98.14679608871964,98.21309,Primary EV use,Primary EV use,correct
MIT,b1c4,704,98.11441462581895,98.20918,Primary EV use,Primary EV use,correct
MIT,b1c4,705,98.12232927072941,98.27672,Primary EV use,Primary EV use,correct
MIT,b1c4,706,98.1130522689081,98.283264,Primary EV use,Primary EV use,correct
MIT,b1c4,707,98.07310833499226,98.19778,Primary EV use,Primary EV use,correct
MIT,b1c4,708,98.10402549590717,98.29356,Primary EV use,Primary EV use,correct
MIT,b1c4,709,98.12671290895267,98.273674,Primary EV use,Primary EV use,correct
MIT,b1c4,710,98.09780684633466,98.16886,Primary EV use,Primary EV use,correct
MIT,b1c4,711,98.11115238342023,98.26695,Primary EV use,Primary EV use,correct
MIT,b1c4,712,98.12124494584121,98.2017,Primary EV use,Primary EV use,correct
MIT,b1c4,713,98.10662972918568,98.2318,Primary EV use,Primary EV use,correct
MIT,b1c4,714,98.07998499368496,98.22715,Primary EV use,Primary EV use,correct
MIT,b1c4,715,98.07992011954634,98.18225,Primary EV use,Primary EV use,correct
MIT,b1c4,716,98.09610158326261,98.21783,Primary EV use,Primary EV use,correct
MIT,b1c4,717,98.09118041646231,98.25088,Primary EV use,Primary EV use,correct
MIT,b1c4,718,98.08701920385715,98.230896,Primary EV use,Primary EV use,correct
MIT,b1c4,719,98.06869689356674,98.2,Primary EV use,Primary EV use,correct
MIT,b1c4,720,98.11621256623187,98.284004,Primary EV use,Primary EV use,correct
MIT,b1c4,721,98.10168075918311,98.20432,Primary EV use,Primary EV use,correct
MIT,b1c4,722,98.11571210859114,98.33212,Primary EV use,Primary EV use,correct
MIT,b1c4,723,98.08628705286426,98.33,Primary EV use,Primary EV use,correct
MIT,b1c4,724,98.12383991138563,98.32207,Primary EV use,Primary EV use,correct
MIT,b1c4,725,98.10373819615049,98.294266,Primary EV use,Primary EV use,correct
MIT,b1c4,726,98.03795581959946,97.99945,Primary EV use,Primary EV use,correct
MIT,b1c4,727,98.12517446509418,98.26502,Primary EV use,Primary EV use,correct
MIT,b1c4,728,98.10911348192106,98.34929,Primary EV use,Primary EV use,correct
MIT,b1c4,729,98.12078155913684,98.30755,Primary EV use,Primary EV use,correct
MIT,b1c4,730,98.07865043997639,98.19465,Primary EV use,Primary EV use,correct
MIT,b1c4,731,98.0635811043506,98.19519,Primary EV use,Primary EV use,correct
MIT,b1c4,732,98.10071691483803,98.36203,Primary EV use,Primary EV use,correct
MIT,b1c4,733,98.10749162845579,98.356544,Primary EV use,Primary EV use,correct
MIT,b1c4,734,98.12759334369095,98.33473,Primary EV use,Primary EV use,correct
MIT,b1c4,735,98.11004025532978,98.3766,Primary EV use,Primary EV use,correct
MIT,b1c4,736,98.15953922308954,98.42592,Primary EV use,Primary EV use,correct
MIT,b1c4,737,98.18152228834441,98.35062,Primary EV use,Primary EV use,correct
MIT,b1c4,738,98.15254208385372,98.35586,Primary EV use,Primary EV use,correct
MIT,b1c4,739,98.15477560776873,98.2884,Primary EV use,Primary EV use,correct
MIT,b1c4,740,98.17218968011858,98.43653,Primary EV use,Primary EV use,correct
MIT,b1c4,741,98.08511931836928,98.33397,Primary EV use,Primary EV use,correct
MIT,b1c4,742,98.07985524540773,98.340004,Primary EV use,Primary EV use,correct
MIT,b1c4,743,98.08334918115861,98.2663,Primary EV use,Primary EV use,correct
MIT,b1c4,744,98.04193167752288,98.185104,Primary EV use,Primary EV use,correct
MIT,b1c4,745,97.9999025034374,98.19114,Primary EV use,Primary EV use,correct
MIT,b1c4,746,98.0333682912263,98.20917,Primary EV use,Primary EV use,correct
MIT,b1c4,747,98.02665845174717,98.29419,Primary EV use,Primary EV use,correct
MIT,b1c4,748,98.02270112929193,98.27901,Primary EV use,Primary EV use,correct
MIT,b1c4,749,98.01752046593718,98.23583,Primary EV use,Primary EV use,correct
MIT,b1c4,750,98.00195994040475,98.14696,Primary EV use,Primary EV use,correct
MIT,b1c4,751,97.99664026103869,98.176605,Primary EV use,Primary EV use,correct
MIT,b1c4,752,97.96561188731474,98.24026,Primary EV use,Primary EV use,correct
MIT,b1c4,753,97.95982882124432,98.169624,Primary EV use,Primary EV use,correct
MIT,b1c4,754,97.97717801945555,98.23736,Primary EV use,Primary EV use,correct
MIT,b1c4,755,97.94464827280946,98.166794,Primary EV use,Primary EV use,correct
MIT,b1c4,756,97.96282229935449,98.166336,Primary EV use,Primary EV use,correct
MIT,b1c4,757,97.9620808806275,98.18373,Primary EV use,Primary EV use,correct
MIT,b1c4,758,97.94407367329606,98.199455,Primary EV use,Primary EV use,correct
MIT,b1c4,759,97.97570444973569,98.248436,Primary EV use,Primary EV use,correct
MIT,b1c4,760,97.92524163763085,98.157524,Primary EV use,Primary EV use,correct
MIT,b1c4,761,97.98826222942387,98.22269,Primary EV use,Primary EV use,correct
MIT,b1c4,762,98.00687183947097,98.36235,Primary EV use,Primary EV use,correct
MIT,b1c4,763,97.99936497486034,98.31204,Primary EV use,Primary EV use,correct
MIT,b1c4,764,98.00146875049812,98.308815,Primary EV use,Primary EV use,correct
MIT,b1c4,765,97.98117241284714,98.24665,Primary EV use,Primary EV use,correct
MIT,b1c4,766,97.95225708249507,98.20577,Primary EV use,Primary EV use,correct
MIT,b1c4,767,97.99795627927908,98.34533,Primary EV use,Primary EV use,correct
MIT,b1c4,768,97.9695321388336,98.29606,Primary EV use,Primary EV use,correct
MIT,b1c4,769,97.97939300790242,98.21412,Primary EV use,Primary EV use,correct
MIT,b1c4,770,97.9165114321207,98.172295,Primary EV use,Primary EV use,correct
MIT,b1c4,771,97.91924541367642,98.19194,Primary EV use,Primary EV use,correct
MIT,b1c4,772,97.92310079105671,98.255165,Primary EV use,Primary EV use,correct
MIT,b1c4,773,97.89103443111497,98.12456,Primary EV use,Primary EV use,correct
MIT,b1c4,774,97.88531623918317,98.20272,Primary EV use,Primary EV use,correct
MIT,b1c4,775,97.896882371324,98.18849,Primary EV use,Primary EV use,correct
MIT,b1c4,776,97.89276749738927,98.22241,Primary EV use,Primary EV use,correct
MIT,b1c4,777,97.85718866622848,98.23064,Primary EV use,Primary EV use,correct
MIT,b1c4,778,97.88377779532466,98.25722,Primary EV use,Primary EV use,correct
MIT,b1c4,779,97.88682687983938,98.24404,Primary EV use,Primary EV use,correct
MIT,b1c4,780,97.87206337943846,98.16464,Primary EV use,Primary EV use,correct
MIT,b1c4,781,97.85590045119035,98.17884,Primary EV use,Primary EV use,correct
MIT,b1c4,782,97.81998798160242,98.11369,Primary EV use,Primary EV use,correct
MIT,b1c4,783,97.81562287884735,98.11337,Primary EV use,Primary EV use,correct
MIT,b1c4,784,97.84755022277778,98.1543,Primary EV use,Primary EV use,correct
MIT,b1c4,785,97.82006212347511,98.16945,Primary EV use,Primary EV use,correct
MIT,b1c4,786,97.84098866704404,98.18332,Primary EV use,Primary EV use,correct
MIT,b1c4,787,97.83261063542919,98.21125,Primary EV use,Primary EV use,correct
MIT,b1c4,788,97.84034919339203,98.243774,Primary EV use,Primary EV use,correct
MIT,b1c4,789,97.85770765933735,98.191,Primary EV use,Primary EV use,correct
MIT,b1c4,790,97.84522402152189,98.10465,Primary EV use,Primary EV use,correct
MIT,b1c4,791,97.8611552564178,98.065834,Primary EV use,Primary EV use,correct
MIT,b1c4,792,97.8418134953778,98.13688,Primary EV use,Primary EV use,correct
MIT,b1c4,793,97.83746692809089,98.066734,Primary EV use,Primary EV use,correct
MIT,b1c4,794,97.86478820817999,98.159966,Primary EV use,Primary EV use,correct
MIT,b1c4,795,97.87757768122033,98.19859,Primary EV use,Primary EV use,correct
MIT,b1c4,796,97.86967230404396,98.17048,Primary EV use,Primary EV use,correct
MIT,b1c4,797,97.83470514333293,98.15417,Primary EV use,Primary EV use,correct
MIT,b1c4,798,97.81661452639469,98.18637,Primary EV use,Primary EV use,correct
MIT,b1c4,799,97.80832917212071,98.12527,Primary EV use,Primary EV use,correct
MIT,b1c4,800,97.79423294857408,98.15154,Primary EV use,Primary EV use,correct
MIT,b1c4,801,97.78196246864262,98.172485,Primary EV use,Primary EV use,correct
MIT,b1c4,802,97.76556784704233,98.17563,Primary EV use,Primary EV use,correct
MIT,b1c4,803,97.73304736813033,98.045944,Primary EV use,Primary EV use,correct
MIT,b1c4,804,97.70541098508228,97.878494,Primary EV use,Primary EV use,correct
MIT,b1c4,805,97.76338066179775,98.147255,Primary EV use,Primary EV use,correct
MIT,b1c4,806,97.74694896926115,98.18305,Primary EV use,Primary EV use,correct
MIT,b1c4,807,97.73667105215841,98.15819,Primary EV use,Primary EV use,correct
MIT,b1c4,808,97.72352940522276,98.15684,Primary EV use,Primary EV use,correct
MIT,b1c4,809,97.71827459999531,97.982155,Primary EV use,Primary EV use,correct
MIT,b1c4,810,97.6883027479573,97.93183,Primary EV use,Primary EV use,correct
MIT,b1c4,811,97.68655114621481,97.96638,Primary EV use,Primary EV use,correct
MIT,b1c4,812,97.69425263324129,97.969406,Primary EV use,Primary EV use,correct
MIT,b1c4,813,97.70163901730878,98.017784,Primary EV use,Primary EV use,correct
MIT,b1c4,814,97.71542013789646,98.14637,Primary EV use,Primary EV use,correct
MIT,b1c4,815,97.6671445110362,97.99131,Primary EV use,Primary EV use,correct
MIT,b1c4,816,97.66003615899132,98.05104,Primary EV use,Primary EV use,correct
MIT,b1c4,817,97.7174868425979,98.156334,Primary EV use,Primary EV use,correct
MIT,b1c4,818,97.6853185375812,98.048294,Primary EV use,Primary EV use,correct
MIT,b1c4,819,97.69036018492464,98.007835,Primary EV use,Primary EV use,correct
MIT,b1c4,820,97.69897917762576,98.058556,Primary EV use,Primary EV use,correct
MIT,b1c4,821,97.7116945087934,98.00716,Primary EV use,Primary EV use,correct
MIT,b1c4,822,97.70279748406968,98.05602,Primary EV use,Primary EV use,correct
MIT,b1c4,823,97.70605972646838,98.03885,Primary EV use,Primary EV use,correct
MIT,b1c4,824,97.69604130592012,97.908615,Primary EV use,Primary EV use,correct
MIT,b1c4,825,97.70835812452202,98.08795,Primary EV use,Primary EV use,correct
MIT,b1c4,826,97.67058284038254,97.93534,Primary EV use,Primary EV use,correct
MIT,b1c4,827,97.61620904449289,97.96351,Primary EV use,Primary EV use,correct
MIT,b1c4,828,97.64229771594839,97.886375,Primary EV use,Primary EV use,correct
MIT,b1c4,829,97.64674622831025,97.91705,Primary EV use,Primary EV use,correct
MIT,b1c4,830,97.64346545044337,97.91856,Primary EV use,Primary EV use,correct
MIT,b1c4,831,97.60783101287807,97.90004,Primary EV use,Primary EV use,correct
MIT,b1c4,832,97.53151122266989,97.8039,Primary EV use,Primary EV use,correct
MIT,b1c4,833,97.60648719143542,97.90398,Primary EV use,Primary EV use,correct
MIT,b1c4,834,97.60870217988226,97.77615,Primary EV use,Primary EV use,correct
MIT,b1c4,835,97.60031488053333,97.77617,Primary EV use,Primary EV use,correct
MIT,b1c4,836,97.60117677980345,97.828285,Primary EV use,Primary EV use,correct
MIT,b1c4,837,97.59214073906843,97.886665,Primary EV use,Primary EV use,correct
MIT,b1c4,838,97.5523080179616,97.77685,Primary EV use,Primary EV use,correct
MIT,b1c4,839,97.5524655694411,97.92938,Primary EV use,Primary EV use,correct
MIT,b1c4,840,97.55185389899133,97.84643,Primary EV use,Primary EV use,correct
MIT,b1c4,841,97.58239108280868,97.96234,Primary EV use,Primary EV use,correct
MIT,b1c4,842,97.57356819995766,97.91296,Primary EV use,Primary EV use,correct
MIT,b1c4,843,97.54409680556033,97.789246,Primary EV use,Primary EV use,correct
MIT,b1c4,844,97.57373501917122,97.94251,Primary EV use,Primary EV use,correct
MIT,b1c4,845,97.54319783535388,97.87851,Primary EV use,Primary EV use,correct
MIT,b1c4,846,97.59755309577535,97.905045,Primary EV use,Primary EV use,correct
MIT,b1c4,847,97.57936053376217,97.8868,Primary EV use,Primary EV use,correct
MIT,b1c4,848,97.55722918476192,97.89677,Primary EV use,Primary EV use,correct
MIT,b1c4,849,97.54289200012899,97.837975,Primary EV use,Primary EV use,correct
MIT,b1c4,850,97.49304085847392,97.75329,Primary EV use,Primary EV use,correct
MIT,b1c4,851,97.54473627921236,97.937965,Primary EV use,Primary EV use,correct
MIT,b1c4,852,97.53852689737393,97.81403,Primary EV use,Primary EV use,correct
MIT,b1c4,853,97.54404119915581,97.9275,Primary EV use,Primary EV use,correct
MIT,b1c4,854,97.52633982704924,97.86943,Primary EV use,Primary EV use,correct
MIT,b1c4,855,97.5229571041074,97.87236,Primary EV use,Primary EV use,correct
MIT,b1c4,856,97.47527461222873,97.72464,Primary EV use,Primary EV use,correct
MIT,b1c4,857,97.39825974196404,97.50969,Primary EV use,Primary EV use,correct
MIT,b1c4,858,97.46894474984717,97.6288,Primary EV use,Primary EV use,correct
MIT,b1c4,859,97.46656294218675,97.638756,Primary EV use,Primary EV use,correct
MIT,b1c4,860,97.48692415397635,97.73823,Primary EV use,Primary EV use,correct
MIT,b1c4,861,97.48052941745618,97.60227,Primary EV use,Primary EV use,correct
MIT,b1c4,862,97.42874131937685,97.613014,Primary EV use,Primary EV use,correct
MIT,b1c4,863,97.4476938355852,97.732414,Primary EV use,Primary EV use,correct
MIT,b1c4,864,97.42935298982663,97.600365,Primary EV use,Primary EV use,correct
MIT,b1c4,865,97.44191076951478,97.74962,Primary EV use,Primary EV use,correct
MIT,b1c4,866,97.44913033436873,97.65726,Primary EV use,Primary EV use,correct
MIT,b1c4,867,97.41597038180467,97.637,Primary EV use,Primary EV use,correct
MIT,b1c4,868,97.38327381594502,97.650444,Primary EV use,Primary EV use,correct
MIT,b1c4,869,97.40512713292266,97.58744,Primary EV use,Primary EV use,correct
MIT,b1c4,870,97.4477587097238,97.59661,Primary EV use,Primary EV use,correct
MIT,b1c4,871,97.40427450138662,97.62355,Primary EV use,Primary EV use,correct
MIT,b1c4,872,97.44723044888083,97.71446,Primary EV use,Primary EV use,correct
MIT,b1c4,873,97.40304189275302,97.799286,Primary EV use,Primary EV use,correct
MIT,b1c4,874,97.48689635077409,97.79938,Primary EV use,Primary EV use,correct
MIT,b1c4,875,97.4809464654901,97.85269,Primary EV use,Primary EV use,correct
MIT,b1c4,876,97.46303193549952,97.890236,Primary EV use,Primary EV use,correct
MIT,b1c4,877,97.46823113432245,97.9237,Primary EV use,Primary EV use,correct
MIT,b1c4,878,97.43874120445695,97.71991,Primary EV use,Primary EV use,correct
MIT,b1c4,879,95.80028922744539,94.31756,Primary EV use,Primary EV use,correct
MIT,b1c4,880,97.1040647910997,97.50484,Primary EV use,Primary EV use,correct
MIT,b1c4,881,97.36153171177642,97.6352,Primary EV use,Primary EV use,correct
MIT,b1c4,882,97.38865836944967,97.6123,Primary EV use,Primary EV use,correct
MIT,b1c4,883,97.39648960475338,97.69575,Primary EV use,Primary EV use,correct
MIT,b1c4,884,97.44528422472253,97.70781,Primary EV use,Primary EV use,correct
MIT,b1c4,885,97.41366271601697,97.71236,Primary EV use,Primary EV use,correct
MIT,b1c4,886,97.40695287653782,97.655365,Primary EV use,Primary EV use,correct
MIT,b1c4,887,97.43432976303146,97.66792,Primary EV use,Primary EV use,correct
MIT,b1c4,888,97.38784280885,97.583916,Primary EV use,Primary EV use,correct
MIT,b1c4,889,97.43164212014615,97.65756,Primary EV use,Primary EV use,correct
MIT,b1c4,890,97.42265241808157,97.60128,Primary EV use,Primary EV use,correct
MIT,b1c4,891,97.40078983336984,97.62967,Primary EV use,Primary EV use,correct
MIT,b1c4,892,97.4153123726845,97.58138,Primary EV use,Primary EV use,correct
MIT,b1c4,893,97.39774074885516,97.66554,Primary EV use,Primary EV use,correct
MIT,b1c4,894,97.33853846350605,97.60688,Primary EV use,Primary EV use,correct
MIT,b1c4,895,97.3613278216265,97.61836,Primary EV use,Primary EV use,correct
MIT,b1c4,896,97.38837106969297,97.706955,Primary EV use,Primary EV use,correct
MIT,b1c4,897,97.37901992599899,97.72718,Primary EV use,Primary EV use,correct
MIT,b1c4,898,97.39049338079894,97.77327,Primary EV use,Primary EV use,correct
MIT,b1c4,899,97.42952907677427,97.74423,Primary EV use,Primary EV use,correct
MIT,b1c4,900,97.41819463798561,97.77854,Primary EV use,Primary EV use,correct
MIT,b1c4,901,97.40555344869067,97.673386,Primary EV use,Primary EV use,correct
MIT,b1c4,902,97.4166098554567,97.68269,Primary EV use,Primary EV use,correct
MIT,b1c4,903,97.38733308347521,97.67333,Primary EV use,Primary EV use,correct
MIT,b1c4,904,97.34917782223816,97.63448,Primary EV use,Primary EV use,correct
MIT,b1c4,905,97.35702759301005,97.64996,Primary EV use,Primary EV use,correct
MIT,b1c4,906,97.3217731325423,97.65125,Primary EV use,Primary EV use,correct
MIT,b1c4,907,97.30000322517147,97.5518,Primary EV use,Primary EV use,correct
MIT,b1c4,908,97.34468297120588,97.683426,Primary EV use,Primary EV use,correct
MIT,b1c4,909,97.29918766457179,97.52289,Primary EV use,Primary EV use,correct
MIT,b1c4,910,97.29497084556209,97.65719,Primary EV use,Primary EV use,correct
MIT,b1c4,911,97.31644418544215,97.4734,Primary EV use,Primary EV use,correct
MIT,b1c4,912,97.3241642079368,97.65595,Primary EV use,Primary EV use,correct
MIT,b1c4,913,97.32123560396523,97.510666,Primary EV use,Primary EV use,correct
MIT,b1c4,914,97.31877965443215,97.52846,Primary EV use,Primary EV use,correct
MIT,b1c4,915,97.27532324929722,97.496155,Primary EV use,Primary EV use,correct
MIT,b1c4,916,97.25994807844654,97.53248,Primary EV use,Primary EV use,correct
MIT,b1c4,917,97.30485951783315,97.58198,Primary EV use,Primary EV use,correct
MIT,b1c4,918,97.27954006830689,97.53956,Primary EV use,Primary EV use,correct
MIT,b1c4,919,97.24299739280103,97.52492,Primary EV use,Primary EV use,correct
MIT,b1c4,920,97.2472883536834,97.518715,Primary EV use,Primary EV use,correct
MIT,b1c4,921,97.27300631577542,97.54845,Primary EV use,Primary EV use,correct
MIT,b1c4,922,97.22888263378623,97.458664,Primary EV use,Primary EV use,correct
MIT,b1c4,923,97.24623183199746,97.44656,Primary EV use,Primary EV use,correct
MIT,b1c4,924,97.23328480747765,97.58416,Primary EV use,Primary EV use,correct
MIT,b1c4,925,97.28545288265454,97.63908,Primary EV use,Primary EV use,correct
MIT,b1c4,926,97.30394201215852,97.649994,Primary EV use,Primary EV use,correct
MIT,b1c4,927,97.27264487414602,97.620674,Primary EV use,Primary EV use,correct
MIT,b1c4,928,97.2733214187344,97.57798,Primary EV use,Primary EV use,correct
MIT,b1c4,929,97.31195860214396,97.64365,Primary EV use,Primary EV use,correct
MIT,b1c4,930,97.33520207923468,97.68782,Primary EV use,Primary EV use,correct
MIT,b1c4,931,97.2916529967589,97.69875,Primary EV use,Primary EV use,correct
MIT,b1c4,932,97.27389601824778,97.68814,Primary EV use,Primary EV use,correct
MIT,b1c4,933,97.26711203689595,97.61428,Primary EV use,Primary EV use,correct
MIT,b1c4,934,97.21612096394814,97.51725,Primary EV use,Primary EV use,correct
MIT,b1c4,935,97.20608400793168,97.4563,Primary EV use,Primary EV use,correct
MIT,b1c4,936,97.22133869823925,97.51967,Primary EV use,Primary EV use,correct
MIT,b1c4,937,97.16303538309661,97.55585,Primary EV use,Primary EV use,correct
MIT,b1c4,938,97.19779865365773,97.44808,Primary EV use,Primary EV use,correct
MIT,b1c4,939,97.20408217736885,97.45289,Primary EV use,Primary EV use,correct
MIT,b1c4,940,97.2008570059065,97.52728,Primary EV use,Primary EV use,correct
MIT,b1c4,941,97.14992153936322,97.43149,Primary EV use,Primary EV use,correct
MIT,b1c4,942,97.17280357482453,97.44794,Primary EV use,Primary EV use,correct
MIT,b1c4,943,97.13709499538652,97.294846,Primary EV use,Primary EV use,correct
MIT,b1c4,944,97.09785540926127,97.410194,Primary EV use,Primary EV use,correct
MIT,b1c4,945,96.95062818555188,97.1344,Primary EV use,Primary EV use,correct
MIT,b1c4,946,96.93171274027989,97.36334,Primary EV use,Primary EV use,correct
MIT,b1c4,947,97.0856776066707,97.36384,Primary EV use,Primary EV use,correct
MIT,b1c4,948,96.91195393120597,97.169014,Primary EV use,Primary EV use,correct
MIT,b1c4,949,96.91742189431743,97.2412,Primary EV use,Primary EV use,correct
MIT,b1c4,950,97.1121833261601,97.324326,Primary EV use,Primary EV use,correct
MIT,b1c4,951,96.91213001815363,97.21738,Primary EV use,Primary EV use,correct
MIT,b1c4,952,96.90416903457273,97.23867,Primary EV use,Primary EV use,correct
MIT,b1c4,953,97.00284259939922,97.327034,Primary EV use,Primary EV use,correct
MIT,b1c4,954,97.00830129477659,97.28558,Primary EV use,Primary EV use,correct
MIT,b1c4,955,96.93251903314548,97.3637,Primary EV use,Primary EV use,correct
MIT,b1c4,956,96.94676354043752,97.3952,Primary EV use,Primary EV use,correct
MIT,b1c4,957,96.99334317195982,97.21052,Primary EV use,Primary EV use,correct
MIT,b1c4,958,96.92589260327313,97.28297,Primary EV use,Primary EV use,correct
MIT,b1c4,959,96.93337166468152,97.3973,Primary EV use,Primary EV use,correct
MIT,b1c4,960,97.02916296420689,97.14462,Primary EV use,Primary EV use,correct
MIT,b1c4,961,96.89242681548423,97.15801,Primary EV use,Primary EV use,correct
MIT,b1c4,962,96.80518963452134,97.03472,Primary EV use,Primary EV use,correct
MIT,b1c4,963,96.89149077434142,97.21813,Primary EV use,Primary EV use,correct
MIT,b1c4,964,96.86495725164974,97.17126,Primary EV use,Primary EV use,correct
MIT,b1c4,965,96.79382739253042,97.037315,Primary EV use,Primary EV use,correct
MIT,b1c4,966,96.78624638604708,97.12477,Primary EV use,Primary EV use,correct
MIT,b1c4,967,96.8898318499398,97.12452,Primary EV use,Primary EV use,correct
MIT,b1c4,968,96.77578311426262,97.04289,Primary EV use,Primary EV use,correct
MIT,b1c4,969,96.75186309258355,96.91967,Primary EV use,Primary EV use,correct
MIT,b1c4,970,96.79711743813138,97.02244,Primary EV use,Primary EV use,correct
MIT,b1c4,971,96.76272487693376,97.19318,Primary EV use,Primary EV use,correct
MIT,b1c4,972,96.70553368988159,96.98082,Primary EV use,Primary EV use,correct
MIT,b1c4,973,96.66710966435603,97.02487,Primary EV use,Primary EV use,correct
MIT,b1c4,974,96.72949078249702,97.06957,Primary EV use,Primary EV use,correct
MIT,b1c4,975,96.77320668418638,97.17231,Primary EV use,Primary EV use,correct
MIT,b1c4,976,96.78445771336825,97.0982,Primary EV use,Primary EV use,correct
MIT,b1c4,977,96.86102773239678,97.102135,Primary EV use,Primary EV use,correct
MIT,b1c4,978,96.76696023141162,97.111786,Primary EV use,Primary EV use,correct
MIT,b1c4,979,96.82801606357813,97.12419,Primary EV use,Primary EV use,correct
MIT,b1c4,980,96.84167670362268,97.24978,Primary EV use,Primary EV use,correct
MIT,b1c4,981,96.77272476201385,97.02125,Primary EV use,Primary EV use,correct
MIT,b1c4,982,96.80187178571812,97.2085,Primary EV use,Primary EV use,correct
MIT,b1c4,983,96.75407808103039,97.17385,Primary EV use,Primary EV use,correct
MIT,b1c4,984,96.77456904109721,97.07494,Primary EV use,Primary EV use,correct
MIT,b1c4,985,96.71189135546541,97.053566,Primary EV use,Primary EV use,correct
MIT,b1c4,986,96.71119627540888,97.078705,Primary EV use,Primary EV use,correct
MIT,b1c4,987,96.78594981855629,97.14899,Primary EV use,Primary EV use,correct
MIT,b1c4,988,96.71199330054037,96.96723,Primary EV use,Primary EV use,correct
MIT,b1c4,989,96.66391229609593,97.032875,Primary EV use,Primary EV use,correct
MIT,b1c4,990,96.74996320709567,97.15626,Primary EV use,Primary EV use,correct
MIT,b1c4,991,96.74309581613704,96.9266,Primary EV use,Primary EV use,correct
MIT,b1c4,992,96.64227213700231,96.96026,Primary EV use,Primary EV use,correct
MIT,b1c4,993,96.67111332548171,97.13721,Primary EV use,Primary EV use,correct
MIT,b1c4,994,96.69165062421895,96.94442,Primary EV use,Primary EV use,correct
MIT,b1c4,995,96.59391310053526,96.8834,Primary EV use,Primary EV use,correct
MIT,b1c4,996,96.65574742236511,96.938324,Primary EV use,Primary EV use,correct
MIT,b1c4,997,96.77282670708881,97.02404,Primary EV use,Primary EV use,correct
MIT,b1c4,998,96.63002019253902,96.95231,Primary EV use,Primary EV use,correct
MIT,b1c4,999,96.59443209364414,96.87372,Primary EV use,Primary EV use,correct
MIT,b1c4,1000,96.68020497262125,97.15088,Primary EV use,Primary EV use,correct
MIT,b1c4,1001,96.5946081805918,96.87675,Primary EV use,Primary EV use,correct
MIT,b1c4,1002,96.55539639766882,96.89295,Primary EV use,Primary EV use,correct
MIT,b1c4,1003,96.59613735671618,97.02091,Primary EV use,Primary EV use,correct
MIT,b1c4,1004,96.66782327988074,96.875496,Primary EV use,Primary EV use,correct
MIT,b1c4,1005,96.57120715202161,96.939224,Primary EV use,Primary EV use,correct
MIT,b1c4,1006,96.54676813723363,96.89397,Primary EV use,Primary EV use,correct
MIT,b1c4,1007,96.6709743094704,96.94388,Primary EV use,Primary EV use,correct
MIT,b1c4,1008,96.61172568545088,96.906494,Primary EV use,Primary EV use,correct
MIT,b1c4,1009,96.57905692279347,97.02306,Primary EV use,Primary EV use,correct
MIT,b1c4,1010,96.61273586846637,97.10158,Primary EV use,Primary EV use,correct
MIT,b1c4,1011,96.60370909546543,96.97282,Primary EV use,Primary EV use,correct
MIT,b1c4,1012,96.54596184436805,96.822556,Primary EV use,Primary EV use,correct
MIT,b1c4,1013,96.55916836544232,96.86624,Primary EV use,Primary EV use,correct
MIT,b1c4,1014,96.6135977677365,97.035484,Primary EV use,Primary EV use,correct
MIT,b1c4,1015,96.512375576036,96.9992,Primary EV use,Primary EV use,correct
MIT,b1c4,1016,96.5002811830522,96.87895,Primary EV use,Primary EV use,correct
MIT,b1c4,1017,96.57042866235828,96.869965,Primary EV use,Primary EV use,correct
MIT,b1c4,1018,96.46450772947559,96.72277,Primary EV use,Primary EV use,correct
MIT,b1c4,1019,96.42038404748638,96.69712,Primary EV use,Primary EV use,correct
MIT,b1c4,1020,96.39232134867031,96.818344,Primary EV use,Primary EV use,correct
MIT,b1c4,1021,96.4389102479267,96.70976,Primary EV use,Primary EV use,correct
MIT,b1c4,1022,96.44430406916545,96.705246,Primary EV use,Primary EV use,correct
MIT,b1c4,1023,96.48142134418472,96.744385,Primary EV use,Primary EV use,correct
MIT,b1c4,1024,96.49923392910034,96.66197,Primary EV use,Primary EV use,correct
MIT,b1c4,1025,96.43107901262302,96.8363,Primary EV use,Primary EV use,correct
MIT,b1c4,1026,96.54955772519388,96.75329,Primary EV use,Primary EV use,correct
MIT,b1c4,1027,96.49199582877823,96.752,Primary EV use,Primary EV use,correct
MIT,b1c4,1028,96.49090223615595,96.72883,Primary EV use,Primary EV use,correct
MIT,b1c4,1029,96.48615715630329,96.73818,Primary EV use,Primary EV use,correct
MIT,b1c4,1030,96.49369182411618,96.84871,Primary EV use,Primary EV use,correct
MIT,b1c4,1031,96.48378461637697,96.80712,Primary EV use,Primary EV use,correct
MIT,b1c4,1032,96.50741733829933,96.83755,Primary EV use,Primary EV use,correct
MIT,b1c4,1033,96.43156093479556,96.668564,Primary EV use,Primary EV use,correct
MIT,b1c4,1034,96.43922535088566,96.70938,Primary EV use,Primary EV use,correct
MIT,b1c4,1035,96.42961471063724,96.74145,Primary EV use,Primary EV use,correct
MIT,b1c4,1036,96.40727020375299,96.85098,Primary EV use,Primary EV use,correct
MIT,b1c4,1037,96.45460052173634,96.76853,Primary EV use,Primary EV use,correct
MIT,b1c4,1038,96.39749274429097,96.738914,Primary EV use,Primary EV use,correct
MIT,b1c4,1039,96.4080486934163,96.749664,Primary EV use,Primary EV use,correct
MIT,b1c4,1040,96.38785430084027,96.73089,Primary EV use,Primary EV use,correct
MIT,b1c4,1041,96.3592170025108,96.81504,Primary EV use,Primary EV use,correct
MIT,b1c4,1042,96.35254423396802,96.84099,Primary EV use,Primary EV use,correct
MIT,b1c4,1043,96.35171013790016,96.690254,Primary EV use,Primary EV use,correct
MIT,b1c4,1044,96.34979171694413,96.8055,Primary EV use,Primary EV use,correct
MIT,b1c4,1045,96.35465727733991,96.76598,Primary EV use,Primary EV use,correct
MIT,b1c4,1046,96.3987160851905,96.810875,Primary EV use,Primary EV use,correct
MIT,b1c4,1047,96.33870750697581,96.74528,Primary EV use,Primary EV use,correct
MIT,b1c4,1048,96.33796608824883,96.8097,Primary EV use,Primary EV use,correct
MIT,b1c4,1049,96.31446311460368,96.62677,Primary EV use,Primary EV use,correct
MIT,b1c4,1050,96.33396242712317,96.607834,Primary EV use,Primary EV use,correct
MIT,b1c4,1051,96.33055190097907,96.614845,Primary EV use,Primary EV use,correct
MIT,b1c4,1052,96.28876368797985,96.665115,Primary EV use,Primary EV use,correct
MIT,b1c4,1053,96.2822021322461,96.64335,Primary EV use,Primary EV use,correct
MIT,b1c4,1054,96.29130304711975,96.63448,Primary EV use,Primary EV use,correct
MIT,b1c4,1055,96.28042272730136,96.59479,Primary EV use,Primary EV use,correct
MIT,b1c4,1056,96.25049721393377,96.631905,Primary EV use,Primary EV use,correct
MIT,b1c4,1057,96.24266597863007,96.54123,Primary EV use,Primary EV use,correct
MIT,b1c4,1058,96.22856975508344,96.480415,Primary EV use,Primary EV use,correct
MIT,b1c4,1059,96.26819858604034,96.62662,Primary EV use,Primary EV use,correct
MIT,b1c4,1060,96.2472071683328,96.41805,Primary EV use,Primary EV use,correct
MIT,b1c4,1061,96.2158358884476,96.581406,Primary EV use,Primary EV use,correct
MIT,b1c4,1062,96.25038600112472,96.483376,Primary EV use,Primary EV use,correct
MIT,b1c4,1063,96.20304641540726,96.50842,Primary EV use,Primary EV use,correct
MIT,b1c4,1064,96.21399160936427,96.46935,Primary EV use,Primary EV use,correct
MIT,b1c4,1065,96.23089595633932,96.46159,Primary EV use,Primary EV use,correct
MIT,b1c4,1066,96.19938566044281,96.384125,Primary EV use,Primary EV use,correct
MIT,b1c4,1067,96.2163548815565,96.60544,Primary EV use,Primary EV use,correct
MIT,b1c4,1068,96.19316701087031,96.471275,Primary EV use,Primary EV use,correct
MIT,b1c4,1069,96.14220374112476,96.36634,Primary EV use,Primary EV use,correct
MIT,b1c4,1070,96.18072971172525,96.39509,Primary EV use,Primary EV use,correct
MIT,b1c4,1071,96.11706964628024,96.448746,Primary EV use,Primary EV use,correct
MIT,b1c4,1072,96.11460442901306,96.520874,Primary EV use,Primary EV use,correct
MIT,b1c4,1073,96.16996060471593,96.43388,Primary EV use,Primary EV use,correct
MIT,b1c4,1074,96.14253737955188,96.40445,Primary EV use,Primary EV use,correct
MIT,b1c4,1075,96.11142559622114,96.39167,Primary EV use,Primary EV use,correct
MIT,b1c4,1076,96.08830259967355,96.40453,Primary EV use,Primary EV use,correct
MIT,b1c4,1077,96.14003509134834,96.447,Primary EV use,Primary EV use,correct
MIT,b1c4,1078,96.075281433281,96.35497,Primary EV use,Primary EV use,correct
MIT,b1c4,1079,96.09864539091487,96.565994,Primary EV use,Primary EV use,correct
MIT,b1c4,1080,96.08982250806385,96.39478,Primary EV use,Primary EV use,correct
MIT,b1c4,1081,96.0836965358322,96.37659,Primary EV use,Primary EV use,correct
MIT,b1c4,1082,96.05294619413085,96.419174,Primary EV use,Primary EV use,correct
MIT,b1c4,1083,96.08262147867809,96.40972,Primary EV use,Primary EV use,correct
MIT,b1c4,1084,96.07801541483674,96.35448,Primary EV use,Primary EV use,correct
MIT,b1c4,1085,96.02738578351833,96.451004,Primary EV use,Primary EV use,correct
MIT,b1c4,1086,96.0255229689668,96.432236,Primary EV use,Primary EV use,correct
MIT,b1c4,1087,95.98503223873979,96.435234,Primary EV use,Primary EV use,correct
MIT,b1c4,1088,96.01169550970867,96.34373,Primary EV use,Primary EV use,correct
MIT,b1c4,1089,96.0268945936117,96.40537,Primary EV use,Primary EV use,correct
MIT,b1c4,1090,96.04149127479906,96.27597,Primary EV use,Primary EV use,correct
MIT,b1c4,1091,96.03046267123528,96.401474,Primary EV use,Primary EV use,correct
MIT,b1c4,1092,95.95530134778801,96.37625,Primary EV use,Primary EV use,correct
MIT,b1c4,1093,95.98272457295207,96.35541,Primary EV use,Primary EV use,correct
MIT,b1c4,1094,95.93571862566175,96.48039,Primary EV use,Primary EV use,correct
MIT,b1c4,1095,95.99251130014817,96.31949,Primary EV use,Primary EV use,correct
MIT,b1c4,1096,95.93729414045657,96.34018,Primary EV use,Primary EV use,correct
MIT,b1c4,1097,95.92089951885632,96.384254,Primary EV use,Primary EV use,correct
MIT,b1c4,1098,95.91928693312512,96.58181,Primary EV use,Primary EV use,correct
MIT,b1c4,1099,95.93924036461489,96.36039,Primary EV use,Primary EV use,correct
MIT,b1c4,1100,95.95267857904135,96.31806,Primary EV use,Primary EV use,correct
MIT,b1c4,1101,95.90477366154457,96.35073,Primary EV use,Primary EV use,correct
MIT,b1c4,1102,95.91748899271221,96.458786,Primary EV use,Primary EV use,correct
MIT,b1c4,1103,95.90835100690224,96.35634,Primary EV use,Primary EV use,correct
MIT,b1c4,1104,95.91613590353549,96.33713,Primary EV use,Primary EV use,correct
MIT,b1c4,1105,95.88404174039148,96.382965,Primary EV use,Primary EV use,correct
MIT,b1c4,1106,95.85809208494732,96.54822,Primary EV use,Primary EV use,correct
MIT,b1c4,1107,95.83002011839716,96.37489,Primary EV use,Primary EV use,correct
MIT,b1c4,1108,95.87556176370168,96.269714,Primary EV use,Primary EV use,correct
MIT,b1c4,1109,95.8083150851649,96.28527,Primary EV use,Primary EV use,correct
MIT,b1c4,1110,95.87545055089264,96.42863,Primary EV use,Primary EV use,correct
MIT,b1c4,1111,95.85536737112567,96.288185,Primary EV use,Primary EV use,correct
MIT,b1c4,1112,95.81148465022274,96.26777,Primary EV use,Primary EV use,correct
MIT,b1c4,1113,95.7860817910897,96.258766,Primary EV use,Primary EV use,correct
MIT,b1c4,1114,95.7944134840341,96.28103,Primary EV use,Primary EV use,correct
MIT,b1c4,1115,95.77306062469717,96.53233,Primary EV use,Primary EV use,correct
MIT,b1c4,1116,95.80768487924698,96.187195,Primary EV use,Primary EV use,correct
MIT,b1c4,1117,95.82035387174417,96.31315,Primary EV use,Primary EV use,correct
MIT,b1c4,1118,95.76686051059282,96.18102,Primary EV use,Primary EV use,correct
MIT,b1c4,1119,95.78220787824125,96.213196,Primary EV use,Primary EV use,correct
MIT,b1c4,1120,95.72775994047889,96.17393,Primary EV use,Primary EV use,correct
MIT,b1c4,1121,95.73180067254093,96.39541,Primary EV use,Primary EV use,correct
MIT,b1c4,1122,95.76105890905424,96.27046,Primary EV use,Primary EV use,correct
MIT,b1c4,1123,95.73223625604301,96.27199,Primary EV use,Primary EV use,correct
MIT,b1c4,1124,95.68642584644994,96.14205,Primary EV use,Primary EV use,correct
MIT,b1c4,1125,95.7466661180168,96.15554,Primary EV use,Primary EV use,correct
MIT,b1c4,1126,95.70456280205862,96.1988,Primary EV use,Primary EV use,correct
MIT,b1c4,1127,95.70009575422857,96.05971,Primary EV use,Primary EV use,correct
MIT,b1c4,1128,95.68578637279792,96.15561,Primary EV use,Primary EV use,correct
MIT,b1c4,1129,95.67370124754821,96.054214,Primary EV use,Primary EV use,correct
MIT,b1c4,1130,95.63924381221197,96.13674,Primary EV use,Primary EV use,correct
MIT,b1c4,1131,95.69105044575946,96.17151,Primary EV use,Primary EV use,correct
MIT,b1c4,1132,95.6850078831346,95.99909,Primary EV use,Primary EV use,correct
MIT,b1c4,1133,95.61383168534485,95.75388,Primary EV use,Primary EV use,correct
MIT,b1c4,1134,95.57559301450104,96.049934,Primary EV use,Primary EV use,correct
MIT,b1c4,1135,95.65216303352953,95.91814,Primary EV use,Primary EV use,correct
MIT,b1c4,1136,95.59765948936267,95.72069,Primary EV use,Primary EV use,correct
MIT,b1c4,1137,95.57844747659989,95.985176,Primary EV use,Primary EV use,correct
MIT,b1c4,1138,95.56833637871075,96.0061,Primary EV use,Primary EV use,correct
MIT,b1c4,1139,95.60830811582888,96.02797,Primary EV use,Primary EV use,correct
MIT,b1c4,1140,95.6048883219507,96.30809,Primary EV use,Primary EV use,correct
MIT,b1c4,1141,95.58461978750198,95.80187,Primary EV use,Primary EV use,correct
MIT,b1c4,1142,95.57190445633431,96.17335,Primary EV use,Primary EV use,correct
MIT,b1c4,1143,95.50897654188219,95.87354,Primary EV use,Primary EV use,correct
MIT,b1c4,1144,95.57006017725097,95.84422,Primary EV use,Primary EV use,correct
MIT,b1c4,1145,95.53037573988955,95.80085,Primary EV use,Primary EV use,correct
MIT,b1c4,1146,95.51568638136133,95.84982,Primary EV use,Primary EV use,correct
MIT,b1c4,1147,95.55048672285878,95.85821,Primary EV use,Primary EV use,correct
MIT,b1c4,1148,95.43627116796803,95.678276,Primary EV use,Primary EV use,correct
MIT,b1c4,1149,95.49436132522666,96.028145,Primary EV use,Primary EV use,correct
MIT,b1c4,1150,95.46478798575437,95.880806,Primary EV use,Primary EV use,correct
MIT,b1c4,1151,95.41453833153352,95.60733,Primary EV use,Primary EV use,correct
MIT,b1c4,1152,95.46515869511786,95.93055,Primary EV use,Primary EV use,correct
MIT,b1c4,1153,95.44869919937898,95.79174,Primary EV use,Primary EV use,correct
MIT,b1c4,1154,95.43748524113344,95.85649,Primary EV use,Primary EV use,correct
MIT,b1c4,1155,95.36151762482062,95.49277,Primary EV use,Primary EV use,correct
MIT,b1c4,1156,95.4444823803693,95.73843,Primary EV use,Primary EV use,correct
MIT,b1c4,1157,95.33355687107951,95.61083,Primary EV use,Primary EV use,correct
MIT,b1c4,1158,95.3247247204944,95.429794,Primary EV use,Primary EV use,correct
MIT,b1c4,1159,95.37404760130651,95.7576,Primary EV use,Primary EV use,correct
MIT,b1c4,1160,95.40654954475035,95.77035,Primary EV use,Primary EV use,correct
MIT,b1c4,1161,95.41407494482918,95.98075,Primary EV use,Primary EV use,correct
MIT,b1c4,1162,95.39229576972423,95.74285,Primary EV use,Primary EV use,correct
MIT,b1c4,1163,95.37848684593429,95.80868,Primary EV use,Primary EV use,correct
MIT,b1c4,1164,95.3492842158255,95.74498,Primary EV use,Primary EV use,correct
MIT,b1c4,1165,95.35136945599513,95.76383,Primary EV use,Primary EV use,correct
MIT,b1c4,1166,95.2772739219679,95.527,Primary EV use,Primary EV use,correct
MIT,b1c4,1167,95.26541122233628,95.562195,Primary EV use,Primary EV use,correct
MIT,b1c4,1168,95.30452106018429,95.681595,Primary EV use,Primary EV use,correct
MIT,b1c4,1169,95.26055492967457,95.54422,Primary EV use,Primary EV use,correct
MIT,b1c4,1170,95.26902563863028,95.51033,Primary EV use,Primary EV use,correct
MIT,b1c4,1171,95.26977632509134,95.728806,Primary EV use,Primary EV use,correct
MIT,b1c4,1172,95.30806133460558,95.7604,Primary EV use,Primary EV use,correct
MIT,b1c4,1173,95.23644028557968,95.53278,Primary EV use,Primary EV use,correct
MIT,b1c4,1174,95.27150012363157,95.57876,Primary EV use,Primary EV use,correct
MIT,b1c4,1175,95.24557827138965,95.63004,Primary EV use,Primary EV use,correct
MIT,b1c4,1176,95.25745023875535,95.650734,Primary EV use,Primary EV use,correct
MIT,b1c4,1177,95.23791385529952,95.70725,Primary EV use,Primary EV use,correct
MIT,b1c4,1178,95.21646831862172,95.7439,Primary EV use,Primary EV use,correct
MIT,b1c4,1179,95.23500378679614,95.58589,Primary EV use,Primary EV use,correct
MIT,b1c4,1180,95.21462403953836,95.73249,Primary EV use,Primary EV use,correct
MIT,b1c4,1181,95.1646060786697,95.73801,Primary EV use,Primary EV use,correct
MIT,b1c4,1182,95.17785893841443,95.9012,Primary EV use,Primary EV use,correct
MIT,b1c4,1183,95.15806305840412,95.556366,Primary EV use,Primary EV use,correct
MIT,b1c4,1184,95.09849933142564,95.35331,Primary EV use,Primary EV use,correct
MIT,b1c4,1185,95.17184417899182,95.67321,Primary EV use,Primary EV use,correct
MIT,b1c4,1186,95.09548731784732,95.54004,Primary EV use,Primary EV use,correct
MIT,b1c4,1187,95.09712770678075,95.714195,Primary EV use,Primary EV use,correct
MIT,b1c4,1188,95.06567301728877,95.44391,Primary EV use,Primary EV use,correct
MIT,b1c4,1189,95.02960299622136,95.43747,Primary EV use,Primary EV use,correct
MIT,b1c4,1190,95.05508926496118,95.53381,Primary EV use,Primary EV use,correct
MIT,b1c4,1191,95.06150253694953,95.50642,Primary EV use,Primary EV use,correct
MIT,b1c4,1192,95.10166889648347,95.513885,Primary EV use,Primary EV use,correct
MIT,b1c4,1193,95.06469990520961,95.69168,Primary EV use,Primary EV use,correct
MIT,b1c4,1194,95.07199361193624,95.483795,Primary EV use,Primary EV use,correct
MIT,b1c4,1195,94.97701787301054,95.287506,Primary EV use,Primary EV use,correct
MIT,b1c4,1196,95.04864818977057,95.473305,Primary EV use,Primary EV use,correct
MIT,b1c4,1197,95.03479292731019,95.535835,Primary EV use,Primary EV use,correct
MIT,b1c4,1198,95.01179041130573,95.604904,Primary EV use,Primary EV use,correct
MIT,b1c4,1199,94.9943670712218,95.51509,Primary EV use,Primary EV use,correct
MIT,b1c4,1200,94.95619327451658,95.37111,Primary EV use,Primary EV use,correct
MIT,b1c4,1201,94.98163320458596,95.392365,Primary EV use,Primary EV use,correct
MIT,b1c4,1202,94.95390414419704,95.50866,Primary EV use,Primary EV use,correct
MIT,b1c4,1203,94.94280139876057,95.4838,Primary EV use,Primary EV use,correct
MIT,b1c4,1204,94.9024126136085,95.464775,Primary EV use,Primary EV use,correct
MIT,b1c4,1205,94.93302393929855,95.334816,Primary EV use,Primary EV use,correct
MIT,b1c4,1206,94.91324659475644,95.491646,Primary EV use,Primary EV use,correct
MIT,b1c4,1207,94.91098526763919,95.30467,Primary EV use,Primary EV use,correct
MIT,b1c4,1208,94.88092073826029,95.39018,Primary EV use,Primary EV use,correct
MIT,b1c4,1209,94.91513721251025,95.51398,Primary EV use,Primary EV use,correct
MIT,b1c4,1210,94.88035540648096,95.32713,Primary EV use,Primary EV use,correct
MIT,b1c4,1211,94.87897451410197,95.27318,Primary EV use,Primary EV use,correct
MIT,b1c4,1212,94.83982760531758,95.20497,Primary EV use,Primary EV use,correct
MIT,b1c4,1213,94.85385895472562,95.20586,Primary EV use,Primary EV use,correct
MIT,b1c4,1214,94.78619522815492,95.16631,Primary EV use,Primary EV use,correct
MIT,b1c4,1215,94.7789015214283,95.22079,Primary EV use,Primary EV use,correct
MIT,b1c4,1216,94.82232085562686,95.36505,Primary EV use,Primary EV use,correct
MIT,b1c4,1217,94.80392440346375,95.29126,Primary EV use,Primary EV use,correct
MIT,b1c4,1218,94.70799408792706,95.0097,Primary EV use,Primary EV use,correct
MIT,b1c4,1219,94.76513893630879,95.08023,Primary EV use,Primary EV use,correct
MIT,b1c4,1220,94.71703012866209,95.07289,Primary EV use,Primary EV use,correct
MIT,b1c4,1221,94.70374946571512,95.16762,Primary EV use,Primary EV use,correct
MIT,b1c4,1222,94.68299900909386,95.09137,Primary EV use,Primary EV use,correct
MIT,b1c4,1223,94.73548218722972,95.170715,Primary EV use,Primary EV use,correct
MIT,b1c4,1224,94.68944935201856,95.15999,Primary EV use,Primary EV use,correct
MIT,b1c4,1225,94.71250747442753,95.17195,Primary EV use,Primary EV use,correct
MIT,b2c24,1,99.89409787892698,100.18025,Primary EV use,Primary EV use,correct
MIT,b2c24,2,100.0,100.230034,Primary EV use,Primary EV use,correct
MIT,b2c24,3,100.04918153617753,100.25257,Primary EV use,Primary EV use,correct
MIT,b2c24,4,100.19782987640824,100.14454,Primary EV use,Primary EV use,correct
MIT,b2c24,5,100.1558225962688,100.10814,Primary EV use,Primary EV use,correct
MIT,b2c24,6,100.15652412065322,100.2102,Primary EV use,Primary EV use,correct
MIT,b2c24,7,100.18656807162358,100.2077,Primary EV use,Primary EV use,correct
MIT,b2c24,8,100.17247210832585,100.20217,Primary EV use,Primary EV use,correct
MIT,b2c24,9,100.18333170579676,100.18627,Primary EV use,Primary EV use,correct
MIT,b2c24,10,100.21120560800465,100.19628,Primary EV use,Primary EV use,correct
MIT,b2c24,11,100.19770827884827,100.13091,Primary EV use,Primary EV use,correct
MIT,b2c24,12,100.21221580311821,100.19977,Primary EV use,Primary EV use,correct
MIT,b2c24,13,100.26150958319724,100.19509,Primary EV use,Primary EV use,correct
MIT,b2c24,14,100.25634636372787,100.15286,Primary EV use,Primary EV use,correct
MIT,b2c24,15,100.226760742022,100.17067,Primary EV use,Primary EV use,correct
MIT,b2c24,16,100.27497885137824,100.14603,Primary EV use,Primary EV use,correct
MIT,b2c24,17,100.27951537573084,100.20053,Primary EV use,Primary EV use,correct
MIT,b2c24,18,100.28994470491266,100.18379,Primary EV use,Primary EV use,correct
MIT,b2c24,19,100.30209510725092,100.15739,Primary EV use,Primary EV use,correct
MIT,b2c24,20,100.30073882677438,100.24487,Primary EV use,Primary EV use,correct
MIT,b2c24,21,100.33608630209099,100.180466,Primary EV use,Primary EV use,correct
MIT,b2c24,22,100.30910099743673,100.19648,Primary EV use,Primary EV use,correct
MIT,b2c24,23,100.31252443643275,100.13949,Primary EV use,Primary EV use,correct
MIT,b2c24,24,100.35701043606382,100.160324,Primary EV use,Primary EV use,correct
MIT,b2c24,25,100.33262544846116,100.11432,Primary EV use,Primary EV use,correct
MIT,b2c24,26,100.35832930190654,100.09202,Primary EV use,Primary EV use,correct
MIT,b2c24,27,100.37212594813359,100.149414,Primary EV use,Primary EV use,correct
MIT,b2c24,28,100.3393507288932,100.15091,Primary EV use,Primary EV use,correct
MIT,b2c24,29,100.33661946062315,100.18695,Primary EV use,Primary EV use,correct
MIT,b2c24,30,100.32486191194019,100.172485,Primary EV use,Primary EV use,correct
MIT,b2c24,31,100.32891204605295,100.20858,Primary EV use,Primary EV use,correct
MIT,b2c24,32,100.28896257077446,100.111404,Primary EV use,Primary EV use,correct
MIT,b2c24,33,100.31888492418486,100.11323,Primary EV use,Primary EV use,correct
MIT,b2c24,34,100.27609193673486,100.14842,Primary EV use,Primary EV use,correct
MIT,b2c24,35,100.28751275371333,100.10273,Primary EV use,Primary EV use,correct
MIT,b2c24,36,100.33513222892819,100.18408,Primary EV use,Primary EV use,correct
MIT,b2c24,37,100.33545960697425,100.13318,Primary EV use,Primary EV use,correct
MIT,b2c24,38,100.40077620399357,100.187386,Primary EV use,Primary EV use,correct
MIT,b2c24,39,100.38365900901356,100.09955,Primary EV use,Primary EV use,correct
MIT,b2c24,40,100.40461120396178,100.134346,Primary EV use,Primary EV use,correct
MIT,b2c24,41,100.3875314236156,100.11176,Primary EV use,Primary EV use,correct
MIT,b2c24,42,100.37265910666575,100.19027,Primary EV use,Primary EV use,correct
MIT,b2c24,43,100.34548672884232,100.15948,Primary EV use,Primary EV use,correct
MIT,b2c24,44,100.37487592372054,100.13651,Primary EV use,Primary EV use,correct
MIT,b2c24,45,100.35143565562225,100.15772,Primary EV use,Primary EV use,correct
MIT,b2c24,46,100.36022809457373,100.18112,Primary EV use,Primary EV use,correct
MIT,b2c24,47,100.36272552138227,100.147484,Primary EV use,Primary EV use,correct
MIT,b2c24,48,100.33279381431343,100.23987,Primary EV use,Primary EV use,correct
MIT,b2c24,49,100.32641461924436,100.08794,Primary EV use,Primary EV use,correct
MIT,b2c24,50,100.36374507015434,100.072914,Primary EV use,Primary EV use,correct
MIT,b2c24,51,100.35640244826398,100.061554,Primary EV use,Primary EV use,correct
MIT,b2c24,52,100.29992505848844,100.086586,Primary EV use,Primary EV use,correct
MIT,b2c24,53,100.33726486305683,100.23241,Primary EV use,Primary EV use,correct
MIT,b2c24,54,100.33004383872648,100.173096,Primary EV use,Primary EV use,correct
MIT,b2c24,55,100.33638561916169,100.08781,Primary EV use,Primary EV use,correct
MIT,b2c24,56,100.30380682674893,100.06139,Primary EV use,Primary EV use,correct
MIT,b2c24,57,100.25197820522752,100.03902,Primary EV use,Primary EV use,correct
MIT,b2c24,58,100.3438685459289,100.139595,Primary EV use,Primary EV use,correct
MIT,b2c24,59,100.3085117169538,100.01074,Primary EV use,Primary EV use,correct
MIT,b2c24,60,100.3112523388823,100.137505,Primary EV use,Primary EV use,correct
MIT,b2c24,61,100.32578792412762,100.1605,Primary EV use,Primary EV use,correct
MIT,b2c24,62,100.30835270476001,100.064514,Primary EV use,Primary EV use,correct
MIT,b2c24,63,100.2748011318675,100.08408,Primary EV use,Primary EV use,correct
MIT,b2c24,64,100.34809639955238,100.181656,Primary EV use,Primary EV use,correct
MIT,b2c24,65,100.32419780218957,100.14215,Primary EV use,Primary EV use,correct
MIT,b2c24,66,100.32849113142228,99.89017,Primary EV use,Primary EV use,correct
MIT,b2c24,67,100.32993159482496,100.01827,Primary EV use,Primary EV use,correct
MIT,b2c24,68,100.30192674139866,100.10178,Primary EV use,Primary EV use,correct
MIT,b2c24,69,100.29623036339711,100.19373,Primary EV use,Primary EV use,correct
MIT,b2c24,70,100.31172937546371,100.20016,Primary EV use,Primary EV use,correct
MIT,b2c24,71,100.29374229024704,100.13493,Primary EV use,Primary EV use,correct
MIT,b2c24,72,100.28844811955922,100.079025,Primary EV use,Primary EV use,correct
MIT,b2c24,73,100.29767082679982,99.9754,Primary EV use,Primary EV use,correct
MIT,b2c24,74,100.30404066821039,99.96279,Primary EV use,Primary EV use,correct
MIT,b2c24,75,100.28341585130826,99.932755,Primary EV use,Primary EV use,correct
MIT,b2c24,76,100.29655774144317,99.971794,Primary EV use,Primary EV use,correct
MIT,b2c24,77,100.25860994907494,99.9328,Primary EV use,Primary EV use,correct
MIT,b2c24,78,100.26210821733864,100.08499,Primary EV use,Primary EV use,correct
MIT,b2c24,79,100.25031325402179,100.02617,Primary EV use,Primary EV use,correct
MIT,b2c24,80,100.25841352224731,100.13373,Primary EV use,Primary EV use,correct
MIT,b2c24,81,100.27896350988176,99.98091,Primary EV use,Primary EV use,correct
MIT,b2c24,82,100.23515097365974,99.9882,Primary EV use,Primary EV use,correct
MIT,b2c24,83,100.21653719332629,100.023026,Primary EV use,Primary EV use,correct
MIT,b2c24,84,100.2897950463773,100.17928,Primary EV use,Primary EV use,correct
MIT,b2c24,85,100.2782245708635,100.02935,Primary EV use,Primary EV use,correct
MIT,b2c24,86,100.24198849799326,99.92921,Primary EV use,Primary EV use,correct
MIT,b2c24,87,100.2462537662506,100.05934,Primary EV use,Primary EV use,correct
MIT,b2c24,88,100.22995033955651,99.94909,Primary EV use,Primary EV use,correct
MIT,b2c24,89,100.23342054684481,100.11735,Primary EV use,Primary EV use,correct
MIT,b2c24,90,100.23902338826176,100.00904,Primary EV use,Primary EV use,correct
MIT,b2c24,91,100.24442980285109,100.06342,Primary EV use,Primary EV use,correct
MIT,b2c24,92,100.24217557116243,99.83286,Primary EV use,Primary EV use,correct
MIT,b2c24,93,100.22048443719598,99.96048,Primary EV use,Primary EV use,correct
MIT,b2c24,94,100.21358143725323,99.90303,Primary EV use,Primary EV use,correct
MIT,b2c24,95,100.20133749833037,99.9243,Primary EV use,Primary EV use,correct
MIT,b2c24,96,100.18592266918994,99.849106,Primary EV use,Primary EV use,correct
MIT,b2c24,97,100.1677578644625,99.83585,Primary EV use,Primary EV use,correct
MIT,b2c24,98,100.20316146172989,100.04561,Primary EV use,Primary EV use,correct
MIT,b2c24,99,100.17869229120109,99.97878,Primary EV use,Primary EV use,correct
MIT,b2c24,100,100.19975673005081,100.072945,Primary EV use,Primary EV use,correct
MIT,b2c24,101,100.19328399839718,99.93166,Primary EV use,Primary EV use,correct
MIT,b2c24,102,100.16153768158725,99.88396,Primary EV use,Primary EV use,correct
MIT,b2c24,103,100.14635669390827,99.93261,Primary EV use,Primary EV use,correct
MIT,b2c24,104,100.15159474264533,99.99493,Primary EV use,Primary EV use,correct
MIT,b2c24,105,100.1232250965391,99.904045,Primary EV use,Primary EV use,correct
MIT,b2c24,106,100.15690762065003,99.98252,Primary EV use,Primary EV use,correct
MIT,b2c24,107,100.1320830110998,99.85875,Primary EV use,Primary EV use,correct
MIT,b2c24,108,100.11240291370203,100.01635,Primary EV use,Primary EV use,correct
MIT,b2c24,109,100.14308291344763,100.06751,Primary EV use,Primary EV use,correct
MIT,b2c24,110,100.159657596237,99.961205,Primary EV use,Primary EV use,correct
MIT,b2c24,111,100.17126548638464,99.82639,Primary EV use,Primary EV use,correct
MIT,b2c24,112,100.11459166978145,99.77548,Primary EV use,Primary EV use,correct
MIT,b2c24,113,100.1175006575622,99.88202,Primary EV use,Primary EV use,correct
MIT,b2c24,114,100.09334951142101,99.9534,Primary EV use,Primary EV use,correct
MIT,b2c24,115,100.18117101069272,99.90495,Primary EV use,Primary EV use,correct
MIT,b2c24,116,100.1171826331746,99.933716,Primary EV use,Primary EV use,correct
MIT,b2c24,117,100.10572440156228,99.93429,Primary EV use,Primary EV use,correct
MIT,b2c24,118,100.09283506020574,99.83494,Primary EV use,Primary EV use,correct
MIT,b2c24,119,100.07366006036476,99.85461,Primary EV use,Primary EV use,correct
MIT,b2c24,120,100.06939479210746,99.87504,Primary EV use,Primary EV use,correct
MIT,b2c24,121,100.08795245049016,99.772934,Primary EV use,Primary EV use,correct
MIT,b2c24,122,100.05997565803924,99.77453,Primary EV use,Primary EV use,correct
MIT,b2c24,123,100.06628937749909,99.932495,Primary EV use,Primary EV use,correct
MIT,b2c24,124,100.0784678408127,99.88209,Primary EV use,Primary EV use,correct
MIT,b2c24,125,100.04236271916089,99.903984,Primary EV use,Primary EV use,correct
MIT,b2c24,126,100.04796556057785,99.848724,Primary EV use,Primary EV use,correct
MIT,b2c24,127,100.01684593888471,99.91225,Primary EV use,Primary EV use,correct
MIT,b2c24,128,100.00371340240824,99.72073,Primary EV use,Primary EV use,correct
MIT,b2c24,129,99.99705359758542,99.792465,Primary EV use,Primary EV use,correct
MIT,b2c24,130,99.9843419757396,99.78926,Primary EV use,Primary EV use,correct
MIT,b2c24,131,100.00609858531529,99.93367,Primary EV use,Primary EV use,correct
MIT,b2c24,132,100.02320642663682,99.66016,Primary EV use,Primary EV use,correct
MIT,b2c24,133,99.97732673189536,99.835526,Primary EV use,Primary EV use,correct
MIT,b2c24,134,99.99639884149327,99.8057,Primary EV use,Primary EV use,correct
MIT,b2c24,135,100.03098867047473,99.73022,Primary EV use,Primary EV use,correct
MIT,b2c24,136,99.99496773174906,99.84303,Primary EV use,Primary EV use,correct
MIT,b2c24,137,99.98350950013676,99.7349,Primary EV use,Primary EV use,correct
MIT,b2c24,138,99.96228604909322,99.55624,Primary EV use,Primary EV use,correct
MIT,b2c24,139,99.96072398813058,99.557175,Primary EV use,Primary EV use,correct
MIT,b2c24,140,99.93703117125389,99.68197,Primary EV use,Primary EV use,correct
MIT,b2c24,141,99.9634365490837,99.78391,Primary EV use,Primary EV use,correct
MIT,b2c24,142,99.92738754938266,99.679016,Primary EV use,Primary EV use,correct
MIT,b2c24,143,99.91804324458208,99.78778,Primary EV use,Primary EV use,correct
MIT,b2c24,144,99.92000751285848,99.67955,Primary EV use,Primary EV use,correct
MIT,b2c24,145,99.89819478133204,99.83068,Primary EV use,Primary EV use,correct
MIT,b2c24,146,99.91565806167503,99.765686,Primary EV use,Primary EV use,correct
MIT,b2c24,147,99.88749419605493,99.81021,Primary EV use,Primary EV use,correct
MIT,b2c24,148,99.8921803789429,99.667015,Primary EV use,Primary EV use,correct
MIT,b2c24,149,99.86266023284624,99.467125,Primary EV use,Primary EV use,correct
MIT,b2c24,150,99.84363489154059,99.694984,Primary EV use,Primary EV use,correct
MIT,b2c24,151,99.83270046480199,99.66581,Primary EV use,Primary EV use,correct
MIT,b2c24,152,99.84739506224112,99.59491,Primary EV use,Primary EV use,correct
MIT,b2c24,153,99.81488174543756,99.53758,Primary EV use,Primary EV use,correct
MIT,b2c24,154,99.82168185513729,99.64113,Primary EV use,Primary EV use,correct
MIT,b2c24,155,99.79189980660375,99.566315,Primary EV use,Primary EV use,correct
MIT,b2c24,156,99.80489203820333,99.61489,Primary EV use,Primary EV use,correct
MIT,b2c24,157,99.80468625771725,99.387344,Primary EV use,Primary EV use,correct
MIT,b2c24,158,99.79098314807477,99.58403,Primary EV use,Primary EV use,correct
MIT,b2c24,159,99.77933784329329,99.63906,Primary EV use,Primary EV use,correct
MIT,b2c24,160,99.75835758736972,99.46538,Primary EV use,Primary EV use,correct
MIT,b2c24,161,99.7852493554394,99.6627,Primary EV use,Primary EV use,correct
MIT,b2c24,162,99.76324019708534,99.43999,Primary EV use,Primary EV use,correct
MIT,b2c24,163,99.7586849654158,99.31905,Primary EV use,Primary EV use,correct
MIT,b2c24,164,99.74744186794806,99.42767,Primary EV use,Primary EV use,correct
MIT,b2c24,165,99.73797596558751,99.41677,Primary EV use,Primary EV use,correct
MIT,b2c24,166,99.68555806358319,99.356865,Primary EV use,Primary EV use,correct
MIT,b2c24,167,99.69962596590554,99.5083,Primary EV use,Primary EV use,correct
MIT,b2c24,168,99.68363120994063,99.60665,Primary EV use,Primary EV use,correct
MIT,b2c24,169,99.65299797848733,99.36184,Primary EV use,Primary EV use,correct
MIT,b2c24,170,99.66061185647298,99.596535,Primary EV use,Primary EV use,correct
MIT,b2c24,171,99.6477318687749,99.23202,Primary EV use,Primary EV use,correct
MIT,b2c24,172,99.63227027134216,99.40591,Primary EV use,Primary EV use,correct
MIT,b2c24,173,99.62120489338514,99.45517,Primary EV use,Primary EV use,correct
MIT,b2c24,174,99.59020686925194,99.43509,Primary EV use,Primary EV use,correct
MIT,b2c24,175,99.60136578379355,99.395134,Primary EV use,Primary EV use,correct
MIT,b2c24,176,99.56943239381447,99.471664,Primary EV use,Primary EV use,correct
MIT,b2c24,177,99.58665247903753,99.39817,Primary EV use,Primary EV use,correct
MIT,b2c24,178,99.5820691863926,99.246506,Primary EV use,Primary EV use,correct
MIT,b2c24,179,99.5408008452714,99.257355,Primary EV use,Primary EV use,correct
MIT,b2c24,180,99.50952221138446,99.06856,Primary EV use,Primary EV use,correct
MIT,b2c24,181,99.58050712542995,99.312965,Primary EV use,Primary EV use,correct
MIT,b2c24,182,99.53509511361142,99.28794,Primary EV use,Primary EV use,correct
MIT,b2c24,183,99.5296606380467,99.30367,Primary EV use,Primary EV use,correct
MIT,b2c24,184,99.53733063798312,99.323006,Primary EV use,Primary EV use,correct
MIT,b2c24,185,99.48392124818211,99.209404,Primary EV use,Primary EV use,correct
MIT,b2c24,186,99.49710055295088,99.41817,Primary EV use,Primary EV use,correct
MIT,b2c24,187,99.5028249919278,99.403275,Primary EV use,Primary EV use,correct
MIT,b2c24,188,99.48733533351965,99.37884,Primary EV use,Primary EV use,correct
MIT,b2c24,189,99.48355645550222,99.36348,Primary EV use,Primary EV use,correct
MIT,b2c24,190,99.4573100898662,99.0762,Primary EV use,Primary EV use,correct
MIT,b2c24,191,99.44555254118323,99.30094,Primary EV use,Primary EV use,correct
MIT,b2c24,192,99.45889085814579,99.3627,Primary EV use,Primary EV use,correct
MIT,b2c24,193,99.41497543168069,99.017586,Primary EV use,Primary EV use,correct
MIT,b2c24,194,99.42050344382997,98.94203,Primary EV use,Primary EV use,correct
MIT,b2c24,195,99.39122649285325,99.0194,Primary EV use,Primary EV use,correct
MIT,b2c24,196,99.388083663611,99.06319,Primary EV use,Primary EV use,correct
MIT,b2c24,197,99.38558623680247,99.01078,Primary EV use,Primary EV use,correct
MIT,b2c24,198,99.38071298074533,98.9089,Primary EV use,Primary EV use,correct
MIT,b2c24,199,99.33822866402446,98.94773,Primary EV use,Primary EV use,correct
MIT,b2c24,200,99.34572094445011,98.98455,Primary EV use,Primary EV use,correct
MIT,b2c24,201,99.34970560295366,98.99207,Primary EV use,Primary EV use,correct
MIT,b2c24,202,99.32315992024698,98.83801,Primary EV use,Primary EV use,correct
MIT,b2c24,203,99.31418976178477,98.77884,Primary EV use,Primary EV use,correct
MIT,b2c24,204,99.31312344472045,98.93538,Primary EV use,Primary EV use,correct
MIT,b2c24,205,99.28905648150538,97.665565,Primary EV use,Primary EV use,correct
MIT,b2c24,206,99.2830046644824,97.91539,Primary EV use,Primary EV use,correct
MIT,b2c24,207,99.27860844500667,97.7784,Primary EV use,Primary EV use,correct
MIT,b2c24,208,99.26424122561362,98.89156,Primary EV use,Primary EV use,correct
MIT,b2c24,209,99.23293453075128,97.810486,Primary EV use,Primary EV use,correct
MIT,b2c24,210,99.20883950656084,97.67257,Primary EV use,Primary EV use,correct
MIT,b2c24,211,99.20848406753939,97.87498,Primary EV use,Primary EV use,correct
MIT,b2c24,212,99.2391827746019,97.83954,Primary EV use,Primary EV use,correct
MIT,b2c24,213,99.19927071395726,97.62743,Primary EV use,Primary EV use,correct
MIT,b2c24,214,99.18056339703924,97.59292,Primary EV use,Primary EV use,correct
MIT,b2c24,215,99.11967108047102,97.72824,Primary EV use,Primary EV use,correct
MIT,b2c24,216,99.1147229951462,97.78013,Primary EV use,Primary EV use,correct
MIT,b2c24,217,99.08329470272392,97.58714,Primary EV use,Primary EV use,correct
MIT,b2c24,218,99.10360149523844,97.83964,Primary EV use,Primary EV use,correct
MIT,b2c24,219,99.08710164171673,97.82099,Primary EV use,Primary EV use,correct
MIT,b2c24,220,99.05767503220466,97.57572,Primary EV use,Primary EV use,correct
MIT,b2c24,221,99.11288967808825,97.79603,Primary EV use,Primary EV use,correct
MIT,b2c24,222,99.05872264195204,97.67733,Primary EV use,Primary EV use,correct
MIT,b2c24,223,99.0179500447292,97.69096,Primary EV use,Primary EV use,correct
MIT,b2c24,224,99.01499428865615,97.83289,Primary EV use,Primary EV use,correct
MIT,b2c24,225,98.98986100837675,97.6311,Primary EV use,Primary EV use,correct
MIT,b2c24,226,98.99418239858484,97.629524,Primary EV use,Primary EV use,correct
MIT,b2c24,227,98.98228454502495,97.95744,Primary EV use,Primary EV use,correct
MIT,b2c24,228,98.97052699634197,97.65106,Primary EV use,Primary EV use,correct
MIT,b2c24,229,98.92191603333045,97.89736,Primary EV use,Primary EV use,correct
MIT,b2c24,230,98.95138941113483,97.583466,Primary EV use,Primary EV use,correct
MIT,b2c24,231,98.94136228926676,97.81757,Primary EV use,Primary EV use,correct
MIT,b2c24,232,98.92187861869661,97.58091,Primary EV use,Primary EV use,correct
MIT,b2c24,233,98.90308711885247,97.8153,Primary EV use,Primary EV use,correct
MIT,b2c24,234,98.85717936313559,97.86922,Primary EV use,Primary EV use,correct
MIT,b2c24,235,98.91269332608988,97.64504,Primary EV use,Primary EV use,correct
MIT,b2c24,236,98.87698105809334,97.9136,Primary EV use,Primary EV use,correct
MIT,b2c24,237,98.88148952147058,97.734695,Primary EV use,Primary EV use,correct
MIT,b2c24,238,98.83751797305473,97.805664,Primary EV use,Primary EV use,correct
MIT,b2c24,239,98.80693150989374,97.62044,Primary EV use,Primary EV use,correct
MIT,b2c24,240,98.7733425223674,97.66328,Primary EV use,Primary EV use,correct
MIT,b2c24,241,98.81335747325508,97.88482,Primary EV use,Primary EV use,correct
MIT,b2c24,242,98.7746239735763,97.80274,Primary EV use,Primary EV use,correct
MIT,b2c24,243,98.78289260765408,97.59184,Primary EV use,Primary EV use,correct
MIT,b2c24,244,98.76224908343502,97.83555,Primary EV use,Primary EV use,correct
MIT,b2c24,245,98.71623843747508,97.8217,Primary EV use,Primary EV use,correct
MIT,b2c24,246,98.70521047415191,97.70414,Primary EV use,Primary EV use,correct
MIT,b2c24,247,98.68732627917827,97.63307,Primary EV use,Primary EV use,correct
MIT,b2c24,248,98.3526710868315,97.23754,Primary EV use,Primary EV use,correct
MIT,b2c24,249,98.55288614614682,97.70084,Primary EV use,Primary EV use,correct
MIT,b2c24,250,98.64848988925642,97.79974,Primary EV use,Primary EV use,correct
MIT,b2c24,251,98.65993876721026,97.61182,Primary EV use,Primary EV use,correct
MIT,b2c24,252,98.62747221869903,97.59893,Primary EV use,Primary EV use,correct
MIT,b2c24,253,98.65023902338828,97.570496,Primary EV use,Primary EV use,correct
MIT,b2c24,254,98.62431068213986,97.550224,Primary EV use,Primary EV use,correct
MIT,b2c24,255,98.5737260971935,97.4536,Primary EV use,Primary EV use,correct
MIT,b2c24,256,98.6004962677032,97.61969,Primary EV use,Primary EV use,correct
MIT,b2c24,257,98.57498884108546,97.733,Primary EV use,Primary EV use,correct
MIT,b2c24,258,98.56492430458356,97.41028,Primary EV use,Primary EV use,correct
MIT,b2c24,259,98.57298715817522,97.54685,Primary EV use,Primary EV use,correct
MIT,b2c24,260,98.5412221340484,97.62776,Primary EV use,Primary EV use,correct
MIT,b2c24,261,98.51336693915746,97.70943,Primary EV use,Primary EV use,correct
MIT,b2c24,262,98.50477092703362,97.60472,Primary EV use,Primary EV use,correct
MIT,b2c24,263,98.48050753699091,97.189316,Primary EV use,Primary EV use,correct
MIT,b2c24,264,98.47356712241432,97.55038,Primary EV use,Primary EV use,correct
MIT,b2c24,265,98.4447017324098,97.367805,Primary EV use,Primary EV use,correct
MIT,b2c24,266,98.40727774491526,97.06096,Primary EV use,Primary EV use,correct
MIT,b2c24,267,98.44649763483392,97.397934,Primary EV use,Primary EV use,correct
MIT,b2c24,268,98.39603464744752,97.41597,Primary EV use,Primary EV use,correct
MIT,b2c24,269,98.37879585490757,97.6487,Primary EV use,Primary EV use,correct
MIT,b2c24,270,98.40468678152212,97.226364,Primary EV use,Primary EV use,correct
MIT,b2c24,271,98.38646585484395,97.28286,Primary EV use,Primary EV use,correct
MIT,b2c24,272,98.35725437947643,97.37602,Primary EV use,Primary EV use,correct
MIT,b2c24,273,98.3505945746536,97.37219,Primary EV use,Primary EV use,correct
MIT,b2c24,274,98.32017647734487,97.14551,Primary EV use,Primary EV use,correct
MIT,b2c24,275,98.2907779288082,97.34439,Primary EV use,Primary EV use,correct
MIT,b2c24,276,98.27965642890042,97.150635,Primary EV use,Primary EV use,correct
MIT,b2c24,277,98.26015405101336,97.42345,Primary EV use,Primary EV use,correct
MIT,b2c24,278,98.26393292903082,97.809265,Primary EV use,Primary EV use,correct
MIT,b2c24,279,98.23717211217955,97.16196,Primary EV use,Primary EV use,correct
MIT,b2c24,280,98.22324451473406,97.345924,Primary EV use,Primary EV use,correct
MIT,b2c24,281,98.21546227089617,97.22939,Primary EV use,Primary EV use,correct
MIT,b2c24,282,98.1834072833571,97.01644,Primary EV use,Primary EV use,correct
MIT,b2c24,283,98.18349146628324,97.26415,Primary EV use,Primary EV use,correct
MIT,b2c24,284,98.20289095392725,96.98087,Primary EV use,Primary EV use,correct
MIT,b2c24,285,98.15178256410717,96.94148,Primary EV use,Primary EV use,correct
MIT,b2c24,286,98.14715250316996,96.93876,Primary EV use,Primary EV use,correct
MIT,b2c24,287,98.11998947900497,96.971664,Primary EV use,Primary EV use,correct
MIT,b2c24,288,98.06368980874014,96.9671,Primary EV use,Primary EV use,correct
MIT,b2c24,289,98.03914580894367,97.04385,Primary EV use,Primary EV use,correct
MIT,b2c24,290,98.04218574794284,97.219986,Primary EV use,Primary EV use,correct
MIT,b2c24,291,98.02325394322182,96.784256,Primary EV use,Primary EV use,correct
MIT,b2c24,292,98.02649030904863,96.830414,Primary EV use,Primary EV use,correct
MIT,b2c24,293,97.99193789470101,96.69721,Primary EV use,Primary EV use,correct
MIT,b2c24,294,97.97469910216104,96.8965,Primary EV use,Primary EV use,correct
MIT,b2c24,295,97.98278066306962,97.07282,Primary EV use,Primary EV use,correct
MIT,b2c24,296,97.93691967564507,97.04377,Primary EV use,Primary EV use,correct
MIT,b2c24,297,97.9394171024536,96.82236,Primary EV use,Primary EV use,correct
MIT,b2c24,298,97.92943674887785,96.9813,Primary EV use,Primary EV use,correct
MIT,b2c24,299,97.88877639555649,97.07811,Primary EV use,Primary EV use,correct
MIT,b2c24,300,97.88636315167408,96.823654,Primary EV use,Primary EV use,correct
MIT,b2c24,301,97.8676371274391,96.9803,Primary EV use,Primary EV use,correct
MIT,b2c24,302,97.84694683492776,96.91983,Primary EV use,Primary EV use,correct
MIT,b2c24,303,97.83265444480239,96.98268,Primary EV use,Primary EV use,correct
MIT,b2c24,304,97.75090346987056,97.049324,Primary EV use,Primary EV use,correct
MIT,b2c24,305,97.75478523813106,96.712845,Primary EV use,Primary EV use,correct
MIT,b2c24,306,97.75734814054883,96.76811,Primary EV use,Primary EV use,correct
MIT,b2c24,307,97.73559153097314,96.81717,Primary EV use,Primary EV use,correct
MIT,b2c24,308,97.7140126409082,95.940186,Primary EV use,Primary EV use,correct
MIT,b2c24,309,97.71185194580416,96.8973,Primary EV use,Primary EV use,correct
MIT,b2c24,310,97.64641375122486,96.85941,Primary EV use,Primary EV use,correct
MIT,b2c24,311,97.61197358077877,96.51333,Primary EV use,Primary EV use,correct
MIT,b2c24,312,97.61770737341413,96.6301,Primary EV use,Primary EV use,correct
MIT,b2c24,313,97.57685059326515,96.658875,Primary EV use,Primary EV use,correct
MIT,b2c24,314,97.58807498341596,96.60638,Primary EV use,Primary EV use,correct
MIT,b2c24,315,97.56494338604682,96.619705,Primary EV use,Primary EV use,correct
MIT,b2c24,316,97.52284256932276,96.687164,Primary EV use,Primary EV use,correct
MIT,b2c24,317,97.52832381317975,96.63173,Primary EV use,Primary EV use,correct
MIT,b2c24,318,97.5245262278454,96.50739,Primary EV use,Primary EV use,correct
MIT,b2c24,319,97.46849781367588,96.656296,Primary EV use,Primary EV use,correct
MIT,b2c24,320,97.45825555766325,96.49359,Primary EV use,Primary EV use,correct
MIT,b2c24,321,97.42883830180963,96.41242,Primary EV use,Primary EV use,correct
MIT,b2c24,322,97.37280988764012,96.20705,Primary EV use,Primary EV use,correct
MIT,b2c24,323,97.36344687552264,96.95949,Primary EV use,Primary EV use,correct
MIT,b2c24,324,97.34248532691598,96.29847,Primary EV use,Primary EV use,correct
MIT,b2c24,325,97.31626702225535,96.01289,Primary EV use,Primary EV use,correct
MIT,b2c24,326,97.3042475711355,95.78827,Primary EV use,Primary EV use,correct
MIT,b2c24,327,97.24985604719632,96.09265,Primary EV use,Primary EV use,correct
MIT,b2c24,328,97.20800777925066,95.96708,Primary EV use,Primary EV use,correct
MIT,b2c24,329,97.20929858411803,96.82946,Primary EV use,Primary EV use,correct
MIT,b2c24,330,97.16183812109696,95.86557,Primary EV use,Primary EV use,correct
MIT,b2c24,331,97.15095981630913,96.07871,Primary EV use,Primary EV use,correct
MIT,b2c24,332,97.13435707254435,96.10972,Primary EV use,Primary EV use,correct
MIT,b2c24,333,97.06158560973319,95.42872,Primary EV use,Primary EV use,correct
MIT,b2c24,334,96.9951652810157,95.933464,Primary EV use,Primary EV use,correct
MIT,b2c24,335,97.03030697584623,95.74857,Primary EV use,Primary EV use,correct
MIT,b2c24,336,96.95412142769754,95.4207,Primary EV use,Primary EV use,correct
MIT,b2c24,337,96.90956995245725,95.3832,Primary EV use,Primary EV use,correct
MIT,b2c24,338,96.92164552552782,95.48084,Primary EV use,Primary EV use,correct
MIT,b2c24,339,96.88570876972827,95.3619,Primary EV use,Primary EV use,correct
MIT,b2c24,340,96.85628216021621,95.2773,Primary EV use,Primary EV use,correct
MIT,b2c24,341,96.85698368460064,95.48774,Primary EV use,Primary EV use,correct
MIT,b2c24,342,96.80097397774801,95.18247,Primary EV use,Primary EV use,correct
MIT,b2c24,343,96.7616979658786,95.58433,Primary EV use,Primary EV use,correct
MIT,b2c24,344,96.75859255127021,95.28648,Primary EV use,Primary EV use,correct
MIT,b2c24,345,96.71354533213157,95.666115,Primary EV use,Primary EV use,correct
MIT,b2c24,346,96.67352102758542,95.4796,Primary EV use,Primary EV use,correct
MIT,b2c24,347,96.66431702766177,95.27291,Primary EV use,Primary EV use,correct
MIT,b2c24,348,96.6144152597829,95.28391,Primary EV use,Primary EV use,correct
MIT,b2c24,349,96.60470616230245,95.25462,Primary EV use,Primary EV use,correct
MIT,b2c24,350,96.57132295526219,95.23981,Primary EV use,Primary EV use,correct
MIT,b2c24,351,96.53437600434908,95.29365,Primary EV use,Primary EV use,correct
MIT,b2c24,352,96.50617472409515,95.16837,Primary EV use,Primary EV use,correct
MIT,b2c24,353,96.46005183423372,95.136406,Primary EV use,Primary EV use,correct
MIT,b2c24,354,96.44317783437366,95.32838,Primary EV use,Primary EV use,correct
MIT,b2c24,355,96.42485401745243,95.183815,Primary EV use,Primary EV use,correct
MIT,b2c24,356,96.31386350617773,95.806816,Primary EV use,Primary EV use,correct
MIT,b2c24,357,96.33258017675422,95.275536,Primary EV use,Primary EV use,correct
MIT,b2c24,358,96.26280188464993,95.111084,Primary EV use,Primary EV use,correct
MIT,b2c24,359,96.24402909212269,95.17478,Primary EV use,Primary EV use,correct
MIT,b2c24,360,96.20901834851058,95.09874,Primary EV use,Primary EV use,correct
MIT,b2c24,361,96.16199750743709,95.236305,Primary EV use,Primary EV use,correct
MIT,b2c24,362,96.14080211736896,94.99452,Primary EV use,Primary EV use,correct
MIT,b2c24,363,96.09629741042095,95.12575,Primary EV use,Primary EV use,correct
MIT,b2c24,364,96.05534709368736,94.94618,Primary EV use,Primary EV use,correct
MIT,b2c24,365,96.02788475245168,94.96041,Primary EV use,Primary EV use,correct
MIT,b2c24,366,96.00607202092527,95.00116,Primary EV use,Primary EV use,correct
MIT,b2c24,367,95.95538454573584,94.94295,Primary EV use,Primary EV use,correct
MIT,b2c24,368,95.94195269218868,95.0531,Primary EV use,Primary EV use,correct
MIT,b2c24,369,95.84092382717282,95.35306,Primary EV use,Primary EV use,correct
MIT,b2c24,370,95.82292738829767,95.50731,Primary EV use,Primary EV use,correct
MIT,b2c24,371,95.81249805911587,94.83144,Primary EV use,Primary EV use,correct
MIT,b2c24,372,95.73610673048107,94.73126,Primary EV use,Primary EV use,correct
MIT,b2c24,373,95.67568209683583,94.71539,Primary EV use,Primary EV use,correct
MIT,b2c24,374,95.62516298749865,95.07616,Primary EV use,Primary EV use,correct
MIT,b2c24,375,95.58594309757999,94.848854,Primary EV use,Primary EV use,correct
MIT,b2c24,376,95.53965184186632,94.67068,Primary EV use,Primary EV use,correct
MIT,b2c24,377,95.51291908599042,94.584045,Primary EV use,Primary EV use,correct
MIT,b2c24,378,95.46051989130301,94.42896,Primary EV use,Primary EV use,correct
MIT,b2c24,379,95.39430534307162,94.4911,Primary EV use,Primary EV use,correct
MIT,b2c24,380,95.41206794048529,94.820335,Primary EV use,Primary EV use,correct
MIT,b2c24,381,95.3362004167242,94.45788,Primary EV use,Primary EV use,correct
MIT,b2c24,382,95.26836768557939,94.48571,Primary EV use,Primary EV use,correct
MIT,b2c24,383,95.21198383238843,94.52993,Primary EV use,Primary EV use,correct
MIT,b2c24,384,95.1531025523889,94.80124,Primary EV use,Primary EV use,correct
MIT,b2c24,385,95.09916000405575,94.03081,Primary EV use,Primary EV use,correct
MIT,b2c24,386,95.0283247485456,94.780624,Primary EV use,Primary EV use,correct
MIT,b2c24,387,94.94851933457326,94.56139,Primary EV use,Primary EV use,correct
MIT,b2c24,388,94.92651952987764,94.89756,Primary EV use,Primary EV use,correct
MIT,b2c24,389,94.89496028623692,94.22002,Primary EV use,Primary EV use,correct
MIT,b2c24,390,94.84062488424848,94.33585,Primary EV use,Primary EV use,correct
MIT,b2c24,391,94.8142101527602,94.22693,Primary EV use,Primary EV use,correct
MIT,b2c24,392,94.73579843389827,94.54413,Primary EV use,Primary EV use,correct
MIT,b2c24,393,94.67759997096626,94.27022,Primary EV use,Primary EV use,correct
MIT,b2c24,394,94.63839878836451,94.25705,Primary EV use,Primary EV use,correct
MIT,b2c24,395,94.57927431324505,94.08829,Primary EV use,Primary EV use,correct
MIT,b2c24,396,94.52455541125978,93.87924,Primary EV use,Primary EV use,correct
MIT,b2c24,397,94.44495577777354,93.85903,Primary EV use,Primary EV use,correct
MIT,b2c24,398,94.3784793271053,93.70424,Primary EV use,Primary EV use,correct
MIT,b2c24,399,94.31463125446405,94.01986,Primary EV use,Primary EV use,correct
MIT,b2c24,400,94.26120315734612,93.831314,Primary EV use,Primary EV use,correct
MIT,b2c24,401,94.20754121876674,94.10175,Primary EV use,Primary EV use,correct
MIT,b2c24,402,94.18085523118314,93.91162,Primary EV use,Primary EV use,correct
MIT,b2c24,403,94.08818853682965,93.488235,Primary EV use,Primary EV use,correct
MIT,b2c24,404,93.97429839143265,93.91131,Primary EV use,Primary EV use,correct
MIT,b2c24,405,93.92990592838615,93.90187,Primary EV use,Primary EV use,correct
MIT,b2c24,406,93.79949722215052,93.58519,Primary EV use,Primary EV use,correct
MIT,b2c24,407,93.77885369793145,93.267685,Primary EV use,Primary EV use,correct
MIT,b2c24,408,93.7473692835584,92.82063,Primary EV use,Primary EV use,correct
MIT,b2c24,409,93.64757510145914,92.93686,Primary EV use,Primary EV use,correct
MIT,b2c24,410,93.57994815080045,92.84372,Primary EV use,Primary EV use,correct
MIT,b2c24,411,93.50608230994956,93.035835,Primary EV use,Primary EV use,correct
MIT,b2c24,412,93.42330149722142,93.17207,Primary EV use,Primary EV use,correct
MIT,b2c24,413,93.34270663447512,92.875496,Primary EV use,Primary EV use,correct
MIT,b2c24,414,93.25964708272488,92.86015,Primary EV use,Primary EV use,correct
MIT,b2c24,415,93.13799059470934,93.25332,Primary EV use,Primary EV use,correct
MIT,b2c24,416,93.13077050574483,92.70163,Primary EV use,Primary EV use,correct
MIT,b2c24,417,93.03390682484078,92.56351,Primary EV use,Primary EV use,correct
MIT,b2c24,418,92.98080797650061,92.39221,Primary EV use,Primary EV use,correct
MIT,b2c24,419,92.90443348445105,92.74715,Primary EV use,Primary EV use,correct
MIT,b2c24,420,92.78098670620646,92.234276,Primary EV use,Primary EV use,correct
MIT,b2c24,421,92.70665785926187,92.19865,Primary EV use,Primary EV use,correct
MIT,b2c24,422,92.57729676277364,92.38262,Primary EV use,Primary EV use,correct
MIT,b2c24,423,92.47900010139367,91.97166,Primary EV use,Primary EV use,correct
MIT,b2c24,424,92.36379950844655,91.81513,Primary EV use,Primary EV use,correct
MIT,b2c24,425,92.28495471519794,91.817856,Primary EV use,Primary EV use,correct
MIT,b2c24,426,92.22405117423959,93.06538,Primary EV use,Primary EV use,correct
MIT,b2c24,427,92.13314109694468,92.94101,Primary EV use,Primary EV use,correct
MIT,b2c24,428,92.03448244898235,91.669785,Primary EV use,Primary EV use,correct
MIT,b2c24,429,91.91389601949453,91.47021,Primary EV use,Primary EV use,correct
MIT,b2c24,430,91.79604179364259,91.495766,Primary EV use,Primary EV use,correct
MIT,b2c24,431,91.68477160797994,91.542946,Primary EV use,Primary EV use,correct
MIT,b2c24,432,91.59388397946535,91.330986,Primary EV use,Primary EV use,correct
MIT,b2c24,433,91.51768814229236,92.982925,Primary EV use,Primary EV use,correct
MIT,b2c24,434,91.3590725436077,91.75702,Primary EV use,Primary EV use,correct
MIT,b2c24,435,91.24854410306085,91.155045,Primary EV use,Primary EV use,correct
MIT,b2c24,436,91.07848336788575,91.62244,Primary EV use,Primary EV use,correct
MIT,b2c24,437,90.99457637467913,91.5573,Primary EV use,Primary EV use,correct
MIT,b2c24,438,90.90749194369397,90.90833,Primary EV use,Primary EV use,correct
MIT,b2c24,439,90.81060581400962,90.88088,Primary EV use,Primary EV use,correct
MIT,b2c24,440,90.66425099083305,90.88544,Primary EV use,Primary EV use,correct
MIT,b2c24,441,90.53689064188922,90.6479,Primary EV use,Primary EV use,correct
MIT,b2c24,442,90.44901956822764,90.43899,Primary EV use,Primary EV use,correct
MIT,b2c24,443,90.27920389890417,90.24139,Primary EV use,Primary EV use,correct
MIT,b2c24,444,90.13089229037797,90.294235,Primary EV use,Primary EV use,correct
MIT,b2c24,445,89.9612216027606,89.730415,Primary EV use,Primary EV use,correct
MIT,b2c24,446,89.80077829921306,89.31562,Primary EV use,Primary EV use,correct
MIT,b2c24,447,89.66297552596558,90.56243,Primary EV use,Primary EV use,correct
MIT,b2c24,448,89.56760001212236,89.754295,Primary EV use,Primary EV use,correct
MIT,b2c24,449,89.40657116955528,89.36549,Primary EV use,Primary EV use,correct
MIT,b2c24,450,89.27518032918144,89.36142,Primary EV use,Primary EV use,correct
MIT,b2c24,451,89.06932688454705,89.08204,Primary EV use,Primary EV use,correct
MIT,b2c24,452,88.94921375017726,89.3003,Primary EV use,Primary EV use,correct
MIT,b2c24,453,88.7977303160676,88.489815,Primary EV use,Primary EV use,correct
MIT,b2c24,454,88.64036436615308,88.221176,Primary EV use,Primary EV use,correct
MIT,b2c24,455,88.48867328082565,88.211914,Primary EV use,Primary EV use,correct
MIT,b2c24,456,88.33083964798817,88.01988,Primary EV use,Primary EV use,correct
MIT,b2c24,457,88.15503576651922,87.91526,Primary EV use,Primary EV use,correct
MIT,b2c24,458,88.00761649701,87.841484,Primary EV use,Primary EV use,correct
MIT,b2c24,459,87.88743133947008,87.905334,Primary EV use,Primary EV use,correct
MIT,b2c24,460,87.69065374963849,88.09716,Primary EV use,Primary EV use,correct
MIT,b2c24,461,87.5629706994778,87.46459,Primary EV use,Primary EV use,correct
MIT,b2c24,462,87.39293708991222,87.2759,Primary EV use,Primary EV use,correct
MIT,b2c24,463,87.2588093690733,87.57304,Primary EV use,Primary EV use,correct
MIT,b2c24,464,87.10847924105164,87.19318,Primary EV use,Primary EV use,correct
MIT,b2c24,465,86.91525323533692,87.14753,Primary EV use,Primary EV use,correct
MIT,b2c24,466,86.76138274758853,86.604065,Primary EV use,Primary EV use,correct
MIT,b2c24,467,86.6062803830211,86.73957,Primary EV use,Primary EV use,correct
MIT,b2c24,468,86.45419363794085,87.05643,Primary EV use,Primary EV use,correct
MIT,b2c24,469,86.2901763014961,86.35651,Primary EV use,Primary EV use,correct
MIT,b2c24,470,86.09131471655984,86.53584,Primary EV use,Primary EV use,correct
MIT,b2c24,471,85.94428455924252,86.535286,Primary EV use,Primary EV use,correct
MIT,b2c24,472,85.76098278515283,86.39893,Primary EV use,Primary EV use,correct
MIT,b2c24,473,85.61279370955245,86.20034,Primary EV use,Primary EV use,correct
MIT,b2c24,474,85.46546891199367,86.416855,Primary EV use,Primary EV use,correct
MIT,b2c24,475,85.29620510851927,86.26495,Primary EV use,Primary EV use,correct
MIT,b2c24,476,85.14389013417262,86.64696,Primary EV use,Primary EV use,correct
MIT,b2c24,477,84.9904938769081,86.00888,Primary EV use,Primary EV use,correct
MIT,b2c24,478,84.78086529571965,85.93106,Primary EV use,Primary EV use,correct
MIT,b2c24,479,84.64615203586118,85.5898,Primary EV use,Primary EV use,correct
MIT,b2c24,480,84.51413637110228,85.69285,Primary EV use,Primary EV use,correct
MIT,b2c24,481,84.30250704236946,84.75852,Primary EV use,Primary EV use,correct
MIT,b2c24,482,84.14200200467609,84.85693,Primary EV use,Primary EV use,correct
MIT,b2c24,483,83.98787522668592,84.88331,Primary EV use,Primary EV use,correct
MIT,b2c24,484,83.83577164502043,84.44466,Primary EV use,Primary EV use,correct
MIT,b2c24,485,83.6425129015011,84.77028,Primary EV use,Primary EV use,correct
MIT,b2c24,486,83.5078436038374,84.64193,Primary EV use,Primary EV use,correct
MIT,b2c24,487,83.36804475987476,84.392624,Primary EV use,Primary EV use,correct
MIT,b2c24,488,83.2269027305574,84.15412,Primary EV use,Primary EV use,correct
MIT,b2c24,489,83.08486275002797,84.031075,Primary EV use,Primary EV use,correct
MIT,b2c24,490,82.89252347113518,83.553,Primary EV use,Primary EV use,correct
MIT,b2c24,491,82.71287897750295,83.65942,Primary EV use,Primary EV use,correct
MIT,b2c24,492,82.59205309435859,83.157455,Primary EV use,Primary EV use,correct
MIT,b2c24,493,82.44555328947591,83.059715,Primary EV use,Primary EV use,correct
MIT,b2c24,494,82.2976654016779,82.90412,Primary EV use,Primary EV use,correct
MIT,b2c24,495,82.20319812807104,83.02632,Primary EV use,Primary EV use,correct
MIT,b2c24,496,82.01549265157884,82.78918,Primary EV use,Primary EV use,correct
MIT,b2c24,497,81.81487351421812,82.49725,Primary EV use,Primary EV use,correct
MIT,b2c24,498,81.63503914131918,81.94279,Primary EV use,Primary EV use,correct
MIT,b2c24,499,81.48546198280349,81.65409,Primary EV use,Primary EV use,correct
MIT,b2c24,500,81.31198342082746,81.86593,Primary EV use,Primary EV use,correct
MIT,b2c24,501,81.1569764635763,81.603966,Primary EV use,Primary EV use,correct
MIT,b2c24,502,80.99856758074358,81.64596,Primary EV use,Primary EV use,correct
MIT,b2c24,503,80.82937673580517,81.556564,Primary EV use,Primary EV use,correct
MIT,b2c24,504,80.61996609485882,81.61351,Primary EV use,Primary EV use,correct
MIT,b2c24,505,80.47503209240217,79.73529,Primary EV use,Second-life candidate,conservative (predicted too pessimistic)
MIT,b2c24,506,80.28327274033384,79.73385,Primary EV use,Second-life candidate,conservative (predicted too pessimistic)
MIT,b2c24,507,80.11646240147324,80.75446,Primary EV use,Primary EV use,correct
MIT,b2c24,508,79.9592021478993,79.68624,Second-life candidate,Second-life candidate,correct
MIT,b2c24,509,79.78092890059717,79.70964,Second-life candidate,Second-life candidate,correct
MIT,b2c24,510,79.58303729004311,80.06228,Second-life candidate,Primary EV use,risky (predicted too optimistic)
MIT,b2c24,511,79.39408216478078,79.05605,Second-life candidate,Second-life candidate,correct
MIT,b2c24,512,79.26931371459594,79.024185,Second-life candidate,Second-life candidate,correct
MIT,b2c24,513,79.08076640884244,79.16772,Second-life candidate,Second-life candidate,correct
MIT,b2c24,514,78.9160297760622,79.03783,Second-life candidate,Second-life candidate,correct
MIT,b2c24,515,78.70757227291281,79.07938,Second-life candidate,Second-life candidate,correct
MIT,b2c24,516,78.54858907545072,78.54919,Second-life candidate,Second-life candidate,correct
MIT,b2c24,517,78.37535651469217,78.13587,Second-life candidate,Second-life candidate,correct
MIT,b2c24,518,78.16656976276502,78.10581,Second-life candidate,Second-life candidate,correct
MIT,b2c24,519,78.02203235542706,77.36642,Second-life candidate,Second-life candidate,correct
MIT,b2c24,520,77.83977351425554,77.357574,Second-life candidate,Second-life candidate,correct
MIT,b2c24,521,77.641635902484,76.87193,Second-life candidate,Second-life candidate,correct
MIT,b2c24,522,77.46450006005048,77.93231,Second-life candidate,Second-life candidate,correct
MIT,b2c24,523,77.28023392377368,76.87929,Second-life candidate,Second-life candidate,correct
MIT,b3c0,1,99.9223240916351,100.07128,Primary EV use,Primary EV use,correct
MIT,b3c0,2,100.0,100.060585,Primary EV use,Primary EV use,correct
MIT,b3c0,3,100.03964298287843,100.03482,Primary EV use,Primary EV use,correct
MIT,b3c0,4,100.07570077982007,100.01778,Primary EV use,Primary EV use,correct
MIT,b3c0,5,100.10578638713324,100.016495,Primary EV use,Primary EV use,correct
MIT,b3c0,6,100.13531970731775,100.04117,Primary EV use,Primary EV use,correct
MIT,b3c0,7,100.15935823861217,100.13211,Primary EV use,Primary EV use,correct
MIT,b3c0,8,100.18272279239366,100.049934,Primary EV use,Primary EV use,correct
MIT,b3c0,9,100.19977816779027,100.03883,Primary EV use,Primary EV use,correct
MIT,b3c0,10,100.20195923390847,100.10807,Primary EV use,Primary EV use,correct
MIT,b3c0,11,100.2159536281005,100.12242,Primary EV use,Primary EV use,correct
MIT,b3c0,12,100.21348237721979,100.16665,Primary EV use,Primary EV use,correct
MIT,b3c0,13,100.20582524380902,100.01955,Primary EV use,Primary EV use,correct
MIT,b3c0,14,100.21728286152877,100.05572,Primary EV use,Primary EV use,correct
MIT,b3c0,15,100.22091485145957,100.199326,Primary EV use,Primary EV use,correct
MIT,b3c0,16,100.23504029683465,100.21393,Primary EV use,Primary EV use,correct
MIT,b3c0,17,100.24336204695956,100.107994,Primary EV use,Primary EV use,correct
MIT,b3c0,18,100.23207292361805,100.196945,Primary EV use,Primary EV use,correct
MIT,b3c0,19,100.23823232922227,100.17388,Primary EV use,Primary EV use,correct
MIT,b3c0,20,100.24456959000354,100.17098,Primary EV use,Primary EV use,correct
MIT,b3c0,21,100.25050433643683,100.243904,Primary EV use,Primary EV use,correct
MIT,b3c0,22,100.2376051557033,100.18863,Primary EV use,Primary EV use,correct
MIT,b3c0,23,100.22849709847999,100.19481,Primary EV use,Primary EV use,correct
MIT,b3c0,24,100.24316547018498,100.18681,Primary EV use,Primary EV use,correct
MIT,b3c0,25,100.23077177258612,100.13456,Primary EV use,Primary EV use,correct
MIT,b3c0,26,100.24827646632465,100.11167,Primary EV use,Primary EV use,correct
MIT,b3c0,27,100.26768140221769,100.09896,Primary EV use,Primary EV use,correct
MIT,b3c0,28,100.28890233307612,100.1482,Primary EV use,Primary EV use,correct
MIT,b3c0,29,100.27971002866369,100.15012,Primary EV use,Primary EV use,correct
MIT,b3c0,30,100.27048028105612,100.168846,Primary EV use,Primary EV use,correct
MIT,b3c0,31,100.2789049999677,100.18092,Primary EV use,Primary EV use,correct
MIT,b3c0,32,100.27797828088742,100.22956,Primary EV use,Primary EV use,correct
MIT,b3c0,33,100.26581860325837,100.16593,Primary EV use,Primary EV use,correct
MIT,b3c0,34,100.26803711257173,100.230965,Primary EV use,Primary EV use,correct
MIT,b3c0,35,100.26353456835344,100.19724,Primary EV use,Primary EV use,correct
MIT,b3c0,36,100.26200875815057,100.17105,Primary EV use,Primary EV use,correct
MIT,b3c0,37,100.25600848612575,100.236084,Primary EV use,Primary EV use,correct
MIT,b3c0,38,100.25014862608279,100.22896,Primary EV use,Primary EV use,correct
MIT,b3c0,39,100.25980897043473,100.17849,Primary EV use,Primary EV use,correct
MIT,b3c0,40,100.25439842873374,100.195694,Primary EV use,Primary EV use,correct
MIT,b3c0,41,100.25055114043077,100.24331,Primary EV use,Primary EV use,correct
MIT,b3c0,42,100.24551503068142,100.23631,Primary EV use,Primary EV use,correct
MIT,b3c0,43,100.24044147773688,100.18497,Primary EV use,Primary EV use,correct
MIT,b3c0,44,100.21768537587678,100.1967,Primary EV use,Primary EV use,correct
MIT,b3c0,45,100.2347033080782,100.22435,Primary EV use,Primary EV use,correct
MIT,b3c0,46,100.23190442923979,100.17112,Primary EV use,Primary EV use,correct
MIT,b3c0,47,100.22546419967182,100.1825,Primary EV use,Primary EV use,correct
MIT,b3c0,48,100.24456022920478,100.19164,Primary EV use,Primary EV use,correct
MIT,b3c0,49,100.25039200685136,100.21831,Primary EV use,Primary EV use,correct
MIT,b3c0,50,100.24320291338012,100.16584,Primary EV use,Primary EV use,correct
MIT,b3c0,51,100.24295953261158,100.22855,Primary EV use,Primary EV use,correct
MIT,b3c0,52,100.23545217198146,100.17934,Primary EV use,Primary EV use,correct
MIT,b3c0,53,100.23395444417496,100.185875,Primary EV use,Primary EV use,correct
MIT,b3c0,54,100.21977283400709,100.16874,Primary EV use,Primary EV use,correct
MIT,b3c0,55,100.23469394727942,100.237526,Primary EV use,Primary EV use,correct
MIT,b3c0,56,100.22143905619183,100.23359,Primary EV use,Primary EV use,correct
MIT,b3c0,57,100.22419113103629,100.246475,Primary EV use,Primary EV use,correct
MIT,b3c0,58,100.21389425236656,100.19211,Primary EV use,Primary EV use,correct
MIT,b3c0,59,100.22536123088513,100.2465,Primary EV use,Primary EV use,correct
MIT,b3c0,60,100.21456822987949,100.20422,Primary EV use,Primary EV use,correct
MIT,b3c0,61,100.19745668969018,100.16328,Primary EV use,Primary EV use,correct
MIT,b3c0,62,100.2077442075611,100.20976,Primary EV use,Primary EV use,correct
MIT,b3c0,63,100.2123590813649,100.15567,Primary EV use,Primary EV use,correct
MIT,b3c0,64,100.20993463447812,100.163574,Primary EV use,Primary EV use,correct
MIT,b3c0,65,100.20839010267765,100.1655,Primary EV use,Primary EV use,correct
MIT,b3c0,66,100.19289798067912,100.179855,Primary EV use,Primary EV use,correct
MIT,b3c0,67,100.18730958380108,100.202705,Primary EV use,Primary EV use,correct
MIT,b3c0,68,100.19928204545437,100.15689,Primary EV use,Primary EV use,correct
MIT,b3c0,69,100.17870700971247,100.19364,Primary EV use,Primary EV use,correct
MIT,b3c0,70,100.16903730456173,100.12887,Primary EV use,Primary EV use,correct
MIT,b3c0,71,100.17016060041661,100.14213,Primary EV use,Primary EV use,correct
MIT,b3c0,72,100.16759574154797,100.16899,Primary EV use,Primary EV use,correct
MIT,b3c0,73,100.16553636581402,100.13856,Primary EV use,Primary EV use,correct
MIT,b3c0,74,100.16558316980797,100.13405,Primary EV use,Primary EV use,correct
MIT,b3c0,75,100.15681210134113,100.142876,Primary EV use,Primary EV use,correct
MIT,b3c0,76,100.1834061307054,100.20236,Primary EV use,Primary EV use,correct
MIT,b3c0,77,100.16599504495476,100.14506,Primary EV use,Primary EV use,correct
MIT,b3c0,78,100.15193512517119,100.13661,Primary EV use,Primary EV use,correct
MIT,b3c0,79,100.15696187412178,100.18505,Primary EV use,Primary EV use,correct
MIT,b3c0,80,100.1686535118113,100.10477,Primary EV use,Primary EV use,correct
MIT,b3c0,81,100.17479419581798,100.15444,Primary EV use,Primary EV use,correct
MIT,b3c0,82,100.16895305737262,100.12131,Primary EV use,Primary EV use,correct
MIT,b3c0,83,100.16253154940222,100.11953,Primary EV use,Primary EV use,correct
MIT,b3c0,84,100.1632523309091,100.15504,Primary EV use,Primary EV use,correct
MIT,b3c0,85,100.16382333963534,100.14349,Primary EV use,Primary EV use,correct
MIT,b3c0,86,100.16491855309384,100.145134,Primary EV use,Primary EV use,correct
MIT,b3c0,87,100.175777079691,100.16788,Primary EV use,Primary EV use,correct
MIT,b3c0,88,100.17441040306755,100.15523,Primary EV use,Primary EV use,correct
MIT,b3c0,89,100.1617546031026,100.13235,Primary EV use,Primary EV use,correct
MIT,b3c0,90,100.14105787697645,100.15755,Primary EV use,Primary EV use,correct
MIT,b3c0,91,100.14461498051688,100.11754,Primary EV use,Primary EV use,correct
MIT,b3c0,92,100.1357971080561,100.141556,Primary EV use,Primary EV use,correct
MIT,b3c0,93,100.12484497347103,100.102875,Primary EV use,Primary EV use,correct
MIT,b3c0,94,100.1205577276249,100.08997,Primary EV use,Primary EV use,correct
MIT,b3c0,95,100.10910947070393,100.09164,Primary EV use,Primary EV use,correct
MIT,b3c0,96,100.11110332084634,100.093506,Primary EV use,Primary EV use,correct
MIT,b3c0,97,100.11590541062594,100.067406,Primary EV use,Primary EV use,correct
MIT,b3c0,98,100.11461362039282,100.095375,Primary EV use,Primary EV use,correct
MIT,b3c0,99,100.10947454185674,100.09455,Primary EV use,Primary EV use,correct
MIT,b3c0,100,100.11125309362698,100.12101,Primary EV use,Primary EV use,correct
MIT,b3c0,101,100.11133734081609,100.07509,Primary EV use,Primary EV use,correct
MIT,b3c0,102,100.11098163046206,100.113014,Primary EV use,Primary EV use,correct
MIT,b3c0,103,100.09932743596768,100.06742,Primary EV use,Primary EV use,correct
MIT,b3c0,104,100.09665960831234,100.06095,Primary EV use,Primary EV use,correct
MIT,b3c0,105,100.09313994796705,100.04659,Primary EV use,Primary EV use,correct
MIT,b3c0,106,100.09877514883902,100.05012,Primary EV use,Primary EV use,correct
MIT,b3c0,107,100.0906874186839,100.07454,Primary EV use,Primary EV use,correct
MIT,b3c0,108,100.08390083956067,100.05355,Primary EV use,Primary EV use,correct
MIT,b3c0,109,100.08250608054085,100.059944,Primary EV use,Primary EV use,correct
MIT,b3c0,110,100.10365212500896,100.061775,Primary EV use,Primary EV use,correct
MIT,b3c0,111,100.10274412752626,100.0619,Primary EV use,Primary EV use,correct
MIT,b3c0,112,100.0942913262183,100.050896,Primary EV use,Primary EV use,correct
MIT,b3c0,113,100.09022873954316,100.05803,Primary EV use,Primary EV use,correct
MIT,b3c0,114,100.10490647204693,100.04508,Primary EV use,Primary EV use,correct
MIT,b3c0,115,100.096004352397,100.06177,Primary EV use,Primary EV use,correct
MIT,b3c0,116,100.10474733846746,100.097786,Primary EV use,Primary EV use,correct
MIT,b3c0,117,100.1046256480832,100.08049,Primary EV use,Primary EV use,correct
MIT,b3c0,118,100.10044137102376,100.089714,Primary EV use,Primary EV use,correct
MIT,b3c0,119,100.10388614497872,100.09795,Primary EV use,Primary EV use,correct
MIT,b3c0,120,100.09673449470267,100.03769,Primary EV use,Primary EV use,correct
MIT,b3c0,121,100.08409741633528,100.09266,Primary EV use,Primary EV use,correct
MIT,b3c0,122,100.08231886456504,100.04832,Primary EV use,Primary EV use,correct
MIT,b3c0,123,100.07467109195309,100.070045,Primary EV use,Primary EV use,correct
MIT,b3c0,124,100.07709553883986,100.06324,Primary EV use,Primary EV use,correct
MIT,b3c0,125,100.07324825053689,100.07482,Primary EV use,Primary EV use,correct
MIT,b3c0,126,100.06440229567973,100.05344,Primary EV use,Primary EV use,correct
MIT,b3c0,127,100.05897303238113,100.05199,Primary EV use,Primary EV use,correct
MIT,b3c0,128,100.05043598388409,100.05774,Primary EV use,Primary EV use,correct
MIT,b3c0,129,100.04223592414345,100.07171,Primary EV use,Primary EV use,correct
MIT,b3c0,130,100.05300084275271,100.04019,Primary EV use,Primary EV use,correct
MIT,b3c0,131,100.04089732991639,100.04177,Primary EV use,Primary EV use,correct
MIT,b3c0,132,100.04020463080587,100.044975,Primary EV use,Primary EV use,correct
MIT,b3c0,133,100.03142420154023,100.01639,Primary EV use,Primary EV use,correct
MIT,b3c0,134,100.03395161721372,100.051994,Primary EV use,Primary EV use,correct
MIT,b3c0,135,100.0300575249168,99.91312,Primary EV use,Primary EV use,correct
MIT,b3c0,136,100.0283632203357,99.97141,Primary EV use,Primary EV use,correct
MIT,b3c0,137,100.01406928058233,99.97723,Primary EV use,Primary EV use,correct
MIT,b3c0,138,100.01396631179564,99.99265,Primary EV use,Primary EV use,correct
MIT,b3c0,139,100.00412811226668,99.99417,Primary EV use,Primary EV use,correct
MIT,b3c0,140,99.9911634059416,100.013176,Primary EV use,Primary EV use,correct
MIT,b3c0,141,99.99996255680483,99.99973,Primary EV use,Primary EV use,correct
MIT,b3c0,142,99.9990920025173,99.96408,Primary EV use,Primary EV use,correct
MIT,b3c0,143,100.00427788504732,99.9924,Primary EV use,Primary EV use,correct
MIT,b3c0,144,100.01570742037072,100.03697,Primary EV use,Primary EV use,correct
MIT,b3c0,145,100.0209307460959,99.9956,Primary EV use,Primary EV use,correct
MIT,b3c0,146,100.00450254421828,99.98718,Primary EV use,Primary EV use,correct
MIT,b3c0,147,100.00743247423978,100.005486,Primary EV use,Primary EV use,correct
MIT,b3c0,148,100.02214764993869,99.984566,Primary EV use,Primary EV use,correct
MIT,b3c0,149,100.02145495082819,100.01142,Primary EV use,Primary EV use,correct
MIT,b3c0,150,100.01780423929982,99.97961,Primary EV use,Primary EV use,correct
MIT,b3c0,151,100.01049345544433,100.02732,Primary EV use,Primary EV use,correct
MIT,b3c0,152,100.0007863070984,99.9622,Primary EV use,Primary EV use,correct
MIT,b3c0,153,99.9967986068136,100.00502,Primary EV use,Primary EV use,correct
MIT,b3c0,154,99.99764107870475,99.9802,Primary EV use,Primary EV use,correct
MIT,b3c0,155,99.9932789464683,99.91912,Primary EV use,Primary EV use,correct
MIT,b3c0,156,100.00098288387301,99.98435,Primary EV use,Primary EV use,correct
MIT,b3c0,157,99.99769724349748,100.01344,Primary EV use,Primary EV use,correct
MIT,b3c0,158,99.98330033495746,99.97303,Primary EV use,Primary EV use,correct
MIT,b3c0,159,99.98629579057048,99.92505,Primary EV use,Primary EV use,correct
MIT,b3c0,160,99.96939954875333,99.92878,Primary EV use,Primary EV use,correct
MIT,b3c0,161,99.95393550915117,99.94628,Primary EV use,Primary EV use,correct
MIT,b3c0,162,99.95013502484214,99.94992,Primary EV use,Primary EV use,correct
MIT,b3c0,163,99.94413475281733,99.93938,Primary EV use,Primary EV use,correct
MIT,b3c0,164,99.94130779158255,99.95181,Primary EV use,Primary EV use,correct
MIT,b3c0,165,99.93391276053794,99.882866,Primary EV use,Primary EV use,correct
MIT,b3c0,166,99.93761027606024,99.916,Primary EV use,Primary EV use,correct
MIT,b3c0,167,99.93336983420808,99.92501,Primary EV use,Primary EV use,correct
MIT,b3c0,168,99.92239897802541,99.91592,Primary EV use,Primary EV use,correct
MIT,b3c0,169,99.91295393204565,99.84627,Primary EV use,Primary EV use,correct
MIT,b3c0,170,99.90516574745183,99.94329,Primary EV use,Primary EV use,correct
MIT,b3c0,171,99.91997453113865,99.947174,Primary EV use,Primary EV use,correct
MIT,b3c0,172,99.9241120042041,99.897995,Primary EV use,Primary EV use,correct
MIT,b3c0,173,99.92324144991659,99.86926,Primary EV use,Primary EV use,correct
MIT,b3c0,174,99.91044523796975,99.846306,Primary EV use,Primary EV use,correct
MIT,b3c0,175,99.90940618930398,99.84526,Primary EV use,Primary EV use,correct
MIT,b3c0,176,99.90083169761174,99.83681,Primary EV use,Primary EV use,correct
MIT,b3c0,177,99.90327486609611,99.918915,Primary EV use,Primary EV use,correct
MIT,b3c0,178,99.89162067160173,99.89038,Primary EV use,Primary EV use,correct
MIT,b3c0,179,99.88896220474518,99.868195,Primary EV use,Primary EV use,correct
MIT,b3c0,180,99.88018177547954,99.84181,Primary EV use,Primary EV use,correct
MIT,b3c0,181,99.88962682145932,99.88072,Primary EV use,Primary EV use,correct
MIT,b3c0,182,99.88212882162802,99.81313,Primary EV use,Primary EV use,correct
MIT,b3c0,183,99.87696166069556,99.87031,Primary EV use,Primary EV use,correct
MIT,b3c0,184,99.86614993809236,99.858505,Primary EV use,Primary EV use,correct
MIT,b3c0,185,99.87144815020787,99.81338,Primary EV use,Primary EV use,correct
MIT,b3c0,186,99.86291110171078,99.833984,Primary EV use,Primary EV use,correct
MIT,b3c0,187,99.86160058988008,99.90014,Primary EV use,Primary EV use,correct
MIT,b3c0,188,99.87126093423205,99.83306,Primary EV use,Primary EV use,correct
MIT,b3c0,189,99.84673564140051,99.83454,Primary EV use,Primary EV use,correct
MIT,b3c0,190,99.8336305230936,99.83084,Primary EV use,Primary EV use,correct
MIT,b3c0,191,99.83947166153897,99.87265,Primary EV use,Primary EV use,correct
MIT,b3c0,192,99.84318789865887,99.84367,Primary EV use,Primary EV use,correct
MIT,b3c0,193,99.84099747174184,99.78403,Primary EV use,Primary EV use,correct
MIT,b3c0,194,99.82927775165594,99.822464,Primary EV use,Primary EV use,correct
MIT,b3c0,195,99.81617263334901,99.80811,Primary EV use,Primary EV use,correct
MIT,b3c0,196,99.81190410910047,99.75607,Primary EV use,Primary EV use,correct
MIT,b3c0,197,99.80504264358692,99.79103,Primary EV use,Primary EV use,correct
MIT,b3c0,198,99.80373213175623,99.7591,Primary EV use,Primary EV use,correct
MIT,b3c0,199,99.79599075115635,99.72276,Primary EV use,Primary EV use,correct
MIT,b3c0,200,99.78246439690385,99.73791,Primary EV use,Primary EV use,correct
MIT,b3c0,201,99.7711752735623,99.82695,Primary EV use,Primary EV use,correct
MIT,b3c0,202,99.7701830288905,99.7749,Primary EV use,Primary EV use,correct
MIT,b3c0,203,99.7733844220769,99.75856,Primary EV use,Primary EV use,correct
MIT,b3c0,204,99.7738805444128,99.77492,Primary EV use,Primary EV use,correct
MIT,b3c0,205,99.77025791528082,99.755806,Primary EV use,Primary EV use,correct
MIT,b3c0,206,99.77081020240949,99.74098,Primary EV use,Primary EV use,correct
MIT,b3c0,207,99.77945021969326,99.77017,Primary EV use,Primary EV use,correct
MIT,b3c0,208,99.77043577045785,99.77641,Primary EV use,Primary EV use,correct
MIT,b3c0,209,99.75759275451706,99.7596,Primary EV use,Primary EV use,correct
MIT,b3c0,210,99.77556548819513,99.73112,Primary EV use,Primary EV use,correct
MIT,b3c0,211,99.7763985992875,99.77274,Primary EV use,Primary EV use,correct
MIT,b3c0,212,99.7712876031478,99.76419,Primary EV use,Primary EV use,correct
MIT,b3c0,213,99.78285755045306,99.7533,Primary EV use,Primary EV use,correct
MIT,b3c0,214,99.769087815432,99.71536,Primary EV use,Primary EV use,correct
MIT,b3c0,215,99.75631032508275,99.799934,Primary EV use,Primary EV use,correct
MIT,b3c0,216,99.7491399532091,99.64803,Primary EV use,Primary EV use,correct
MIT,b3c0,217,99.74663125913321,99.29096,Primary EV use,Primary EV use,correct
MIT,b3c0,218,99.74881232525144,99.72622,Primary EV use,Primary EV use,correct
MIT,b3c0,219,99.7377104178857,99.742004,Primary EV use,Primary EV use,correct
MIT,b3c0,220,99.73434989111986,99.722,Primary EV use,Primary EV use,correct
MIT,b3c0,221,99.73591314451791,99.699936,Primary EV use,Primary EV use,correct
MIT,b3c0,222,99.73306746168554,99.69307,Primary EV use,Primary EV use,correct
MIT,b3c0,223,99.72820920711318,99.72602,Primary EV use,Primary EV use,correct
MIT,b3c0,224,99.73312362647829,99.65873,Primary EV use,Primary EV use,correct
MIT,b3c0,225,99.72014955935443,99.700714,Primary EV use,Primary EV use,correct
MIT,b3c0,226,99.7197938490004,99.69101,Primary EV use,Primary EV use,correct
MIT,b3c0,227,99.71769703007128,99.720894,Primary EV use,Primary EV use,correct
MIT,b3c0,228,99.72098267044679,99.707756,Primary EV use,Primary EV use,correct
MIT,b3c0,229,99.72576603862883,99.714615,Primary EV use,Primary EV use,correct
MIT,b3c0,230,99.69720624151851,99.65502,Primary EV use,Primary EV use,correct
MIT,b3c0,231,99.70065101547347,99.64891,Primary EV use,Primary EV use,correct
MIT,b3c0,232,99.68144265635505,99.704254,Primary EV use,Primary EV use,correct
MIT,b3c0,233,99.68976440647994,99.683205,Primary EV use,Primary EV use,correct
MIT,b3c0,234,99.69220757496431,99.64658,Primary EV use,Primary EV use,correct
MIT,b3c0,235,99.69127149508525,99.69613,Primary EV use,Primary EV use,correct
MIT,b3c0,236,99.67832551035777,99.6134,Primary EV use,Primary EV use,correct
MIT,b3c0,237,99.66444344575123,99.707184,Primary EV use,Primary EV use,correct
MIT,b3c0,238,99.65607489163237,99.65305,Primary EV use,Primary EV use,correct
MIT,b3c0,239,99.65500776057024,99.65589,Primary EV use,Primary EV use,correct
MIT,b3c0,240,99.65604680923599,99.684235,Primary EV use,Primary EV use,correct
MIT,b3c0,241,99.66134502135151,99.64559,Primary EV use,Primary EV use,correct
MIT,b3c0,242,99.64723829757398,99.61719,Primary EV use,Primary EV use,correct
MIT,b3c0,243,99.64662984565258,99.64881,Primary EV use,Primary EV use,correct
MIT,b3c0,244,99.6503180003761,99.607956,Primary EV use,Primary EV use,correct
MIT,b3c0,245,99.6427170317581,99.57849,Primary EV use,Primary EV use,correct
MIT,b3c0,246,99.64033002806647,99.58144,Primary EV use,Primary EV use,correct
MIT,b3c0,247,99.6317929795694,99.58552,Primary EV use,Primary EV use,correct
MIT,b3c0,248,99.63419870485859,99.59587,Primary EV use,Primary EV use,correct
MIT,b3c0,249,99.61732118463902,99.58629,Primary EV use,Primary EV use,correct
MIT,b3c0,250,99.61551455047244,99.625275,Primary EV use,Primary EV use,correct
MIT,b3c0,251,99.63100667247097,99.52423,Primary EV use,Primary EV use,correct
MIT,b3c0,252,99.60961724723433,99.58946,Primary EV use,Primary EV use,correct
MIT,b3c0,253,99.60489940464382,99.577866,Primary EV use,Primary EV use,correct
MIT,b3c0,254,99.59705505525727,99.5698,Primary EV use,Primary EV use,correct
MIT,b3c0,255,99.59870255584441,99.57308,Primary EV use,Primary EV use,correct
MIT,b3c0,256,99.602924276099,99.57378,Primary EV use,Primary EV use,correct
MIT,b3c0,257,99.5907084336772,99.582664,Primary EV use,Primary EV use,correct
MIT,b3c0,258,99.60639713245033,99.570885,Primary EV use,Primary EV use,correct
MIT,b3c0,259,99.58797508043033,99.57203,Primary EV use,Primary EV use,correct
MIT,b3c0,260,99.57357817189028,99.562256,Primary EV use,Primary EV use,correct
MIT,b3c0,261,99.5759558147831,99.538605,Primary EV use,Primary EV use,correct
MIT,b3c0,262,99.56809274379896,99.550674,Primary EV use,Primary EV use,correct
MIT,b3c0,263,99.5585260074349,99.56821,Primary EV use,Primary EV use,correct
MIT,b3c0,264,99.55648535329853,99.50372,Primary EV use,Primary EV use,correct
MIT,b3c0,265,99.55031658689548,99.5494,Primary EV use,Primary EV use,correct
MIT,b3c0,266,99.55046635967614,99.53805,Primary EV use,Primary EV use,correct
MIT,b3c0,267,99.53912107154186,99.55237,Primary EV use,Primary EV use,correct
MIT,b3c0,268,99.53633155350225,99.54478,Primary EV use,Primary EV use,correct
MIT,b3c0,269,99.52941392319595,99.554375,Primary EV use,Primary EV use,correct
MIT,b3c0,270,99.53840029003499,99.52296,Primary EV use,Primary EV use,correct
MIT,b3c0,271,99.53752973574746,99.572876,Primary EV use,Primary EV use,correct
MIT,b3c0,272,99.52106409067467,98.95644,Primary EV use,Primary EV use,correct
MIT,b3c0,273,99.5211576986626,99.49903,Primary EV use,Primary EV use,correct
MIT,b3c0,274,99.50343770655185,99.47818,Primary EV use,Primary EV use,correct
MIT,b3c0,275,99.49876666795534,99.49642,Primary EV use,Primary EV use,correct
MIT,b3c0,276,99.49431092773098,99.46784,Primary EV use,Primary EV use,correct
MIT,b3c0,277,99.49434837092615,99.40117,Primary EV use,Primary EV use,correct
MIT,b3c0,278,99.49582737713506,99.44262,Primary EV use,Primary EV use,correct
MIT,b3c0,279,99.49553719237254,99.543175,Primary EV use,Primary EV use,correct
MIT,b3c0,280,99.48351792672536,99.46552,Primary EV use,Primary EV use,correct
MIT,b3c0,281,99.48870380925537,99.38637,Primary EV use,Primary EV use,correct
MIT,b3c0,282,99.47411032394072,99.47154,Primary EV use,Primary EV use,correct
MIT,b3c0,283,99.48033525513651,99.4964,Primary EV use,Primary EV use,correct
MIT,b3c0,284,99.47488727024036,99.46227,Primary EV use,Primary EV use,correct
MIT,b3c0,285,99.47016006685107,99.50262,Primary EV use,Primary EV use,correct
MIT,b3c0,286,99.4597040546019,99.49727,Primary EV use,Primary EV use,correct
MIT,b3c0,287,99.44965991749953,99.50324,Primary EV use,Primary EV use,correct
MIT,b3c0,288,99.43901668927455,99.428894,Primary EV use,Primary EV use,correct
MIT,b3c0,289,99.44512929088485,99.45031,Primary EV use,Primary EV use,correct
MIT,b3c0,290,99.44119775539278,99.461235,Primary EV use,Primary EV use,correct
MIT,b3c0,291,99.43043283678351,99.405624,Primary EV use,Primary EV use,correct
MIT,b3c0,292,99.43676073676599,99.42876,Primary EV use,Primary EV use,correct
MIT,b3c0,293,99.4174119656657,99.41528,Primary EV use,Primary EV use,correct
MIT,b3c0,294,99.42791478190884,99.45714,Primary EV use,Primary EV use,correct
MIT,b3c0,295,99.40353926185796,99.45814,Primary EV use,Primary EV use,correct
MIT,b3c0,296,99.396874373119,99.42309,Primary EV use,Primary EV use,correct
MIT,b3c0,297,99.3878505630848,99.401276,Primary EV use,Primary EV use,correct
MIT,b3c0,298,99.38402199637942,99.426025,Primary EV use,Primary EV use,correct
MIT,b3c0,299,99.37712308767071,99.41685,Primary EV use,Primary EV use,correct
MIT,b3c0,300,99.38344162685439,98.98799,Primary EV use,Primary EV use,correct
MIT,b3c0,301,99.38265531975598,99.43982,Primary EV use,Primary EV use,correct
MIT,b3c0,302,99.38233705259711,99.41014,Primary EV use,Primary EV use,correct
MIT,b3c0,303,99.38281445333543,99.39726,Primary EV use,Primary EV use,correct
MIT,b3c0,304,99.3791262986119,99.40028,Primary EV use,Primary EV use,correct
MIT,b3c0,305,99.35623914556874,99.42158,Primary EV use,Primary EV use,correct
MIT,b3c0,306,99.35538731287879,99.3479,Primary EV use,Primary EV use,correct
MIT,b3c0,307,99.35945926035274,99.36707,Primary EV use,Primary EV use,correct
MIT,b3c0,308,99.34840415698095,99.37205,Primary EV use,Primary EV use,correct
MIT,b3c0,309,99.34143972268072,99.33596,Primary EV use,Primary EV use,correct
MIT,b3c0,310,99.33718992002974,99.20743,Primary EV use,Primary EV use,correct
MIT,b3c0,311,99.34283448170052,99.327324,Primary EV use,Primary EV use,correct
MIT,b3c0,312,99.320097101438,99.33084,Primary EV use,Primary EV use,correct
MIT,b3c0,313,99.33486844192969,99.33073,Primary EV use,Primary EV use,correct
MIT,b3c0,314,99.32415968811314,99.32981,Primary EV use,Primary EV use,correct
MIT,b3c0,315,99.31303905914986,99.339134,Primary EV use,Primary EV use,correct
MIT,b3c0,316,99.2959556013569,99.30304,Primary EV use,Primary EV use,correct
MIT,b3c0,317,99.29163091231561,99.32399,Primary EV use,Primary EV use,correct
MIT,b3c0,318,99.29766862753557,99.285866,Primary EV use,Primary EV use,correct
MIT,b3c0,319,99.29832388345093,99.28268,Primary EV use,Primary EV use,correct
MIT,b3c0,320,99.30179673980227,99.32294,Primary EV use,Primary EV use,correct
MIT,b3c0,321,99.2901519061067,99.34518,Primary EV use,Primary EV use,correct
MIT,b3c0,322,99.28449798363712,99.28907,Primary EV use,Primary EV use,correct
MIT,b3c0,323,99.27758971412963,99.28941,Primary EV use,Primary EV use,correct
MIT,b3c0,324,99.27386411621093,99.33493,Primary EV use,Primary EV use,correct
MIT,b3c0,325,99.26735836105142,99.28244,Primary EV use,Primary EV use,correct
MIT,b3c0,326,99.27187962686732,99.31381,Primary EV use,Primary EV use,correct
MIT,b3c0,327,99.26227544730811,99.30334,Primary EV use,Primary EV use,correct
MIT,b3c0,328,99.25068677840527,99.30162,Primary EV use,Primary EV use,correct
MIT,b3c0,329,99.24701734527932,99.254654,Primary EV use,Primary EV use,correct
MIT,b3c0,330,99.23418369013733,99.2727,Primary EV use,Primary EV use,correct
MIT,b3c0,331,99.2317030784578,99.26768,Primary EV use,Primary EV use,correct
MIT,b3c0,332,99.22474800495635,99.29436,Primary EV use,Primary EV use,correct
MIT,b3c0,333,99.2135524896027,99.28368,Primary EV use,Primary EV use,correct
MIT,b3c0,334,99.20537115145967,99.33231,Primary EV use,Primary EV use,correct
MIT,b3c0,335,99.21663219240486,99.20004,Primary EV use,Primary EV use,correct
MIT,b3c0,336,99.21820480660169,99.2794,Primary EV use,Primary EV use,correct
MIT,b3c0,337,99.21690365556977,99.279564,Primary EV use,Primary EV use,correct
MIT,b3c0,338,99.18945779351556,99.30875,Primary EV use,Primary EV use,correct
MIT,b3c0,339,99.19982955857562,99.27152,Primary EV use,Primary EV use,correct
MIT,b3c0,340,99.19050620298012,99.27462,Primary EV use,Primary EV use,correct
MIT,b3c0,341,99.18689293464692,99.2697,Primary EV use,Primary EV use,correct
MIT,b3c0,342,99.1843936013698,99.13628,Primary EV use,Primary EV use,correct
MIT,b3c0,343,99.1789081732785,99.20808,Primary EV use,Primary EV use,correct
MIT,b3c0,344,99.17711089991069,99.24772,Primary EV use,Primary EV use,correct
MIT,b3c0,345,99.17403119710856,99.20325,Primary EV use,Primary EV use,correct
MIT,b3c0,346,99.17742916706956,99.21922,Primary EV use,Primary EV use,correct
MIT,b3c0,347,99.17531362654289,99.2301,Primary EV use,Primary EV use,correct
MIT,b3c0,348,99.16735694757082,99.251465,Primary EV use,Primary EV use,correct
MIT,b3c0,349,99.15169633119405,99.25216,Primary EV use,Primary EV use,correct
MIT,b3c0,350,99.13731814425158,99.17547,Primary EV use,Primary EV use,correct
MIT,b3c0,351,99.1387129032714,99.21987,Primary EV use,Primary EV use,correct
MIT,b3c0,352,99.13374231911355,99.20368,Primary EV use,Primary EV use,correct
MIT,b3c0,353,99.12986694841422,99.22531,Primary EV use,Primary EV use,correct
MIT,b3c0,354,99.12856579738232,99.21168,Primary EV use,Primary EV use,correct
MIT,b3c0,355,99.12191963024094,99.181526,Primary EV use,Primary EV use,correct
MIT,b3c0,356,99.11941093616505,99.27141,Primary EV use,Primary EV use,correct
MIT,b3c0,357,99.11678055170489,99.250145,Primary EV use,Primary EV use,correct
MIT,b3c0,358,99.10548206756455,99.29572,Primary EV use,Primary EV use,correct
MIT,b3c0,359,99.10046467941275,99.20149,Primary EV use,Primary EV use,correct
MIT,b3c0,360,99.09455801537585,99.18384,Primary EV use,Primary EV use,correct
MIT,b3c0,361,99.08274468730204,99.21013,Primary EV use,Primary EV use,correct
MIT,b3c0,362,99.09065456228015,99.11688,Primary EV use,Primary EV use,correct
MIT,b3c0,363,99.07787707193091,99.16935,Primary EV use,Primary EV use,correct
MIT,b3c0,364,99.07230739665044,99.10757,Primary EV use,Primary EV use,correct
MIT,b3c0,365,99.0715491719484,99.22803,Primary EV use,Primary EV use,correct
MIT,b3c0,366,99.062356867536,99.14728,Primary EV use,Primary EV use,correct
MIT,b3c0,367,99.05356707747156,99.12441,Primary EV use,Primary EV use,correct
MIT,b3c0,368,99.05226592643966,99.1291,Primary EV use,Primary EV use,correct
MIT,b3c0,369,99.05689016104223,99.12879,Primary EV use,Primary EV use,correct
MIT,b3c0,370,99.04256813889252,99.192566,Primary EV use,Primary EV use,correct
MIT,b3c0,371,99.0461065208354,99.15511,Primary EV use,Primary EV use,correct
MIT,b3c0,372,99.05973584387459,99.09166,Primary EV use,Primary EV use,correct
MIT,b3c0,373,99.0480067629899,99.13673,Primary EV use,Primary EV use,correct
MIT,b3c0,374,99.04091127750658,99.051544,Primary EV use,Primary EV use,correct
MIT,b3c0,375,99.03480803669507,99.15196,Primary EV use,Primary EV use,correct
MIT,b3c0,376,99.03560370459228,99.16595,Primary EV use,Primary EV use,correct
MIT,b3c0,377,99.03272057856476,99.07116,Primary EV use,Primary EV use,correct
MIT,b3c0,378,99.0217590831809,99.08431,Primary EV use,Primary EV use,correct
MIT,b3c0,379,99.00497517094922,99.11057,Primary EV use,Primary EV use,correct
MIT,b3c0,380,98.99842261179576,99.07969,Primary EV use,Primary EV use,correct
MIT,b3c0,381,98.99979864921801,99.123505,Primary EV use,Primary EV use,correct
MIT,b3c0,382,98.99648492644612,99.09034,Primary EV use,Primary EV use,correct
MIT,b3c0,383,99.00027604995631,99.05678,Primary EV use,Primary EV use,correct
MIT,b3c0,384,98.99810434463689,99.08719,Primary EV use,Primary EV use,correct
MIT,b3c0,385,98.99682191520256,99.08384,Primary EV use,Primary EV use,correct
MIT,b3c0,386,98.99533354819485,99.06273,Primary EV use,Primary EV use,correct
MIT,b3c0,387,98.99202918622176,99.06751,Primary EV use,Primary EV use,correct
MIT,b3c0,388,98.98169486435687,99.04457,Primary EV use,Primary EV use,correct
MIT,b3c0,389,98.98662800531956,99.087006,Primary EV use,Primary EV use,correct
MIT,b3c0,390,98.96980664989272,99.07002,Primary EV use,Primary EV use,correct
MIT,b3c0,391,98.97448704928806,99.04675,Primary EV use,Primary EV use,correct
MIT,b3c0,392,98.97779141126117,98.93874,Primary EV use,Primary EV use,correct
MIT,b3c0,393,98.98342661213314,99.01704,Primary EV use,Primary EV use,correct
MIT,b3c0,394,98.97052743139962,99.02926,Primary EV use,Primary EV use,correct
MIT,b3c0,395,98.97694893937002,99.06965,Primary EV use,Primary EV use,correct
MIT,b3c0,396,98.97093930654641,99.0317,Primary EV use,Primary EV use,correct
MIT,b3c0,397,98.96053945908999,98.95062,Primary EV use,Primary EV use,correct
MIT,b3c0,398,98.94764963915524,99.03622,Primary EV use,Primary EV use,correct
MIT,b3c0,399,98.9576001682697,99.0425,Primary EV use,Primary EV use,correct
MIT,b3c0,400,98.95384648795466,98.99427,Primary EV use,Primary EV use,correct
MIT,b3c0,401,98.94366193887042,99.03295,Primary EV use,Primary EV use,correct
MIT,b3c0,402,98.94396148443171,99.03061,Primary EV use,Primary EV use,correct
MIT,b3c0,403,98.93653837099073,98.897675,Primary EV use,Primary EV use,correct
MIT,b3c0,404,98.9255394324117,99.01891,Primary EV use,Primary EV use,correct
MIT,b3c0,405,98.92110241378492,98.92123,Primary EV use,Primary EV use,correct
MIT,b3c0,406,98.92870338240294,98.97316,Primary EV use,Primary EV use,correct
MIT,b3c0,407,98.9293492775195,98.97522,Primary EV use,Primary EV use,correct
MIT,b3c0,408,98.92037227147927,98.983246,Primary EV use,Primary EV use,correct
MIT,b3c0,409,98.93746509007102,99.04018,Primary EV use,Primary EV use,correct
MIT,b3c0,410,98.9333650602007,98.88523,Primary EV use,Primary EV use,correct
MIT,b3c0,411,98.9264474298944,98.97801,Primary EV use,Primary EV use,correct
MIT,b3c0,412,98.91564506808997,98.965454,Primary EV use,Primary EV use,correct
MIT,b3c0,413,98.8940684268775,98.95711,Primary EV use,Primary EV use,correct
MIT,b3c0,414,98.90707057639774,98.93552,Primary EV use,Primary EV use,correct
MIT,b3c0,415,98.89821526074176,98.962265,Primary EV use,Primary EV use,correct
MIT,b3c0,416,98.88923825470152,98.87195,Primary EV use,Primary EV use,correct
MIT,b3c0,417,98.88760011491317,98.93245,Primary EV use,Primary EV use,correct
MIT,b3c0,418,98.88067312380807,98.92836,Primary EV use,Primary EV use,correct
MIT,b3c0,419,98.87675094911478,98.95651,Primary EV use,Primary EV use,correct
MIT,b3c0,420,98.88063568061291,98.95102,Primary EV use,Primary EV use,correct
MIT,b3c0,421,98.86164261986666,98.97524,Primary EV use,Primary EV use,correct
MIT,b3c0,422,98.86654767843297,98.92523,Primary EV use,Primary EV use,correct
MIT,b3c0,423,98.86428236512563,98.92944,Primary EV use,Primary EV use,correct
MIT,b3c0,424,98.86306546128284,98.95159,Primary EV use,Primary EV use,correct
MIT,b3c0,425,98.85614783097654,98.951904,Primary EV use,Primary EV use,correct
MIT,b3c0,426,98.85503389592044,98.91597,Primary EV use,Primary EV use,correct
MIT,b3c0,427,98.84914595348113,98.95079,Primary EV use,Primary EV use,correct
MIT,b3c0,428,98.8494735814388,98.88344,Primary EV use,Primary EV use,correct
MIT,b3c0,429,98.85316173616232,98.87011,Primary EV use,Primary EV use,correct
MIT,b3c0,430,98.82805607380577,98.870895,Primary EV use,Primary EV use,correct
MIT,b3c0,431,98.83538557925885,98.88657,Primary EV use,Primary EV use,correct
MIT,b3c0,432,98.81849869824052,98.880974,Primary EV use,Primary EV use,correct
MIT,b3c0,433,98.8093906410172,98.890526,Primary EV use,Primary EV use,correct
MIT,b3c0,434,98.8074810380639,98.81876,Primary EV use,Primary EV use,correct
MIT,b3c0,435,98.80128418926448,98.919464,Primary EV use,Primary EV use,correct
MIT,b3c0,436,98.80238876352178,98.7856,Primary EV use,Primary EV use,correct
MIT,b3c0,437,98.79856019681641,98.819855,Primary EV use,Primary EV use,correct
MIT,b3c0,438,98.7882352357503,98.83404,Primary EV use,Primary EV use,correct
MIT,b3c0,439,98.7720972186352,98.81101,Primary EV use,Primary EV use,correct
MIT,b3c0,440,98.76913920621736,98.802704,Primary EV use,Primary EV use,correct
MIT,b3c0,441,98.77628149569463,98.81335,Primary EV use,Primary EV use,correct
MIT,b3c0,442,98.77822854184309,98.7958,Primary EV use,Primary EV use,correct
MIT,b3c0,443,98.76911112382099,98.88586,Primary EV use,Primary EV use,correct
MIT,b3c0,444,98.74576529163708,98.80199,Primary EV use,Primary EV use,correct
MIT,b3c0,445,98.75723227015565,98.83046,Primary EV use,Primary EV use,correct
MIT,b3c0,446,98.75023975345901,98.778336,Primary EV use,Primary EV use,correct
MIT,b3c0,447,98.74216138410267,98.76271,Primary EV use,Primary EV use,correct
MIT,b3c0,448,98.72102470043338,98.79351,Primary EV use,Primary EV use,correct
MIT,b3c0,449,98.72961791372319,98.7546,Primary EV use,Primary EV use,correct
MIT,b3c0,450,98.69909234886686,98.7613,Primary EV use,Primary EV use,correct
MIT,b3c0,451,98.70161976454034,98.789635,Primary EV use,Primary EV use,correct
MIT,b3c0,452,98.69230576974361,98.83487,Primary EV use,Primary EV use,correct
MIT,b3c0,453,98.67994951533996,98.77832,Primary EV use,Primary EV use,correct
MIT,b3c0,454,98.66999898622548,98.761826,Primary EV use,Primary EV use,correct
MIT,b3c0,455,98.66411104378615,98.61568,Primary EV use,Primary EV use,correct
MIT,b3c0,456,98.66572110117815,98.69248,Primary EV use,Primary EV use,correct
MIT,b3c0,457,98.65542422250843,98.768074,Primary EV use,Primary EV use,correct
MIT,b3c0,458,98.63517681472422,98.75553,Primary EV use,Primary EV use,correct
MIT,b3c0,459,98.63616905939602,98.69575,Primary EV use,Primary EV use,correct
MIT,b3c0,460,98.62553519196985,98.67844,Primary EV use,Primary EV use,correct
MIT,b3c0,461,98.60909762929346,98.639336,Primary EV use,Primary EV use,correct
MIT,b3c0,462,98.59897860580075,98.6015,Primary EV use,Primary EV use,correct
MIT,b3c0,463,98.59193928511017,98.66931,Primary EV use,Primary EV use,correct
MIT,b3c0,464,98.59014201174236,98.83262,Primary EV use,Primary EV use,correct
MIT,b3c0,465,98.5891965710645,98.6165,Primary EV use,Primary EV use,correct
MIT,b3c0,466,98.6116437665645,98.581406,Primary EV use,Primary EV use,correct
MIT,b3c0,467,98.59920326497172,98.619156,Primary EV use,Primary EV use,correct
MIT,b3c0,468,98.6066451000103,98.54637,Primary EV use,Primary EV use,correct
MIT,b3c0,469,98.59379272327072,98.654305,Primary EV use,Primary EV use,correct
MIT,b3c0,470,98.59035731011454,98.58115,Primary EV use,Primary EV use,correct
MIT,b3c0,471,98.5894212302355,98.66462,Primary EV use,Primary EV use,correct
MIT,b3c0,472,98.60175876304157,98.55978,Primary EV use,Primary EV use,correct
MIT,b3c0,473,98.58973949739436,98.63602,Primary EV use,Primary EV use,correct
MIT,b3c0,474,98.58753970967855,98.60923,Primary EV use,Primary EV use,correct
MIT,b3c0,475,98.58977694058953,98.59124,Primary EV use,Primary EV use,correct
MIT,b3c0,476,98.56060869155783,98.59817,Primary EV use,Primary EV use,correct
MIT,b3c0,477,98.56693659154031,98.5939,Primary EV use,Primary EV use,correct
MIT,b3c0,478,98.56197536818128,98.39591,Primary EV use,Primary EV use,correct
MIT,b3c0,479,98.54662365816459,98.46457,Primary EV use,Primary EV use,correct
MIT,b3c0,480,98.54012726380387,98.51592,Primary EV use,Primary EV use,correct
MIT,b3c0,481,98.53490393807867,98.550995,Primary EV use,Primary EV use,correct
MIT,b3c0,482,98.5331909119,98.56494,Primary EV use,Primary EV use,correct
MIT,b3c0,483,98.51057522202174,98.473015,Primary EV use,Primary EV use,correct
MIT,b3c0,484,98.50282448062309,98.49127,Primary EV use,Primary EV use,correct
MIT,b3c0,485,98.50230963668962,98.40986,Primary EV use,Primary EV use,correct
MIT,b3c0,486,98.49785389646526,98.43368,Primary EV use,Primary EV use,correct
MIT,b3c0,487,98.4830825559736,98.330666,Primary EV use,Primary EV use,correct
MIT,b3c0,488,98.46601781977822,98.34636,Primary EV use,Primary EV use,correct
MIT,b3c0,489,98.473450294018,98.34278,Primary EV use,Primary EV use,correct
MIT,b3c0,490,98.48294214399174,98.323326,Primary EV use,Primary EV use,correct
MIT,b3c0,491,98.47038931281345,98.33285,Primary EV use,Primary EV use,correct
MIT,b3c0,492,98.46433287599588,98.40188,Primary EV use,Primary EV use,correct
MIT,b3c0,493,98.45259443431242,98.402725,Primary EV use,Primary EV use,correct
MIT,b3c0,494,98.43672788036226,98.382286,Primary EV use,Primary EV use,correct
MIT,b3c0,495,98.43028765079428,98.313576,Primary EV use,Primary EV use,correct
MIT,b3c0,496,98.42608465213726,98.36718,Primary EV use,Primary EV use,correct
MIT,b3c0,497,98.42444651234891,98.362114,Primary EV use,Primary EV use,correct
MIT,b3c0,498,98.41971930895961,98.3587,Primary EV use,Primary EV use,correct
MIT,b3c0,499,98.4136347897457,98.31728,Primary EV use,Primary EV use,correct
MIT,b3c0,500,98.40756899212934,98.38901,Primary EV use,Primary EV use,correct
MIT,b3c0,501,98.40838338162412,98.399635,Primary EV use,Primary EV use,correct
MIT,b3c0,502,98.40390891980219,98.325005,Primary EV use,Primary EV use,correct
MIT,b3c0,503,98.38592682532533,98.32942,Primary EV use,Primary EV use,correct
MIT,b3c0,504,98.36631595185891,98.25258,Primary EV use,Primary EV use,correct
MIT,b3c0,505,98.37328974695795,98.309586,Primary EV use,Primary EV use,correct
MIT,b3c0,506,98.37565802905198,98.37233,Primary EV use,Primary EV use,correct
MIT,b3c0,507,98.36995730258846,98.35631,Primary EV use,Primary EV use,correct
MIT,b3c0,508,98.35333252393625,98.350266,Primary EV use,Primary EV use,correct
MIT,b3c0,509,98.36154194447568,98.37976,Primary EV use,Primary EV use,correct
MIT,b3c0,510,98.33598696377717,98.24087,Primary EV use,Primary EV use,correct
MIT,b3c0,511,98.32946248702007,98.28914,Primary EV use,Primary EV use,correct
MIT,b3c0,512,98.31681604785388,98.25597,Primary EV use,Primary EV use,correct
MIT,b3c0,513,98.31908136116124,98.25944,Primary EV use,Primary EV use,correct
MIT,b3c0,514,98.30822283456408,98.28983,Primary EV use,Primary EV use,correct
MIT,b3c0,515,98.29088663520378,98.28275,Primary EV use,Primary EV use,correct
MIT,b3c0,516,98.2962503729108,98.28585,Primary EV use,Primary EV use,correct
MIT,b3c0,517,98.2904466776606,98.23252,Primary EV use,Primary EV use,correct
MIT,b3c0,518,98.28139478523003,98.22572,Primary EV use,Primary EV use,correct
MIT,b3c0,519,98.26504146974277,98.22511,Primary EV use,Primary EV use,correct
MIT,b3c0,520,98.27009630108972,98.27377,Primary EV use,Primary EV use,correct
MIT,b3c0,521,98.25683204920335,98.18031,Primary EV use,Primary EV use,correct
MIT,b3c0,522,98.25243247377175,98.21009,Primary EV use,Primary EV use,correct
MIT,b3c0,523,98.22884326081926,98.17558,Primary EV use,Primary EV use,correct
MIT,b3c0,524,98.20451454476236,97.96855,Primary EV use,Primary EV use,correct
MIT,b3c0,525,98.20778146354029,98.03858,Primary EV use,Primary EV use,correct
MIT,b3c0,526,98.21496119621271,98.174614,Primary EV use,Primary EV use,correct
MIT,b3c0,527,98.21363196278445,98.18289,Primary EV use,Primary EV use,correct
MIT,b3c0,528,98.20437413278049,98.1215,Primary EV use,Primary EV use,correct
MIT,b3c0,529,98.1906324801558,98.157196,Primary EV use,Primary EV use,correct
MIT,b3c0,530,98.17412939188786,98.11933,Primary EV use,Primary EV use,correct
MIT,b3c0,531,98.17505611096814,98.06893,Primary EV use,Primary EV use,correct
MIT,b3c0,532,98.17846344172794,98.04674,Primary EV use,Primary EV use,correct
MIT,b3c0,533,98.17514971895605,98.20266,Primary EV use,Primary EV use,correct
MIT,b3c0,534,98.18740300457304,98.08423,Primary EV use,Primary EV use,correct
MIT,b3c0,535,98.1906324801558,98.086205,Primary EV use,Primary EV use,correct
MIT,b3c0,536,98.1849130320947,98.10174,Primary EV use,Primary EV use,correct
MIT,b3c0,537,98.18809570368353,98.25302,Primary EV use,Primary EV use,correct
MIT,b3c0,538,98.17767713462953,98.16744,Primary EV use,Primary EV use,correct
MIT,b3c0,539,98.18964959628276,98.00065,Primary EV use,Primary EV use,correct
MIT,b3c0,540,98.16374826602903,98.03007,Primary EV use,Primary EV use,correct
MIT,b3c0,541,98.15642812137474,98.06285,Primary EV use,Primary EV use,correct
MIT,b3c0,542,98.15098013647857,97.95543,Primary EV use,Primary EV use,correct
MIT,b3c0,543,98.14732006415142,98.06262,Primary EV use,Primary EV use,correct
MIT,b3c0,544,98.14033690825359,98.006165,Primary EV use,Primary EV use,correct
MIT,b3c0,545,98.14477392688036,98.049286,Primary EV use,Primary EV use,correct
MIT,b3c0,546,98.12473245666956,97.96341,Primary EV use,Primary EV use,correct
MIT,b3c0,547,98.1202767164452,97.86302,Primary EV use,Primary EV use,correct
MIT,b3c0,548,98.11517508110428,97.92983,Primary EV use,Primary EV use,correct
MIT,b3c0,549,98.11466959796961,98.05084,Primary EV use,Primary EV use,correct
MIT,b3c0,550,98.09498383811285,98.019455,Primary EV use,Primary EV use,correct
MIT,b3c0,551,98.09013494433928,97.91667,Primary EV use,Primary EV use,correct
MIT,b3c0,552,98.08305818045355,97.76001,Primary EV use,Primary EV use,correct
MIT,b3c0,553,98.08048396078611,97.89134,Primary EV use,Primary EV use,correct
MIT,b3c0,554,98.06640531940495,97.8445,Primary EV use,Primary EV use,correct
MIT,b3c0,555,98.06144409604592,97.830734,Primary EV use,Primary EV use,correct
MIT,b3c0,556,98.04739353706111,97.794586,Primary EV use,Primary EV use,correct
MIT,b3c0,557,98.040110835602,97.82316,Primary EV use,Primary EV use,correct
MIT,b3c0,558,98.04342455837389,98.00628,Primary EV use,Primary EV use,correct
MIT,b3c0,559,98.01770108329715,97.796036,Primary EV use,Primary EV use,correct
MIT,b3c0,560,98.03065642882343,97.91028,Primary EV use,Primary EV use,correct
MIT,b3c0,561,98.00115119103526,97.915085,Primary EV use,Primary EV use,correct
MIT,b3c0,562,98.00577542563786,97.76868,Primary EV use,Primary EV use,correct
MIT,b3c0,563,98.01002522828881,97.750496,Primary EV use,Primary EV use,correct
MIT,b3c0,564,97.9872784872275,97.756676,Primary EV use,Primary EV use,correct
MIT,b3c0,565,97.9781610692054,97.79801,Primary EV use,Primary EV use,correct
MIT,b3c0,566,97.96727446021187,97.827675,Primary EV use,Primary EV use,correct
MIT,b3c0,567,97.95455313465536,97.75678,Primary EV use,Primary EV use,correct
MIT,b3c0,568,97.95245631572624,97.740776,Primary EV use,Primary EV use,correct
MIT,b3c0,569,97.94495831589494,97.81446,Primary EV use,Primary EV use,correct
MIT,b3c0,570,97.93058012895249,97.789795,Primary EV use,Primary EV use,correct
MIT,b3c0,571,97.94304871294165,97.745346,Primary EV use,Primary EV use,correct
MIT,b3c0,572,97.93074862333071,97.69213,Primary EV use,Primary EV use,correct
MIT,b3c0,573,97.9296534098722,97.745316,Primary EV use,Primary EV use,correct
MIT,b3c0,574,97.92405565219539,97.74088,Primary EV use,Primary EV use,correct
MIT,b3c0,575,97.93493290039015,97.8631,Primary EV use,Primary EV use,correct
MIT,b3c0,576,97.92157504051588,97.7278,Primary EV use,Primary EV use,correct
MIT,b3c0,577,97.91618322041245,97.75193,Primary EV use,Primary EV use,correct
MIT,b3c0,578,97.91163387220018,97.82965,Primary EV use,Primary EV use,correct
MIT,b3c0,579,97.90239476379382,97.80639,Primary EV use,Primary EV use,correct
MIT,b3c0,580,97.89238806988661,97.58626,Primary EV use,Primary EV use,correct
MIT,b3c0,581,97.8848713484577,97.7264,Primary EV use,Primary EV use,correct
MIT,b3c0,582,97.88132360571602,97.704735,Primary EV use,Primary EV use,correct
MIT,b3c0,583,97.87607219759448,97.682335,Primary EV use,Primary EV use,correct
MIT,b3c0,584,97.84673545418454,97.68077,Primary EV use,Primary EV use,correct
MIT,b3c0,585,97.85653621051837,97.71134,Primary EV use,Primary EV use,correct
MIT,b3c0,586,97.8538871044606,97.74058,Primary EV use,Primary EV use,correct
MIT,b3c0,587,97.86095450754756,97.65723,Primary EV use,Primary EV use,correct
MIT,b3c0,588,97.84338428821748,97.72152,Primary EV use,Primary EV use,correct
MIT,b3c0,589,97.84953433302294,97.70413,Primary EV use,Primary EV use,correct
MIT,b3c0,590,97.85028319692618,97.67998,Primary EV use,Primary EV use,correct
MIT,b3c0,591,97.84310346425377,97.70309,Primary EV use,Primary EV use,correct
MIT,b3c0,592,97.82543963693578,97.701996,Primary EV use,Primary EV use,correct
MIT,b3c0,593,97.81479640871082,97.68152,Primary EV use,Primary EV use,correct
MIT,b3c0,594,97.78553455169121,97.61551,Primary EV use,Primary EV use,correct
MIT,b3c0,595,97.79093573259343,97.67601,Primary EV use,Primary EV use,correct
MIT,b3c0,596,97.78999965271437,97.66934,Primary EV use,Primary EV use,correct
MIT,b3c0,597,97.77530319861303,97.666954,Primary EV use,Primary EV use,correct
MIT,b3c0,598,97.77173673427379,97.66208,Primary EV use,Primary EV use,correct
MIT,b3c0,599,97.76822643472727,97.6593,Primary EV use,Primary EV use,correct
MIT,b3c0,600,97.75840695679588,97.662964,Primary EV use,Primary EV use,correct
MIT,b3c0,601,97.75239732397227,97.63521,Primary EV use,Primary EV use,correct
MIT,b3c0,602,97.74270889722393,97.57785,Primary EV use,Primary EV use,correct
MIT,b3c0,603,97.73515473259987,97.508995,Primary EV use,Primary EV use,correct
MIT,b3c0,604,97.73678351158946,97.70677,Primary EV use,Primary EV use,correct
MIT,b3c0,605,97.72653343691368,97.6177,Primary EV use,Primary EV use,correct
MIT,b3c0,606,97.71845506755736,97.64898,Primary EV use,Primary EV use,correct
MIT,b3c0,607,97.71270753709987,97.62799,Primary EV use,Primary EV use,correct
MIT,b3c0,608,97.6997615523724,97.596954,Primary EV use,Primary EV use,correct
MIT,b3c0,609,97.68762059634092,97.59813,Primary EV use,Primary EV use,correct
MIT,b3c0,610,97.67177276398833,97.46434,Primary EV use,Primary EV use,correct
MIT,b3c0,611,97.68118036677295,97.6126,Primary EV use,Primary EV use,correct
MIT,b3c0,612,97.65996879671329,97.63436,Primary EV use,Primary EV use,correct
MIT,b3c0,613,97.66200945084967,97.560646,Primary EV use,Primary EV use,correct
MIT,b3c0,614,97.6619626468557,97.424736,Primary EV use,Primary EV use,correct
MIT,b3c0,615,97.63702547887739,97.64013,Primary EV use,Primary EV use,correct
MIT,b3c0,616,97.63180215315221,97.55703,Primary EV use,Primary EV use,correct
MIT,b3c0,617,97.63359942652001,97.54145,Primary EV use,Primary EV use,correct
MIT,b3c0,618,97.63338412814782,97.62133,Primary EV use,Primary EV use,correct
MIT,b3c0,619,97.62541808837697,97.52983,Primary EV use,Primary EV use,correct
MIT,b3c0,620,97.60849376416346,97.57012,Primary EV use,Primary EV use,correct
MIT,b3c0,621,97.60657480041137,97.52995,Primary EV use,Primary EV use,correct
MIT,b3c0,622,97.60668712999686,97.5774,Primary EV use,Primary EV use,correct
MIT,b3c0,623,97.56342151798646,97.4378,Primary EV use,Primary EV use,correct
MIT,b3c0,624,97.57657344028732,97.51645,Primary EV use,Primary EV use,correct
MIT,b3c0,625,97.56941242921245,97.47451,Primary EV use,Primary EV use,correct
MIT,b3c0,626,97.56469458662197,97.38993,Primary EV use,Primary EV use,correct
MIT,b3c0,627,97.56482563780504,97.4252,Primary EV use,Primary EV use,correct
MIT,b3c0,628,97.56223269654004,97.54159,Primary EV use,Primary EV use,correct
MIT,b3c0,629,97.52929204559568,97.46816,Primary EV use,Primary EV use,correct
MIT,b3c0,630,97.53535784321204,97.44544,Primary EV use,Primary EV use,correct
MIT,b3c0,631,97.51834927180943,97.45701,Primary EV use,Primary EV use,correct
MIT,b3c0,632,97.52965711674852,97.331245,Primary EV use,Primary EV use,correct
MIT,b3c0,633,97.50898847301876,97.38935,Primary EV use,Primary EV use,correct
MIT,b3c0,634,97.51470792107985,97.44025,Primary EV use,Primary EV use,correct
MIT,b3c0,635,97.49547147956503,97.42794,Primary EV use,Primary EV use,correct
MIT,b3c0,636,97.49103446093827,97.410286,Primary EV use,Primary EV use,correct
MIT,b3c0,637,97.47635672843451,97.4284,Primary EV use,Primary EV use,correct
MIT,b3c0,638,97.47430671349936,97.26695,Primary EV use,Primary EV use,correct
MIT,b3c0,639,97.45984427936779,97.38026,Primary EV use,Primary EV use,correct
MIT,b3c0,640,97.45865545792137,97.37139,Primary EV use,Primary EV use,correct
MIT,b3c0,641,97.45023073900978,97.38002,Primary EV use,Primary EV use,correct
MIT,b3c0,642,97.43881992528397,97.307655,Primary EV use,Primary EV use,correct
MIT,b3c0,643,97.4223449194124,97.317024,Primary EV use,Primary EV use,correct
MIT,b3c0,644,97.42270999056524,97.3631,Primary EV use,Primary EV use,correct
MIT,b3c0,645,97.40198518204272,97.30138,Primary EV use,Primary EV use,correct
MIT,b3c0,646,97.40628178868764,97.321,Primary EV use,Primary EV use,correct
MIT,b3c0,647,97.39794131696516,97.32024,Primary EV use,Primary EV use,correct
MIT,b3c0,648,97.4024064179883,97.32737,Primary EV use,Primary EV use,correct
MIT,b3c0,649,97.37225528508358,97.33263,Primary EV use,Primary EV use,correct
MIT,b3c0,650,97.3815599190815,97.22669,Primary EV use,Primary EV use,correct
MIT,b3c0,651,97.38187818624039,97.29657,Primary EV use,Primary EV use,correct
MIT,b3c0,652,97.3630161766772,97.291336,Primary EV use,Primary EV use,correct
MIT,b3c0,653,97.36134059369368,97.32443,Primary EV use,Primary EV use,correct
MIT,b3c0,654,97.36100360493722,97.28647,Primary EV use,Primary EV use,correct
MIT,b3c0,655,97.34953662641867,97.278366,Primary EV use,Primary EV use,correct
MIT,b3c0,656,97.33035634969659,97.265785,Primary EV use,Primary EV use,correct
MIT,b3c0,657,97.33339860930356,97.20717,Primary EV use,Primary EV use,correct
MIT,b3c0,658,97.30856441011194,97.20363,Primary EV use,Primary EV use,correct
MIT,b3c0,659,97.31295462474475,97.27099,Primary EV use,Primary EV use,correct
MIT,b3c0,660,97.29756547153292,97.112465,Primary EV use,Primary EV use,correct
MIT,b3c0,661,97.27380776420222,97.22213,Primary EV use,Primary EV use,correct
MIT,b3c0,662,97.27626029348538,97.16765,Primary EV use,Primary EV use,correct
MIT,b3c0,663,97.24965690332232,97.10238,Primary EV use,Primary EV use,correct
MIT,b3c0,664,97.26553281807126,97.239365,Primary EV use,Primary EV use,correct
MIT,b3c0,665,97.26715223626206,97.19376,Primary EV use,Primary EV use,correct
MIT,b3c0,666,97.26023460595576,97.08575,Primary EV use,Primary EV use,correct
MIT,b3c0,667,97.25593799931085,97.130394,Primary EV use,Primary EV use,correct
MIT,b3c0,668,97.24189680112485,97.2033,Primary EV use,Primary EV use,correct
MIT,b3c0,669,97.23728192732106,97.21434,Primary EV use,Primary EV use,correct
MIT,b3c0,670,97.21958065680792,97.04512,Primary EV use,Primary EV use,correct
MIT,b3c0,671,97.20574539619533,97.16722,Primary EV use,Primary EV use,correct
MIT,b3c0,672,97.201870025496,97.13559,Primary EV use,Primary EV use,correct
MIT,b3c0,673,97.1846367949224,97.1053,Primary EV use,Primary EV use,correct
MIT,b3c0,674,97.19006605822096,97.18051,Primary EV use,Primary EV use,correct
MIT,b3c0,675,97.17507005855836,97.15961,Primary EV use,Primary EV use,correct
MIT,b3c0,676,97.16359371924099,97.1366,Primary EV use,Primary EV use,correct
MIT,b3c0,677,97.1616841162877,97.09268,Primary EV use,Primary EV use,correct
MIT,b3c0,678,97.16362180163736,97.05301,Primary EV use,Primary EV use,correct
MIT,b3c0,679,97.1549817843536,97.060745,Primary EV use,Primary EV use,correct
MIT,b3c0,680,97.13025055394867,97.05987,Primary EV use,Primary EV use,correct
MIT,b3c0,681,97.14098739016154,97.06154,Primary EV use,Primary EV use,correct
MIT,b3c0,682,97.10874879912652,96.98785,Primary EV use,Primary EV use,correct
MIT,b3c0,683,97.09757200537048,97.05461,Primary EV use,Primary EV use,correct
MIT,b3c0,684,97.08698494193824,96.90229,Primary EV use,Primary EV use,correct
MIT,b3c0,685,97.07702505202498,96.98367,Primary EV use,Primary EV use,correct
MIT,b3c0,686,97.07692208323829,97.033966,Primary EV use,Primary EV use,correct
MIT,b3c0,687,97.05042166186192,96.89644,Primary EV use,Primary EV use,correct
MIT,b3c0,688,97.03146604431082,96.94129,Primary EV use,Primary EV use,correct
MIT,b3c0,689,97.02950963736357,96.89573,Primary EV use,Primary EV use,correct
MIT,b3c0,690,97.02874205186275,96.88395,Primary EV use,Primary EV use,correct
MIT,b3c0,691,97.02218949270929,96.94681,Primary EV use,Primary EV use,correct
MIT,b3c0,692,97.00539621967886,96.88555,Primary EV use,Primary EV use,correct
MIT,b3c0,693,97.01039488623304,96.90689,Primary EV use,Primary EV use,correct
MIT,b3c0,694,96.98871527623389,96.8243,Primary EV use,Primary EV use,correct
MIT,b3c0,695,96.98036544371263,96.86584,Primary EV use,Primary EV use,correct
MIT,b3c0,696,96.96061415826433,96.790146,Primary EV use,Primary EV use,correct
MIT,b3c0,697,96.96094178622201,96.81868,Primary EV use,Primary EV use,correct
MIT,b3c0,698,96.94131219115799,96.783615,Primary EV use,Primary EV use,correct
MIT,b3c0,699,96.94042291527288,96.75094,Primary EV use,Primary EV use,correct
MIT,b3c0,700,96.92831940243656,96.6898,Primary EV use,Primary EV use,correct
MIT,b3c0,701,96.91967938515278,96.7187,Primary EV use,Primary EV use,correct
MIT,b3c0,702,96.89731643684189,96.73328,Primary EV use,Primary EV use,correct
MIT,b3c0,703,96.89351595253288,96.75073,Primary EV use,Primary EV use,correct
MIT,b3c0,704,96.88091631736064,96.754814,Primary EV use,Primary EV use,correct
MIT,b3c0,705,96.86360820039673,96.66401,Primary EV use,Primary EV use,correct
MIT,b3c0,706,96.85411635042298,96.684135,Primary EV use,Primary EV use,correct
MIT,b3c0,707,96.84838754156311,96.6469,Primary EV use,Primary EV use,correct
MIT,b3c0,708,96.83246482282021,96.73188,Primary EV use,Primary EV use,correct
MIT,b3c0,709,96.82210241855894,96.60923,Primary EV use,Primary EV use,correct
MIT,b3c0,710,96.80737788206122,96.606834,Primary EV use,Primary EV use,correct
MIT,b3c0,711,96.8038956649111,96.657646,Primary EV use,Primary EV use,correct
MIT,b3c0,712,96.78629736318466,96.772995,Primary EV use,Primary EV use,correct
MIT,b3c0,713,96.79884083356414,96.67633,Primary EV use,Primary EV use,correct
MIT,b3c0,714,96.78773892619843,96.59945,Primary EV use,Primary EV use,correct
MIT,b3c0,715,96.78186034455788,96.578964,Primary EV use,Primary EV use,correct
MIT,b3c0,716,96.77295822490797,96.68596,Primary EV use,Primary EV use,correct
MIT,b3c0,717,96.76206225511564,96.597015,Primary EV use,Primary EV use,correct
MIT,b3c0,718,96.74944389834585,96.55616,Primary EV use,Primary EV use,correct
MIT,b3c0,719,96.74186165132541,96.56489,Primary EV use,Primary EV use,correct
MIT,b3c0,720,96.73621708965463,96.59173,Primary EV use,Primary EV use,correct
MIT,b3c0,721,96.73485041303121,96.53352,Primary EV use,Primary EV use,correct
MIT,b3c0,722,96.72150191395572,96.549706,Primary EV use,Primary EV use,correct
MIT,b3c0,723,96.72009779413712,96.52507,Primary EV use,Primary EV use,correct
MIT,b3c0,724,96.6916409658135,96.51854,Primary EV use,Primary EV use,correct
MIT,b3c0,725,96.67379928331853,96.54727,Primary EV use,Primary EV use,correct
MIT,b3c0,726,96.67354654175118,96.53275,Primary EV use,Primary EV use,correct
MIT,b3c0,727,96.66357729103912,96.51325,Primary EV use,Primary EV use,correct
MIT,b3c0,728,96.65173588056892,96.480736,Primary EV use,Primary EV use,correct
MIT,b3c0,729,96.64372303680412,96.51403,Primary EV use,Primary EV use,correct
MIT,b3c0,730,96.62739780371321,96.51391,Primary EV use,Primary EV use,correct
MIT,b3c0,731,96.61344085271634,96.51298,Primary EV use,Primary EV use,correct
MIT,b3c0,732,96.60828305258269,96.4839,Primary EV use,Primary EV use,correct
MIT,b3c0,733,96.59818275068758,96.502846,Primary EV use,Primary EV use,correct
MIT,b3c0,734,96.5983512450658,96.447,Primary EV use,Primary EV use,correct
MIT,b3c0,735,96.57345152028263,96.42339,Primary EV use,Primary EV use,correct
MIT,b3c0,736,96.5543648515485,96.43782,Primary EV use,Primary EV use,correct
MIT,b3c0,737,96.53265715915295,96.40727,Primary EV use,Primary EV use,correct
MIT,b3c0,738,96.52492513935186,96.412964,Primary EV use,Primary EV use,correct
MIT,b3c0,739,96.51923377368713,96.46888,Primary EV use,Primary EV use,correct
MIT,b3c0,740,96.50490239073865,96.36,Primary EV use,Primary EV use,correct
MIT,b3c0,741,96.48037709790711,96.342606,Primary EV use,Primary EV use,correct
MIT,b3c0,742,96.46735622678932,96.3375,Primary EV use,Primary EV use,correct
MIT,b3c0,743,96.46600827176346,96.434456,Primary EV use,Primary EV use,correct
MIT,b3c0,744,96.44930860672092,96.16243,Primary EV use,Primary EV use,correct
MIT,b3c0,745,96.42720776077616,96.333015,Primary EV use,Primary EV use,correct
MIT,b3c0,746,96.42803151106973,96.41289,Primary EV use,Primary EV use,correct
MIT,b3c0,747,96.42117940635498,96.31791,Primary EV use,Primary EV use,correct
MIT,b3c0,748,96.40930991348841,96.27344,Primary EV use,Primary EV use,correct
MIT,b3c0,749,96.39863860286707,96.256195,Primary EV use,Primary EV use,correct
MIT,b3c0,750,96.38099349714668,96.25374,Primary EV use,Primary EV use,correct
MIT,b3c0,751,96.36797262602886,96.33343,Primary EV use,Primary EV use,correct
MIT,b3c0,752,96.36277738270005,96.1875,Primary EV use,Primary EV use,correct
MIT,b3c0,753,96.35537299085664,96.27255,Primary EV use,Primary EV use,correct
MIT,b3c0,754,96.32649492658747,96.21324,Primary EV use,Primary EV use,correct
MIT,b3c0,755,96.29290838052657,96.23918,Primary EV use,Primary EV use,correct
MIT,b3c0,756,96.29446227312582,96.24093,Primary EV use,Primary EV use,correct
MIT,b3c0,757,96.27491692525092,96.11975,Primary EV use,Primary EV use,correct
MIT,b3c0,758,96.26568717764334,96.03818,Primary EV use,Primary EV use,correct
MIT,b3c0,759,96.24695621926323,96.254524,Primary EV use,Primary EV use,correct
MIT,b3c0,760,96.22687730585726,96.19674,Primary EV use,Primary EV use,correct
MIT,b3c0,761,96.2116940902188,96.175095,Primary EV use,Primary EV use,correct
MIT,b3c0,762,96.20389654482618,95.92013,Primary EV use,Primary EV use,correct
MIT,b3c0,763,96.1925699782895,95.870094,Primary EV use,Primary EV use,correct
MIT,b3c0,764,96.17117119225405,96.05428,Primary EV use,Primary EV use,correct
MIT,b3c0,765,96.15365713771673,95.915955,Primary EV use,Primary EV use,correct
MIT,b3c0,766,96.1282425690001,95.89605,Primary EV use,Primary EV use,correct
MIT,b3c0,767,96.1321273004982,95.922264,Primary EV use,Primary EV use,correct
MIT,b3c0,768,96.11403287643586,95.85596,Primary EV use,Primary EV use,correct
MIT,b3c0,769,96.09928025754178,95.867035,Primary EV use,Primary EV use,correct
MIT,b3c0,770,96.09068704425196,95.88068,Primary EV use,Primary EV use,correct
MIT,b3c0,771,96.07959449768502,95.83828,Primary EV use,Primary EV use,correct
MIT,b3c0,772,96.07116041797464,95.926476,Primary EV use,Primary EV use,correct
MIT,b3c0,773,96.06260464787997,95.88043,Primary EV use,Primary EV use,correct
MIT,b3c0,774,96.03566426896045,95.78447,Primary EV use,Primary EV use,correct
MIT,b3c0,775,96.02571373984598,95.77647,Primary EV use,Primary EV use,correct
MIT,b3c0,776,96.00748826460057,95.781395,Primary EV use,Primary EV use,correct
MIT,b3c0,777,95.9958247093074,95.81588,Primary EV use,Primary EV use,correct
MIT,b3c0,778,95.99869847453616,95.849846,Primary EV use,Primary EV use,correct
MIT,b3c0,779,95.96189181369125,95.800095,Primary EV use,Primary EV use,correct
MIT,b3c0,780,95.95821301976653,95.73758,Primary EV use,Primary EV use,correct
MIT,b3c0,781,95.93535394911974,95.803986,Primary EV use,Primary EV use,correct
MIT,b3c0,782,95.91310333039435,95.777756,Primary EV use,Primary EV use,correct
MIT,b3c0,783,95.88305516627634,95.77828,Primary EV use,Primary EV use,correct
MIT,b3c0,784,95.87214047488642,95.73227,Primary EV use,Primary EV use,correct
MIT,b3c0,785,95.85055447287516,95.72549,Primary EV use,Primary EV use,correct
MIT,b3c0,786,95.83202945206844,95.76867,Primary EV use,Primary EV use,correct
MIT,b3c0,787,95.80688634651673,95.74384,Primary EV use,Primary EV use,correct
MIT,b3c0,788,95.80455550761785,95.73499,Primary EV use,Primary EV use,correct
MIT,b3c0,789,95.7786541773641,95.614006,Primary EV use,Primary EV use,correct
MIT,b3c0,790,95.76360201290873,95.553,Primary EV use,Primary EV use,correct
MIT,b3c0,791,95.73900183368687,95.69192,Primary EV use,Primary EV use,correct
MIT,b3c0,792,95.72817138948608,95.65594,Primary EV use,Primary EV use,correct
MIT,b3c0,793,95.70175521529883,95.48327,Primary EV use,Primary EV use,correct
MIT,b3c0,794,95.68089935559325,95.5443,Primary EV use,Primary EV use,correct
MIT,b3c0,795,95.65121626262807,95.51293,Primary EV use,Primary EV use,correct
MIT,b3c0,796,95.63582710941621,95.53402,Primary EV use,Primary EV use,correct
MIT,b3c0,797,95.61631920473648,95.53921,Primary EV use,Primary EV use,correct
MIT,b3c0,798,95.59241172462512,95.37323,Primary EV use,Primary EV use,correct
MIT,b3c0,799,95.57393350781237,95.39741,Primary EV use,Primary EV use,correct
MIT,b3c0,800,95.54627234738597,95.40827,Primary EV use,Primary EV use,correct
MIT,b3c0,801,95.53356038262827,95.33467,Primary EV use,Primary EV use,correct
MIT,b3c0,802,95.50392409365703,95.474884,Primary EV use,Primary EV use,correct
MIT,b3c0,803,95.48229128765182,95.33504,Primary EV use,Primary EV use,correct
MIT,b3c0,804,95.46081761522605,95.32479,Primary EV use,Primary EV use,correct
MIT,b3c0,805,95.43755603023124,95.29651,Primary EV use,Primary EV use,correct
MIT,b3c0,806,95.40985742660968,95.297966,Primary EV use,Primary EV use,correct
MIT,b3c0,807,95.4003281334408,95.33164,Primary EV use,Primary EV use,correct
MIT,b3c0,808,95.37423958721124,95.307465,Primary EV use,Primary EV use,correct
MIT,b3c0,809,95.3516145365342,95.188835,Primary EV use,Primary EV use,correct
MIT,b3c0,810,95.33074931602984,95.24024,Primary EV use,Primary EV use,correct
MIT,b3c0,811,95.31227109921707,95.07493,Primary EV use,Primary EV use,correct
MIT,b3c0,812,95.28614510979234,95.13215,Primary EV use,Primary EV use,correct
MIT,b3c0,813,95.27608225109236,95.08574,Primary EV use,Primary EV use,correct
MIT,b3c0,814,95.25208116299311,95.08705,Primary EV use,Primary EV use,correct
MIT,b3c0,815,95.23157165284279,95.17315,Primary EV use,Primary EV use,correct
MIT,b3c0,816,95.20923678692827,95.03968,Primary EV use,Primary EV use,correct
MIT,b3c0,817,95.20656895927294,95.08022,Primary EV use,Primary EV use,correct
MIT,b3c0,818,95.18695808580651,95.03913,Primary EV use,Primary EV use,correct
MIT,b3c0,819,95.1473712677208,94.96125,Primary EV use,Primary EV use,correct
MIT,b3c0,820,95.12597248168537,94.919044,Primary EV use,Primary EV use,correct
MIT,b3c0,821,95.09554988561572,94.93136,Primary EV use,Primary EV use,correct
MIT,b3c0,822,95.06075579651083,94.82316,Primary EV use,Primary EV use,correct
MIT,b3c0,823,95.04261456845452,94.792305,Primary EV use,Primary EV use,correct
MIT,b3c0,824,95.01983974499684,94.788605,Primary EV use,Primary EV use,correct
MIT,b3c0,825,94.99274959329668,94.84433,Primary EV use,Primary EV use,correct
MIT,b3c0,826,94.97662093698037,94.77708,Primary EV use,Primary EV use,correct
MIT,b3c0,827,94.9458239089591,94.71612,Primary EV use,Primary EV use,correct
MIT,b3c0,828,94.92699934259109,94.80309,Primary EV use,Primary EV use,correct
MIT,b3c0,829,94.89129725600351,94.77096,Primary EV use,Primary EV use,correct
MIT,b3c0,830,94.86357056998558,94.740906,Primary EV use,Primary EV use,correct
MIT,b3c0,831,94.84352909977478,94.705666,Primary EV use,Primary EV use,correct
MIT,b3c0,832,94.81496930266448,94.51622,Primary EV use,Primary EV use,correct
MIT,b3c0,833,94.77893958811923,94.45471,Primary EV use,Primary EV use,correct
MIT,b3c0,834,94.75699787575394,94.4971,Primary EV use,Primary EV use,correct
MIT,b3c0,835,94.72640678530605,94.41869,Primary EV use,Primary EV use,correct
MIT,b3c0,836,94.69603099323035,94.463524,Primary EV use,Primary EV use,correct
MIT,b3c0,837,94.65564850724746,94.44675,Primary EV use,Primary EV use,correct
MIT,b3c0,838,94.63249925183815,94.42343,Primary EV use,Primary EV use,correct
MIT,b3c0,839,94.61064178666196,94.40123,Primary EV use,Primary EV use,correct
MIT,b3c0,840,94.587342758472,94.383835,Primary EV use,Primary EV use,correct
MIT,b3c0,841,94.5573975631407,94.3826,Primary EV use,Primary EV use,correct
MIT,b3c0,842,94.5323293439793,94.36472,Primary EV use,Primary EV use,correct
MIT,b3c0,843,94.50623143695096,94.20927,Primary EV use,Primary EV use,correct
MIT,b3c0,844,94.47175561500494,94.24636,Primary EV use,Primary EV use,correct
MIT,b3c0,845,94.44948627468196,94.24523,Primary EV use,Primary EV use,correct
MIT,b3c0,846,94.41611502699325,94.14329,Primary EV use,Primary EV use,correct
MIT,b3c0,847,94.40213935439881,94.21672,Primary EV use,Primary EV use,correct
MIT,b3c0,848,94.37101469841986,94.12753,Primary EV use,Primary EV use,correct
MIT,b3c0,849,94.33623933091256,93.97463,Primary EV use,Primary EV use,correct
MIT,b3c0,850,94.30680897951473,94.12523,Primary EV use,Primary EV use,correct
MIT,b3c0,851,94.266239277556,94.01213,Primary EV use,Primary EV use,correct
MIT,b3c0,852,94.24368911326931,94.027565,Primary EV use,Primary EV use,correct
MIT,b3c0,853,94.20709775079663,94.03206,Primary EV use,Primary EV use,correct
MIT,b3c0,854,94.16895249572468,94.00478,Primary EV use,Primary EV use,correct
MIT,b3c0,855,94.13313807955161,93.93218,Primary EV use,Primary EV use,correct
MIT,b3c0,856,94.09713644740275,93.98176,Primary EV use,Primary EV use,correct
MIT,b3c0,857,94.07260179377242,93.826294,Primary EV use,Primary EV use,correct
MIT,b3c0,858,94.02559186224573,93.89002,Primary EV use,Primary EV use,correct
MIT,b3c0,859,94.01168171524282,93.77973,Primary EV use,Primary EV use,correct
MIT,b3c0,860,93.9612644529563,93.76084,Primary EV use,Primary EV use,correct
MIT,b3c0,861,93.92614273589376,93.73035,Primary EV use,Primary EV use,correct
MIT,b3c0,862,93.8903095981231,93.74898,Primary EV use,Primary EV use,correct
MIT,b3c0,863,93.86121623548175,93.60938,Primary EV use,Primary EV use,correct
MIT,b3c0,864,93.83505280286187,93.6191,Primary EV use,Primary EV use,correct
MIT,b3c0,865,93.79364998981077,93.59742,Primary EV use,Primary EV use,correct
MIT,b3c0,866,93.75137662247214,93.62774,Primary EV use,Primary EV use,correct
MIT,b3c0,867,93.7211506031771,93.42726,Primary EV use,Primary EV use,correct
MIT,b3c0,868,93.67461807238872,93.42936,Primary EV use,Primary EV use,correct
MIT,b3c0,869,93.64090983594356,93.45649,Primary EV use,Primary EV use,correct
MIT,b3c0,870,93.61735806618627,93.436485,Primary EV use,Primary EV use,correct
MIT,b3c0,871,93.57240751039352,93.438126,Primary EV use,Primary EV use,correct
MIT,b3c0,872,93.53605204005036,93.30663,Primary EV use,Primary EV use,correct
MIT,b3c0,873,93.49125968175717,93.30016,Primary EV use,Primary EV use,correct
MIT,b3c0,874,93.46082959704849,93.3127,Primary EV use,Primary EV use,correct
MIT,b3c0,875,93.40547544947981,93.17321,Primary EV use,Primary EV use,correct
MIT,b3c0,876,93.36159296082907,93.18969,Primary EV use,Primary EV use,correct
MIT,b3c0,877,93.33828738007996,93.16441,Primary EV use,Primary EV use,correct
MIT,b3c0,878,93.2868001784917,93.15796,Primary EV use,Primary EV use,correct
MIT,b3c0,879,93.2316969003306,93.13113,Primary EV use,Primary EV use,correct
MIT,b3c0,880,93.18130865652036,93.13026,Primary EV use,Primary EV use,correct
MIT,b3c0,881,93.1478101019681,93.1446,Primary EV use,Primary EV use,correct
MIT,b3c0,882,93.11074508307661,93.07586,Primary EV use,Primary EV use,correct
MIT,b3c0,883,93.07086339982901,93.0717,Primary EV use,Primary EV use,correct
MIT,b3c0,884,93.03167909609131,93.06426,Primary EV use,Primary EV use,correct
MIT,b3c0,885,92.98389034610523,92.89083,Primary EV use,Primary EV use,correct
MIT,b3c0,886,92.93306120867196,92.97918,Primary EV use,Primary EV use,correct
MIT,b3c0,887,92.89249337887298,92.83798,Primary EV use,Primary EV use,correct
MIT,b3c0,888,92.84471024536617,92.75217,Primary EV use,Primary EV use,correct
MIT,b3c0,889,92.79510362825498,92.74287,Primary EV use,Primary EV use,correct
MIT,b3c0,890,92.74450383039205,92.641396,Primary EV use,Primary EV use,correct
MIT,b3c0,891,92.69748547414646,92.63928,Primary EV use,Primary EV use,correct
MIT,b3c0,892,92.64792846926882,92.60797,Primary EV use,Primary EV use,correct
MIT,b3c0,893,92.6088387095989,92.69285,Primary EV use,Primary EV use,correct
MIT,b3c0,894,92.55118554984722,92.53462,Primary EV use,Primary EV use,correct
MIT,b3c0,895,92.50994280645546,92.55839,Primary EV use,Primary EV use,correct
MIT,b3c0,896,92.4517879078886,92.569405,Primary EV use,Primary EV use,correct
MIT,b3c0,897,92.4056953346434,92.396706,Primary EV use,Primary EV use,correct
MIT,b3c0,898,92.35802453072208,92.13441,Primary EV use,Primary EV use,correct
MIT,b3c0,899,92.28716515603654,92.237816,Primary EV use,Primary EV use,correct
MIT,b3c0,900,92.2357668820368,92.136055,Primary EV use,Primary EV use,correct
MIT,b3c0,901,92.18143399761617,92.0051,Primary EV use,Primary EV use,correct
MIT,b3c0,902,92.12119819347816,91.93968,Primary EV use,Primary EV use,correct
MIT,b3c0,903,92.06916432124052,91.95825,Primary EV use,Primary EV use,correct
MIT,b3c0,904,92.0271951798626,91.89738,Primary EV use,Primary EV use,correct
MIT,b3c0,905,91.96434303246258,91.79688,Primary EV use,Primary EV use,correct
MIT,b3c0,906,91.91717958383573,91.81169,Primary EV use,Primary EV use,correct
MIT,b3c0,907,91.85542077773448,91.91497,Primary EV use,Primary EV use,correct
MIT,b3c0,908,91.79004589506037,91.67669,Primary EV use,Primary EV use,correct
MIT,b3c0,909,91.72952552263912,91.68894,Primary EV use,Primary EV use,correct
MIT,b3c0,910,91.67445594335368,91.36982,Primary EV use,Primary EV use,correct
MIT,b3c0,911,91.60995723144639,91.38444,Primary EV use,Primary EV use,correct
MIT,b3c0,912,91.54134632063038,91.222244,Primary EV use,Primary EV use,correct
MIT,b3c0,913,91.4718704720061,91.2471,Primary EV use,Primary EV use,correct
MIT,b3c0,914,91.42920488719815,91.22337,Primary EV use,Primary EV use,correct
MIT,b3c0,915,91.36418665095799,91.263824,Primary EV use,Primary EV use,correct
MIT,b3c0,916,91.3029969814232,91.067665,Primary EV use,Primary EV use,correct
MIT,b3c0,917,91.24545615125702,91.07741,Primary EV use,Primary EV use,correct
MIT,b3c0,918,91.18330044728704,90.901344,Primary EV use,Primary EV use,correct
MIT,b3c0,919,91.10886524746348,90.83323,Primary EV use,Primary EV use,correct
MIT,b3c0,920,91.03614775421799,90.85646,Primary EV use,Primary EV use,correct
MIT,b3c0,921,90.96313445973074,90.73549,Primary EV use,Primary EV use,correct
MIT,b3c0,922,90.9113009085872,90.76065,Primary EV use,Primary EV use,correct
MIT,b3c0,923,90.8603388478111,90.75598,Primary EV use,Primary EV use,correct
MIT,b3c0,924,90.77203188025965,90.66824,Primary EV use,Primary EV use,correct
MIT,b3c0,925,90.69124725061639,90.584114,Primary EV use,Primary EV use,correct
MIT,b3c0,926,90.62761347651735,90.564026,Primary EV use,Primary EV use,correct
MIT,b3c0,927,90.56231067199396,90.54718,Primary EV use,Primary EV use,correct
MIT,b3c0,928,90.47281581907598,90.34372,Primary EV use,Primary EV use,correct
MIT,b3c0,929,90.39481509099303,90.36392,Primary EV use,Primary EV use,correct
MIT,b3c0,930,90.31346694126258,90.23923,Primary EV use,Primary EV use,correct
MIT,b3c0,931,90.24111732740957,90.18469,Primary EV use,Primary EV use,correct
MIT,b3c0,932,90.14726502265454,90.16444,Primary EV use,Primary EV use,correct
MIT,b3c0,933,90.08488091519405,90.16984,Primary EV use,Primary EV use,correct
MIT,b3c0,934,89.99791441402944,90.031494,Primary EV use,Primary EV use,correct
MIT,b3c0,935,89.92582690254255,90.01212,Primary EV use,Primary EV use,correct
MIT,b3c0,936,89.8301117988282,89.82142,Primary EV use,Primary EV use,correct
MIT,b3c0,937,89.76625430163807,89.94796,Primary EV use,Primary EV use,correct
MIT,b3c0,938,89.67192272398495,89.809784,Primary EV use,Primary EV use,correct
MIT,b3c0,939,89.58471471421153,89.890015,Primary EV use,Primary EV use,correct
MIT,b3c0,940,89.50407517694951,89.46827,Primary EV use,Primary EV use,correct
MIT,b3c0,941,89.4088618120503,89.42471,Primary EV use,Primary EV use,correct
MIT,b3c0,942,89.3283832805275,89.3658,Primary EV use,Primary EV use,correct
MIT,b3c0,943,89.24791598196323,89.41371,Primary EV use,Primary EV use,correct
MIT,b3c0,944,89.14500242397884,89.187294,Primary EV use,Primary EV use,correct
MIT,b3c0,945,89.05738253905862,89.17118,Primary EV use,Primary EV use,correct
MIT,b3c0,946,88.95489864173872,89.176506,Primary EV use,Primary EV use,correct
MIT,b3c0,947,88.86277621260021,89.00198,Primary EV use,Primary EV use,correct
MIT,b3c0,948,88.77629460081293,88.98153,Primary EV use,Primary EV use,correct
MIT,b3c0,949,88.66604404873642,88.83253,Primary EV use,Primary EV use,correct
MIT,b3c0,950,88.58573307551197,88.805405,Primary EV use,Primary EV use,correct
MIT,b3c0,951,88.48722751767811,88.7428,Primary EV use,Primary EV use,correct
MIT,b3c0,952,88.38141866462776,88.711365,Primary EV use,Primary EV use,correct
MIT,b3c0,953,88.28040254055823,88.59877,Primary EV use,Primary EV use,correct
MIT,b3c0,954,88.18543442858734,88.63968,Primary EV use,Primary EV use,correct
MIT,b3c0,955,88.08362544486025,88.5693,Primary EV use,Primary EV use,correct
MIT,b3c0,956,87.97037382069146,88.41264,Primary EV use,Primary EV use,correct
MIT,b3c0,957,87.88324444162788,88.376396,Primary EV use,Primary EV use,correct
MIT,b3c0,958,87.75991030108166,88.274765,Primary EV use,Primary EV use,correct
MIT,b3c0,959,87.65851974506052,87.85724,Primary EV use,Primary EV use,correct
MIT,b3c0,960,87.55801097628544,88.02333,Primary EV use,Primary EV use,correct
MIT,b3c0,961,87.44511038207129,87.77132,Primary EV use,Primary EV use,correct
MIT,b3c0,962,87.34233161958949,87.73523,Primary EV use,Primary EV use,correct
MIT,b3c0,963,87.23488181851114,87.5495,Primary EV use,Primary EV use,correct
MIT,b3c0,964,87.13412779680776,87.53741,Primary EV use,Primary EV use,correct
MIT,b3c0,965,87.02270059232326,87.40372,Primary EV use,Primary EV use,correct
MIT,b3c0,966,86.92468554034602,87.48859,Primary EV use,Primary EV use,correct
MIT,b3c0,967,86.81131128971306,87.44506,Primary EV use,Primary EV use,correct
MIT,b3c0,968,86.71272148469008,87.34459,Primary EV use,Primary EV use,correct
MIT,b3c0,969,86.6134520856749,86.896385,Primary EV use,Primary EV use,correct
MIT,b3c0,970,86.49646643886851,86.89168,Primary EV use,Primary EV use,correct
MIT,b3c0,971,86.38752171822328,86.9067,Primary EV use,Primary EV use,correct
MIT,b3c0,972,86.26693871644166,86.82985,Primary EV use,Primary EV use,correct
MIT,b3c0,973,86.16391938143092,86.72841,Primary EV use,Primary EV use,correct
MIT,b3c0,974,86.05368567879222,86.510826,Primary EV use,Primary EV use,correct
MIT,b3c0,975,85.94311685955685,86.58318,Primary EV use,Primary EV use,correct
MIT,b3c0,976,85.83671640402292,86.11663,Primary EV use,Primary EV use,correct
MIT,b3c0,977,85.72596411313124,86.036255,Primary EV use,Primary EV use,correct
MIT,b3c0,978,85.6195243422424,85.96622,Primary EV use,Primary EV use,correct
MIT,b3c0,979,85.50985977617019,85.89444,Primary EV use,Primary EV use,correct
MIT,b3c0,980,85.40102738511047,85.84846,Primary EV use,Primary EV use,correct
MIT,b3c0,981,85.28544304988304,85.78704,Primary EV use,Primary EV use,correct
MIT,b3c0,982,85.17578971676937,85.29008,Primary EV use,Primary EV use,correct
MIT,b3c0,983,85.0657123394705,85.297104,Primary EV use,Primary EV use,correct
MIT,b3c0,984,84.94690788945907,85.16494,Primary EV use,Primary EV use,correct
MIT,b3c0,985,84.84156801242814,85.04967,Primary EV use,Primary EV use,correct
MIT,b3c0,986,84.7407802918491,84.962875,Primary EV use,Primary EV use,correct
MIT,b3c0,987,84.61076722136576,84.94531,Primary EV use,Primary EV use,correct
MIT,b3c0,988,84.50592346667072,84.75714,Primary EV use,Primary EV use,correct
MIT,b3c0,989,84.39751418371634,84.695526,Primary EV use,Primary EV use,correct
MIT,b3c0,990,84.282091790308,84.68495,Primary EV use,Primary EV use,correct
MIT,b3c0,991,84.18317903772672,84.30631,Primary EV use,Primary EV use,correct
MIT,b3c0,992,84.0681806885036,84.37548,Primary EV use,Primary EV use,correct
MIT,b3c0,993,83.96086474684795,84.26357,Primary EV use,Primary EV use,correct
MIT,b3c0,994,83.84332213251352,84.319214,Primary EV use,Primary EV use,correct
MIT,b3c0,995,83.73224595798366,83.8339,Primary EV use,Primary EV use,correct
MIT,b3c0,996,83.62340795044467,83.83852,Primary EV use,Primary EV use,correct
MIT,b3c0,997,83.5110540268799,83.64122,Primary EV use,Primary EV use,correct
MIT,b3c0,998,83.3909615309549,83.569756,Primary EV use,Primary EV use,correct
MIT,b3c0,999,83.27315587817444,83.74048,Primary EV use,Primary EV use,correct
MIT,b3c0,1000,83.1719169670937,83.693245,Primary EV use,Primary EV use,correct
MIT,b3c0,1001,83.05758791498408,83.266884,Primary EV use,Primary EV use,correct
MIT,b3c0,1002,82.95280500548121,83.310905,Primary EV use,Primary EV use,correct
MIT,b3c0,1003,82.8407028874039,82.97026,Primary EV use,Primary EV use,correct
MIT,b3c0,1004,82.72777982727266,82.960594,Primary EV use,Primary EV use,correct
MIT,b3c0,1005,82.60654905821471,82.944565,Primary EV use,Primary EV use,correct
MIT,b3c0,1006,82.49519393188089,82.88108,Primary EV use,Primary EV use,correct
MIT,b3c0,1007,82.41555225576997,82.82542,Primary EV use,Primary EV use,correct
MIT,b3c35,1,99.96143977959574,100.03616,Primary EV use,Primary EV use,correct
MIT,b3c35,2,100.0,100.04691,Primary EV use,Primary EV use,correct
MIT,b3c35,3,100.05073366882542,100.10364,Primary EV use,Primary EV use,correct
MIT,b3c35,4,100.06121505491777,100.066864,Primary EV use,Primary EV use,correct
MIT,b3c35,5,100.08129419455297,100.039795,Primary EV use,Primary EV use,correct
MIT,b3c35,6,100.09405986478919,100.06907,Primary EV use,Primary EV use,correct
MIT,b3c35,7,100.10227576743016,100.130615,Primary EV use,Primary EV use,correct
MIT,b3c35,8,100.11595327125471,100.12646,Primary EV use,Primary EV use,correct
MIT,b3c35,9,100.1337857281311,100.160164,Primary EV use,Primary EV use,correct
MIT,b3c35,10,100.1415692148436,100.14232,Primary EV use,Primary EV use,correct
MIT,b3c35,11,100.14100519406732,100.20566,Primary EV use,Primary EV use,correct
MIT,b3c35,12,100.14206743319596,100.14188,Primary EV use,Primary EV use,correct
MIT,b3c35,13,100.14012156151786,100.13903,Primary EV use,Primary EV use,correct
MIT,b3c35,14,100.13699124620953,100.14665,Primary EV use,Primary EV use,correct
MIT,b3c35,15,100.14225544012139,100.136505,Primary EV use,Primary EV use,correct
MIT,b3c35,16,100.14555496166257,100.12337,Primary EV use,Primary EV use,correct
MIT,b3c35,17,100.13810048706955,100.13489,Primary EV use,Primary EV use,correct
MIT,b3c35,18,100.1472752250302,100.17776,Primary EV use,Primary EV use,correct
MIT,b3c35,19,100.14540455612224,100.10426,Primary EV use,Primary EV use,correct
MIT,b3c35,20,100.13884311442499,100.15863,Primary EV use,Primary EV use,correct
MIT,b3c35,21,100.1477922440751,100.16348,Primary EV use,Primary EV use,correct
MIT,b3c35,22,100.14131540549427,100.18861,Primary EV use,Primary EV use,correct
MIT,b3c35,23,100.14551736027751,100.154434,Primary EV use,Primary EV use,correct
MIT,b3c35,24,100.14042237259852,100.12029,Primary EV use,Primary EV use,correct
MIT,b3c35,25,100.14290406401412,100.14722,Primary EV use,Primary EV use,correct
MIT,b3c35,26,100.15409047607677,100.16632,Primary EV use,Primary EV use,correct
MIT,b3c35,27,100.14181362384664,100.16026,Primary EV use,Primary EV use,correct
MIT,b3c35,28,100.14617538451647,100.12157,Primary EV use,Primary EV use,correct
MIT,b3c35,29,100.14270665674243,100.16016,Primary EV use,Primary EV use,correct
MIT,b3c35,30,100.13536498630464,100.08742,Primary EV use,Primary EV use,correct
MIT,b3c35,31,100.13861750611446,100.15547,Primary EV use,Primary EV use,correct
MIT,b3c35,32,100.14914589393815,100.172264,Primary EV use,Primary EV use,correct
MIT,b3c35,33,100.12948036953888,100.165276,Primary EV use,Primary EV use,correct
MIT,b3c35,34,100.13564699669277,100.08001,Primary EV use,Primary EV use,correct
MIT,b3c35,35,100.12515621025415,100.1191,Primary EV use,Primary EV use,correct
MIT,b3c35,36,100.12660386357992,100.12327,Primary EV use,Primary EV use,correct
MIT,b3c35,37,100.12560742687519,100.122955,Primary EV use,Primary EV use,correct
MIT,b3c35,38,100.11499443593506,100.11129,Primary EV use,Primary EV use,correct
MIT,b3c35,39,100.10776556965253,100.11511,Primary EV use,Primary EV use,correct
MIT,b3c35,40,100.1046164536517,100.10561,Primary EV use,Primary EV use,correct
MIT,b3c35,41,100.0982242181873,100.09646,Primary EV use,Primary EV use,correct
MIT,b3c35,42,100.09859083169191,100.087296,Primary EV use,Primary EV use,correct
MIT,b3c35,43,100.10827318835118,100.172554,Primary EV use,Primary EV use,correct
MIT,b3c35,44,100.09609033958375,100.09898,Primary EV use,Primary EV use,correct
MIT,b3c35,45,100.09748159083189,100.15053,Primary EV use,Primary EV use,correct
MIT,b3c35,46,100.09885404138747,100.12086,Primary EV use,Primary EV use,correct
MIT,b3c35,47,100.08820344906226,100.06963,Primary EV use,Primary EV use,correct
MIT,b3c35,48,100.09767899810358,100.09842,Primary EV use,Primary EV use,correct
MIT,b3c35,49,100.0944452789863,100.07045,Primary EV use,Primary EV use,correct
MIT,b3c35,50,100.08979210758208,100.08456,Primary EV use,Primary EV use,correct
MIT,b3c35,51,100.0961749427002,100.12684,Primary EV use,Primary EV use,correct
MIT,b3c35,52,100.09371205197715,100.08639,Primary EV use,Primary EV use,correct
MIT,b3c35,53,100.07803227439686,100.11882,Primary EV use,Primary EV use,correct
MIT,b3c35,54,100.0922643986514,100.10404,Primary EV use,Primary EV use,correct
MIT,b3c35,55,100.08666179227379,100.101234,Primary EV use,Primary EV use,correct
MIT,b3c35,56,100.08964170204176,100.09073,Primary EV use,Primary EV use,correct
MIT,b3c35,57,100.07844588963279,100.12225,Primary EV use,Primary EV use,correct
MIT,b3c35,58,100.06285071516893,100.08883,Primary EV use,Primary EV use,correct
MIT,b3c35,59,100.06744748449555,100.07211,Primary EV use,Primary EV use,correct
MIT,b3c35,60,100.06051002894745,100.09611,Primary EV use,Primary EV use,correct
MIT,b3c35,61,100.05390158551882,100.13735,Primary EV use,Primary EV use,correct
MIT,b3c35,62,100.04984063592968,100.10233,Primary EV use,Primary EV use,correct
MIT,b3c35,63,100.04904160649663,100.12644,Primary EV use,Primary EV use,correct
MIT,b3c35,64,100.0537417796322,100.09679,Primary EV use,Primary EV use,correct
MIT,b3c35,65,100.05378878136358,100.11627,Primary EV use,Primary EV use,correct
MIT,b3c35,66,100.04889120095628,100.07362,Primary EV use,Primary EV use,correct
MIT,b3c35,67,100.04028048377191,100.11651,Primary EV use,Primary EV use,correct
MIT,b3c35,68,100.0353923037109,100.09292,Primary EV use,Primary EV use,correct
MIT,b3c35,69,100.02305904940314,100.094894,Primary EV use,Primary EV use,correct
MIT,b3c35,70,100.0199475347874,100.08846,Primary EV use,Primary EV use,correct
MIT,b3c35,71,100.01645060597453,100.05836,Primary EV use,Primary EV use,correct
MIT,b3c35,72,100.00562140707017,100.096954,Primary EV use,Primary EV use,correct
MIT,b3c35,73,100.00877052307101,100.07959,Primary EV use,Primary EV use,correct
MIT,b3c35,74,100.00089303289576,100.057526,Primary EV use,Primary EV use,correct
MIT,b3c35,75,100.00298931011424,100.080574,Primary EV use,Primary EV use,correct
MIT,b3c35,76,100.01333909135877,100.05627,Primary EV use,Primary EV use,correct
MIT,b3c35,77,99.99832673836374,100.044846,Primary EV use,Primary EV use,correct
MIT,b3c35,78,99.99804472797561,100.07054,Primary EV use,Primary EV use,correct
MIT,b3c35,79,99.996221060799,100.08731,Primary EV use,Primary EV use,correct
MIT,b3c35,80,99.99232931744275,100.096,Primary EV use,Primary EV use,correct
MIT,b3c35,81,99.98136851369058,100.04541,Primary EV use,Primary EV use,correct
MIT,b3c35,82,99.98526965739309,100.10803,Primary EV use,Primary EV use,correct
MIT,b3c35,83,99.99465120297172,100.05996,Primary EV use,Primary EV use,correct
MIT,b3c35,84,99.97763657622093,100.073,Primary EV use,Primary EV use,correct
MIT,b3c35,85,99.97826639942109,100.09665,Primary EV use,Primary EV use,correct
MIT,b3c35,86,99.97734516548653,100.02364,Primary EV use,Primary EV use,correct
MIT,b3c35,87,99.98107710295618,100.088745,Primary EV use,Primary EV use,correct
MIT,b3c35,88,99.97667774090128,100.05277,Primary EV use,Primary EV use,correct
MIT,b3c35,89,99.98178212892651,100.09527,Primary EV use,Primary EV use,correct
MIT,b3c35,90,99.97900902677654,100.031006,Primary EV use,Primary EV use,correct
MIT,b3c35,91,99.97421485017823,100.1538,Primary EV use,Primary EV use,correct
MIT,b3c35,92,99.98778895019377,100.06782,Primary EV use,Primary EV use,correct
MIT,b3c35,93,99.98902979590156,100.04996,Primary EV use,Primary EV use,correct
MIT,b3c35,94,99.98013706832906,100.076614,Primary EV use,Primary EV use,correct
MIT,b3c35,95,99.96038694081335,100.079025,Primary EV use,Primary EV use,correct
MIT,b3c35,96,99.95618498603015,100.03099,Primary EV use,Primary EV use,correct
MIT,b3c35,97,99.94755546815323,100.04722,Primary EV use,Primary EV use,correct
MIT,b3c35,98,99.94986795333595,100.05174,Primary EV use,Primary EV use,correct
MIT,b3c35,99,99.94759306953831,100.04924,Primary EV use,Primary EV use,correct
MIT,b3c35,100,99.94228187389513,100.04382,Primary EV use,Primary EV use,correct
MIT,b3c35,101,99.93126466806532,100.069305,Primary EV use,Primary EV use,correct
MIT,b3c35,102,99.9291213891155,100.00986,Primary EV use,Primary EV use,correct
MIT,b3c35,103,99.92641408938941,100.006676,Primary EV use,Primary EV use,correct
MIT,b3c35,104,99.92262574984213,99.993645,Primary EV use,Primary EV use,correct
MIT,b3c35,105,99.91964584007417,99.976456,Primary EV use,Primary EV use,correct
MIT,b3c35,106,99.90829022177863,100.0089,Primary EV use,Primary EV use,correct
MIT,b3c35,107,99.91272718521861,99.99791,Primary EV use,Primary EV use,correct
MIT,b3c35,108,99.91017029103284,100.03173,Primary EV use,Primary EV use,correct
MIT,b3c35,109,99.90660755979609,100.04414,Primary EV use,Primary EV use,correct
MIT,b3c35,110,99.9121067623647,100.03999,Primary EV use,Primary EV use,correct
MIT,b3c35,111,99.909897680991,99.98177,Primary EV use,Primary EV use,correct
MIT,b3c35,112,99.92275735468994,100.001465,Primary EV use,Primary EV use,correct
MIT,b3c35,113,99.91216316444232,100.03407,Primary EV use,Primary EV use,correct
MIT,b3c35,114,99.89810964676694,99.87688,Primary EV use,Primary EV use,correct
MIT,b3c35,115,99.91362021811437,99.95163,Primary EV use,Primary EV use,correct
MIT,b3c35,116,99.91040529968964,100.0179,Primary EV use,Primary EV use,correct
MIT,b3c35,117,99.90401306422524,99.96091,Primary EV use,Primary EV use,correct
MIT,b3c35,118,99.90755699476946,100.00876,Primary EV use,Primary EV use,correct
MIT,b3c35,119,99.90439847842237,100.01871,Primary EV use,Primary EV use,correct
MIT,b3c35,120,99.90255601055321,100.01734,Primary EV use,Primary EV use,correct
MIT,b3c35,121,99.90026232606304,100.02897,Primary EV use,Primary EV use,correct
MIT,b3c35,122,99.8908619797919,100.0146,Primary EV use,Primary EV use,correct
MIT,b3c35,123,99.89466912003172,100.03015,Primary EV use,Primary EV use,correct
MIT,b3c35,124,99.88573879107413,99.93635,Primary EV use,Primary EV use,correct
MIT,b3c35,125,99.89396409406137,99.99698,Primary EV use,Primary EV use,correct
MIT,b3c35,126,99.88427233705582,100.03568,Primary EV use,Primary EV use,correct
MIT,b3c35,127,99.88455434744395,100.01081,Primary EV use,Primary EV use,correct
MIT,b3c35,128,99.87908334591414,99.94777,Primary EV use,Primary EV use,correct
MIT,b3c35,129,99.87255950560196,99.99587,Primary EV use,Primary EV use,correct
MIT,b3c35,130,99.87208008794214,99.972176,Primary EV use,Primary EV use,correct
MIT,b3c35,131,99.86286774859639,99.96308,Primary EV use,Primary EV use,correct
MIT,b3c35,132,99.85211375246219,99.911934,Primary EV use,Primary EV use,correct
MIT,b3c35,133,99.85298798466542,99.93079,Primary EV use,Primary EV use,correct
MIT,b3c35,134,99.84384144774356,99.92566,Primary EV use,Primary EV use,correct
MIT,b3c35,135,99.83383007896481,99.94689,Primary EV use,Primary EV use,correct
MIT,b3c35,136,99.82111141045992,99.97932,Primary EV use,Primary EV use,correct
MIT,b3c35,137,99.8199457675223,99.91156,Primary EV use,Primary EV use,correct
MIT,b3c35,138,99.82352729945163,99.86997,Primary EV use,Primary EV use,correct
MIT,b3c35,139,99.81442776426113,99.89643,Primary EV use,Primary EV use,correct
MIT,b3c35,140,99.81335612478621,99.9268,Primary EV use,Primary EV use,correct
MIT,b3c35,141,99.79915220157052,99.97043,Primary EV use,Primary EV use,correct
MIT,b3c35,142,99.80326955323726,99.93569,Primary EV use,Primary EV use,correct
MIT,b3c35,143,99.81371333794452,99.86263,Primary EV use,Primary EV use,correct
MIT,b3c35,144,99.80733050282642,99.92167,Primary EV use,Primary EV use,correct
MIT,b3c35,145,99.79063548784885,99.884705,Primary EV use,Primary EV use,correct
MIT,b3c35,146,99.78841700612885,99.819916,Primary EV use,Primary EV use,correct
MIT,b3c35,147,99.77653496844209,99.90966,Primary EV use,Primary EV use,correct
MIT,b3c35,148,99.7885298102841,99.78983,Primary EV use,Primary EV use,correct
MIT,b3c35,149,99.7896390511441,99.878296,Primary EV use,Primary EV use,correct
MIT,b3c35,150,99.79181993147901,99.83798,Primary EV use,Primary EV use,correct
MIT,b3c35,151,99.7841962506531,99.91475,Primary EV use,Primary EV use,correct
MIT,b3c35,152,99.79167892628494,99.98255,Primary EV use,Primary EV use,correct
MIT,b3c35,153,99.7861797237163,99.85464,Primary EV use,Primary EV use,correct
MIT,b3c35,154,99.78079332530294,99.9149,Primary EV use,Primary EV use,correct
MIT,b3c35,155,99.7830212073692,99.890305,Primary EV use,Primary EV use,correct
MIT,b3c35,156,99.78072752287905,99.91461,Primary EV use,Primary EV use,correct
MIT,b3c35,157,99.77872524912328,99.86063,Primary EV use,Primary EV use,correct
MIT,b3c35,158,99.7730850413606,99.93238,Primary EV use,Primary EV use,correct
MIT,b3c35,159,99.7683566671862,99.78269,Primary EV use,Primary EV use,correct
MIT,b3c35,160,99.76290446634893,99.778404,Primary EV use,Primary EV use,correct
MIT,b3c35,161,99.74755370088813,99.84829,Primary EV use,Primary EV use,correct
MIT,b3c35,162,99.74979098330066,99.77317,Primary EV use,Primary EV use,correct
MIT,b3c35,163,99.74267492117339,99.884186,Primary EV use,Primary EV use,correct
MIT,b3c35,164,99.73555885904612,99.80045,Primary EV use,Primary EV use,correct
MIT,b3c35,165,99.73141330634056,99.82733,Primary EV use,Primary EV use,correct
MIT,b3c35,166,99.72361101893551,99.759514,Primary EV use,Primary EV use,correct
MIT,b3c35,167,99.72318800335329,99.783554,Primary EV use,Primary EV use,correct
MIT,b3c35,168,99.71957827038517,99.85733,Primary EV use,Primary EV use,correct
MIT,b3c35,169,99.7157523294528,99.76848,Primary EV use,Primary EV use,correct
MIT,b3c35,170,99.70465052050658,99.41129,Primary EV use,Primary EV use,correct
MIT,b3c35,171,99.69111402187613,99.8104,Primary EV use,Primary EV use,correct
MIT,b3c35,172,99.69861549820051,99.79157,Primary EV use,Primary EV use,correct
MIT,b3c35,173,99.68422356805935,99.78722,Primary EV use,Primary EV use,correct
MIT,b3c35,174,99.68914934950546,99.84126,Primary EV use,Primary EV use,correct
MIT,b3c35,175,99.67203131894567,99.75103,Primary EV use,Primary EV use,correct
MIT,b3c35,176,99.67638367926922,99.83663,Primary EV use,Primary EV use,correct
MIT,b3c35,177,99.67491722525092,99.76813,Primary EV use,Primary EV use,correct
MIT,b3c35,178,99.67705110385447,99.74087,Primary EV use,Primary EV use,correct
MIT,b3c35,179,99.68553021619105,99.749275,Primary EV use,Primary EV use,correct
MIT,b3c35,180,99.67957039665515,99.77092,Primary EV use,Primary EV use,correct
MIT,b3c35,181,99.67848935683395,99.7672,Primary EV use,Primary EV use,correct
MIT,b3c35,182,99.67296195322652,99.77574,Primary EV use,Primary EV use,correct
MIT,b3c35,183,99.67674089242753,99.78111,Primary EV use,Primary EV use,correct
MIT,b3c35,184,99.67903457691769,99.77633,Primary EV use,Primary EV use,correct
MIT,b3c35,185,99.66697393265179,99.77191,Primary EV use,Primary EV use,correct
MIT,b3c35,186,99.64669738574491,99.81245,Primary EV use,Primary EV use,correct
MIT,b3c35,187,99.65182057446269,99.767555,Primary EV use,Primary EV use,correct
MIT,b3c35,188,99.65589092439811,99.76451,Primary EV use,Primary EV use,correct
MIT,b3c35,189,99.65350323644523,99.747765,Primary EV use,Primary EV use,correct
MIT,b3c35,190,99.65243159697032,99.740456,Primary EV use,Primary EV use,correct
MIT,b3c35,191,99.65010031109507,99.72059,Primary EV use,Primary EV use,correct
MIT,b3c35,192,99.64750581552421,99.77807,Primary EV use,Primary EV use,correct
MIT,b3c35,193,99.63769185401713,99.74879,Primary EV use,Primary EV use,correct
MIT,b3c35,194,99.62578161529159,99.761894,Primary EV use,Primary EV use,correct
MIT,b3c35,195,99.63348989923394,99.80167,Primary EV use,Primary EV use,correct
MIT,b3c35,196,99.61877835731958,99.7422,Primary EV use,Primary EV use,correct
MIT,b3c35,197,99.61895696389873,99.76023,Primary EV use,Primary EV use,correct
MIT,b3c35,198,99.60935921035589,99.688576,Primary EV use,Primary EV use,correct
MIT,b3c35,199,99.60668951201487,99.73829,Primary EV use,Primary EV use,correct
MIT,b3c35,200,99.60873878750198,99.72934,Primary EV use,Primary EV use,correct
MIT,b3c35,201,99.60538286388318,99.709755,Primary EV use,Primary EV use,correct
MIT,b3c35,202,99.59727976539745,99.65271,Primary EV use,Primary EV use,correct
MIT,b3c35,203,99.58361166191919,99.67668,Primary EV use,Primary EV use,correct
MIT,b3c35,204,99.57125020657263,99.62155,Primary EV use,Primary EV use,correct
MIT,b3c35,205,99.561314040564,99.72044,Primary EV use,Primary EV use,correct
MIT,b3c35,206,99.55856913945283,99.730576,Primary EV use,Primary EV use,correct
MIT,b3c35,207,99.55742229720774,99.65775,Primary EV use,Primary EV use,correct
MIT,b3c35,208,99.55188549325403,99.7574,Primary EV use,Primary EV use,correct
MIT,b3c35,209,99.55037203750439,99.61602,Primary EV use,Primary EV use,correct
MIT,b3c35,210,99.5516034828659,99.61714,Primary EV use,Primary EV use,correct
MIT,b3c35,211,99.55218630433473,99.75153,Primary EV use,Primary EV use,correct
MIT,b3c35,212,99.54646149345558,99.71641,Primary EV use,Primary EV use,correct
MIT,b3c35,213,99.5526187202632,99.73102,Primary EV use,Primary EV use,correct
MIT,b3c35,214,99.55262812060946,99.70763,Primary EV use,Primary EV use,correct
MIT,b3c35,215,99.5533989490037,99.68257,Primary EV use,Primary EV use,correct
MIT,b3c35,216,99.54069908119136,99.70634,Primary EV use,Primary EV use,correct
MIT,b3c35,217,99.54772113985592,99.70596,Primary EV use,Primary EV use,correct
MIT,b3c35,218,99.53985305002696,99.68823,Primary EV use,Primary EV use,correct
MIT,b3c35,219,99.5341376394941,99.616844,Primary EV use,Primary EV use,correct
MIT,b3c35,220,99.53296259621021,99.71934,Primary EV use,Primary EV use,correct
MIT,b3c35,221,99.5388284122834,99.63679,Primary EV use,Primary EV use,correct
MIT,b3c35,222,99.54148871027813,99.59573,Primary EV use,Primary EV use,correct
MIT,b3c35,223,99.52760439883563,99.741936,Primary EV use,Primary EV use,correct
MIT,b3c35,224,99.52102415644582,99.664566,Primary EV use,Primary EV use,correct
MIT,b3c35,225,99.52089255159804,99.702675,Primary EV use,Primary EV use,correct
MIT,b3c35,226,99.5155907563011,99.70638,Primary EV use,Primary EV use,correct
MIT,b3c35,227,99.50720564742723,99.68052,Primary EV use,Primary EV use,correct
MIT,b3c35,228,99.50862509971418,99.708,Primary EV use,Primary EV use,correct
MIT,b3c35,229,99.49369734983559,99.7089,Primary EV use,Primary EV use,correct
MIT,b3c35,230,99.49505099969863,99.688286,Primary EV use,Primary EV use,correct
MIT,b3c35,231,99.50092621611812,99.77653,Primary EV use,Primary EV use,correct
MIT,b3c35,232,99.49835992158607,99.68886,Primary EV use,Primary EV use,correct
MIT,b3c35,233,99.49563382116744,99.74951,Primary EV use,Primary EV use,correct
MIT,b3c35,234,99.49243770343524,99.66288,Primary EV use,Primary EV use,correct
MIT,b3c35,235,99.48527463957663,99.67201,Primary EV use,Primary EV use,correct
MIT,b3c35,236,99.48136409552784,99.74671,Primary EV use,Primary EV use,correct
MIT,b3c35,237,99.48004804704988,99.67578,Primary EV use,Primary EV use,correct
MIT,b3c35,238,99.47547007841581,99.67613,Primary EV use,Primary EV use,correct
MIT,b3c35,239,99.46186777736145,99.57713,Primary EV use,Primary EV use,correct
MIT,b3c35,240,99.45760002015436,99.58728,Primary EV use,Primary EV use,correct
MIT,b3c35,241,99.45334166329353,99.599945,Primary EV use,Primary EV use,correct
MIT,b3c35,242,99.45449790588486,99.64212,Primary EV use,Primary EV use,correct
MIT,b3c35,243,99.44039738647814,99.583626,Primary EV use,Primary EV use,correct
MIT,b3c35,244,99.44639480739913,99.67918,Primary EV use,Primary EV use,correct
MIT,b3c35,245,99.45123598572879,99.54307,Primary EV use,Primary EV use,correct
MIT,b3c35,246,99.44548297381084,99.55457,Primary EV use,Primary EV use,correct
MIT,b3c35,247,99.43547160503205,99.55703,Primary EV use,Primary EV use,correct
MIT,b3c35,248,99.43539640226189,99.538086,Primary EV use,Primary EV use,correct
MIT,b3c35,249,99.42058145653854,99.60787,Primary EV use,Primary EV use,correct
MIT,b3c35,250,99.42355196596023,99.63636,Primary EV use,Primary EV use,correct
MIT,b3c35,251,99.41997983437719,99.55502,Primary EV use,Primary EV use,correct
MIT,b3c35,252,99.41490364739076,99.553894,Primary EV use,Primary EV use,correct
MIT,b3c35,253,99.42602425702954,99.65038,Primary EV use,Primary EV use,correct
MIT,b3c35,254,99.41528906158787,99.63375,Primary EV use,Primary EV use,correct
MIT,b3c35,255,99.41872958832313,99.70499,Primary EV use,Primary EV use,correct
MIT,b3c35,256,99.40680054890504,99.654976,Primary EV use,Primary EV use,correct
MIT,b3c35,257,99.40585111393165,99.5726,Primary EV use,Primary EV use,correct
MIT,b3c35,258,99.39372466724184,99.46306,Primary EV use,Primary EV use,correct
MIT,b3c35,259,99.38075218938765,99.54794,Primary EV use,Primary EV use,correct
MIT,b3c35,260,99.38175802643867,99.48633,Primary EV use,Primary EV use,correct
MIT,b3c35,261,99.37650323287309,99.46882,Primary EV use,Primary EV use,correct
MIT,b3c35,262,99.35378259593573,99.66216,Primary EV use,Primary EV use,correct
MIT,b3c35,263,99.36687727829143,99.62539,Primary EV use,Primary EV use,correct
MIT,b3c35,264,99.37027080329531,99.64407,Primary EV use,Primary EV use,correct
MIT,b3c35,265,99.36529802011789,99.51594,Primary EV use,Primary EV use,correct
MIT,b3c35,266,99.35874597876688,99.502235,Primary EV use,Primary EV use,correct
MIT,b3c35,267,99.36010902897621,99.49962,Primary EV use,Primary EV use,correct
MIT,b3c35,268,99.34610251303216,99.576744,Primary EV use,Primary EV use,correct
MIT,b3c35,269,99.3492892304181,99.46225,Primary EV use,Primary EV use,correct
MIT,b3c35,270,99.3409793243144,99.480965,Primary EV use,Primary EV use,correct
MIT,b3c35,271,99.33780200727476,99.60459,Primary EV use,Primary EV use,correct
MIT,b3c35,272,99.33073294687883,99.459915,Primary EV use,Primary EV use,correct
MIT,b3c35,273,99.3300937233324,99.45508,Primary EV use,Primary EV use,correct
MIT,b3c35,274,99.32393649652478,99.50205,Primary EV use,Primary EV use,correct
MIT,b3c35,275,99.3215206075331,99.41911,Primary EV use,Primary EV use,correct
MIT,b3c35,276,99.31328590419956,99.406876,Primary EV use,Primary EV use,correct
MIT,b3c35,277,99.3145455505999,99.41235,Primary EV use,Primary EV use,correct
MIT,b3c35,278,99.31212026126195,99.46336,Primary EV use,Primary EV use,correct
MIT,b3c35,279,99.29770953042826,99.47139,Primary EV use,Primary EV use,correct
MIT,b3c35,280,99.29427840403929,99.466324,Primary EV use,Primary EV use,correct
MIT,b3c35,281,99.30341554061486,99.44383,Primary EV use,Primary EV use,correct
MIT,b3c35,282,99.29485182516183,99.45215,Primary EV use,Primary EV use,correct
MIT,b3c35,283,99.28937142328574,99.457245,Primary EV use,Primary EV use,correct
MIT,b3c35,284,99.29252053928658,99.65656,Primary EV use,Primary EV use,correct
MIT,b3c35,285,99.28659832113577,99.485085,Primary EV use,Primary EV use,correct
MIT,b3c35,286,99.26963069611634,99.4766,Primary EV use,Primary EV use,correct
MIT,b3c35,287,99.26914187811022,99.46609,Primary EV use,Primary EV use,correct
MIT,b3c35,288,99.2707493373226,99.462845,Primary EV use,Primary EV use,correct
MIT,b3c35,289,99.26928288330429,99.493034,Primary EV use,Primary EV use,correct
MIT,b3c35,290,99.25183584062502,99.54802,Primary EV use,Primary EV use,correct
MIT,b3c35,291,99.25256906763418,99.44183,Primary EV use,Primary EV use,correct
MIT,b3c35,292,99.2331103508529,99.399284,Primary EV use,Primary EV use,correct
MIT,b3c35,293,99.2415800628432,99.411804,Primary EV use,Primary EV use,correct
MIT,b3c35,294,99.23746271117643,99.501564,Primary EV use,Primary EV use,correct
MIT,b3c35,295,99.23220791761085,99.493546,Primary EV use,Primary EV use,correct
MIT,b3c35,296,99.23217031622576,99.45322,Primary EV use,Primary EV use,correct
MIT,b3c35,297,99.22713173062444,99.42666,Primary EV use,Primary EV use,correct
MIT,b3c35,298,99.2367858862449,99.47417,Primary EV use,Primary EV use,correct
MIT,b3c35,299,99.22574987972258,99.313934,Primary EV use,Primary EV use,correct
MIT,b3c35,300,99.21152715581432,99.41656,Primary EV use,Primary EV use,correct
MIT,b3c35,301,99.21210057693686,99.31839,Primary EV use,Primary EV use,correct
MIT,b3c35,302,99.20924287167043,99.38857,Primary EV use,Primary EV use,correct
MIT,b3c35,303,99.21207237589805,99.4167,Primary EV use,Primary EV use,correct
MIT,b3c35,304,99.19560296923098,99.42313,Primary EV use,Primary EV use,correct
MIT,b3c35,305,99.19612938862218,99.43978,Primary EV use,Primary EV use,correct
MIT,b3c35,306,99.18516858487,99.38227,Primary EV use,Primary EV use,correct
MIT,b3c35,307,99.18095722974051,99.34735,Primary EV use,Primary EV use,correct
MIT,b3c35,308,99.16883078305074,99.32753,Primary EV use,Primary EV use,correct
MIT,b3c35,309,99.16321877632684,99.25233,Primary EV use,Primary EV use,correct
MIT,b3c35,310,99.16024826690516,99.275215,Primary EV use,Primary EV use,correct
MIT,b3c35,311,99.15797338310755,99.225746,Primary EV use,Primary EV use,correct
MIT,b3c35,312,99.15081971959519,99.20894,Primary EV use,Primary EV use,correct
MIT,b3c35,313,99.13702941161542,99.19518,Primary EV use,Primary EV use,correct
MIT,b3c35,314,99.14526411494894,99.218605,Primary EV use,Primary EV use,correct
MIT,b3c35,315,99.14737919285996,99.332214,Primary EV use,Primary EV use,correct
MIT,b3c35,316,99.13248904436645,99.286736,Primary EV use,Primary EV use,correct
MIT,b3c35,317,99.13122939796611,99.2703,Primary EV use,Primary EV use,correct
MIT,b3c35,318,99.12343651090733,99.2738,Primary EV use,Primary EV use,correct
MIT,b3c35,319,99.12316390086546,99.28015,Primary EV use,Primary EV use,correct
MIT,b3c35,320,99.12233667039361,99.16836,Primary EV use,Primary EV use,correct
MIT,b3c35,321,99.1298287463717,99.25796,Primary EV use,Primary EV use,correct
MIT,b3c35,322,99.11421477121533,99.322716,Primary EV use,Primary EV use,correct
MIT,b3c35,323,99.11007861885602,99.28589,Primary EV use,Primary EV use,correct
MIT,b3c35,324,99.10087567985654,99.26623,Primary EV use,Primary EV use,correct
MIT,b3c35,325,99.10658169004314,99.26617,Primary EV use,Primary EV use,correct
MIT,b3c35,326,99.10553825160704,99.28333,Primary EV use,Primary EV use,correct
MIT,b3c35,327,99.09962543380249,99.27675,Primary EV use,Primary EV use,correct
MIT,b3c35,328,99.09412623123387,99.36606,Primary EV use,Primary EV use,correct
MIT,b3c35,329,99.0831278260966,99.19449,Primary EV use,Primary EV use,correct
MIT,b3c35,330,99.08507369777475,99.25304,Primary EV use,Primary EV use,correct
MIT,b3c35,331,99.0797719024778,99.20599,Primary EV use,Primary EV use,correct
MIT,b3c35,332,99.07283444692968,99.16327,Primary EV use,Primary EV use,correct
MIT,b3c35,333,99.0560830298745,99.326126,Primary EV use,Primary EV use,correct
MIT,b3c35,334,99.05805710259145,99.20243,Primary EV use,Primary EV use,correct
MIT,b3c35,335,99.06304868646141,99.23599,Primary EV use,Primary EV use,correct
MIT,b3c35,336,99.05297151525875,99.253685,Primary EV use,Primary EV use,correct
MIT,b3c35,337,99.04556404239707,99.13842,Primary EV use,Primary EV use,correct
MIT,b3c35,338,99.04642887425402,99.179634,Primary EV use,Primary EV use,correct
MIT,b3c35,339,99.03161392853067,99.3004,Primary EV use,Primary EV use,correct
MIT,b3c35,340,99.03280777250711,99.21755,Primary EV use,Primary EV use,correct
MIT,b3c35,341,99.03631410166625,99.309425,Primary EV use,Primary EV use,correct
MIT,b3c35,342,99.02230758572223,99.09982,Primary EV use,Primary EV use,correct
MIT,b3c35,343,99.01961908668868,99.20043,Primary EV use,Primary EV use,correct
MIT,b3c35,344,99.01813383197785,99.242035,Primary EV use,Primary EV use,correct
MIT,b3c35,345,99.00753964173026,99.219505,Primary EV use,Primary EV use,correct
MIT,b3c35,346,99.01000253245329,99.16149,Primary EV use,Primary EV use,correct
MIT,b3c35,347,99.00288647032602,99.21231,Primary EV use,Primary EV use,correct
MIT,b3c35,348,98.9896037810449,99.03966,Primary EV use,Primary EV use,correct
MIT,b3c35,349,98.9896037810449,99.38785,Primary EV use,Primary EV use,correct
MIT,b3c35,350,98.98525142072133,99.001015,Primary EV use,Primary EV use,correct
MIT,b3c35,351,98.97620828760849,99.21123,Primary EV use,Primary EV use,correct
MIT,b3c35,352,98.97744913331628,99.16183,Primary EV use,Primary EV use,correct
MIT,b3c35,353,98.97691331357883,99.10076,Primary EV use,Primary EV use,correct
MIT,b3c35,354,98.9757476706412,99.11409,Primary EV use,Primary EV use,correct
MIT,b3c35,355,98.96794538323613,99.195145,Primary EV use,Primary EV use,correct
MIT,b3c35,356,98.34738152414583,99.33569,Primary EV use,Primary EV use,correct
MIT,b3c35,357,98.4662771037834,99.16776,Primary EV use,Primary EV use,correct
MIT,b3c35,358,98.54001341993435,98.97103,Primary EV use,Primary EV use,correct
MIT,b3c35,359,98.5960770850955,98.92854,Primary EV use,Primary EV use,correct
MIT,b3c35,360,98.62532156234506,99.04049,Primary EV use,Primary EV use,correct
MIT,b3c35,361,98.6401083070296,99.052475,Primary EV use,Primary EV use,correct
MIT,b3c35,362,98.66590285719765,99.0614,Primary EV use,Primary EV use,correct
MIT,b3c35,363,98.66485941876155,99.03211,Primary EV use,Primary EV use,correct
MIT,b3c35,364,98.673714544949,99.11113,Primary EV use,Primary EV use,correct
MIT,b3c35,365,98.6902027523086,98.93857,Primary EV use,Primary EV use,correct
MIT,b3c35,366,98.69585236041758,99.235725,Primary EV use,Primary EV use,correct
MIT,b3c35,367,98.69831525114061,99.07436,Primary EV use,Primary EV use,correct
MIT,b3c35,368,98.70687896659362,99.04337,Primary EV use,Primary EV use,correct
MIT,b3c35,369,98.70869323342394,99.150894,Primary EV use,Primary EV use,correct
MIT,b3c35,370,98.70994347947801,98.9883,Primary EV use,Primary EV use,correct
MIT,b3c35,371,98.71336520552072,99.06632,Primary EV use,Primary EV use,correct
MIT,b3c35,372,98.71726634922325,99.08359,Primary EV use,Primary EV use,correct
MIT,b3c35,373,98.71229356604582,98.8236,Primary EV use,Primary EV use,correct
MIT,b3c35,374,98.72006765241204,98.964,Primary EV use,Primary EV use,correct
MIT,b3c35,375,98.71986084479408,99.075,Primary EV use,Primary EV use,correct
MIT,b3c35,376,98.72020865760611,99.03209,Primary EV use,Primary EV use,correct
MIT,b3c35,377,98.71266017955037,99.10748,Primary EV use,Primary EV use,correct
MIT,b3c35,378,98.699161282305,98.944275,Primary EV use,Primary EV use,correct
MIT,b3c35,379,98.70242320246109,99.01292,Primary EV use,Primary EV use,correct
MIT,b3c35,380,98.70814801334024,99.07761,Primary EV use,Primary EV use,correct
MIT,b3c35,381,98.71029129229005,99.0974,Primary EV use,Primary EV use,correct
MIT,b3c35,382,98.7002987242038,99.12115,Primary EV use,Primary EV use,correct
MIT,b3c35,383,98.69657618708044,98.89466,Primary EV use,Primary EV use,correct
MIT,b3c35,384,98.69369028077519,99.01197,Primary EV use,Primary EV use,correct
MIT,b3c35,385,98.70125755952346,99.0424,Primary EV use,Primary EV use,correct
MIT,b3c35,386,98.69321086311535,98.93065,Primary EV use,Primary EV use,correct
MIT,b3c35,387,98.68501376116691,98.911385,Primary EV use,Primary EV use,correct
MIT,b3c35,388,98.68899950798587,99.01289,Primary EV use,Primary EV use,correct
MIT,b3c35,389,98.68264487390658,98.93072,Primary EV use,Primary EV use,correct
MIT,b3c35,390,98.6900053450369,99.058784,Primary EV use,Primary EV use,correct
MIT,b3c35,391,98.68593499510149,99.108665,Primary EV use,Primary EV use,correct
MIT,b3c35,392,98.67895993816829,99.06039,Primary EV use,Primary EV use,correct
MIT,b3c35,393,98.67375214633407,98.985794,Primary EV use,Primary EV use,correct
MIT,b3c35,394,98.67031161959883,98.947014,Primary EV use,Primary EV use,correct
MIT,b3c35,395,98.6712610545722,98.97516,Primary EV use,Primary EV use,correct
MIT,b3c35,396,98.66221792145934,98.94434,Primary EV use,Primary EV use,correct
MIT,b3c35,397,98.65786556113582,99.0192,Primary EV use,Primary EV use,correct
MIT,b3c35,398,98.65222535337313,98.96592,Primary EV use,Primary EV use,correct
MIT,b3c35,399,98.64904803633348,98.958206,Primary EV use,Primary EV use,correct
MIT,b3c35,400,98.64149015793147,99.01109,Primary EV use,Primary EV use,correct
MIT,b3c35,401,98.6416405634718,99.024605,Primary EV use,Primary EV use,correct
MIT,b3c35,402,98.62398671317459,99.07317,Primary EV use,Primary EV use,correct
MIT,b3c35,403,98.6331990525203,99.0325,Primary EV use,Primary EV use,correct
MIT,b3c35,404,98.62331928858931,98.87704,Primary EV use,Primary EV use,correct
MIT,b3c35,405,98.62628039766474,98.99712,Primary EV use,Primary EV use,correct
MIT,b3c35,406,98.62550956927049,98.863266,Primary EV use,Primary EV use,correct
MIT,b3c35,407,98.61763207909529,98.96537,Primary EV use,Primary EV use,correct
MIT,b3c35,408,98.62204084149644,98.85139,Primary EV use,Primary EV use,correct
MIT,b3c35,409,98.62265186400407,98.965805,Primary EV use,Primary EV use,correct
MIT,b3c35,410,98.62512415507338,98.94805,Primary EV use,Primary EV use,correct
MIT,b3c35,411,98.61785768740577,98.910065,Primary EV use,Primary EV use,correct
MIT,b3c35,412,98.59935780594415,98.92201,Primary EV use,Primary EV use,correct
MIT,b3c35,413,98.60530822513378,98.95348,Primary EV use,Primary EV use,correct
MIT,b3c35,414,98.60105926861922,98.989815,Primary EV use,Primary EV use,correct
MIT,b3c35,415,98.59650010067772,98.96965,Primary EV use,Primary EV use,correct
MIT,b3c35,416,98.59523105393112,98.860695,Primary EV use,Primary EV use,correct
MIT,b3c35,417,98.59398080787705,98.81246,Primary EV use,Primary EV use,correct
MIT,b3c35,418,98.58944044062807,98.82561,Primary EV use,Primary EV use,correct
MIT,b3c35,419,98.5815817511454,98.84003,Primary EV use,Primary EV use,correct
MIT,b3c35,420,98.5859153107764,98.832184,Primary EV use,Primary EV use,correct
MIT,b3c35,421,98.57996489158674,98.894325,Primary EV use,Primary EV use,correct
MIT,b3c35,422,98.57846083618337,98.902214,Primary EV use,Primary EV use,correct
MIT,b3c35,423,98.57226600799068,98.895546,Primary EV use,Primary EV use,correct
MIT,b3c35,424,98.55738525984344,98.71946,Primary EV use,Primary EV use,correct
MIT,b3c35,425,98.5433505428606,98.869385,Primary EV use,Primary EV use,correct
MIT,b3c35,426,98.55170745069567,98.78637,Primary EV use,Primary EV use,correct
MIT,b3c35,427,98.54667826544059,98.87147,Primary EV use,Primary EV use,correct
MIT,b3c35,428,98.54458198822212,98.82573,Primary EV use,Primary EV use,correct
MIT,b3c35,429,98.54301213039484,98.75953,Primary EV use,Primary EV use,correct
MIT,b3c35,430,98.53085748266625,98.83434,Primary EV use,Primary EV use,correct
MIT,b3c35,431,98.53062247400945,98.80913,Primary EV use,Primary EV use,correct
MIT,b3c35,432,98.52801857809234,98.72083,Primary EV use,Primary EV use,correct
MIT,b3c35,433,98.52480365966761,99.057434,Primary EV use,Primary EV use,correct
MIT,b3c35,434,98.51618354213696,98.84351,Primary EV use,Primary EV use,correct
MIT,b3c35,435,98.51196278666121,98.77655,Primary EV use,Primary EV use,correct
MIT,b3c35,436,98.50996991325172,98.80331,Primary EV use,Primary EV use,correct
MIT,b3c35,437,98.50500653042056,98.724144,Primary EV use,Primary EV use,correct
MIT,b3c35,438,98.50109598637175,98.73797,Primary EV use,Primary EV use,correct
MIT,b3c35,439,98.49425253428636,98.82756,Primary EV use,Primary EV use,correct
MIT,b3c35,440,98.47906157471218,98.77515,Primary EV use,Primary EV use,correct
MIT,b3c35,441,98.47977600102878,98.79231,Primary EV use,Primary EV use,correct
MIT,b3c35,442,98.48110144985303,98.84965,Primary EV use,Primary EV use,correct
MIT,b3c35,443,98.47320515898525,98.78923,Primary EV use,Primary EV use,correct
MIT,b3c35,444,98.47496302373794,98.61937,Primary EV use,Primary EV use,correct
MIT,b3c35,445,98.46135132233732,98.61792,Primary EV use,Primary EV use,correct
MIT,b3c35,446,98.44742000916347,98.866104,Primary EV use,Primary EV use,correct
MIT,b3c35,447,98.44253182910248,98.72746,Primary EV use,Primary EV use,correct
MIT,b3c35,448,98.43324428698655,98.711525,Primary EV use,Primary EV use,correct
MIT,b3c35,449,98.4337237046464,98.78295,Primary EV use,Primary EV use,correct
MIT,b3c35,450,98.42614702555184,98.79369,Primary EV use,Primary EV use,correct
MIT,b3c35,451,98.42627863039964,98.569824,Primary EV use,Primary EV use,correct
MIT,b3c35,452,98.41564683876697,98.69959,Primary EV use,Primary EV use,correct
MIT,b3c35,453,98.41827893572288,98.69213,Primary EV use,Primary EV use,correct
MIT,b3c35,454,98.42556420408303,98.686905,Primary EV use,Primary EV use,correct
MIT,b3c35,455,98.41365396535747,98.74324,Primary EV use,Primary EV use,correct
MIT,b3c35,456,98.41740470351967,98.67284,Primary EV use,Primary EV use,correct
MIT,b3c35,457,98.41136968121359,98.690544,Primary EV use,Primary EV use,correct
MIT,b3c35,458,98.41405818024714,98.85477,Primary EV use,Primary EV use,correct
MIT,b3c35,459,98.40405621181463,98.79595,Primary EV use,Primary EV use,correct
MIT,b3c35,460,98.39426105100009,98.65325,Primary EV use,Primary EV use,correct
MIT,b3c35,461,98.39118713776942,98.67822,Primary EV use,Primary EV use,correct
MIT,b3c35,462,98.39074532149466,98.65694,Primary EV use,Primary EV use,correct
MIT,b3c35,463,98.38188079496098,98.76675,Primary EV use,Primary EV use,correct
MIT,b3c35,464,98.38296183478215,98.642525,Primary EV use,Primary EV use,correct
MIT,b3c35,465,98.38092195964131,98.67554,Primary EV use,Primary EV use,correct
MIT,b3c35,466,98.3706567815132,98.61594,Primary EV use,Primary EV use,correct
MIT,b3c35,467,98.37083538809236,98.59084,Primary EV use,Primary EV use,correct
MIT,b3c35,468,98.36305190137985,98.6059,Primary EV use,Primary EV use,correct
MIT,b3c35,469,98.36028819957613,98.56925,Primary EV use,Primary EV use,correct
MIT,b3c35,470,98.34675170094567,98.60028,Primary EV use,Primary EV use,correct
MIT,b3c35,471,98.34716531618159,98.49812,Primary EV use,Primary EV use,correct
MIT,b3c35,472,98.3410362904128,98.44012,Primary EV use,Primary EV use,correct
MIT,b3c35,473,98.34332997490294,98.54843,Primary EV use,Primary EV use,correct
MIT,b3c35,474,98.33800937891348,98.641685,Primary EV use,Primary EV use,correct
MIT,b3c35,475,98.32804501186607,98.5922,Primary EV use,Primary EV use,correct
MIT,b3c35,476,98.32929525792012,98.48032,Primary EV use,Primary EV use,correct
MIT,b3c35,477,98.32226379890932,98.51608,Primary EV use,Primary EV use,correct
MIT,b3c35,478,98.30575679085715,98.46328,Primary EV use,Primary EV use,correct
MIT,b3c35,479,98.30230686377564,98.390945,Primary EV use,Primary EV use,correct
MIT,b3c35,480,98.296911065016,98.48047,Primary EV use,Primary EV use,correct
MIT,b3c35,481,98.28966339804094,98.40222,Primary EV use,Primary EV use,correct
MIT,b3c35,482,98.27883419913658,98.60783,Primary EV use,Primary EV use,correct
MIT,b3c35,483,98.28042285765639,98.41899,Primary EV use,Primary EV use,correct
MIT,b3c35,484,98.2765781160315,98.32012,Primary EV use,Primary EV use,correct
MIT,b3c35,485,98.26923644559372,98.448555,Primary EV use,Primary EV use,correct
MIT,b3c35,486,98.26020271282714,98.277534,Primary EV use,Primary EV use,correct
MIT,b3c35,487,98.25182700429954,98.36715,Primary EV use,Primary EV use,correct
MIT,b3c35,488,98.2419002386372,98.321396,Primary EV use,Primary EV use,correct
MIT,b3c35,489,98.24147722305499,98.27689,Primary EV use,Primary EV use,correct
MIT,b3c35,490,98.23365613495739,98.27298,Primary EV use,Primary EV use,correct
MIT,b3c35,491,98.23125904665825,98.24281,Primary EV use,Primary EV use,correct
MIT,b3c35,492,98.2295481836369,98.33384,Primary EV use,Primary EV use,correct
MIT,b3c35,493,98.21655690509017,98.28461,Primary EV use,Primary EV use,correct
MIT,b3c35,494,98.21404701263577,98.269424,Primary EV use,Primary EV use,correct
MIT,b3c35,495,98.2169705203261,98.409744,Primary EV use,Primary EV use,correct
MIT,b3c35,496,98.20430825389884,98.24523,Primary EV use,Primary EV use,correct
MIT,b3c35,497,98.19549072909652,98.17081,Primary EV use,Primary EV use,correct
MIT,b3c35,498,98.1897565178711,98.15453,Primary EV use,Primary EV use,correct
MIT,b3c35,499,98.18732182818687,98.19791,Primary EV use,Primary EV use,correct
MIT,b3c35,500,98.18218923912282,98.26959,Primary EV use,Primary EV use,correct
MIT,b3c35,501,98.1748005669537,98.2868,Primary EV use,Primary EV use,correct
MIT,b3c35,502,98.16796651521457,98.26537,Primary EV use,Primary EV use,correct
MIT,b3c35,503,98.16038043577375,98.0842,Primary EV use,Primary EV use,correct
MIT,b3c35,504,98.15331137537784,98.270744,Primary EV use,Primary EV use,correct
MIT,b3c35,505,98.13711457875264,98.340004,Primary EV use,Primary EV use,correct
MIT,b3c35,506,98.14452205161432,98.27056,Primary EV use,Primary EV use,correct
MIT,b3c35,507,98.1303745304762,98.07955,Primary EV use,Primary EV use,correct
MIT,b3c35,508,98.1286166657235,98.2318,Primary EV use,Primary EV use,correct
MIT,b3c35,509,98.12211162610386,98.14815,Primary EV use,Primary EV use,correct
MIT,b3c35,510,98.120071750963,98.1163,Primary EV use,Primary EV use,correct
MIT,b3c35,511,98.11876510283133,98.003624,Primary EV use,Primary EV use,correct
MIT,b3c35,512,98.10705227137748,97.954926,Primary EV use,Primary EV use,correct
MIT,b3c35,513,98.09790573445565,97.95821,Primary EV use,Primary EV use,correct
MIT,b3c35,514,98.08564768291804,98.017555,Primary EV use,Primary EV use,correct
MIT,b3c35,515,98.08261137107247,97.99673,Primary EV use,Primary EV use,correct
MIT,b3c35,516,98.06991150326016,98.07781,Primary EV use,Primary EV use,correct
MIT,b3c35,517,98.06272023836272,97.95002,Primary EV use,Primary EV use,correct
MIT,b3c35,518,98.05316948655121,98.01841,Primary EV use,Primary EV use,correct
MIT,b3c35,519,98.04470917490718,98.06929,Primary EV use,Primary EV use,correct
MIT,b3c35,520,98.04333672435158,97.99679,Primary EV use,Primary EV use,correct
MIT,b3c35,521,98.03291174033689,98.1387,Primary EV use,Primary EV use,correct
MIT,b3c35,522,98.02461123457945,97.98536,Primary EV use,Primary EV use,correct
MIT,b3c35,523,98.02230814974301,97.929695,Primary EV use,Primary EV use,correct
MIT,b3c35,524,98.00508671537426,97.91312,Primary EV use,Primary EV use,correct
MIT,b3c35,525,98.00977748816356,97.941826,Primary EV use,Primary EV use,correct
MIT,b3c35,526,98.00567893718933,97.96705,Primary EV use,Primary EV use,correct
MIT,b3c35,527,98.00176839314054,97.95663,Primary EV use,Primary EV use,correct
MIT,b3c35,528,98.0051713184907,98.00402,Primary EV use,Primary EV use,correct
MIT,b3c35,529,97.99928670172496,97.9648,Primary EV use,Primary EV use,correct
MIT,b3c35,530,97.99641959611223,97.96024,Primary EV use,Primary EV use,correct
MIT,b3c35,531,97.98403934007315,98.074326,Primary EV use,Primary EV use,correct
MIT,b3c35,532,97.9862672221394,98.04669,Primary EV use,Primary EV use,correct
MIT,b3c35,533,97.9766882692891,98.02995,Primary EV use,Primary EV use,correct
MIT,b3c35,534,97.96711871678507,98.14884,Primary EV use,Primary EV use,correct
MIT,b3c35,535,97.95492646767137,97.93556,Primary EV use,Primary EV use,correct
MIT,b3c35,536,97.94862823566969,98.01847,Primary EV use,Primary EV use,correct
MIT,b3c35,537,97.95863960444848,98.007614,Primary EV use,Primary EV use,correct
MIT,b3c35,538,97.95005708830291,98.006134,Primary EV use,Primary EV use,correct
MIT,b3c35,539,97.93602237132009,97.95018,Primary EV use,Primary EV use,correct
MIT,b3c35,540,97.92637761604588,98.01914,Primary EV use,Primary EV use,correct
MIT,b3c35,541,97.91752248985843,97.92088,Primary EV use,Primary EV use,correct
MIT,b3c35,542,97.90461581442814,97.95439,Primary EV use,Primary EV use,correct
MIT,b3c35,543,97.90781193216034,97.956345,Primary EV use,Primary EV use,correct
MIT,b3c35,544,97.89384301760141,97.993,Primary EV use,Primary EV use,correct
MIT,b3c35,545,97.88985727078243,97.992485,Primary EV use,Primary EV use,correct
MIT,b3c35,546,97.8803535207023,97.82385,Primary EV use,Primary EV use,correct
MIT,b3c35,547,97.87808803725095,98.00296,Primary EV use,Primary EV use,correct
MIT,b3c35,548,97.86479594762353,97.93153,Primary EV use,Primary EV use,correct
MIT,b3c35,549,97.86674181930167,97.94653,Primary EV use,Primary EV use,correct
MIT,b3c35,550,97.85787729276797,97.875786,Primary EV use,Primary EV use,correct
MIT,b3c35,551,97.85257549747102,97.85163,Primary EV use,Primary EV use,correct
MIT,b3c35,552,97.84672848209038,97.9458,Primary EV use,Primary EV use,correct
MIT,b3c35,553,97.83635049980703,97.912056,Primary EV use,Primary EV use,correct
MIT,b3c35,554,97.83118030935786,97.942894,Primary EV use,Primary EV use,correct
MIT,b3c35,555,97.82895242729163,97.871414,Primary EV use,Primary EV use,correct
MIT,b3c35,556,97.81840523877538,97.81257,Primary EV use,Primary EV use,correct
MIT,b3c35,557,97.81436308987878,97.878006,Primary EV use,Primary EV use,correct
MIT,b3c35,558,97.80616598793034,98.00714,Primary EV use,Primary EV use,correct
MIT,b3c35,559,97.80655140212745,97.964966,Primary EV use,Primary EV use,correct
MIT,b3c35,560,97.7926858913775,98.01912,Primary EV use,Primary EV use,correct
MIT,b3c35,561,97.79096562800987,97.90073,Primary EV use,Primary EV use,correct
MIT,b3c35,562,97.77944080348145,97.88425,Primary EV use,Primary EV use,correct
MIT,b3c35,563,97.76760576752606,97.88442,Primary EV use,Primary EV use,correct
MIT,b3c35,564,97.76451305360284,97.91705,Primary EV use,Primary EV use,correct
MIT,b3c35,565,97.75977527908219,98.05565,Primary EV use,Primary EV use,correct
MIT,b3c35,566,97.7491152864107,97.97073,Primary EV use,Primary EV use,correct
MIT,b3c35,567,97.74882387567628,98.05016,Primary EV use,Primary EV use,correct
MIT,b3c35,568,97.74917168848832,97.748695,Primary EV use,Primary EV use,correct
MIT,b3c35,569,97.74231883605665,97.754616,Primary EV use,Primary EV use,correct
MIT,b3c35,570,97.73596420197735,97.87969,Primary EV use,Primary EV use,correct
MIT,b3c35,571,97.73107602191637,97.827446,Primary EV use,Primary EV use,correct
MIT,b3c35,572,97.72331133589638,97.81749,Primary EV use,Primary EV use,correct
MIT,b3c35,573,97.72015281954927,97.9103,Primary EV use,Primary EV use,correct
MIT,b3c35,574,97.71596026511233,97.85083,Primary EV use,Primary EV use,correct
MIT,b3c35,575,97.71153270201862,97.96761,Primary EV use,Primary EV use,correct
MIT,b3c35,576,97.70322279591493,97.86108,Primary EV use,Primary EV use,correct
MIT,b3c35,577,97.6989926400929,97.80107,Primary EV use,Primary EV use,correct
MIT,b3c35,578,97.69077673745191,97.826675,Primary EV use,Primary EV use,correct
MIT,b3c35,579,97.68795663357056,98.02508,Primary EV use,Primary EV use,correct
MIT,b3c35,580,97.67527556645078,97.83916,Primary EV use,Primary EV use,correct
MIT,b3c35,581,97.671261618593,97.79812,Primary EV use,Primary EV use,correct
MIT,b3c35,582,97.66609142814384,97.605644,Primary EV use,Primary EV use,correct
MIT,b3c35,583,97.66098704011861,97.77395,Primary EV use,Primary EV use,correct
MIT,b3c35,584,97.65898476636285,97.82986,Primary EV use,Primary EV use,correct
MIT,b3c35,585,97.64862558477205,97.737915,Primary EV use,Primary EV use,correct
MIT,b3c35,586,97.63844500976039,97.72607,Primary EV use,Primary EV use,correct
MIT,b3c35,587,97.6348822785236,97.78428,Primary EV use,Primary EV use,correct
MIT,b3c35,588,97.62629036203178,97.80802,Primary EV use,Primary EV use,correct
MIT,b3c35,589,97.61955031375535,97.77705,Primary EV use,Primary EV use,correct
MIT,b3c35,590,97.61059178375896,97.75536,Primary EV use,Primary EV use,correct
MIT,b3c35,591,97.59630325742681,97.832504,Primary EV use,Primary EV use,correct
MIT,b3c35,592,97.5837913965399,97.79085,Primary EV use,Primary EV use,correct
MIT,b3c35,593,97.58288896329786,97.77779,Primary EV use,Primary EV use,correct
MIT,b3c35,594,97.58206173282599,97.83232,Primary EV use,Primary EV use,correct
MIT,b3c35,595,97.57512427727788,97.68695,Primary EV use,Primary EV use,correct
MIT,b3c35,596,97.57178715435163,97.74626,Primary EV use,Primary EV use,correct
MIT,b3c35,597,97.56576153239182,97.77094,Primary EV use,Primary EV use,correct
MIT,b3c35,598,97.56025292947692,97.69686,Primary EV use,Primary EV use,correct
MIT,b3c35,599,97.55832585849133,97.599495,Primary EV use,Primary EV use,correct
MIT,b3c35,600,97.54540038236848,97.7395,Primary EV use,Primary EV use,correct
MIT,b3c35,601,97.53926195625343,97.79577,Primary EV use,Primary EV use,correct
MIT,b3c35,602,97.53773910015751,97.6494,Primary EV use,Primary EV use,correct
MIT,b3c35,603,97.5259416655872,97.70792,Primary EV use,Primary EV use,correct
MIT,b3c35,604,97.52331896897755,97.75168,Primary EV use,Primary EV use,correct
MIT,b3c35,605,97.51138992955946,97.63397,Primary EV use,Primary EV use,correct
MIT,b3c35,606,97.5017263735927,97.51495,Primary EV use,Primary EV use,correct
MIT,b3c35,607,97.49805083820068,97.74869,Primary EV use,Primary EV use,correct
MIT,b3c35,608,97.49042715737477,97.60182,Primary EV use,Primary EV use,correct
MIT,b3c35,609,97.48991953867613,97.76452,Primary EV use,Primary EV use,correct
MIT,b3c35,610,97.48314188901463,97.60575,Primary EV use,Primary EV use,correct
MIT,b3c35,611,97.46428479439469,97.50918,Primary EV use,Primary EV use,correct
MIT,b3c35,612,97.46696389308198,97.59216,Primary EV use,Primary EV use,correct
MIT,b3c35,613,97.4524497584393,97.54928,Primary EV use,Primary EV use,correct
MIT,b3c35,614,97.44693175517814,97.54546,Primary EV use,Primary EV use,correct
MIT,b3c35,615,97.4334234575865,97.56076,Primary EV use,Primary EV use,correct
MIT,b3c35,616,97.43050935024243,97.57885,Primary EV use,Primary EV use,correct
MIT,b3c35,617,97.4231206780733,97.47916,Primary EV use,Primary EV use,correct
MIT,b3c35,618,97.41252648782572,97.64442,Primary EV use,Primary EV use,correct
MIT,b3c35,619,97.40209210346474,97.59541,Primary EV use,Primary EV use,correct
MIT,b3c35,620,97.4041883806832,97.488464,Primary EV use,Primary EV use,correct
MIT,b3c35,621,97.39847297015032,97.57913,Primary EV use,Primary EV use,correct
MIT,b3c35,622,97.38758736916834,97.513504,Primary EV use,Primary EV use,correct
MIT,b3c35,623,97.37802721701057,97.55788,Primary EV use,Primary EV use,correct
MIT,b3c35,624,97.36941649982619,97.54549,Primary EV use,Primary EV use,correct
MIT,b3c35,625,97.36209363008098,97.49352,Primary EV use,Primary EV use,correct
MIT,b3c35,626,97.35603980708234,97.46851,Primary EV use,Primary EV use,correct
MIT,b3c35,627,97.35247707584558,97.43854,Primary EV use,Primary EV use,correct
MIT,b3c35,628,97.34284172091763,97.38772,Primary EV use,Primary EV use,correct
MIT,b3c35,629,97.33017005414413,97.46516,Primary EV use,Primary EV use,correct
MIT,b3c35,630,97.32738755164786,97.4329,Primary EV use,Primary EV use,correct
MIT,b3c35,631,97.32107051895363,97.47116,Primary EV use,Primary EV use,correct
MIT,b3c35,632,97.30807924040691,97.39521,Primary EV use,Primary EV use,correct
MIT,b3c35,633,97.3022134243337,97.39792,Primary EV use,Primary EV use,correct
MIT,b3c35,634,97.29749445050558,97.476074,Primary EV use,Primary EV use,correct
MIT,b3c35,635,97.2923054593639,97.4238,Primary EV use,Primary EV use,correct
MIT,b3c35,636,97.28208728296717,97.4058,Primary EV use,Primary EV use,correct
MIT,b3c35,637,97.26617249673009,97.424904,Primary EV use,Primary EV use,correct
MIT,b3c35,638,97.26276017103368,97.44469,Primary EV use,Primary EV use,correct
MIT,b3c35,639,97.25540910024962,97.46038,Primary EV use,Primary EV use,correct
MIT,b3c35,640,97.25732677088895,97.38178,Primary EV use,Primary EV use,correct
MIT,b3c35,641,97.24706159276084,97.41827,Primary EV use,Primary EV use,correct
MIT,b3c35,642,97.23404211317529,97.33256,Primary EV use,Primary EV use,correct
MIT,b3c35,643,97.22404954508904,97.31114,Primary EV use,Primary EV use,correct
MIT,b3c35,644,97.21695228365434,97.358376,Primary EV use,Primary EV use,correct
MIT,b3c35,645,97.20954481079266,97.33757,Primary EV use,Primary EV use,correct
MIT,b3c35,646,97.20318077636708,97.23654,Primary EV use,Primary EV use,correct
MIT,b3c35,647,97.1888358479573,97.35596,Primary EV use,Primary EV use,correct
MIT,b3c35,648,97.18265982045715,97.358765,Primary EV use,Primary EV use,correct
MIT,b3c35,649,97.16568279509144,97.37339,Primary EV use,Primary EV use,correct
MIT,b3c35,650,97.16445134972994,97.42081,Primary EV use,Primary EV use,correct
MIT,b3c35,651,97.15474079203183,97.32803,Primary EV use,Primary EV use,correct
MIT,b3c35,652,97.154157970563,97.28922,Primary EV use,Primary EV use,correct
MIT,b3c35,653,97.14151450482831,97.32837,Primary EV use,Primary EV use,correct
MIT,b3c35,654,97.13352421049784,97.39358,Primary EV use,Primary EV use,correct
MIT,b3c35,655,97.12681236326021,97.16842,Primary EV use,Primary EV use,correct
MIT,b3c35,656,97.11608656816483,97.20698,Primary EV use,Primary EV use,correct
MIT,b3c35,657,97.10230566053131,97.13143,Primary EV use,Primary EV use,correct
MIT,b3c35,658,97.09190887755543,97.05999,Primary EV use,Primary EV use,correct
MIT,b3c35,659,97.08687029195409,97.10034,Primary EV use,Primary EV use,correct
MIT,b3c35,660,97.08022424714039,97.09734,Primary EV use,Primary EV use,correct
MIT,b3c35,661,97.07150072580075,97.134346,Primary EV use,Primary EV use,correct
MIT,b3c35,662,97.05973149226926,97.091644,Primary EV use,Primary EV use,correct
MIT,b3c35,663,97.05784202266877,97.25021,Primary EV use,Primary EV use,correct
MIT,b3c35,664,97.05092336781318,97.07963,Primary EV use,Primary EV use,correct
MIT,b3c35,665,97.03793208926645,97.10101,Primary EV use,Primary EV use,correct
MIT,b3c35,666,97.03004519874494,97.093315,Primary EV use,Primary EV use,correct
MIT,b3c35,667,97.02423578474938,97.12204,Primary EV use,Primary EV use,correct
MIT,b3c35,668,97.0131809775345,97.07366,Primary EV use,Primary EV use,correct
MIT,b3c35,669,97.00561369878622,97.07236,Primary EV use,Primary EV use,correct
MIT,b3c35,670,96.99732259337507,97.059616,Primary EV use,Primary EV use,correct
MIT,b3c35,671,96.99089275652558,97.23561,Primary EV use,Primary EV use,correct
MIT,b3c35,672,96.98357928712663,97.087685,Primary EV use,Primary EV use,correct
MIT,b3c35,673,96.96827552339718,97.05955,Primary EV use,Primary EV use,correct
MIT,b3c35,674,96.95773773522723,97.0041,Primary EV use,Primary EV use,correct
MIT,b3c35,675,96.94658892454964,97.026634,Primary EV use,Primary EV use,correct
MIT,b3c35,676,96.93859863021915,97.01027,Primary EV use,Primary EV use,correct
MIT,b3c35,677,96.75398522979994,97.21215,Primary EV use,Primary EV use,correct
MIT,b3c35,678,96.80165438574096,96.78577,Primary EV use,Primary EV use,correct
MIT,b3c35,679,96.8303818439456,96.87322,Primary EV use,Primary EV use,correct
MIT,b3c35,680,96.83356856133153,96.79217,Primary EV use,Primary EV use,correct
MIT,b3c35,681,96.82691311617155,96.95368,Primary EV use,Primary EV use,correct
MIT,b3c35,682,96.82720452690596,96.83133,Primary EV use,Primary EV use,correct
MIT,b3c35,683,96.82309657558547,96.87916,Primary EV use,Primary EV use,correct
MIT,b3c35,684,96.81364922758294,96.762794,Primary EV use,Primary EV use,correct
MIT,b3c35,685,96.80520771663144,96.87384,Primary EV use,Primary EV use,correct
MIT,b3c35,686,96.80443688823722,96.76315,Primary EV use,Primary EV use,correct
MIT,b3c35,687,96.79190622665776,96.89481,Primary EV use,Primary EV use,correct
MIT,b3c35,688,96.78689584209525,96.82172,Primary EV use,Primary EV use,correct
MIT,b3c35,689,96.78187605718645,96.61322,Primary EV use,Primary EV use,correct
MIT,b3c35,690,96.77020082711768,96.89537,Primary EV use,Primary EV use,correct
MIT,b3c35,691,96.76786014089616,96.75766,Primary EV use,Primary EV use,correct
MIT,b3c35,692,96.75593110147807,96.64018,Primary EV use,Primary EV use,correct
MIT,b3c35,693,96.74681276559505,96.71868,Primary EV use,Primary EV use,correct
MIT,b3c35,694,96.74265781254319,96.5431,Primary EV use,Primary EV use,correct
MIT,b3c35,695,96.739358291002,96.65052,Primary EV use,Primary EV use,correct
MIT,b3c35,696,96.71550021216582,96.56838,Primary EV use,Primary EV use,correct
MIT,b3c35,697,96.71158026777074,96.610535,Primary EV use,Primary EV use,correct
MIT,b3c35,698,96.70735011194873,96.75353,Primary EV use,Primary EV use,correct
MIT,b3c35,699,96.69014747827251,96.55283,Primary EV use,Primary EV use,correct
MIT,b3c35,700,96.67740060872883,96.494095,Primary EV use,Primary EV use,correct
MIT,b3c35,701,96.67457110450121,96.43416,Primary EV use,Primary EV use,correct
MIT,b3c35,702,96.65715226286076,96.48503,Primary EV use,Primary EV use,correct
MIT,b3c35,703,96.65350492850756,96.56547,Primary EV use,Primary EV use,correct
MIT,b3c35,704,96.64470620439775,96.49854,Primary EV use,Primary EV use,correct
MIT,b3c35,705,96.63507084946983,96.53744,Primary EV use,Primary EV use,correct
MIT,b3c35,706,96.62346142182493,96.53275,Primary EV use,Primary EV use,correct
MIT,b3c35,707,96.61261342222804,96.52752,Primary EV use,Primary EV use,correct
MIT,b3c35,708,96.60034597034416,96.498085,Primary EV use,Primary EV use,correct
MIT,b3c35,709,96.59770447304197,96.50807,Primary EV use,Primary EV use,correct
MIT,b3c35,710,96.58435598133693,96.543884,Primary EV use,Primary EV use,correct
MIT,b3c35,711,96.57266195057561,96.513245,Primary EV use,Primary EV use,correct
MIT,b3c35,712,96.57081948270647,96.52536,Primary EV use,Primary EV use,correct
MIT,b3c35,713,96.56025349349768,96.458405,Primary EV use,Primary EV use,correct
MIT,b3c35,714,96.55067454064738,96.50308,Primary EV use,Primary EV use,correct
MIT,b3c35,715,96.5313756297527,96.41842,Primary EV use,Primary EV use,correct
MIT,b3c35,716,96.52650625038423,96.48697,Primary EV use,Primary EV use,correct
MIT,b3c35,717,96.51567705147987,96.39879,Primary EV use,Primary EV use,correct
MIT,b3c35,718,96.50297718366755,96.39394,Primary EV use,Primary EV use,correct
MIT,b3c35,719,96.49105754459572,96.270676,Primary EV use,Primary EV use,correct
MIT,b3c35,720,96.48136578759015,96.365265,Primary EV use,Primary EV use,correct
MIT,b3c35,721,96.4792037079478,96.39105,Primary EV use,Primary EV use,correct
MIT,b3c35,722,96.46188827011632,96.33534,Primary EV use,Primary EV use,correct
MIT,b3c35,723,96.45065485632229,96.32401,Primary EV use,Primary EV use,correct
MIT,b3c35,724,96.44464803505502,96.32469,Primary EV use,Primary EV use,correct
MIT,b3c35,725,96.42705998718169,96.26578,Primary EV use,Primary EV use,correct
MIT,b3c35,726,96.42175819188475,96.386795,Primary EV use,Primary EV use,correct
MIT,b3c35,727,96.41451992525599,96.41314,Primary EV use,Primary EV use,correct
MIT,b3c35,728,96.39719508707825,96.28075,Primary EV use,Primary EV use,correct
MIT,b3c35,729,96.38601807536182,96.25878,Primary EV use,Primary EV use,correct
MIT,b3c35,730,96.37848839799864,96.30428,Primary EV use,Primary EV use,correct
MIT,b3c35,731,96.36497070006071,96.19931,Primary EV use,Primary EV use,correct
MIT,b3c35,732,96.35097358446295,96.210594,Primary EV use,Primary EV use,correct
MIT,b3c35,733,96.33914794885385,96.18767,Primary EV use,Primary EV use,correct
MIT,b3c35,734,96.32693689904762,96.043015,Primary EV use,Primary EV use,correct
MIT,b3c35,735,96.32452101005593,96.17053,Primary EV use,Primary EV use,correct
MIT,b3c35,736,96.30623733655854,96.1127,Primary EV use,Primary EV use,correct
MIT,b3c35,737,96.30241139562618,96.232895,Primary EV use,Primary EV use,correct
MIT,b3c35,738,96.28910050530621,96.16416,Primary EV use,Primary EV use,correct
MIT,b3c35,739,96.27575201360119,96.109955,Primary EV use,Primary EV use,correct
MIT,b3c35,740,96.27071342799985,96.16366,Primary EV use,Primary EV use,correct
MIT,b3c35,741,96.25134871468126,96.108154,Primary EV use,Primary EV use,correct
MIT,b3c35,742,96.23995549500063,96.036804,Primary EV use,Primary EV use,correct
MIT,b3c35,743,96.22380570010678,96.12723,Primary EV use,Primary EV use,correct
MIT,b3c35,744,96.21433015106547,96.09028,Primary EV use,Primary EV use,correct
MIT,b3c35,745,96.21266628977546,96.03348,Primary EV use,Primary EV use,correct
MIT,b3c35,746,96.20102866109177,96.101074,Primary EV use,Primary EV use,correct
MIT,b3c35,747,96.18959784002605,96.11551,Primary EV use,Primary EV use,correct
MIT,b3c35,748,96.18075211418488,96.04272,Primary EV use,Primary EV use,correct
MIT,b3c35,749,96.17252681119763,96.05523,Primary EV use,Primary EV use,correct
MIT,b3c35,750,96.1530492937238,96.082146,Primary EV use,Primary EV use,correct
MIT,b3c35,751,96.15585999725886,96.11051,Primary EV use,Primary EV use,correct
MIT,b3c35,752,96.13860096150503,96.11624,Primary EV use,Primary EV use,correct
MIT,b3c35,753,96.1308550761776,96.04986,Primary EV use,Primary EV use,correct
MIT,b3c35,754,96.11577692075866,96.0218,Primary EV use,Primary EV use,correct
MIT,b3c35,755,96.11334223107444,96.14691,Primary EV use,Primary EV use,correct
MIT,b3c35,756,96.09660021436551,95.98816,Primary EV use,Primary EV use,correct
MIT,b3c35,757,96.0850001870669,96.027596,Primary EV use,Primary EV use,correct
MIT,b3c35,758,96.06833337312814,96.04931,Primary EV use,Primary EV use,correct
MIT,b3c35,759,96.06343579272088,95.94089,Primary EV use,Primary EV use,correct
MIT,b3c35,760,96.0477466147943,95.94954,Primary EV use,Primary EV use,correct
MIT,b3c35,761,96.03511254940588,95.94626,Primary EV use,Primary EV use,correct
MIT,b3c35,762,96.01958317736592,95.99803,Primary EV use,Primary EV use,correct
MIT,b3c35,763,96.00984441862902,96.00856,Primary EV use,Primary EV use,correct
MIT,b3c35,764,96.0051254448009,95.957344,Primary EV use,Primary EV use,correct
MIT,b3c35,765,95.98707677996028,96.01021,Primary EV use,Primary EV use,correct
MIT,b3c35,766,95.97460252045845,95.96419,Primary EV use,Primary EV use,correct
MIT,b3c35,767,95.95857493006613,95.93494,Primary EV use,Primary EV use,correct
MIT,b3c35,768,95.94535804320887,95.99252,Primary EV use,Primary EV use,correct
MIT,b3c35,769,95.92875703169403,95.907936,Primary EV use,Primary EV use,correct
MIT,b3c35,770,95.92059753113065,95.91207,Primary EV use,Primary EV use,correct
MIT,b3c35,771,95.91056736165935,95.9902,Primary EV use,Primary EV use,correct
MIT,b3c35,772,95.89302631551736,95.93684,Primary EV use,Primary EV use,correct
MIT,b3c35,773,95.88199030899503,95.94897,Primary EV use,Primary EV use,correct
MIT,b3c35,774,95.8704278830815,95.87152,Primary EV use,Primary EV use,correct
MIT,b3c35,775,95.85485150931021,95.96819,Primary EV use,Primary EV use,correct
MIT,b3c35,776,95.84807385964871,95.8329,Primary EV use,Primary EV use,correct
MIT,b3c35,777,95.83440575617044,95.891975,Primary EV use,Primary EV use,correct
MIT,b3c35,778,95.81742873080474,95.870865,Primary EV use,Primary EV use,correct
MIT,b3c35,779,95.80690034298102,95.71181,Primary EV use,Primary EV use,correct
MIT,b3c35,780,95.79767860328903,95.7268,Primary EV use,Primary EV use,correct
MIT,b3c35,781,95.78223383436551,95.8413,Primary EV use,Primary EV use,correct
MIT,b3c35,782,95.7726266804764,95.92338,Primary EV use,Primary EV use,correct
MIT,b3c35,783,95.74594849775886,95.66221,Primary EV use,Primary EV use,correct
MIT,b3c35,784,95.7402048861872,95.45961,Primary EV use,Primary EV use,correct
MIT,b3c35,785,95.71985313651014,95.46405,Primary EV use,Primary EV use,correct
MIT,b3c35,786,95.70276330698917,95.36886,Primary EV use,Primary EV use,correct
MIT,b3c35,787,95.6990783712509,95.70419,Primary EV use,Primary EV use,correct
MIT,b3c35,788,95.68354899921094,95.39543,Primary EV use,Primary EV use,correct
MIT,b3c35,789,95.66670357869302,95.47471,Primary EV use,Primary EV use,correct
MIT,b3c35,790,95.6498957595602,95.37523,Primary EV use,Primary EV use,correct
MIT,b3c35,791,95.63320074458262,95.418785,Primary EV use,Primary EV use,correct
MIT,b3c35,792,95.6200120587642,95.38203,Primary EV use,Primary EV use,correct
MIT,b3c35,793,95.60353325175086,95.39479,Primary EV use,Primary EV use,correct
MIT,b3c35,794,95.59307066635108,95.48198,Primary EV use,Primary EV use,correct
MIT,b3c35,795,95.57824632028145,95.46829,Primary EV use,Primary EV use,correct
MIT,b3c35,796,95.55686993286085,95.27633,Primary EV use,Primary EV use,correct
MIT,b3c35,797,95.5379564361633,95.38725,Primary EV use,Primary EV use,correct
MIT,b3c35,798,95.52852788885332,95.36761,Primary EV use,Primary EV use,correct
MIT,b3c35,799,95.51444617013912,95.33113,Primary EV use,Primary EV use,correct
MIT,b3c35,800,95.49938681541273,95.21607,Primary EV use,Primary EV use,correct
MIT,b3c35,801,95.48072712806449,95.22672,Primary EV use,Primary EV use,correct
MIT,b3c35,802,95.46425772139743,95.23869,Primary EV use,Primary EV use,correct
MIT,b3c35,803,95.44908556251578,95.31648,Primary EV use,Primary EV use,correct
MIT,b3c35,804,95.42910042634331,95.34436,Primary EV use,Primary EV use,correct
MIT,b3c35,805,95.40943490194407,95.24807,Primary EV use,Primary EV use,correct
MIT,b3c35,806,95.39784427499173,95.24364,Primary EV use,Primary EV use,correct
MIT,b3c35,807,95.38166627905905,95.23121,Primary EV use,Primary EV use,correct
MIT,b3c35,808,95.36147433526861,95.2507,Primary EV use,Primary EV use,correct
MIT,b3c35,809,95.34787203421426,95.20949,Primary EV use,Primary EV use,correct
MIT,b3c35,810,95.33536957367362,95.18609,Primary EV use,Primary EV use,correct
MIT,b3c35,811,95.31772512372267,95.14561,Primary EV use,Primary EV use,correct
MIT,b3c35,812,95.2985202162907,95.18065,Primary EV use,Primary EV use,correct
MIT,b3c35,813,95.28196620650718,95.18439,Primary EV use,Primary EV use,correct
MIT,b3c35,814,95.26778108398402,95.225685,Primary EV use,Primary EV use,correct
MIT,b3c35,815,95.25499661305525,95.176956,Primary EV use,Primary EV use,correct
MIT,b3c35,816,95.23015149786059,95.06614,Primary EV use,Primary EV use,correct
MIT,b3c35,817,95.21979231626976,95.1192,Primary EV use,Primary EV use,correct
MIT,b3c35,818,95.20156504485,95.14897,Primary EV use,Primary EV use,correct
MIT,b3c35,819,95.18726711817158,95.10562,Primary EV use,Primary EV use,correct
MIT,b3c35,820,95.16803400970079,95.11994,Primary EV use,Primary EV use,correct
MIT,b3c35,821,95.14121482178918,95.12312,Primary EV use,Primary EV use,correct
MIT,b3c35,822,95.12872176159483,95.05705,Primary EV use,Primary EV use,correct
MIT,b3c35,823,95.11636030624825,95.07528,Primary EV use,Primary EV use,correct
MIT,b3c35,824,95.10865202230589,95.061775,Primary EV use,Primary EV use,correct
MIT,b3c35,825,95.08398551369038,95.091705,Primary EV use,Primary EV use,correct
MIT,b3c35,826,95.06640686616333,94.95766,Primary EV use,Primary EV use,correct
MIT,b3c35,827,95.04651573345356,94.94397,Primary EV use,Primary EV use,correct
MIT,b3c35,828,95.02958570981922,94.96747,Primary EV use,Primary EV use,correct
MIT,b3c35,829,95.01037140204096,94.951126,Primary EV use,Primary EV use,correct
MIT,b3c35,830,94.99846116331541,95.00148,Primary EV use,Primary EV use,correct
MIT,b3c35,831,94.97849482783548,94.92827,Primary EV use,Primary EV use,correct
MIT,b3c35,832,94.95125262434168,94.91284,Primary EV use,Primary EV use,correct
MIT,b3c35,833,94.9295096234165,94.88625,Primary EV use,Primary EV use,correct
MIT,b3c35,834,94.90766321868233,94.71234,Primary EV use,Primary EV use,correct
MIT,b3c35,835,94.89294227642169,94.871544,Primary EV use,Primary EV use,correct
MIT,b3c35,836,94.87713089399361,94.80667,Primary EV use,Primary EV use,correct
MIT,b3c35,837,94.85527508891319,94.695984,Primary EV use,Primary EV use,correct
MIT,b3c35,838,94.83183062531293,94.845375,Primary EV use,Primary EV use,correct
MIT,b3c35,839,94.81392296566636,94.83295,Primary EV use,Primary EV use,correct
MIT,b3c35,840,94.79398483122525,94.731155,Primary EV use,Primary EV use,correct
MIT,b3c35,841,94.77349207635413,94.584076,Primary EV use,Primary EV use,correct
MIT,b3c35,842,94.7479795365742,94.60016,Primary EV use,Primary EV use,correct
MIT,b3c35,843,94.73049489250987,94.57443,Primary EV use,Primary EV use,correct
MIT,b3c35,844,94.71007734040892,94.53847,Primary EV use,Primary EV use,correct
MIT,b3c35,845,94.68490321309476,94.60429,Primary EV use,Primary EV use,correct
MIT,b3c35,846,94.66766297803348,94.625206,Primary EV use,Primary EV use,correct
MIT,b3c35,847,94.64903149172403,94.56575,Primary EV use,Primary EV use,correct
MIT,b3c35,848,94.62327454294106,94.546135,Primary EV use,Primary EV use,correct
MIT,b3c35,849,94.60046930288725,94.48499,Primary EV use,Primary EV use,correct
MIT,b3c35,850,94.56559401822126,94.44602,Primary EV use,Primary EV use,correct
MIT,b3c35,851,94.55692689895925,94.48268,Primary EV use,Primary EV use,correct
MIT,b3c35,852,94.53746818217797,94.4647,Primary EV use,Primary EV use,correct
MIT,b3c35,853,94.51469114316296,94.45617,Primary EV use,Primary EV use,correct
MIT,b3c35,854,94.49675528247758,94.42934,Primary EV use,Primary EV use,correct
MIT,b3c35,855,94.46956948106141,94.362724,Primary EV use,Primary EV use,correct
MIT,b3c35,856,94.44951854246504,94.35088,Primary EV use,Primary EV use,correct
MIT,b3c35,857,94.42423161099562,94.4309,Primary EV use,Primary EV use,correct
MIT,b3c35,858,94.40507370529502,94.34158,Primary EV use,Primary EV use,correct
MIT,b3c35,859,94.38880170589964,94.35478,Primary EV use,Primary EV use,correct
MIT,b3c35,860,94.35861719402295,94.325096,Primary EV use,Primary EV use,correct
MIT,b3c35,861,94.32897790223002,94.10607,Primary EV use,Primary EV use,correct
MIT,b3c35,862,94.312198284136,94.09569,Primary EV use,Primary EV use,correct
MIT,b3c35,863,94.27805622647917,94.14135,Primary EV use,Primary EV use,correct
MIT,b3c35,864,94.25505357915364,94.19584,Primary EV use,Primary EV use,correct
MIT,b3c35,865,94.2375031326654,93.94985,Primary EV use,Primary EV use,correct
MIT,b3c35,866,94.2176214003019,94.10083,Primary EV use,Primary EV use,correct
MIT,b3c35,867,94.18866833378674,94.09536,Primary EV use,Primary EV use,correct
MIT,b3c35,868,94.16515806776259,94.07651,Primary EV use,Primary EV use,correct
MIT,b3c35,869,94.14418589523164,93.91535,Primary EV use,Primary EV use,correct
MIT,b3c35,870,94.11986719942817,93.93534,Primary EV use,Primary EV use,correct
MIT,b3c35,871,94.09219258000589,93.91167,Primary EV use,Primary EV use,correct
MIT,b3c35,872,94.06844730532494,94.09642,Primary EV use,Primary EV use,correct
MIT,b3c35,873,94.04202293195672,94.082054,Primary EV use,Primary EV use,correct
MIT,b3c35,874,94.01962190679257,93.736626,Primary EV use,Primary EV use,correct
MIT,b3c35,875,93.99056449643379,93.73818,Primary EV use,Primary EV use,correct
MIT,b3c35,876,93.96423036638978,93.684616,Primary EV use,Primary EV use,correct
MIT,b3c35,877,93.94094946881464,93.784836,Primary EV use,Primary EV use,correct
MIT,b3c35,878,93.91780299619118,93.62898,Primary EV use,Primary EV use,correct
MIT,b3c35,879,93.88585497935404,93.63709,Primary EV use,Primary EV use,correct
MIT,b3c35,880,93.86222156879371,93.62067,Primary EV use,Primary EV use,correct
MIT,b3c35,881,93.82723536004174,93.63649,Primary EV use,Primary EV use,correct
MIT,b3c35,882,93.80205559251982,93.68413,Primary EV use,Primary EV use,correct
MIT,b3c35,883,93.77187766088552,93.66078,Primary EV use,Primary EV use,correct
MIT,b3c35,884,93.74687649994276,93.6105,Primary EV use,Primary EV use,correct
MIT,b3c35,885,93.71320257953023,93.5678,Primary EV use,Primary EV use,correct
MIT,b3c35,886,93.6926506024776,93.65172,Primary EV use,Primary EV use,correct
MIT,b3c35,887,93.65980015239842,93.60518,Primary EV use,Primary EV use,correct
MIT,b3c35,888,93.6253920649421,93.52554,Primary EV use,Primary EV use,correct
MIT,b3c35,889,93.6000769324339,93.5167,Primary EV use,Primary EV use,correct
MIT,b3c35,890,93.57509363214905,93.57805,Primary EV use,Primary EV use,correct
MIT,b3c35,891,93.54117812283734,93.56425,Primary EV use,Primary EV use,correct
MIT,b3c35,892,93.5063498399027,93.41151,Primary EV use,Primary EV use,correct
MIT,b3c35,893,93.47651314083807,93.270325,Primary EV use,Primary EV use,correct
MIT,b3c35,894,93.44059253766672,93.27672,Primary EV use,Primary EV use,correct
MIT,b3c35,895,93.41620803943934,93.3893,Primary EV use,Primary EV use,correct
MIT,b3c35,896,93.38221450725361,93.30448,Primary EV use,Primary EV use,correct
MIT,b3c35,897,93.3511003011307,93.189995,Primary EV use,Primary EV use,correct
MIT,b3c35,898,93.31614323345215,93.14611,Primary EV use,Primary EV use,correct
MIT,b3c35,899,93.28335388562373,93.22222,Primary EV use,Primary EV use,correct
MIT,b3c35,900,93.25067170174282,93.04395,Primary EV use,Primary EV use,correct
MIT,b3c35,901,93.21070518953637,93.0193,Primary EV use,Primary EV use,correct
MIT,b3c35,902,93.17865564895949,92.97989,Primary EV use,Primary EV use,correct
MIT,b3c35,903,93.15172177682338,93.06614,Primary EV use,Primary EV use,correct
MIT,b3c35,904,93.11918999848278,93.016396,Primary EV use,Primary EV use,correct
MIT,b3c35,905,93.0855104378625,93.00032,Primary EV use,Primary EV use,correct
MIT,b3c35,906,93.04879926556976,92.992134,Primary EV use,Primary EV use,correct
MIT,b3c35,907,93.00947197690975,92.827415,Primary EV use,Primary EV use,correct
MIT,b3c35,908,92.97694019856917,92.902435,Primary EV use,Primary EV use,correct
MIT,b3c35,909,92.93474956443497,92.75209,Primary EV use,Primary EV use,correct
MIT,b3c35,910,92.90541202375732,92.51073,Primary EV use,Primary EV use,correct
MIT,b3c35,911,92.86588826786024,92.722244,Primary EV use,Primary EV use,correct
MIT,b3c35,912,92.82977119745183,92.50156,Primary EV use,Primary EV use,correct
MIT,b3c35,913,92.78983194624958,92.471794,Primary EV use,Primary EV use,correct
MIT,b3c35,914,92.75415763215055,92.30318,Primary EV use,Primary EV use,correct
MIT,b3c35,915,92.71525617917662,92.40595,Primary EV use,Primary EV use,correct
MIT,b3c35,916,92.67491365311933,92.28418,Primary EV use,Primary EV use,correct
MIT,b3c35,917,92.63491987990871,92.299446,Primary EV use,Primary EV use,correct
MIT,b3c35,918,92.60127322050036,92.18995,Primary EV use,Primary EV use,correct
MIT,b3c35,919,92.562786322797,92.23866,Primary EV use,Primary EV use,correct
MIT,b3c35,920,92.52436616755216,92.18427,Primary EV use,Primary EV use,correct
MIT,b3c35,921,92.4805614939632,92.14491,Primary EV use,Primary EV use,correct
MIT,b3c35,922,92.4419110302347,92.163895,Primary EV use,Primary EV use,correct
MIT,b3c35,923,92.40663999099071,92.14264,Primary EV use,Primary EV use,correct
MIT,b3c35,924,92.35838707354624,92.13103,Primary EV use,Primary EV use,correct
MIT,b3c35,925,92.31352862114029,92.07763,Primary EV use,Primary EV use,correct
MIT,b3c35,926,92.27810623632134,92.057755,Primary EV use,Primary EV use,correct
MIT,b3c35,927,92.23840293381048,91.90502,Primary EV use,Primary EV use,correct
MIT,b3c35,928,92.19364036493648,91.81167,Primary EV use,Primary EV use,correct
MIT,b3c35,929,92.15412224924717,91.85791,Primary EV use,Primary EV use,correct
MIT,b3c35,930,92.11283874852815,91.91157,Primary EV use,Primary EV use,correct
MIT,b3c35,931,92.06485468098703,91.76584,Primary EV use,Primary EV use,correct
MIT,b3c35,932,92.02223257095898,91.48004,Primary EV use,Primary EV use,correct
MIT,b3c35,933,91.98070278116765,91.47147,Primary EV use,Primary EV use,correct
MIT,b3c35,934,91.93834388083519,91.4374,Primary EV use,Primary EV use,correct
MIT,b3c35,935,91.89602352192246,91.39416,Primary EV use,Primary EV use,correct
MIT,b3c35,936,91.85210134400512,91.39266,Primary EV use,Primary EV use,correct
MIT,b3c35,937,91.81113181485155,91.228004,Primary EV use,Primary EV use,correct
MIT,b3c35,938,91.76762419220475,91.31443,Primary EV use,Primary EV use,correct
MIT,b3c35,939,91.72259841363517,91.30755,Primary EV use,Primary EV use,correct
MIT,b3c35,940,91.67402024420971,91.23394,Primary EV use,Primary EV use,correct
MIT,b3c35,941,91.6226623923919,91.138214,Primary EV use,Primary EV use,correct
MIT,b3c35,942,91.57537865064799,91.12047,Primary EV use,Primary EV use,correct
MIT,b3c35,943,91.52283823526925,91.055,Primary EV use,Primary EV use,correct
MIT,b3c35,944,91.47750412534197,91.04317,Primary EV use,Primary EV use,correct
MIT,b3c35,945,91.43490457614497,91.03199,Primary EV use,Primary EV use,correct
MIT,b3c35,946,91.38325531359274,91.00122,Primary EV use,Primary EV use,correct
MIT,b3c35,947,91.33384239341841,90.96255,Primary EV use,Primary EV use,correct
MIT,b3c35,948,91.29636415286994,91.01007,Primary EV use,Primary EV use,correct
MIT,b3c35,949,91.24389706019211,90.82088,Primary EV use,Primary EV use,correct
MIT,b3c35,950,91.19475769009428,90.75131,Primary EV use,Primary EV use,correct
MIT,b3c35,951,91.13802754038248,90.76239,Primary EV use,Primary EV use,correct
MIT,b3c35,952,91.09413262346932,90.7611,Primary EV use,Primary EV use,correct
MIT,b3c35,953,91.037945813772,90.76908,Primary EV use,Primary EV use,correct
MIT,b3c35,954,90.98745091374187,90.76633,Primary EV use,Primary EV use,correct
MIT,b3c35,955,90.93560048377942,90.64854,Primary EV use,Primary EV use,correct
MIT,b3c35,956,90.89400959173733,90.65104,Primary EV use,Primary EV use,correct
MIT,b3c35,957,90.83160257291239,90.64801,Primary EV use,Primary EV use,correct
MIT,b3c35,958,90.77642912054309,90.58018,Primary EV use,Primary EV use,correct
MIT,b3c35,959,90.72911717776037,90.55831,Primary EV use,Primary EV use,correct
MIT,b3c35,960,90.67236446721752,90.40541,Primary EV use,Primary EV use,correct
MIT,b3c35,961,90.61790826126872,90.33999,Primary EV use,Primary EV use,correct
MIT,b3c35,962,90.57367211178592,90.50832,Primary EV use,Primary EV use,correct
MIT,b3c35,963,90.50587493440909,90.35292,Primary EV use,Primary EV use,correct
MIT,b3c35,964,90.46108980470406,90.30278,Primary EV use,Primary EV use,correct
MIT,b3c35,965,90.40246548521861,90.30736,Primary EV use,Primary EV use,correct
MIT,b3c35,966,90.34743773821653,90.35651,Primary EV use,Primary EV use,correct
MIT,b3c35,967,90.29255569658164,90.28683,Primary EV use,Primary EV use,correct
MIT,b3c35,968,90.24329976219005,90.30366,Primary EV use,Primary EV use,correct
MIT,b3c35,969,90.1888661170723,90.10765,Primary EV use,Primary EV use,correct
MIT,b3c35,970,90.12789359108832,90.093796,Primary EV use,Primary EV use,correct
MIT,b3c35,971,90.07083254918778,89.96297,Primary EV use,Primary EV use,correct
MIT,b3c35,972,90.01526146217122,89.96813,Primary EV use,Primary EV use,correct
MIT,b3c35,973,89.96460957635837,89.819,Primary EV use,Primary EV use,correct
MIT,b3c35,974,89.90142984906993,89.74499,Primary EV use,Primary EV use,correct
MIT,b3c35,975,89.84397681272989,89.83011,Primary EV use,Primary EV use,correct
MIT,b3c35,976,89.78195050792893,89.815346,Primary EV use,Primary EV use,correct
MIT,b3c35,977,89.72449747158888,89.65199,Primary EV use,Primary EV use,correct
MIT,b3c35,978,89.66917267364461,89.456894,Primary EV use,Primary EV use,correct
MIT,b3c35,979,89.60640186141899,89.38745,Primary EV use,Primary EV use,correct
MIT,b3c35,980,89.55076967215165,89.42039,Primary EV use,Primary EV use,correct
MIT,b3c35,981,89.49297916338047,89.44726,Primary EV use,Primary EV use,correct
MIT,b3c35,982,89.42861687253112,89.52128,Primary EV use,Primary EV use,correct
MIT,b3c35,983,89.36874324702625,89.36572,Primary EV use,Primary EV use,correct
MIT,b3c35,984,89.30925597575313,89.369225,Primary EV use,Primary EV use,correct
MIT,b3c35,985,89.24351559414043,89.27296,Primary EV use,Primary EV use,correct
MIT,b3c35,986,89.19000600306114,89.308914,Primary EV use,Primary EV use,correct
MIT,b3c35,987,89.13209892999619,89.23756,Primary EV use,Primary EV use,correct
MIT,b3c35,988,89.06994948065908,89.32256,Primary EV use,Primary EV use,correct
MIT,b3c35,989,89.00991886937148,89.294136,Primary EV use,Primary EV use,correct
MIT,b3c35,990,88.95177584761514,89.2854,Primary EV use,Primary EV use,correct
MIT,b3c35,991,88.88570457381368,88.914894,Primary EV use,Primary EV use,correct
MIT,b3c35,992,88.82943880120769,88.80685,Primary EV use,Primary EV use,correct
MIT,b3c35,993,88.77208070836498,88.94208,Primary EV use,Primary EV use,correct
MIT,b3c35,994,88.70109587356761,88.80264,Primary EV use,Primary EV use,correct
MIT,b3c35,995,88.64309291697069,88.81605,Primary EV use,Primary EV use,correct
MIT,b3c35,996,88.58102807075002,88.80246,Primary EV use,Primary EV use,correct
MIT,b3c35,997,88.51965791011878,88.79063,Primary EV use,Primary EV use,correct
MIT,b3c35,998,88.45948159346399,88.68321,Primary EV use,Primary EV use,correct
MIT,b3c35,999,88.40119286634042,88.70325,Primary EV use,Primary EV use,correct
MIT,b3c35,1000,88.33957641663689,88.64329,Primary EV use,Primary EV use,correct
MIT,b3c35,1001,88.28206133801146,88.54306,Primary EV use,Primary EV use,correct
MIT,b3c35,1002,88.22282035581063,88.534805,Primary EV use,Primary EV use,correct
MIT,b3c35,1003,88.15671524076262,88.25986,Primary EV use,Primary EV use,correct
MIT,b3c35,1004,88.1033297342541,88.15572,Primary EV use,Primary EV use,correct
MIT,b3c35,1005,88.02841649475,88.21548,Primary EV use,Primary EV use,correct
MIT,b3c35,1006,87.96975269381024,88.25905,Primary EV use,Primary EV use,correct
MIT,b3c35,1007,87.9071557879906,88.2004,Primary EV use,Primary EV use,correct
MIT,b3c35,1008,87.85676805190796,88.07862,Primary EV use,Primary EV use,correct
MIT,b3c35,1009,87.79094870738659,88.09451,Primary EV use,Primary EV use,correct
MIT,b3c35,1010,87.7340831926885,88.097664,Primary EV use,Primary EV use,correct
MIT,b3c35,1011,87.66977730391677,88.07425,Primary EV use,Primary EV use,correct
MIT,b3c35,1012,87.61083901286588,88.116356,Primary EV use,Primary EV use,correct
MIT,b3c35,1013,87.54352407325277,87.92932,Primary EV use,Primary EV use,correct
MIT,b3c35,1014,87.48522406571368,87.893425,Primary EV use,Primary EV use,correct
MIT,b3c35,1015,87.42289600979743,87.95403,Primary EV use,Primary EV use,correct
MIT,b3c35,1016,87.36185674135494,87.890434,Primary EV use,Primary EV use,correct
MIT,b3c35,1017,87.30150651829412,87.88603,Primary EV use,Primary EV use,correct
MIT,b3c35,1018,87.23771012829029,87.897644,Primary EV use,Primary EV use,correct
MIT,b3c35,1019,87.1770901152915,87.857025,Primary EV use,Primary EV use,correct
MIT,b3c35,1020,87.11789425475277,87.90539,Primary EV use,Primary EV use,correct
MIT,b3c35,1021,87.05780724138755,87.504654,Primary EV use,Primary EV use,correct
MIT,b3c35,1022,86.99780389110414,87.52776,Primary EV use,Primary EV use,correct
MIT,b3c35,1023,86.9356046199318,87.41176,Primary EV use,Primary EV use,correct
MIT,b3c35,1024,86.87563041072181,87.5103,Primary EV use,Primary EV use,correct
MIT,b3c35,1025,86.82013170637154,87.43781,Primary EV use,Primary EV use,correct
MIT,b3c35,1026,86.76094712624834,87.29329,Primary EV use,Primary EV use,correct
MIT,b3c35,1027,86.69711689499795,87.25882,Primary EV use,Primary EV use,correct
MIT,b3c35,1028,86.64283459545517,87.18063,Primary EV use,Primary EV use,correct
MIT,b3c35,1029,86.58292148849596,86.9075,Primary EV use,Primary EV use,correct
MIT,b3c35,1030,86.51378006160236,87.11393,Primary EV use,Primary EV use,correct
MIT,b3c35,1031,86.45778313889971,86.946075,Primary EV use,Primary EV use,correct
MIT,b3c35,1032,86.39434020191568,86.966255,Primary EV use,Primary EV use,correct
MIT,b3c35,1033,86.3406125228029,86.622025,Primary EV use,Primary EV use,correct
MIT,b3c35,1034,86.27839633100726,86.84261,Primary EV use,Primary EV use,correct
MIT,b3c35,1035,86.21222447350071,86.586494,Primary EV use,Primary EV use,correct
MIT,b3c35,1036,86.1512575877245,86.536804,Primary EV use,Primary EV use,correct
MIT,b3c35,1037,86.09819075295458,86.57975,Primary EV use,Primary EV use,correct
MIT,b3c35,1038,86.03734795174915,86.52201,Primary EV use,Primary EV use,correct
MIT,b3c35,1039,85.97252598396715,86.50404,Primary EV use,Primary EV use,correct
MIT,b3c35,1040,85.91106652004635,86.50457,Primary EV use,Primary EV use,correct
MIT,b3c35,1041,85.84945477051593,86.283424,Primary EV use,Primary EV use,correct
MIT,b3c35,1042,85.79297090987644,86.35239,Primary EV use,Primary EV use,correct
MIT,b3c35,1043,85.73723155666163,86.32718,Primary EV use,Primary EV use,correct
MIT,b3c35,1044,85.67469575309276,86.32999,Primary EV use,Primary EV use,correct
MIT,b3c35,1045,85.61932677352104,86.01484,Primary EV use,Primary EV use,correct
MIT,b3c35,1046,85.54748462714373,85.95836,Primary EV use,Primary EV use,correct
MIT,b3c35,1047,85.49121321432997,85.95153,Primary EV use,Primary EV use,correct
MIT,b3c35,1048,85.42746194598826,85.9393,Primary EV use,Primary EV use,correct
MIT,b3c35,1049,85.3666915274491,86.05166,Primary EV use,Primary EV use,correct
MIT,b3c35,1050,85.30910876633052,85.72921,Primary EV use,Primary EV use,correct
MIT,b3c35,1051,85.24574949242832,85.65199,Primary EV use,Primary EV use,correct
MIT,b3c35,1052,85.19109775927707,85.65867,Primary EV use,Primary EV use,correct
MIT,b3c35,1053,85.12992876605603,85.68175,Primary EV use,Primary EV use,correct
MIT,b3c35,1054,85.07195401049795,85.7513,Primary EV use,Primary EV use,correct
MIT,b3c35,1055,85.01086398018558,85.62288,Primary EV use,Primary EV use,correct
MIT,b3c35,1056,84.94797566363155,85.78091,Primary EV use,Primary EV use,correct
MIT,b3c35,1057,84.88778242635347,85.6257,Primary EV use,Primary EV use,correct
MIT,b3c35,1058,84.83003139903661,85.50901,Primary EV use,Primary EV use,correct
MIT,b3c35,1059,84.77151894367182,85.33258,Primary EV use,Primary EV use,correct
MIT,b3c35,1060,84.70484886781291,85.477486,Primary EV use,Primary EV use,correct
MIT,b3c35,1061,84.6431365345774,85.52142,Primary EV use,Primary EV use,correct
MIT,b3c35,1062,84.57061098302617,85.37863,Primary EV use,Primary EV use,correct
MIT,b3c35,1063,84.52027306877878,85.33491,Primary EV use,Primary EV use,correct
MIT,b3c35,1064,84.45586659630196,85.05033,Primary EV use,Primary EV use,correct
MIT,b3c35,1065,84.39548817220232,85.06255,Primary EV use,Primary EV use,correct
MIT,b3c35,1066,84.32710253314892,85.10819,Primary EV use,Primary EV use,correct
MIT,b3c35,1067,84.26260581734789,85.02928,Primary EV use,Primary EV use,correct
MIT,b3c35,1068,84.2046761834519,84.76326,Primary EV use,Primary EV use,correct
MIT,b3c35,1069,84.14098601736094,84.714195,Primary EV use,Primary EV use,correct
MIT,b3c35,1070,84.07654006342979,84.683044,Primary EV use,Primary EV use,correct
MIT,b3c35,1071,84.0146378431996,84.699875,Primary EV use,Primary EV use,correct
MIT,b3c35,1072,83.95135659217144,84.67001,Primary EV use,Primary EV use,correct
MIT,b3c35,1073,83.88356035482923,84.60521,Primary EV use,Primary EV use,correct
MIT,b3c35,1074,83.81984198769946,84.6501,Primary EV use,Primary EV use,correct
MIT,b3c35,1075,83.75745282953243,84.39545,Primary EV use,Primary EV use,correct
MIT,b3c35,1076,83.69600934620028,84.43254,Primary EV use,Primary EV use,correct
MIT,b3c35,1077,83.62725991374619,84.37249,Primary EV use,Primary EV use,correct
MIT,b3c35,1078,83.57436228520915,84.12849,Primary EV use,Primary EV use,correct
MIT,b3c35,1079,83.5032364452177,84.2707,Primary EV use,Primary EV use,correct
MIT,b3c35,1080,83.43782695579375,84.024155,Primary EV use,Primary EV use,correct
MIT,b3c35,1081,83.36867424848464,84.05785,Primary EV use,Primary EV use,correct
MIT,b3c35,1082,83.30696755545688,84.11103,Primary EV use,Primary EV use,correct
MIT,b3c35,1083,83.24911688446957,84.11124,Primary EV use,Primary EV use,correct
MIT,b3c35,1084,83.18274291951818,84.11424,Primary EV use,Primary EV use,correct
MIT,b3c35,1085,83.11703073894431,84.025024,Primary EV use,Primary EV use,correct
MIT,b3c35,1086,83.05073479686699,83.81212,Primary EV use,Primary EV use,correct
MIT,b3c35,1087,82.98561107796968,83.84614,Primary EV use,Primary EV use,correct
MIT,b3c35,1088,82.91798780699887,83.79849,Primary EV use,Primary EV use,correct
MIT,b3c35,1089,82.85286878827469,83.42556,Primary EV use,Primary EV use,correct
MIT,b3c35,1090,82.79362310590072,83.67904,Primary EV use,Primary EV use,correct
MIT,b3c35,1091,82.73407943254998,83.36815,Primary EV use,Primary EV use,correct
MIT,b4c38,1,99.9342382231941,100.07207,Primary EV use,Primary EV use,correct
MIT,b4c38,2,100.0,100.11588,Primary EV use,Primary EV use,correct
MIT,b4c38,3,100.04591701013076,100.13666,Primary EV use,Primary EV use,correct
MIT,b4c38,4,100.06686741380639,100.23144,Primary EV use,Primary EV use,correct
MIT,b4c38,5,100.09816544581977,100.228615,Primary EV use,Primary EV use,correct
MIT,b4c38,6,100.12059003216271,100.255714,Primary EV use,Primary EV use,correct
MIT,b4c38,7,100.13911181439283,100.255295,Primary EV use,Primary EV use,correct
MIT,b4c38,8,100.16976725396151,100.166985,Primary EV use,Primary EV use,correct
MIT,b4c38,9,100.17760121185376,100.15987,Primary EV use,Primary EV use,correct
MIT,b4c38,10,100.18205210952233,100.269844,Primary EV use,Primary EV use,correct
MIT,b4c38,11,100.18427283341218,100.24821,Primary EV use,Primary EV use,correct
MIT,b4c38,12,100.18012433218817,100.23898,Primary EV use,Primary EV use,correct
MIT,b4c38,13,100.20662182064395,100.229996,Primary EV use,Primary EV use,correct
MIT,b4c38,14,100.20526103664338,100.24128,Primary EV use,Primary EV use,correct
MIT,b4c38,15,100.20785030620003,100.24499,Primary EV use,Primary EV use,correct
MIT,b4c38,16,100.20888979397826,100.26023,Primary EV use,Primary EV use,correct
MIT,b4c38,17,100.2090976915339,100.25149,Primary EV use,Primary EV use,correct
MIT,b4c38,18,100.22784627109746,100.26095,Primary EV use,Primary EV use,correct
MIT,b4c38,19,100.22022021076089,100.276405,Primary EV use,Primary EV use,correct
MIT,b4c38,20,100.2247467075406,100.2629,Primary EV use,Primary EV use,correct
MIT,b4c38,21,100.23134272998786,100.239426,Primary EV use,Primary EV use,correct
MIT,b4c38,22,100.24028232488055,100.20596,Primary EV use,Primary EV use,correct
MIT,b4c38,23,100.25463670610894,100.212036,Primary EV use,Primary EV use,correct
MIT,b4c38,24,100.24878722488421,100.21373,Primary EV use,Primary EV use,correct
MIT,b4c38,25,100.26017434100021,100.13541,Primary EV use,Primary EV use,correct
MIT,b4c38,26,100.2540224633309,100.184326,Primary EV use,Primary EV use,correct
MIT,b4c38,27,100.24632080388317,100.180504,Primary EV use,Primary EV use,correct
MIT,b4c38,28,100.25114024721856,100.18112,Primary EV use,Primary EV use,correct
MIT,b4c38,29,100.25410751233095,100.139946,Primary EV use,Primary EV use,correct
MIT,b4c38,30,100.25237818266352,100.17482,Primary EV use,Primary EV use,correct
MIT,b4c38,31,100.24671769921665,100.17685,Primary EV use,Primary EV use,correct
MIT,b4c38,32,100.24006497743602,100.151596,Primary EV use,Primary EV use,correct
MIT,b4c38,33,100.24328738954853,100.206055,Primary EV use,Primary EV use,correct
MIT,b4c38,34,100.24415677932667,100.24184,Primary EV use,Primary EV use,correct
MIT,b4c38,35,100.24818243199508,100.25465,Primary EV use,Primary EV use,correct
MIT,b4c38,36,100.23922393732457,100.237076,Primary EV use,Primary EV use,correct
MIT,b4c38,37,100.23355400398881,100.23619,Primary EV use,Primary EV use,correct
MIT,b4c38,38,100.23818444954635,100.23996,Primary EV use,Primary EV use,correct
MIT,b4c38,39,100.23213652065486,100.261536,Primary EV use,Primary EV use,correct
MIT,b4c38,40,100.22245038453963,100.249344,Primary EV use,Primary EV use,correct
MIT,b4c38,41,100.21856648020461,100.25818,Primary EV use,Primary EV use,correct
MIT,b4c38,42,100.21864207931574,100.24159,Primary EV use,Primary EV use,correct
MIT,b4c38,43,100.2279407699864,100.24103,Primary EV use,Primary EV use,correct
MIT,b4c38,44,100.22973624887605,100.21786,Primary EV use,Primary EV use,correct
MIT,b4c38,45,100.22279058053975,100.25887,Primary EV use,Primary EV use,correct
MIT,b4c38,46,100.21442742886953,100.24445,Primary EV use,Primary EV use,correct
MIT,b4c38,47,100.20322931053138,100.26472,Primary EV use,Primary EV use,correct
MIT,b4c38,48,100.21172476064612,100.244064,Primary EV use,Primary EV use,correct
MIT,b4c38,49,100.21560866498113,100.262794,Primary EV use,Primary EV use,correct
MIT,b4c38,50,100.20649897208833,100.26506,Primary EV use,Primary EV use,correct
MIT,b4c38,51,100.21511727075871,100.261665,Primary EV use,Primary EV use,correct
MIT,b4c38,52,100.21291544664666,100.166794,Primary EV use,Primary EV use,correct
MIT,b4c38,53,100.22711862965272,100.16527,Primary EV use,Primary EV use,correct
MIT,b4c38,54,100.22698633120821,100.12561,Primary EV use,Primary EV use,correct
MIT,b4c38,55,100.23713551187923,100.131195,Primary EV use,Primary EV use,correct
MIT,b4c38,56,100.2365118192123,100.14552,Primary EV use,Primary EV use,correct
MIT,b4c38,57,100.23574637821197,100.1289,Primary EV use,Primary EV use,correct
MIT,b4c38,58,100.22871566087561,100.12866,Primary EV use,Primary EV use,correct
MIT,b4c38,59,100.23090803509878,100.11663,Primary EV use,Primary EV use,correct
MIT,b4c38,60,100.2362472223233,100.120766,Primary EV use,Primary EV use,correct
MIT,b4c38,61,100.23348785476655,100.12736,Primary EV use,Primary EV use,correct
MIT,b4c38,62,100.23265626454399,100.16477,Primary EV use,Primary EV use,correct
MIT,b4c38,63,100.23560462987857,100.150475,Primary EV use,Primary EV use,correct
MIT,b4c38,64,100.22890465865348,100.14242,Primary EV use,Primary EV use,correct
MIT,b4c38,65,100.23095528454324,100.16104,Primary EV use,Primary EV use,correct
MIT,b4c38,66,100.22685403276373,100.1008,Primary EV use,Primary EV use,correct
MIT,b4c38,67,100.23200422221036,100.140465,Primary EV use,Primary EV use,correct
MIT,b4c38,68,100.22188339120603,100.162155,Primary EV use,Primary EV use,correct
MIT,b4c38,69,100.21718679642623,100.19402,Primary EV use,Primary EV use,correct
MIT,b4c38,70,100.211913758424,100.20277,Primary EV use,Primary EV use,correct
MIT,b4c38,71,100.20397585175394,100.171265,Primary EV use,Primary EV use,correct
MIT,b4c38,72,100.19319352852712,100.205574,Primary EV use,Primary EV use,correct
MIT,b4c38,73,100.19112400285954,100.22304,Primary EV use,Primary EV use,correct
MIT,b4c38,74,100.19748377808449,100.236275,Primary EV use,Primary EV use,correct
MIT,b4c38,75,100.18765589363585,100.23907,Primary EV use,Primary EV use,correct
MIT,b4c38,76,100.18271360174482,100.24318,Primary EV use,Primary EV use,correct
MIT,b4c38,77,100.1807480248551,100.235275,Primary EV use,Primary EV use,correct
MIT,b4c38,78,100.17273451907388,100.23859,Primary EV use,Primary EV use,correct
MIT,b4c38,79,100.17747836329815,100.23648,Primary EV use,Primary EV use,correct
MIT,b4c38,80,100.17208247674027,100.18168,Primary EV use,Primary EV use,correct
MIT,b4c38,81,100.16293498429194,100.20135,Primary EV use,Primary EV use,correct
MIT,b4c38,82,100.16077095973546,100.20139,Primary EV use,Primary EV use,correct
MIT,b4c38,83,100.15636731151135,100.2003,Primary EV use,Primary EV use,correct
MIT,b4c38,84,100.15124547173137,100.16963,Primary EV use,Primary EV use,correct
MIT,b4c38,85,100.15529947406645,100.15054,Primary EV use,Primary EV use,correct
MIT,b4c38,86,100.17417090218564,100.06434,Primary EV use,Primary EV use,correct
MIT,b4c38,87,100.16926640985018,100.09868,Primary EV use,Primary EV use,correct
MIT,b4c38,88,100.16739533184938,100.09145,Primary EV use,Primary EV use,correct
MIT,b4c38,89,100.16796232518297,100.063965,Primary EV use,Primary EV use,correct
MIT,b4c38,90,100.16974835418372,100.1422,Primary EV use,Primary EV use,correct
MIT,b4c38,91,100.17481349463033,100.0988,Primary EV use,Primary EV use,correct
MIT,b4c38,92,100.1623207415139,100.065735,Primary EV use,Primary EV use,correct
MIT,b4c38,93,100.16165924929139,100.105446,Primary EV use,Primary EV use,correct
MIT,b4c38,94,100.15123602184248,100.00897,Primary EV use,Primary EV use,correct
MIT,b4c38,95,100.14781516206324,100.104385,Primary EV use,Primary EV use,correct
MIT,b4c38,96,100.15259680584305,100.07411,Primary EV use,Primary EV use,correct
MIT,b4c38,97,100.14885464984144,100.11876,Primary EV use,Primary EV use,correct
MIT,b4c38,98,100.14003790350436,100.078285,Primary EV use,Primary EV use,correct
MIT,b4c38,99,100.13957485894862,100.09941,Primary EV use,Primary EV use,correct
MIT,b4c38,100,100.13587995239146,100.05982,Primary EV use,Primary EV use,correct
MIT,b4c38,101,100.14355326217253,100.01362,Primary EV use,Primary EV use,correct
MIT,b4c38,102,100.14326976550574,100.054344,Primary EV use,Primary EV use,correct
MIT,b4c38,103,100.13278038883459,100.05922,Primary EV use,Primary EV use,correct
MIT,b4c38,104,100.12430383849764,100.06362,Primary EV use,Primary EV use,correct
MIT,b4c38,105,100.11988129049574,100.03674,Primary EV use,Primary EV use,correct
MIT,b4c38,106,100.11731092071685,100.11864,Primary EV use,Primary EV use,correct
MIT,b4c38,107,100.11895520138422,100.08299,Primary EV use,Primary EV use,correct
MIT,b4c38,108,100.11186778471455,100.16238,Primary EV use,Primary EV use,correct
MIT,b4c38,109,100.0989497865979,100.13039,Primary EV use,Primary EV use,correct
MIT,b4c38,110,100.09165447237254,100.088036,Primary EV use,Primary EV use,correct
MIT,b4c38,111,100.09693696026369,100.12282,Primary EV use,Primary EV use,correct
MIT,b4c38,112,100.08948099792715,100.12543,Primary EV use,Primary EV use,correct
MIT,b4c38,113,100.0787553740337,100.12249,Primary EV use,Primary EV use,correct
MIT,b4c38,114,100.06895583925173,100.09217,Primary EV use,Primary EV use,correct
MIT,b4c38,115,100.07392648080939,100.0829,Primary EV use,Primary EV use,correct
MIT,b4c38,116,100.08464265481398,99.9798,Primary EV use,Primary EV use,correct
MIT,b4c38,117,100.09731495581941,100.04969,Primary EV use,Primary EV use,correct
MIT,b4c38,118,100.09785359948633,100.02286,Primary EV use,Primary EV use,correct
MIT,b4c38,119,100.10474256848927,100.03696,Primary EV use,Primary EV use,correct
MIT,b4c38,120,100.10197375104364,100.06027,Primary EV use,Primary EV use,correct
MIT,b4c38,121,100.09372399804009,100.06295,Primary EV use,Primary EV use,correct
MIT,b4c38,122,100.10186035237692,100.06362,Primary EV use,Primary EV use,correct
MIT,b4c38,123,100.09795754826413,100.086136,Primary EV use,Primary EV use,correct
MIT,b4c38,124,100.09298690670644,99.95305,Primary EV use,Primary EV use,correct
MIT,b4c38,125,100.0800972582565,100.0871,Primary EV use,Primary EV use,correct
MIT,b4c38,126,100.0801256079232,100.01778,Primary EV use,Primary EV use,correct
MIT,b4c38,127,100.08394336303593,100.03499,Primary EV use,Primary EV use,correct
MIT,b4c38,128,100.0792845678117,99.9776,Primary EV use,Primary EV use,correct
MIT,b4c38,129,100.05497000369019,100.022156,Primary EV use,Primary EV use,correct
MIT,b4c38,130,100.07178135603073,99.958824,Primary EV use,Primary EV use,correct
MIT,b4c38,131,100.05707732891331,99.96038,Primary EV use,Primary EV use,correct
MIT,b4c38,132,100.0520121884667,100.00116,Primary EV use,Primary EV use,correct
MIT,b4c38,133,100.05988394591452,100.03966,Primary EV use,Primary EV use,correct
MIT,b4c38,134,100.05016946013257,99.98197,Primary EV use,Primary EV use,correct
MIT,b4c38,135,100.04703209702012,99.909424,Primary EV use,Primary EV use,correct
MIT,b4c38,136,100.04715494557573,100.03786,Primary EV use,Primary EV use,correct
MIT,b4c38,137,100.04562406357509,99.992195,Primary EV use,Primary EV use,correct
MIT,b4c38,138,100.03585287845979,99.991066,Primary EV use,Primary EV use,correct
MIT,b4c38,139,100.03646712123783,99.96594,Primary EV use,Primary EV use,correct
MIT,b4c38,140,100.02949310323486,99.95675,Primary EV use,Primary EV use,correct
MIT,b4c38,141,100.0239649182325,99.96283,Primary EV use,Primary EV use,correct
MIT,b4c38,142,100.01758624322976,99.90552,Primary EV use,Primary EV use,correct
MIT,b4c38,143,100.01791698934102,99.915634,Primary EV use,Primary EV use,correct
MIT,b4c38,144,100.01098077089358,100.003,Primary EV use,Primary EV use,correct
MIT,b4c38,145,100.01706649934063,99.952385,Primary EV use,Primary EV use,correct
MIT,b4c38,146,100.00481944333539,99.9646,Primary EV use,Primary EV use,correct
MIT,b4c38,147,100.00134188422281,99.97075,Primary EV use,Primary EV use,correct
MIT,b4c38,148,100.00014174833338,99.93831,Primary EV use,Primary EV use,correct
MIT,b4c38,149,100.00128518488947,99.93222,Primary EV use,Primary EV use,correct
MIT,b4c38,150,100.0113682163382,99.953514,Primary EV use,Primary EV use,correct
MIT,b4c38,151,99.99982990199993,99.84977,Primary EV use,Primary EV use,correct
MIT,b4c38,152,100.01584746367345,99.98394,Primary EV use,Primary EV use,correct
MIT,b4c38,153,100.00610462822486,99.96002,Primary EV use,Primary EV use,correct
MIT,b4c38,154,99.99885656344397,99.942474,Primary EV use,Primary EV use,correct
MIT,b4c38,155,99.98750724688355,99.94398,Primary EV use,Primary EV use,correct
MIT,b4c38,156,99.99488761010895,99.952805,Primary EV use,Primary EV use,correct
MIT,b4c38,157,99.98436043388222,99.96231,Primary EV use,Primary EV use,correct
MIT,b4c38,158,99.98337764543734,99.94586,Primary EV use,Primary EV use,correct
MIT,b4c38,159,99.98043872999165,99.846436,Primary EV use,Primary EV use,correct
MIT,b4c38,160,99.96483696342942,99.91479,Primary EV use,Primary EV use,correct
MIT,b4c38,161,99.96435501909586,99.92734,Primary EV use,Primary EV use,correct
MIT,b4c38,162,99.96621664720777,99.9678,Primary EV use,Primary EV use,correct
MIT,b4c38,163,99.96600874965212,99.92956,Primary EV use,Primary EV use,correct
MIT,b4c38,164,99.96287138653969,99.87785,Primary EV use,Primary EV use,correct
MIT,b4c38,165,99.95405464020259,99.88553,Primary EV use,Primary EV use,correct
MIT,b4c38,166,99.96026321720522,99.969185,Primary EV use,Primary EV use,correct
MIT,b4c38,167,99.95295845309099,99.87968,Primary EV use,Primary EV use,correct
MIT,b4c38,168,99.94711842175516,99.84798,Primary EV use,Primary EV use,correct
MIT,b4c38,169,99.93414372430517,99.86062,Primary EV use,Primary EV use,correct
MIT,b4c38,170,99.9239472941897,99.83411,Primary EV use,Primary EV use,correct
MIT,b4c38,171,99.94126894053045,99.92728,Primary EV use,Primary EV use,correct
MIT,b4c38,172,99.93197024985979,99.85494,Primary EV use,Primary EV use,correct
MIT,b4c38,173,99.92879508719177,99.88445,Primary EV use,Primary EV use,correct
MIT,b4c38,174,99.92085718052172,99.897026,Primary EV use,Primary EV use,correct
MIT,b4c38,175,99.92810524530259,99.88111,Primary EV use,Primary EV use,correct
MIT,b4c38,176,99.91715282407569,99.815674,Primary EV use,Primary EV use,correct
MIT,b4c38,177,99.91869315596523,99.80699,Primary EV use,Primary EV use,correct
MIT,b4c38,178,99.90473567007037,99.84498,Primary EV use,Primary EV use,correct
MIT,b4c38,179,99.89355645151002,99.85954,Primary EV use,Primary EV use,correct
MIT,b4c38,180,99.8956070773998,99.83395,Primary EV use,Primary EV use,correct
MIT,b4c38,181,99.88593984106232,99.830536,Primary EV use,Primary EV use,correct
MIT,b4c38,182,99.87937216828175,99.87851,Primary EV use,Primary EV use,correct
MIT,b4c38,183,99.871405911945,99.82259,Primary EV use,Primary EV use,correct
MIT,b4c38,184,99.87949501683737,99.80464,Primary EV use,Primary EV use,correct
MIT,b4c38,185,99.86626517238724,99.7724,Primary EV use,Primary EV use,correct
MIT,b4c38,186,99.87362663583484,99.82778,Primary EV use,Primary EV use,correct
MIT,b4c38,187,99.86600057549823,99.7881,Primary EV use,Primary EV use,correct
MIT,b4c38,188,99.86630297194282,99.77084,Primary EV use,Primary EV use,correct
MIT,b4c38,189,99.86162527694083,99.819275,Primary EV use,Primary EV use,correct
MIT,b4c38,190,99.86264586494124,99.86013,Primary EV use,Primary EV use,correct
MIT,b4c38,191,99.85224153727013,99.72758,Primary EV use,Primary EV use,correct
MIT,b4c38,192,99.84996411404693,99.80247,Primary EV use,Primary EV use,correct
MIT,b4c38,193,99.84728979549024,99.8516,Primary EV use,Primary EV use,correct
MIT,b4c38,194,99.84299954593284,99.769936,Primary EV use,Primary EV use,correct
MIT,b4c38,195,99.84149701359888,99.74636,Primary EV use,Primary EV use,correct
MIT,b4c38,196,99.82767182614852,99.848785,Primary EV use,Primary EV use,correct
MIT,b4c38,197,99.83094148770547,99.7628,Primary EV use,Primary EV use,correct
MIT,b4c38,198,99.82713318248162,99.72821,Primary EV use,Primary EV use,correct
MIT,b4c38,199,99.83668702015237,99.75967,Primary EV use,Primary EV use,correct
MIT,b4c38,200,99.83076193981651,99.79061,Primary EV use,Primary EV use,correct
MIT,b4c38,201,99.83227392203936,99.789986,Primary EV use,Primary EV use,correct
MIT,b4c38,202,99.83064854114978,99.78356,Primary EV use,Primary EV use,correct
MIT,b4c38,203,99.825687349481,99.814026,Primary EV use,Primary EV use,correct
MIT,b4c38,204,99.83268026726176,99.77627,Primary EV use,Primary EV use,correct
MIT,b4c38,205,99.82138765003471,99.74509,Primary EV use,Primary EV use,correct
MIT,b4c38,206,99.81756989492197,99.71665,Primary EV use,Primary EV use,correct
MIT,b4c38,207,99.81737144725521,99.75337,Primary EV use,Primary EV use,correct
MIT,b4c38,208,99.82072615781222,99.75251,Primary EV use,Primary EV use,correct
MIT,b4c38,209,99.80542678769456,99.73988,Primary EV use,Primary EV use,correct
MIT,b4c38,210,99.7992276605808,99.70059,Primary EV use,Primary EV use,correct
MIT,b4c38,211,99.79370892546733,99.664566,Primary EV use,Primary EV use,correct
MIT,b4c38,212,99.79118580513291,99.69916,Primary EV use,Primary EV use,correct
MIT,b4c38,213,99.79285843546694,99.76373,Primary EV use,Primary EV use,correct
MIT,b4c38,214,99.78770824602032,99.751945,Primary EV use,Primary EV use,correct
MIT,b4c38,215,99.78149966901765,99.827484,Primary EV use,Primary EV use,correct
MIT,b4c38,216,99.77920334601666,99.78525,Primary EV use,Primary EV use,correct
MIT,b4c38,217,99.76119185778674,99.70728,Primary EV use,Primary EV use,correct
MIT,b4c38,218,99.76673894256689,99.703835,Primary EV use,Primary EV use,correct
MIT,b4c38,219,99.76514191134397,99.62,Primary EV use,Primary EV use,correct
MIT,b4c38,220,99.75324450122778,99.67138,Primary EV use,Primary EV use,correct
MIT,b4c38,221,99.74966299333737,99.665375,Primary EV use,Primary EV use,correct
MIT,b4c38,222,99.75438793778383,99.7861,Primary EV use,Primary EV use,correct
MIT,b4c38,223,99.75159077067153,99.68192,Primary EV use,Primary EV use,correct
MIT,b4c38,224,99.74457895311298,99.71221,Primary EV use,Primary EV use,correct
MIT,b4c38,225,99.74554284178005,99.76691,Primary EV use,Primary EV use,correct
MIT,b4c38,226,99.74151718911166,99.627266,Primary EV use,Primary EV use,correct
MIT,b4c38,227,99.74169673700062,99.66383,Primary EV use,Primary EV use,correct
MIT,b4c38,228,99.7247436363267,99.74706,Primary EV use,Primary EV use,correct
MIT,b4c38,229,99.71433930865558,99.739296,Primary EV use,Primary EV use,correct
MIT,b4c38,230,99.71624818621197,99.66055,Primary EV use,Primary EV use,correct
MIT,b4c38,231,99.69987152876053,99.71938,Primary EV use,Primary EV use,correct
MIT,b4c38,232,99.70278209453953,99.71434,Primary EV use,Primary EV use,correct
MIT,b4c38,233,99.70378378276219,99.65598,Primary EV use,Primary EV use,correct
MIT,b4c38,234,99.70728024165257,99.636696,Primary EV use,Primary EV use,correct
MIT,b4c38,235,99.70361368476212,99.61174,Primary EV use,Primary EV use,correct
MIT,b4c38,236,99.70041962231629,99.63377,Primary EV use,Primary EV use,correct
MIT,b4c38,237,99.68725592708844,99.65002,Primary EV use,Primary EV use,correct
MIT,b4c38,238,99.68338147264235,99.657646,Primary EV use,Primary EV use,correct
MIT,b4c38,239,99.68753942375524,99.60726,Primary EV use,Primary EV use,correct
MIT,b4c38,240,99.68675508297713,99.757065,Primary EV use,Primary EV use,correct
MIT,b4c38,241,99.68205848819733,99.585106,Primary EV use,Primary EV use,correct
MIT,b4c38,242,99.67464032541639,99.76373,Primary EV use,Primary EV use,correct
MIT,b4c38,243,99.66965078408091,99.59826,Primary EV use,Primary EV use,correct
MIT,b4c38,244,99.65833926707607,99.59898,Primary EV use,Primary EV use,correct
MIT,b4c38,245,99.65457821129668,99.54626,Primary EV use,Primary EV use,correct
MIT,b4c38,246,99.65153534707318,99.62955,Primary EV use,Primary EV use,correct
MIT,b4c38,247,99.64607331129307,99.59481,Primary EV use,Primary EV use,correct
MIT,b4c38,248,99.64445738029237,99.53009,Primary EV use,Primary EV use,correct
MIT,b4c38,249,99.64687655184893,99.53905,Primary EV use,Primary EV use,correct
MIT,b4c38,250,99.6349129925105,99.56717,Primary EV use,Primary EV use,correct
MIT,b4c38,251,99.63922214184568,99.46577,Primary EV use,Primary EV use,correct
MIT,b4c38,252,99.6222123418384,99.58183,Primary EV use,Primary EV use,correct
MIT,b4c38,253,99.6100408849443,99.539375,Primary EV use,Primary EV use,correct
MIT,b4c38,254,99.61108037272251,99.52538,Primary EV use,Primary EV use,correct
MIT,b4c38,255,99.6077445619433,99.65083,Primary EV use,Primary EV use,correct
MIT,b4c38,256,99.60832100516579,99.5645,Primary EV use,Primary EV use,correct
MIT,b4c38,257,99.6077634617211,99.51042,Primary EV use,Primary EV use,correct
MIT,b4c38,258,99.59817182449478,99.50572,Primary EV use,Primary EV use,correct
MIT,b4c38,259,99.60981408761089,99.63957,Primary EV use,Primary EV use,correct
MIT,b4c38,260,99.59336183104827,99.47014,Primary EV use,Primary EV use,correct
MIT,b4c38,261,99.59678269082751,99.54434,Primary EV use,Primary EV use,correct
MIT,b4c38,262,99.59500611171566,99.46727,Primary EV use,Primary EV use,correct
MIT,b4c38,263,99.5859625680451,99.589874,Primary EV use,Primary EV use,correct
MIT,b4c38,264,99.57959334293129,99.51096,Primary EV use,Primary EV use,correct
MIT,b4c38,265,99.56944416226027,99.60296,Primary EV use,Primary EV use,correct
MIT,b4c38,266,99.56991665670493,99.59895,Primary EV use,Primary EV use,correct
MIT,b4c38,267,99.56862202192659,99.63744,Primary EV use,Primary EV use,correct
MIT,b4c38,268,99.56486096614718,99.56769,Primary EV use,Primary EV use,correct
MIT,b4c38,269,99.57203343181693,99.65297,Primary EV use,Primary EV use,correct
MIT,b4c38,270,99.5607030150343,99.46532,Primary EV use,Primary EV use,correct
MIT,b4c38,271,99.55800034681093,99.48578,Primary EV use,Primary EV use,correct
MIT,b4c38,272,99.54759601913982,99.54052,Primary EV use,Primary EV use,correct
MIT,b4c38,273,99.54195443547074,99.59191,Primary EV use,Primary EV use,correct
MIT,b4c38,274,99.5496182953629,99.44884,Primary EV use,Primary EV use,correct
MIT,b4c38,275,99.54860715725137,99.55078,Primary EV use,Primary EV use,correct
MIT,b4c38,276,99.5367664464685,99.42194,Primary EV use,Primary EV use,correct
MIT,b4c38,277,99.53122881157725,99.447395,Primary EV use,Primary EV use,correct
MIT,b4c38,278,99.53486701880104,99.45288,Primary EV use,Primary EV use,correct
MIT,b4c38,279,99.52010629235029,99.40271,Primary EV use,Primary EV use,correct
MIT,b4c38,280,99.51783831901596,99.45342,Primary EV use,Primary EV use,correct
MIT,b4c38,281,99.50819943234518,99.53963,Primary EV use,Primary EV use,correct
MIT,b4c38,282,99.50636615389995,99.43889,Primary EV use,Primary EV use,correct
MIT,b4c38,283,99.50380523400996,99.48896,Primary EV use,Primary EV use,correct
MIT,b4c38,284,99.4960279754511,99.61445,Primary EV use,Primary EV use,correct
MIT,b4c38,285,99.4831950263345,99.449066,Primary EV use,Primary EV use,correct
MIT,b4c38,286,99.48604889278015,99.38517,Primary EV use,Primary EV use,correct
MIT,b4c38,287,99.47783693933219,99.39079,Primary EV use,Primary EV use,correct
MIT,b4c38,288,99.47731719544308,99.47639,Primary EV use,Primary EV use,correct
MIT,b4c38,289,99.47361283899704,99.38396,Primary EV use,Primary EV use,correct
MIT,b4c38,290,99.4787819282215,99.388054,Primary EV use,Primary EV use,correct
MIT,b4c38,291,99.46762160943892,99.40018,Primary EV use,Primary EV use,correct
MIT,b4c38,292,99.4624619701034,99.35779,Primary EV use,Primary EV use,correct
MIT,b4c38,293,99.45999554910233,99.415146,Primary EV use,Primary EV use,correct
MIT,b4c38,294,99.45302153109935,99.34111,Primary EV use,Primary EV use,correct
MIT,b4c38,295,99.45699048443439,99.42019,Primary EV use,Primary EV use,correct
MIT,b4c38,296,99.43694727009247,99.44146,Primary EV use,Primary EV use,correct
MIT,b4c38,297,99.44084062431637,99.495094,Primary EV use,Primary EV use,correct
MIT,b4c38,298,99.44002793387158,99.35345,Primary EV use,Primary EV use,correct
MIT,b4c38,299,99.44168166442783,99.36263,Primary EV use,Primary EV use,correct
MIT,b4c38,300,99.42615549697675,99.33657,Primary EV use,Primary EV use,correct
MIT,b4c38,301,99.42197864608607,99.36693,Primary EV use,Primary EV use,correct
MIT,b4c38,302,99.42644844353244,99.37844,Primary EV use,Primary EV use,correct
MIT,b4c38,303,99.41958782419617,99.336136,Primary EV use,Primary EV use,correct
MIT,b4c38,304,99.41889798230699,99.44993,Primary EV use,Primary EV use,correct
MIT,b4c38,305,99.40209607985537,99.40848,Primary EV use,Primary EV use,correct
MIT,b4c38,306,99.40325841618917,99.31476,Primary EV use,Primary EV use,correct
MIT,b4c38,307,99.39944066107643,99.39825,Primary EV use,Primary EV use,correct
MIT,b4c38,308,99.39609540040833,99.3058,Primary EV use,Primary EV use,correct
MIT,b4c38,309,99.39352503062946,99.27066,Primary EV use,Primary EV use,correct
MIT,b4c38,310,99.405923284857,99.28529,Primary EV use,Primary EV use,correct
MIT,b4c38,311,99.38759995029359,99.33677,Primary EV use,Primary EV use,correct
MIT,b4c38,312,99.38940487907215,99.26455,Primary EV use,Primary EV use,correct
MIT,b4c38,313,99.37669477851114,99.34295,Primary EV use,Primary EV use,correct
MIT,b4c38,314,99.37372751339876,99.28319,Primary EV use,Primary EV use,correct
MIT,b4c38,315,99.37436065595459,99.282776,Primary EV use,Primary EV use,correct
MIT,b4c38,316,99.37175248662015,98.708725,Primary EV use,Primary EV use,correct
MIT,b4c38,317,99.37112879395322,99.34732,Primary EV use,Primary EV use,correct
MIT,b4c38,318,99.366999192507,99.245964,Primary EV use,Primary EV use,correct
MIT,b4c38,319,99.3575209539474,99.30424,Primary EV use,Primary EV use,correct
MIT,b4c38,320,99.35506398283522,99.33783,Primary EV use,Primary EV use,correct
MIT,b4c38,321,99.34385641460821,99.419586,Primary EV use,Primary EV use,correct
MIT,b4c38,322,99.35059418538889,99.24408,Primary EV use,Primary EV use,correct
MIT,b4c38,323,99.34032215616226,99.277695,Primary EV use,Primary EV use,correct
MIT,b4c38,324,99.33776123627229,99.43519,Primary EV use,Primary EV use,correct
MIT,b4c38,325,99.3376194879389,99.276215,Primary EV use,Primary EV use,correct
MIT,b4c38,326,99.3307872182693,99.324486,Primary EV use,Primary EV use,correct
MIT,b4c38,327,99.31815271681943,99.228806,Primary EV use,Primary EV use,correct
MIT,b4c38,328,99.31816216670833,99.353195,Primary EV use,Primary EV use,correct
MIT,b4c38,329,99.31404201515102,99.28816,Primary EV use,Primary EV use,correct
MIT,b4c38,330,99.31270958081711,99.341286,Primary EV use,Primary EV use,correct
MIT,b4c38,331,99.30031132658958,99.37821,Primary EV use,Primary EV use,correct
MIT,b4c38,332,99.30771058959276,99.24309,Primary EV use,Primary EV use,correct
MIT,b4c38,333,99.30226745359042,99.22296,Primary EV use,Primary EV use,correct
MIT,b4c38,334,99.30544261625845,99.35593,Primary EV use,Primary EV use,correct
MIT,b4c38,335,99.29266636647519,99.25607,Primary EV use,Primary EV use,correct
MIT,b4c38,336,99.28321647758226,99.2242,Primary EV use,Primary EV use,correct
MIT,b4c38,337,99.2800885643587,99.33128,Primary EV use,Primary EV use,correct
MIT,b4c38,338,99.27744259546868,99.19947,Primary EV use,Primary EV use,correct
MIT,b4c38,339,99.26729341479768,99.14262,Primary EV use,Primary EV use,correct
MIT,b4c38,340,99.2619164280176,99.24472,Primary EV use,Primary EV use,correct
MIT,b4c38,341,99.26522388913013,99.251366,Primary EV use,Primary EV use,correct
MIT,b4c38,342,99.26650907401957,99.13743,Primary EV use,Primary EV use,correct
MIT,b4c38,343,99.25680403812652,99.368164,Primary EV use,Primary EV use,correct
MIT,b4c38,344,99.24690055456674,99.26685,Primary EV use,Primary EV use,correct
MIT,b4c38,345,99.24010608445272,99.18823,Primary EV use,Primary EV use,correct
MIT,b4c38,346,99.23029709978186,99.22511,Primary EV use,Primary EV use,correct
MIT,b4c38,347,99.2221040461117,99.21912,Primary EV use,Primary EV use,correct
MIT,b4c38,348,99.21037673399556,99.21437,Primary EV use,Primary EV use,correct
MIT,b4c38,349,99.21308885210783,99.30746,Primary EV use,Primary EV use,correct
MIT,b4c38,350,99.20076619699145,99.20002,Primary EV use,Primary EV use,correct
MIT,b4c38,351,99.19425522354423,99.22424,Primary EV use,Primary EV use,correct
MIT,b4c38,352,99.18562747498497,99.260155,Primary EV use,Primary EV use,correct
MIT,b4c38,353,99.18704495831891,99.25735,Primary EV use,Primary EV use,correct
MIT,b4c38,354,99.18204596709455,99.217064,Primary EV use,Primary EV use,correct
MIT,b4c38,355,99.17597913842528,99.233574,Primary EV use,Primary EV use,correct
MIT,b4c38,356,99.17418365953561,99.25078,Primary EV use,Primary EV use,correct
MIT,b4c38,357,99.1739568622022,99.31118,Primary EV use,Primary EV use,correct
MIT,b4c38,358,99.17347491786866,99.32053,Primary EV use,Primary EV use,correct
MIT,b4c38,359,99.15433889286048,99.1379,Primary EV use,Primary EV use,correct
MIT,b4c38,360,99.1499163448586,99.08106,Primary EV use,Primary EV use,correct
MIT,b4c38,361,99.14432201063397,99.26585,Primary EV use,Primary EV use,correct
MIT,b4c38,362,99.13294434440688,99.267975,Primary EV use,Primary EV use,correct
MIT,b4c38,363,99.136374654075,99.2327,Primary EV use,Primary EV use,correct
MIT,b4c38,364,99.1250253375146,99.1263,Primary EV use,Primary EV use,correct
MIT,b4c38,365,99.1184954642896,99.26702,Primary EV use,Primary EV use,correct
MIT,b4c38,366,99.12664126851529,99.26692,Primary EV use,Primary EV use,correct
MIT,b4c38,367,99.11853326384517,99.170364,Primary EV use,Primary EV use,correct
MIT,b4c38,368,99.10009653061506,99.378624,Primary EV use,Primary EV use,correct
MIT,b4c38,369,99.09337765961219,99.27989,Primary EV use,Primary EV use,correct
MIT,b4c38,370,99.08458926294173,99.230316,Primary EV use,Primary EV use,correct
MIT,b4c38,371,99.08284103349656,99.25065,Primary EV use,Primary EV use,correct
MIT,b4c38,372,99.07238000649208,99.314476,Primary EV use,Primary EV use,correct
MIT,b4c38,373,99.05661759181868,99.2449,Primary EV use,Primary EV use,correct
MIT,b4c38,374,99.04291525292392,99.22629,Primary EV use,Primary EV use,correct
MIT,b4c38,375,99.04556122181394,99.20397,Primary EV use,Primary EV use,correct
MIT,b4c38,376,99.04310425070179,99.20234,Primary EV use,Primary EV use,correct
MIT,b4c38,377,99.03272827269734,99.16563,Primary EV use,Primary EV use,correct
MIT,b4c38,378,99.04330269836854,99.28579,Primary EV use,Primary EV use,correct
MIT,b4c38,379,99.04465403248022,99.173195,Primary EV use,Primary EV use,correct
MIT,b4c38,380,99.03929594547793,99.209305,Primary EV use,Primary EV use,correct
MIT,b4c38,381,99.03902189870003,99.248886,Primary EV use,Primary EV use,correct
MIT,b4c38,382,99.038672252811,99.21989,Primary EV use,Primary EV use,correct
MIT,b4c38,383,99.03360711236438,99.20326,Primary EV use,Primary EV use,correct
MIT,b4c38,384,99.02363747958233,99.06659,Primary EV use,Primary EV use,correct
MIT,b4c38,385,99.0273040364728,99.13362,Primary EV use,Primary EV use,correct
MIT,b4c38,386,99.02268304080415,99.03681,Primary EV use,Primary EV use,correct
MIT,b4c38,387,99.01431043924502,99.17367,Primary EV use,Primary EV use,correct
MIT,b4c38,388,99.01691860857946,99.1146,Primary EV use,Primary EV use,correct
MIT,b4c38,389,99.01398914302266,99.04207,Primary EV use,Primary EV use,correct
MIT,b4c38,390,99.0141875906894,99.089005,Primary EV use,Primary EV use,correct
MIT,b4c38,391,99.0163705150237,99.06355,Primary EV use,Primary EV use,correct
MIT,b4c38,392,99.01517982902317,98.984886,Primary EV use,Primary EV use,correct
MIT,b4c38,393,98.99701714257095,99.18721,Primary EV use,Primary EV use,correct
MIT,b4c38,394,98.99332223601381,99.02668,Primary EV use,Primary EV use,correct
MIT,b4c38,395,98.98201071900898,99.01833,Primary EV use,Primary EV use,correct
MIT,b4c38,396,98.98345655200959,99.09738,Primary EV use,Primary EV use,correct
MIT,b4c38,397,98.970888199782,99.10791,Primary EV use,Primary EV use,correct
MIT,b4c38,398,98.96533166511296,99.1671,Primary EV use,Primary EV use,correct
MIT,b4c38,399,98.96301644233418,99.1337,Primary EV use,Primary EV use,correct
MIT,b4c38,400,98.95771505466526,99.12373,Primary EV use,Primary EV use,correct
MIT,b4c38,401,98.95235696766296,99.02733,Primary EV use,Primary EV use,correct
MIT,b4c38,402,98.94859591188356,99.01556,Primary EV use,Primary EV use,correct
MIT,b4c38,403,98.93903262432393,99.11636,Primary EV use,Primary EV use,correct
MIT,b4c38,404,98.93720879576759,99.13607,Primary EV use,Primary EV use,correct
MIT,b4c38,405,98.93027257732018,99.032745,Primary EV use,Primary EV use,correct
MIT,b4c38,406,98.91503935642477,99.03537,Primary EV use,Primary EV use,correct
MIT,b4c38,407,98.9091331758667,99.03318,Primary EV use,Primary EV use,correct
MIT,b4c38,408,98.90846223375529,98.9667,Primary EV use,Primary EV use,correct
MIT,b4c38,409,98.89875719786225,99.1537,Primary EV use,Primary EV use,correct
MIT,b4c38,410,98.89551588597196,99.03235,Primary EV use,Primary EV use,correct
MIT,b4c38,411,98.89461814652714,99.17936,Primary EV use,Primary EV use,correct
MIT,b4c38,412,98.88716218419063,98.96669,Primary EV use,Primary EV use,correct
MIT,b4c38,413,98.88795597485763,99.08369,Primary EV use,Primary EV use,correct
MIT,b4c38,414,98.88927895930264,98.977715,Primary EV use,Primary EV use,correct
MIT,b4c38,415,98.88997825108073,99.11209,Primary EV use,Primary EV use,correct
MIT,b4c38,416,98.88308928207776,99.08427,Primary EV use,Primary EV use,correct
MIT,b4c38,417,98.88534780552317,98.98138,Primary EV use,Primary EV use,correct
MIT,b4c38,418,98.87698465385294,99.00301,Primary EV use,Primary EV use,correct
MIT,b4c38,419,98.86765761351562,98.96886,Primary EV use,Primary EV use,correct
MIT,b4c38,420,98.87409298785171,99.006836,Primary EV use,Primary EV use,correct
MIT,b4c38,421,98.86078754429046,98.89342,Primary EV use,Primary EV use,correct
MIT,b4c38,422,98.86529514129238,99.02784,Primary EV use,Primary EV use,correct
MIT,b4c38,423,98.87280780296226,98.90783,Primary EV use,Primary EV use,correct
MIT,b4c38,424,98.85897316562301,98.96532,Primary EV use,Primary EV use,correct
MIT,b4c38,425,98.86220502762438,98.91718,Primary EV use,Primary EV use,correct
MIT,b4c38,426,98.86116553984617,98.847404,Primary EV use,Primary EV use,correct
MIT,b4c38,427,98.85786752862253,98.821884,Primary EV use,Primary EV use,correct
MIT,b4c38,428,98.85128095606416,98.86056,Primary EV use,Primary EV use,correct
MIT,b4c38,429,98.83858030539207,98.8355,Primary EV use,Primary EV use,correct
MIT,b4c38,430,98.8358587373909,98.85354,Primary EV use,Primary EV use,correct
MIT,b4c38,431,98.83206933194484,98.94949,Primary EV use,Primary EV use,correct
MIT,b4c38,432,98.81446418893731,98.41189,Primary EV use,Primary EV use,correct
MIT,b4c38,433,98.81596672127128,98.77199,Primary EV use,Primary EV use,correct
MIT,b4c38,434,98.80062955159806,98.906845,Primary EV use,Primary EV use,correct
MIT,b4c38,435,98.79483676970668,98.82151,Primary EV use,Primary EV use,correct
MIT,b4c38,436,98.78479153781349,98.88897,Primary EV use,Primary EV use,correct
MIT,b4c38,437,98.77746787392148,98.977715,Primary EV use,Primary EV use,correct
MIT,b4c38,438,98.76531531680516,98.77245,Primary EV use,Primary EV use,correct
MIT,b4c38,439,98.75879489346904,98.90792,Primary EV use,Primary EV use,correct
MIT,b4c38,440,98.75606387557899,98.935074,Primary EV use,Primary EV use,correct
MIT,b4c38,441,98.75146177968813,98.846375,Primary EV use,Primary EV use,correct
MIT,b4c38,442,98.74336322490689,98.94331,Primary EV use,Primary EV use,correct
MIT,b4c38,443,98.74332542535132,98.796646,Primary EV use,Primary EV use,correct
MIT,b4c38,444,98.73387553645838,98.93479,Primary EV use,Primary EV use,correct
MIT,b4c38,445,98.73108781923497,98.935974,Primary EV use,Primary EV use,correct
MIT,b4c38,446,98.73575606434808,98.93317,Primary EV use,Primary EV use,correct
MIT,b4c38,447,98.72685426901094,98.84694,Primary EV use,Primary EV use,correct
MIT,b4c38,448,98.72820560312263,98.89159,Primary EV use,Primary EV use,correct
MIT,b4c38,449,98.7225073201202,98.932205,Primary EV use,Primary EV use,correct
MIT,b4c38,450,98.72199702611998,98.837105,Primary EV use,Primary EV use,correct
MIT,b4c38,451,98.73088937156821,98.75197,Primary EV use,Primary EV use,correct
MIT,b4c38,452,98.71370947356087,98.80949,Primary EV use,Primary EV use,correct
MIT,b4c38,453,98.70962712155912,98.78602,Primary EV use,Primary EV use,correct
MIT,b4c38,454,98.71143205033768,98.68491,Primary EV use,Primary EV use,correct
MIT,b4c38,455,98.7154199034505,98.81793,Primary EV use,Primary EV use,correct
MIT,b4c38,456,98.7187368144519,98.63328,Primary EV use,Primary EV use,correct
MIT,b4c38,457,98.71021301467049,98.66832,Primary EV use,Primary EV use,correct
MIT,b4c38,458,98.7091168275589,98.65306,Primary EV use,Primary EV use,correct
MIT,b4c38,459,98.7187651641186,98.71329,Primary EV use,Primary EV use,correct
MIT,b4c38,460,98.70848368500309,98.73331,Primary EV use,Primary EV use,correct
MIT,b4c38,461,98.70596056466867,98.57585,Primary EV use,Primary EV use,correct
MIT,b4c38,462,98.69283466899638,98.64044,Primary EV use,Primary EV use,correct
MIT,b4c38,463,98.69955353999926,98.63428,Primary EV use,Primary EV use,correct
MIT,b4c38,464,98.68147590254708,98.69243,Primary EV use,Primary EV use,correct
MIT,b4c38,465,98.6699470380977,98.72678,Primary EV use,Primary EV use,correct
MIT,b4c38,466,98.6601758529824,98.69913,Primary EV use,Primary EV use,correct
MIT,b4c38,467,98.65668884398092,98.63348,Primary EV use,Primary EV use,correct
MIT,b4c38,468,98.65039521797823,98.51322,Primary EV use,Primary EV use,correct
MIT,b4c38,469,98.64494263208702,98.49584,Primary EV use,Primary EV use,correct
MIT,b4c38,470,98.63307357163748,98.651276,Primary EV use,Primary EV use,correct
MIT,b4c38,471,98.63673067863905,98.52163,Primary EV use,Primary EV use,correct
MIT,b4c38,472,98.62697839330156,98.48355,Primary EV use,Primary EV use,correct
MIT,b4c38,473,98.6305315515253,98.54699,Primary EV use,Primary EV use,correct
MIT,b4c38,474,98.62355753352232,98.60771,Primary EV use,Primary EV use,correct
MIT,b4c38,475,98.60905195407167,98.54528,Primary EV use,Primary EV use,correct
MIT,b4c38,476,98.60650993395946,98.5163,Primary EV use,Primary EV use,correct
MIT,b4c38,477,98.59448022539877,98.59546,Primary EV use,Primary EV use,correct
MIT,b4c38,478,98.5829230112827,98.65794,Primary EV use,Primary EV use,correct
MIT,b4c38,479,98.56690544960918,98.58408,Primary EV use,Primary EV use,correct
MIT,b4c38,480,98.5635318392744,98.45608,Primary EV use,Primary EV use,correct
MIT,b4c38,481,98.56316329360757,98.52802,Primary EV use,Primary EV use,correct
MIT,b4c38,482,98.56142451405128,98.35344,Primary EV use,Primary EV use,correct
MIT,b4c38,483,98.55548053393763,98.464806,Primary EV use,Primary EV use,correct
MIT,b4c38,484,98.54774107493432,98.49121,Primary EV use,Primary EV use,correct
MIT,b4c38,485,98.54154194782055,98.44757,Primary EV use,Primary EV use,correct
MIT,b4c38,486,98.5453408031555,98.3782,Primary EV use,Primary EV use,correct
MIT,b4c38,487,98.54133405026492,98.51915,Primary EV use,Primary EV use,correct
MIT,b4c38,488,98.54487775859975,98.4174,Primary EV use,Primary EV use,correct
MIT,b4c38,489,98.5549702399374,98.33268,Primary EV use,Primary EV use,correct
MIT,b4c38,490,98.54750482771199,98.45212,Primary EV use,Primary EV use,correct
MIT,b4c38,491,98.54735362948969,98.38172,Primary EV use,Primary EV use,correct
MIT,b4c38,492,98.54195774293186,98.447266,Primary EV use,Primary EV use,correct
MIT,b4c38,493,98.53473802781764,98.38766,Primary EV use,Primary EV use,correct
MIT,b4c38,494,98.53042887848247,98.439575,Primary EV use,Primary EV use,correct
MIT,b4c38,495,98.52545823692479,98.36901,Primary EV use,Primary EV use,correct
MIT,b4c38,496,98.51747308081026,98.485596,Primary EV use,Primary EV use,correct
MIT,b4c38,497,98.50785309391726,98.27988,Primary EV use,Primary EV use,correct
MIT,b4c38,498,98.50026483313624,98.50868,Primary EV use,Primary EV use,correct
MIT,b4c38,499,98.4874602336863,98.364685,Primary EV use,Primary EV use,correct
MIT,b4c38,500,98.48795162790873,98.26947,Primary EV use,Primary EV use,correct
MIT,b4c38,501,98.46883450267833,98.51733,Primary EV use,Primary EV use,correct
MIT,b4c38,502,98.46290942234248,98.483444,Primary EV use,Primary EV use,correct
MIT,b4c38,503,98.45551015933931,98.508766,Primary EV use,Primary EV use,correct
MIT,b4c38,504,98.4476384018915,98.43085,Primary EV use,Primary EV use,correct
MIT,b4c38,505,98.44495463344592,98.30575,Primary EV use,Primary EV use,correct
MIT,b4c38,506,98.43192323666254,98.48563,Primary EV use,Primary EV use,correct
MIT,b4c38,507,98.42910716977246,98.52086,Primary EV use,Primary EV use,correct
MIT,b4c38,508,98.42935286688368,98.47053,Primary EV use,Primary EV use,correct
MIT,b4c38,509,98.42281354376978,98.42759,Primary EV use,Primary EV use,correct
MIT,b4c38,510,98.41137917820933,98.3742,Primary EV use,Primary EV use,correct
MIT,b4c38,511,98.40841191309696,98.39775,Primary EV use,Primary EV use,correct
MIT,b4c38,512,98.39800758542582,98.41014,Primary EV use,Primary EV use,correct
MIT,b4c38,513,98.38541088353155,98.30334,Primary EV use,Primary EV use,correct
MIT,b4c38,514,98.39076897053383,98.35822,Primary EV use,Primary EV use,correct
MIT,b4c38,515,98.38761270764358,98.32083,Primary EV use,Primary EV use,correct
MIT,b4c38,516,98.37564914830514,98.36119,Primary EV use,Primary EV use,correct
MIT,b4c38,517,98.38168762730773,98.357605,Primary EV use,Primary EV use,correct
MIT,b4c38,518,98.37517665386049,98.453766,Primary EV use,Primary EV use,correct
MIT,b4c38,519,98.37546015052729,98.488266,Primary EV use,Primary EV use,correct
MIT,b4c38,520,98.36294849763306,98.24464,Primary EV use,Primary EV use,correct
MIT,b4c38,521,98.35931974029816,98.387245,Primary EV use,Primary EV use,correct
MIT,b4c38,522,98.35973553540946,98.26491,Primary EV use,Primary EV use,correct
MIT,b4c38,523,98.36338319252211,98.14796,Primary EV use,Primary EV use,correct
MIT,b4c38,524,98.36309024596645,98.26599,Primary EV use,Primary EV use,correct
MIT,b4c38,525,98.3583180520755,98.31112,Primary EV use,Primary EV use,correct
MIT,b4c38,526,98.36576456452313,98.32453,Primary EV use,Primary EV use,correct
MIT,b4c38,527,98.35620127696349,98.18733,Primary EV use,Primary EV use,correct
MIT,b4c38,528,98.35695726807492,98.223694,Primary EV use,Primary EV use,correct
MIT,b4c38,529,98.35227957307292,98.22215,Primary EV use,Primary EV use,correct
MIT,b4c38,530,98.3454945528478,98.2275,Primary EV use,Primary EV use,correct
MIT,b4c38,531,98.33844493573368,98.16534,Primary EV use,Primary EV use,correct
MIT,b4c38,532,98.3366683566218,98.0299,Primary EV use,Primary EV use,correct
MIT,b4c38,533,98.32523399106135,98.24482,Primary EV use,Primary EV use,correct
MIT,b4c38,534,98.33186781306419,98.15436,Primary EV use,Primary EV use,correct
MIT,b4c38,535,98.32479929617229,98.23011,Primary EV use,Primary EV use,correct
MIT,b4c38,536,98.31118200627756,98.20526,Primary EV use,Primary EV use,correct
MIT,b4c38,537,98.31124815549983,98.15384,Primary EV use,Primary EV use,correct
MIT,b4c38,538,98.30139192138448,98.201645,Primary EV use,Primary EV use,correct
MIT,b4c38,539,98.30289445371848,98.24427,Primary EV use,Primary EV use,correct
MIT,b4c38,540,98.28345603226572,98.174286,Primary EV use,Primary EV use,correct
MIT,b4c38,541,98.28866292104573,98.08821,Primary EV use,Primary EV use,correct
MIT,b4c38,542,98.27358089837259,98.23149,Primary EV use,Primary EV use,correct
MIT,b4c38,543,98.25319748803054,98.19463,Primary EV use,Primary EV use,correct
MIT,b4c38,544,98.25241314725243,97.952805,Primary EV use,Primary EV use,correct
MIT,b4c38,545,98.24948368169562,97.90065,Primary EV use,Primary EV use,correct
MIT,b4c38,546,98.22630310424127,98.37048,Primary EV use,Primary EV use,correct
MIT,b4c38,547,98.22198450501719,97.99571,Primary EV use,Primary EV use,correct
MIT,b4c38,548,98.21525618412542,98.18992,Primary EV use,Primary EV use,correct
MIT,b4c38,549,98.21316775868007,98.14764,Primary EV use,Primary EV use,correct
MIT,b4c38,550,98.20368952012048,98.065636,Primary EV use,Primary EV use,correct
MIT,b4c38,551,98.201260898675,98.08,Primary EV use,Primary EV use,correct
MIT,b4c38,552,98.20814041778904,98.013855,Primary EV use,Primary EV use,correct
MIT,b4c38,553,98.19632805667288,98.11924,Primary EV use,Primary EV use,correct
MIT,b4c38,554,98.19166926144868,98.34828,Primary EV use,Primary EV use,correct
MIT,b4c38,555,98.18209652400013,98.09354,Primary EV use,Primary EV use,correct
MIT,b4c38,556,98.17393181999662,98.056656,Primary EV use,Primary EV use,correct
MIT,b4c38,557,98.17196624310691,97.99174,Primary EV use,Primary EV use,correct
MIT,b4c38,558,98.16713734988262,97.99852,Primary EV use,Primary EV use,correct
MIT,b4c38,559,98.16053187754645,98.023186,Primary EV use,Primary EV use,correct
MIT,b4c38,560,98.15627942754463,98.08941,Primary EV use,Primary EV use,correct
MIT,b4c38,561,98.15860410021232,98.33572,Primary EV use,Primary EV use,correct
MIT,b4c38,562,98.15357675932127,98.01439,Primary EV use,Primary EV use,correct
MIT,b4c38,563,98.14493011098423,98.01634,Primary EV use,Primary EV use,correct
MIT,b4c38,564,98.1483131712079,98.10902,Primary EV use,Primary EV use,correct
MIT,b4c38,565,98.14491121120645,98.07829,Primary EV use,Primary EV use,correct
MIT,b4c38,566,98.13359969420159,97.995,Primary EV use,Primary EV use,correct
MIT,b4c38,567,98.12955514175543,98.06196,Primary EV use,Primary EV use,correct
MIT,b4c38,568,98.11810187641721,97.915405,Primary EV use,Primary EV use,correct
MIT,b4c38,569,98.1131501346373,97.92977,Primary EV use,Primary EV use,correct
MIT,b4c38,570,98.10491928141155,97.92023,Primary EV use,Primary EV use,correct
MIT,b4c38,571,98.09799251285304,98.03766,Primary EV use,Primary EV use,correct
MIT,b4c38,572,98.09288957285085,98.080246,Primary EV use,Primary EV use,correct
MIT,b4c38,573,98.08838197584893,98.099724,Primary EV use,Primary EV use,correct
MIT,b4c38,574,98.07793984862224,98.09261,Primary EV use,Primary EV use,correct
MIT,b4c38,575,98.06099619783723,98.17288,Primary EV use,Primary EV use,correct
MIT,b4c38,576,98.04590472527521,98.10236,Primary EV use,Primary EV use,correct
MIT,b4c38,577,98.04460064060798,98.19349,Primary EV use,Primary EV use,correct
MIT,b4c38,578,98.03157869371351,98.06297,Primary EV use,Primary EV use,correct
MIT,b4c38,579,98.02509606993297,98.100296,Primary EV use,Primary EV use,correct
MIT,b4c38,580,98.0214295130425,98.10782,Primary EV use,Primary EV use,correct
MIT,b4c38,581,98.01303801170558,98.06113,Primary EV use,Primary EV use,correct
MIT,b4c38,582,98.01257496714983,98.1582,Primary EV use,Primary EV use,correct
MIT,b4c38,583,98.01050544148228,98.07853,Primary EV use,Primary EV use,correct
MIT,b4c38,584,98.0051190048133,98.05018,Primary EV use,Primary EV use,correct
MIT,b4c38,585,97.99618885980948,98.13402,Primary EV use,Primary EV use,correct
MIT,b4c38,586,97.99462017825327,98.02756,Primary EV use,Primary EV use,correct
MIT,b4c38,587,97.99060397547376,98.02589,Primary EV use,Primary EV use,correct
MIT,b4c38,588,97.98859114913955,98.09712,Primary EV use,Primary EV use,correct
MIT,b4c38,589,97.98740046313905,98.03975,Primary EV use,Primary EV use,correct
MIT,b4c38,590,97.98081389058069,98.05024,Primary EV use,Primary EV use,correct
MIT,b4c38,591,97.97428401735566,98.065155,Primary EV use,Primary EV use,correct
MIT,b4c38,592,97.96526882335182,98.122,Primary EV use,Primary EV use,correct
MIT,b4c38,593,97.96438998368477,97.96401,Primary EV use,Primary EV use,correct
MIT,b4c38,594,97.96353004379552,97.969,Primary EV use,Primary EV use,correct
MIT,b4c38,595,97.9610069234611,97.96691,Primary EV use,Primary EV use,correct
MIT,b4c38,596,97.95584728412555,97.91167,Primary EV use,Primary EV use,correct
MIT,b4c38,597,97.95016790090092,98.019226,Primary EV use,Primary EV use,correct
MIT,b4c38,598,97.94715338634406,97.97005,Primary EV use,Primary EV use,correct
MIT,b4c38,599,97.93432988711636,97.91133,Primary EV use,Primary EV use,correct
MIT,b4c38,600,97.92816855955817,97.923874,Primary EV use,Primary EV use,correct
MIT,b4c38,601,97.92216788011116,97.874985,Primary EV use,Primary EV use,correct
MIT,b4c38,602,97.9123399956625,97.91124,Primary EV use,Primary EV use,correct
MIT,b4c38,603,97.90595187077089,98.07991,Primary EV use,Primary EV use,correct
MIT,b4c38,604,97.88868692376349,98.00144,Primary EV use,Primary EV use,correct
MIT,b4c38,605,97.88947126454161,98.07299,Primary EV use,Primary EV use,correct
MIT,b4c38,606,97.88194915298286,98.02018,Primary EV use,Primary EV use,correct
MIT,b4c38,607,97.87923703487057,97.94121,Primary EV use,Primary EV use,correct
MIT,b4c38,608,97.87138417720055,98.00225,Primary EV use,Primary EV use,correct
MIT,b4c38,609,97.86307772486366,98.00705,Primary EV use,Primary EV use,correct
MIT,b4c38,610,97.85341993841509,97.94217,Primary EV use,Primary EV use,correct
MIT,b4c38,611,97.84654041930104,97.96507,Primary EV use,Primary EV use,correct
MIT,b4c38,612,97.84148472874331,97.87863,Primary EV use,Primary EV use,correct
MIT,b4c38,613,97.83517220296282,97.93488,Primary EV use,Primary EV use,correct
MIT,b4c38,614,97.82447492873602,97.83216,Primary EV use,Primary EV use,correct
MIT,b4c38,615,97.81817185284444,97.861626,Primary EV use,Primary EV use,correct
MIT,b4c38,616,97.8083439683958,97.9367,Primary EV use,Primary EV use,correct
MIT,b4c38,617,97.80308983017133,97.96127,Primary EV use,Primary EV use,correct
MIT,b4c38,618,97.78445464927448,97.94267,Primary EV use,Primary EV use,correct
MIT,b4c38,619,97.78584378294173,97.89798,Primary EV use,Primary EV use,correct
MIT,b4c38,620,97.78282926838489,97.90982,Primary EV use,Primary EV use,correct
MIT,b4c38,621,97.78692107027553,97.864914,Primary EV use,Primary EV use,correct
MIT,b4c38,622,97.77980530393916,97.796906,Primary EV use,Primary EV use,correct
MIT,b4c38,623,97.77995650216144,97.75311,Primary EV use,Primary EV use,correct
MIT,b4c38,624,97.7699585197127,97.852455,Primary EV use,Primary EV use,correct
MIT,b4c38,625,97.77277458660282,97.74803,Primary EV use,Primary EV use,correct
MIT,b4c38,626,97.76426023671029,97.81512,Primary EV use,Primary EV use,correct
MIT,b4c38,627,97.76603681582215,97.702255,Primary EV use,Primary EV use,correct
MIT,b4c38,628,97.75023660159317,97.837296,Primary EV use,Primary EV use,correct
MIT,b4c38,629,97.75608608281789,97.698364,Primary EV use,Primary EV use,correct
MIT,b4c38,630,97.74661729414717,97.65104,Primary EV use,Primary EV use,correct
MIT,b4c38,631,97.74455721836853,97.65085,Primary EV use,Primary EV use,correct
MIT,b4c38,632,97.73646811347618,97.67101,Primary EV use,Primary EV use,correct
MIT,b4c38,633,97.73673271036517,97.81908,Primary EV use,Primary EV use,correct
MIT,b4c38,634,97.73301890403025,97.61934,Primary EV use,Primary EV use,correct
MIT,b4c38,635,97.73205501536317,97.61408,Primary EV use,Primary EV use,correct
MIT,b4c38,636,97.7218396854699,97.59822,Primary EV use,Primary EV use,correct
MIT,b4c38,637,97.71442152268894,97.61679,Primary EV use,Primary EV use,correct
MIT,b4c38,638,97.72169793713651,97.668755,Primary EV use,Primary EV use,correct
MIT,b4c38,639,97.7082129456863,97.747185,Primary EV use,Primary EV use,correct
MIT,b4c38,640,97.70004824168281,97.74449,Primary EV use,Primary EV use,correct
MIT,b4c38,641,97.6967218807925,97.62815,Primary EV use,Primary EV use,correct
MIT,b4c38,642,97.69461455556936,97.64254,Primary EV use,Primary EV use,correct
MIT,b4c38,643,97.68800908323321,97.52574,Primary EV use,Primary EV use,correct
MIT,b4c38,644,97.68422912767602,97.55628,Primary EV use,Primary EV use,correct
MIT,b4c38,645,97.68297229245327,97.5087,Primary EV use,Primary EV use,correct
MIT,b4c38,646,97.67654636800607,97.584045,Primary EV use,Primary EV use,correct
MIT,b4c38,647,97.6675784234467,97.62484,Primary EV use,Primary EV use,correct
MIT,b4c38,648,97.66598139222378,97.68991,Primary EV use,Primary EV use,correct
MIT,b4c38,649,97.66291962822247,97.56146,Primary EV use,Primary EV use,correct
MIT,b4c38,650,97.65479272377456,97.52483,Primary EV use,Primary EV use,correct
MIT,b4c38,651,97.65119231610636,97.515465,Primary EV use,Primary EV use,correct
MIT,b4c38,652,97.65076707110619,97.520424,Primary EV use,Primary EV use,correct
MIT,b4c38,653,97.64027769443501,97.510704,Primary EV use,Primary EV use,correct
MIT,b4c38,654,97.63834991710085,97.58502,Primary EV use,Primary EV use,correct
MIT,b4c38,655,97.62791723976305,97.48703,Primary EV use,Primary EV use,correct
MIT,b4c38,656,97.61793815709213,97.54709,Primary EV use,Primary EV use,correct
MIT,b4c38,657,97.61018924819993,97.489586,Primary EV use,Primary EV use,correct
MIT,b4c38,658,97.60041806308463,97.457924,Primary EV use,Primary EV use,correct
MIT,b4c38,659,97.58997593585794,97.47202,Primary EV use,Primary EV use,correct
MIT,b4c38,660,97.58617708052299,97.44031,Primary EV use,Primary EV use,correct
MIT,b4c38,661,97.57776667940827,97.518074,Primary EV use,Primary EV use,correct
MIT,b4c38,662,97.57556485529622,97.34495,Primary EV use,Primary EV use,correct
MIT,b4c38,663,97.58420205374436,97.54978,Primary EV use,Primary EV use,correct
MIT,b4c38,664,97.56245785940173,97.41105,Primary EV use,Primary EV use,correct
MIT,b4c38,665,97.56666305995908,97.472534,Primary EV use,Primary EV use,correct
MIT,b4c38,666,97.55658002851031,97.400185,Primary EV use,Primary EV use,correct
MIT,b4c38,667,97.55090064528567,97.38228,Primary EV use,Primary EV use,correct
MIT,b4c38,668,97.54210279872635,97.404396,Primary EV use,Primary EV use,correct
MIT,b4c38,669,97.53863468950264,97.464096,Primary EV use,Primary EV use,correct
MIT,b4c38,670,97.53325770272257,97.43694,Primary EV use,Primary EV use,correct
MIT,b4c38,671,97.5171834417157,97.42185,Primary EV use,Primary EV use,correct
MIT,b4c38,672,97.52069880038387,97.42939,Primary EV use,Primary EV use,correct
MIT,b4c38,673,97.50664681560008,97.361015,Primary EV use,Primary EV use,correct
MIT,b4c38,674,97.49983344570826,97.09156,Primary EV use,Primary EV use,correct
MIT,b4c38,675,97.49386111592796,97.27442,Primary EV use,Primary EV use,correct
MIT,b4c38,676,97.4817274585894,97.24557,Primary EV use,Primary EV use,correct
MIT,b4c38,677,97.48578146092447,97.31787,Primary EV use,Primary EV use,correct
MIT,b4c38,678,97.48372138514583,97.18886,Primary EV use,Primary EV use,correct
MIT,b4c38,679,97.47912873914387,97.310036,Primary EV use,Primary EV use,correct
MIT,b4c38,680,97.47729546069864,97.198875,Primary EV use,Primary EV use,correct
MIT,b4c38,681,97.47512198625326,97.249016,Primary EV use,Primary EV use,correct
MIT,b4c38,682,97.47663396847612,97.29408,Primary EV use,Primary EV use,correct
MIT,b4c38,683,97.48190700647838,97.38436,Primary EV use,Primary EV use,correct
MIT,b4c38,684,97.48626340525803,97.477,Primary EV use,Primary EV use,correct
MIT,b4c38,685,97.49461710703939,97.4811,Primary EV use,Primary EV use,correct
MIT,b4c38,686,97.4923018842606,97.43698,Primary EV use,Primary EV use,correct
MIT,b4c38,687,97.48325834059007,97.398605,Primary EV use,Primary EV use,correct
MIT,b4c38,688,97.48735959236961,97.33768,Primary EV use,Primary EV use,correct
MIT,b4c38,689,97.47772070569881,97.343155,Primary EV use,Primary EV use,correct
MIT,b4c38,690,97.46691003280532,97.33702,Primary EV use,Primary EV use,correct
MIT,b4c38,691,97.45207370724339,97.26763,Primary EV use,Primary EV use,correct
MIT,b4c38,692,97.42830723667768,97.2359,Primary EV use,Primary EV use,correct
MIT,b4c38,693,97.41492619400528,97.23722,Primary EV use,Primary EV use,correct
MIT,b4c38,694,97.4145009490051,97.22421,Primary EV use,Primary EV use,correct
MIT,b4c38,695,97.40541015589011,97.10952,Primary EV use,Primary EV use,correct
MIT,b4c38,696,97.39567677033038,97.19428,Primary EV use,Primary EV use,correct
MIT,b4c38,697,97.39309695066261,97.11146,Primary EV use,Primary EV use,correct
MIT,b4c38,698,97.37487756487702,97.20135,Primary EV use,Primary EV use,correct
MIT,b4c38,699,97.37349788109867,97.11669,Primary EV use,Primary EV use,correct
MIT,b4c38,700,97.37339393232085,97.11236,Primary EV use,Primary EV use,correct
MIT,b4c38,701,97.36448268709482,97.09199,Primary EV use,Primary EV use,correct
MIT,b4c38,702,97.34529941264215,97.16674,Primary EV use,Primary EV use,correct
MIT,b4c38,703,97.34327713641908,97.11219,Primary EV use,Primary EV use,correct
MIT,b4c38,704,97.3308127329693,97.15925,Primary EV use,Primary EV use,correct
MIT,b4c38,705,97.31910432063096,97.16273,Primary EV use,Primary EV use,correct
MIT,b4c38,706,97.32388596441078,97.00954,Primary EV use,Primary EV use,correct
MIT,b4c38,707,97.31845227829734,97.11136,Primary EV use,Primary EV use,correct
MIT,b4c38,708,97.31350998640634,97.10634,Primary EV use,Primary EV use,correct
MIT,b4c38,709,97.29958085017817,97.09301,Primary EV use,Primary EV use,correct
MIT,b4c38,710,97.29365576984227,97.119934,Primary EV use,Primary EV use,correct
MIT,b4c38,711,97.29300372750869,97.12199,Primary EV use,Primary EV use,correct
MIT,b4c38,712,97.27999123050313,97.01671,Primary EV use,Primary EV use,correct
MIT,b4c38,713,97.28154101228156,97.06393,Primary EV use,Primary EV use,correct
MIT,b4c38,714,97.27674991861284,97.09544,Primary EV use,Primary EV use,correct
MIT,b4c38,715,97.26896321016507,96.991745,Primary EV use,Primary EV use,correct
MIT,b4c38,716,97.25808638804929,96.93656,Primary EV use,Primary EV use,correct
MIT,b4c38,717,97.25730204727118,96.98628,Primary EV use,Primary EV use,correct
MIT,b4c38,718,97.2427208687094,97.01021,Primary EV use,Primary EV use,correct
MIT,b4c38,719,97.239224409819,96.957375,Primary EV use,Primary EV use,correct
MIT,b4c38,720,97.23005801759285,96.90905,Primary EV use,Primary EV use,correct
MIT,b4c38,721,97.22837593736993,96.85628,Primary EV use,Primary EV use,correct
MIT,b4c38,722,97.21143228658488,96.85972,Primary EV use,Primary EV use,correct
MIT,b4c38,723,97.20399522402616,96.89297,Primary EV use,Primary EV use,correct
MIT,b4c38,724,97.18948964457552,96.918724,Primary EV use,Primary EV use,correct
MIT,b4c38,725,97.19261755779908,96.95475,Primary EV use,Primary EV use,correct
MIT,b4c38,726,97.18065399846061,96.97222,Primary EV use,Primary EV use,correct
MIT,b4c38,727,97.17443597156907,96.843475,Primary EV use,Primary EV use,correct
MIT,b4c38,728,97.16376704700895,96.897194,Primary EV use,Primary EV use,correct
MIT,b4c38,729,97.16393714500903,96.94391,Primary EV use,Primary EV use,correct
MIT,b4c38,730,97.15530939644978,96.851456,Primary EV use,Primary EV use,correct
MIT,b4c38,731,97.15314537189329,96.79091,Primary EV use,Primary EV use,correct
MIT,b4c38,732,97.14475387055637,96.90403,Primary EV use,Primary EV use,correct
MIT,b4c38,733,97.13302655844025,96.94531,Primary EV use,Primary EV use,correct
MIT,b4c38,734,97.13258241366228,96.88092,Primary EV use,Primary EV use,correct
MIT,b4c38,735,97.1185209789896,96.97228,Primary EV use,Primary EV use,correct
MIT,b4c38,736,97.10977983176363,96.89825,Primary EV use,Primary EV use,correct
MIT,b4c38,737,97.09448046164599,96.8941,Primary EV use,Primary EV use,correct
MIT,b4c38,738,97.07594922952694,96.80212,Primary EV use,Primary EV use,correct
MIT,b4c38,739,97.06802077274578,96.877846,Primary EV use,Primary EV use,correct
MIT,b4c38,740,97.06007341618681,96.82008,Primary EV use,Primary EV use,correct
MIT,b4c38,741,97.05238120662797,96.90141,Primary EV use,Primary EV use,correct
MIT,b4c38,742,97.04650337573656,96.86147,Primary EV use,Primary EV use,correct
MIT,b4c38,743,97.03586280084313,96.83372,Primary EV use,Primary EV use,correct
MIT,b4c38,744,97.0332357317309,96.817696,Primary EV use,Primary EV use,correct
MIT,b4c38,745,97.03065591206312,96.73592,Primary EV use,Primary EV use,correct
MIT,b4c38,746,97.03493671173163,96.93004,Primary EV use,Primary EV use,correct
MIT,b4c38,747,97.01584793616792,96.69327,Primary EV use,Primary EV use,correct
MIT,b4c38,748,96.99799709604913,96.72291,Primary EV use,Primary EV use,correct
MIT,b4c38,749,96.98424750770994,96.65424,Primary EV use,Primary EV use,correct
MIT,b4c38,750,96.97372033148322,96.59055,Primary EV use,Primary EV use,correct
MIT,b4c38,751,96.9747881689281,96.76127,Primary EV use,Primary EV use,correct
MIT,b4c38,752,96.96106693025558,96.697334,Primary EV use,Primary EV use,correct
MIT,b4c38,753,96.96159612403358,96.732445,Primary EV use,Primary EV use,correct
MIT,b4c38,754,96.95471660491954,96.68962,Primary EV use,Primary EV use,correct
MIT,b4c38,755,96.93461669124426,96.612404,Primary EV use,Primary EV use,correct
MIT,b4c38,756,96.92634803846293,96.63681,Primary EV use,Primary EV use,correct
MIT,b4c38,757,96.91303314501282,96.6084,Primary EV use,Primary EV use,correct
MIT,b4c38,758,96.91349618956856,96.660255,Primary EV use,Primary EV use,correct
MIT,b4c38,759,96.91428998023557,96.58277,Primary EV use,Primary EV use,correct
MIT,b4c38,760,96.89474761000497,96.632744,Primary EV use,Primary EV use,correct
MIT,b4c38,761,96.89691163456146,96.6284,Primary EV use,Primary EV use,correct
MIT,b4c38,762,96.8836345406669,96.66799,Primary EV use,Primary EV use,correct
MIT,b4c38,763,96.86508440877007,96.60328,Primary EV use,Primary EV use,correct
MIT,b4c38,764,96.86370472499169,96.64769,Primary EV use,Primary EV use,correct
MIT,b4c38,765,96.85291295187596,96.61025,Primary EV use,Primary EV use,correct
MIT,b4c38,766,96.85001183598584,96.68317,Primary EV use,Primary EV use,correct
MIT,b4c38,767,96.83938071098129,96.61505,Primary EV use,Primary EV use,correct
MIT,b4c38,768,96.83619609842438,96.54511,Primary EV use,Primary EV use,correct
MIT,b4c38,769,96.83046946575527,96.563065,Primary EV use,Primary EV use,correct
MIT,b4c38,770,96.8237316949746,96.521095,Primary EV use,Primary EV use,correct
MIT,b4c38,771,96.80869692174595,96.54642,Primary EV use,Primary EV use,correct
MIT,b4c38,772,96.79585452274046,96.5586,Primary EV use,Primary EV use,correct
MIT,b4c38,773,96.79281165851692,96.58044,Primary EV use,Primary EV use,correct
MIT,b4c38,774,96.78860645795957,96.63149,Primary EV use,Primary EV use,correct
MIT,b4c38,775,96.78132059362314,96.339035,Primary EV use,Primary EV use,correct
MIT,b4c38,776,96.77237154884153,96.54457,Primary EV use,Primary EV use,correct
MIT,b4c38,777,96.76836479595092,96.51412,Primary EV use,Primary EV use,correct
MIT,b4c38,778,96.7598504460584,96.5489,Primary EV use,Primary EV use,correct
MIT,b4c38,779,96.74602525860804,96.56454,Primary EV use,Primary EV use,correct
MIT,b4c38,780,96.73836139871587,96.527466,Primary EV use,Primary EV use,correct
MIT,b4c38,781,96.73398610015845,96.57293,Primary EV use,Primary EV use,correct
MIT,b4c38,782,96.72368572126513,96.53263,Primary EV use,Primary EV use,correct
MIT,b4c38,783,96.72064285704161,96.593445,Primary EV use,Primary EV use,correct
MIT,b4c38,784,96.7042284000346,96.431,Primary EV use,Primary EV use,correct
MIT,b4c38,785,96.7019604267003,96.511955,Primary EV use,Primary EV use,correct
MIT,b4c38,786,96.68210621013623,96.46535,Primary EV use,Primary EV use,correct
MIT,b4c38,787,96.67384700724382,96.558304,Primary EV use,Primary EV use,correct
MIT,b4c38,788,96.66426481990639,96.51435,Primary EV use,Primary EV use,correct
MIT,b4c38,789,96.66082506034935,96.415886,Primary EV use,Primary EV use,correct
MIT,b4c38,790,96.66155270179411,96.471954,Primary EV use,Primary EV use,correct
MIT,b4c38,791,96.650354583456,96.51216,Primary EV use,Primary EV use,correct
MIT,b4c38,792,96.64611158334307,96.47185,Primary EV use,Primary EV use,correct
MIT,b4c38,793,96.63488511533825,96.396286,Primary EV use,Primary EV use,correct
MIT,b4c38,794,96.6312185584478,96.42856,Primary EV use,Primary EV use,correct
MIT,b4c38,795,96.62056853366549,96.37245,Primary EV use,Primary EV use,correct
MIT,b4c38,796,96.60498566688102,96.43081,Primary EV use,Primary EV use,correct
MIT,b4c38,797,96.59881488943395,96.36455,Primary EV use,Primary EV use,correct
MIT,b4c38,798,96.5895161987633,96.386024,Primary EV use,Primary EV use,correct
MIT,b4c38,799,96.58525429887258,96.32468,Primary EV use,Primary EV use,correct
MIT,b4c38,800,96.57221345220034,96.292946,Primary EV use,Primary EV use,correct
MIT,b4c38,801,96.55978684830615,96.42488,Primary EV use,Primary EV use,correct
MIT,b4c38,802,96.54961876785735,96.41214,Primary EV use,Primary EV use,correct
MIT,b4c38,803,96.5439393846327,96.34905,Primary EV use,Primary EV use,correct
MIT,b4c38,804,96.53907269185282,96.37534,Primary EV use,Primary EV use,correct
MIT,b4c38,805,96.52839431740381,96.36627,Primary EV use,Primary EV use,correct
MIT,b4c38,806,96.51597716339852,96.32298,Primary EV use,Primary EV use,correct
MIT,b4c38,807,96.51405883595324,96.366806,Primary EV use,Primary EV use,correct
MIT,b4c38,808,96.49945875761368,96.23722,Primary EV use,Primary EV use,correct
MIT,b4c38,809,96.49640644350126,96.109436,Primary EV use,Primary EV use,correct
MIT,b4c38,810,96.48734400005293,96.186325,Primary EV use,Primary EV use,correct
MIT,b4c38,811,96.48928122727598,96.213776,Primary EV use,Primary EV use,correct
MIT,b4c38,812,96.48186306449502,96.211006,Primary EV use,Primary EV use,correct
MIT,b4c38,813,96.46953095948975,96.318115,Primary EV use,Primary EV use,correct
MIT,b4c38,814,96.45680195915098,96.14514,Primary EV use,Primary EV use,correct
MIT,b4c38,815,96.44550934192392,96.22483,Primary EV use,Primary EV use,correct
MIT,b4c38,816,96.436588646809,96.12334,Primary EV use,Primary EV use,correct
MIT,b4c38,817,96.42629771780459,96.21106,Primary EV use,Primary EV use,correct
MIT,b4c38,818,96.4196071964684,96.07015,Primary EV use,Primary EV use,correct
MIT,b4c38,819,96.41124404479815,96.20321,Primary EV use,Primary EV use,correct
MIT,b4c38,820,96.40179415590522,96.099335,Primary EV use,Primary EV use,correct
MIT,b4c38,821,96.38783667001037,96.1518,Primary EV use,Primary EV use,correct
MIT,b4c38,822,96.37579751156078,96.14073,Primary EV use,Primary EV use,correct
MIT,b4c38,823,96.37020317733615,96.09228,Primary EV use,Primary EV use,correct
MIT,b4c38,824,96.3682848498909,96.19973,Primary EV use,Primary EV use,correct
MIT,b4c38,825,96.3638528520001,96.11315,Primary EV use,Primary EV use,correct
MIT,b4c38,826,96.35740802777512,96.09166,Primary EV use,Primary EV use,correct
MIT,b4c38,827,96.34454672899184,96.06628,Primary EV use,Primary EV use,correct
MIT,b4c38,828,96.33306511398693,96.112686,Primary EV use,Primary EV use,correct
MIT,b4c38,829,96.3285480670961,96.098305,Primary EV use,Primary EV use,correct
MIT,b4c38,830,96.31710425164678,96.050674,Primary EV use,Primary EV use,correct
MIT,b4c38,831,96.31491187742361,96.099335,Primary EV use,Primary EV use,correct
MIT,b4c38,832,96.29899826452792,96.04792,Primary EV use,Primary EV use,correct
MIT,b4c38,833,96.28694020630053,96.05248,Primary EV use,Primary EV use,correct
MIT,b4c38,834,96.27392770929497,96.1124,Primary EV use,Primary EV use,correct
MIT,b4c38,835,96.26479911662439,96.15317,Primary EV use,Primary EV use,correct
MIT,b4c38,836,96.24801611395054,95.99866,Primary EV use,Primary EV use,correct
MIT,b4c38,837,96.24489765061588,95.98414,Primary EV use,Primary EV use,correct
MIT,b4c38,838,96.22879503994233,96.07269,Primary EV use,Primary EV use,correct
MIT,b4c38,839,96.22168872349485,96.03619,Primary EV use,Primary EV use,correct
MIT,b4c38,840,96.22099888160565,96.085464,Primary EV use,Primary EV use,correct
MIT,b4c38,841,96.21525334915876,95.99052,Primary EV use,Primary EV use,correct
MIT,b4c38,842,96.20242984993106,96.03296,Primary EV use,Primary EV use,correct
MIT,b4c38,843,96.19143962914856,96.06968,Primary EV use,Primary EV use,correct
MIT,b4c38,844,96.17751994280928,96.00192,Primary EV use,Primary EV use,correct
MIT,b4c38,845,96.16408220080353,95.965225,Primary EV use,Primary EV use,correct
MIT,b4c38,846,96.16165357935805,96.0217,Primary EV use,Primary EV use,correct
MIT,b4c38,847,96.1494159732417,95.924095,Primary EV use,Primary EV use,correct
MIT,b4c38,848,96.14478552768418,95.8672,Primary EV use,Primary EV use,correct
MIT,b4c38,849,96.13046894601138,95.913994,Primary EV use,Primary EV use,correct
MIT,b4c38,850,96.12502581000903,95.94014,Primary EV use,Primary EV use,correct
MIT,b4c38,851,96.11404503911545,95.97558,Primary EV use,Primary EV use,correct
MIT,b4c38,852,96.10513379388944,95.9322,Primary EV use,Primary EV use,correct
MIT,b4c38,853,96.0884452901045,95.96496,Primary EV use,Primary EV use,correct
MIT,b4c38,854,96.07730387109974,95.95691,Primary EV use,Primary EV use,correct
MIT,b4c38,855,96.07202138320858,95.91908,Primary EV use,Primary EV use,correct
MIT,b4c38,856,96.0587915387585,95.971565,Primary EV use,Primary EV use,correct
MIT,b4c38,857,96.04576959186404,95.88576,Primary EV use,Primary EV use,correct
MIT,b4c38,858,96.04051545363956,95.87769,Primary EV use,Primary EV use,correct
MIT,b4c38,859,96.03079151796874,95.937416,Primary EV use,Primary EV use,correct
MIT,b4c38,860,96.02328830618774,95.12059,Primary EV use,Primary EV use,correct
MIT,b4c38,861,96.01503855318421,95.89766,Primary EV use,Primary EV use,correct
MIT,b4c38,862,96.0042278802907,95.7472,Primary EV use,Primary EV use,correct
MIT,b4c38,863,95.99509928762014,95.86697,Primary EV use,Primary EV use,correct
MIT,b4c38,864,95.98340032517068,95.85855,Primary EV use,Primary EV use,correct
MIT,b4c38,865,95.98014011350261,95.8855,Primary EV use,Primary EV use,correct
MIT,b4c38,866,95.97060517560965,95.704865,Primary EV use,Primary EV use,correct
MIT,b4c38,867,95.953538676269,95.79934,Primary EV use,Primary EV use,correct
MIT,b4c38,868,95.94018598326332,95.63496,Primary EV use,Primary EV use,correct
MIT,b4c38,869,95.92448026792326,95.46004,Primary EV use,Primary EV use,correct
MIT,b4c38,870,95.92178704958879,95.7069,Primary EV use,Primary EV use,correct
MIT,b4c38,871,95.91057003147286,95.74695,Primary EV use,Primary EV use,correct
MIT,b4c38,872,95.89669759457804,95.75842,Primary EV use,Primary EV use,correct
MIT,b4c38,873,95.88869353868573,95.3246,Primary EV use,Primary EV use,correct
MIT,b4c38,874,95.87274212623444,95.340576,Primary EV use,Primary EV use,correct
MIT,b4c38,875,95.863868680564,95.360916,Primary EV use,Primary EV use,correct
MIT,b4c38,876,95.85203741967005,95.34605,Primary EV use,Primary EV use,correct
MIT,b4c38,877,95.8446192568891,95.3968,Primary EV use,Primary EV use,correct
MIT,b4c38,878,95.82608802477006,95.46265,Primary EV use,Primary EV use,correct
MIT,b4c38,879,95.81552304898777,95.43327,Primary EV use,Primary EV use,correct
MIT,b4c38,880,95.80989091520756,95.386795,Primary EV use,Primary EV use,correct
MIT,b4c38,881,95.79849434920268,95.29556,Primary EV use,Primary EV use,correct
MIT,b4c38,882,95.79593342931273,95.34383,Primary EV use,Primary EV use,correct
MIT,b4c38,883,95.77158106563563,95.31138,Primary EV use,Primary EV use,correct
MIT,b4c38,884,95.7720157605247,95.37397,Primary EV use,Primary EV use,correct
MIT,b4c38,885,95.75351287807234,95.39507,Primary EV use,Primary EV use,correct
MIT,b4c38,886,95.73948924295522,95.337265,Primary EV use,Primary EV use,correct
MIT,b4c38,887,95.72367012894848,95.406105,Primary EV use,Primary EV use,correct
MIT,b4c38,888,95.70683042694125,95.32419,Primary EV use,Primary EV use,correct
MIT,b4c38,889,95.69119086082345,95.37782,Primary EV use,Primary EV use,correct
MIT,b4c38,890,95.68221346637517,95.4277,Primary EV use,Primary EV use,correct
MIT,b4c38,891,95.67218713425977,95.31617,Primary EV use,Primary EV use,correct
MIT,b4c38,892,95.65279596225149,95.26546,Primary EV use,Primary EV use,correct
MIT,b4c38,893,95.64824111580508,95.31487,Primary EV use,Primary EV use,correct
MIT,b4c38,894,95.63869672802323,95.30524,Primary EV use,Primary EV use,correct
MIT,b4c38,895,95.62660087024028,95.345406,Primary EV use,Primary EV use,correct
MIT,b4c38,896,95.60891067823272,95.30565,Primary EV use,Primary EV use,correct
MIT,b4c38,897,95.59799605656139,95.32538,Primary EV use,Primary EV use,correct
MIT,b4c38,898,95.58449216533337,95.35007,Primary EV use,Primary EV use,correct
MIT,b4c38,899,95.57653535888552,95.2765,Primary EV use,Primary EV use,correct
MIT,b4c38,900,95.55735208443286,95.30989,Primary EV use,Primary EV use,correct
MIT,b4c38,901,95.55389342509807,95.35611,Primary EV use,Primary EV use,correct
MIT,b4c38,902,95.53508814620113,95.403984,Primary EV use,Primary EV use,correct
MIT,b4c38,903,95.52757548453124,95.388916,Primary EV use,Primary EV use,correct
MIT,b4c38,904,95.51712390741567,95.287834,Primary EV use,Primary EV use,correct
MIT,b4c38,905,95.4978177844074,95.33331,Primary EV use,Primary EV use,correct
MIT,b4c38,906,95.48176242317832,95.28282,Primary EV use,Primary EV use,correct
MIT,b4c38,907,95.46188930683648,95.27048,Primary EV use,Primary EV use,correct
MIT,b4c38,908,95.44987849805356,95.277916,Primary EV use,Primary EV use,correct
MIT,b4c38,909,95.43694160015914,95.30272,Primary EV use,Primary EV use,correct
MIT,b4c38,910,95.42951398748932,95.2357,Primary EV use,Primary EV use,correct
MIT,b4c38,911,95.40910222748057,95.32164,Primary EV use,Primary EV use,correct
MIT,b4c38,912,95.3951636413635,95.291626,Primary EV use,Primary EV use,correct
MIT,b4c38,913,95.37520547602163,95.30224,Primary EV use,Primary EV use,correct
MIT,b4c38,914,95.3629584200164,95.31271,Primary EV use,Primary EV use,correct
MIT,b4c38,915,95.3446161856752,95.321106,Primary EV use,Primary EV use,correct
MIT,b4c38,916,95.32719059055664,95.31003,Primary EV use,Primary EV use,correct
MIT,b4c38,917,95.31291180843941,95.20105,Primary EV use,Primary EV use,correct
MIT,b4c38,918,95.29586420887658,95.16776,Primary EV use,Primary EV use,correct
MIT,b4c38,919,95.27956315053626,95.21466,Primary EV use,Primary EV use,correct
MIT,b4c38,920,95.26423543075194,95.12646,Primary EV use,Primary EV use,correct
MIT,b4c38,921,95.24722563074465,95.20279,Primary EV use,Primary EV use,correct
MIT,b4c38,922,95.23293739873854,95.14021,Primary EV use,Primary EV use,correct
MIT,b4c38,923,95.21055061195118,95.06752,Primary EV use,Primary EV use,correct
MIT,b4c38,924,95.20394513961502,95.050705,Primary EV use,Primary EV use,correct
MIT,b4c38,925,95.19037509916478,95.11272,Primary EV use,Primary EV use,correct
MIT,b4c38,926,95.17458433482469,95.09256,Primary EV use,Primary EV use,correct
MIT,b4c38,927,95.1555995080388,95.126,Primary EV use,Primary EV use,correct
MIT,b4c38,928,95.13464910436315,95.074295,Primary EV use,Primary EV use,correct
MIT,b4c38,929,95.11910403713429,95.22746,Primary EV use,Primary EV use,correct
MIT,b4c38,930,95.11130787879762,95.12506,Primary EV use,Primary EV use,correct
MIT,b4c38,931,95.08550968211993,95.0971,Primary EV use,Primary EV use,correct
MIT,b4c38,932,95.08226837022964,95.1105,Primary EV use,Primary EV use,correct
MIT,b4c38,933,95.05842630055277,94.94047,Primary EV use,Primary EV use,correct
MIT,b4c38,934,95.03999901721156,94.91056,Primary EV use,Primary EV use,correct
MIT,b4c38,935,95.01731928386852,94.87414,Primary EV use,Primary EV use,correct
MIT,b4c38,936,94.99965744152765,94.88852,Primary EV use,Primary EV use,correct
MIT,b4c38,937,94.98561490663273,94.86449,Primary EV use,Primary EV use,correct
MIT,b4c38,938,94.97158182162674,94.87955,Primary EV use,Primary EV use,correct
MIT,b4c38,939,94.94987542683968,95.002014,Primary EV use,Primary EV use,correct
MIT,b4c38,940,94.93254433061004,94.84172,Primary EV use,Primary EV use,correct
MIT,b4c38,941,94.91639447049202,94.91992,Primary EV use,Primary EV use,correct
MIT,b4c38,942,94.89888382637342,94.88686,Primary EV use,Primary EV use,correct
MIT,b4c38,943,94.87194219313967,94.803314,Primary EV use,Primary EV use,correct
MIT,b4c38,944,94.85701136868883,94.82311,Primary EV use,Primary EV use,correct
MIT,b4c38,945,94.83398198945677,94.79882,Primary EV use,Primary EV use,correct
MIT,b4c38,946,94.81222834522524,94.74501,Primary EV use,Primary EV use,correct
MIT,b4c38,947,94.79122124221627,94.71916,Primary EV use,Primary EV use,correct
MIT,b4c38,948,94.76881555565112,94.75366,Primary EV use,Primary EV use,correct
MIT,b4c38,949,94.74898968875375,94.790306,Primary EV use,Primary EV use,correct
MIT,b4c38,950,94.73111994885721,94.72621,Primary EV use,Primary EV use,correct
MIT,b4c38,951,94.70562414862407,94.73852,Primary EV use,Primary EV use,correct
MIT,b4c38,952,94.68334131061454,94.76886,Primary EV use,Primary EV use,correct
MIT,b4c38,953,94.65416005371317,94.629234,Primary EV use,Primary EV use,correct
MIT,b4c38,954,94.6306014807031,94.66249,Primary EV use,Primary EV use,correct
MIT,b4c38,955,94.60832809258247,94.67168,Primary EV use,Primary EV use,correct
MIT,b4c38,956,94.58803918112932,94.69423,Primary EV use,Primary EV use,correct
MIT,b4c38,957,94.57141682656666,94.60918,Primary EV use,Primary EV use,correct
MIT,b4c38,958,94.54476813988859,94.68301,Primary EV use,Primary EV use,correct
MIT,b4c38,959,94.53055550699364,94.67208,Primary EV use,Primary EV use,correct
MIT,b4c38,960,94.5126763172082,94.62761,Primary EV use,Primary EV use,correct
MIT,b4c38,961,94.4867278672971,94.58103,Primary EV use,Primary EV use,correct
MIT,b4c38,962,94.45684731861765,94.549644,Primary EV use,Primary EV use,correct
MIT,b4c38,963,94.43919492616567,94.50606,Primary EV use,Primary EV use,correct
MIT,b4c38,964,94.41688468347834,94.53477,Primary EV use,Primary EV use,correct
MIT,b4c38,965,94.39421912496864,94.557884,Primary EV use,Primary EV use,correct
MIT,b4c38,966,94.36194964437706,94.33045,Primary EV use,Primary EV use,correct
MIT,b4c38,967,94.34124493781265,94.4993,Primary EV use,Primary EV use,correct
MIT,b4c38,968,94.3158757660907,94.27517,Primary EV use,Primary EV use,correct
MIT,b4c38,969,94.29202141155825,94.333145,Primary EV use,Primary EV use,correct
MIT,b4c38,970,94.26158898936747,94.33222,Primary EV use,Primary EV use,correct
MIT,b4c38,971,94.24553551811616,94.24751,Primary EV use,Primary EV use,correct
MIT,b4c38,972,94.21324430278013,94.276566,Primary EV use,Primary EV use,correct
MIT,b4c38,973,94.1923534334045,94.232864,Primary EV use,Primary EV use,correct
MIT,b4c38,974,94.1720191624847,94.23171,Primary EV use,Primary EV use,correct
MIT,b4c38,975,94.14227941714975,94.33576,Primary EV use,Primary EV use,correct
MIT,b4c38,976,94.12266711774137,94.31301,Primary EV use,Primary EV use,correct
MIT,b4c38,977,94.10753784562378,94.24766,Primary EV use,Primary EV use,correct
MIT,b4c38,978,94.06555860419472,94.113785,Primary EV use,Primary EV use,correct
MIT,b4c38,979,94.04027920641724,94.22438,Primary EV use,Primary EV use,correct
MIT,b4c38,980,93.99874505475502,94.0344,Primary EV use,Primary EV use,correct
MIT,b4c38,981,93.9700977165761,94.17988,Primary EV use,Primary EV use,correct
MIT,b4c38,982,93.94874947257809,93.97857,Primary EV use,Primary EV use,correct
MIT,b4c38,983,93.9232678471783,94.05712,Primary EV use,Primary EV use,correct
MIT,b4c38,984,93.88079248658234,93.87495,Primary EV use,Primary EV use,correct
MIT,b4c38,985,93.85544032466039,93.96107,Primary EV use,Primary EV use,correct
MIT,b4c38,986,93.8214424593903,93.96951,Primary EV use,Primary EV use,correct
MIT,b4c38,987,93.79050824809929,93.77439,Primary EV use,Primary EV use,correct
MIT,b4c38,988,93.75298462928323,93.735756,Primary EV use,Primary EV use,correct
MIT,b4c38,989,93.72364461424846,93.79315,Primary EV use,Primary EV use,correct
MIT,b4c38,990,93.68796750372208,93.781815,Primary EV use,Primary EV use,correct
MIT,b4c38,991,93.65105151276185,93.73498,Primary EV use,Primary EV use,correct
MIT,b4c38,992,93.62585149405108,93.81166,Primary EV use,Primary EV use,correct
MIT,b4c38,993,93.59331174663714,93.87207,Primary EV use,Primary EV use,correct
MIT,b4c38,994,93.55217165534178,93.72062,Primary EV use,Primary EV use,correct
MIT,b4c38,995,93.51884378719419,93.5935,Primary EV use,Primary EV use,correct
MIT,b4c38,996,93.48438382235722,93.64184,Primary EV use,Primary EV use,correct
MIT,b4c38,997,93.4452319876849,93.632774,Primary EV use,Primary EV use,correct
MIT,b4c38,998,93.40686260381294,93.631935,Primary EV use,Primary EV use,correct
MIT,b4c38,999,93.37266156593165,93.57638,Primary EV use,Primary EV use,correct
MIT,b4c38,1000,93.33665276430513,93.53001,Primary EV use,Primary EV use,correct
MIT,b4c38,1001,93.3021020805348,93.40077,Primary EV use,Primary EV use,correct
MIT,b4c38,1002,93.26322618261817,93.305,Primary EV use,Primary EV use,correct
MIT,b4c38,1003,93.23254617333838,93.28901,Primary EV use,Primary EV use,correct
MIT,b4c38,1004,93.19072380006493,93.21255,Primary EV use,Primary EV use,correct
MIT,b4c38,1005,93.1547603579051,93.262245,Primary EV use,Primary EV use,correct
MIT,b4c38,1006,93.11865516741187,93.21978,Primary EV use,Primary EV use,correct
MIT,b4c38,1007,93.07414619072617,93.184784,Primary EV use,Primary EV use,correct
MIT,b4c38,1008,93.034284669398,93.218636,Primary EV use,Primary EV use,correct
MIT,b4c38,1009,92.99163543084642,93.1345,Primary EV use,Primary EV use,correct
MIT,b4c38,1010,92.95053408409551,93.037315,Primary EV use,Primary EV use,correct
MIT,b4c38,1011,92.9152236292582,93.104675,Primary EV use,Primary EV use,correct
MIT,b4c38,1012,92.87411661257393,93.03746,Primary EV use,Primary EV use,correct
MIT,b4c38,1013,92.82262416799635,93.04459,Primary EV use,Primary EV use,correct
MIT,b4c38,1014,92.78128657402311,93.0047,Primary EV use,Primary EV use,correct
MIT,b4c38,1015,92.73372528322498,92.98886,Primary EV use,Primary EV use,correct
MIT,b4c38,1016,92.68099301322465,92.64149,Primary EV use,Primary EV use,correct
MIT,b4c38,1017,92.63073377914759,92.85645,Primary EV use,Primary EV use,correct
MIT,b4c38,1018,92.58272172864928,92.46647,Primary EV use,Primary EV use,correct
MIT,b4c38,1019,92.53662422564068,92.731125,Primary EV use,Primary EV use,correct
MIT,b4c38,1020,92.48745172878631,92.410385,Primary EV use,Primary EV use,correct
MIT,b4c38,1021,92.44084298678858,92.353935,Primary EV use,Primary EV use,correct
MIT,b4c38,1022,92.38779509049924,92.11052,Primary EV use,Primary EV use,correct
MIT,b4c38,1023,92.32919349450749,92.27456,Primary EV use,Primary EV use,correct
MIT,b4c38,1024,92.28302889728775,92.19939,Primary EV use,Primary EV use,correct
MIT,b4c38,1025,92.22220279745062,92.18382,Primary EV use,Primary EV use,correct
MIT,b4c38,1026,92.16991561721713,92.08718,Primary EV use,Primary EV use,correct
MIT,b4c38,1027,92.1192056234399,91.92179,Primary EV use,Primary EV use,correct
MIT,b4c38,1028,92.05897675658079,91.73669,Primary EV use,Primary EV use,correct
MIT,b4c38,1029,92.01271104554989,91.83129,Primary EV use,Primary EV use,correct
MIT,b4c38,1030,91.9560466767812,91.84145,Primary EV use,Primary EV use,correct
MIT,b4c38,1031,91.90948234926128,91.68664,Primary EV use,Primary EV use,correct
MIT,b4c38,1032,91.8528359352815,91.85353,Primary EV use,Primary EV use,correct
MIT,b4c38,1033,91.79846505454712,91.623055,Primary EV use,Primary EV use,correct
MIT,b4c38,1034,91.74429073150174,91.76112,Primary EV use,Primary EV use,correct
MIT,b4c38,1035,91.6841006091871,91.53247,Primary EV use,Primary EV use,correct
MIT,b4c38,1036,91.63103664808662,91.49505,Primary EV use,Primary EV use,correct
MIT,b4c38,1037,91.57012549924946,91.6077,Primary EV use,Primary EV use,correct
MIT,b4c38,1038,91.51746126844914,91.600876,Primary EV use,Primary EV use,correct
MIT,b4c38,1039,91.45789105884589,91.44991,Primary EV use,Primary EV use,correct
MIT,b4c38,1040,91.40475338861205,91.42636,Primary EV use,Primary EV use,correct
MIT,b4c38,1041,91.33873362983935,91.411865,Primary EV use,Primary EV use,correct
MIT,b4c38,1042,91.27376753367822,91.30782,Primary EV use,Primary EV use,correct
MIT,b4c38,1043,91.22215696548949,91.19805,Primary EV use,Primary EV use,correct
MIT,b4c38,1044,91.15956751638493,91.16529,Primary EV use,Primary EV use,correct
MIT,b4c38,1045,91.09840311052542,91.167244,Primary EV use,Primary EV use,correct
MIT,b4c38,1046,91.03805045012183,91.234146,Primary EV use,Primary EV use,correct
MIT,b4c38,1047,90.9813813564087,91.05453,Primary EV use,Primary EV use,correct
MIT,b4c38,1048,90.914004593591,91.17724,Primary EV use,Primary EV use,correct
MIT,b4c38,1049,90.8505816642861,91.157326,Primary EV use,Primary EV use,correct
MIT,b4c38,1050,90.8007051507092,91.10111,Primary EV use,Primary EV use,correct
MIT,b4c38,1051,90.73475343113655,91.056465,Primary EV use,Primary EV use,correct
MIT,b4c38,1052,90.67352760099924,90.48961,Primary EV use,Primary EV use,correct
MIT,b4c38,1053,90.61054976146117,90.718895,Primary EV use,Primary EV use,correct
MIT,b4c38,1054,90.54275531355441,90.72539,Primary EV use,Primary EV use,correct
MIT,b4c38,1055,81.8739394271572,88.98131,Primary EV use,Primary EV use,correct
MIT,b4c38,1056,90.01200986379403,90.44163,Primary EV use,Primary EV use,correct
MIT,b4c38,1057,90.02680082988925,90.356285,Primary EV use,Primary EV use,correct
MIT,b4c38,1058,89.99934795766639,90.336365,Primary EV use,Primary EV use,correct
MIT,b4c38,1059,89.95482197118068,90.350914,Primary EV use,Primary EV use,correct
MIT,b4c38,1060,89.90106533322437,90.32171,Primary EV use,Primary EV use,correct
MIT,b4c38,1061,89.8456511847562,90.30531,Primary EV use,Primary EV use,correct
MIT,b4c38,1062,89.78715164756451,90.19571,Primary EV use,Primary EV use,correct
MIT,b4c38,1063,89.72520479090468,90.18241,Primary EV use,Primary EV use,correct
MIT,b4c38,1064,89.65950065842102,89.941635,Primary EV use,Primary EV use,correct
MIT,b4c38,1065,89.59906861895071,90.0728,Primary EV use,Primary EV use,correct
MIT,b4c38,1066,89.53983104543649,89.99757,Primary EV use,Primary EV use,correct
MIT,b4c38,1067,89.48107730623359,89.71367,Primary EV use,Primary EV use,correct
MIT,b4c38,1068,89.4182516099067,89.73351,Primary EV use,Primary EV use,correct
MIT,b4c38,1069,89.3559050229467,89.747475,Primary EV use,Primary EV use,correct
MIT,b4c38,1070,89.29911213568907,89.73089,Primary EV use,Primary EV use,correct
MIT,b4c38,1071,89.23146983099348,89.63146,Primary EV use,Primary EV use,correct
MIT,b4c38,1072,89.1650172673095,89.63955,Primary EV use,Primary EV use,correct
MIT,b4c38,1073,89.10515978108387,89.686676,Primary EV use,Primary EV use,correct
MIT,b4c38,1074,89.0364033344878,89.552,Primary EV use,Primary EV use,correct
MIT,b4c38,1075,88.9771204015069,89.559296,Primary EV use,Primary EV use,correct
MIT,b4c38,1076,88.91516787491372,89.44301,Primary EV use,Primary EV use,correct
MIT,b4c38,1077,88.84844409941851,89.30194,Primary EV use,Primary EV use,correct
MIT,b4c38,1078,88.78292612974604,89.036674,Primary EV use,Primary EV use,correct
MIT,b4c38,1079,88.7192943578966,88.989456,Primary EV use,Primary EV use,correct
MIT,b4c38,1080,88.65774723153693,88.94507,Primary EV use,Primary EV use,correct
MIT,b4c38,1081,88.5903373941081,88.79894,Primary EV use,Primary EV use,correct
MIT,b4c38,1082,88.52811932563704,88.80332,Primary EV use,Primary EV use,correct
MIT,b4c38,1083,88.46250591208675,88.84712,Primary EV use,Primary EV use,correct
MIT,b4c38,1084,88.4053520390734,88.82051,Primary EV use,Primary EV use,correct
MIT,b4c38,1085,88.34450892943627,88.94306,Primary EV use,Primary EV use,correct
MIT,b4c38,1086,88.27832663257462,88.8073,Primary EV use,Primary EV use,correct
MIT,b4c38,1087,88.21418834668052,88.625595,Primary EV use,Primary EV use,correct
MIT,b4c38,1088,88.15487139409959,88.60034,Primary EV use,Primary EV use,correct
MIT,b4c38,1089,88.08465588465845,88.512436,Primary EV use,Primary EV use,correct
MIT,b4c38,1090,88.01516707167316,88.43773,Primary EV use,Primary EV use,correct
MIT,b4c38,1091,87.95222892166846,88.34091,Primary EV use,Primary EV use,correct
MIT,b4c38,1092,87.8939202722324,88.41165,Primary EV use,Primary EV use,correct
MIT,b4c38,1093,87.82343449596893,88.4563,Primary EV use,Primary EV use,correct
MIT,b4c38,1094,87.76528932961072,88.4567,Primary EV use,Primary EV use,correct
MIT,b4c38,1095,87.70407956428453,88.44795,Primary EV use,Primary EV use,correct
MIT,b4c38,1096,73.90193944794696,87.32143,Second-life candidate,Primary EV use,risky (predicted too optimistic)
MIT,b4c38,1097,87.16953714916697,88.2187,Primary EV use,Primary EV use,correct
MIT,b4c38,1098,87.1851398607181,88.08799,Primary EV use,Primary EV use,correct
MIT,b4c38,1099,87.14691695012397,88.254196,Primary EV use,Primary EV use,correct
MIT,b4c38,1100,87.0934636536011,88.06468,Primary EV use,Primary EV use,correct
MIT,b4c38,1101,87.03538085650959,88.089615,Primary EV use,Primary EV use,correct
MIT,b4c38,1102,86.98029461918601,87.73953,Primary EV use,Primary EV use,correct
MIT,b4c38,1103,86.91934378081551,87.87754,Primary EV use,Primary EV use,correct
MIT,b4c38,1104,86.85267103472032,87.853485,Primary EV use,Primary EV use,correct
MIT,b4c38,1105,86.79646404057405,87.64408,Primary EV use,Primary EV use,correct
MIT,b4c38,1106,86.7344661545142,87.869316,Primary EV use,Primary EV use,correct
MIT,b4c38,1107,86.67279523461004,87.71343,Primary EV use,Primary EV use,correct
MIT,b4c38,1108,86.6140528352738,87.54256,Primary EV use,Primary EV use,correct
MIT,b4c38,1109,86.55336753878117,87.47779,Primary EV use,Primary EV use,correct
MIT,b4c38,1110,86.49512692854515,87.341515,Primary EV use,Primary EV use,correct
MIT,b4c38,1111,86.43824899228748,87.29309,Primary EV use,Primary EV use,correct
MIT,b4c38,1112,86.37553102469398,87.29493,Primary EV use,Primary EV use,correct
MIT,b4c38,1113,86.31523978856819,87.270134,Primary EV use,Primary EV use,correct
MIT,b4c38,1114,86.2538892198975,87.221245,Primary EV use,Primary EV use,correct
MIT,b4c38,1115,86.19314249912708,87.33535,Primary EV use,Primary EV use,correct
MIT,b4c38,1116,86.13501434256887,87.15956,Primary EV use,Primary EV use,correct
MIT,b4c38,1117,86.07399074005389,87.01082,Primary EV use,Primary EV use,correct
MIT,b4c38,1118,86.00888384054825,87.09028,Primary EV use,Primary EV use,correct
MIT,b4c38,1119,85.9559937574034,87.08348,Primary EV use,Primary EV use,correct
MIT,b4c38,1120,85.8985809574344,87.03811,Primary EV use,Primary EV use,correct
MIT,b4c38,1121,85.83859400773096,86.97019,Primary EV use,Primary EV use,correct
MIT,b4c38,1122,85.78413902298546,86.932724,Primary EV use,Primary EV use,correct
MIT,b4c38,1123,85.7187609116686,86.88472,Primary EV use,Primary EV use,correct
MIT,b4c38,1124,85.65969249116556,86.804,Primary EV use,Primary EV use,correct
MIT,b4c38,1125,85.60358094089709,86.821,Primary EV use,Primary EV use,correct
MIT,b4c38,1126,85.54737300176194,86.74981,Primary EV use,Primary EV use,correct
MIT,b4c38,1127,85.48602337808013,86.780556,Primary EV use,Primary EV use,correct
MIT,b4c38,1128,85.42449893145383,86.51731,Primary EV use,Primary EV use,correct
MIT,b4c38,1129,85.36535680181741,86.54984,Primary EV use,Primary EV use,correct
MIT,b4c38,1130,85.301545482079,86.4998,Primary EV use,Primary EV use,correct
MIT,b4c38,1131,85.239446482208,86.49797,Primary EV use,Primary EV use,correct
MIT,b4c38,1132,85.18324988293952,86.58187,Primary EV use,Primary EV use,correct
MIT,b4c38,1133,85.12448574885882,86.496445,Primary EV use,Primary EV use,correct
MIT,b4c38,1134,85.06456022343318,86.25124,Primary EV use,Primary EV use,correct
MIT,b4c38,1135,85.00180823623967,86.27042,Primary EV use,Primary EV use,correct
MIT,b4c38,1136,84.94499266924869,86.14994,Primary EV use,Primary EV use,correct
MIT,b4c38,1137,84.88180598716612,86.159836,Primary EV use,Primary EV use,correct
MIT,b4c38,1138,84.8218700668627,86.17887,Primary EV use,Primary EV use,correct
MIT,b4c38,1139,84.77129520649662,86.2448,Primary EV use,Primary EV use,correct
MIT,b4c38,1140,84.70054388835524,85.79817,Primary EV use,Primary EV use,correct
MIT,b4c38,1141,84.63566851112749,85.7721,Primary EV use,Primary EV use,correct
MIT,b4c38,1142,84.57429620771234,85.771645,Primary EV use,Primary EV use,correct
MIT,b4c38,1143,84.51350885241968,85.77872,Primary EV use,Primary EV use,correct
MIT,b4c38,1144,84.45678872930652,85.76091,Primary EV use,Primary EV use,correct
MIT,b4c38,1145,84.39328169599048,85.69642,Primary EV use,Primary EV use,correct
MIT,b4c38,1146,84.32907631588522,85.52991,Primary EV use,Primary EV use,correct
MIT,b4c38,1147,84.26627896922503,85.51997,Primary EV use,Primary EV use,correct
MIT,b4c38,1148,84.20740143647761,85.37942,Primary EV use,Primary EV use,correct
MIT,b4c38,1149,84.14745984624086,85.48903,Primary EV use,Primary EV use,correct
MIT,b4c38,1150,84.08452075124728,85.44092,Primary EV use,Primary EV use,correct
MIT,b4c38,1151,84.02531719733307,85.483376,Primary EV use,Primary EV use,correct
MIT,b4c38,1152,83.95514610236971,85.12377,Primary EV use,Primary EV use,correct
MIT,b4c38,1153,83.89470933795496,85.12793,Primary EV use,Primary EV use,correct
MIT,b4c38,1154,83.83081863914987,85.149216,Primary EV use,Primary EV use,correct
MIT,b4c38,1155,83.77186834225797,85.10579,Primary EV use,Primary EV use,correct
MIT,b4c38,1156,83.70539215385176,84.616844,Primary EV use,Primary EV use,correct
MIT,b4c38,1157,83.64693230619342,85.08752,Primary EV use,Primary EV use,correct
MIT,b4c38,1158,83.58713151930117,84.6096,Primary EV use,Primary EV use,correct
MIT,b4c38,1159,83.52237899062902,84.61301,Primary EV use,Primary EV use,correct
MIT,b4c38,1160,83.45704718376774,84.56276,Primary EV use,Primary EV use,correct
MIT,b4c38,1161,83.3871406856934,84.58539,Primary EV use,Primary EV use,correct
MIT,b4c38,1162,83.326991197901,84.611984,Primary EV use,Primary EV use,correct
MIT,b4c38,1163,83.26564629916365,84.19509,Primary EV use,Primary EV use,correct
MIT,b4c38,1164,83.20320899327027,84.25305,Primary EV use,Primary EV use,correct
MIT,b4c38,1165,83.14632066213483,84.208244,Primary EV use,Primary EV use,correct
MIT,b4c38,1166,83.10326507836085,84.215,Primary EV use,Primary EV use,correct
MIT,b4c38,1167,83.03989317845596,84.122246,Primary EV use,Primary EV use,correct
MIT,b4c38,1168,82.97364851232763,84.12705,Primary EV use,Primary EV use,correct
MIT,b4c38,1169,82.91289517663496,83.93186,Primary EV use,Primary EV use,correct
MIT,b4c38,1170,82.84585104990629,84.14182,Primary EV use,Primary EV use,correct
MIT,b4c38,1171,82.78071013080066,84.22001,Primary EV use,Primary EV use,correct
MIT,b4c38,1172,82.72000215457467,84.138626,Primary EV use,Primary EV use,correct
MIT,b4c38,1173,82.64782673817713,83.927956,Primary EV use,Primary EV use,correct
MIT,b4c38,1174,82.57651787659107,84.00687,Primary EV use,Primary EV use,correct
MIT,b4c38,1175,82.51740409662135,83.18788,Primary EV use,Primary EV use,correct
MIT,b4c38,1176,82.44565676019064,83.224304,Primary EV use,Primary EV use,correct
MIT,b4c38,1177,82.37805981496173,83.25916,Primary EV use,Primary EV use,correct
MIT,b4c38,1178,82.31240671187808,82.917206,Primary EV use,Primary EV use,correct
MIT,b4c38,1179,82.24647200210543,82.94014,Primary EV use,Primary EV use,correct
MIT,b4c38,1180,82.17750671296483,82.973114,Primary EV use,Primary EV use,correct
MIT,b4c38,1181,82.10622620104544,82.997185,Primary EV use,Primary EV use,correct
MIT,b4c38,1182,82.04158140110668,83.00501,Primary EV use,Primary EV use,correct
MIT,b4c38,1183,81.97093781169869,82.98464,Primary EV use,Primary EV use,correct
MIT,b4c38,1184,81.90305358984743,82.920876,Primary EV use,Primary EV use,correct
MIT,b4c38,1185,81.83112576053888,82.95178,Primary EV use,Primary EV use,correct
MIT,b4c38,1186,81.76088757136438,82.81897,Primary EV use,Primary EV use,correct
MIT,b4c38,1187,81.69509933486958,82.8265,Primary EV use,Primary EV use,correct
MIT,b4c38,1188,81.62395962629469,82.87924,Primary EV use,Primary EV use,correct
MIT,b4c38,1189,81.55226331926403,82.935104,Primary EV use,Primary EV use,correct
MIT,b4c38,1190,81.4837147702236,82.8445,Primary EV use,Primary EV use,correct
MIT,b4c38,1191,81.4102995284033,82.89694,Primary EV use,Primary EV use,correct
MIT,b4c38,1192,81.33409089942626,82.82869,Primary EV use,Primary EV use,correct
MIT,b4c38,1193,81.26397083386293,82.782394,Primary EV use,Primary EV use,correct
MIT,b4c38,1194,81.19202032482103,81.855446,Primary EV use,Primary EV use,correct
MIT,b4c38,1195,81.1171356252779,81.94557,Primary EV use,Primary EV use,correct
MIT,b4c38,1196,81.04805221252612,81.918396,Primary EV use,Primary EV use,correct
MIT,b4c38,1197,80.974541526828,81.96245,Primary EV use,Primary EV use,correct
MIT,b4c38,1198,80.89795490229524,81.83921,Primary EV use,Primary EV use,correct
MIT,b4c38,1199,80.82593162910887,81.91981,Primary EV use,Primary EV use,correct
MIT,b4c38,1200,80.75157045341041,81.90501,Primary EV use,Primary EV use,correct
MIT,b4c38,1201,80.67956891496848,81.76031,Primary EV use,Primary EV use,correct
MIT,b4c38,1202,80.60731411950425,81.840324,Primary EV use,Primary EV use,correct
MIT,b4c38,1203,80.53042982347137,81.91401,Primary EV use,Primary EV use,correct
MIT,b4c38,1204,80.45483449228345,81.58671,Primary EV use,Primary EV use,correct
MIT,b4c38,1205,80.38127372217421,81.8859,Primary EV use,Primary EV use,correct
MIT,b4c38,1206,80.31066320737735,81.25444,Primary EV use,Primary EV use,correct
MIT,b4c38,1207,80.22886213415347,81.70237,Primary EV use,Primary EV use,correct
MIT,b4c38,1208,80.1558069331,81.62387,Primary EV use,Primary EV use,correct
MIT,b4c38,1209,80.07721031719971,81.68533,Primary EV use,Primary EV use,correct
MIT,b4c38,1210,79.99479972614223,81.66765,Second-life candidate,Primary EV use,risky (predicted too optimistic)
MIT,b4c38,1211,79.92067007272162,80.68857,Second-life candidate,Primary EV use,risky (predicted too optimistic)
MIT,b4c38,1212,79.84673697699,79.92002,Second-life candidate,Second-life candidate,correct
MIT,b4c38,1213,79.76650647530012,80.41099,Second-life candidate,Primary EV use,risky (predicted too optimistic)
MIT,b4c38,1214,79.6827842396643,80.33827,Second-life candidate,Primary EV use,risky (predicted too optimistic)
MIT,b4c38,1215,79.60459774894197,80.55448,Second-life candidate,Primary EV use,risky (predicted too optimistic)
MIT,b4c38,1216,79.52376528932962,80.43211,Second-life candidate,Primary EV use,risky (predicted too optimistic)
MIT,b4c38,1217,79.44582166075183,80.47235,Second-life candidate,Primary EV use,risky (predicted too optimistic)
MIT,b4c38,1218,79.36188491263815,80.43795,Second-life candidate,Primary EV use,risky (predicted too optimistic)
MIT,b4c38,1219,79.28084928041459,80.44746,Second-life candidate,Primary EV use,risky (predicted too optimistic)
MIT,b4c38,1220,79.19930618915748,80.53218,Second-life candidate,Primary EV use,risky (predicted too optimistic)
MIT,b4c38,1221,79.11778577763371,80.4845,Second-life candidate,Primary EV use,risky (predicted too optimistic)
MIT,b4c38,1222,79.03355135801992,80.359795,Second-life candidate,Primary EV use,risky (predicted too optimistic)
MIT,b4c38,1223,78.95536486729759,80.25481,Second-life candidate,Primary EV use,risky (predicted too optimistic)
MIT,b4c38,1224,78.8642528185475,80.36825,Second-life candidate,Primary EV use,risky (predicted too optimistic)
MIT,b4c38,1225,78.77998343434477,80.27677,Second-life candidate,Primary EV use,risky (predicted too optimistic)
MIT,b4c38,1226,78.69285356877417,80.34043,Second-life candidate,Primary EV use,risky (predicted too optimistic)
MIT,b4c38,1227,78.61075860400571,79.235725,Second-life candidate,Second-life candidate,correct
MIT,b4c38,1228,78.525183245158,79.456055,Second-life candidate,Second-life candidate,correct
MIT,b4c38,1229,78.43873471657658,79.37704,Second-life candidate,Second-life candidate,correct
MIT,b4c38,1230,78.34959296966066,79.41431,Second-life candidate,Second-life candidate,correct
