dataset,battery_id,cycle_idx,discharge_capacity,SOH_recovered
NASA,B0033,1,0.6895699007862814,59.39014009699285
NASA,B0033,2,1.1610848192311252,100.0
NASA,B0033,3,1.2529393053824995,107.91109181947627
NASA,B0033,4,1.302918002447558,112.21557468216278
NASA,B0033,5,1.3218773211472525,113.84847164073722
NASA,B0033,6,1.2884694418301417,110.97117286257958
NASA,B0033,7,1.713169326386719,147.54902467170197
NASA,B0033,8,1.6560966776720512,142.6335656312107
NASA,B0033,9,1.6197297341990775,139.50141345157442
NASA,B0033,10,1.604655812282729,138.20315154454767
NASA,B0033,11,1.6255699769029337,140.00441225124212
NASA,B0033,12,1.5900967306245992,136.94923095089362
NASA,B0033,13,1.5739402299623984,135.5577304855874
NASA,B0033,14,1.5711303351557309,135.31572449600532
NASA,B0033,15,1.5897706153457416,136.92114383155004
NASA,B0033,16,1.6257378771074,140.01887288337556
NASA,B0033,17,1.6523506333962537,142.31093250279912
NASA,B0033,18,1.6143816761595386,139.04080472162133
NASA,B0033,19,1.58697453394504,136.68032754023437
NASA,B0033,20,1.5818355572787333,136.23772622625717
NASA,B0033,21,1.6919769406371152,145.72380179404541
NASA,B0033,22,1.6879483800354476,145.37683656506795
NASA,B0033,23,1.6586223007531458,142.851088334054
NASA,B0033,24,1.6420179032789863,141.42101215020077
NASA,B0033,25,1.6381810791118743,141.09056048090304
NASA,B0033,26,1.6422892507912386,141.44438232159203
NASA,B0033,27,1.651270876264092,142.21793695981398
NASA,B0033,28,1.6326559297917211,140.61469952495565
NASA,B0033,29,1.6260888111680731,140.04909755386134
NASA,B0033,30,1.6079292963823688,138.48508478882238
NASA,B0033,31,1.6125361114907395,138.88185296906795
NASA,B0033,32,1.6218384168987892,139.6830266003113
NASA,B0033,33,1.6145443029101134,139.05481117040793
NASA,B0033,34,1.5953958917107596,137.40562836462172
NASA,B0033,35,1.5877243027113057,136.74490238901777
NASA,B0033,36,1.5811840578305605,136.1816149553679
NASA,B0033,37,1.6128422608267754,138.90822049458933
NASA,B0033,38,1.61998606328022,139.52349014027942
NASA,B0033,39,1.6099381853611876,138.65810306841277
NASA,B0033,40,1.5770977539565159,135.82967650898027
NASA,B0033,41,1.5708599066554392,135.2924334757618
NASA,B0033,42,1.6261581345348248,140.0550681225574
NASA,B0033,43,1.6348129972245726,140.8004798742569
NASA,B0033,44,1.6117053637342613,138.81030369525794
NASA,B0033,45,1.8851401699720662,162.3602461033306
NASA,B0033,46,1.6584957887780232,142.84019231913524
NASA,B0033,47,1.62418934644937,139.88550358662982
NASA,B0033,48,1.6041720988563641,138.16149107165597
NASA,B0033,49,1.6080016740907346,138.49131841681984
NASA,B0033,50,1.6256752138435595,140.01347592504808
NASA,B0033,51,1.617632765910718,139.3208092223547
NASA,B0033,52,1.5973191489094263,137.57127149136073
NASA,B0033,53,1.5875852250170606,136.73292413454908
NASA,B0033,54,1.5802530015403684,136.1014264734611
NASA,B0033,55,1.583036530487776,136.3411616677642
NASA,B0033,56,1.6027138832797037,138.03590028341142
NASA,B0033,57,1.5930709154513834,137.20538664060055
NASA,B0033,58,1.5448888685020246,133.05564269844263
NASA,B0033,59,1.5352188565640517,132.22279984512068
NASA,B0033,60,1.5252677314227332,131.36574573705747
NASA,B0033,61,1.5559492005453626,134.00822875074005
NASA,B0033,62,1.5648029438427147,134.77076936368292
NASA,B0033,63,1.5518620461881205,133.65621705533707
NASA,B0033,64,1.5144550545105004,130.43448931778977
NASA,B0033,65,1.5051936202146428,129.63683576634716
NASA,B0033,66,1.605823969917045,138.30376070031022
NASA,B0033,67,1.6249005195877049,139.94675433477119
NASA,B0033,68,1.589785130036615,136.92239392892733
NASA,B0033,69,1.5552386152299904,133.94702862964613
NASA,B0033,70,1.539756404636803,132.61360230826511
NASA,B0033,71,1.5293174002138357,131.7145289373911
NASA,B0033,72,1.547680553576876,133.29608035025004
NASA,B0033,73,1.5659920939439786,134.87318652404608
NASA,B0033,74,1.5416252851780505,132.7745621718593
NASA,B0033,75,1.517590655990168,130.70454723498344
NASA,B0033,76,1.5075202042593092,129.8372159630504
NASA,B0033,77,1.49549282626034,128.80134177024735
NASA,B0033,78,1.4997618811573148,129.16901989558895
NASA,B0033,79,1.4906966807803954,128.38826725574972
NASA,B0033,80,1.4800999425051866,127.47560884357394
NASA,B0033,81,1.4676091496100632,126.39982241623997
NASA,B0033,82,1.4729818491920503,126.86255343235516
NASA,B0033,83,1.4742872137206404,126.97497971740937
NASA,B0033,84,1.4635162808346138,126.04731855884224
NASA,B0033,85,1.4527095680488362,125.11657580802978
NASA,B0033,86,1.4557303847230247,125.376747728647
NASA,B0033,87,1.459740099618568,125.72208984570254
NASA,B0033,88,1.448711504158192,124.7722371495249
NASA,B0033,89,1.4666759762884336,126.31945160213809
NASA,B0033,90,1.4689502109504418,126.5153231374764
NASA,B0033,91,1.471116588522042,126.70190533506597
NASA,B0033,92,1.4473012364654927,124.6507759376185
NASA,B0033,93,1.4205315547561643,122.34520090417216
NASA,B0033,94,1.4241466094817417,122.65655238045545
NASA,B0033,95,1.4412820083364295,124.13236177619238
NASA,B0033,96,1.4448965388921615,124.44366810763898
NASA,B0033,97,1.4540256354795746,125.2299238950033
NASA,B0033,98,1.4226030447542912,122.52361078119552
NASA,B0033,99,1.410196954589097,121.45511949100627
NASA,B0033,100,1.4144881298999457,121.82470276690252
NASA,B0033,101,1.431360032946153,123.27781822985209
NASA,B0033,102,1.4515133236517528,125.01354764184673
NASA,B0033,103,1.4230376757726733,122.56104396533358
NASA,B0033,104,1.396298696255913,120.25811319973569
NASA,B0033,105,1.3979060730399124,120.39655069864845
NASA,B0033,106,1.4011347560096767,120.67462538503548
NASA,B0033,107,1.436782528945267,123.74483802972378
NASA,B0033,108,1.4370006879546382,123.76362726938636
NASA,B0033,109,1.410355528453481,121.46877687948962
NASA,B0033,110,1.382633397996189,119.08117090978538
NASA,B0033,111,1.3699403583067564,117.98796570382655
NASA,B0033,112,1.3786129327882322,118.73490290753736
NASA,B0033,113,1.8035959863147193,155.33714302707594
NASA,B0033,114,1.4234424290662009,122.59590389001984
NASA,B0033,115,1.3946003892958663,120.11184421646095
NASA,B0033,116,1.3961613987822286,120.24628826916985
NASA,B0033,117,1.384968608315797,119.28229405608184
NASA,B0033,118,1.3715114742475478,118.12328018858847
NASA,B0033,119,1.3616865084879255,117.27709172785839
NASA,B0033,120,1.3796301360966086,118.82251091786773
NASA,B0033,121,1.364231776003204,117.49630633415771
NASA,B0033,122,1.3418414512081456,115.56790933643575
NASA,B0033,123,1.3552215695792247,116.7202901228747
NASA,B0033,124,1.3403860264029774,115.44255890715944
NASA,B0033,125,1.3594078914195438,117.08084275184554
NASA,B0033,126,1.3457100861355502,115.90110075047615
NASA,B0033,127,1.3477611420854358,116.07775071746511
NASA,B0033,128,1.335482103134067,115.02020188485697
NASA,B0033,129,1.353154941842234,116.54229901466616
NASA,B0033,130,1.3709677706044292,118.07645297716401
NASA,B0033,131,1.357426672491866,116.91020759282334
NASA,B0033,132,1.3443678821106904,115.7855016139937
NASA,B0033,133,1.33005823859453,114.5530642175909
NASA,B0033,134,1.4033641858066626,120.86663804079151
NASA,B0033,135,1.3865570950229378,119.41910462158323
NASA,B0033,136,1.3704138176872631,118.0287430331538
NASA,B0033,137,1.325319393635713,114.14492478795344
NASA,B0033,138,0.8439684993200656,72.68792816350357
NASA,B0033,139,0.29866180371583506,25.722651676180735
NASA,B0033,140,0.2344867974702557,20.19549248999171
NASA,B0033,141,0.20256330380725823,17.446038433384775
NASA,B0033,142,0.23531995654070248,20.26724944147769
NASA,B0033,143,0.23550427837482876,20.283124408669867
NASA,B0033,144,0.4304242256752923,37.07086842805514
NASA,B0033,145,0.46436333202696434,39.99391985285515
NASA,B0033,146,0.3994839380247729,34.40609431870039
NASA,B0033,147,1.461469789426299,125.87106171916793
NASA,B0033,148,1.4150999545382532,121.87739699114641
NASA,B0033,149,1.383632373873956,119.1672090580086
NASA,B0033,150,1.3705402893609833,118.03963557705977
NASA,B0033,151,1.3557042566115398,116.761862196191
NASA,B0033,152,1.3578385793919763,116.94568363154917
NASA,B0033,153,1.3609083979571395,117.21007590628376
NASA,B0033,154,1.3495626547684758,116.23290843318075
NASA,B0033,155,1.1888877132486642,102.39456184053377
NASA,B0033,156,1.5041493934608645,129.5469003252422
NASA,B0033,157,1.4899088638712767,128.32041545921683
NASA,B0033,158,1.475330178643193,127.06480648159383
NASA,B0033,159,1.459830765413703,125.72989855990096
NASA,B0033,160,1.4474169057725728,124.66073811309133
NASA,B0033,161,1.4676323674647154,126.4018220853656
NASA,B0033,162,1.441552493165527,124.15565764783048
NASA,B0033,163,1.418392873584403,122.16100409646799
NASA,B0033,164,1.4031824838852518,120.85098871712445
NASA,B0033,165,1.3911104661211642,119.81126986419157
NASA,B0033,166,1.4086019958134537,121.31775150985398
NASA,B0033,167,1.4137708903948947,121.76292954472518
NASA,B0033,168,1.412472234540845,121.65108105333677
NASA,B0033,169,1.3831900026575588,119.12910923885065
NASA,B0033,170,1.3646098107432565,117.52886508729883
NASA,B0033,171,1.369751365782437,117.97168846712607
NASA,B0033,172,1.3867946911071662,119.43956790559945
NASA,B0033,173,1.3918615875742792,119.87596121495889
NASA,B0033,174,1.377162352180965,118.6099696913553
NASA,B0033,175,1.3599525359390852,117.1277509975241
NASA,B0033,176,1.379779043170725,118.83533574096852
NASA,B0033,177,1.3631373661966442,117.40204880977765
NASA,B0033,178,1.3652295228794809,117.58223863296577
NASA,B0033,179,1.3498620694059131,116.25869592367913
NASA,B0033,180,1.3529504172332432,116.52468405617189
NASA,B0033,181,1.3535740542605128,116.5783956383871
NASA,B0033,182,1.3432225183905024,115.68685561490585
NASA,B0033,183,1.3412081769053426,115.51336773083432
NASA,B0033,184,1.3277389969987805,114.35331639922863
NASA,B0033,185,1.329778900445409,114.52900584179488
NASA,B0033,186,1.3356045028702495,115.0307437276367
NASA,B0033,187,1.3177489685711123,113.49291169302609
NASA,B0033,188,1.317605472474197,113.48055289765311
NASA,B0033,189,1.3185279522072382,113.56000271197865
NASA,B0033,190,1.3215397269813982,113.81939588673005
NASA,B0033,191,1.3046615372928705,112.36573897821025
NASA,B0033,192,1.3280324770208678,114.37859276295559
NASA,B0033,193,1.3634549770713926,117.42940347581823
NASA,B0033,194,1.3291316747402466,114.47326265280108
NASA,B0033,195,1.3124201086917682,113.03395643057826
NASA,B0033,196,1.3152825503676357,113.28048809032066
NASA,B0034,1,1.6623217152845853,101.0476249412366
NASA,B0034,2,1.645087369694532,100.0
NASA,B0034,3,1.620729289277574,98.51934426914475
NASA,B0034,4,1.5967402025126005,97.061118572024
NASA,B0034,5,1.4856500618812698,90.30827719242247
NASA,B0034,6,1.4866702197497013,90.37028957469617
NASA,B0034,7,1.4701330958405268,89.3650466791626
NASA,B0034,8,1.4565041801019636,88.53658516461739
NASA,B0034,9,1.4418961035576472,87.6486033580931
NASA,B0034,10,1.4370949588970292,87.35675596147067
NASA,B0034,11,1.4458703624967404,87.89018681513654
NASA,B0034,12,1.4321040545618373,87.05337363496733
NASA,B0034,13,1.426720633302465,86.72613136452354
NASA,B0034,14,1.4230846885129826,86.5051130249227
NASA,B0034,15,1.4409479522418907,87.59096804137843
NASA,B0034,16,1.486901544051865,90.38435109546553
NASA,B0034,17,1.5245313226850703,92.6717541432558
NASA,B0034,18,1.4629049605190707,88.92566969198178
NASA,B0034,19,1.4230794508549893,86.50479464317046
NASA,B0034,20,1.4051040863603435,85.41212535242126
NASA,B0034,21,1.6329463925070862,99.26198587314543
NASA,B0034,22,1.5687138208259117,95.3574776467464
NASA,B0034,23,1.5149520966053402,92.0894612963106
NASA,B0034,24,1.4855182940634626,90.30026741614951
NASA,B0034,25,1.480771929049074,90.01174991234848
NASA,B0034,26,1.484026357317059,90.20957698998201
NASA,B0034,27,1.4922153055506522,90.70735895490671
NASA,B0034,28,1.473312924099279,89.55833904267656
NASA,B0034,29,1.441593178980006,87.63018946815501
NASA,B0034,30,1.4225873198015788,86.47487945067208
NASA,B0034,31,1.4266489379486664,86.72177321582461
NASA,B0034,32,1.4596775560238577,88.7294853096403
NASA,B0034,33,1.4396159938545154,87.51000222692309
NASA,B0034,34,1.4195512657848512,86.29032669848048
NASA,B0034,35,1.4118101714470452,85.81976844848047
NASA,B0034,36,1.4044196701845313,85.37052171553118
NASA,B0034,37,1.4735059098606866,89.57007007684305
NASA,B0034,38,1.492658600645149,90.73430555377209
NASA,B0034,39,1.4820260149945934,90.08798209117509
NASA,B0034,40,1.423575357658995,86.53493935239023
NASA,B0034,41,1.4038252197245347,85.33438682865847
NASA,B0034,42,1.5363173478836125,93.38819178758169
NASA,B0034,43,1.5440367168176732,93.8574294144862
NASA,B0034,44,1.507892155360249,91.66030833002151
NASA,B0034,45,1.8203060058691092,110.65102312511902
NASA,B0034,46,1.5936575758226643,96.87373480464947
NASA,B0034,47,1.533070464968097,93.19082336962839
NASA,B0034,48,1.4862143093107285,90.3425761263182
NASA,B0034,49,1.5029318848267783,91.35878814180248
NASA,B0034,50,1.5202185406928062,92.40959287013965
NASA,B0034,51,1.5118194735004464,91.8990383946093
NASA,B0034,52,1.464601301820905,89.0287852670621
NASA,B0034,53,1.4546140961511749,88.42169254641318
NASA,B0034,54,1.4333400490204142,87.12850608576272
NASA,B0034,55,1.4493262346396159,88.10025907066164
NASA,B0034,56,1.495199821798908,90.88877887844608
NASA,B0034,57,1.4720590241846008,89.48211817211508
NASA,B0034,58,1.4097383014648728,85.69382559460291
NASA,B0034,59,1.3861944181384176,84.2626624989415
NASA,B0034,60,1.3624125407550536,82.81703244782878
NASA,B0034,61,1.4471377445077278,87.96722722249332
NASA,B0034,62,1.4554483390450048,88.4724037067563
NASA,B0034,63,1.4423952167302958,87.67894297298793
NASA,B0034,64,1.377541945989605,83.7367042849155
NASA,B0034,65,1.3539935892900532,82.30526926612228
NASA,B0034,66,1.5509038861664448,94.27486434683553
NASA,B0034,67,1.5562932697752867,94.60246905088493
NASA,B0034,68,1.5067526605064707,91.59104180504723
NASA,B0034,69,1.444138733302766,87.78492619336814
NASA,B0034,70,1.4144103811292437,85.97782751148824
NASA,B0034,71,1.3897574212362729,84.47924692864974
NASA,B0034,72,1.449968311475299,88.13928902417726
NASA,B0034,73,1.4678653068012166,89.22719448473896
NASA,B0034,74,1.4290644310445066,86.86860390338188
NASA,B0034,75,1.376744834668327,83.68825024314471
NASA,B0034,76,1.3515813262521057,82.15863492423956
NASA,B0034,77,1.353993472828928,82.30526218679462
NASA,B0034,78,1.3577165116893766,82.53157471760811
NASA,B0034,79,1.334169315351027,81.10021023374352
NASA,B0034,80,1.3372147888783987,81.28533557015268
NASA,B0034,81,1.339045224276927,81.39660232912539
NASA,B0034,82,1.3439244604756322,81.69319667958904
NASA,B0034,83,1.3454786192090245,81.78766939648072
NASA,B0034,84,1.3482263029682544,81.954692972848
NASA,B0034,85,1.3373192299576058,81.29168423473617
NASA,B0034,86,1.3402523341553034,81.46997897164381
NASA,B0034,87,1.3290965682379121,80.79185292661418
NASA,B0034,88,1.3323485655766352,80.98953223524123
NASA,B0034,89,1.3501541310555516,82.07187994557728
NASA,B0034,90,1.381523441054128,83.97872760464121
NASA,B0034,91,1.3835971952817807,84.10478499623359
NASA,B0034,92,1.3301161862080901,80.85383249006846
NASA,B0034,93,1.3176982121703233,80.09898054320361
NASA,B0034,94,1.3063657719651272,79.4101149902877
NASA,B0034,95,1.3381567383793782,81.34259389687331
NASA,B0034,96,1.3563258092165067,82.44703802378326
NASA,B0034,97,1.3648997529550058,82.96822272779633
NASA,B0034,98,1.3337639975535058,81.07557216253905
NASA,B0034,99,1.3060123668658763,79.38863253860998
NASA,B0034,100,1.3101868361375808,79.64238619015492
NASA,B0034,101,1.3567668941696103,82.47385027468428
NASA,B0034,102,1.3916857433587717,84.5964639323191
NASA,B0034,103,1.3629935079344777,82.85234772591835
NASA,B0034,104,1.3211711973900628,80.31009305210242
NASA,B0034,105,1.3074869015593356,79.47826514540174
NASA,B0034,106,1.3105881895483489,79.66678327800336
NASA,B0034,107,1.376312668196664,83.66198012037648
NASA,B0034,108,1.391764929132287,84.60127740149855
NASA,B0034,109,1.3649746353453525,82.9727746070294
NASA,B0034,110,1.3219093937291897,80.35496582620098
NASA,B0034,111,1.3090033888073913,79.57044792401837
NASA,B0034,112,1.3327005721973733,81.01092967754265
NASA,B0034,113,1.7423975189669398,105.9151964245204
NASA,B0034,114,1.37734756281946,83.72488830640118
NASA,B0034,115,1.34875988767775,81.98712801060496
NASA,B0034,116,1.3501504559881146,82.07165654908755
NASA,B0034,117,1.3387814875085953,81.38057055031592
NASA,B0034,118,1.3253371210402685,80.56332724056861
NASA,B0034,119,1.3308160596334049,80.89637572747989
NASA,B0034,120,1.333083376618503,81.03419922712291
NASA,B0034,121,1.3333226534895923,81.04874416105756
NASA,B0034,122,1.3264281097516475,80.62964522048122
NASA,B0034,123,1.323971040986857,80.48028727086383
NASA,B0034,124,1.3249364225071156,80.53896996079524
NASA,B0034,125,1.3283067675570923,80.74384327707402
NASA,B0034,126,1.314584348909226,79.9096979969717
NASA,B0034,127,1.3166841798543303,80.03734051516173
NASA,B0034,128,1.3041727649654073,79.27680857507116
NASA,B0034,129,1.3534450073572306,82.27192259147579
NASA,B0034,130,1.371294082513786,83.3569151265452
NASA,B0034,131,1.357699321922511,82.53052980247581
NASA,B0034,132,1.3286903090919502,80.76715763361968
NASA,B0034,133,1.3143943268181724,79.89814711556843
NASA,B0034,134,1.3866783030110723,84.29207643047904
NASA,B0034,135,1.3868330458429208,84.30148278996481
NASA,B0034,136,1.3548037379291014,82.35451580791529
NASA,B0034,137,1.3255787669951669,80.5780161841074
NASA,B0034,138,1.3119728676377553,79.7509537673594
NASA,B0034,139,1.3064487948795198,79.4151617079224
NASA,B0034,140,1.3418431880549024,81.56668227925563
NASA,B0034,141,1.3609210170759327,82.7263671308008
NASA,B0034,142,1.3299603677394973,80.84436074580348
NASA,B0034,143,1.299069387625936,78.96658934699339
NASA,B0034,144,1.2984544371955695,78.92920832749893
NASA,B0034,145,1.3176486091610087,80.09596532284337
NASA,B0034,146,1.3360648564106594,81.21543457346867
NASA,B0034,147,1.3635797361860138,82.88798280903524
NASA,B0034,148,1.3333112541544827,81.04805122916106
NASA,B0034,149,1.3023273463118925,79.16463102830308
NASA,B0034,150,1.2888728444455875,78.34677161766258
NASA,B0034,151,1.2902746194203034,78.4319813761556
NASA,B0034,152,1.292407565676824,78.56163687627146
NASA,B0034,153,1.2954091505102339,78.744094348665
NASA,B0034,154,1.283229881592695,78.00375258068946
NASA,B0034,155,1.4557454024367817,88.4904613125254
NASA,B0034,156,1.454676342673242,88.42547632855229
NASA,B0034,157,1.423427718198495,86.52596478585839
NASA,B0034,158,1.392551210363313,84.64907311408567
NASA,B0034,159,1.3765732493746907,83.67782008017602
NASA,B0034,160,1.3810190828982352,83.94806916271381
NASA,B0034,161,1.4007568321672863,85.14786861608364
NASA,B0034,162,1.374645303479972,83.56062594628168
NASA,B0034,163,1.3345924114397838,81.12592899473768
NASA,B0034,164,1.336396621564738,81.23560159682502
NASA,B0034,165,1.3069152971756248,79.44351900399668
NASA,B0034,166,1.341539456674081,81.54821934613629
NASA,B0034,167,1.346388970161922,81.84300694083659
NASA,B0034,168,1.344989807277774,81.75795596361051
NASA,B0034,169,1.3158760805047784,79.9882185436216
NASA,B0034,170,1.2972766889740088,78.85761649333516
NASA,B0034,171,1.2851255211005648,78.11898290479206
NASA,B0034,172,1.3190209156530253,80.17938377935195
NASA,B0034,173,1.3410097849290994,81.51602216592939
NASA,B0034,174,1.326126983882746,80.61134066873225
NASA,B0034,175,1.3091442679990724,79.57901155378518
NASA,B0034,176,1.363001289617145,82.85282075141296
NASA,B0034,177,1.329285701687194,80.80334979011006
NASA,B0034,178,1.2969085930621855,78.83524103057225
NASA,B0034,179,1.2986285924941396,78.9397947134732
NASA,B0034,180,1.2840657611821942,78.0545632309259
NASA,B0034,181,1.3021015914136362,79.15090805513977
NASA,B0034,182,1.3089076351731335,79.56462734354211
NASA,B0034,183,1.2722519696513912,77.33643775331089
NASA,B0034,184,1.276011534360331,77.56497058252093
NASA,B0034,185,1.2605053003103004,76.62239243526362
NASA,B0034,186,1.2660681251347115,76.96054011829179
NASA,B0034,187,1.265829016865281,76.94600543315376
NASA,B0034,188,1.2655873898206993,76.93131763911724
NASA,B0034,189,1.2663598323027554,76.97827213504772
NASA,B0034,190,1.2868479432728903,78.22368385892104
NASA,B0034,191,1.270026164613209,77.20113764225384
NASA,B0034,192,1.34598253292492,81.818300822214
NASA,B0034,193,1.3286875315413778,80.76698879452798
NASA,B0034,194,1.31203071983408,79.7544704314218
NASA,B0034,195,1.295125492961198,78.72685164446209
NASA,B0034,196,1.2802601605963335,77.82323201679304
NASA,B0036,1,1.8011007566288924,99.8177733600212
NASA,B0036,2,1.8044229856020628,100.00189270896573
NASA,B0036,3,1.804388833772829,100.0
NASA,B0036,4,1.7989248871784247,99.697185745548
NASA,B0036,5,1.792996521672392,99.36863319661447
NASA,B0036,6,1.7885507985621891,99.12224932264051
NASA,B0036,7,1.7890856930727703,99.15189340492309
NASA,B0036,8,1.7893137312833287,99.16453137996982
NASA,B0036,9,1.7860759459480868,98.98509193351349
NASA,B0036,10,1.7836324249650817,98.8496709567667
NASA,B0036,11,1.7829728738072719,98.81311834984157
NASA,B0036,12,1.7813775963259668,98.72470739032741
NASA,B0036,13,1.7785359545932946,98.56722239155746
NASA,B0036,14,1.7759043090943398,98.42137547377023
NASA,B0036,15,1.7780426649905914,98.53988407104305
NASA,B0036,16,1.7830029333591655,98.81478426304892
NASA,B0036,17,1.7883000424613877,99.10835231241145
NASA,B0036,18,1.779294712578026,98.6092730832116
NASA,B0036,19,1.7709235500451854,98.145339679493
NASA,B0036,20,1.7659050180801104,97.86721049407892
NASA,B0036,21,1.7826929241469245,98.79760342007103
NASA,B0036,22,1.7964662072920203,99.56092465589896
NASA,B0036,23,1.7909083533422898,99.25290601569769
NASA,B0036,24,1.78518002808874,98.93543978301366
NASA,B0036,25,1.7811343176546524,98.71122478243487
NASA,B0036,26,1.7755577789223567,98.40217062360172
NASA,B0036,27,1.776885870616115,98.47577403262868
NASA,B0036,28,1.7713083410378214,98.16666496068704
NASA,B0036,29,1.7713348840874137,98.1681359878346
NASA,B0036,30,1.7660842866405053,97.87714563427927
NASA,B0036,31,1.7592793663412327,97.50001404424144
NASA,B0036,32,1.7610368813762423,97.59741627828956
NASA,B0036,33,1.760242767365706,97.55340614058127
NASA,B0036,34,1.7555899416034397,97.29554454915602
NASA,B0036,35,1.7545602176655593,97.2384768086221
NASA,B0036,36,1.7499108336094897,96.98080595802456
NASA,B0036,37,1.7610225525303758,97.59662216753038
NASA,B0036,38,1.7624094574337117,97.67348502975703
NASA,B0036,39,1.7536170397120676,97.18620548351534
NASA,B0036,40,1.7462044775191679,96.77539812014894
NASA,B0036,41,1.7406176172769725,96.46577193882783
NASA,B0036,42,1.750690404425682,97.02401010568946
NASA,B0036,43,1.765112055153915,97.82326414995654
NASA,B0036,44,1.7631888267564881,97.71667801057076
NASA,B0036,45,1.9854929528970957,110.0368676492856
NASA,B0036,46,1.7653557308133239,97.83676875909887
NASA,B0036,47,1.7571880383127276,97.38411175148937
NASA,B0036,48,1.7573770661844437,97.3945877568923
NASA,B0036,49,1.7617376127979814,97.6362511130338
NASA,B0036,50,1.7606892547636663,97.57815066291501
NASA,B0036,51,1.760669562156983,97.57705929023997
NASA,B0036,52,1.752963802649152,97.15000280642663
NASA,B0036,53,1.750535708024147,97.01543676503032
NASA,B0036,54,1.7500761995337284,96.98997060818996
NASA,B0036,55,1.7465957802278385,96.79708428342741
NASA,B0036,56,1.753614286788707,97.18605291532666
NASA,B0036,57,1.750725029920349,97.02592906539587
NASA,B0036,58,1.7433053490810113,96.61472718360281
NASA,B0036,59,1.7336625052776187,96.08031666060981
NASA,B0036,60,1.7319207051538927,95.98378535365842
NASA,B0036,61,1.7428604522751463,96.5900708125625
NASA,B0036,62,1.743306971099712,96.61481707657214
NASA,B0036,63,1.738524506272696,96.34977083279682
NASA,B0036,64,1.7295622663746972,95.85307966899376
NASA,B0036,65,1.7273036765742085,95.72790765738436
NASA,B0036,66,1.7449370491071912,96.7051566961136
NASA,B0036,67,1.7642432071133693,97.77511222037887
NASA,B0036,68,1.7504882032049596,97.01280402765697
NASA,B0036,69,1.7442710815479923,96.66824848948241
NASA,B0036,70,1.7365413923373951,96.23986581131902
NASA,B0036,71,1.733223093105756,96.05596425032894
NASA,B0036,72,1.73860622908762,96.35429994611178
NASA,B0036,73,1.7432134953746192,96.6096366119548
NASA,B0036,74,1.7332698214832971,96.05855395697456
NASA,B0036,75,1.7298906291663272,95.871277675182
NASA,B0036,76,1.7204403348841348,95.3475383289108
NASA,B0036,77,1.724420729012913,95.56813347194633
NASA,B0036,78,1.7214872814061166,95.40556055241308
NASA,B0036,79,1.7197448773569262,95.30899577565445
NASA,B0036,80,1.7164304142145894,95.12530681237226
NASA,B0036,81,1.7112029253299619,94.83559714521049
NASA,B0036,82,1.7102343231599222,94.78191679916144
NASA,B0036,83,1.713096882151029,94.94056104132966
NASA,B0036,84,1.7103708617208135,94.78948382453511
NASA,B0036,85,1.7064617296121434,94.572838053097
NASA,B0036,86,1.7029429979110946,94.37782843902777
NASA,B0036,87,1.7072612643840062,94.61714861171374
NASA,B0036,88,1.7038637196766078,94.42885523260351
NASA,B0036,89,1.7079617948422274,94.65597230897397
NASA,B0036,90,1.7113022833627787,94.8411036098348
NASA,B0036,91,1.714122057472244,94.9973766955848
NASA,B0036,92,1.7053324925701605,94.51025525382187
NASA,B0036,93,1.6934609472531408,93.8523291408456
NASA,B0036,94,1.6905244127230223,93.68958514270311
NASA,B0036,95,1.7007774858498304,94.25781483548887
NASA,B0036,96,1.6971104467944576,94.05458596448632
NASA,B0036,97,1.6997924522951837,94.20322385508544
NASA,B0036,98,1.6912704773954121,93.7309323655647
NASA,B0036,99,1.6857127009469863,93.42291802051885
NASA,B0036,100,1.6832093771286156,93.28418274508842
NASA,B0036,101,1.692886364169521,93.82048550089033
NASA,B0036,102,1.6984668174144633,94.1297566036866
NASA,B0036,103,1.6935813413828429,93.85900143494588
NASA,B0036,104,1.6830951253781283,93.27785086426823
NASA,B0036,105,1.6850462226942986,93.38598151103635
NASA,B0036,106,1.6803098840017598,93.1234915973388
NASA,B0036,107,1.6944038437227715,93.90458486599654
NASA,B0036,108,1.6955686127180103,93.96913686130031
NASA,B0036,109,1.6841854728350405,93.33827838612517
NASA,B0036,110,1.6722180144870118,92.67503673199646
NASA,B0036,111,1.6675976965747183,92.418976739504
NASA,B0036,112,1.6781873787039017,93.00586144700029
NASA,B0036,114,1.6913403148932205,93.73480278952772
NASA,B0036,115,1.6802787096613283,93.12176390207443
NASA,B0036,116,1.673147301023026,92.72653818881223
NASA,B0036,117,1.6704292090032429,92.57590036791086
NASA,B0036,118,1.6659903350115992,92.32989607501338
NASA,B0036,119,1.664241575272447,92.23297906320194
NASA,B0036,120,1.6668450767774965,92.37726622882386
NASA,B0036,121,1.6594501560667536,91.96743656393502
NASA,B0036,122,1.662412523067319,92.13161220862527
NASA,B0036,123,1.6603526083225701,92.01745085347868
NASA,B0036,124,1.6610231379633236,92.05461189261854
NASA,B0036,125,1.6575187557321613,91.86039753230048
NASA,B0036,126,1.6507877959674548,91.48736486668415
NASA,B0036,127,1.6532570062110141,91.62420955322524
NASA,B0036,128,1.6494214846772686,91.4116433112958
NASA,B0036,129,1.6678591915666705,92.43346890366827
NASA,B0036,130,1.670862764324967,92.59992818905502
NASA,B0036,131,1.6658118164053368,92.32000249759143
NASA,B0036,132,1.6532998517617,91.62658407194782
NASA,B0036,133,1.6468787023528522,91.27072122860369
NASA,B0036,134,1.6718953249703756,92.65715314113197
NASA,B0036,135,1.6807743463585727,93.14923229957101
NASA,B0036,136,1.6737717086703074,92.76114312737062
NASA,B0036,137,1.6605773762487392,92.02990758796751
NASA,B0036,138,1.655987781146086,91.77555026671004
NASA,B0036,139,1.6468623183898439,91.26981322237458
NASA,B0036,140,1.6574621175432847,91.85725861967718
NASA,B0036,141,1.6603991175216894,92.02002841316254
NASA,B0036,142,1.6460789092837111,91.22639635504144
NASA,B0036,143,1.6408366462659327,90.93586789910897
NASA,B0036,144,1.6344408920281601,90.58141246699462
NASA,B0036,145,1.6374039186504212,90.74562466820103
NASA,B0036,146,1.64738207540524,91.29861837820727
NASA,B0036,147,1.6545646441622355,91.69667940710299
NASA,B0036,148,1.640896560729935,90.93918838429936
NASA,B0036,149,1.6265229979339635,90.14259939378128
NASA,B0036,150,1.6217349144630457,89.87724176236067
NASA,B0036,151,1.6248200059639546,90.04821885128767
NASA,B0036,152,1.61880119736137,89.71465390730609
NASA,B0036,153,1.6137350490334217,89.43388580271991
NASA,B0036,154,1.612012823654141,89.33843933646799
NASA,B0036,155,1.6671032556887178,92.39157461437742
NASA,B0036,156,1.6850133383886254,93.38415904876781
NASA,B0036,157,1.6786654987614698,93.03235906484291
NASA,B0036,158,1.6729763502191373,92.71706402223077
NASA,B0036,159,1.666489034299654,92.357534202601
NASA,B0036,160,1.6698420840710908,92.54336165335206
NASA,B0036,161,1.6746744228027035,92.81117193022618
NASA,B0036,162,1.6665045335145643,92.35839317571258
NASA,B0036,163,1.6522220848347273,91.56685376843451
NASA,B0036,164,1.6462718275099526,91.23708796555414
NASA,B0036,165,1.642399234692521,91.022467217246
NASA,B0036,166,1.651178607099992,91.50902378660331
NASA,B0036,167,1.6481683120281931,91.34219194773048
NASA,B0036,168,1.6478887725428397,91.32669975003334
NASA,B0036,169,1.635843650915682,90.65915396379765
NASA,B0036,170,1.6332362811945516,90.51465241998801
NASA,B0036,171,1.629926467682987,90.33122114122955
NASA,B0036,172,1.6387862629287224,90.82223477863997
NASA,B0036,173,1.6359654863840773,90.66590613750407
NASA,B0036,174,1.631137043967566,90.39831179607735
NASA,B0036,175,1.6220189720888463,89.89298435733154
NASA,B0036,176,1.6416044978422155,90.97842256149164
NASA,B0036,177,1.6253090231457805,90.07532039241191
NASA,B0036,178,1.6196134522239483,89.75966941878427
NASA,B0036,179,1.6124236174774371,89.36120570564559
NASA,B0036,180,1.6077701029913394,89.10330594485136
NASA,B0036,181,1.6088077531981582,89.16081296259594
NASA,B0036,182,1.6083556258734268,89.13575587311118
NASA,B0036,183,1.6068202519011539,89.05066479165826
NASA,B0036,184,1.601770977206713,88.77083183104948
NASA,B0036,185,1.594911734692208,88.3906896806371
NASA,B0036,186,1.5938139125387372,88.3298479079037
NASA,B0036,187,1.5920273129504596,88.23083379548858
NASA,B0036,188,1.5847361549778751,87.82675470587577
NASA,B0036,189,1.5763429363936798,87.36159894636877
NASA,B0036,190,1.5720229174642286,87.12218165179273
NASA,B0036,191,1.5729874285512353,87.17563526827239
NASA,B0036,192,1.596985400389019,88.50561311942134
NASA,B0036,193,1.595726023703856,88.43581792552571
NASA,B0036,194,1.579500338340559,87.53658351110239
NASA,B0036,195,1.5629469877520186,86.61918974991795
NASA,B0036,196,1.5591129431541175,86.40670536040396
NASA,B0038,12,1.7419245088095903,100.0
NASA,B0038,13,1.779741859708433,102.17100974856174
NASA,B0038,14,1.7815666306452766,102.2757657771735
NASA,B0038,15,1.7834859577156017,102.3859500624636
NASA,B0038,16,1.7864411650415675,102.55560192228992
NASA,B0038,17,1.7859997608067948,102.53026188989816
NASA,B0038,18,1.7769523773001608,102.01087178654534
NASA,B0038,19,1.781428917321899,102.26785996250236
NASA,B0038,20,1.7859452772697197,102.52713411158172
NASA,B0038,21,1.785208429691551,102.48483333594866
NASA,B0038,22,1.783596609584544,102.39230233940688
NASA,B0038,23,1.7796783152744713,102.16736180436898
NASA,B0038,24,1.7841102592788645,102.42178982245926
NASA,B0038,25,1.7833032331592193,102.37546025332101
NASA,B0038,26,1.7796186141356956,102.16393449517884
NASA,B0038,27,1.7816592334352586,102.28108189675926
NASA,B0038,28,1.7775911304124035,102.04754117772804
NASA,B0038,29,1.777701881971679,102.05389917767094
NASA,B0038,30,1.7789547618270618,102.125824215125
NASA,B0038,31,1.7807753731135043,102.23034144748698
NASA,B0038,32,1.778415319026661,102.09485600739426
NASA,B0038,33,1.7789773899108463,102.12712324293418
NASA,B0038,34,1.7792479347236045,102.14265461707757
NASA,B0038,35,1.7779204573685081,102.06644710358412
NASA,B0038,36,1.779227040224144,102.14145511047697
NASA,B0038,37,1.7760634320079352,101.95983942046232
NASA,B0038,38,1.775103937963957,101.90475700792805
NASA,B0038,39,1.733064100138742,99.49134370484842
NASA,B0038,40,1.7394892806215223,99.86019898246153
NASA,B0038,41,1.7378064360392924,99.76359062924534
NASA,B0038,42,1.730028145799833,99.31705633914714
NASA,B0038,43,1.7290404566542985,99.26035530873284
NASA,B0038,44,1.7286072907068815,99.2354882180394
NASA,B0038,45,1.52573884649634,87.58926341411954
NASA,B0038,46,1.5301475534434217,87.84235744458901
NASA,B0039,12,1.7461791006389626,100.0
NASA,B0039,13,1.7695250734505363,101.33697470110774
NASA,B0039,14,1.7715391419501945,101.45231616286966
NASA,B0039,15,1.770625483958279,101.39999289364825
NASA,B0039,16,1.7704040639447296,101.38731263573722
NASA,B0039,17,1.7695081788801759,101.33600718463968
NASA,B0039,18,1.7638356274269416,101.01115210813816
NASA,B0039,19,1.7715725869786123,101.45423148921881
NASA,B0039,20,1.7701196454489683,101.37102458741177
NASA,B0039,21,1.7667569752860521,101.17845154827243
NASA,B0039,22,1.7648743629092642,101.07063830184777
NASA,B0039,23,1.763838685943225,101.0113272629251
NASA,B0039,24,1.7657225752056789,101.11921363390302
NASA,B0039,25,1.7645632809383045,101.05282329244547
NASA,B0039,26,1.7608991948479125,100.84298879785946
NASA,B0039,27,1.7598362095817717,100.78211387009566
NASA,B0039,28,1.7590955400143164,100.73969728366508
NASA,B0039,29,1.7560495443976523,100.56525952893823
NASA,B0039,30,1.7571677199949287,100.62929509074672
NASA,B0039,31,1.7558911269459976,100.5561872950765
NASA,B0039,32,1.7533419072229914,100.4101988496717
NASA,B0039,33,1.7506673845335168,100.25703456723951
NASA,B0039,34,1.7510006664162403,100.27612091884008
NASA,B0039,35,1.7496058853847873,100.19624474629039
NASA,B0039,36,1.7477359172183355,100.08915560716557
NASA,B0039,37,1.7444225468099093,99.89940586115075
NASA,B0039,38,1.743308366083936,99.83559907720941
NASA,B0039,39,1.6556691733888471,94.81668706165387
NASA,B0039,40,1.64297669457593,94.08981552778471
NASA,B0039,41,1.6343822729361266,93.59763109855528
NASA,B0039,42,1.6265067062165601,93.14661397684739
NASA,B0039,43,1.618865991735961,92.70904634831471
NASA,B0039,44,1.6114968339209264,92.2870301981765
NASA,B0039,45,1.3240805773461226,75.82730642358591
NASA,B0039,46,1.3153386221697692,75.3266730593935
NASA,B0040,12,1.7075144448533202,100.0
NASA,B0040,13,1.730880859428193,101.3684460852031
NASA,B0040,14,1.7328212845233328,101.48208641785087
NASA,B0040,15,1.7317734323431513,101.42071931297278
NASA,B0040,16,1.7341296392350067,101.5587097644713
NASA,B0040,17,1.7334756929990074,101.5204116266154
NASA,B0040,18,1.7243057179457875,100.98337517103171
NASA,B0040,19,1.7318975861687205,101.42799033934351
NASA,B0040,20,1.7333691208377457,101.51417026440714
NASA,B0040,21,1.732175650153278,101.4442750615838
NASA,B0040,22,1.7334832776102866,101.52085581678327
NASA,B0040,23,1.732372495746513,101.45580325648889
NASA,B0040,24,1.7338175297202416,101.54043117738784
NASA,B0040,25,1.7329630786357868,101.49039054159526
NASA,B0040,26,1.7318839084573339,101.42718930884986
NASA,B0040,27,1.7306960059812662,101.35762020624881
NASA,B0040,28,1.7296011601947467,101.29350093687341
NASA,B0040,29,1.7296187381064656,101.29453038126681
NASA,B0040,30,1.7307198617163877,101.35901730922463
NASA,B0040,31,1.729274556175907,101.27437348411166
NASA,B0040,32,1.7297962212599596,101.30492462150464
NASA,B0040,33,1.7268942069037494,101.13496914236026
NASA,B0040,34,1.7272191689306016,101.15400043242235
NASA,B0040,35,1.7285674981160106,101.2329648704377
NASA,B0040,36,1.726636381605547,101.11986969187072
NASA,B0040,37,1.7262424141835067,101.09679712441877
NASA,B0040,38,1.7252725927602899,101.03999986415899
NASA,B0040,39,1.6668026877455053,97.61572985631099
NASA,B0040,40,1.666754853762041,97.61292847541442
NASA,B0040,41,1.6583274448761054,97.11938015368064
NASA,B0040,42,1.65032263550715,96.65058122825526
NASA,B0040,43,1.6493406341242296,96.59307065281736
NASA,B0040,44,1.641919055037739,96.15842840959299
NASA,B0040,45,0.425812451177779,24.93756070182805
NASA,B0040,46,0.5569902643736575,32.61994450779035
NASA,B0041,42,1.2156494086360898,100.0
NASA,B0041,43,1.1476416320946565,94.40564227989587
NASA,B0041,44,1.1194574527298193,92.08719592812585
NASA,B0041,45,1.0841325641850128,89.18135084698197
NASA,B0041,46,1.0607784232892656,87.2602261600585
NASA,B0041,47,1.0170312865626592,83.66156223476699
NASA,B0041,48,1.0000374999808574,82.26364384965726
NASA,B0041,49,0.991506494786248,81.56187859283202
NASA,B0041,50,0.9655644425371017,79.42787087112777
NASA,B0041,51,0.9383311962439673,77.18764880548393
NASA,B0041,52,0.9298903389240268,76.49329916322887
NASA,B0041,53,0.9072117399448598,74.62774493204543
NASA,B0041,54,0.9176870676937323,75.48945124921671
NASA,B0041,55,0.9157430721963028,75.32953709274864
NASA,B0041,56,0.9111662690050432,74.95304670343528
NASA,B0041,57,0.8968901443572698,73.77868470840987
NASA,B0041,58,0.8862133472800153,72.90040541164836
NASA,B0041,59,0.8931124136187014,73.46792646580053
NASA,B0041,60,0.880898507091054,72.46320368628213
NASA,B0041,61,0.8798879382023741,72.3800737245102
NASA,B0041,62,0.8682347537115443,71.42147625322906
NASA,B0041,63,0.8443569490395516,69.45727469130154
NASA,B0041,64,0.8657093203148538,71.21373269009732
NASA,B0041,65,0.848696904019178,69.81428181430879
NASA,B0041,66,0.8364948433646345,68.81053348293472
NASA,B0049,1,1.4209057149417375,103.50027365538932
NASA,B0049,2,1.372852133389263,100.0
NASA,B0049,3,1.3643742487429145,99.3824619243284
NASA,B0049,4,2.378643730568756,173.26292269338722
NASA,B0049,5,1.0605357965671216,77.25054802143167
NASA,B0049,6,1.0069932376659496,73.35045145611639
NASA,B0049,7,0.9298775334359536,67.73326207683381
NASA,B0049,8,0.9232377029483808,67.24960980824022
NASA,B0049,9,0.9053279121173716,65.9450417199936
NASA,B0049,10,0.8595848360639872,62.61306772651951
NASA,B0049,11,0.8369614294820705,60.96515488640435
NASA,B0049,12,0.8456824187653132,61.60040096070024
NASA,B0049,13,0.8071214007577537,58.79157566409957
NASA,B0049,14,0.7820744360746734,56.96712829107879
NASA,B0049,15,0.7953019444133349,57.93063397511816
NASA,B0049,17,0.7752051154719997,56.46675972001389
NASA,B0049,18,0.7711865903845158,56.17404610652639
NASA,B0049,19,0.7585098914517947,55.25066196162033
NASA,B0049,20,0.7349386490499009,53.53370775886132
NASA,B0049,21,0.7366758033690756,53.660243915008444
NASA,B0049,22,0.7093946599203638,51.67305659998706
NASA,B0049,23,0.7186465009220309,52.34697047436961
NASA,B0049,24,0.6913885231046639,50.361470568413026
NASA,B0051,1,1.2931804619982779,105.23124325716906
NASA,B0051,2,1.2288940261191657,100.0
NASA,B0051,3,1.2039031789717949,97.9663952614131
NASA,B0051,5,1.0092808819126011,82.12920402094389
NASA,B0051,6,0.9565659895125322,77.83958333114838
NASA,B0051,7,0.901956291365404,73.39577475315528
NASA,B0051,8,0.8897906666138162,72.40580942717784
NASA,B0051,9,0.8830717036634559,71.85906065897211
NASA,B0051,10,0.8431270354481757,68.60860395837076
NASA,B0051,11,0.826559103449663,67.260405363018
NASA,B0051,12,0.8352681546837963,67.96909553882074
NASA,B0051,13,0.8025719464987874,65.30847489211914
NASA,B0051,14,0.7839218784699513,63.7908445975255
NASA,B0051,15,0.7910763493036002,64.37303237625875
NASA,B0051,17,0.7654538269480236,62.288025710835186
NASA,B0051,18,0.773177347633947,62.916519341837216
NASA,B0051,19,0.7605293776416485,61.88730366306623
NASA,B0051,20,0.7376430319247004,60.02495058537873
NASA,B0051,21,0.739179500257907,60.1499791314169
NASA,B0051,22,0.7014575429842594,57.08039327031762
NASA,B0051,23,0.7047349480541781,57.34708877052024
NASA,B0051,24,0.677848893570423,55.15926346481337
MIT,b1c0,1,1.0706892,99.88699510822133
MIT,b1c0,2,1.0719005,100.0
MIT,b1c0,3,1.0725095,100.0568149748974
MIT,b1c0,4,1.073174,100.11880766918199
MIT,b1c0,5,1.0735761,100.15632047937287
MIT,b1c0,6,1.0739917,100.19509273482008
MIT,b1c0,7,1.0743741,100.2307676878591
MIT,b1c0,8,1.0744922,100.24178550154608
MIT,b1c0,9,1.0745373,100.24599298162471
MIT,b1c0,10,1.0747814,100.26876561770426
MIT,b1c0,12,1.0738269,100.17971817346853
MIT,b1c0,13,1.0750562,100.29440232558899
MIT,b1c0,14,1.0730921,100.11116703462682
MIT,b1c0,15,1.0758405,100.36757143037065
MIT,b1c0,16,1.072405,100.04706593569088
MIT,b1c0,17,1.0761998,100.40109133263768
MIT,b1c0,18,1.0761871,100.39990652117432
MIT,b1c0,19,1.0764284,100.42241793897848
MIT,b1c0,20,1.0765469,100.43347306956198
MIT,b1c0,21,1.0766536,100.44342735169916
MIT,b1c0,22,1.0766355,100.44173876213324
MIT,b1c0,23,1.0754509,100.33122477319492
MIT,b1c0,24,1.0766494,100.44303552428609
MIT,b1c0,25,1.076545,100.43329581430368
MIT,b1c0,26,1.0765674,100.4353855605068
MIT,b1c0,27,1.0765301,100.43190575990964
MIT,b1c0,28,1.0764797,100.42720383095258
MIT,b1c0,29,1.0765879,100.4372980514516
MIT,b1c0,30,1.0766202,100.44031139084272
MIT,b1c0,31,1.0766256,100.44081516894528
MIT,b1c0,32,1.0766001,100.43843621679439
MIT,b1c0,33,1.0766319,100.4414029100649
MIT,b1c0,34,1.0766066,100.43904261636226
MIT,b1c0,35,1.076661,100.44411771428412
MIT,b1c0,36,1.0766382,100.44199065118453
MIT,b1c0,37,1.0766717,100.44511594126506
MIT,b1c0,38,1.0766507,100.44315680419966
MIT,b1c0,39,1.0767151,100.44916482453361
MIT,b1c0,40,1.0766989,100.44765349022602
MIT,b1c0,41,1.0766598,100.44400576359467
MIT,b1c0,42,1.0766748,100.44540514721282
MIT,b1c0,43,1.0768414,100.46094763459854
MIT,b1c0,44,1.0766555,100.44360460695746
MIT,b1c0,45,1.0766659,100.44457484626605
MIT,b1c0,46,1.0766661,100.44459350471429
MIT,b1c0,47,1.0743055,100.22436784011202
MIT,b1c0,48,1.0768253,100.45944562951507
MIT,b1c0,49,1.0767562,100.45299913564737
MIT,b1c0,50,1.0767081,100.44851177884514
MIT,b1c0,51,1.076677,100.4456103901435
MIT,b1c0,52,1.0767009,100.44784007470844
MIT,b1c0,53,1.076785,100.45568595219427
MIT,b1c0,54,1.076645,100.44262503842477
MIT,b1c0,55,1.0766542,100.44348332704386
MIT,b1c0,56,1.0753976,100.32625229673837
MIT,b1c0,57,1.0765858,100.43710213774506
MIT,b1c0,58,1.0752628,100.31367650262315
MIT,b1c0,59,1.0767044,100.44816659755267
MIT,b1c0,60,1.0769024,100.46663846131241
MIT,b1c0,61,1.0770562,100.48098680801063
MIT,b1c0,62,1.0770824,100.48343106473037
MIT,b1c0,63,1.0769807,100.47394324379921
MIT,b1c0,64,1.0765196,100.4309261913769
MIT,b1c0,65,1.0765632,100.4349937330937
MIT,b1c0,66,1.0766724,100.44518124583392
MIT,b1c0,67,1.0765343,100.43229758732271
MIT,b1c0,68,1.0766476,100.4428675982519
MIT,b1c0,69,1.0766002,100.43844554601849
MIT,b1c0,70,1.0753345,100.32036555631798
MIT,b1c0,71,1.0763972,100.41950722105271
MIT,b1c0,72,1.07514,100.30222021540247
MIT,b1c0,73,1.0763736,100.41730552416013
MIT,b1c0,74,1.0762513,100.40589588306005
MIT,b1c0,75,1.0763264,100.41290213037497
MIT,b1c0,76,1.0762902,100.40952495124316
MIT,b1c0,77,1.0763192,100.41223042623825
MIT,b1c0,78,1.0762045,100.40152980617138
MIT,b1c0,79,1.0762365,100.40451515789013
MIT,b1c0,80,1.0762444,100.40525216659569
MIT,b1c0,81,1.0761995,100.40106334496532
MIT,b1c0,82,1.0761882,100.40000914263965
MIT,b1c0,83,1.0762265,100.40358223547803
MIT,b1c0,84,1.0763329,100.41350852994285
MIT,b1c0,85,1.0760512,100.38722810559375
MIT,b1c0,86,1.0762264,100.4035729062539
MIT,b1c0,87,1.076053,100.38739603162794
MIT,b1c0,88,1.0749464,100.28415883750405
MIT,b1c0,89,1.0761249,100.394103743771
MIT,b1c0,90,1.0760405,100.38622987861281
MIT,b1c0,91,1.0748079,100.27123786209636
MIT,b1c0,92,1.0759902,100.38153727887989
MIT,b1c0,93,1.0758985,100.37298238036088
MIT,b1c0,94,1.0758245,100.36607875451126
MIT,b1c0,95,1.0758753,100.37081800036478
MIT,b1c0,96,1.0758419,100.36770203950833
MIT,b1c0,97,1.0759112,100.37416719182424
MIT,b1c0,98,1.0758784,100.37110720631253
MIT,b1c0,99,1.0759126,100.37429780096197
MIT,b1c0,100,1.0758415,100.36766472261185
MIT,b1c0,101,1.0757886,100.36272956305181
MIT,b1c0,102,1.0758218,100.36582686546001
MIT,b1c0,103,1.0757833,100.36223511417339
MIT,b1c0,104,1.0758278,100.36638661890727
MIT,b1c0,105,1.0758644,100.36980111493558
MIT,b1c0,106,1.0756383,100.34870773919782
MIT,b1c0,107,1.0757459,100.35874598435211
MIT,b1c0,108,1.0757282,100.35709471168266
MIT,b1c0,109,1.0756657,100.351263946607
MIT,b1c0,110,1.0756232,100.34729902635553
MIT,b1c0,111,1.0756211,100.34710311264898
MIT,b1c0,112,1.0756699,100.35165577402007
MIT,b1c0,113,1.0755961,100.34477080661873
MIT,b1c0,114,1.0741987,100.21440422875072
MIT,b1c0,115,1.0756382,100.3486984099737
MIT,b1c0,116,1.0756032,100.3454331815313
MIT,b1c0,117,1.0755146,100.33716748896005
MIT,b1c0,118,1.0755045,100.33622523732382
MIT,b1c0,119,1.0753888,100.32543132501573
MIT,b1c0,120,1.0752513,100.31260364184922
MIT,b1c0,121,1.075214,100.30912384125206
MIT,b1c0,122,1.0752245,100.31010340978479
MIT,b1c0,123,1.0751811,100.30605452651622
MIT,b1c0,124,1.0752125,100.30898390289025
MIT,b1c0,125,1.0752281,100.31043926185312
MIT,b1c0,126,1.07524,100.31154943952355
MIT,b1c0,127,1.0752876,100.31599015020518
MIT,b1c0,128,1.0752187,100.30956231478577
MIT,b1c0,129,1.075147,100.30287326109095
MIT,b1c0,130,1.0751264,100.30095144092199
MIT,b1c0,131,1.0737574,100.1732343627044
MIT,b1c0,132,1.0747384,100.26475405133219
MIT,b1c0,133,1.0744451,100.23739143698505
MIT,b1c0,134,1.0728469,100.08829177708193
MIT,b1c0,135,1.0728441,100.08803055880652
MIT,b1c0,136,1.07452,100.24437902585174
MIT,b1c0,137,1.073329,100.13326796656968
MIT,b1c0,138,1.0747689,100.26759946468913
MIT,b1c0,139,1.0747482,100.26566831529607
MIT,b1c0,140,1.0710337,99.91913428531848
MIT,b1c0,141,1.0746664,100.25803700996501
MIT,b1c0,142,1.0747198,100.26301881564568
MIT,b1c0,143,1.0746906,100.26029468220233
MIT,b1c0,144,1.0721986,100.02781041710493
MIT,b1c0,145,1.0733948,100.13940659604133
MIT,b1c0,146,1.0745389,100.24614224921065
MIT,b1c0,147,1.0743873,100.23199914544307
MIT,b1c0,148,1.0740879,100.20406744842457
MIT,b1c0,149,1.0744152,100.23460199897288
MIT,b1c0,150,1.074378,100.23113152759981
MIT,b1c0,151,1.0743593,100.22938696268918
MIT,b1c0,152,1.0742767,100.22168102356517
MIT,b1c0,153,1.0742306,100.21738025124533
MIT,b1c0,154,1.0739679,100.19287237947924
MIT,b1c0,155,1.0732156,100.12268862641636
MIT,b1c0,156,1.0736821,100.16620945694122
MIT,b1c0,157,1.0737848,100.17579057011356
MIT,b1c0,158,1.0738961,100.18617399656034
MIT,b1c0,159,1.0742747,100.22149443908273
MIT,b1c0,160,1.0730073,100.10325585257213
MIT,b1c0,161,1.0730597,100.10814436601159
MIT,b1c0,162,1.0715735,99.96949343712407
MIT,b1c0,163,1.071436,99.95666575395758
MIT,b1c0,164,1.0687023,99.70163275415955
MIT,b1c0,165,1.0677084,99.6089095956201
MIT,b1c0,166,1.0725,100.0559286986059
MIT,b1c0,167,1.0736258,100.16095710376105
MIT,b1c0,168,1.0730176,100.10421676265662
MIT,b1c0,169,1.0737669,100.17412063899589
MIT,b1c0,170,1.0739388,100.19015757526005
MIT,b1c0,171,1.0714852,99.96125573222514
MIT,b1c0,172,1.0713842,99.95183321586286
MIT,b1c0,173,1.0700154,99.82413479609347
MIT,b1c0,174,1.0639316,99.2565634590151
MIT,b1c0,175,1.0678089,99.61828546586182
MIT,b1c0,176,1.0715845,99.97051965177738
MIT,b1c0,177,1.0691396,99.74242945124104
MIT,b1c0,178,1.07152,99.96450230221929
MIT,b1c0,179,1.0702107,99.84235477080196
MIT,b1c0,180,1.0714779,99.96057469886432
MIT,b1c0,181,1.0737666,100.1740926513235
MIT,b1c0,182,1.0734777,100.1471405228377
MIT,b1c0,183,1.0734123,100.14103921026252
MIT,b1c0,184,1.0733159,100.1320458382098
MIT,b1c0,185,1.0732638,100.12718531244273
MIT,b1c0,186,1.0731425,100.11586896358386
MIT,b1c0,187,1.072943,100.0972571614623
MIT,b1c0,188,1.0719339,100.00311596085645
MIT,b1c0,189,1.0716102,99.97291726237651
MIT,b1c0,190,1.0724705,100.05317657749018
MIT,b1c0,191,1.0728638,100.08986841595839
MIT,b1c0,192,1.0730959,100.11152154514342
MIT,b1c0,193,1.0696446,99.78954203305251
MIT,b1c0,194,1.0709413,99.91051408223059
MIT,b1c0,195,1.0647488,99.33280187853258
MIT,b1c0,196,1.067211,99.56250603484185
MIT,b1c0,197,1.0692852,99.75601280156134
MIT,b1c0,198,1.0644047,99.30070001833194
MIT,b1c0,199,1.0692478,99.75252367174006
MIT,b1c0,200,1.0729612,100.09895508025232
MIT,b1c0,201,1.0719513,100.00473924585351
MIT,b1c0,202,1.0734826,100.14759765481965
MIT,b1c0,203,1.0711106,99.92630845866756
MIT,b1c0,204,1.0728359,100.08726556242861
MIT,b1c0,205,1.0686156,99.69354431684658
MIT,b1c0,206,1.0722553,100.03310008718161
MIT,b1c0,207,1.0722088,100.0287619979653
MIT,b1c0,208,1.0730858,100.1105792935072
MIT,b1c0,209,1.0728866,100.09199547905799
MIT,b1c0,210,1.0728358,100.08725623320449
MIT,b1c0,211,1.0728077,100.08463472122646
MIT,b1c0,212,1.07278,100.08205052614494
MIT,b1c0,213,1.0726694,100.07173240426701
MIT,b1c0,214,1.0725751,100.06293494592083
MIT,b1c0,215,1.0714912,99.96181548567242
MIT,b1c0,216,1.0725292,100.05865283204925
MIT,b1c0,217,1.0722562,100.0331840501987
MIT,b1c0,218,1.0722263,100.0303946121865
MIT,b1c0,219,1.0702997,99.85065778026974
MIT,b1c0,220,1.0709004,99.90669842956507
MIT,b1c0,221,1.0717547,99.98639799123148
MIT,b1c0,222,1.0720819,100.01692321255564
MIT,b1c0,223,1.0726638,100.07120996771621
MIT,b1c0,224,1.0686629,99.69795703985585
MIT,b1c0,225,1.0687469,99.70579358811756
MIT,b1c0,226,1.0661069,99.459502071321
MIT,b1c0,227,1.0659326,99.44324123367795
MIT,b1c0,228,1.0679137,99.62806249274071
MIT,b1c0,229,1.0685478,99.68721910289247
MIT,b1c0,230,1.0715339,99.96579906437212
MIT,b1c0,231,1.0725104,100.0568989379145
MIT,b1c0,232,1.0724415,100.05047110249508
MIT,b1c0,233,1.0723016,100.03741951794967
MIT,b1c0,234,1.07228,100.03540440553951
MIT,b1c0,235,1.0659735,99.44705688634346
MIT,b1c0,236,1.0707749,99.8949902532931
MIT,b1c0,237,1.0695169,99.77762861384988
MIT,b1c0,238,1.0634056,99.20749174013821
MIT,b1c0,239,1.0694402,99.77047309894903
MIT,b1c0,240,1.0681522,99.6503126922695
MIT,b1c0,241,1.0705171,99.87093951350896
MIT,b1c0,242,1.0715264,99.96509937256303
MIT,b1c0,243,1.0711093,99.926187178754
MIT,b1c0,244,1.0713196,99.94580653708064
MIT,b1c0,245,1.0713376,99.94748579742243
MIT,b1c0,246,1.0714476,99.95774794395562
MIT,b1c0,247,1.0713531,99.94893182716122
MIT,b1c0,248,1.0716952,99.98084710287942
MIT,b1c0,249,1.071188,99.9335292781373
MIT,b1c0,250,1.0692111,99.74909984648762
MIT,b1c0,251,1.0694512,99.77149931360235
MIT,b1c0,252,1.0713137,99.94525611285749
MIT,b1c0,253,1.0665704,99.50274302512221
MIT,b1c0,254,1.0716691,99.97841217538382
MIT,b1c0,255,1.06809,99.64450991486618
MIT,b1c0,256,1.0522044,98.16250668788754
MIT,b1c0,257,1.0594097,98.83470527348388
MIT,b1c0,258,1.062722,99.14371716404648
MIT,b1c0,259,1.065221,99.37685447483233
MIT,b1c0,260,1.0675694,99.59594197409182
MIT,b1c0,261,1.0713251,99.94631964440728
MIT,b1c0,262,1.070654,99.88371122133071
MIT,b1c0,263,1.070429,99.86272046705828
MIT,b1c0,264,1.0698726,99.81081266404858
MIT,b1c0,265,1.0674539,99.58516672023198
MIT,b1c0,266,1.067901,99.62687768127732
MIT,b1c0,267,1.0710255,99.91836928894054
MIT,b1c0,268,1.0709585,99.9121187087794
MIT,b1c0,269,1.0709193,99.90846165292395
MIT,b1c0,270,1.0708414,99.90119418733362
MIT,b1c0,271,1.0697244,99.79698675390112
MIT,b1c0,272,1.0704929,99.86868184127167
MIT,b1c0,273,1.0707847,99.89590451725697
MIT,b1c0,274,1.070703,99.88828254115005
MIT,b1c0,275,1.0706118,99.87977428875162
MIT,b1c0,276,1.0700974,99.83178475987279
MIT,b1c0,277,1.070269,99.84779370846455
MIT,b1c0,278,1.0699091,99.81421783085278
MIT,b1c0,279,1.0699389,99.81699793964086
MIT,b1c0,280,1.0691898,99.74711272174983
MIT,b1c0,281,1.0666218,99.50753824632045
MIT,b1c0,282,1.0662863,99.47623869939422
MIT,b1c0,283,1.0651459,99.3698482275174
MIT,b1c0,284,1.0691012,99.73884702917856
MIT,b1c0,285,1.0685273,99.68530661194767
MIT,b1c0,286,1.0708722,99.9040675883629
MIT,b1c0,287,1.0689743,99.7270082437689
MIT,b1c0,288,1.0695846,99.78394449857987
MIT,b1c0,289,1.0698013,99.80416092725025
MIT,b1c0,290,1.0701363,99.83541382805588
MIT,b1c0,291,1.0700173,99.82431205135178
MIT,b1c0,292,1.0698297,99.80681042690065
MIT,b1c0,293,1.0646312,99.32183071096618
MIT,b1c0,294,1.06767,99.60532717355763
MIT,b1c0,295,1.0670372,99.54629184331941
MIT,b1c0,296,1.0699611,99.81906902739574
MIT,b1c0,297,1.0698364,99.80743548491675
MIT,b1c0,298,1.0697434,99.79875930648413
MIT,b1c0,299,1.0696157,99.78684588728152
MIT,b1c0,300,1.0698825,99.81173625723657
MIT,b1c0,301,1.0698853,99.81199747551194
MIT,b1c0,302,1.0691276,99.74130994434653
MIT,b1c0,303,1.0667444,99.51897587509289
MIT,b1c0,304,1.0688608,99.71641957439147
MIT,b1c0,305,1.0691419,99.74264402339583
MIT,b1c0,306,1.0691915,99.7472713185599
MIT,b1c0,307,1.0696068,99.78601558633476
MIT,b1c0,308,1.0696694,99.79185568063454
MIT,b1c0,309,1.0684117,99.67452202886369
MIT,b1c0,310,1.0692772,99.75526646363166
MIT,b1c0,311,1.0628723,99.15773898790047
MIT,b1c0,312,1.064725,99.33058152319175
MIT,b1c0,313,1.0648649,99.34363310773713
MIT,b1c0,314,1.0690352,99.73268974125865
MIT,b1c0,315,1.0684961,99.68239589402188
MIT,b1c0,316,1.0693339,99.7605561337083
MIT,b1c0,317,1.0693139,99.7586902888841
MIT,b1c0,318,1.0693067,99.75801858474739
MIT,b1c0,319,1.0693525,99.76229136939483
MIT,b1c0,320,1.0679969,99.63582440720945
MIT,b1c0,321,1.0675799,99.59692154262453
MIT,b1c0,322,1.067449,99.58470958825004
MIT,b1c0,323,1.0661716,99.46553807932735
MIT,b1c0,324,1.066994,99.54226161849911
MIT,b1c0,325,1.0685939,99.69151987521231
MIT,b1c0,326,1.0679792,99.63417313454
MIT,b1c0,327,1.0684899,99.68181748212639
MIT,b1c0,328,1.0673405,99.57458738007865
MIT,b1c0,329,1.0670813,99.55040603115681
MIT,b1c0,330,1.0669221,99.53555390635606
MIT,b1c0,331,1.0645261,99.31202569641492
MIT,b1c0,332,1.0644022,99.30046678772891
MIT,b1c0,333,1.0695329,99.77912128970927
MIT,b1c0,334,1.0687782,99.70871363526746
MIT,b1c0,335,1.0702711,99.8479896221711
MIT,b1c0,336,1.0703403,99.85444544526288
MIT,b1c0,337,1.0703341,99.85386703336737
MIT,b1c0,338,1.070029,99.82540357057394
MIT,b1c0,339,1.0669992,99.5427467381534
MIT,b1c0,340,1.0679404,99.63055339558102
MIT,b1c0,341,1.0695685,99.78244249349636
MIT,b1c0,342,1.0675119,99.59057767022219
MIT,b1c0,343,1.0674061,99.58070735110208
MIT,b1c0,344,1.0677824,99.61581322146972
MIT,b1c0,345,1.0691404,99.74250408503403
MIT,b1c0,346,1.0690612,99.73511533953011
MIT,b1c0,347,1.0690391,99.73305358099935
MIT,b1c0,348,1.0676738,99.60568168407423
MIT,b1c0,349,1.0654423,99.39750004781229
MIT,b1c0,350,1.066672,99.51222151682924
MIT,b1c0,351,1.065249,99.37946665758622
MIT,b1c0,352,1.067323,99.57295476585747
MIT,b1c0,353,1.0683092,99.66495957413959
MIT,b1c0,354,1.0690169,99.7309824932445
MIT,b1c0,355,1.0677238,99.61034629613476
MIT,b1c0,356,1.0607356,98.95840145610529
MIT,b1c0,357,1.0674988,99.58935554186235
MIT,b1c0,358,1.0650654,99.36233820209992
MIT,b1c0,359,1.0649996,99.35619957262824
MIT,b1c0,360,1.0678664,99.62364976973144
MIT,b1c0,361,1.0684118,99.67453135808782
MIT,b1c0,362,1.0682194,99.65658193087886
MIT,b1c0,363,1.0687932,99.71011301888562
MIT,b1c0,364,1.0692003,99.74809229028256
MIT,b1c0,365,1.0691874,99.74688882037091
MIT,b1c0,366,1.068893,99.71942358455847
MIT,b1c0,367,1.0687414,99.70528048079089
MIT,b1c0,368,1.0686384,99.69567137994618
MIT,b1c0,369,1.0645186,99.31132600460585
MIT,b1c0,370,1.0677253,99.61048623449659
MIT,b1c0,371,1.0676295,99.60154883778858
MIT,b1c0,372,1.0675622,99.59527026995511
MIT,b1c0,373,1.0675855,99.59744397917531
MIT,b1c0,374,1.0679543,99.63185015773387
MIT,b1c0,375,1.0655049,99.40334014211209
MIT,b1c0,376,1.0653461,99.3885253342078
MIT,b1c0,377,1.0629482,99.16481986900835
MIT,b1c0,378,1.0594556,98.83898738735544
MIT,b1c0,379,1.0653667,99.39044715437674
MIT,b1c0,380,1.0681189,99.64720606063716
MIT,b1c0,381,1.0680037,99.63645879444968
MIT,b1c0,382,1.0679121,99.62791322515477
MIT,b1c0,383,1.0673084,99.57159269913579
MIT,b1c0,384,1.0674245,99.58242392834038
MIT,b1c0,385,1.0675998,99.59877805822462
MIT,b1c0,386,1.0681614,99.65117098088861
MIT,b1c0,387,1.0667884,99.52308073370617
MIT,b1c0,388,1.0499117,97.9486155664635
MIT,b1c0,389,1.0487819,97.84321399234351
MIT,b1c0,390,1.0409842,97.1157490830539
MIT,b1c0,391,1.054733,98.39840544901323
MIT,b1c0,392,1.0663438,99.48160300326384
MIT,b1c0,393,1.0636747,99.23259668224803
MIT,b1c0,394,1.0661352,99.46214224174726
MIT,b1c0,395,1.067439,99.58377666583793
MIT,b1c0,396,1.0632888,99.19659520636478
MIT,b1c0,397,1.0647497,99.33288584154965
MIT,b1c0,398,1.0652326,99.37793666483039
MIT,b1c0,399,1.0636783,99.2329325343164
MIT,b1c0,400,1.0658928,99.43952820247776
MIT,b1c0,401,1.0619923,99.07564181563495
MIT,b1c0,402,1.0594559,98.8390153750278
MIT,b1c0,403,1.058076,98.710281411381
MIT,b1c0,404,1.0449606,97.4867163510046
MIT,b1c0,405,1.0608855,98.9723859630628
MIT,b1c0,406,1.0548323,98.40766936856546
MIT,b1c0,407,1.0426595,97.27204157475438
MIT,b1c0,408,1.0669585,99.53894974393613
MIT,b1c0,409,1.0656699,99.41873336191188
MIT,b1c0,410,1.0656745,99.41916250622144
MIT,b1c0,411,1.0665383,99.49974834417934
MIT,b1c0,412,1.0629419,99.16423212788874
MIT,b1c0,413,1.0556192,98.48108103317426
MIT,b1c0,414,1.0669644,99.53950016815928
MIT,b1c0,415,1.0645865,99.31766054778407
MIT,b1c0,416,1.0439526,97.39267777186409
MIT,b1c0,417,1.0560402,98.52035706672402
MIT,b1c0,418,1.0669073,99.53417318118613
MIT,b1c0,419,1.0662833,99.47595882267059
MIT,b1c0,420,1.0667531,99.51978751759142
MIT,b1c0,421,1.0661353,99.46215157097139
MIT,b1c0,422,1.063808,99.24503253800144
MIT,b1c0,423,1.0638028,99.24454741834712
MIT,b1c0,424,1.0649281,99.34952917738167
MIT,b1c0,425,1.0635319,99.21927455020314
MIT,b1c0,426,1.0646418,99.32281960872301
MIT,b1c0,427,1.0513592,98.08365608561617
MIT,b1c0,428,1.0622097,99.09592354887418
MIT,b1c0,429,1.0548745,98.41160630114456
MIT,b1c0,430,1.056126,98.52836154101989
MIT,b1c0,431,1.0548553,98.40981509011331
MIT,b1c0,432,1.0401301,97.03606817983574
MIT,b1c0,433,1.0560426,98.52058096810293
MIT,b1c0,434,1.0644474,99.30468359703163
MIT,b1c0,435,1.0630739,99.17654670372858
MIT,b1c0,436,1.0643857,99.29892746574893
MIT,b1c0,437,1.0652679,99.38122988094513
MIT,b1c0,438,1.0605631,98.94230854449644
MIT,b1c0,439,1.061882,99.06535168142939
MIT,b1c0,440,1.0604329,98.93016189469078
MIT,b1c0,441,1.0625196,99.1248348144254
MIT,b1c0,442,1.0639434,99.2576643074614
MIT,b1c0,443,1.0656309,99.41509496450463
MIT,b1c0,444,1.0659555,99.44537762600167
MIT,b1c0,445,1.0643766,99.2980785063539
MIT,b1c0,446,1.0592486,98.81967589342483
MIT,b1c0,447,1.064343,99.29494388704923
MIT,b1c0,448,1.0652808,99.38243335085673
MIT,b1c0,449,1.0652997,99.38419657421561
MIT,b1c0,450,1.0651654,99.371667426221
MIT,b1c0,451,1.0648382,99.34114220489683
MIT,b1c0,452,1.0647463,99.33256864792955
MIT,b1c0,453,1.0647039,99.32861305690221
MIT,b1c0,454,1.063228,99.19092303809917
MIT,b1c0,455,1.0547636,98.40126019159429
MIT,b1c0,456,1.0632907,99.19677246162308
MIT,b1c0,457,1.0640476,99.26738535899555
MIT,b1c0,458,1.060768,98.96142412472054
MIT,b1c0,459,1.0610192,98.9848591357127
MIT,b1c0,460,1.0645175,99.31122338314051
MIT,b1c0,461,1.0599377,98.8839635768432
MIT,b1c0,462,1.0632949,99.19716428903617
MIT,b1c0,463,1.062016,99.07785284175165
MIT,b1c0,464,1.060432,98.93007793167371
MIT,b1c0,465,1.0632564,99.19357253774955
MIT,b1c0,466,1.0594114,98.83486387029393
MIT,b1c0,467,1.0634983,99.21613993089844
MIT,b1c0,468,1.0601008,98.89917954138468
MIT,b1c0,469,1.0578228,98.68665981590642
MIT,b1c0,470,1.0611887,99.00067217059792
MIT,b1c0,471,1.0416328,97.17625843070323
MIT,b1c0,472,1.0612651,99.00779969782644
MIT,b1c0,473,1.0647072,99.3289209212982
MIT,b1c0,474,1.0646758,99.3259915449242
MIT,b1c0,475,1.0641997,99.28157510888373
MIT,b1c0,476,1.0642273,99.28414997474113
MIT,b1c0,477,1.0633408,99.20144640290773
MIT,b1c0,478,1.0639844,99.26148928935103
MIT,b1c0,479,1.0566306,98.57543680593488
MIT,b1c0,480,1.0506681,98.01918181771536
MIT,b1c0,481,1.058108,98.71326676309977
MIT,b1c0,482,1.057606,98.66643405801192
MIT,b1c0,483,1.056636,98.57594058403741
MIT,b1c0,484,1.0612692,99.0081821960154
MIT,b1c0,485,1.051676,98.11321106763175
MIT,b1c0,486,1.0553005,98.45134879590037
MIT,b1c0,487,1.0627018,99.14183266077401
MIT,b1c0,488,1.0610656,98.98918789570489
MIT,b1c0,489,1.0611809,98.9999444911165
MIT,b1c0,490,1.0624331,99.11676503556069
MIT,b1c0,491,1.0624239,99.11590674694153
MIT,b1c0,492,1.0626174,99.13395879561583
MIT,b1c0,493,1.06243,99.11647582961292
MIT,b1c0,494,1.0621339,99.0888519969904
MIT,b1c0,495,1.0594182,98.83549825753418
MIT,b1c0,496,1.0596466,98.85680620542672
MIT,b1c0,497,1.0624814,99.12127105081116
MIT,b1c0,498,1.0626481,99.13682286742102
MIT,b1c0,499,1.061404,99.02075799013062
MIT,b1c0,500,1.0621486,99.0902233929362
MIT,b1c0,501,1.0609982,98.98289999864727
MIT,b1c0,502,1.0577871,98.6833292828952
MIT,b1c0,503,1.0604461,98.93139335227478
MIT,b1c0,504,1.0615808,99.0372520583767
MIT,b1c0,505,1.0617605,99.0540166741223
MIT,b1c0,506,1.0619984,99.07621089830634
MIT,b1c0,507,1.0580443,98.70732404733462
MIT,b1c0,508,1.0528724,98.22482590501637
MIT,b1c0,509,1.0519124,98.13526535345399
MIT,b1c0,510,1.0547196,98.39715533298101
MIT,b1c0,511,1.0373893,96.78037280512511
MIT,b1c0,512,1.0544937,98.37608061569149
MIT,b1c0,513,1.061681,99.04659994094602
MIT,b1c0,514,1.0611736,98.99926345775565
MIT,b1c0,515,1.0567899,98.59029825995978
MIT,b1c0,516,1.0585667,98.75605991414317
MIT,b1c0,517,1.0588225,98.77992406944489
MIT,b1c0,518,1.0564709,98.56053803501352
MIT,b1c0,519,1.0601411,98.90293921870548
MIT,b1c0,520,1.0603518,98.9225958939286
MIT,b1c0,521,1.0433397,97.33549895722598
MIT,b1c0,522,1.0541842,98.34720666703673
MIT,b1c0,523,1.0612289,99.0044225186946
MIT,b1c0,524,1.0553482,98.45579883580614
MIT,b1c0,525,1.0458349,97.56828175749523
MIT,b1c0,526,1.0319518,96.27309624354127
MIT,b1c0,527,1.0377041,96.80974120265827
MIT,b1c0,528,1.0606207,98.9476821775902
MIT,b1c0,529,1.0561804,98.53343663894177
MIT,b1c0,530,1.0606323,98.94876436758823
MIT,b1c0,531,1.0449976,97.49016816392941
MIT,b1c0,532,1.0544198,98.369186319066
MIT,b1c0,533,1.0489055,97.85474491335717
MIT,b1c0,534,1.0554415,98.4645030019111
MIT,b1c0,535,1.0516956,98.11503959555948
MIT,b1c0,536,1.0551944,98.44145048910791
MIT,b1c0,537,1.0581467,98.71687717283461
MIT,b1c0,538,1.0576135,98.667133749821
MIT,b1c0,539,1.0603172,98.91936798238271
MIT,b1c0,540,1.0592101,98.81608414213821
MIT,b1c0,541,1.0591291,98.80852747060013
MIT,b1c0,542,1.0565674,98.56954073629036
MIT,b1c0,543,1.0491639,97.87885162848605
MIT,b1c0,544,1.0541241,98.34159980333995
MIT,b1c0,545,1.0576699,98.6723954322253
MIT,b1c0,546,1.0490658,97.86969965962325
MIT,b1c0,547,1.0382563,96.86125717825489
MIT,b1c0,548,1.0370495,96.74867210156167
MIT,b1c0,549,1.0454539,97.5327374135939
MIT,b1c0,550,1.0544457,98.37160258811338
MIT,b1c0,551,1.0583414,98.73504117219835
MIT,b1c0,552,1.0599172,98.88205108589835
MIT,b1c0,553,1.0553007,98.45136745434863
MIT,b1c0,554,1.060292,98.91701701790419
MIT,b1c0,555,1.0600207,98.89170683286368
MIT,b1c0,556,1.0598836,98.8789164665937
MIT,b1c0,557,1.0597323,98.8648013504985
MIT,b1c0,558,1.0585767,98.75699283655526
MIT,b1c0,559,1.054891,98.41314562312455
MIT,b1c0,560,1.0422643,97.23517248102786
MIT,b1c0,561,1.0476429,97.73695412960438
MIT,b1c0,562,1.0499765,97.95466090369396
MIT,b1c0,563,1.0471743,97.693237385373
MIT,b1c0,564,1.0568609,98.59692200908574
MIT,b1c0,565,1.0550711,98.4299475557666
MIT,b1c0,566,1.0592734,98.82198954100684
MIT,b1c0,567,1.0589548,98.79226663295707
MIT,b1c0,568,1.0594428,98.83779324666796
MIT,b1c0,569,1.0578744,98.6914736955529
MIT,b1c0,570,1.0580186,98.7049264367355
MIT,b1c0,571,1.0594493,98.83839964623583
MIT,b1c0,572,1.0590842,98.80433864896976
MIT,b1c0,573,1.0570328,98.61295894534989
MIT,b1c0,574,1.0591824,98.81349994705667
MIT,b1c0,575,1.0587294,98.77123856178817
MIT,b1c0,576,1.0488758,97.8519741337932
MIT,b1c0,577,1.0270613,95.81685053789974
MIT,b1c0,578,1.046486,97.62902433574759
MIT,b1c0,579,1.057959,98.69936621915934
MIT,b1c0,580,1.0580696,98.70968434103726
MIT,b1c0,581,1.0549595,98.41953614164748
MIT,b1c0,582,1.0477417,97.74617140303602
MIT,b1c0,583,1.0500448,97.96103276376866
MIT,b1c0,584,1.0588595,98.7833758823697
MIT,b1c0,585,1.0585012,98.74994927234386
MIT,b1c0,586,1.0586959,98.7681132717076
MIT,b1c0,587,1.0579836,98.70166120829313
MIT,b1c0,588,1.0585301,98.75264541811485
MIT,b1c0,589,1.0523983,98.18059605345832
MIT,b1c0,590,1.0459152,97.57577312446446
MIT,b1c0,591,1.0561335,98.529061232829
MIT,b1c0,592,1.0572683,98.63492926815503
MIT,b1c0,593,1.0476447,97.73712205563857
MIT,b1c0,594,1.0562239,98.53749485143445
MIT,b1c0,595,1.0566366,98.57599655938215
MIT,b1c0,596,1.0432659,97.32861398982462
MIT,b1c0,597,1.0468899,97.66670507197264
MIT,b1c0,598,1.0565873,98.57139725189045
MIT,b1c0,599,1.054775,98.4023237231441
MIT,b1c0,600,1.0551888,98.44092805255713
MIT,b1c0,601,1.0575479,98.66101377879758
MIT,b1c0,602,1.0491458,97.87716303892013
MIT,b1c0,603,1.0529571,98.23272775784693
MIT,b1c0,604,1.0538129,98.31256725787516
MIT,b1c0,605,1.0576051,98.66635009499483
MIT,b1c0,606,1.0575962,98.66551979404807
MIT,b1c0,607,1.0533774,98.27193848682785
MIT,b1c0,608,1.0461477,97.59746357054595
MIT,b1c0,609,1.0291052,96.00753054971055
MIT,b1c0,610,1.010802,94.29998400038063
MIT,b1c0,611,1.0330288,96.37357198732533
MIT,b1c0,612,1.0574216,98.64923096873265
MIT,b1c0,613,1.0558203,98.49984210288176
MIT,b1c0,614,1.0555702,98.47650971335493
MIT,b1c0,615,1.0560541,98.52165382887685
MIT,b1c0,616,1.0573353,98.64117984831616
MIT,b1c0,617,1.0533875,98.27288073846407
MIT,b1c0,618,1.0560164,98.5181367113832
MIT,b1c0,619,1.0494928,97.90953544662028
MIT,b1c0,620,1.0555507,98.47469051465131
MIT,b1c0,621,1.0530341,98.23991126042017
MIT,b1c0,622,1.0410509,97.12197167554264
MIT,b1c0,623,1.0493277,97.89413289759639
MIT,b1c0,624,1.0556364,98.48268565972309
MIT,b1c0,625,1.0569577,98.60595269803495
MIT,b1c0,626,1.0567719,98.58861899961798
MIT,b1c0,627,1.0566562,98.57782508730988
MIT,b1c0,628,1.0565324,98.56627550784799
MIT,b1c0,629,1.0564497,98.55856023949984
MIT,b1c0,630,1.0567361,98.58527913738261
MIT,b1c0,631,1.0568913,98.59975809321855
MIT,b1c0,632,1.0549433,98.41802480733986
MIT,b1c0,633,1.0554826,98.46833731302486
MIT,b1c0,634,1.0559826,98.51498343363029
MIT,b1c0,635,1.0543705,98.36458701157433
MIT,b1c0,636,1.0554795,98.4680481070771
MIT,b1c0,637,1.0296202,96.05557605393412
MIT,b1c0,638,1.0230192,95.43975396970148
MIT,b1c0,639,1.0538239,98.31359347252848
MIT,b1c0,640,1.0512593,98.0743361907192
MIT,b1c0,641,1.0535718,98.29007449851923
MIT,b1c0,642,1.0440689,97.40352765951693
MIT,b1c0,643,1.0477357,97.74561164958875
MIT,b1c0,644,1.0509996,98.05010819567674
MIT,b1c0,645,1.0555147,98.47133199396774
MIT,b1c0,646,1.0550985,98.43250376317579
MIT,b1c0,647,1.0508888,98.0397714153506
MIT,b1c0,648,1.0402925,97.05121883980837
MIT,b1c0,649,1.0331092,96.38107268351867
MIT,b1c0,650,1.0522259,98.16451247107358
MIT,b1c0,651,1.0168382,94.8631146267774
MIT,b1c0,652,1.0457997,97.56499787060461
MIT,b1c0,653,1.0534018,98.2742148175134
MIT,b1c0,654,1.0440476,97.40154053477913
MIT,b1c0,655,1.0382687,96.86241400204591
MIT,b1c0,656,1.0342624,96.48865729608299
MIT,b1c0,657,1.0482241,97.79117558019612
MIT,b1c0,658,1.0554252,98.46298233837936
MIT,b1c0,659,1.0468471,97.6627121640488
MIT,b1c0,660,1.0531596,98.25161943669212
MIT,b1c0,661,1.0492793,97.88961755312178
MIT,b1c0,662,1.0354383,96.59835964252281
MIT,b1c0,663,1.0341693,96.47997178842627
MIT,b1c0,664,1.0408134,97.09981476825509
MIT,b1c0,665,1.0517044,98.11586056728213
MIT,b1c0,666,1.0467603,97.65461439751174
MIT,b1c0,667,1.0540043,98.33042339284289
MIT,b1c0,668,1.0550795,98.43073121059278
MIT,b1c0,669,1.0539341,98.3238742775099
MIT,b1c0,670,1.052424,98.18299366405745
MIT,b1c0,671,1.0512321,98.07179864175826
MIT,b1c0,672,1.0449505,97.48577409936836
MIT,b1c0,673,1.0239289,95.52462192153098
MIT,b1c0,674,1.0500863,97.9649043917789
MIT,b1c0,675,1.0543066,98.35862563736094
MIT,b1c0,676,1.0507541,98.0272049504595
MIT,b1c0,677,1.0456049,97.54682454201674
MIT,b1c0,678,1.0511117,98.0605662559165
MIT,b1c0,679,1.0536783,98.30001012220818
MIT,b1c0,680,1.0526545,98.20449752565654
MIT,b1c0,681,1.0488334,97.84801854276586
MIT,b1c0,682,1.0500343,97.96005319523596
MIT,b1c0,683,1.0508434,98.03553594759961
MIT,b1c0,684,1.0516891,98.11443319599161
MIT,b1c0,685,1.0483967,97.80727782102912
MIT,b1c0,686,1.0464915,97.62953744307424
MIT,b1c0,687,1.0422208,97.2311142685352
MIT,b1c0,688,1.0544376,98.37084692095955
MIT,b1c0,689,1.0541025,98.3395846909298
MIT,b1c0,690,1.0506324,98.01585128470414
MIT,b1c0,691,1.0467551,97.65412927785742
MIT,b1c0,692,1.0401802,97.04074212112039
MIT,b1c0,693,1.0512079,98.06954096952097
MIT,b1c0,694,1.048334,97.80142839750519
MIT,b1c0,695,1.052479,98.18812473732403
MIT,b1c0,696,1.0541601,98.34495832402355
MIT,b1c0,697,1.0535887,98.29165113739569
MIT,b1c0,698,1.0514075,98.08816210086665
MIT,b1c0,699,1.0526569,98.20472142703544
MIT,b1c0,700,1.0281619,95.91952797857637
MIT,b1c0,701,1.0542315,98.35161939004601
MIT,b1c0,702,1.0540398,98.33373526740588
MIT,b1c0,703,1.0528573,98.2234171921741
MIT,b1c0,704,1.0216026,95.30759618080224
MIT,b1c0,705,1.0268763,95.79959147327574
MIT,b1c0,706,1.0460932,97.59237914339998
MIT,b1c0,707,1.0488297,97.84767336147338
MIT,b1c0,708,1.0314293,96.22435104750863
MIT,b1c0,709,1.0266535,95.77880596193398
MIT,b1c0,710,1.036703,96.71634633998212
MIT,b1c0,711,1.0502267,97.97800262244492
MIT,b1c0,712,1.0535201,98.28525128964863
MIT,b1c0,713,1.0544344,98.37054838578769
MIT,b1c0,714,1.0520428,98.14743066170789
MIT,b1c0,715,1.0492407,97.88601647261103
MIT,b1c0,716,1.0525217,98.19210831602373
MIT,b1c0,717,1.0447495,97.46702235888499
MIT,b1c0,718,1.0468082,97.65908309586571
MIT,b1c0,719,1.0487033,97.83588122218433
MIT,b1c0,720,1.0531344,98.24926847221361
MIT,b1c0,721,1.0521197,98.15460483505699
MIT,b1c0,722,1.0528525,98.22296938941628
MIT,b1c0,723,1.0502402,97.97926206770124
MIT,b1c0,724,1.0390798,96.93808333889201
MIT,b1c0,725,1.043781,97.37666882327233
MIT,b1c0,726,1.0497973,97.93794293406899
MIT,b1c0,727,1.0524502,98.18543792077718
MIT,b1c0,728,1.0522059,98.16264662624936
MIT,b1c0,729,1.0516083,98.10689518290178
MIT,b1c0,730,1.047296,97.70459105112835
MIT,b1c0,731,1.048299,97.79816316906282
MIT,b1c0,732,1.05011,97.96711541789561
MIT,b1c0,733,1.0508047,98.03192553786477
MIT,b1c0,734,1.0417973,97.19160500438241
MIT,b1c0,735,1.0494848,97.90878910869061
MIT,b1c0,736,1.0511718,98.06617311961327
MIT,b1c0,737,1.0464046,97.62143034731304
MIT,b1c0,738,1.0440246,97.39939481323127
MIT,b1c0,739,1.0411466,97.13089974302653
MIT,b1c0,740,1.0482421,97.7928548405379
MIT,b1c0,741,1.0451931,97.50840679708612
MIT,b1c0,742,1.0419753,97.20821102331794
MIT,b1c0,743,1.0461867,97.6011019679532
MIT,b1c0,744,1.0419799,97.20864016762751
MIT,b1c0,745,1.0330361,96.37425302068615
MIT,b1c0,746,1.0488918,97.85346680965259
MIT,b1c0,747,1.0213207,95.2812970980049
MIT,b1c0,748,1.0297344,96.06623002788038
MIT,b1c0,749,1.0417689,97.18895550473204
MIT,b1c0,750,1.0484946,97.81641113144363
MIT,b1c0,751,1.0463246,97.61396696801616
MIT,b1c0,752,1.0397757,97.00300540955062
MIT,b1c0,753,1.0311786,96.20096268263707
MIT,b1c0,754,1.0507765,98.02929469666262
MIT,b1c0,755,1.0483649,97.8043111277586
MIT,b1c0,756,1.0188866,95.05421445367365
MIT,b1c0,757,1.0228972,95.42837231627377
MIT,b1c0,758,1.0449833,97.48883408488008
MIT,b1c0,759,1.0506729,98.01962962047317
MIT,b1c0,760,1.0458556,97.5702129068883
MIT,b1c0,761,1.0445747,97.45071487512135
MIT,b1c0,762,1.0455662,97.54321413228186
MIT,b1c0,763,1.0490073,97.86424206351244
MIT,b1c0,764,1.0385914,96.89251940828464
MIT,b1c0,765,1.0413193,97.14701131308364
MIT,b1c0,766,1.0266445,95.77796633176308
MIT,b1c0,767,1.0413045,97.14563058791373
MIT,b1c0,768,1.0448481,97.4762209738684
MIT,b1c0,769,1.0083524,94.0714553263106
MIT,b1c0,770,1.0387102,96.90360252654048
MIT,b1c0,771,1.0444818,97.44204802591287
MIT,b1c0,772,1.045437,97.53116077471743
MIT,b1c0,773,1.0494971,97.90993660325749
MIT,b1c0,774,1.0357653,96.62886620539874
MIT,b1c0,775,1.0399913,97.02311921675567
MIT,b1c0,776,1.0456713,97.55301914683314
MIT,b1c0,777,1.0503968,97.99387163267485
MIT,b1c0,778,1.0502243,97.977778721066
MIT,b1c0,779,1.041375,97.15220769091908
MIT,b1c0,780,1.046459,97.6265054452349
MIT,b1c0,781,1.0481468,97.78396408995053
MIT,b1c0,782,1.0373372,96.77551227935804
MIT,b1c0,783,1.0364876,96.69625119122531
MIT,b1c0,784,1.0493351,97.89482326018134
MIT,b1c0,785,1.0497355,97.93217747356215
MIT,b1c0,786,1.0395273,96.97983161683385
MIT,b1c0,787,1.0406383,97.08347929681906
MIT,b1c0,788,1.0497754,97.93589983398645
MIT,b1c0,789,1.0434487,97.34566781151796
MIT,b1c0,790,1.0462769,97.60951692811041
MIT,b1c0,791,1.0487804,97.84307405398171
MIT,b1c0,792,1.0395763,96.98440293665318
MIT,b1c0,793,1.030682,96.15463375565177
MIT,b1c0,794,1.0187241,95.03905446447689
MIT,b1c0,795,1.0372057,96.76324434963878
MIT,b1c0,796,1.0447724,97.46915875120872
MIT,b1c0,797,1.0487778,97.84283149415455
MIT,b1c0,798,1.0471404,97.69007477839595
MIT,b1c0,799,1.0475039,97.72398650807608
MIT,b1c0,800,1.0489835,97.86202170817162
MIT,b1c0,801,1.0486422,97.83018106624635
MIT,b1c0,802,1.045436,97.53106748247623
MIT,b1c0,803,1.0426677,97.2728065711323
MIT,b1c0,804,1.0458816,97.57263850515977
MIT,b1c0,805,1.0477059,97.74283154080067
MIT,b1c0,806,1.0429559,97.29969339504926
MIT,b1c0,807,1.0347645,96.53549933039496
MIT,b1c0,808,1.0433052,97.33228037490422
MIT,b1c0,809,1.0423573,97.24384865946047
MIT,b1c0,810,1.0335115,96.41860415215778
MIT,b1c0,811,1.0475713,97.73027440513368
MIT,b1c0,812,1.0447927,97.4710525837053
MIT,b1c0,813,1.0456301,97.54917550649523
MIT,b1c0,814,1.0461612,97.5987230158023
MIT,b1c0,815,1.0428686,97.29154898239156
MIT,b1c0,816,1.0454813,97.53529362100308
MIT,b1c0,817,1.0451788,97.5070727180368
MIT,b1c0,818,1.0478085,97.7524033247489
MIT,b1c0,819,1.0288956,95.98797649595275
MIT,b1c0,820,1.0367709,96.72268088316034
MIT,b1c0,821,1.0471448,97.69048526425729
MIT,b1c0,822,1.0481814,97.78719200149641
MIT,b1c0,823,1.0348196,96.54063973288567
MIT,b1c0,824,1.0429114,97.29554189031539
MIT,b1c0,825,1.0450939,97.499152206758
MIT,b1c0,826,1.0442761,97.4228578118958
MIT,b1c0,827,1.0383412,96.86917768953369
MIT,b1c0,828,1.0440003,97.39712781176985
MIT,b1c0,829,1.044595,97.45260870761791
MIT,b1c0,830,1.0198556,95.14461463540694
MIT,b1c0,831,1.0134537,94.54736703639936
MIT,b1c0,832,1.0466653,97.64575163459668
MIT,b1c0,833,1.0446702,97.45962428415699
MIT,b1c0,834,1.0471945,97.69512188864546
MIT,b1c0,835,1.0436742,97.36670521191101
MIT,b1c0,836,1.0432563,97.327718384309
MIT,b1c0,837,1.0455651,97.54311151081654
MIT,b1c0,838,1.0461838,97.60083142045369
MIT,b1c0,839,1.0466902,97.64807461140283
MIT,b1c0,840,1.044336,97.42844601714432
MIT,b1c0,841,1.0425305,97.26000687563818
MIT,b1c0,842,1.0470839,97.68480376676754
MIT,b1c0,843,1.0470449,97.68116536936031
MIT,b1c0,844,1.0466285,97.64231848012012
MIT,b1c0,845,1.0422326,97.23221511698148
MIT,b1c0,846,1.0258471,95.70357509862157
MIT,b1c0,847,1.01603,94.78771583743081
MIT,b1c0,848,1.0364809,96.69562613320919
MIT,b1c0,849,1.043061,97.30949840960052
MIT,b1c0,850,1.0286866,95.96847841753969
MIT,b1c0,851,1.0423036,97.23883886610746
MIT,b1c0,852,1.0487924,97.84419356087622
MIT,b1c0,853,1.0470663,97.68316182332222
MIT,b1c0,854,1.0470071,97.67763892264256
MIT,b1c0,855,1.0469003,97.66767531128122
MIT,b1c0,856,1.0458245,97.56731151818663
MIT,b1c0,857,1.0449082,97.48182783756516
MIT,b1c0,858,1.0451659,97.50586924812518
MIT,b1c0,859,1.0452406,97.51283817854363
MIT,b1c0,860,1.0455425,97.54100310616518
MIT,b1c0,861,1.0456032,97.54666594520667
MIT,b1c0,862,1.0444313,97.43733676773172
MIT,b1c0,863,1.0456605,97.55201159062807
MIT,b1c0,864,1.0431082,97.31390180338568
MIT,b1c0,865,1.0450228,97.4925191284079
MIT,b1c0,866,1.0422863,97.23722491033449
MIT,b1c0,867,1.0456389,97.54999647821789
MIT,b1c0,868,1.0454966,97.53672099229361
MIT,b1c0,869,1.0456337,97.5495113585636
MIT,b1c0,870,1.0460664,97.58987891133553
MIT,b1c0,871,1.0460432,97.58771453133943
MIT,b1c0,872,1.0462755,97.6093863189727
MIT,b1c0,873,1.0456063,97.54695515115442
MIT,b1c0,874,1.0459584,97.57980334928476
MIT,b1c0,875,1.0458555,97.57020357766417
MIT,b1c0,876,1.0454965,97.53671166306948
MIT,b1c0,877,1.0452571,97.51437750052361
MIT,b1c0,878,1.0454723,97.53445399083218
MIT,b1c0,879,1.045259,97.5145547557819
MIT,b1c0,880,1.0453798,97.52582445852018
MIT,b1c0,881,1.0447605,97.46804857353831
MIT,b1c0,882,1.044744,97.46650925155834
MIT,b1c0,883,1.0434456,97.3453786055702
MIT,b1c0,884,1.0442295,97.41851039345536
MIT,b1c0,885,1.0449216,97.48307795359737
MIT,b1c0,886,1.0441749,97.41341663708526
MIT,b1c0,887,1.0446359,97.45642436028345
MIT,b1c0,888,1.0445061,97.44431502737429
MIT,b1c0,889,1.0447439,97.46649992233422
MIT,b1c0,890,1.0444783,97.44172150306862
MIT,b1c0,891,1.0443255,97.42746644861161
MIT,b1c0,892,1.0444609,97.44009821807155
MIT,b1c0,893,1.0439519,97.39261246729524
MIT,b1c0,894,1.043522,97.35250613279872
MIT,b1c0,895,1.0441236,97.40863074511114
MIT,b1c0,896,1.0440363,97.40048633245343
MIT,b1c0,897,1.0443621,97.43088094463992
MIT,b1c0,898,1.0445197,97.44558380185474
MIT,b1c0,899,1.0446539,97.45810362062524
MIT,b1c0,900,1.0356491,96.61802564697005
MIT,b1c0,901,1.0448005,97.47178026318674
MIT,b1c0,902,1.0449328,97.48412282669894
MIT,b1c0,903,1.0440176,97.3987417675428
MIT,b1c0,904,1.0445299,97.4465353827151
MIT,b1c0,905,1.0443071,97.42574987137333
MIT,b1c0,906,1.0439548,97.39288301479476
MIT,b1c0,907,1.0434957,97.35005254685487
MIT,b1c0,908,1.0409905,97.11633682417352
MIT,b1c0,909,1.042083,97.21825859769635
MIT,b1c0,910,1.0425202,97.25904596555371
MIT,b1c0,911,1.0428741,97.29206208971821
MIT,b1c0,912,1.0430235,97.30599995055513
MIT,b1c0,913,1.0422294,97.23191658180961
MIT,b1c0,914,1.0431945,97.32195292380217
MIT,b1c0,915,1.0406314,97.08283558035473
MIT,b1c0,916,1.0406038,97.08026071449729
MIT,b1c0,917,1.0410354,97.12052564580388
MIT,b1c0,918,1.0423316,97.24145104886135
MIT,b1c0,919,1.0378183,96.82039517660456
MIT,b1c0,920,1.041466,97.16069728486927
MIT,b1c0,921,1.0428514,97.28994435584274
MIT,b1c0,922,1.0410734,97.12407075096989
MIT,b1c0,923,1.0414201,97.15641517099769
MIT,b1c0,924,1.0414792,97.16192874245324
MIT,b1c0,925,1.0417826,97.1902336084366
MIT,b1c0,926,1.0416553,97.17835750613047
MIT,b1c0,927,1.0396786,96.99394673292905
MIT,b1c0,928,1.0419347,97.20442335832479
MIT,b1c0,929,1.0411887,97.1348273463815
MIT,b1c0,930,1.0420215,97.21252112486187
MIT,b1c0,931,1.0406326,97.08294753104416
MIT,b1c0,932,1.0405743,97.07750859338158
MIT,b1c0,933,1.0409799,97.11534792641669
MIT,b1c0,934,1.040159,97.03876432560673
MIT,b1c0,935,1.0408435,97.10262286471553
MIT,b1c0,936,1.0411508,97.13129157043961
MIT,b1c0,937,1.0402839,97.05041652653395
MIT,b1c0,938,1.0407169,97.09081206697824
MIT,b1c0,939,1.0403634,97.05783325971021
MIT,b1c0,940,1.0401803,97.04075145034452
MIT,b1c0,941,1.0405334,97.07369294071604
MIT,b1c0,942,1.0403072,97.05259023575417
MIT,b1c0,943,1.0396606,96.99226747258724
MIT,b1c0,944,1.0358037,96.63244862746123
MIT,b1c0,945,1.0407008,97.08931006189474
MIT,b1c0,946,1.0412959,97.1448282746393
MIT,b1c0,947,1.0409629,97.1137619583161
MIT,b1c0,948,1.0403105,97.05289810015016
MIT,b1c0,949,1.0368004,96.72543300427606
MIT,b1c0,950,1.04143,97.15733876418568
MIT,b1c0,951,1.039399,96.9678622222865
MIT,b1c0,952,1.0405301,97.07338507632006
MIT,b1c0,953,1.0405751,97.07758322717456
MIT,b1c0,954,1.0400994,97.03320410803055
MIT,b1c0,955,1.0386473,96.89773444456833
MIT,b1c0,956,1.0389183,96.92301664193646
MIT,b1c0,957,1.039237,96.95274887921033
MIT,b1c0,958,1.0391384,96.94355026422696
MIT,b1c0,959,1.0393174,96.96024957540371
MIT,b1c0,960,1.0401069,97.03390379983963
MIT,b1c0,961,1.0387881,96.91086999213083
MIT,b1c0,962,1.0396352,96.9898978496605
MIT,b1c0,963,1.039667,96.99286454293099
MIT,b1c0,964,1.0403285,97.05457736049196
MIT,b1c0,965,1.0378004,96.81872524548687
MIT,b1c0,966,1.0398613,97.01099122539827
MIT,b1c0,967,1.0400236,97.02613255614678
MIT,b1c0,968,1.0393689,96.96505412582604
MIT,b1c0,969,1.0396851,96.99455313249692
MIT,b1c0,970,1.0397235,96.99813555455941
MIT,b1c0,971,1.0389185,96.92303530038471
MIT,b1c0,972,1.0387853,96.91060877385542
MIT,b1c0,973,1.0400088,97.02475183097687
MIT,b1c0,974,1.0394875,96.97611858563364
MIT,b1c0,975,1.0394107,96.96895374150866
MIT,b1c0,976,1.0392671,96.95555697567079
MIT,b1c0,977,1.0396254,96.98898358569663
MIT,b1c0,978,1.0389411,96.92514370503605
MIT,b1c0,979,1.0390364,96.93403445562346
MIT,b1c0,980,1.0392826,96.95700300540955
MIT,b1c0,981,1.0391037,96.94031302345695
MIT,b1c0,982,1.038846,96.9162716128969
MIT,b1c0,983,1.0393666,96.96483955367125
MIT,b1c0,984,1.0385114,96.88505602898778
MIT,b1c0,985,1.0387633,96.90855634454878
MIT,b1c0,986,1.038576,96.89108270776998
MIT,b1c0,987,1.0396156,96.98806932173277
MIT,b1c0,988,1.0384245,96.87694893322656
MIT,b1c0,989,1.0382352,96.85928871196533
MIT,b1c0,990,1.0381808,96.85421361404346
MIT,b1c0,991,1.0384667,96.88088586580565
MIT,b1c0,992,1.0386317,96.89627908560544
MIT,b1c0,993,1.0389284,96.92395889357269
MIT,b1c0,994,1.0384308,96.87753667434617
MIT,b1c0,995,1.0382922,96.86460636971437
MIT,b1c0,996,1.0383285,96.86799287807031
MIT,b1c0,997,1.039122,96.94202027147111
MIT,b1c0,998,1.0387062,96.90322935757564
MIT,b1c0,999,1.0389125,96.92247554693742
MIT,b1c0,1000,1.0385895,96.89234215302635
MIT,b1c0,1001,1.0391204,96.94187100388517
MIT,b1c0,1002,1.0386714,96.8999827875815
MIT,b1c0,1003,1.0392003,96.9493250539579
MIT,b1c0,1004,1.0387985,96.9118402314394
MIT,b1c0,1005,1.0387524,96.90753945911958
MIT,b1c0,1006,1.0382271,96.85853304481155
MIT,b1c0,1007,1.0382619,96.86177961480567
MIT,b1c0,1008,1.0381292,96.849399734397
MIT,b1c0,1009,1.0386435,96.89737993405173
MIT,b1c0,1010,1.0383798,96.87277877004442
MIT,b1c0,1011,1.0387344,96.90586019877779
MIT,b1c0,1012,1.0384082,96.87542826969481
MIT,b1c0,1013,1.0384033,96.87497113771288
MIT,b1c0,1014,1.0382508,96.86074407092823
MIT,b1c0,1015,1.0386004,96.89335903845553
MIT,b1c0,1016,1.0382693,96.86246997739065
MIT,b1c0,1017,1.0380154,96.8387830773472
MIT,b1c0,1018,1.0380089,96.83817667777933
MIT,b1c0,1019,1.0381563,96.85192795413381
MIT,b1c0,1020,1.0380909,96.84582664155863
MIT,b1c0,1021,1.0380572,96.84268269302981
MIT,b1c0,1022,1.0381613,96.85239441533987
MIT,b1c0,1023,1.037668,96.80637335275057
MIT,b1c0,1024,1.0381751,96.85368184826856
MIT,b1c0,1025,1.0375223,96.79278067320615
MIT,b1c0,1026,1.0377138,96.81064613739801
MIT,b1c0,1027,1.0376039,96.80039332008894
MIT,b1c0,1028,1.0376381,96.80358391473835
MIT,b1c0,1029,1.0366722,96.71347293895283
MIT,b1c0,1030,1.0371883,96.76162106464173
MIT,b1c0,1031,1.037078,96.75133093043617
MIT,b1c0,1032,1.0373186,96.77377704367152
MIT,b1c0,1033,1.0374084,96.78215468693223
MIT,b1c0,1034,1.0364586,96.6935457162302
MIT,b1c0,1035,1.0368803,96.73288705434881
MIT,b1c0,1036,1.0367821,96.72372575626189
MIT,b1c0,1037,1.0364487,96.69262212304221
MIT,b1c0,1038,1.0367492,96.72065644152606
MIT,b1c0,1039,1.0368243,96.727662688841
MIT,b1c0,1040,1.0368503,96.73008828711248
MIT,b1c0,1041,1.036988,96.74293462872721
MIT,b1c0,1042,1.0366458,96.71101002378487
MIT,b1c0,1043,1.0370507,96.74878405225112
MIT,b1c0,1044,1.036622,96.70878966844404
MIT,b1c0,1045,1.0364361,96.69144664080295
MIT,b1c0,1046,1.0369773,96.74193640174626
MIT,b1c0,1047,1.0366753,96.71376214490058
MIT,b1c0,1048,1.0366201,96.70861241318573
MIT,b1c0,1049,1.0367018,96.71623438929265
MIT,b1c0,1050,1.0367681,96.72241966488494
MIT,b1c0,1051,1.0366604,96.71237209050653
MIT,b1c0,1052,1.0359209,96.64338247813114
MIT,b1c0,1053,1.0362328,96.6724803281648
MIT,b1c0,1054,1.035984,96.64926921855155
MIT,b1c0,1055,1.0362861,96.67745280462134
MIT,b1c0,1056,1.0363454,96.68298503452513
MIT,b1c0,1057,1.0361643,96.66608980964185
MIT,b1c0,1058,1.0363283,96.68138973720045
MIT,b1c0,1059,1.0353702,96.59200644089634
MIT,b1c0,1060,1.0361522,96.66496097352321
MIT,b1c0,1061,1.0350224,96.5595593994032
MIT,b1c0,1062,1.0354484,96.59930189415901
MIT,b1c0,1063,1.035789,96.63107723151543
MIT,b1c0,1064,1.0352587,96.58160435600132
MIT,b1c0,1065,1.0355475,96.60854715526303
MIT,b1c0,1066,1.0351868,96.57489664385828
MIT,b1c0,1067,1.0354269,96.59729611097299
MIT,b1c0,1068,1.0355663,96.61030104939778
MIT,b1c0,1069,1.0350106,96.55845855095691
MIT,b1c0,1070,1.0355738,96.61100074120688
MIT,b1c0,1071,1.0350094,96.55834660026748
MIT,b1c0,1072,1.0350747,96.56443858361854
MIT,b1c0,1073,1.0354928,96.6034440696688
MIT,b1c0,1074,1.0352503,96.58082070117516
MIT,b1c0,1075,1.0349739,96.55503472570449
MIT,b1c0,1076,1.0339727,96.46163053380423
MIT,b1c0,1077,1.0346072,96.52082446085248
MIT,b1c0,1078,1.0343043,96.49256624098973
MIT,b1c0,1079,1.0348344,96.54202045805559
MIT,b1c0,1080,1.0343127,96.49334989581591
MIT,b1c0,1081,1.0341735,96.48036361583937
MIT,b1c0,1082,1.0342456,96.48708998643065
MIT,b1c0,1083,1.0344391,96.50514203510494
MIT,b1c0,1084,1.0346419,96.5240617016225
MIT,b1c0,1085,1.0343549,96.497286828395
MIT,b1c0,1086,1.0341082,96.47427163248827
MIT,b1c0,1087,1.0344795,96.50891104164985
MIT,b1c0,1088,1.0339148,96.45622891303812
MIT,b1c0,1089,1.0337666,96.44240300289067
MIT,b1c0,1090,1.0336525,96.43175835816852
MIT,b1c0,1091,1.0340583,96.46961634965187
MIT,b1c0,1092,1.0336003,96.42688850317731
MIT,b1c0,1093,1.0338552,96.45066869546196
MIT,b1c0,1094,1.0333118,96.39997369158797
MIT,b1c0,1095,1.0332232,96.3917079990167
MIT,b1c0,1096,1.033228,96.39215580177452
MIT,b1c0,1097,1.033473,96.41501240087118
MIT,b1c0,1098,1.0336952,96.4357419368682
MIT,b1c0,1099,1.0333788,96.40622427174911
MIT,b1c0,1100,1.0328728,96.35901839769645
MIT,b1c0,1101,1.0331461,96.38451516721935
MIT,b1c0,1102,1.0332159,96.39102696565588
MIT,b1c0,1103,1.0333444,96.40301501865146
MIT,b1c0,1104,1.0333019,96.39905009840001
MIT,b1c0,1105,1.0333362,96.40225002227353
MIT,b1c0,1106,1.0334672,96.41447130587215
MIT,b1c0,1107,1.0331818,96.38784570023057
MIT,b1c0,1108,1.0333894,96.40721316950594
MIT,b1c0,1109,1.0322922,96.30485292244944
MIT,b1c0,1110,1.033007,96.37153821646692
MIT,b1c0,1111,1.0323262,96.3080248586506
MIT,b1c0,1112,1.0328135,96.35348616779264
MIT,b1c0,1113,1.0329384,96.36513836871985
MIT,b1c0,1114,1.0318871,96.26706023553493
MIT,b1c0,1115,1.0326154,96.33500497480878
MIT,b1c0,1116,1.0322177,96.29790265047922
MIT,b1c0,1117,1.0326695,96.34005208505828
MIT,b1c0,1118,1.0319157,96.26972839363357
MIT,b1c0,1119,1.0318688,96.26535298752077
MIT,b1c0,1120,1.0317391,96.25325298383572
MIT,b1c0,1121,1.0314549,96.22673932888361
MIT,b1c0,1122,1.0316801,96.24774874160428
MIT,b1c0,1123,1.0319879,96.276464093449
MIT,b1c0,1124,1.0311486,96.19816391540074
MIT,b1c0,1125,1.0313286,96.21495651881867
MIT,b1c0,1126,1.031759,96.25510949943583
MIT,b1c0,1127,1.0315967,96.2399681686873
MIT,b1c0,1128,1.0310855,96.19227717498035
MIT,b1c0,1129,1.0308088,96.1664632118373
MIT,b1c0,1130,1.0318278,96.26152800563113
MIT,b1c0,1131,1.0311972,96.2026979183236
MIT,b1c0,1132,1.0314872,96.22975266827471
MIT,b1c0,1133,1.0308222,96.16771332786954
MIT,b1c0,1134,1.0314685,96.22800810336408
MIT,b1c0,1135,1.0314585,96.22707518095197
MIT,b1c0,1136,1.0305611,96.14335472368937
MIT,b1c0,1137,1.0305561,96.14288826248332
MIT,b1c0,1138,1.0305159,96.13913791438664
MIT,b1c0,1139,1.0305265,96.14012681214348
MIT,b1c0,1140,1.0301961,96.10930305564742
MIT,b1c0,1141,1.0304435,96.13238355612299
MIT,b1c0,1142,1.0300729,96.09780945153025
MIT,b1c0,1143,1.0303241,96.12124446252243
MIT,b1c0,1144,1.029824,96.0745890126929
MIT,b1c0,1145,1.0300223,96.093088864125
MIT,b1c0,1146,1.0302869,96.11777399114936
MIT,b1c0,1147,1.0302253,96.11202718909078
MIT,b1c0,1148,1.0294286,96.03770126051812
MIT,b1c0,1149,1.0298998,96.08166056457665
MIT,b1c0,1150,1.0293539,96.03073233009968
MIT,b1c0,1151,1.0295745,96.05131259851079
MIT,b1c0,1152,1.0293983,96.03487450560944
MIT,b1c0,1153,1.0291622,96.01284820745957
MIT,b1c0,1154,1.029492,96.0436159886109
MIT,b1c0,1155,1.0296541,96.05873866091116
MIT,b1c0,1156,1.0298069,96.07299371536818
MIT,b1c0,1157,1.0290333,96.00082283756748
MIT,b1c0,1158,1.02912,96.00891127488048
MIT,b1c0,1159,1.028875,95.98605467578382
MIT,b1c0,1160,1.0289192,95.99017819284533
MIT,b1c0,1161,1.0289623,95.99419908844152
MIT,b1c0,1162,1.0289677,95.99470286654405
MIT,b1c0,1163,1.0290465,96.00205429515147
MIT,b1c0,1164,1.0288138,95.9803451906217
MIT,b1c0,1165,1.0284739,95.94863515783416
MIT,b1c0,1166,1.02823,95.92588118020284
MIT,b1c0,1167,1.0283465,95.93674972630389
MIT,b1c0,1168,1.0281203,95.91564702134202
MIT,b1c0,1169,1.0277567,95.88172596243776
MIT,b1c0,1170,1.0280869,95.91253106048556
MIT,b1c0,1171,1.0284221,95.94380261973944
MIT,b1c0,1172,1.0283017,95.93257023389766
MIT,b1c0,1173,1.0277656,95.88255626338452
MIT,b1c0,1174,1.0279707,95.90169050205687
MIT,b1c0,1175,1.0278769,95.89293968983131
MIT,b1c0,1176,1.0271217,95.82248538926888
MIT,b1c0,1177,1.0272592,95.83531307243537
MIT,b1c0,1178,1.0275092,95.85863613273806
MIT,b1c0,1179,1.0268544,95.79754837319322
MIT,b1c0,1180,1.0272599,95.83537837700422
MIT,b1c0,1181,1.0270069,95.81177543997788
MIT,b1c0,1182,1.0265244,95.76676193359366
MIT,b1c0,1183,1.0268919,95.80104683223864
MIT,b1c0,1184,1.026472,95.76187342015422
MIT,b1c0,1185,1.0267,95.78314405115027
MIT,b1c0,1186,1.0264986,95.76435499377041
MIT,b1c0,1187,1.0266768,95.78097967115417
MIT,b1c0,1188,1.0262098,95.73741219450874
MIT,b1c18,1,1.0661705,99.94166627296322
MIT,b1c18,2,1.0667928,100.0
MIT,b1c18,3,1.0674137,100.05820249255525
MIT,b1c18,4,1.0678893,100.10278472070678
MIT,b1c18,5,1.0683733,100.14815435574742
MIT,b1c18,6,1.068862,100.19396456369034
MIT,b1c18,7,1.0691321,100.21928344473265
MIT,b1c18,8,1.0693638,100.24100275142465
MIT,b1c18,9,1.0695512,100.2585694241656
MIT,b1c18,10,1.0683745,100.14826684244589
MIT,b1c18,11,1.069784,100.28039184366449
MIT,b1c18,12,1.0698236,100.28410390471328
MIT,b1c18,13,1.0698264,100.2843663736763
MIT,b1c18,14,1.0697458,100.27681101709722
MIT,b1c18,15,1.0699476,100.29572753021955
MIT,b1c18,16,1.0700938,100.30943215964712
MIT,b1c18,17,1.0700723,100.30741677296659
MIT,b1c18,18,1.0701458,100.31430658324652
MIT,b1c18,19,1.0700632,100.30656374883671
MIT,b1c18,20,1.0701082,100.3107820000285
MIT,b1c18,21,1.0701121,100.31114758179847
MIT,b1c18,22,1.0700816,100.30828854487956
MIT,b1c18,23,1.0700165,100.30218614148876
MIT,b1c18,24,1.0699893,100.29963644299062
MIT,b1c18,25,1.0699711,100.29793039473083
MIT,b1c18,26,1.0699532,100.29625246814564
MIT,b1c18,27,1.0698727,100.28870648545809
MIT,b1c18,28,1.0696832,100.27094296099489
MIT,b1c18,29,1.0698504,100.28661610764527
MIT,b1c18,30,1.0698689,100.28835027757967
MIT,b1c18,31,1.0697455,100.27678289542261
MIT,b1c18,32,1.0698024,100.28211663970734
MIT,b1c18,33,1.0697377,100.2760517318827
MIT,b1c18,34,1.0696578,100.26856199254439
MIT,b1c18,35,1.0696011,100.26324699604272
MIT,b1c18,36,1.069602,100.26333136106655
MIT,b1c18,37,1.0695733,100.26064105419535
MIT,b1c18,38,1.0694541,100.24946737548284
MIT,b1c18,40,1.0694818,100.25206394343869
MIT,b1c18,41,1.0694627,100.25027353015507
MIT,b1c18,42,1.0694138,100.2456896971933
MIT,b1c18,43,1.0692772,100.23288496135332
MIT,b1c18,44,1.0692852,100.23363487267629
MIT,b1c18,45,1.06911,100.2172118147029
MIT,b1c18,46,1.0690894,100.21528079304622
MIT,b1c18,47,1.0690513,100.21170934037049
MIT,b1c18,48,1.0689088,100.19835154492982
MIT,b1c18,49,1.0689219,100.1995795247212
MIT,b1c18,50,1.0688115,100.189230748464
MIT,b1c18,51,1.0687654,100.1849093844653
MIT,b1c18,52,1.0675288,100.06899184171472
MIT,b1c18,53,1.0688134,100.18940885240322
MIT,b1c18,54,1.0689895,100.20591627540043
MIT,b1c18,55,1.0690435,100.2109781768306
MIT,b1c18,56,1.0690312,100.2098251881715
MIT,b1c18,57,1.0685651,100.16613347971604
MIT,b1c18,58,1.0683942,100.15011349907874
MIT,b1c18,59,1.0682666,100.13815241347712
MIT,b1c18,60,1.0682377,100.13544335882283
MIT,b1c18,61,1.0681961,100.13154381994329
MIT,b1c18,62,1.068053,100.11812978115337
MIT,b1c18,63,1.0680323,100.11618938560515
MIT,b1c18,64,1.0679131,100.10501570689266
MIT,b1c18,65,1.0678315,100.09736661139821
MIT,b1c18,66,1.0677707,100.0916672853435
MIT,b1c18,67,1.0676849,100.08362448640449
MIT,b1c18,68,1.0675687,100.07273202443811
MIT,b1c18,69,1.0674714,100.06361122797229
MIT,b1c18,70,1.0673964,100.0565808093193
MIT,b1c18,71,1.0673052,100.04803182023727
MIT,b1c18,72,1.0672312,100.04109514049964
MIT,b1c18,73,1.0671396,100.03250865585144
MIT,b1c18,74,1.0670553,100.02460646528549
MIT,b1c18,75,1.0669148,100.01143614767554
MIT,b1c18,76,1.066882,100.0083615112513
MIT,b1c18,77,1.0667326,99.99435691729452
MIT,b1c18,78,1.0666827,99.98967934541741
MIT,b1c18,79,1.0665759,99.97966802925554
MIT,b1c18,80,1.0664879,99.9714190047027
MIT,b1c18,81,1.0663667,99.96005784815945
MIT,b1c18,82,1.0662019,99.94460967490595
MIT,b1c18,83,1.0661716,99.94176938577014
MIT,b1c18,84,1.0662024,99.94465654436364
MIT,b1c18,85,1.0658867,99.9150631687803
MIT,b1c18,86,1.0658376,99.91046058803546
MIT,b1c18,87,1.065811,99.90796713288654
MIT,b1c18,88,1.0656552,99.89336260987137
MIT,b1c18,89,1.0655397,99.88253576514578
MIT,b1c18,90,1.0655847,99.88675401633758
MIT,b1c18,91,1.0654104,99.870415323388
MIT,b1c18,92,1.0652179,99.85237058217865
MIT,b1c18,93,1.0651042,99.84171246750071
MIT,b1c18,94,1.0638232,99.7216329169076
MIT,b1c18,95,1.0648335,99.81633734310917
MIT,b1c18,96,1.0648432,99.81724661058831
MIT,b1c18,97,1.0647006,99.80387944125609
MIT,b1c18,98,1.0646114,99.79551793000478
MIT,b1c18,99,1.0645274,99.78764386111342
MIT,b1c18,100,1.0644009,99.77578588831871
MIT,b1c18,101,1.064324,99.76857736572651
MIT,b1c18,102,1.0642416,99.76085327909973
MIT,b1c18,103,1.0640787,99.74558320978545
MIT,b1c18,104,1.0639834,99.73664989115036
MIT,b1c18,105,1.0638382,99.72303900063817
MIT,b1c18,106,1.0638094,99.72033931987542
MIT,b1c18,107,1.0637245,99.71238088596023
MIT,b1c18,108,1.0635141,99.6926582181657
MIT,b1c18,109,1.0633938,99.68138142664631
MIT,b1c18,110,1.0632008,99.66328981597925
MIT,b1c18,111,1.0630629,99.65036321954929
MIT,b1c18,112,1.0629203,99.63699605021706
MIT,b1c18,113,1.0630087,99.64528257033605
MIT,b1c18,114,1.0628386,99.62933758083108
MIT,b1c18,115,1.0627444,99.6205073750029
MIT,b1c18,116,1.0626279,99.60958679136192
MIT,b1c18,117,1.0624988,99.59748509738723
MIT,b1c18,118,1.0622746,99.57646883256056
MIT,b1c18,119,1.0621755,99.56717930604707
MIT,b1c18,120,1.0619847,99.54929392099385
MIT,b1c18,121,1.061969,99.54782222002248
MIT,b1c18,122,1.0618163,99.53350828764499
MIT,b1c18,123,1.0617387,99.52623414781202
MIT,b1c18,124,1.0615469,99.50825502384343
MIT,b1c18,125,1.0614775,99.50174954311653
MIT,b1c18,126,1.0613353,99.48841986935047
MIT,b1c18,127,1.0612184,99.47746179014332
MIT,b1c18,128,1.0610393,99.46067315039997
MIT,b1c18,129,1.0608857,99.44627485299864
MIT,b1c18,130,1.0607171,99.4304704718667
MIT,b1c18,131,1.0605569,99.4154534976239
MIT,b1c18,132,1.0605973,99.41924054980498
MIT,b1c18,133,1.0603961,99.40038028003188
MIT,b1c18,134,1.0602294,99.38475400283917
MIT,b1c18,135,1.0601475,99.3770767856701
MIT,b1c18,136,1.0587647,99.24745461349195
MIT,b1c18,137,1.060014,99.36456264046777
MIT,b1c18,138,1.0596255,99.32814507184527
MIT,b1c18,139,1.0595865,99.3244892541457
MIT,b1c18,140,1.0593673,99.30394168389587
MIT,b1c18,141,1.0592937,99.29704249972441
MIT,b1c18,142,1.0590832,99.27731045803833
MIT,b1c18,143,1.0590233,99.27169549700749
MIT,b1c18,144,1.0590456,99.27378587482029
MIT,b1c18,145,1.0588032,99.25106356173383
MIT,b1c18,146,1.0586804,99.239552422926
MIT,b1c18,147,1.0584548,99.21840492361778
MIT,b1c18,148,1.0583737,99.21080269758102
MIT,b1c18,149,1.058268,99.20089449422605
MIT,b1c18,150,1.058028,99.17839715453648
MIT,b1c18,151,1.0578343,99.16023992662866
MIT,b1c18,152,1.0577629,99.15354696807103
MIT,b1c18,153,1.0576096,99.1391767923443
MIT,b1c18,154,1.0573943,99.11899480386444
MIT,b1c18,155,1.0574464,99.12387860135539
MIT,b1c18,156,1.0572844,99.10869289706491
MIT,b1c18,157,1.056906,99.07322209148768
MIT,b1c18,158,1.0569404,99.07644671017653
MIT,b1c18,159,1.0567657,99.0600705216608
MIT,b1c18,160,1.0566707,99.05116532470035
MIT,b1c18,161,1.0565121,99.03629833272215
MIT,b1c18,162,1.0563419,99.02034396932564
MIT,b1c18,163,1.0562255,99.00943275957619
MIT,b1c18,164,1.0557054,98.96067914969055
MIT,b1c18,165,1.0558558,98.97477748256269
MIT,b1c18,166,1.0557734,98.96705339593595
MIT,b1c18,167,1.0556623,98.95663900243797
MIT,b1c18,168,1.0556222,98.95288007193149
MIT,b1c18,169,1.0550247,98.89687106999597
MIT,b1c18,170,1.0554947,98.94092836022139
MIT,b1c18,171,1.0553312,98.92560204755787
MIT,b1c18,172,1.0549423,98.88914698336922
MIT,b1c18,173,1.0547761,98.87356757563418
MIT,b1c18,174,1.054543,98.85171703446068
MIT,b1c18,175,1.0546153,98.85849435804217
MIT,b1c18,176,1.0542277,98.82216115444349
MIT,b1c18,177,1.0545654,98.85381678616504
MIT,b1c18,178,1.0535039,98.75431292749633
MIT,b1c18,179,1.0544393,98.84199630893647
MIT,b1c18,180,1.054322,98.83100073416318
MIT,b1c18,181,1.053985,98.79941071968238
MIT,b1c18,182,1.054028,98.80344149304344
MIT,b1c18,183,1.0537823,98.78040984153623
MIT,b1c18,184,1.0534539,98.74962598172766
MIT,b1c18,185,1.05327,98.73238739519051
MIT,b1c18,186,1.0531338,98.71962015491668
MIT,b1c18,187,1.0529455,98.7019691171519
MIT,b1c18,188,1.0527596,98.68454305278401
MIT,b1c18,189,1.0526319,98.67257259329084
MIT,b1c18,190,1.0522736,98.6389859399126
MIT,b1c18,191,1.0523962,98.65047833093736
MIT,b1c18,192,1.0522573,98.63745799559202
MIT,b1c18,193,1.051954,98.60902698255933
MIT,b1c18,194,1.0519763,98.61111736037213
MIT,b1c18,195,1.0519122,98.60510869589672
MIT,b1c18,196,1.051916,98.60546490377514
MIT,b1c18,197,1.0518937,98.6033745259623
MIT,b1c18,198,1.0518582,98.60004679446656
MIT,b1c18,199,1.051702,98.58540477588524
MIT,b1c18,200,1.0513675,98.5540491086929
MIT,b1c18,201,1.0511804,98.53651055762657
MIT,b1c18,202,1.0509921,98.51885951986178
MIT,b1c18,203,1.0507782,98.49880876586344
MIT,b1c18,204,1.0506072,98.4827794113346
MIT,b1c18,205,1.0448501,97.94311510163922
MIT,b1c18,206,1.0505323,98.47575836657315
MIT,b1c18,207,1.0508418,98.50477056088117
MIT,b1c18,208,1.0507981,98.50067417027935
MIT,b1c18,209,1.0506972,98.49121591371821
MIT,b1c18,210,1.0506319,98.48509476254432
MIT,b1c18,211,1.0504103,98.46432221889762
MIT,b1c18,212,1.0499469,98.42088360551364
MIT,b1c18,213,1.0496776,98.39563971560365
MIT,b1c18,214,1.0494475,98.37407039117625
MIT,b1c18,215,1.0494113,98.37067704243974
MIT,b1c18,216,1.0493122,98.36138751592624
MIT,b1c18,217,1.0490845,98.34004316489575
MIT,b1c18,218,1.0489706,98.32936630243475
MIT,b1c18,219,1.0488464,98.31772392914537
MIT,b1c18,220,1.0487095,98.30489107163078
MIT,b1c18,221,1.0486306,98.29749507120783
MIT,b1c18,222,1.0484123,98.27703186598185
MIT,b1c18,223,1.0482377,98.26066505135769
MIT,b1c18,224,1.0483532,98.27149189608329
MIT,b1c18,225,1.0480849,98.24634174508866
MIT,b1c18,226,1.0483683,98.27290735370542
MIT,b1c18,227,1.0481981,98.2569529903089
MIT,b1c18,228,1.0479121,98.23014366051214
MIT,b1c18,229,1.0477026,98.21050535774145
MIT,b1c18,230,1.0475278,98.19411979533419
MIT,b1c18,231,1.0474399,98.1858801446729
MIT,b1c18,232,1.047305,98.17323476498903
MIT,b1c18,233,1.0474088,98.18296486440478
MIT,b1c18,234,1.0470887,98.1529590375938
MIT,b1c18,235,1.0467714,98.12321567974587
MIT,b1c18,236,1.047042,98.14858143024587
MIT,b1c18,237,1.046997,98.14436317905407
MIT,b1c18,238,1.0469582,98.14072610913759
MIT,b1c18,239,1.0468119,98.1270121058185
MIT,b1c18,240,1.0465302,98.10060585335785
MIT,b1c18,241,1.0462044,98.07006571472922
MIT,b1c18,242,1.0460632,98.05682977987854
MIT,b1c18,243,1.046036,98.05428008138037
MIT,b1c18,244,1.0459857,98.04956501393708
MIT,b1c18,245,1.0458528,98.037107112084
MIT,b1c18,246,1.0457188,98.02454609742398
MIT,b1c18,247,1.0454383,97.99825233166179
MIT,b1c18,248,1.0454366,97.99809297550564
MIT,b1c18,249,1.0453411,97.9891409090875
MIT,b1c18,250,1.0453846,97.99321855190624
MIT,b1c18,251,1.0447404,97.93283194262278
MIT,b1c18,252,1.0449024,97.94801764691326
MIT,b1c18,253,1.0446036,97.92000845899973
MIT,b1c18,254,1.0449761,97.95492620497626
MIT,b1c18,255,1.0450213,97.95916320395112
MIT,b1c18,256,1.0447754,97.93611280466085
MIT,b1c18,257,1.044396,97.90054826016824
MIT,b1c18,258,1.0440837,97.87127359689718
MIT,b1c18,259,1.0440671,97.86971753090197
MIT,b1c18,260,1.0441215,97.87481692789827
MIT,b1c18,261,1.0439508,97.85881569504406
MIT,b1c18,262,1.0441377,97.87633549832732
MIT,b1c18,263,1.0441144,97.87415138159913
MIT,b1c18,264,1.0439053,97.85455057439458
MIT,b1c18,265,1.04317,97.78562434992062
MIT,b1c18,266,1.0439287,97.85674406501431
MIT,b1c18,267,1.0436894,97.8343123425655
MIT,b1c18,268,1.0434806,97.81473965703556
MIT,b1c18,269,1.0432639,97.79442643407417
MIT,b1c18,270,1.0428857,97.75897437628001
MIT,b1c18,271,1.0428492,97.75555290586888
MIT,b1c18,272,1.0427364,97.74497915621477
MIT,b1c18,273,1.0424575,97.71883537271718
MIT,b1c18,274,1.0424683,97.7198477530032
MIT,b1c18,275,1.0421382,97.6889045370385
MIT,b1c18,276,1.0422713,97.70138118667467
MIT,b1c18,277,1.0418197,97.6590486924921
MIT,b1c18,278,1.0420038,97.67630602681233
MIT,b1c18,279,1.0416061,97.6390260601684
MIT,b1c18,280,1.0418079,97.65794257329071
MIT,b1c18,281,1.0417476,97.6522901166937
MIT,b1c18,282,1.0417852,97.65581469991174
MIT,b1c18,283,1.0414609,97.62541516965618
MIT,b1c18,284,1.0412769,97.6081672092275
MIT,b1c18,285,1.0413525,97.61525387122973
MIT,b1c18,286,1.0410432,97.58626042470479
MIT,b1c18,287,1.0411564,97.59687166992504
MIT,b1c18,288,1.0410503,97.58692597100392
MIT,b1c18,289,1.0406716,97.55142704375208
MIT,b1c18,290,1.0408021,97.5636599722083
MIT,b1c18,291,1.0405576,97.54074080739953
MIT,b1c18,292,1.0408894,97.57184337952037
MIT,b1c18,293,1.04073,97.55690139640987
MIT,b1c18,294,1.0408491,97.56806570123084
MIT,b1c18,295,1.04053,97.53815361333523
MIT,b1c18,296,1.0399076,97.47981051240691
MIT,b1c18,297,1.0404003,97.5259956760113
MIT,b1c18,298,1.0402251,97.50957261803792
MIT,b1c18,299,1.0399725,97.48589416801462
MIT,b1c18,300,1.0397204,97.46226258744903
MIT,b1c18,301,1.0387524,97.37152331736772
MIT,b1c18,302,1.0391914,97.41267470121659
MIT,b1c18,303,1.0391147,97.40548492640745
MIT,b1c18,304,1.0392665,97.41971449376112
MIT,b1c18,305,1.0375519,97.25898974946212
MIT,b1c18,306,1.0391864,97.4122060066397
MIT,b1c18,307,1.0384952,97.34741366833373
MIT,b1c18,308,1.0388676,97.38232204041871
MIT,b1c18,309,1.0384418,97.3424080102528
MIT,b1c18,310,1.0386478,97.36171822681968
MIT,b1c18,311,1.0382323,97.3227697074821
MIT,b1c18,312,1.0381165,97.31191474108188
MIT,b1c18,313,1.038029,97.30371258598672
MIT,b1c18,314,1.0376761,97.2706321227515
MIT,b1c18,315,1.0375252,97.25648692042166
MIT,b1c18,316,1.036828,97.19113214862344
MIT,b1c18,317,1.0374341,97.24794730523116
MIT,b1c18,318,1.0377668,97.27913424237585
MIT,b1c18,319,1.0375304,97.2569743627816
MIT,b1c18,320,1.0366327,97.17282493845103
MIT,b1c18,321,1.0372015,97.22614363351535
MIT,b1c18,322,1.0372447,97.23019315465946
MIT,b1c18,323,1.0374696,97.25127503672691
MIT,b1c18,324,1.0367575,97.18452355508961
MIT,b1c18,325,1.0373125,97.23654865312177
MIT,b1c18,326,1.0365031,97.16067637501865
MIT,b1c18,327,1.0364622,97.15684245337988
MIT,b1c18,328,1.0366009,97.16984404094217
MIT,b1c18,329,1.0363581,97.14708423228953
MIT,b1c18,330,1.0362668,97.13852586931596
MIT,b1c18,331,1.036078,97.12082796209349
MIT,b1c18,332,1.0361216,97.12491497880376
MIT,b1c18,333,1.0363188,97.14340029291537
MIT,b1c18,334,1.0360248,97.11584105179564
MIT,b1c18,335,1.0359682,97.11053542918549
MIT,b1c18,336,1.0357708,97.09203136729083
MIT,b1c18,337,1.0354208,97.05922274691018
MIT,b1c18,338,1.0353799,97.05538882527141
MIT,b1c18,339,1.0354043,97.05767605480652
MIT,b1c18,340,1.0360385,97.11712527493624
MIT,b1c18,341,1.0359242,97.10641091690907
MIT,b1c18,342,1.0361764,97.1300518713662
MIT,b1c18,343,1.0350358,97.02313326449146
MIT,b1c18,344,1.0351156,97.03061362993826
MIT,b1c18,345,1.0343413,96.95803158776474
MIT,b1c18,346,1.0353692,97.05438581887694
MIT,b1c18,347,1.0346718,96.98901229929561
MIT,b1c18,348,1.0339509,96.92143591520302
MIT,b1c18,349,1.0348641,97.00703829272189
MIT,b1c18,350,1.035798,97.09458106578897
MIT,b1c18,351,1.0355316,97.06960901873354
MIT,b1c18,352,1.035915,97.10554851888763
MIT,b1c18,353,1.0357764,97.09255630521692
MIT,b1c18,354,1.0356886,97.08432602844714
MIT,b1c18,355,1.0351347,97.03240404322189
MIT,b1c18,356,1.0346999,96.99164636281759
MIT,b1c18,357,1.0344864,96.97163310438542
MIT,b1c18,358,1.0337479,96.90240691538227
MIT,b1c18,359,1.0336783,96.89588268687228
MIT,b1c18,360,1.033926,96.91910181621023
MIT,b1c18,361,1.0340257,96.92844758607293
MIT,b1c18,362,1.0334519,96.87466019643178
MIT,b1c18,363,1.0333358,96.86377710835693
MIT,b1c18,364,1.0336334,96.89167380957203
MIT,b1c18,365,1.0332664,96.85727162763004
MIT,b1c18,366,1.033404,96.87017010238539
MIT,b1c18,367,1.0333896,96.86882026200402
MIT,b1c18,368,1.0329415,96.82681585402526
MIT,b1c18,369,1.0328254,96.81593276595042
MIT,b1c18,370,1.0328865,96.82166021367973
MIT,b1c18,371,1.0322808,96.76488255263817
MIT,b1c18,372,1.0328175,96.81519222851898
MIT,b1c18,373,1.0324703,96.78264607710138
MIT,b1c18,374,1.032529,96.78814855143379
MIT,b1c18,375,1.031286,96.67163107962483
MIT,b1c18,376,1.0324769,96.78326475394286
MIT,b1c18,377,1.0318849,96.7277713160419
MIT,b1c18,378,1.0324012,96.77616871804909
MIT,b1c18,379,1.0321838,96.75578987784695
MIT,b1c18,380,1.0315663,96.69790609760396
MIT,b1c18,381,1.0319316,96.73214892338981
MIT,b1c18,382,1.0314116,96.68340468739571
MIT,b1c18,383,1.0322871,96.765473107805
MIT,b1c18,384,1.0308195,96.6279018756032
MIT,b1c18,385,1.0311329,96.6572796516812
MIT,b1c18,386,1.0310373,96.6483182113715
MIT,b1c18,387,1.0312213,96.66556617180018
MIT,b1c18,388,1.0303704,96.58580372870908
MIT,b1c18,389,1.0311141,96.65551736007217
MIT,b1c18,390,1.0308313,96.62900799480461
MIT,b1c18,391,1.0298704,96.53893427102246
MIT,b1c18,392,1.0304302,96.59140931584841
MIT,b1c18,393,1.029906,96.54227137640974
MIT,b1c18,394,1.0305462,96.60228303003171
MIT,b1c18,395,1.0299808,96.54928304727966
MIT,b1c18,396,1.0302135,96.571096092887
MIT,b1c18,397,1.029829,96.53505347992602
MIT,b1c18,398,1.029336,96.48884019464698
MIT,b1c18,399,1.0292772,96.48332834642302
MIT,b1c18,400,1.0292703,96.48268154790696
MIT,b1c18,401,1.02952,96.50608815507566
MIT,b1c18,402,1.0284078,96.40183173339753
MIT,b1c18,403,1.0288874,96.44678891721054
MIT,b1c18,404,1.0292633,96.48202537549935
MIT,b1c18,405,1.0287755,96.43629953258028
MIT,b1c18,406,1.0279135,96.35549658752852
MIT,b1c18,407,1.0285985,96.4197077445592
MIT,b1c18,408,1.0285882,96.41874223373085
MIT,b1c18,409,1.0288867,96.44672329996978
MIT,b1c18,410,1.0285271,96.41301478600155
MIT,b1c18,411,1.0287014,96.42935347895113
MIT,b1c18,412,1.0290848,96.46529297910521
MIT,b1c18,413,1.0285522,96.41536763277743
MIT,b1c18,414,1.0280626,96.36947305981067
MIT,b1c18,415,1.0283927,96.40041627577538
MIT,b1c18,416,1.0274887,96.31567629627796
MIT,b1c18,417,1.0273081,96.29874704816154
MIT,b1c18,418,1.0271667,96.28549236552779
MIT,b1c18,419,1.0273238,96.30021874913291
MIT,b1c18,420,1.026186,96.19356261122122
MIT,b1c18,421,1.0263801,96.21175733469516
MIT,b1c18,422,1.0265093,96.22386840256141
MIT,b1c18,423,1.0267711,96.24840925060612
MIT,b1c18,424,1.0266622,96.23820108272197
MIT,b1c18,425,1.0262524,96.19978687520201
MIT,b1c18,426,1.0259379,96.17030598631712
MIT,b1c18,427,1.0257901,96.15645137462495
MIT,b1c18,428,1.0256525,96.1435528998696
MIT,b1c18,429,1.0253768,96.1177090809012
MIT,b1c18,430,1.025854,96.16244129131731
MIT,b1c18,431,1.0258166,96.15893545588234
MIT,b1c18,432,1.0254641,96.12589248821327
MIT,b1c18,433,1.0256455,96.14289672746197
MIT,b1c18,434,1.0251144,96.09311198950725
MIT,b1c18,435,1.0253862,96.11859022670569
MIT,b1c18,436,1.0249223,96.07510474386405
MIT,b1c18,437,1.0252177,96.10279521946529
MIT,b1c18,438,1.024859,96.06917107052091
MIT,b1c18,439,1.0252045,96.10155786578238
MIT,b1c18,440,1.0251082,96.09253080823194
MIT,b1c18,441,1.0243464,96.02112050250058
MIT,b1c18,442,1.0248791,96.0710552227199
MIT,b1c18,443,1.0248654,96.06977099957929
MIT,b1c18,444,1.0242175,96.00903755630897
MIT,b1c18,445,1.0233905,95.93151547329529
MIT,b1c18,446,1.0242447,96.01158725480711
MIT,b1c18,447,1.0238181,95.97159823350889
MIT,b1c18,448,1.0233251,95.92538494822989
MIT,b1c18,449,1.0232821,95.92135417486884
MIT,b1c18,450,1.0232291,95.91638601235404
MIT,b1c18,451,1.0228592,95.88171198755748
MIT,b1c18,452,1.0230721,95.90166900264045
MIT,b1c18,453,1.0226916,95.86600134534092
MIT,b1c18,454,1.0223802,95.83681104709369
MIT,b1c18,455,1.0220084,95.80195891835791
MIT,b1c18,456,1.0220739,95.80809881731486
MIT,b1c18,457,1.0222,95.81991929454342
MIT,b1c18,458,1.0215539,95.75935458132076
MIT,b1c18,459,1.0223346,95.83253655255265
MIT,b1c18,460,1.0218527,95.78736376923428
MIT,b1c18,461,1.0210249,95.7097666950883
MIT,b1c18,462,1.0210935,95.71619718468291
MIT,b1c18,463,1.021467,95.75120866957482
MIT,b1c18,464,1.0212803,95.73370761407463
MIT,b1c18,465,1.019923,95.60647578423851
MIT,b1c18,466,1.0206734,95.67681746633461
MIT,b1c18,467,1.0206351,95.67322726587581
MIT,b1c18,468,1.0194412,95.56131237481166
MIT,b1c18,469,1.0202591,95.63798143369547
MIT,b1c18,470,1.0201929,95.63177591749776
MIT,b1c18,471,1.0201504,95.62779201359439
MIT,b1c18,472,1.020066,95.61988044913689
MIT,b1c18,473,1.0198562,95.60021402469158
MIT,b1c18,474,1.0195298,95.56961764271375
MIT,b1c18,475,1.0200067,95.61432173145525
MIT,b1c18,476,1.019074,95.52689144508662
MIT,b1c18,477,1.0176476,95.39318225619822
MIT,b1c18,478,1.0185199,95.4749507120783
MIT,b1c18,479,1.0187559,95.49707309610638
MIT,b1c18,480,1.0175521,95.38423018978006
MIT,b1c18,481,1.016948,95.32760251100308
MIT,b1c18,482,1.0179044,95.41725440966606
MIT,b1c18,483,1.0182492,95.44957558768677
MIT,b1c18,484,1.0178555,95.4126705767043
MIT,b1c18,485,1.0173203,95.36250150919653
MIT,b1c18,486,1.0169576,95.32850240459067
MIT,b1c18,487,1.0173903,95.36906323327267
MIT,b1c18,488,1.0165966,95.2946626561409
MIT,b1c18,489,1.0163518,95.27171536965754
MIT,b1c18,490,1.016656,95.30023074771408
MIT,b1c18,491,1.0160452,95.2429750182041
MIT,b1c18,492,1.0160257,95.2411471093543
MIT,b1c18,493,1.015879,95.22739561046906
MIT,b1c18,494,1.0154502,95.18720036355703
MIT,b1c18,495,1.0157347,95.2138690849807
MIT,b1c18,496,1.0154988,95.19175607484416
MIT,b1c18,497,1.0156324,95.20427959393803
MIT,b1c18,498,1.0151595,95.159950460858
MIT,b1c18,499,1.0150905,95.15348247569723
MIT,b1c18,500,1.0151365,95.15779446580443
MIT,b1c18,501,1.0150831,95.15278880772348
MIT,b1c18,502,1.0148927,95.13494091823644
MIT,b1c18,503,1.0143774,95.0866372551446
MIT,b1c18,504,1.0144398,95.09248656346386
MIT,b1c18,505,1.0143102,95.08033800003149
MIT,b1c18,506,1.0141363,95.0640368026481
MIT,b1c18,507,1.0136708,95.02040133754186
MIT,b1c18,508,1.0128198,94.9406295205592
MIT,b1c18,509,1.0129005,94.94819425102982
MIT,b1c18,510,1.0125654,94.91678234048824
MIT,b1c18,511,1.0123473,94.89633788304533
MIT,b1c18,512,1.0120682,94.87017535176466
MIT,b1c18,513,1.0104874,94.7219928743426
MIT,b1c18,514,1.0097542,94.65326350159093
MIT,b1c18,515,1.0082052,94.50806192167775
MIT,b1c18,516,1.0097529,94.65314164100096
MIT,b1c18,517,1.0089369,94.57665068605637
MIT,b1c18,518,1.0098685,94.66397785961811
MIT,b1c18,519,1.009611,94.6398400889095
MIT,b1c18,520,1.009377,94.61790518271215
MIT,b1c18,521,1.0087426,94.55843721479934
MIT,b1c18,522,1.0077535,94.46572005360366
MIT,b1c18,523,1.0080585,94.49431042279251
MIT,b1c18,524,1.0080665,94.4950603341155
MIT,b1c18,525,1.0079271,94.48199312931247
MIT,b1c18,526,1.0072312,94.41676021810423
MIT,b1c18,527,1.0067928,94.37566507760457
MIT,b1c18,528,1.0065554,94.35341145909497
MIT,b1c18,529,1.0061324,94.31375989789208
MIT,b1c18,530,1.0064546,94.34396257642534
MIT,b1c18,531,1.0063084,94.33025794699776
MIT,b1c18,532,1.0058017,94.28276043857812
MIT,b1c18,533,1.0060065,94.30195816844659
MIT,b1c18,534,1.0056684,94.27026504115888
MIT,b1c18,535,1.0054903,94.2535701403309
MIT,b1c18,536,1.0046766,94.17729478489169
MIT,b1c18,537,1.0040696,94.12039526326012
MIT,b1c18,538,1.0039227,94.10662501659178
MIT,b1c18,539,1.0037657,94.09190800687819
MIT,b1c18,540,1.0022988,93.95440239191714
MIT,b1c18,541,1.0024016,93.96403875241754
MIT,b1c18,542,1.0022367,93.94858120527249
MIT,b1c18,543,1.0028151,94.00279979392437
MIT,b1c18,544,1.0018573,93.91301666077986
MIT,b1c18,545,1.0016915,93.89747474861097
MIT,b1c18,546,1.0007991,93.81382214053188
MIT,b1c18,547,1.001008,93.83340419995335
MIT,b1c18,548,1.0006618,93.80095178745114
MIT,b1c18,549,1.0002352,93.76096276615291
MIT,b1c18,550,1.0000492,93.74352732789349
MIT,b1c18,551,0.9995687,93.69848577905663
MIT,b1c18,552,0.99940687,93.68331601038177
MIT,b1c18,553,0.99886298,93.6323323516994
MIT,b1c18,554,0.99836272,93.58543852189479
MIT,b1c18,555,0.99811667,93.5623740617672
MIT,b1c18,556,0.99708861,93.46600483242857
MIT,b1c18,557,0.9976055,93.51445754039585
MIT,b1c18,558,0.99700052,93.45774737137333
MIT,b1c18,559,0.99688631,93.44704144984857
MIT,b1c18,560,0.99623173,93.38568183062353
MIT,b1c18,561,0.99591625,93.35610907760157
MIT,b1c18,562,0.99538356,93.30617529477139
MIT,b1c18,563,0.99505806,93.2756632778174
MIT,b1c18,564,0.99475634,93.24738037227098
MIT,b1c18,565,0.99427611,93.20236413294128
MIT,b1c18,566,0.99403268,93.17954526877197
MIT,b1c18,567,0.99326247,93.10734661876234
MIT,b1c18,568,0.99340183,93.12041007400876
MIT,b1c18,569,0.9928695,93.0705100371881
MIT,b1c18,570,0.99193299,92.9827226055519
MIT,b1c18,571,0.99145293,92.93772230183781
MIT,b1c18,572,0.9909386,92.88950956549388
MIT,b1c18,573,0.99097502,92.89292353679178
MIT,b1c18,574,0.98939699,92.74500071616532
MIT,b1c18,575,0.98965722,92.76939439411291
MIT,b1c18,576,0.98966795,92.77040021267486
MIT,b1c18,577,0.98928881,92.73486004030023
MIT,b1c18,578,0.98814142,92.62730494619011
MIT,b1c18,579,0.98794019,92.60844186424956
MIT,b1c18,580,0.9872905,92.5475406283207
MIT,b1c18,581,0.98694903,92.5155316008882
MIT,b1c18,582,0.98624343,92.44938942220084
MIT,b1c18,583,0.98543382,92.37349745892548
MIT,b1c18,584,0.98505777,92.33824693979938
MIT,b1c18,585,0.98459613,92.29497330690646
MIT,b1c18,586,0.98421878,92.25960092719035
MIT,b1c18,587,0.98370749,92.21167315714916
MIT,b1c18,588,0.98346001,92.1884746503726
MIT,b1c18,589,0.98250854,92.09928488456241
MIT,b1c18,590,0.98229289,92.07907008746216
MIT,b1c18,591,0.98124343,91.98069484533454
MIT,b1c18,592,0.98085958,91.9447131626685
MIT,b1c18,593,0.98009175,91.87273761127747
MIT,b1c18,594,0.97875977,91.7478792507786
MIT,b1c18,595,0.97867298,91.73974365031336
MIT,b1c18,596,0.97799402,91.67609867633153
MIT,b1c18,597,0.97691172,91.57464504822306
MIT,b1c18,598,0.97576612,91.46725774677145
MIT,b1c18,599,0.97536927,91.43005745820557
MIT,b1c18,600,0.9751392,91.40849094594564
MIT,b1c18,601,0.97415787,91.3165021361224
MIT,b1c18,602,0.97333145,91.23903442167963
MIT,b1c18,603,0.97246057,91.15739907505937
MIT,b1c18,604,0.97177833,91.09344663743512
MIT,b1c18,605,0.97070789,90.99310475286298
MIT,b1c18,606,0.96973628,90.90202708529716
MIT,b1c18,607,0.96912432,90.84466261864536
MIT,b1c18,608,0.96828747,90.76621720731524
MIT,b1c18,609,0.96762329,90.70395769450262
MIT,b1c18,610,0.96280789,90.25256732141425
MIT,b1c18,611,0.96620083,90.57061783694078
MIT,b1c18,612,0.96457648,90.41835302975423
MIT,b1c18,613,0.96397132,90.36162598772694
MIT,b1c18,614,0.96302754,90.27315707417598
MIT,b1c18,615,0.96200556,90.17735777744282
MIT,b1c18,616,0.96118701,90.10062778826403
MIT,b1c18,617,0.96040136,90.02698180940104
MIT,b1c18,618,0.9590646,89.90167537688669
MIT,b1c18,619,0.95862919,89.86086051574401
MIT,b1c18,620,0.95762807,89.76701661278554
MIT,b1c18,621,0.95622724,89.63570432796323
MIT,b1c18,622,0.95518917,89.53839677208171
MIT,b1c18,623,0.95400375,89.42727678701993
MIT,b1c18,624,0.95336741,89.36762696561132
MIT,b1c18,625,0.95202148,89.24146094724298
MIT,b1c18,626,0.95069653,89.11726157131919
MIT,b1c18,627,0.94968116,89.02208188881666
MIT,b1c18,628,0.94794035,88.85890024754572
MIT,b1c18,629,0.94670558,88.7431542470103
MIT,b1c18,630,0.94588518,88.66625084083807
MIT,b1c18,631,0.94415778,88.50432623842231
MIT,b1c18,632,0.94385505,88.47594865657136
MIT,b1c18,633,0.94228148,88.32844391150746
MIT,b1c18,634,0.94161248,88.26573257712276
MIT,b1c18,635,0.93996084,88.11090963493568
MIT,b1c18,636,0.93877608,87.99985151755804
MIT,b1c18,637,0.93719655,87.85178808855854
MIT,b1c18,638,0.93658143,87.79412740693414
MIT,b1c18,639,0.93522233,87.66672684705034
MIT,b1c18,640,0.93426585,87.57706744927411
MIT,b1c18,641,0.93277371,87.43719586408906
MIT,b1c18,642,0.9311443,87.28445673799074
MIT,b1c18,643,0.93048489,87.22264435980446
MIT,b1c18,644,0.92936403,87.11757615911918
MIT,b1c18,645,0.9267168,86.86942769017564
MIT,b1c18,646,0.92699665,86.89566052564284
MIT,b1c18,647,0.9258644,86.78952463871148
MIT,b1c18,648,0.92459172,86.67022499589424
MIT,b1c18,649,0.9235028,86.568150816166
MIT,b1c18,650,0.9223901,86.46384752503018
MIT,b1c18,651,0.92153156,86.38336891662561
MIT,b1c18,652,0.91990852,86.2312269074182
MIT,b1c18,653,0.91878825,86.126214012693
MIT,b1c18,654,0.91763759,86.01835239232962
MIT,b1c18,655,0.91704857,85.96313829639645
MIT,b1c18,656,0.91577679,85.84392301860305
MIT,b1c18,657,0.91454923,85.72885287564745
MIT,b1c18,658,0.9134376,85.62464988515109
MIT,b1c18,659,0.91254234,85.54072918377402
MIT,b1c18,660,0.91116947,85.41203783902554
MIT,b1c18,661,0.91001523,85.3038406333451
MIT,b1c18,662,0.90778792,85.0950550097451
MIT,b1c18,663,0.90791112,85.10660364411908
MIT,b1c18,664,0.90685451,85.00755816874654
MIT,b1c18,665,0.9057743,84.9063004549712
MIT,b1c18,666,0.90471947,84.80742183486802
MIT,b1c18,667,0.90362877,84.70518079987042
MIT,b1c18,668,0.90278435,84.62602578495093
MIT,b1c18,669,0.90151501,84.50703923011103
MIT,b1c18,670,0.90080345,84.44033836748804
MIT,b1c18,671,0.89953101,84.3210612220105
MIT,b1c18,672,0.89382702,83.7863753861106
MIT,b1c18,673,0.8973735,84.11881857470355
MIT,b1c18,674,0.89623457,84.01205651181748
MIT,b1c18,675,0.89546478,83.93989723215229
MIT,b1c18,676,0.8940714,83.8092833022495
MIT,b1c18,677,0.89347458,83.75333804277645
MIT,b1c18,678,0.89221007,83.6348042468978
MIT,b1c18,679,0.89145201,83.56374452470995
MIT,b1c18,680,0.89018822,83.44527822085038
MIT,b1c18,681,0.88915098,83.34804846826863
MIT,b1c18,682,0.88819897,83.25880808344414
MIT,b1c18,683,0.88732493,83.1768765218513
MIT,b1c18,684,0.88396955,82.86234683998617
MIT,b1c18,685,0.88017046,82.50622426398078
MIT,b1c18,686,0.88422596,82.88638243527703
MIT,b1c18,687,0.88109094,82.59250906080356
MIT,b1c18,688,0.88230097,82.70593596057266
MIT,b1c18,689,0.88114411,82.59749315893397
MIT,b2c12,1,1.0712759,99.90316272010922
MIT,b2c12,2,1.0723143,100.0
MIT,b2c12,3,1.0728365,100.0486984086662
MIT,b2c12,4,1.0736918,100.12846047096453
MIT,b2c12,5,1.0738034,100.13886786737807
MIT,b2c12,6,1.0738822,100.1462164591109
MIT,b2c12,7,1.073987,100.15598971309065
MIT,b2c12,8,1.0740118,100.15830246784923
MIT,b2c12,9,1.0739849,100.1557938749861
MIT,b2c12,10,1.0741354,100.16982893914592
MIT,b2c12,11,1.0741063,100.16711518255421
MIT,b2c12,12,1.074206,100.17641282970861
MIT,b2c12,13,1.0742352,100.17913591192433
MIT,b2c12,14,1.0742466,100.18019903306335
MIT,b2c12,15,1.074167,100.1727758363383
MIT,b2c12,16,1.0741229,100.16866323614262
MIT,b2c12,17,1.0740523,100.16207934557993
MIT,b2c12,18,1.0740305,100.16004635954216
MIT,b2c12,19,1.073884,100.1463843203434
MIT,b2c12,20,1.0738285,100.14120859900872
MIT,b2c12,21,1.0737761,100.13632197201883
MIT,b2c12,22,1.0735368,100.11400575372353
MIT,b2c12,23,1.0733407,100.09571820500763
MIT,b2c12,24,1.07342,100.1031134248606
MIT,b2c12,25,1.0732006,100.08265300574655
MIT,b2c12,26,1.0732329,100.08566518230711
MIT,b2c12,27,1.073171,100.07989262103472
MIT,b2c12,28,1.0730276,100.06651967618076
MIT,b2c12,29,1.0728163,100.04681463261285
MIT,b2c12,30,1.0726167,100.02820068705603
MIT,b2c12,31,1.0725442,100.02143960963686
MIT,b2c12,32,1.0723417,100.00255522098325
MIT,b2c12,33,1.0721843,99.9878766887656
MIT,b2c12,34,1.0720487,99.97523114258573
MIT,b2c12,35,1.0719117,99.96245503766946
MIT,b2c12,36,1.0718629,99.95790413314455
MIT,b2c12,37,1.0718215,99.9540433247976
MIT,b2c12,38,1.0719248,99.96367669441693
MIT,b2c12,39,1.0716814,99.9409781255365
MIT,b2c12,40,1.0715981,99.93320988072249
MIT,b2c12,41,1.0715106,99.92504995969934
MIT,b2c12,42,1.0712177,99.89773520692582
MIT,b2c12,43,1.0710686,99.88383070150236
MIT,b2c12,44,1.0710564,99.88269297537113
MIT,b2c12,45,1.0708098,99.85969598652186
MIT,b2c12,46,1.0707521,99.8543151014586
MIT,b2c12,47,1.0705287,99.83348165738349
MIT,b2c12,48,1.0702327,99.80587781026516
MIT,b2c12,49,1.0701246,99.79579681069254
MIT,b2c12,50,1.0699935,99.78357091759385
MIT,b2c12,51,1.0698103,99.76648637437738
MIT,b2c12,52,1.0697216,99.7582145458659
MIT,b2c12,53,1.0694733,99.73505902140819
MIT,b2c12,54,1.0693502,99.7235791782316
MIT,b2c12,55,1.0692101,99.71051397897054
MIT,b2c12,56,1.0676471,99.56475447543693
MIT,b2c12,57,1.0687823,99.67061895938534
MIT,b2c12,58,1.0685413,99.64814420548154
MIT,b2c12,59,1.0683011,99.62574405656999
MIT,b2c12,60,1.068276,99.62340332493935
MIT,b2c12,61,1.0681764,99.61411500340898
MIT,b2c12,62,1.0678682,99.58537343015942
MIT,b2c12,63,1.0676711,99.56699262520328
MIT,b2c12,64,1.0675294,99.55377821595776
MIT,b2c12,65,1.0673089,99.53321521497942
MIT,b2c12,66,1.0671742,99.52065359941577
MIT,b2c12,67,1.0670427,99.50839040382098
MIT,b2c12,68,1.0667371,99.47989129679611
MIT,b2c12,69,1.0665232,99.4599437870035
MIT,b2c12,70,1.0663614,99.44485492732868
MIT,b2c12,71,1.066064,99.41712052147396
MIT,b2c12,72,1.0658406,99.39628707739885
MIT,b2c12,73,1.0657086,99.38397725368392
MIT,b2c12,74,1.0655351,99.36779729599802
MIT,b2c12,75,1.0652862,99.34458581779616
MIT,b2c12,76,1.0651172,99.32882551319142
MIT,b2c12,77,1.064786,99.29793904641578
MIT,b2c12,78,1.0645587,99.27674190300364
MIT,b2c12,79,1.0643102,99.25356772729786
MIT,b2c12,80,1.0641776,99.24120194983878
MIT,b2c12,81,1.0640146,99.22600118267565
MIT,b2c12,82,1.0636653,99.19342677795122
MIT,b2c12,83,1.0634329,99.1717540277137
MIT,b2c12,84,1.0632892,99.15835310598769
MIT,b2c12,85,1.0630959,99.14032667474453
MIT,b2c12,86,1.0628847,99.12063095680062
MIT,b2c12,87,1.0629258,99.1244637882755
MIT,b2c12,88,1.0625551,99.08989370000941
MIT,b2c12,89,1.0623972,99.07516853967162
MIT,b2c12,90,1.0622311,99.05967867816368
MIT,b2c12,91,1.0618887,99.02774774149705
MIT,b2c12,92,1.0616553,99.0059817350193
MIT,b2c12,93,1.0615889,98.99978952066574
MIT,b2c12,94,1.0612276,98.96609604105812
MIT,b2c12,95,1.0610256,98.94725828052466
MIT,b2c12,96,1.0607482,98.92138899947524
MIT,b2c12,97,1.0604581,98.89433536417448
MIT,b2c12,98,1.0602171,98.87186061027072
MIT,b2c12,99,1.0600308,98.85448697270941
MIT,b2c12,100,1.0597854,98.83160189134847
MIT,b2c12,101,1.0596629,98.82017800191605
MIT,b2c12,102,1.0592608,98.78267966770564
MIT,b2c12,103,1.0590332,98.76145454742141
MIT,b2c12,104,1.0587767,98.73753432179352
MIT,b2c12,105,1.0584227,98.70452161273985
MIT,b2c12,106,1.0582422,98.6876888613721
MIT,b2c12,107,1.0580674,98.67138767057384
MIT,b2c12,108,1.0577447,98.64129388184043
MIT,b2c12,109,1.0564164,98.51742161789693
MIT,b2c12,110,1.0574793,98.6165436756742
MIT,b2c12,111,1.0571312,98.58408117843808
MIT,b2c12,112,1.0568569,98.5585009917335
MIT,b2c12,113,1.0568275,98.55575925826972
MIT,b2c12,114,1.0563972,98.51563109808383
MIT,b2c12,115,1.0561147,98.48928621020909
MIT,b2c12,116,1.0558864,98.46799581055666
MIT,b2c12,117,1.0554217,98.42465963570568
MIT,b2c12,118,1.0551786,98.40198904369737
MIT,b2c12,119,1.0550334,98.38844823761093
MIT,b2c12,120,1.0546331,98.351117764633
MIT,b2c12,121,1.0543411,98.32388694247574
MIT,b2c12,122,1.0542233,98.31290135737257
MIT,b2c12,123,1.0538871,98.2815486093956
MIT,b2c12,124,1.0536424,98.25872880740283
MIT,b2c12,125,1.0534055,98.23663640408414
MIT,b2c12,126,1.0530783,98.20612296226955
MIT,b2c12,127,1.0527815,98.17844451015901
MIT,b2c12,128,1.0524226,98.14497484552804
MIT,b2c12,129,1.0521501,98.11956252005592
MIT,b2c12,130,1.051905,98.09670541556707
MIT,b2c12,131,1.0516642,98.07424931291135
MIT,b2c12,132,1.0514382,98.05317340261153
MIT,b2c12,133,1.0511186,98.02336870822295
MIT,b2c12,134,1.0507351,97.98760494008147
MIT,b2c12,135,1.0506294,97.9777477554855
MIT,b2c12,136,1.0502754,97.94473504643183
MIT,b2c12,137,1.050005,97.91951855906427
MIT,b2c12,138,1.0496614,97.88747571490933
MIT,b2c12,139,1.0496626,97.88758762239766
MIT,b2c12,140,1.0493094,97.85464951833619
MIT,b2c12,141,1.0490432,97.82982470717775
MIT,b2c12,142,1.0488659,97.81329037577883
MIT,b2c12,143,1.0484725,97.77660337085871
MIT,b2c12,144,1.0482148,97.75257123774253
MIT,b2c12,145,1.0480022,97.73274496106225
MIT,b2c12,146,1.0470108,97.64029072446391
MIT,b2c12,147,1.0473292,97.66998351136417
MIT,b2c12,148,1.0471739,97.65550081725107
MIT,b2c12,149,1.0468165,97.62217103698049
MIT,b2c12,150,1.0464898,97.59170422328603
MIT,b2c12,151,1.0462581,97.57009675241672
MIT,b2c12,152,1.0458568,97.53267302319851
MIT,b2c12,153,1.0455405,97.50317607440282
MIT,b2c12,154,1.0453138,97.48203488473483
MIT,b2c12,155,1.044956,97.44866780196814
MIT,b2c12,156,1.0446649,97.42152091042709
MIT,b2c12,157,1.0443964,97.39648160991604
MIT,b2c12,158,1.0440307,97.36237780285127
MIT,b2c12,159,1.0438757,97.34792308561026
MIT,b2c12,160,1.0435956,97.32180201271213
MIT,b2c12,161,1.0432371,97.28836965057727
MIT,b2c12,162,1.0429888,97.26521412611956
MIT,b2c12,163,1.0426702,97.23550268797125
MIT,b2c12,164,1.0423827,97.20869151889518
MIT,b2c12,165,1.0420628,97.17885884763452
MIT,b2c12,166,1.04172,97.1468906084718
MIT,b2c12,167,1.0413694,97.11419497063501
MIT,b2c12,168,1.0410534,97.08472599871139
MIT,b2c12,169,1.0407767,97.05892199703018
MIT,b2c12,170,1.0405036,97.0334537178139
MIT,b2c12,171,1.0403136,97.0157350321636
MIT,b2c12,172,1.0399684,96.98354297802426
MIT,b2c12,173,1.0397608,96.96418298254534
MIT,b2c12,174,1.0393057,96.9217420676009
MIT,b2c12,175,1.0391296,96.9053196436903
MIT,b2c12,176,1.038885,96.88250916732157
MIT,b2c12,177,1.0386469,96.86030485651456
MIT,b2c12,178,1.0380776,96.8072140789319
MIT,b2c12,179,1.0380083,96.80075142148155
MIT,b2c12,180,1.0378292,96.78404922885017
MIT,b2c12,181,1.0373967,96.74371590493571
MIT,b2c12,182,1.0370886,96.71498365731017
MIT,b2c12,183,1.0366731,96.67623568948022
MIT,b2c12,184,1.0364736,96.65763106954745
MIT,b2c12,185,1.036293,96.64078899255563
MIT,b2c12,186,1.0358704,96.6013789054198
MIT,b2c12,187,1.0351133,96.53077460591545
MIT,b2c12,188,1.0352982,96.54801768474039
MIT,b2c12,189,1.03512,96.53139942272523
MIT,b2c12,190,1.0346298,96.4856852137475
MIT,b2c12,191,1.0344616,96.469999514135
MIT,b2c12,192,1.0333887,96.36994489395506
MIT,b2c12,193,1.0331615,96.34875707616696
MIT,b2c12,194,1.033432,96.37398288915851
MIT,b2c12,195,1.0332022,96.35255260514572
MIT,b2c12,196,1.032966,96.33052548119522
MIT,b2c12,197,1.0325425,96.29103146344313
MIT,b2c12,198,1.0318056,96.22231093999213
MIT,b2c12,199,1.0320424,96.24439401768679
MIT,b2c12,200,1.0315583,96.19924867177468
MIT,b2c12,201,1.0310849,96.1551011676334
MIT,b2c12,202,1.0310398,96.15089531119749
MIT,b2c12,203,1.0308014,96.1286630235184
MIT,b2c12,204,1.0298413,96.03912770724031
MIT,b2c12,205,1.0299332,96.04769795572065
MIT,b2c12,206,1.0297517,96.03077194811262
MIT,b2c12,207,1.0288146,95.94338152536062
MIT,b2c12,208,1.0293194,95.99045727544622
MIT,b2c12,209,1.0284551,95.90985590698548
MIT,b2c12,210,1.0283545,95.90047432921487
MIT,b2c12,211,1.0272896,95.80116575895707
MIT,b2c12,212,1.0280175,95.86904697624568
MIT,b2c12,213,1.0273601,95.80774032389573
MIT,b2c12,214,1.0271533,95.78845493340899
MIT,b2c12,215,1.0268378,95.7590325896055
MIT,b2c12,216,1.0258394,95.66592555932529
MIT,b2c12,217,1.0261592,95.6957489049619
MIT,b2c12,218,1.0250239,95.58987509538949
MIT,b2c12,219,1.0251067,95.5975967120834
MIT,b2c12,220,1.025269,95.61273219987834
MIT,b2c12,221,1.0250046,95.58807524995237
MIT,b2c12,222,1.0243607,95.52802755684597
MIT,b2c12,223,1.0240664,95.50058224533609
MIT,b2c12,224,1.0242385,95.51663164428564
MIT,b2c12,225,1.0233047,95.42954896712652
MIT,b2c12,226,1.023162,95.41624130164075
MIT,b2c12,227,1.0226914,95.37235491497223
MIT,b2c12,228,1.0220513,95.31266159557885
MIT,b2c12,229,1.0220435,95.31193419690479
MIT,b2c12,230,1.0211678,95.23026970730504
MIT,b2c12,231,1.0210249,95.21694339057122
MIT,b2c12,232,1.0212182,95.23496982181439
MIT,b2c12,233,1.0202067,95.14064113478669
MIT,b2c12,234,1.0200964,95.1303549714855
MIT,b2c12,235,1.0200263,95.12381770904297
MIT,b2c12,236,1.0197361,95.09675474811816
MIT,b2c12,237,1.0195299,95.0775253113756
MIT,b2c12,238,1.0188614,95.01518351475869
MIT,b2c12,239,1.0188235,95.01164910325267
MIT,b2c12,240,1.0182575,94.95886607126288
MIT,b2c12,241,1.0178951,94.92507000979099
MIT,b2c12,242,1.0175912,94.89672943837456
MIT,b2c12,243,1.0175825,94.89591810908425
MIT,b2c12,244,1.0167066,94.81423496823646
MIT,b2c12,245,1.0166843,94.81215535407857
MIT,b2c12,246,1.0163014,94.77644753968123
MIT,b2c12,247,1.016156,94.76288808234676
MIT,b2c12,248,1.0154374,94.69587414809259
MIT,b2c12,249,1.0152835,94.68152201271587
MIT,b2c12,250,1.0148915,94.64496556653214
MIT,b2c12,251,1.0144886,94.60739262732952
MIT,b2c12,253,1.0116061,94.33858151476672
MIT,b2c12,254,1.0119992,94.37524054281474
MIT,b2c12,255,1.0120463,94.37963291173119
MIT,b2c12,256,1.0122783,94.4012683594726
MIT,b2c12,257,1.0126446,94.43542812028153
MIT,b2c12,258,1.0124185,94.41434288435771
MIT,b2c12,259,1.0118548,94.36177434172053
MIT,b2c12,260,1.0119047,94.36642782810975
MIT,b2c12,261,1.0113409,94.31384995984853
MIT,b2c12,262,1.011212,94.30182923047842
MIT,b2c12,263,1.0098407,94.17394694820354
MIT,b2c12,264,1.0108196,94.26523548179858
MIT,b2c12,265,1.0102557,94.21264828791335
MIT,b2c12,266,1.0093658,94.12965955970186
MIT,b2c12,267,1.0093924,94.1321401756929
MIT,b2c12,268,1.0092275,94.11676222167326
MIT,b2c12,269,1.0094956,94.1417642196882
MIT,b2c12,270,1.0084686,94.04599006093643
MIT,b2c12,271,1.0086774,94.0654619639037
MIT,b2c12,272,1.0084172,94.04119669018684
MIT,b2c12,273,1.0081301,94.01442282360686
MIT,b2c12,274,1.0077827,93.98202560573891
MIT,b2c12,275,1.0069101,93.900650210484
MIT,b2c12,276,1.0069449,93.9038955276452
MIT,b2c12,277,1.0066531,93.876683356736
MIT,b2c12,278,1.0057206,93.78972191268923
MIT,b2c12,279,1.0061014,93.82523388898198
MIT,b2c12,280,1.0056877,93.7866537823845
MIT,b2c12,281,1.0053656,93.75661594739528
MIT,b2c12,282,1.0053337,93.75364107333084
MIT,b2c12,283,1.0050637,93.72846188845939
MIT,b2c12,284,1.0039467,93.62429466808379
MIT,b2c12,285,1.0030912,93.54451395453741
MIT,b2c12,286,1.0026001,93.49871581494344
MIT,b2c12,287,1.003096,93.54496158449066
MIT,b2c12,288,1.0026251,93.50104722095006
MIT,b2c12,289,1.0017862,93.42281456099205
MIT,b2c12,290,1.0019552,93.43857486559678
MIT,b2c12,291,1.0013276,93.3800472492067
MIT,b2c12,292,1.0008702,93.33739184490966
MIT,b2c12,293,1.0008301,93.33365226967504
MIT,b2c12,294,1.0000653,93.26232989712065
MIT,b2c12,295,0.99983394,93.24075413337303
MIT,b2c12,296,0.99935734,93.1963082092629
MIT,b2c12,297,0.99908555,93.17096209572138
MIT,b2c12,298,0.99884367,93.14840527632616
MIT,b2c12,299,0.99845034,93.11172479934288
MIT,b2c12,300,0.99736041,93.01008202539126
MIT,b2c12,301,0.997563,93.02897480710647
MIT,b2c12,302,0.99764407,93.03653509050473
MIT,b2c12,303,0.99674159,92.9523731987907
MIT,b2c12,304,0.99630469,92.91162954741907
MIT,b2c12,305,0.99601531,92.8846430566113
MIT,b2c12,306,0.99613732,92.89602125048599
MIT,b2c12,307,0.99541575,92.82873034519824
MIT,b2c12,308,0.99485934,92.77684164055259
MIT,b2c12,309,0.99390292,92.6876495072387
MIT,b2c12,310,0.9936294,92.66214206040151
MIT,b2c12,311,0.99319476,92.62160916813289
MIT,b2c12,312,0.99286306,92.59067607323712
MIT,b2c12,313,0.99243081,92.55036606338273
MIT,b2c12,314,0.99207097,92.5168087378859
MIT,b2c12,315,0.99142426,92.45649899474436
MIT,b2c12,316,0.9912684,92.44196407713672
MIT,b2c12,317,0.99107218,92.42366533767199
MIT,b2c12,318,0.99047899,92.3683466685094
MIT,b2c12,319,0.98922187,92.25111238374794
MIT,b2c12,320,0.9893381,92.2619515565539
MIT,b2c12,321,0.98911995,92.24160770774017
MIT,b2c12,322,0.98854882,92.18834627123783
MIT,b2c12,323,0.98738432,92.07974937944967
MIT,b2c12,324,0.9876827,92.10757517641983
MIT,b2c12,325,0.98661876,92.00835613215268
MIT,b2c12,326,0.98654693,92.00165753641447
MIT,b2c12,327,0.98603743,91.95414348199964
MIT,b2c12,328,0.98602104,91.9526150122217
MIT,b2c12,329,0.98450005,91.8107732033416
MIT,b2c12,330,0.9849624,91.85389022602796
MIT,b2c12,331,0.98393142,91.75774490743991
MIT,b2c12,332,0.98367029,91.73339290541962
MIT,b2c12,333,0.98335117,91.70363297402638
MIT,b2c12,334,0.98250473,91.62469716201677
MIT,b2c12,335,0.98215407,91.59199592880557
MIT,b2c12,336,0.98183364,91.56211383173758
MIT,b2c12,337,0.98100245,91.48460017739201
MIT,b2c12,338,0.98066813,91.45342275114675
MIT,b2c12,339,0.97981077,91.37346858099347
MIT,b2c12,340,0.97963315,91.35690440759767
MIT,b2c12,341,0.97912967,91.30995175574922
MIT,b2c12,342,0.97883421,91.28239826700064
MIT,b2c12,343,0.97819376,91.22267230792316
MIT,b2c12,344,0.97775501,91.18175613250705
MIT,b2c12,345,0.97675937,91.08890648944997
MIT,b2c12,346,0.97584611,91.00373929546589
MIT,b2c12,347,0.97579312,90.99879764729427
MIT,b2c12,348,0.97523564,90.94680915847154
MIT,b2c12,349,0.97473931,90.90052328874101
MIT,b2c12,350,0.9739337,90.82539512902142
MIT,b2c12,351,0.97410363,90.84124216192959
MIT,b2c12,352,0.97326344,90.76288920142164
MIT,b2c12,353,0.97235042,90.67774438893524
MIT,b2c12,354,0.9718923,90.6350218401452
MIT,b2c12,355,0.97134382,90.58387265748485
MIT,b2c12,356,0.97099984,90.55179437595862
MIT,b2c12,357,0.97083765,90.5366691463501
MIT,b2c12,358,0.97014558,90.47212930015014
MIT,b2c12,359,0.96942949,90.40534943905905
MIT,b2c12,360,0.96832699,90.3025344341673
MIT,b2c12,361,0.96818191,90.28900481882971
MIT,b2c12,362,0.96745968,90.22165236442339
MIT,b2c12,363,0.96672291,90.15294396428361
MIT,b2c12,364,0.96606421,90.0915160788213
MIT,b2c12,365,0.96550101,90.03899416430426
MIT,b2c12,366,0.96483243,89.97664490718813
MIT,b2c12,367,0.96422184,89.91970357944496
MIT,b2c12,368,0.96387118,89.88700234623376
MIT,b2c12,369,0.96415251,89.9132381243074
MIT,b2c12,370,0.96291381,89.7977216194916
MIT,b2c12,371,0.96230924,89.74134169431481
MIT,b2c12,372,0.96176195,89.69030348658038
MIT,b2c12,373,0.96091455,89.61127814858014
MIT,b2c12,374,0.96020341,89.54495990587834
MIT,b2c12,375,0.95848775,89.38496390470593
MIT,b2c12,376,0.95915443,89.44713597496555
MIT,b2c12,377,0.95851636,89.3876319657399
MIT,b2c12,378,0.9575184,89.2945659682054
MIT,b2c12,379,0.95696813,89.243249856875
MIT,b2c12,380,0.95620686,89.17225667884874
MIT,b2c12,381,0.95593518,89.14692082349363
MIT,b2c12,382,0.95486879,89.04747330143785
MIT,b2c12,383,0.95476311,89.03761798196668
MIT,b2c12,384,0.95429748,88.99419507881225
MIT,b2c12,385,0.95333016,88.90398645247947
MIT,b2c12,386,0.95231205,88.80904134170365
MIT,b2c12,387,0.95192599,88.77303883758708
MIT,b2c12,388,0.95126164,88.71108405436728
MIT,b2c12,389,0.95058835,88.6482955603595
MIT,b2c12,390,0.95000827,88.5941994805068
MIT,b2c12,391,0.94926983,88.52533534244577
MIT,b2c12,392,0.94825709,88.43089101768018
MIT,b2c12,393,0.94752133,88.36227680634308
MIT,b2c12,394,0.94726712,88.3385701375054
MIT,b2c12,395,0.94643003,88.26050627134228
MIT,b2c12,396,0.94573998,88.19615480274767
MIT,b2c12,397,0.94435167,88.06668623182587
MIT,b2c12,398,0.94444382,88.07527979436627
MIT,b2c12,399,0.94373351,88.0090389543439
MIT,b2c12,400,0.94330794,87.96935189617447
MIT,b2c12,401,0.94211054,87.85768687408161
MIT,b2c12,402,0.94131678,87.78366380080915
MIT,b2c12,403,0.94025141,87.68431140011842
MIT,b2c12,404,0.93982542,87.6445851743281
MIT,b2c12,405,0.93910289,87.57720474304969
MIT,b2c12,406,0.9381898,87.49205340262645
MIT,b2c12,407,0.93739027,87.41749224084768
MIT,b2c12,408,0.93671703,87.3547084096519
MIT,b2c12,409,0.93610173,87.29732784501708
MIT,b2c12,410,0.93510699,87.20456213257624
MIT,b2c12,411,0.93420112,87.12008410220773
MIT,b2c12,412,0.93332398,87.038285323622
MIT,b2c12,413,0.93267417,86.97768648613564
MIT,b2c12,414,0.93156993,86.87470921538582
MIT,b2c12,415,0.93104595,86.82584481061197
MIT,b2c12,416,0.92980593,86.71020520755903
MIT,b2c12,417,0.92869574,86.60667306217962
MIT,b2c12,418,0.92823786,86.56397289488726
MIT,b2c12,419,0.92718744,86.46601467498847
MIT,b2c12,420,0.926126,86.367028771322
MIT,b2c12,421,0.92524201,86.28459118749046
MIT,b2c12,422,0.92411041,86.17906242600701
MIT,b2c12,423,0.92292905,86.06889323400799
MIT,b2c12,424,0.92233074,86.01309709289525
MIT,b2c12,425,0.92151493,85.93701771952496
MIT,b2c12,426,0.92032236,85.82580312507258
MIT,b2c12,427,0.91910034,85.71184213434438
MIT,b2c12,428,0.91817355,85.62541318342953
MIT,b2c12,429,0.91693336,85.50975772681574
MIT,b2c12,430,0.91607749,85.42994250846044
MIT,b2c12,431,0.91502881,85.33214655441974
MIT,b2c12,432,0.91269302,85.114319560972
MIT,b2c12,433,0.91297805,85.14090038713464
MIT,b2c12,434,0.91146773,85.00005362233816
MIT,b2c12,435,0.9100551,84.86831705965314
MIT,b2c12,436,0.90906894,84.77635148575376
MIT,b2c12,437,0.90786684,84.66424815933165
MIT,b2c12,438,0.90626895,84.51523494557519
MIT,b2c12,439,0.90513116,84.4091289279645
MIT,b2c12,440,0.90403527,84.30693034682089
MIT,b2c12,441,0.90279388,84.1911629827188
MIT,b2c12,442,0.90141863,84.06291233829485
MIT,b2c12,443,0.89998871,83.92956337521565
MIT,b2c12,444,0.89848828,83.78963891463539
MIT,b2c12,445,0.89687663,83.6393424950129
MIT,b2c12,446,0.895504,83.51133618193845
MIT,b2c12,447,0.89418483,83.38831534746856
MIT,b2c12,448,0.89295751,83.27386009866697
MIT,b2c12,449,0.8912127,83.11114567809084
MIT,b2c12,450,0.89004558,83.00230445495318
MIT,b2c12,451,0.88820404,82.83056935825626
MIT,b2c12,452,0.88677901,82.69767641819195
MIT,b2c12,453,0.88515335,82.54607347864335
MIT,b2c12,454,0.88383412,82.42304704879903
MIT,b2c12,455,0.88249803,82.29844831874387
MIT,b2c12,456,0.88099337,82.15812938426728
MIT,b2c12,457,0.87973952,82.04120004741148
MIT,b2c12,458,0.87791437,81.87099342049248
MIT,b2c12,459,0.87669599,81.75737188247886
MIT,b2c12,460,0.87488961,81.58891567518964
MIT,b2c12,461,0.87338418,81.44852493340805
MIT,b2c12,462,0.87168717,81.29026816111656
MIT,b2c12,463,0.86989039,81.12270721373389
MIT,b2c12,464,0.86821026,80.96602460677808
MIT,b2c12,465,0.86654723,80.81093668153079
MIT,b2c12,466,0.86487001,80.65452545023413
MIT,b2c12,467,0.86344111,80.52127160852001
MIT,b2c12,468,0.86198002,80.38501584843175
MIT,b2c12,469,0.8601715,80.21636007278836
MIT,b2c12,470,0.85866624,80.07598518456763
MIT,b2c12,471,0.85710174,79.9300857966736
MIT,b2c12,472,0.85547715,79.7785826413021
MIT,b2c12,473,0.85387391,79.62907050666023
MIT,b2c12,474,0.85233855,79.48588860560753
MIT,b2c12,475,0.84902966,79.17731396475828
MIT,b2c12,476,0.84902489,79.17686913249223
MIT,b2c12,477,0.84741127,79.02638899807641
MIT,b2c12,478,0.84574425,78.87092898043045
MIT,b2c12,479,0.84417921,78.72497923416671
MIT,b2c12,480,0.84262884,78.58039755694763
MIT,b2c12,481,0.84086019,78.41545990760359
MIT,b2c12,482,0.8392809,78.26818125991606
MIT,b2c12,483,0.83763105,78.11432245191547
MIT,b2c12,484,0.83601493,77.96360917689898
MIT,b2c12,485,0.8343395,77.80736487427241
MIT,b2c12,486,0.83305675,77.68774043207294
MIT,b2c12,487,0.83127952,77.52200264418745
MIT,b2c12,488,0.82971448,77.37605289792369
MIT,b2c12,489,0.8277759,77.19526821567148
MIT,b2c12,490,0.82620364,77.048645159353
MIT,b2c44,1,1.070887,99.86710957258708
MIT,b2c44,2,1.072312,100.0
MIT,b2c44,3,1.0729803,100.06232327904566
MIT,b2c44,4,1.0738072,100.13943702952126
MIT,b2c44,5,1.0738027,100.13901737553996
MIT,b2c44,6,1.074018,100.15909548713434
MIT,b2c44,7,1.0743123,100.18654085751164
MIT,b2c44,8,1.0744216,100.1967337864353
MIT,b2c44,9,1.0745265,100.2065163870217
MIT,b2c44,10,1.0748211,100.23398973433106
MIT,b2c44,11,1.0749875,100.24950760599526
MIT,b2c44,12,1.0753322,100.28165310096317
MIT,b2c44,13,1.0755334,100.30041629674946
MIT,b2c44,14,1.0756245,100.30891195845986
MIT,b2c44,15,1.0759887,100.3428759540134
MIT,b2c44,16,1.0759934,100.34331425928275
MIT,b2c44,17,1.0760504,100.34862987637926
MIT,b2c44,18,1.0761997,100.36255306291454
MIT,b2c44,19,1.076166,100.35941032087676
MIT,b2c44,20,1.0761435,100.35731205097025
MIT,b2c44,21,1.0764819,100.38887003036432
MIT,b2c44,22,1.0762728,100.36937010869971
MIT,b2c44,23,1.0761393,100.35692037392101
MIT,b2c44,24,1.0764297,100.38400204418119
MIT,b2c44,25,1.0763541,100.37695185729527
MIT,b2c44,26,1.0764827,100.38894463551654
MIT,b2c44,27,1.0767171,100.41080394512045
MIT,b2c44,28,1.0765363,100.39394318071606
MIT,b2c44,29,1.0763779,100.37917136057418
MIT,b2c44,30,1.0765607,100.39621863785912
MIT,b2c44,31,1.076491,100.38971866397095
MIT,b2c44,32,1.0764813,100.38881407650013
MIT,b2c44,33,1.0766288,100.40256940144286
MIT,b2c44,34,1.0766017,100.40004215191102
MIT,b2c44,35,1.0766056,100.40040585202814
MIT,b2c44,36,1.0768498,100.42317907474691
MIT,b2c44,37,1.0768529,100.42346816971181
MIT,b2c44,38,1.0770476,100.44162519863622
MIT,b2c44,39,1.0769541,100.43290572146913
MIT,b2c44,40,1.0770183,100.43889278493575
MIT,b2c44,41,1.0771866,100.45458784383652
MIT,b2c44,42,1.0770181,100.43887413364769
MIT,b2c44,43,1.0769173,100.42947388446647
MIT,b2c44,44,1.0771655,100.45262013294638
MIT,b2c44,45,1.0768629,100.42440073411471
MIT,b2c44,46,1.076754,100.41424510776716
MIT,b2c44,47,1.0769898,100.43623497638747
MIT,b2c44,48,1.0768342,100.42172427427838
MIT,b2c44,49,1.0768008,100.41860950917271
MIT,b2c44,50,1.0771043,100.44691283880066
MIT,b2c44,51,1.0770773,100.44439491491283
MIT,b2c44,52,1.0769172,100.42946455882245
MIT,b2c44,53,1.0769082,100.42862525085985
MIT,b2c44,54,1.0768321,100.42152843575379
MIT,b2c44,55,1.0769467,100.43221562381098
MIT,b2c44,56,1.0768166,100.42008296092928
MIT,b2c44,57,1.0765777,100.39780399734408
MIT,b2c44,58,1.0768772,100.42573430121084
MIT,b2c44,59,1.076853,100.42347749535585
MIT,b2c44,60,1.0769228,100.42998679488807
MIT,b2c44,61,1.0772526,100.46074276889563
MIT,b2c44,62,1.0770386,100.44078589067362
MIT,b2c44,63,1.0769024,100.42808436350614
MIT,b2c44,64,1.0772187,100.45758137556979
MIT,b2c44,65,1.0769581,100.43327874723029
MIT,b2c44,66,1.0770392,100.44084184453779
MIT,b2c44,67,1.0772014,100.4559680391528
MIT,b2c44,68,1.077062,100.44296809137639
MIT,b2c44,69,1.0768573,100.42387849804908
MIT,b2c44,70,1.0769991,100.43710226128218
MIT,b2c44,71,1.076828,100.42114608434858
MIT,b2c44,72,1.0767623,100.41501913622155
MIT,b2c44,73,1.0768967,100.4275528017965
MIT,b2c44,74,1.0769752,100.43487343235924
MIT,b2c44,75,1.0771021,100.44670767463202
MIT,b2c44,76,1.0769949,100.43671058423296
MIT,b2c44,77,1.0768218,100.4205678944188
MIT,b2c44,78,1.0768329,100.42160304090602
MIT,b2c44,79,1.076653,100.40482620729789
MIT,b2c44,80,1.0765563,100.39580830952187
MIT,b2c44,81,1.0767473,100.41362028961723
MIT,b2c44,82,1.0765189,100.39232051865501
MIT,b2c44,83,1.0764103,100.38219286923955
MIT,b2c44,84,1.0768878,100.4267228194779
MIT,b2c44,85,1.0767556,100.41439431807161
MIT,b2c44,86,1.076912,100.42897962533294
MIT,b2c44,87,1.0768857,100.42652698095331
MIT,b2c44,88,1.0767099,100.41013249875037
MIT,b2c44,89,1.0763782,100.37919933750625
MIT,b2c44,90,1.0766469,100.40425734301212
MIT,b2c44,91,1.0764654,100.38733129909951
MIT,b2c44,92,1.0766994,100.40915330612734
MIT,b2c44,93,1.0765983,100.39972508001402
MIT,b2c44,94,1.0765531,100.39550988891293
MIT,b2c44,95,1.0765787,100.39789725378436
MIT,b2c44,96,1.0763749,100.3788915912533
MIT,b2c44,97,1.0764364,100.38462686233112
MIT,b2c44,98,1.0765824,100.39824230261343
MIT,b2c44,99,1.0763599,100.37749274464896
MIT,b2c44,100,1.0761514,100.35804877684855
MIT,b2c44,101,1.0764095,100.38211826408731
MIT,b2c44,102,1.0761098,100.35416930893248
MIT,b2c44,103,1.0761031,100.35354449078255
MIT,b2c44,104,1.0761044,100.35366572415492
MIT,b2c44,105,1.0759206,100.33652519042964
MIT,b2c44,106,1.075797,100.32499869440983
MIT,b2c44,107,1.07603,100.34672744499736
MIT,b2c44,108,1.0760833,100.3516980132648
MIT,b2c44,109,1.0758932,100.33396996396573
MIT,b2c44,110,1.0760078,100.34465715202292
MIT,b2c44,111,1.0759907,100.34306246689397
MIT,b2c44,112,1.0763001,100.37191600951962
MIT,b2c44,113,1.0760905,100.3523694596349
MIT,b2c44,114,1.0759065,100.33521027462157
MIT,b2c44,115,1.0758917,100.33383007930527
MIT,b2c44,116,1.0757196,100.31778064593142
MIT,b2c44,117,1.0755996,100.30658987309664
MIT,b2c44,118,1.0758675,100.33157327345026
MIT,b2c44,119,1.0755286,100.29996866583606
MIT,b2c44,120,1.0754504,100.29267601220542
MIT,b2c44,121,1.0756677,100.31294063668037
MIT,b2c44,122,1.0754517,100.29279724557779
MIT,b2c44,123,1.0754383,100.29154760927793
MIT,b2c44,124,1.0755357,100.30063078656212
MIT,b2c44,125,1.0750617,100.25642723386478
MIT,b2c44,126,1.0749124,100.24250404732953
MIT,b2c44,127,1.0750763,100.25778877789303
MIT,b2c44,128,1.0750378,100.25419840494185
MIT,b2c44,129,1.075127,100.2625168794157
MIT,b2c44,130,1.0750145,100.2520255298831
MIT,b2c44,131,1.0749462,100.2456561150113
MIT,b2c44,132,1.075137,100.2634494438186
MIT,b2c44,133,1.0750918,100.2592342527175
MIT,b2c44,134,1.0749382,100.24491006348899
MIT,b2c44,135,1.0750514,100.25546669252978
MIT,b2c44,136,1.0748258,100.2344280396004
MIT,b2c44,137,1.0746039,100.21373443550013
MIT,b2c44,138,1.074874,100.2389230000224
MIT,b2c44,139,1.0746278,100.21596326442305
MIT,b2c44,140,1.0746,100.213370735383
MIT,b2c44,141,1.0745997,100.2133427584509
MIT,b2c44,142,1.074322,100.18744544498244
MIT,b2c44,143,1.0742956,100.18498347495878
MIT,b2c44,144,1.0744065,100.19532561418694
MIT,b2c44,145,1.0741234,100.16892471594088
MIT,b2c44,146,1.0739478,100.15254888502601
MIT,b2c44,147,1.0740981,100.16656532800157
MIT,b2c44,148,1.0740175,100.1590488589142
MIT,b2c44,149,1.0739135,100.14935018912405
MIT,b2c44,150,1.0737349,100.13269458888831
MIT,b2c44,151,1.0737617,100.13519386148808
MIT,b2c44,152,1.0737398,100.13315154544573
MIT,b2c44,153,1.0736257,100.12251098560867
MIT,b2c44,154,1.0735147,100.11215952073651
MIT,b2c44,155,1.0737056,100.12996217518784
MIT,b2c44,156,1.0736197,100.12195144696693
MIT,b2c44,157,1.0734835,100.10924991979948
MIT,b2c44,158,1.0736725,100.12687538701424
MIT,b2c44,159,1.0734121,100.10259140996278
MIT,b2c44,160,1.0732647,100.08884541066408
MIT,b2c44,161,1.0733418,100.0960354822104
MIT,b2c44,162,1.0731661,100.0796503256515
MIT,b2c44,163,1.0730306,100.06701407799224
MIT,b2c44,164,1.073036,100.0675176627698
MIT,b2c44,165,1.0729247,100.05713822096554
MIT,b2c44,166,1.0728205,100.04742089988734
MIT,b2c44,167,1.072768,100.04252493677212
MIT,b2c44,168,1.0726308,100.0297301531644
MIT,b2c44,169,1.0727077,100.03690157342267
MIT,b2c44,170,1.0725553,100.0226892919225
MIT,b2c44,171,1.0724771,100.01539663829185
MIT,b2c44,172,1.0727079,100.03692022471071
MIT,b2c44,173,1.0722541,99.99460045210724
MIT,b2c44,174,1.0720688,99.97732003372154
MIT,b2c44,175,1.0721918,99.98879057587718
MIT,b2c44,176,1.0719625,99.96740687411872
MIT,b2c44,177,1.0719641,99.9675560844232
MIT,b2c44,178,1.0719501,99.96625049425914
MIT,b2c44,179,1.0717653,99.9490167040936
MIT,b2c44,180,1.071637,99.93705190280441
MIT,b2c44,181,1.0717701,99.94946433500698
MIT,b2c44,182,1.0715905,99.93271547833092
MIT,b2c44,183,1.071475,99.92194435947746
MIT,b2c44,184,1.0714527,99.91986474085901
MIT,b2c44,185,1.0712258,99.89870485455725
MIT,b2c44,186,1.0711675,99.89326800408837
MIT,b2c44,187,1.0711049,99.88743015092622
MIT,b2c44,188,1.0710478,99.88210520818569
MIT,b2c44,189,1.071126,99.88939786181635
MIT,b2c44,190,1.0707505,99.85438006848753
MIT,b2c44,191,1.0704829,99.829424645066
MIT,b2c44,192,1.0706246,99.84263908265505
MIT,b2c44,193,1.0704203,99.82358679190386
MIT,b2c44,194,1.0704184,99.82340960466732
MIT,b2c44,195,1.0705001,99.83102865583898
MIT,b2c44,196,1.0703256,99.81475540700842
MIT,b2c44,197,1.0698798,99.77318168592724
MIT,b2c44,198,1.0699544,99.78013861637287
MIT,b2c44,199,1.0697428,99.76040555360754
MIT,b2c44,200,1.0695698,99.74427218943741
MIT,b2c44,201,1.0695225,99.7398611598117
MIT,b2c44,202,1.0693085,99.71990428158969
MIT,b2c44,203,1.0693054,99.7196151866248
MIT,b2c44,204,1.0693264,99.72157357187088
MIT,b2c44,205,1.0692438,99.71387058990294
MIT,b2c44,206,1.069399,99.72834398943591
MIT,b2c44,207,1.0690593,99.69666477666948
MIT,b2c44,208,1.068874,99.6793843582838
MIT,b2c44,209,1.0690427,99.69511671976068
MIT,b2c44,210,1.0687805,99.67066488111669
MIT,b2c44,211,1.0687673,99.66943389610486
MIT,b2c44,212,1.0686632,99.65972590067071
MIT,b2c44,213,1.0683429,99.6298558628459
MIT,b2c44,214,1.0679715,99.59522042092229
MIT,b2c44,215,1.0680243,99.60014436096958
MIT,b2c44,216,1.0676928,99.56922985101353
MIT,b2c44,217,1.0675853,99.55920478368236
MIT,b2c44,218,1.0675997,99.56054767642253
MIT,b2c44,219,1.0674254,99.54429307888005
MIT,b2c44,220,1.0673807,99.54012451599907
MIT,b2c44,221,1.0671492,99.51853565007201
MIT,b2c44,222,1.0669866,99.50337215288087
MIT,b2c44,223,1.0669923,99.50390371459052
MIT,b2c44,224,1.0666829,99.47505017196488
MIT,b2c44,225,1.0665332,99.46108968285351
MIT,b2c44,226,1.0667335,99.47976894784355
MIT,b2c44,227,1.0664306,99.45152157207976
MIT,b2c44,228,1.0664483,99.45317221107291
MIT,b2c44,229,1.0663491,99.44392117219616
MIT,b2c44,230,1.0660245,99.41365013167808
MIT,b2c44,231,1.0660049,99.41182230544842
MIT,b2c44,232,1.0659028,99.40230082289483
MIT,b2c44,233,1.0656871,99.38218540872434
MIT,b2c44,234,1.0652742,99.34367982452869
MIT,b2c44,235,1.0652715,99.3434280321399
MIT,b2c44,236,1.0650282,99.32073874021741
MIT,b2c44,237,1.0650471,99.32250128693887
MIT,b2c44,238,1.0647093,99.29099926140901
MIT,b2c44,239,1.0645101,99.27242257850327
MIT,b2c44,240,1.0644073,99.2628358164415
MIT,b2c44,241,1.0642104,99.24447362334843
MIT,b2c44,242,1.0640838,99.23266735800775
MIT,b2c44,243,1.0642768,99.25066585098368
MIT,b2c44,244,1.0638899,99.21458493423556
MIT,b2c44,245,1.0635805,99.1857313916099
MIT,b2c44,246,1.0633982,99.16873074254508
MIT,b2c44,248,1.0597473,98.82826080469117
MIT,b2c44,249,1.0615616,98.99745596430891
MIT,b2c44,250,1.0620072,99.03901103410202
MIT,b2c44,251,1.061977,99.03619468960527
MIT,b2c44,252,1.0622791,99.0643674602168
MIT,b2c44,253,1.0620574,99.04369250740457
MIT,b2c44,254,1.0617633,99.01626578831535
MIT,b2c44,255,1.0620317,99.0412958168891
MIT,b2c44,256,1.0616276,99.00361088936802
MIT,b2c44,257,1.0615249,98.99403345295028
MIT,b2c44,258,1.0616491,99.00561590283424
MIT,b2c44,259,1.0614268,98.98488499615785
MIT,b2c44,260,1.0611719,98.96111392952798
MIT,b2c44,261,1.0611734,98.96125381418841
MIT,b2c44,262,1.0609385,98.93934787636435
MIT,b2c44,263,1.0606569,98.91308686277874
MIT,b2c44,264,1.0604899,98.89751303725038
MIT,b2c44,265,1.0602522,98.8753459813935
MIT,b2c44,266,1.0601629,98.8670181812756
MIT,b2c44,267,1.05993,98.84529875633213
MIT,b2c44,268,1.0598874,98.84132603197577
MIT,b2c44,269,1.059927,98.84501898701126
MIT,b2c44,270,1.0596386,98.81812382963167
MIT,b2c44,271,1.0594506,98.8005916188572
MIT,b2c44,272,1.0595256,98.80758585187893
MIT,b2c44,273,1.0591093,98.7687631957863
MIT,b2c44,274,1.0589679,98.75557673512934
MIT,b2c44,275,1.0589008,98.7493192279859
MIT,b2c44,276,1.0585151,98.71335021896613
MIT,b2c44,277,1.0581177,98.67629010959497
MIT,b2c44,278,1.0580406,98.66910003804863
MIT,b2c44,279,1.0577626,98.64317474764808
MIT,b2c44,280,1.0576329,98.6310793873425
MIT,b2c44,281,1.0573866,98.60811032609914
MIT,b2c44,282,1.057072,98.57877184998397
MIT,b2c44,283,1.0569603,98.56835510560362
MIT,b2c44,284,1.0566906,98.54320384365745
MIT,b2c44,285,1.0562589,98.50294503838435
MIT,b2c44,286,1.0563074,98.50746797573841
MIT,b2c44,287,1.0558946,98.46897171718679
MIT,b2c44,288,1.0556792,98.44888427994837
MIT,b2c44,289,1.0556287,98.44417482971375
MIT,b2c44,290,1.0552287,98.40687225359784
MIT,b2c44,291,1.0549556,98.3814039197547
MIT,b2c44,292,1.0548933,98.37559404352464
MIT,b2c44,293,1.0545844,98.34678712911914
MIT,b2c44,294,1.0542966,98.31994792560374
MIT,b2c44,295,1.0540825,98.29998172173772
MIT,b2c44,296,1.0536911,98.26348115100829
MIT,b2c44,297,1.0534943,98.24512828355928
MIT,b2c44,298,1.0532678,98.22400569983364
MIT,b2c44,299,1.0529026,98.1899484478398
MIT,b2c44,300,1.052781,98.17860846470057
MIT,b2c44,301,1.052448,98.14755407008408
MIT,b2c44,302,1.0520537,98.11078305567784
MIT,b2c44,303,1.0520185,98.10750042897963
MIT,b2c44,304,1.0514156,98.05127612112892
MIT,b2c44,305,1.0510749,98.01950365192221
MIT,b2c44,306,1.0511179,98.02351367885466
MIT,b2c44,307,1.0506827,97.98292847604057
MIT,b2c44,308,1.0503687,97.95364595378958
MIT,b2c44,309,1.0500057,97.9197938659644
MIT,b2c44,310,1.0493842,97.8618349883243
MIT,b2c44,311,1.0492399,97.84837808399047
MIT,b2c44,312,1.048955,97.82180932415194
MIT,b2c44,313,1.0484126,97.77122703093877
MIT,b2c44,314,1.0482855,97.75937413737793
MIT,b2c44,315,1.0479361,97.72679033714068
MIT,b2c44,316,1.0476027,97.69569863994809
MIT,b2c44,317,1.0474805,97.68430270294466
MIT,b2c44,318,1.0470301,97.64230000223816
MIT,b2c44,319,1.0465264,97.59532673326422
MIT,b2c44,320,1.0464876,97.59170838338098
MIT,b2c44,321,1.0459474,97.54133125433643
MIT,b2c44,322,1.0453707,97.48755026522133
MIT,b2c44,323,1.044933,97.44673192130648
MIT,b2c44,324,1.0446016,97.41582673699446
MIT,b2c44,325,1.0441751,97.37605286521087
MIT,b2c44,326,1.0437971,97.34080193078134
MIT,b2c44,327,1.0434186,97.30550436813168
MIT,b2c44,328,1.0429327,97.26019106379486
MIT,b2c44,329,1.0426077,97.2298827207007
MIT,b2c44,330,1.0416276,97.1384820835727
MIT,b2c44,331,1.0418898,97.1629339222167
MIT,b2c44,332,1.0412236,97.10080648169563
MIT,b2c44,333,1.0408369,97.06474421623558
MIT,b2c44,334,1.0403063,97.01526234901782
MIT,b2c44,335,1.0396808,96.95693044561658
MIT,b2c44,336,1.0389023,96.884330306851
MIT,b2c44,337,1.0390346,96.89666813390133
MIT,b2c44,338,1.0380676,96.80648915614113
MIT,b2c44,339,1.037846,96.78582352897293
MIT,b2c44,340,1.0377715,96.77887592417133
MIT,b2c44,341,1.0371463,96.72057199770218
MIT,b2c44,342,1.0367702,96.6854982505092
MIT,b2c44,343,1.0360839,96.62149635553831
MIT,b2c44,344,1.0354886,96.56598079663384
MIT,b2c44,345,1.0352044,96.53947731630346
MIT,b2c44,346,1.0345095,96.47467341594611
MIT,b2c44,347,1.0340979,96.43628906512284
MIT,b2c44,348,1.0331898,96.35160289169569
MIT,b2c44,349,1.0325884,96.29551846850545
MIT,b2c44,350,1.0323673,96.27489946955737
MIT,b2c44,351,1.0319159,96.23280351241057
MIT,b2c44,352,1.0311402,96.16046449167781
MIT,b2c44,353,1.0305779,96.10802639530286
MIT,b2c44,354,1.0301545,96.06854161848418
MIT,b2c44,355,1.0290918,95.96943799938825
MIT,b2c44,356,1.0288675,95.94852057983125
MIT,b2c44,357,1.0280186,95.86935518766927
MIT,b2c44,358,1.0270115,95.77543662665344
MIT,b2c44,359,1.0268092,95.75657084878281
MIT,b2c44,360,1.0257179,95.65480009549461
MIT,b2c44,361,1.0253446,95.61998746633442
MIT,b2c44,362,1.0245843,95.5490845947821
MIT,b2c44,363,1.0237036,95.46695364781893
MIT,b2c44,364,1.0232953,95.42887704324862
MIT,b2c44,365,1.022815,95.38408597497744
MIT,b2c44,366,1.0218929,95.29809421138626
MIT,b2c44,367,1.0213048,95.24325009885185
MIT,b2c44,368,1.0202779,95.14748506031827
MIT,b2c44,369,1.0194434,95.06966256089648
MIT,b2c44,370,1.0188346,95.01288804004805
MIT,b2c44,371,1.0180458,94.93932735994748
MIT,b2c44,372,1.0170808,94.84933489506786
MIT,b2c44,373,1.0163798,94.78396213042473
MIT,b2c44,374,1.0151672,94.67087937092936
MIT,b2c44,375,1.0143864,94.59806474235111
MIT,b2c44,376,1.0135239,94.5176310626012
MIT,b2c44,377,1.012531,94.42503674303748
MIT,b2c44,378,1.0114981,94.32871216586219
MIT,b2c44,379,1.0110651,94.2883321272167
MIT,b2c44,380,1.0097269,94.16353635882095
MIT,b2c44,381,1.0083798,94.0379106081066
MIT,b2c44,382,1.0075541,93.96090876535933
MIT,b2c44,383,1.0062114,93.83569334298227
MIT,b2c44,384,1.0050789,93.73008042435411
MIT,b2c44,385,1.0041305,93.6416360163833
MIT,b2c44,386,1.0028838,93.52537321227405
MIT,b2c44,387,1.0017753,93.42199844821283
MIT,b2c44,388,1.0008777,93.33829146740874
MIT,b2c44,389,0.99930531,93.19165597326152
MIT,b2c44,390,0.99854225,93.120495713934
MIT,b2c44,391,0.99754316,93.02732413700491
MIT,b2c44,392,0.99591398,92.87539260961363
MIT,b2c44,393,0.9946,92.75285551220168
MIT,b2c44,394,0.99317044,92.61953983542104
MIT,b2c44,395,0.99172002,92.48427882929596
MIT,b2c44,396,0.99052453,92.37279168749394
MIT,b2c44,397,0.98892421,92.22355154096942
MIT,b2c44,398,0.98745948,92.08695603518379
MIT,b2c44,399,0.98619097,91.96865930811182
MIT,b2c44,400,0.98448646,91.80970277307351
MIT,b2c44,401,0.98318577,91.68840505375302
MIT,b2c44,402,0.98180354,91.55950320429129
MIT,b2c44,403,0.9800061,91.39188034825686
MIT,b2c44,404,0.97856206,91.25721431822083
MIT,b2c44,405,0.97703314,91.114632681533
MIT,b2c44,406,0.97521365,90.94495352099017
MIT,b2c44,407,0.97365826,90.79990338632786
MIT,b2c44,408,0.97214502,90.65878401062378
MIT,b2c44,409,0.97027379,90.48427976186036
MIT,b2c44,410,0.9683798,90.30765299651594
MIT,b2c44,411,0.96706671,90.18519889733587
MIT,b2c44,412,0.96534741,90.02486309954566
MIT,b2c44,413,0.96356344,89.85849640776193
MIT,b2c44,414,0.96230823,89.7414399913458
MIT,b2c44,415,0.96040809,89.56423969889362
MIT,b2c44,416,0.95863432,89.39882422280083
MIT,b2c44,417,0.95719814,89.26489118838548
MIT,b2c44,418,0.95540851,89.09799666514971
MIT,b2c44,419,0.95324701,88.89642286946338
MIT,b2c44,420,0.95158201,88.7411508963809
MIT,b2c44,421,0.94951749,88.54862111027387
MIT,b2c44,422,0.94776893,88.3855566290408
MIT,b2c44,423,0.94598556,88.21924589112125
MIT,b2c44,424,0.94380409,88.01580976432233
MIT,b2c44,425,0.94216758,87.86319466722372
MIT,b2c44,426,0.94048131,87.7059391296563
MIT,b2c44,427,0.93871123,87.5408677698282
MIT,b2c44,428,0.9366653,87.35007162094615
MIT,b2c44,429,0.93485266,87.1810312670193
MIT,b2c44,430,0.93243462,86.95553346414104
MIT,b2c44,431,0.93043232,86.76880609374884
MIT,b2c44,432,0.92846739,86.58556371653027
MIT,b2c44,433,0.9265911,86.41058759017899
MIT,b2c44,434,0.92431432,86.19826319205605
MIT,b2c44,435,0.92251569,86.03052936085767
MIT,b2c44,436,0.92036819,85.83026115533539
MIT,b2c44,437,0.91821897,85.62983254873582
MIT,b2c44,438,0.91654921,85.47411667499757
MIT,b2c44,439,0.9144392,85.27734465342178
MIT,b2c44,440,0.91247672,85.09433075448192
MIT,b2c44,441,0.91034549,84.89557983124315
MIT,b2c44,442,0.90825111,84.70026540782906
MIT,b2c44,443,0.90631694,84.5198915987138
MIT,b2c44,444,0.90443283,84.34418620699947
MIT,b2c44,445,0.90199047,84.11642040749334
MIT,b2c44,446,0.89974576,83.9070867434105
MIT,b2c44,447,0.89797854,83.74228209700162
MIT,b2c44,448,0.89566106,83.5261621617589
MIT,b2c44,449,0.89358318,83.3323864696096
MIT,b2c44,450,0.89164793,83.15191194353882
MIT,b2c44,451,0.88946599,82.94843198621298
MIT,b2c44,452,0.88764578,82.77868568103314
MIT,b2c44,453,0.88571709,82.59882291721067
MIT,b2c44,454,0.88363647,82.40479170241497
MIT,b2c44,455,0.8817578,82.2295936257358
MIT,b2c44,456,0.87968791,82.03656305254442
MIT,b2c44,457,0.87717521,81.80223759502832
MIT,b2c44,458,0.87490267,81.59030860421221
MIT,b2c44,459,0.8721537,81.33394944754886
MIT,b2c44,460,0.87001324,81.13433776736623
MIT,b2c44,461,0.86779696,80.92765538388082
MIT,b2c44,462,0.86559445,80.7222571415782
MIT,b2c44,463,0.86326855,80.50535198710824
MIT,b2c44,464,0.86114919,80.30770801781571
MIT,b2c44,465,0.85885227,80.09350543498535
MIT,b2c44,466,0.85634929,79.86008643006886
MIT,b2c44,467,0.85400438,79.64140847066899
MIT,b2c44,468,0.8515479,79.41232589022599
MIT,b2c44,469,0.84906012,79.1803243832019
MIT,b2c44,470,0.84671205,78.96135173345073
MIT,b2c44,471,0.84410083,78.71783865143728
MIT,b2c44,472,0.84146518,78.47204731458756
MIT,b2c44,473,0.83892977,78.23560400331247
MIT,b2c44,474,0.83650053,78.00906172830297
MIT,b2c44,475,0.83366293,77.74443725333671
MIT,b2c44,476,0.83109188,77.50467028252972
MIT,b2c44,477,0.8277548,77.19346608076755
MIT,b2c44,478,0.82583231,77.01418150687486
