dataset,battery_id,cycle_idx,SOH,pred_VLSTM,pred_CNNLSTM,pred_PiFormer,pred_XGBoost
NASA,B0005,1,100.55029,89.122574,78.91693,82.68761,84.22391
NASA,B0005,2,100.0,88.20393,80.734924,81.89526,86.852646
NASA,B0005,3,99.40541,86.94691,78.17691,82.9389,87.12916
NASA,B0005,4,99.40072,87.56988,83.450584,81.85974,87.289635
NASA,B0005,5,99.3673,87.94326,79.057396,85.56999,94.13342
NASA,B0005,6,99.42233,88.122406,78.72798,82.97504,94.16963
NASA,B0005,7,99.39442,88.43118,83.875435,81.742714,94.216705
NASA,B0005,8,98.88587,87.40692,78.60395,83.3024,93.75591
NASA,B0005,9,98.832634,88.13326,85.45242,87.72463,93.94419
NASA,B0005,10,98.82394,88.39908,84.96608,86.01826,94.17855
NASA,B0005,11,98.82428,88.20903,82.5799,85.076385,93.934
NASA,B0005,12,98.26004,88.101364,82.65495,82.82648,90.94223
NASA,B0005,13,98.23568,88.74136,83.03353,83.168465,97.00181
NASA,B0005,14,98.2188,88.528496,82.80797,84.353035,95.335106
NASA,B0005,15,97.63155,87.54193,80.305984,84.135315,95.20633
NASA,B0005,16,97.60496,88.309975,82.734276,83.87134,95.30893
NASA,B0005,17,97.630554,88.90994,83.96325,84.533264,95.27264
NASA,B0005,18,97.65703,88.75141,88.208405,87.95628,96.13238
NASA,B0005,19,97.64128,88.35711,87.89185,87.91703,94.83417
NASA,B0005,20,100.03784,89.354546,82.35748,83.1794,88.11373
NASA,B0005,21,100.05904,89.15169,84.1202,85.77432,88.79825
NASA,B0005,22,99.45027,89.297165,83.01543,83.39818,88.12493
NASA,B0005,23,98.88717,88.543686,83.56436,84.22473,88.350945
NASA,B0005,24,98.851036,88.66218,86.09296,87.597046,87.887405
NASA,B0005,25,98.87638,89.8587,85.57723,85.80248,89.267365
NASA,B0005,26,98.25079,88.533104,82.98412,84.06262,89.968956
NASA,B0005,27,98.290764,89.50576,85.12313,84.187744,89.77113
NASA,B0005,28,98.247444,88.75328,85.37074,88.01142,89.96405
NASA,B0005,29,97.64063,88.200874,82.071724,84.8944,90.082596
NASA,B0005,30,97.71166,88.847244,88.350464,88.436264,90.10391
NASA,B0005,31,100.296555,89.25826,84.49568,84.255646,81.87581
NASA,B0005,32,99.15381,88.86551,85.10285,85.085594,88.65254
NASA,B0005,33,98.56888,88.1495,84.21408,84.31921,89.021736
NASA,B0005,34,97.99498,87.31996,83.193855,84.3905,90.290245
NASA,B0005,35,97.740524,88.01927,83.630356,85.362724,89.98862
NASA,B0005,36,97.45711,87.22264,83.347145,84.05736,89.30297
NASA,B0005,37,96.864914,85.61739,82.37544,83.66034,89.50296
NASA,B0005,38,96.565926,86.57645,82.67689,84.40795,89.729645
NASA,B0005,39,96.030304,85.15864,81.58422,83.87389,89.07983
NASA,B0005,40,96.030525,86.76397,85.1501,85.895584,89.701904
NASA,B0005,41,95.75075,85.90734,81.803276,83.33528,88.631
NASA,B0005,42,95.44977,85.69726,82.17018,83.13462,88.8065
NASA,B0005,43,95.736946,86.3963,82.41585,82.67162,88.4223
NASA,B0005,44,95.4689,85.44293,82.02127,83.867386,88.0696
NASA,B0005,45,94.87649,85.07202,81.78889,83.81592,88.679535
NASA,B0005,46,94.341324,84.43123,81.20796,83.66154,88.34085
NASA,B0005,47,94.02945,84.68599,80.10354,83.7557,88.221245
NASA,B0005,48,97.14551,89.690575,89.86798,80.52092,87.31796
NASA,B0005,49,96.58034,87.26328,84.074646,81.714775,90.61622
NASA,B0005,50,95.723236,86.658516,83.51461,82.73718,88.46614
NASA,B0005,51,95.16286,86.952,83.39449,83.74045,88.82172
NASA,B0005,52,94.61327,85.86518,82.49703,83.360825,88.616776
NASA,B0005,53,94.33416,86.15875,83.67195,83.347115,88.271614
NASA,B0005,54,94.047386,85.56332,82.92546,82.90083,88.589745
NASA,B0005,55,93.50031,84.82189,81.209564,82.89935,87.16739
NASA,B0005,56,92.93079,83.5466,79.525085,82.63537,87.06793
NASA,B0005,57,92.64519,83.39045,80.587074,83.27847,87.23463
NASA,B0005,58,92.40044,82.999214,79.37692,82.11425,87.33873
NASA,B0005,59,92.09153,82.76445,80.80474,81.9681,87.65887
NASA,B0005,60,91.78112,82.096924,80.17047,82.360374,87.77376
NASA,B0005,61,91.257,81.66087,81.95666,81.65175,84.09284
NASA,B0005,62,90.69216,79.60808,78.032394,81.96598,83.69691
NASA,B0005,63,90.69732,80.31002,81.39604,81.721176,83.966736
NASA,B0005,64,90.109505,79.374374,75.99401,80.22816,83.2559
NASA,B0005,65,89.85481,78.92561,78.999954,81.54148,83.52185
NASA,B0005,66,89.57535,78.79254,75.77885,80.39561,83.301155
NASA,B0005,67,88.96873,77.61824,80.57078,81.36703,83.2157
NASA,B0005,68,88.70897,77.48773,77.10277,81.53894,83.05742
NASA,B0005,69,88.43151,77.382645,76.65257,81.44056,83.33659
NASA,B0005,70,88.16167,77.196785,74.42633,79.994736,83.99912
NASA,B0005,71,87.85688,76.88631,73.87114,78.980156,83.36838
NASA,B0005,72,87.27194,75.71532,74.00106,79.721985,83.24077
NASA,B0005,73,87.014,75.55911,76.3179,81.24816,83.24077
NASA,B0005,74,86.74054,75.36104,73.27233,80.05532,83.164444
NASA,B0005,75,86.13691,75.13115,78.67555,79.50778,83.09445
NASA,B0005,76,85.88884,74.71203,75.036026,79.759705,83.04458
NASA,B0005,77,85.84302,74.480385,78.11781,81.5094,80.063034
NASA,B0005,78,86.41623,75.968254,71.02226,78.22859,80.0115
NASA,B0005,79,85.28987,74.69548,77.21525,79.82621,82.73079
NASA,B0005,80,84.75756,73.870605,78.27162,80.60194,79.40877
NASA,B0005,81,84.479385,73.69654,76.73677,79.27036,79.497826
NASA,B0005,82,84.46398,73.95012,77.5365,80.63082,79.09546
NASA,B0005,83,84.20443,73.90545,69.61767,75.43695,78.961075
NASA,B0005,84,83.889465,73.48095,77.62189,77.79122,78.899506
NASA,B0005,85,83.313324,73.2374,77.68626,77.26824,78.99488
NASA,B0005,86,82.75425,72.559814,73.55182,79.96361,79.21788
NASA,B0005,87,82.787346,72.71734,71.024284,78.18963,79.09033
NASA,B0005,88,82.46899,72.53817,76.24662,77.763596,79.34795
NASA,B0005,89,82.18944,72.41916,76.20868,78.918594,78.95278
NASA,B0005,90,86.97369,74.273674,76.84041,78.83886,79.45875
NASA,B0005,91,84.70054,75.64824,78.673874,79.794655,79.05671
NASA,B0005,92,83.847084,74.4601,77.96547,78.086716,81.84723
NASA,B0005,93,82.99588,73.358765,74.25334,77.18637,79.116684
NASA,B0005,94,82.70218,73.16002,75.97266,77.48741,78.67805
NASA,B0005,95,82.160805,72.65012,76.668755,79.162796,79.63354
NASA,B0005,96,81.886765,72.50077,75.776794,78.384,79.34795
NASA,B0005,97,81.59788,72.395164,69.455124,74.27702,79.10509
NASA,B0005,98,81.326065,72.31638,76.0329,78.25948,78.85191
NASA,B0005,99,80.74649,71.80875,70.283356,74.68395,79.588486
NASA,B0005,100,80.47698,71.33522,73.15888,78.577324,79.74507
NASA,B0005,101,80.18154,71.30638,75.97108,74.84495,79.809364
NASA,B0005,102,79.89968,71.254166,69.73645,75.46106,79.682106
NASA,B0005,103,80.47889,72.052505,76.369965,76.77742,80.008644
NASA,B0005,104,81.03069,72.861465,76.84192,73.573074,75.06659
NASA,B0005,105,80.2025,72.176956,75.25983,75.22473,80.77175
NASA,B0005,106,79.60422,71.51442,69.45245,75.06804,82.58911
NASA,B0005,107,78.74559,71.344086,75.7903,75.29541,80.15815
NASA,B0005,108,78.75886,70.71654,69.17284,74.2925,79.98064
NASA,B0005,109,78.80638,70.96473,75.51787,72.49394,80.6361
NASA,B0005,110,78.482414,70.89991,75.34547,77.30923,80.793465
NASA,B0005,111,77.92069,70.21176,69.772255,72.53057,79.830894
NASA,B0005,112,77.63767,70.13018,71.33941,73.0974,73.31039
NASA,B0005,113,77.63499,70.28933,72.858734,70.464355,72.38493
NASA,B0005,114,77.34625,69.93152,68.61688,75.18906,71.63548
NASA,B0005,115,77.06761,69.83116,71.83114,72.52257,71.60251
NASA,B0005,116,76.770195,69.701035,70.68442,72.57051,70.49228
NASA,B0005,117,76.498314,69.5752,72.32991,70.55163,70.64121
NASA,B0005,118,76.5075,69.77782,71.30223,72.27943,70.150635
NASA,B0005,119,76.237755,69.44354,68.517975,71.57409,71.133194
NASA,B0005,120,77.63478,71.16811,69.30296,74.14205,74.87135
NASA,B0005,121,77.89816,71.41806,72.73692,76.67507,72.58012
NASA,B0005,122,76.76617,70.1937,73.093216,73.495056,78.772
NASA,B0005,123,76.204346,69.44643,68.39891,74.80284,71.43133
NASA,B0005,124,75.89141,69.33853,70.86487,70.9011,71.632164
NASA,B0005,125,75.64752,69.1293,70.5755,70.82085,71.52773
NASA,B0005,126,75.35418,69.220856,68.95592,71.26977,71.89207
NASA,B0005,127,75.08034,68.83285,70.51572,71.3564,71.84926
NASA,B0005,128,74.76663,68.57841,70.334465,71.97778,72.19303
NASA,B0005,129,74.48498,68.46741,70.732544,71.20855,72.022835
NASA,B0005,130,74.22914,68.413895,71.11263,69.090294,72.00457
NASA,B0005,131,74.228905,68.40466,70.355194,72.80668,72.216415
NASA,B0005,132,73.91623,68.07342,70.114746,69.305565,71.4595
NASA,B0005,133,74.4934,69.146255,69.28856,71.26666,70.164734
NASA,B0005,134,75.07399,69.40717,71.34758,68.79439,70.077034
NASA,B0005,135,74.19324,68.548035,70.459305,69.15808,68.995865
NASA,B0005,136,73.91879,68.36949,70.81905,69.42818,69.45515
NASA,B0005,137,73.35222,67.7701,69.91341,68.81628,69.89297
NASA,B0005,138,73.36954,67.9146,70.144424,68.63997,68.77501
NASA,B0005,139,73.3729,68.0015,68.000755,71.40297,68.99086
NASA,B0005,140,73.08103,67.80702,70.943375,69.95817,68.30788
NASA,B0005,141,72.80341,67.62231,70.313,68.35789,69.62992
NASA,B0005,142,72.52189,67.17139,69.93033,69.49058,69.62854
NASA,B0005,143,72.51772,67.338295,70.01669,68.6357,68.042725
NASA,B0005,144,72.25191,67.28026,67.52097,70.772575,68.0817
NASA,B0005,145,71.96148,66.92517,67.94493,69.67337,69.23223
NASA,B0005,146,71.66502,66.65477,69.72073,68.23239,69.507614
NASA,B0005,147,71.39413,66.61444,67.21116,69.778595,68.88015
NASA,B0005,148,71.410225,66.760086,70.11363,67.00969,68.04548
NASA,B0005,149,71.40083,66.766136,70.19039,68.81164,68.13824
NASA,B0005,150,71.70302,67.12724,67.69664,69.230225,69.84676
NASA,B0005,151,73.666336,68.97316,70.74197,76.368416,70.62851
NASA,B0005,152,72.551094,68.07535,67.99471,70.076706,68.314926
NASA,B0005,153,71.98229,67.46933,69.75729,68.78195,69.561104
NASA,B0005,154,71.69228,66.99253,69.7117,68.80617,69.05641
NASA,B0005,155,71.4193,66.87207,69.60799,69.08509,69.02458
NASA,B0005,156,71.139885,66.71123,69.59778,68.07961,69.013016
NASA,B0005,157,71.1251,66.7834,70.10695,68.24468,69.49709
NASA,B0005,158,70.8323,66.50377,69.94581,69.37811,69.0351
NASA,B0005,159,70.57432,66.400375,67.48689,69.23985,68.173904
NASA,B0005,160,70.591896,66.40813,67.090836,68.73973,69.02918
NASA,B0005,161,70.59475,66.72318,69.86749,68.573685,68.63866
NASA,B0005,162,70.295616,66.34817,68.48513,68.36388,69.08777
NASA,B0005,163,70.30571,66.32679,69.810005,68.22594,68.64214
NASA,B0005,164,70.05603,66.28883,69.55442,68.45752,67.771484
NASA,B0005,165,69.7603,66.11532,69.81471,67.64953,68.039566
NASA,B0005,166,69.73046,66.07755,69.60963,67.98676,68.079155
NASA,B0005,167,70.89834,67.83278,68.96304,70.645424,70.02696
NASA,B0005,168,71.76839,68.08165,69.917595,68.8678,67.97121
MIT,b1c22,1,99.87917,100.30426,97.853546,101.49491,100.205284
MIT,b1c22,2,100.0,101.43455,99.58457,100.5198,100.23092
MIT,b1c22,3,100.071915,101.43504,99.55652,100.52244,100.27253
MIT,b1c22,4,100.12397,101.446945,99.66618,100.63888,100.25442
MIT,b1c22,5,100.15432,101.45168,99.66448,100.66182,100.262344
MIT,b1c22,6,100.174065,101.454704,99.64451,100.63673,100.302986
MIT,b1c22,7,100.19792,100.4407,97.90236,101.32753,100.30329
MIT,b1c22,8,100.20893,101.44576,99.487656,100.058136,100.27822
MIT,b1c22,9,100.223595,101.44965,99.67626,100.74839,100.28001
MIT,b1c22,10,100.2361,97.77112,99.51498,100.90629,100.288124
MIT,b1c22,11,100.242714,101.43818,99.71677,100.727036,100.25766
MIT,b1c22,12,100.24545,97.7553,99.50121,100.868546,100.28003
MIT,b1c22,13,100.24645,100.38192,97.87856,101.311,100.286125
MIT,b1c22,14,100.259186,100.239716,99.64212,100.87865,100.331924
MIT,b1c22,15,100.26116,101.45813,99.68666,100.87223,100.34368
MIT,b1c22,16,100.26935,100.20535,99.624306,100.89636,100.34307
MIT,b1c22,17,100.26651,97.71423,98.36194,100.82572,100.367195
MIT,b1c22,18,100.270294,97.71422,98.62575,100.74293,100.36971
MIT,b1c22,19,100.26779,101.42854,99.68937,100.6318,100.36022
MIT,b1c22,20,100.272736,101.44119,99.685905,100.76647,100.37343
MIT,b1c22,21,100.27951,97.69172,96.86261,100.62206,100.36857
MIT,b1c22,22,100.28442,100.22624,97.73012,101.299164,100.29845
MIT,b1c22,23,100.17363,100.13784,99.70092,100.76534,100.30773
MIT,b1c22,24,100.28847,100.15577,99.71592,100.77423,100.296745
MIT,b1c22,25,100.28399,101.43906,99.59872,100.36851,100.3139
MIT,b1c22,26,100.28416,101.40748,99.49063,100.27889,100.35724
MIT,b1c22,27,100.28833,100.163704,99.66936,100.746376,100.359924
MIT,b1c22,28,100.2862,101.39814,99.54056,100.39051,100.380516
MIT,b1c22,29,100.28772,100.10608,97.90361,101.28165,100.318245
MIT,b1c22,30,100.27744,100.123436,99.68725,100.73016,100.3076
MIT,b1c22,31,100.28201,101.39439,99.71015,100.44766,100.29866
MIT,b1c22,32,100.28104,97.63357,99.55593,100.74185,100.32455
MIT,b1c22,33,100.277855,100.1269,99.67372,100.65925,100.296745
MIT,b1c22,34,100.2805,100.14714,99.68546,100.83414,100.31354
MIT,b1c22,35,100.27901,97.61928,99.52034,100.809586,100.31105
MIT,b1c22,36,100.27696,97.620384,97.091255,100.53858,100.3109
MIT,b1c22,37,100.2743,97.61079,99.467316,100.79385,100.31435
MIT,b1c22,38,100.27482,99.97974,97.81454,101.17158,100.32097
MIT,b1c22,39,100.27279,100.09525,99.67725,100.770134,100.31761
MIT,b1c22,40,100.26973,101.38159,99.719536,100.46372,100.32028
MIT,b1c22,41,100.268684,97.56919,99.46315,100.62951,100.319824
MIT,b1c22,42,100.26325,101.38483,99.677666,100.58813,100.34495
MIT,b1c22,43,100.26345,100.05924,99.651794,100.83072,100.298676
MIT,b1c22,44,100.26271,101.35823,99.57714,100.04178,100.355896
MIT,b1c22,45,100.25844,101.35671,99.62768,100.347786,100.36728
MIT,b1c22,46,100.2585,101.37375,99.69891,100.50323,100.34718
MIT,b1c22,47,100.25466,101.37641,99.680145,100.5147,100.305214
MIT,b1c22,48,100.25224,100.0134,99.622925,100.58465,100.29902
MIT,b1c22,49,100.28924,100.19043,97.50999,100.92288,100.15995
MIT,b1c22,50,100.31597,100.23293,99.66808,100.56767,100.16172
MIT,b1c22,51,100.333786,97.907005,99.226135,100.56497,100.15692
MIT,b1c22,52,100.34218,97.93621,99.42613,100.694466,100.131775
MIT,b1c22,53,100.234,97.93437,99.01621,100.43777,100.12671
MIT,b1c22,54,100.28837,101.381516,98.459564,99.832855,100.22651
MIT,b1c22,55,100.2484,97.439026,99.49842,100.58406,100.30923
MIT,b1c22,56,100.2437,99.56789,97.77346,101.14385,100.29565
MIT,b1c22,57,100.23744,97.40713,97.09881,100.31871,100.3051
MIT,b1c22,58,100.23648,99.91045,99.71624,100.52434,100.3083
MIT,b1c22,59,100.23888,97.39406,97.16086,100.251465,100.303566
MIT,b1c22,60,100.23288,97.38338,99.51253,100.58675,100.309685
MIT,b1c22,61,100.2339,99.92074,99.649666,100.61382,100.30545
MIT,b1c22,62,100.23138,99.89406,99.657745,100.48213,100.30837
MIT,b1c22,63,100.23184,97.357185,97.32242,100.21752,100.30837
MIT,b1c22,64,100.22631,99.45747,97.65568,101.08666,100.30087
MIT,b1c22,65,100.22324,99.89077,99.70623,100.55589,100.30133
MIT,b1c22,66,100.21998,99.39924,97.69003,101.0845,100.283966
MIT,b1c22,67,100.21464,99.38909,97.499565,101.13521,100.281746
MIT,b1c22,68,100.21502,99.84692,99.70388,100.383835,100.27306
MIT,b1c22,69,100.20958,99.84041,99.703354,100.414474,100.29142
MIT,b1c22,70,100.207726,101.27188,99.60671,99.85262,100.290665
MIT,b1c22,71,100.20506,97.30794,99.362404,100.4405,100.28305
MIT,b1c22,72,100.20381,101.26069,99.714966,100.203964,100.281494
MIT,b1c22,73,100.198654,101.261894,99.70731,100.27687,100.27834
MIT,b1c22,74,100.197395,97.28361,99.25618,100.335075,100.281494
MIT,b1c22,75,100.19409,99.27399,97.65021,101.06137,100.27304
MIT,b1c22,76,100.189705,97.278366,99.4843,100.33035,100.268295
MIT,b1c22,77,100.18504,99.81833,99.68464,100.41533,100.27536
MIT,b1c22,78,100.182304,99.21884,97.69637,101.010025,100.26863
MIT,b1c22,79,100.177986,97.25371,99.541466,100.42843,100.30091
MIT,b1c22,80,100.17652,99.768456,99.63241,100.55094,100.27506
MIT,b1c22,81,100.17419,101.2587,99.63886,99.72335,100.27506
MIT,b1c22,82,100.173706,97.230576,99.55298,100.38125,100.27304
MIT,b1c22,83,100.05835,101.22302,99.713776,100.18574,100.28054
MIT,b1c22,84,100.170944,99.13172,97.77808,100.96867,100.23858
MIT,b1c22,85,100.1698,101.23158,99.636215,100.0046,100.259476
MIT,b1c22,86,100.1673,101.222206,99.71447,100.19127,100.2697
MIT,b1c22,87,100.1664,97.186615,99.245705,100.294586,100.279
MIT,b1c22,88,100.16348,99.75614,99.68958,100.44629,100.24018
MIT,b1c22,89,100.16013,99.728195,99.71781,100.38241,100.27268
MIT,b1c22,90,100.1569,99.742516,99.716965,100.32514,100.2579
MIT,b1c22,91,100.15854,101.20311,99.70437,100.10004,100.27413
MIT,b1c22,92,100.16156,99.00617,97.703705,100.840294,100.27431
MIT,b1c22,93,100.15633,99.00182,97.72932,100.78236,100.26954
MIT,b1c22,94,100.15214,99.72887,99.696396,100.42571,100.2579
MIT,b1c22,95,100.14849,99.67707,99.716705,100.30646,100.225494
MIT,b1c22,96,100.14562,101.21176,99.64863,99.92259,100.262764
MIT,b1c22,97,100.13984,98.93916,97.60606,100.90196,100.233055
MIT,b1c22,98,100.135414,98.90535,97.6514,100.88423,100.23854
MIT,b1c22,99,100.133675,97.10018,98.18716,100.0617,100.23344
MIT,b1c22,100,100.13166,98.876,97.62062,100.836624,100.22457
MIT,b1c22,101,100.13088,101.17721,99.63035,99.833,100.239624
MIT,b1c22,102,100.12873,98.83795,97.66472,100.80264,100.229
MIT,b1c22,103,100.12597,98.83443,97.54573,100.86732,100.223694
MIT,b1c22,104,100.122475,99.6286,99.72807,100.231514,100.218346
MIT,b1c22,105,100.11782,99.6014,99.717026,100.176506,100.17413
MIT,b1c22,106,100.11125,99.60867,99.73023,100.13257,100.21004
MIT,b1c22,107,100.114525,98.83101,97.62805,100.73132,100.21308
MIT,b1c22,108,100.11047,101.18138,99.658,100.04124,100.20717
MIT,b1c22,109,100.10592,98.7726,97.50568,100.77515,100.223076
MIT,b1c22,110,100.10181,99.6291,99.72035,100.26044,100.22747
MIT,b1c22,111,100.09655,97.04035,99.54266,100.24205,100.17365
MIT,b1c22,112,100.09425,99.597885,99.725555,100.23458,100.216286
MIT,b1c22,113,99.97743,97.03992,99.52574,100.18028,100.20359
MIT,b1c22,114,100.088234,99.626236,99.70614,100.33417,100.211685
MIT,b1c22,115,100.08538,99.58708,99.68207,100.3339,100.214676
MIT,b1c22,116,100.08343,97.0178,99.4187,100.17203,100.21577
MIT,b1c22,117,100.07996,99.609955,99.72736,100.37524,100.22179
MIT,b1c22,118,100.077354,101.14075,99.6676,100.155426,100.20757
MIT,b1c22,119,100.076225,98.71749,97.51276,100.49789,100.20483
MIT,b1c22,120,100.077194,99.5793,99.69082,100.220474,100.196815
MIT,b1c22,121,100.07391,98.70655,97.49757,100.73744,100.19056
MIT,b1c22,122,100.069145,101.13176,99.68201,99.98664,100.18747
MIT,b1c22,123,100.0655,96.99371,99.5011,100.21827,100.202484
MIT,b1c22,124,100.0615,99.56169,99.709,100.26679,100.17913
MIT,b1c22,125,100.06168,96.96913,99.495544,100.23931,100.195206
MIT,b1c22,126,100.054886,101.113396,99.68199,100.096436,100.18138
MIT,b1c22,127,100.05263,101.1109,99.63947,99.94763,100.19197
MIT,b1c22,128,100.052055,96.95738,99.516304,100.13291,100.173935
MIT,b1c22,129,100.04262,101.1141,99.70177,100.04875,100.1812
MIT,b1c22,130,100.0392,99.54647,99.706,100.321396,100.14189
MIT,b1c22,131,100.03769,96.931885,99.43828,100.34834,100.148056
MIT,b1c22,132,100.0376,96.91953,99.449,100.22218,100.13719
MIT,b1c22,133,100.03107,96.91649,99.14148,100.21826,100.13858
MIT,b1c22,134,100.031685,101.10243,99.71085,100.01069,100.170296
MIT,b1c22,135,100.034035,101.102844,99.66678,99.84236,100.14486
MIT,b1c22,136,100.028595,98.46534,97.6602,100.56151,100.15553
MIT,b1c22,137,100.02432,98.45778,97.49113,100.53704,100.164474
MIT,b1c22,138,100.02368,99.51498,99.69059,100.24061,100.13172
MIT,b1c22,139,100.02184,99.4747,99.7039,100.121124,100.15926
MIT,b1c22,140,100.01781,101.1053,99.6635,100.014595,100.117065
MIT,b1c22,141,100.0057,99.481094,99.70613,100.28759,100.019745
MIT,b1c22,142,100.00881,102.81583,99.64735,95.47896,120.99905
MIT,b1c22,143,99.89889,99.54559,99.70328,100.173386,100.151054
MIT,b1c22,144,100.00782,99.50308,99.68771,100.19665,100.141365
MIT,b1c22,145,100.00406,99.494385,99.70414,100.16155,100.10437
MIT,b1c22,146,99.999916,99.45072,99.70126,100.2062,100.13599
MIT,b1c22,147,99.99682,98.36166,97.384995,100.43303,100.15923
MIT,b1c22,148,99.99306,96.83825,98.62113,100.184105,100.17329
MIT,b1c22,149,99.98939,99.43236,99.68969,100.25854,100.17316
MIT,b1c22,150,99.98679,101.07942,99.66677,100.00981,100.15653
MIT,b1c22,151,99.981316,98.309814,97.67813,100.41769,100.14922
MIT,b1c22,152,99.98175,96.811905,99.50787,100.1885,100.1468
MIT,b1c22,153,99.9754,101.07449,99.66069,99.91441,100.13814
MIT,b1c22,154,99.97003,101.04645,99.64526,99.91817,100.12412
MIT,b1c22,155,99.97136,98.25528,97.25265,100.20666,100.12881
MIT,b1c22,156,99.9648,99.440186,99.690445,100.15667,100.059944
MIT,b1c22,157,99.95976,96.78771,99.42538,100.12574,100.11141
MIT,b1c22,158,99.96081,99.39639,99.68913,100.21082,100.10453
MIT,b1c22,159,99.95667,101.06241,99.65472,99.89611,100.02792
MIT,b1c22,160,99.958046,99.46691,99.69076,100.227486,100.01732
MIT,b1c22,161,99.96016,99.49156,99.68602,100.20402,100.055695
MIT,b1c22,162,99.9752,99.568375,99.6754,100.25453,100.01156
MIT,b1c22,163,99.98204,101.12183,99.6567,100.15043,99.98113
MIT,b1c22,164,99.97824,99.519035,99.66867,100.17529,99.936035
MIT,b1c22,165,99.96497,98.37514,97.502655,99.883675,99.98911
MIT,b1c22,166,99.94579,96.77592,99.520546,100.03146,100.06212
MIT,b1c22,167,99.93596,99.41269,99.700676,100.08737,99.994896
MIT,b1c22,168,99.92996,98.20826,97.60187,100.06231,100.02984
MIT,b1c22,169,99.94573,96.88369,99.42785,100.295906,99.99682
MIT,b1c22,170,99.958496,98.559875,97.54259,100.15552,99.95506
MIT,b1c22,171,99.96746,98.64534,97.77748,99.81751,99.982834
MIT,b1c22,172,99.97092,101.12555,99.56695,100.01758,99.937256
MIT,b1c22,173,99.855995,98.66608,97.73443,99.96664,99.93089
MIT,b1c22,174,99.96357,99.51626,99.68455,100.036285,99.94152
MIT,b1c22,175,99.9524,96.92355,99.49212,100.23904,99.973625
MIT,b1c22,176,99.940475,98.25878,97.58068,100.054756,100.02217
MIT,b1c22,177,99.91364,98.031296,97.481895,99.825966,100.0526
MIT,b1c22,178,99.91162,98.0189,97.55998,99.89529,100.07232
MIT,b1c22,179,99.904594,98.00121,97.36405,100.25579,100.04829
MIT,b1c22,180,99.8995,97.98798,97.108315,99.77858,100.04319
MIT,b1c22,181,99.898605,97.98261,97.442764,100.15186,100.0394
MIT,b1c22,182,99.89157,99.28583,99.69771,99.87944,100.03187
MIT,b1c22,183,99.893906,99.280655,99.7146,100.0464,99.98576
MIT,b1c22,184,99.88517,99.2815,99.71179,100.151146,99.970116
MIT,b1c22,185,99.87946,99.32248,99.68514,100.16587,99.96982
MIT,b1c22,186,99.88069,100.974655,99.65078,99.85686,99.92616
MIT,b1c22,187,99.87946,98.006,97.459656,99.71603,99.93301
MIT,b1c22,188,99.879814,99.33107,99.69549,100.01951,99.91076
MIT,b1c22,189,99.89136,99.389336,99.683754,99.963455,99.902214
MIT,b1c22,190,99.904686,99.48814,99.64465,100.26221,99.88802
MIT,b1c22,191,99.90492,99.44208,99.65913,100.06551,99.8386
MIT,b1c22,192,99.89159,101.04317,99.60256,99.73126,99.85573
MIT,b1c22,193,99.87605,100.99443,99.641205,99.69104,99.9096
MIT,b1c22,194,99.86207,96.63184,98.855064,99.891426,99.91354
MIT,b1c22,195,99.84768,96.62656,99.49899,100.00004,99.87786
MIT,b1c22,196,99.85875,98.12017,97.596146,99.65017,99.80665
MIT,b1c22,197,99.87994,101.074356,99.635445,100.017624,99.88188
MIT,b1c22,198,99.89595,96.97378,99.35838,100.11333,99.81801
MIT,b1c22,199,99.90096,99.53425,99.59715,100.10823,99.81946
MIT,b1c22,200,99.90566,99.53739,99.61505,99.732605,99.7962
MIT,b1c22,201,99.90287,101.07754,99.545685,100.0488,99.80267
MIT,b1c22,202,99.89724,97.0014,99.421295,100.15028,99.81413
MIT,b1c22,203,99.87748,99.46165,99.65995,99.94383,99.79947
MIT,b1c22,204,99.8591,96.75036,99.36176,99.97659,99.89184
MIT,b1c22,205,99.823555,99.22373,99.70022,99.88139,99.96189
MIT,b1c22,206,99.81357,97.79928,97.50261,99.914276,99.9235
MIT,b1c22,207,99.8077,96.59472,97.877815,99.47412,99.92396
MIT,b1c22,208,99.80132,99.218605,99.69832,100.0423,99.890564
MIT,b1c22,209,99.79849,99.18685,99.68505,99.949974,99.90333
MIT,b1c22,210,99.79252,97.7306,97.64004,100.20375,99.88725
MIT,b1c22,211,99.78942,100.94027,99.63665,99.7971,99.88056
MIT,b1c22,212,99.78574,100.93613,99.59632,99.4902,99.861824
MIT,b1c22,213,99.780876,97.70977,97.544,100.45351,99.84809
MIT,b1c22,214,99.78605,99.218994,99.65176,99.66775,99.80383
MIT,b1c22,215,99.79047,97.83426,97.53825,99.41375,99.77392
MIT,b1c22,216,99.79276,97.974976,97.64027,100.104996,99.75021
MIT,b1c22,217,99.80404,96.79101,99.357796,99.84842,99.78931
MIT,b1c22,218,99.81577,99.37578,99.615105,99.857834,99.69956
MIT,b1c22,219,99.808205,98.056625,97.76362,99.12708,99.66563
MIT,b1c22,220,99.78537,99.238716,99.6875,99.79816,99.798645
MIT,b1c22,221,99.762764,99.15174,99.691536,99.90176,99.85227
MIT,b1c22,222,99.75637,99.14173,99.696556,99.75215,99.90096
MIT,b1c22,223,99.74634,97.64447,97.60476,100.23578,99.73697
MIT,b1c22,224,99.75624,100.94074,99.583534,99.691536,99.7871
MIT,b1c22,225,99.7679,99.28524,99.63516,100.03374,99.755295
MIT,b1c22,226,99.77571,101.01919,99.57299,99.84392,99.76547
MIT,b1c22,227,99.78129,98.10805,97.79515,99.788315,99.65052
MIT,b1c22,228,99.77729,96.78113,99.35559,99.98819,99.66591
MIT,b1c22,229,99.77014,100.977425,99.57918,99.65416,99.65532
MIT,b1c22,230,99.76102,98.002625,97.78998,99.89695,99.638145
MIT,b1c22,231,99.75248,97.818565,97.676796,100.03021,99.773476
MIT,b1c22,232,99.72138,97.516754,97.61646,100.50017,99.814384
MIT,b1c22,233,99.7106,97.50112,97.38896,100.569954,99.83479
MIT,b1c22,234,99.704605,99.09208,99.67474,99.99452,99.76672
MIT,b1c22,235,99.69646,96.49122,99.31875,99.77666,99.83471
MIT,b1c22,236,99.69651,97.47277,97.52446,100.45798,99.78395
MIT,b1c22,237,99.69158,99.08056,99.67714,99.980446,99.777374
MIT,b1c22,238,99.68441,99.082085,99.67714,99.9844,99.79106
MIT,b1c22,239,99.68372,96.4533,99.28058,99.7334,99.76117
MIT,b1c22,240,99.678986,96.47996,99.30957,100.03012,99.78275
MIT,b1c22,241,99.67702,100.89006,99.608345,99.5557,99.73608
MIT,b1c22,242,99.6776,97.563774,97.68809,100.092834,99.59511
MIT,b1c22,243,99.675476,100.93506,99.58305,99.54961,99.69389
MIT,b1c22,244,99.68234,100.95276,99.55474,99.74304,99.63721
MIT,b1c22,245,99.69483,100.976814,99.50545,99.62208,99.673836
MIT,b1c22,246,99.69813,100.97057,99.538246,99.68588,99.54223
MIT,b1c22,247,99.680984,97.73004,97.82726,99.58649,99.6519
MIT,b1c22,248,99.6622,96.505226,99.45428,99.75592,99.65382
MIT,b1c22,249,99.64161,100.88908,99.60306,99.5689,99.72469
MIT,b1c22,250,99.6369,97.412445,97.62231,100.13319,99.702835
MIT,b1c22,251,99.63436,96.507805,98.96198,99.842384,99.69378
MIT,b1c22,252,99.64759,96.619736,99.30837,99.7637,99.63896
MIT,b1c22,253,99.6628,96.67209,99.378204,99.90885,99.66402
MIT,b1c22,254,99.6666,100.959625,99.47731,99.845924,99.58111
MIT,b1c22,255,99.66591,99.26409,99.56041,99.938385,99.56784
MIT,b1c22,256,99.666534,96.73324,99.29075,100.010574,99.520584
MIT,b1c22,257,99.65717,99.245544,99.58277,99.90927,99.52575
MIT,b1c22,258,99.65478,96.70595,99.39274,99.74454,99.52346
MIT,b1c22,259,99.63306,96.55992,99.43851,99.79005,99.63572
MIT,b1c22,260,99.60453,97.36166,97.76935,100.60679,99.71592
MIT,b1c22,261,99.59851,96.43099,99.48243,99.64306,99.70823
MIT,b1c22,262,99.591484,96.44354,99.3175,99.733635,99.710915
MIT,b1c22,263,99.5886,97.334305,97.46771,100.65815,99.755684
MIT,b1c22,264,99.58841,97.332756,97.6669,100.532295,99.73144
MIT,b1c22,265,99.578545,97.31802,97.67244,100.597595,99.73186
MIT,b1c22,266,99.57319,99.05991,99.65506,99.98668,99.62887
MIT,b1c22,267,99.56798,100.86158,99.615906,99.589,99.63772
MIT,b1c22,268,99.5639,99.025375,99.62935,99.80925,99.67362
MIT,b1c22,269,99.56118,99.00687,99.62981,99.58413,99.68258
MIT,b1c22,270,99.55495,100.86214,99.6502,99.30422,99.57974
MIT,b1c22,271,99.55113,100.843285,99.60607,99.5217,99.59792
MIT,b1c22,272,99.561485,100.88868,99.55677,99.64884,99.53791
MIT,b1c22,273,99.56851,100.90845,99.585754,99.38341,99.578384
MIT,b1c22,274,99.55931,97.48876,97.82403,100.18301,99.59469
MIT,b1c22,275,99.5411,96.43033,99.486046,99.63741,99.608696
MIT,b1c22,276,99.530785,99.05836,99.660126,99.807556,99.65983
MIT,b1c22,277,99.524666,100.8645,99.60105,99.53427,99.68234
MIT,b1c22,278,99.51606,100.87324,99.56728,99.52281,99.62742
MIT,b1c22,279,99.52265,100.87783,99.53284,99.57878,99.556694
MIT,b1c22,280,99.52966,96.57321,99.189415,99.64776,99.585
MIT,b1c22,281,99.543106,100.905136,99.40379,99.47929,99.47946
MIT,b1c22,282,99.54586,100.94547,99.40446,99.78792,99.45291
MIT,b1c22,283,99.553925,100.94135,99.3868,99.55101,99.46855
MIT,b1c22,284,99.55904,96.739075,99.08498,99.76436,99.478836
MIT,b1c22,285,99.5564,99.24986,99.4721,99.75574,99.457375
MIT,b1c22,286,99.55666,99.247475,99.5807,99.61841,99.46048
MIT,b1c22,287,99.52527,96.54092,99.3866,99.733086,99.55253
MIT,b1c22,288,99.49275,99.004585,99.64305,99.82457,99.57225
MIT,b1c22,289,99.47972,96.39536,99.41394,99.631805,99.669464
MIT,b1c22,290,99.473206,97.25885,97.783714,100.47648,99.679886
MIT,b1c22,291,99.4676,97.24999,97.723785,100.474434,99.65699
MIT,b1c22,292,99.465996,97.26104,97.71513,100.15152,99.63956
MIT,b1c22,293,99.45873,96.39618,99.30728,99.61312,99.670456
MIT,b1c22,294,99.4503,96.421326,99.3602,99.49251,99.65837
MIT,b1c22,295,99.44847,99.01953,99.64061,99.85997,99.663475
MIT,b1c22,296,99.44064,100.82896,99.51752,99.450714,99.66278
MIT,b1c22,297,99.441605,97.21496,97.78391,99.91371,99.61275
MIT,b1c22,298,99.43465,100.86189,99.55272,99.45415,99.62556
MIT,b1c22,299,99.434456,100.8445,99.5649,99.61338,99.589
MIT,b1c22,300,99.43204,97.28881,97.72083,100.372246,99.56179
MIT,b1c22,301,99.430244,98.98042,99.62479,99.7399,99.65905
MIT,b1c22,302,99.42461,97.24205,97.78282,100.29279,99.60441
MIT,b1c22,303,99.421265,100.802734,99.58371,99.5648,99.592354
MIT,b1c22,304,99.4124,96.398796,98.23829,99.5659,99.6217
MIT,b1c22,305,99.40937,99.00382,99.620155,99.91996,99.5952
MIT,b1c22,306,99.40246,98.97312,99.626175,99.79124,99.563324
MIT,b1c22,307,99.40436,96.41219,99.230736,99.56815,99.61002
MIT,b1c22,308,99.40794,99.03902,99.61096,99.77143,99.56306
MIT,b1c22,309,99.41125,99.06187,99.55281,99.9185,99.54334
MIT,b1c22,310,99.412254,99.13318,99.556526,99.86285,99.52651
MIT,b1c22,311,99.409,96.54405,99.28169,99.58473,99.44555
MIT,b1c22,312,99.4086,97.49559,97.87757,100.12503,99.48367
MIT,b1c22,313,99.40626,96.57073,99.2695,99.77497,99.46844
MIT,b1c22,314,99.396515,100.8352,99.59502,99.45018,99.54289
MIT,b1c22,315,99.37016,98.92844,99.61266,99.82783,99.51931
MIT,b1c22,316,99.361435,97.07031,97.71536,100.4847,99.59003
MIT,b1c22,317,99.35741,96.309845,98.92493,99.365555,99.56179
MIT,b1c22,318,99.35322,98.913795,99.645424,99.39097,99.591675
MIT,b1c22,319,99.34675,100.80047,99.50948,99.40592,99.585625
MIT,b1c22,320,99.33985,100.80826,99.56625,99.38056,99.5494
MIT,b1c22,321,99.33658,98.91021,99.64061,99.396255,99.54448
MIT,b1c22,322,99.33267,96.2819,98.91377,99.4906,99.54793
MIT,b1c22,323,99.325165,98.89059,99.60867,99.74821,99.4831
MIT,b1c22,324,99.32184,98.86818,99.5833,99.5551,99.52832
MIT,b1c22,325,99.316444,96.26757,99.4438,99.32182,99.50349
MIT,b1c22,326,99.31968,99.03899,99.39778,99.847664,99.45473
MIT,b1c22,327,99.38433,99.300224,99.05892,99.84553,99.40554
MIT,b1c22,328,99.40591,98.444626,98.433205,98.92889,99.12392
MIT,b1c22,329,99.43552,98.471466,98.43363,98.632904,99.041084
MIT,b1c22,330,99.42609,99.445404,98.89398,99.81898,99.08685
MIT,b1c22,331,99.40931,97.001526,98.25594,99.76323,99.12714
MIT,b1c22,332,99.41181,96.98192,98.468925,99.89005,99.07671
MIT,b1c22,333,99.40873,99.36997,99.05969,99.52096,99.074425
MIT,b1c22,334,99.425,99.502594,98.75212,99.68228,99.0819
MIT,b1c22,335,99.447174,99.58275,98.723206,99.410965,99.073044
MIT,b1c22,336,99.411194,99.71821,98.1924,99.325554,99.230995
MIT,b1c22,337,99.47368,99.70765,98.057655,99.40474,99.1374
MIT,b1c22,338,99.489555,101.16254,96.81572,98.371376,99.17891
MIT,b1c22,339,99.46638,101.20482,96.62281,98.66744,99.236534
MIT,b1c22,340,99.40954,99.80657,97.87876,98.87266,99.42545
MIT,b1c22,341,99.47698,99.80214,98.09854,99.436264,99.173004
MIT,b1c22,342,99.46292,101.12789,97.67796,99.037575,99.09195
MIT,b1c22,343,99.4281,98.779434,97.448784,98.138,99.04965
MIT,b1c22,344,99.40046,97.103676,97.451004,99.085724,99.04528
MIT,b1c22,345,99.37805,101.00526,98.75284,99.28639,99.08912
MIT,b1c22,346,99.34233,99.41978,98.866234,99.74132,99.11091
MIT,b1c22,347,99.34744,99.38205,98.82807,99.71777,99.06421
MIT,b1c22,348,99.343864,100.95915,98.46989,99.09511,99.07148
MIT,b1c22,349,99.335785,96.930016,98.32554,99.59901,99.043594
MIT,b1c22,350,99.33337,99.34605,98.88334,99.76331,99.00468
MIT,b1c22,351,99.33024,99.32473,98.83942,99.708305,99.067955
MIT,b1c22,352,99.32697,99.367615,98.76557,99.7141,99.08857
MIT,b1c22,353,99.31784,98.20771,98.43073,98.83801,99.01537
MIT,b1c22,354,99.203384,98.2154,98.34403,98.8868,99.06716
MIT,b1c22,355,99.3159,100.99335,98.702545,99.518074,99.05493
MIT,b1c22,356,99.294174,99.40827,98.574234,99.70465,99.0313
MIT,b1c22,357,99.31008,96.969826,97.9203,99.618614,99.0823
MIT,b1c22,358,99.29435,99.3652,98.80216,99.67408,99.068344
MIT,b1c22,359,99.28601,98.15539,98.309,99.27545,99.049194
MIT,b1c22,360,99.256874,98.13023,98.40189,99.223434,99.04549
MIT,b1c22,361,99.2368,98.21605,98.38649,98.89569,98.94402
MIT,b1c22,362,99.2821,97.02339,97.146706,99.58173,99.07495
MIT,b1c22,363,99.2986,99.50525,98.22238,99.54207,99.030014
MIT,b1c22,364,99.28792,98.740326,98.13876,98.06952,99.03746
MIT,b1c22,365,99.30338,98.83346,97.87356,97.97248,99.06253
MIT,b1c22,366,99.318535,98.87353,97.60323,97.85701,98.982
MIT,b1c22,367,99.31715,98.93262,97.03281,97.806015,99.02964
MIT,b1c22,368,99.32185,101.1,96.63725,98.73209,99.03499
MIT,b1c22,369,99.322075,101.10141,97.04579,98.906746,99.009
MIT,b1c22,370,99.25771,99.54847,98.17045,99.59475,99.02091
MIT,b1c22,371,99.25015,99.45914,98.57185,99.63278,99.035934
MIT,b1c22,372,99.241486,97.00083,97.64568,99.58423,99.1002
MIT,b1c22,373,99.223404,99.41502,98.68211,99.80313,99.05001
MIT,b1c22,374,99.211784,98.19827,98.414665,98.95562,99.04154
MIT,b1c22,375,99.20355,99.26508,98.81702,99.755066,99.01573
MIT,b1c22,376,99.18188,99.33915,98.73238,99.74634,99.07725
MIT,b1c22,377,99.187,96.9117,97.777695,99.47837,99.08815
MIT,b1c22,378,99.18601,100.95355,98.85431,99.59062,99.08034
MIT,b1c22,379,99.18057,96.93167,97.536064,99.593414,99.09006
MIT,b1c22,380,99.18143,96.9405,97.7135,99.54209,99.065186
MIT,b1c22,381,99.15961,101.04598,98.693726,99.44876,99.05092
MIT,b1c22,382,99.16645,96.99427,97.42082,99.51379,99.13726
MIT,b1c22,383,99.18122,99.42548,98.35552,99.498146,99.11489
MIT,b1c22,384,99.06622,101.05164,98.618,99.46775,99.020874
MIT,b1c22,385,99.159706,101.02483,98.73508,99.567085,99.04793
MIT,b1c22,386,99.124306,98.283554,98.46487,98.55554,99.03832
MIT,b1c22,387,99.1395,96.90651,97.93167,99.61396,99.079285
MIT,b1c22,388,99.1311,100.914246,98.89263,99.51341,99.08859
MIT,b1c22,389,99.1309,98.201454,98.48575,98.449905,99.16094
MIT,b1c22,390,99.125725,97.054985,96.9213,99.43601,99.09815
MIT,b1c22,391,99.14757,101.05414,97.66571,99.06588,99.049934
MIT,b1c22,392,99.123634,97.23773,96.39316,99.24084,98.91014
MIT,b1c22,393,99.17419,99.61796,98.13341,99.24054,99.01865
MIT,b1c22,394,99.12008,99.62777,97.923515,99.47497,99.01283
MIT,b1c22,395,99.1735,98.89739,96.46855,97.53472,99.02649
MIT,b1c22,396,99.16317,97.31159,95.844284,98.37242,99.06516
MIT,b1c22,397,99.144554,98.8033,97.87483,97.898705,98.99805
MIT,b1c22,398,99.07549,101.11233,97.943665,99.10356,98.96288
MIT,b1c22,399,99.102516,99.43523,98.60681,99.37567,98.951164
MIT,b1c22,400,99.0897,99.29507,98.51832,99.623604,99.059746
MIT,b1c22,401,99.06805,96.90568,97.58761,99.560974,99.08988
MIT,b1c22,402,99.048996,100.99999,98.68531,99.502815,99.041756
MIT,b1c22,403,99.05225,98.0648,98.41022,98.933754,99.00524
MIT,b1c22,404,99.03671,100.98784,98.78466,99.49416,99.06776
MIT,b1c22,405,98.999016,99.26403,98.65886,99.57806,98.90577
MIT,b1c22,406,99.024475,99.27922,98.68367,99.64216,99.03941
MIT,b1c22,407,98.99641,96.91296,97.428345,99.51202,98.981445
MIT,b1c22,408,98.99463,96.92397,97.093636,99.39766,98.94556
MIT,b1c22,409,99.028206,99.34628,98.439354,99.66224,99.06811
MIT,b1c22,410,99.01362,96.99593,96.868004,99.41797,98.944466
MIT,b1c22,411,99.042625,99.39233,98.31781,99.42936,99.091995
MIT,b1c22,412,99.043594,99.41213,98.25178,99.45177,98.97115
MIT,b1c22,413,99.02967,99.34095,98.23016,99.51384,98.97039
MIT,b1c22,414,98.989456,99.26725,98.4679,99.37348,98.86902
MIT,b1c22,415,98.95899,99.267136,98.68115,99.62213,98.90286
MIT,b1c22,416,98.94839,99.234566,98.68546,99.53058,98.78082
MIT,b1c22,417,98.972115,99.28464,98.458725,99.53839,99.01637
MIT,b1c22,418,98.97197,98.34516,98.29727,98.064384,98.81398
MIT,b1c22,419,98.962944,98.5455,97.83857,97.85052,98.87973
MIT,b1c22,420,98.98401,101.07549,98.01546,99.25606,98.895966
MIT,b1c22,421,99.015434,98.67609,96.635025,97.68549,98.94059
MIT,b1c22,422,98.99209,99.537735,98.02046,99.19727,98.92947
MIT,b1c22,423,99.01069,97.22515,95.30489,98.842705,98.98447
MIT,b1c22,424,99.00226,99.50435,98.28413,99.27749,98.923805
MIT,b1c22,425,98.964424,99.44122,98.28744,99.37598,98.85034
MIT,b1c22,426,98.93042,99.354355,98.40483,99.548454,98.823235
MIT,b1c22,427,98.90365,101.032646,98.70045,99.26256,98.84589
MIT,b1c22,428,98.88901,98.00384,98.35584,98.809845,98.8188
MIT,b1c22,429,98.879074,97.92021,98.3855,98.934654,98.944405
MIT,b1c22,430,98.88732,99.19921,98.73665,99.59947,99.08393
MIT,b1c22,431,98.88409,97.8825,98.45697,98.945404,98.9207
MIT,b1c22,432,98.85522,100.94398,98.731384,99.3188,98.8248
MIT,b1c22,433,98.81429,97.92169,98.38789,98.86467,98.99779
MIT,b1c22,434,98.84468,97.898926,98.44954,98.763725,98.92638
MIT,b1c22,435,98.83928,99.22255,98.85681,99.44947,98.85447
MIT,b1c22,436,98.82392,96.81832,97.12349,99.31288,98.85153
MIT,b1c22,437,98.82169,101.00323,98.73717,99.13566,98.84625
MIT,b1c22,438,98.85891,99.30125,98.52456,99.51232,98.96754
MIT,b1c22,439,98.859375,96.95854,96.8405,99.49099,98.9191
MIT,b1c22,440,98.848434,99.27163,98.35648,99.373955,98.79681
MIT,b1c22,441,98.806625,98.00815,98.30546,98.52419,98.844246
MIT,b1c22,442,98.787415,96.81615,97.587746,99.242516,98.85272
MIT,b1c22,443,98.81504,100.89381,98.74907,99.33692,98.921265
MIT,b1c22,444,98.800545,97.835846,98.45119,98.70027,98.911606
MIT,b1c22,445,98.66855,99.20133,98.391304,99.387314,98.77663
MIT,b1c22,446,98.81961,100.95988,98.4274,99.24743,99.0198
MIT,b1c22,447,98.811264,100.99281,98.20579,99.219666,98.89761
MIT,b1c22,448,98.82843,98.30307,97.97066,98.05766,99.01469
MIT,b1c22,449,98.81832,99.40274,98.306496,99.29446,98.882744
MIT,b1c22,450,98.778336,101.0618,97.08744,98.92263,98.79281
MIT,b1c22,451,98.79115,97.059044,95.38583,98.688095,98.72429
MIT,b1c22,452,98.80783,99.40559,98.17932,99.42239,98.85966
MIT,b1c22,453,98.782974,101.020035,97.38736,98.78438,98.79645
MIT,b1c22,454,98.75932,99.29442,98.75493,99.519264,98.82837
MIT,b1c22,455,98.7387,100.98247,98.5067,99.24197,98.96376
MIT,b1c22,456,98.713905,97.87787,98.442406,98.85327,98.857605
MIT,b1c22,457,98.7147,99.1581,98.67859,99.479515,98.81
MIT,b1c22,458,98.71666,99.152214,98.64889,99.57176,98.83288
MIT,b1c22,459,98.68919,100.96,98.7317,99.220345,98.80807
MIT,b1c22,460,98.68942,96.72634,97.39327,99.279076,98.829056
MIT,b1c22,461,98.68329,96.73846,97.38765,99.236565,98.81428
MIT,b1c22,462,98.65387,96.71285,97.361626,99.25613,98.66327
MIT,b1c22,463,98.629265,100.97324,98.65373,99.184235,98.67541
MIT,b1c22,464,98.61629,100.94754,98.401,99.17524,98.62435
MIT,b1c22,465,98.643265,99.13641,98.690834,99.48343,98.74961
MIT,b1c22,466,98.6195,100.96231,98.64654,99.25239,98.68147
MIT,b1c22,467,98.63903,96.716194,97.470276,99.28634,98.65607
MIT,b1c22,468,98.580696,100.970985,98.67867,99.42935,98.572174
MIT,b1c22,469,98.59691,99.10968,98.6441,99.45964,98.603874
MIT,b1c22,470,98.62156,97.67946,98.41074,99.14572,98.82623
MIT,b1c22,471,98.6227,96.69516,97.551926,99.35891,98.68521
MIT,b1c22,472,98.586945,96.6977,97.07092,98.96975,98.5887
MIT,b1c22,473,98.5952,99.14368,98.014915,99.22777,98.78434
MIT,b1c22,474,98.62479,96.974785,95.41845,99.27867,98.968216
MIT,b1c22,475,98.611465,97.06318,95.01409,98.91988,98.70293
MIT,b1c22,476,98.658585,101.031265,96.48558,98.16264,98.82732
MIT,b1c22,477,98.67335,97.232346,94.275764,98.11642,98.878006
MIT,b1c22,478,98.678085,101.08143,96.5811,98.44899,98.78875
MIT,b1c22,479,98.68937,101.02644,95.59423,97.49685,98.88721
MIT,b1c22,480,98.63419,101.11783,96.50008,97.920204,98.7187
MIT,b1c22,481,98.63616,98.6461,96.34402,97.265976,98.6165
MIT,b1c22,482,98.583435,99.404564,98.2779,99.12287,98.71123
MIT,b1c22,483,98.56085,96.90978,96.81013,99.121925,98.61974
MIT,b1c22,484,98.540794,96.83047,97.14209,99.37316,98.5975
MIT,b1c22,485,98.557,97.8452,98.432045,98.447586,98.642136
MIT,b1c22,486,98.494064,96.75841,97.17533,99.23749,98.55544
MIT,b1c22,487,98.50208,99.133,98.47355,99.40568,98.522064
MIT,b1c22,488,98.44548,98.60058,99.42912,99.03549,98.312195
MIT,b1c22,489,98.35111,96.16162,97.796486,100.341034,98.62252
MIT,b1c22,490,98.31312,97.752815,98.69405,97.2229,98.63381
MIT,b1c22,491,98.137596,93.51679,92.87722,95.58118,98.31976
MIT,b1c22,492,98.28379,96.021515,97.89736,100.37463,98.72855
MIT,b1c22,493,98.24197,100.62982,98.608955,99.49976,98.76925
MIT,b1c22,494,98.33354,96.32914,97.86076,100.30711,98.62549
MIT,b1c22,495,98.31381,95.93758,98.18598,99.1294,98.793724
MIT,b1c22,496,98.32119,98.511215,99.494934,99.19996,98.85021
MIT,b1c22,497,98.3213,98.48685,99.485596,99.11929,98.80507
MIT,b1c22,498,98.27505,98.50285,99.45701,99.01966,98.666435
MIT,b1c22,499,98.28103,100.63893,99.068794,98.32757,98.74074
MIT,b1c22,500,98.22763,95.85594,98.45203,98.50494,98.373985
MIT,b1c22,501,98.2859,100.63167,99.36971,99.23536,98.9593
MIT,b1c22,502,98.301346,98.586075,99.30037,99.304016,98.77561
MIT,b1c22,503,98.30064,96.61966,98.034454,100.092636,98.74186
MIT,b1c22,504,98.29402,96.20387,98.55437,98.99818,98.67508
MIT,b1c22,505,98.31065,96.27938,98.50822,98.841736,98.86557
MIT,b1c22,506,98.28592,96.992004,98.22617,99.84788,98.50068
MIT,b1c22,507,98.26851,96.30323,98.20447,99.064644,98.39787
MIT,b1c22,508,98.26253,98.893295,99.10764,99.11567,98.40621
MIT,b1c22,509,98.27119,100.814285,98.95398,99.06795,98.45019
MIT,b1c22,510,98.25544,98.684685,99.3403,99.37144,98.666985
MIT,b1c22,511,98.22117,95.980125,98.89696,99.04077,98.526825
MIT,b1c22,512,98.18459,100.63545,99.09906,98.84898,98.68506
MIT,b1c22,513,98.20606,98.50361,99.524185,99.19011,98.95437
MIT,b1c22,514,98.18188,100.6207,99.16203,98.711334,98.74479
MIT,b1c22,515,98.19884,95.94932,98.54536,98.49386,98.74783
MIT,b1c22,516,98.17879,98.44339,99.447914,99.1299,98.74203
MIT,b1c22,517,98.16011,95.88291,98.94877,99.24915,98.69949
MIT,b1c22,518,98.167694,95.95891,98.596466,98.65265,98.85887
MIT,b1c22,519,98.13291,96.14442,97.85753,100.39362,98.654655
MIT,b1c22,520,98.1489,96.13896,97.80367,100.06522,98.70943
MIT,b1c22,521,98.15724,100.59045,99.05892,98.89553,98.71829
MIT,b1c22,522,98.142815,96.28642,97.96698,100.3628,98.76185
MIT,b1c22,523,98.13152,98.57307,99.37136,99.241905,98.69107
MIT,b1c22,524,98.10386,96.33966,97.97322,100.30481,98.50649
MIT,b1c22,525,98.068054,98.434616,99.41665,98.81401,98.03276
MIT,b1c22,526,98.10238,100.57817,99.224304,98.67124,98.74511
MIT,b1c22,527,98.05942,95.85531,97.89505,98.54244,98.29668
MIT,b1c22,528,98.06961,95.89784,98.1103,98.51531,98.64038
MIT,b1c22,529,98.09061,95.99495,98.087654,98.5158,98.855095
MIT,b1c22,530,98.10227,98.52934,99.38776,99.28305,98.73017
MIT,b1c22,531,98.06589,96.54553,97.95538,100.01583,98.26693
MIT,b1c22,532,98.03584,98.64854,99.26203,98.913475,97.924904
MIT,b1c22,533,98.07367,96.19802,98.688126,98.90127,98.49315
MIT,b1c22,534,98.07793,100.71673,98.932655,98.77027,98.79183
MIT,b1c22,535,98.043304,96.698265,98.06036,100.05654,98.03075
MIT,b1c22,536,98.036934,98.623764,99.25397,98.99878,98.16409
MIT,b1c22,537,97.87241,96.61957,98.008224,100.061264,97.831856
MIT,b1c22,538,97.99784,98.42949,99.49133,98.97927,98.46146
MIT,b1c22,539,98.013084,95.87369,98.514084,98.592804,98.78971
MIT,b1c22,540,97.97006,100.600784,99.28547,98.630165,98.56743
MIT,b1c22,541,97.98589,95.824974,98.691246,98.30751,98.62886
MIT,b1c22,542,97.969055,95.82239,98.88368,98.58575,98.63675
MIT,b1c22,543,97.914314,98.33866,99.445885,98.65553,98.11857
MIT,b1c22,544,97.960815,100.53877,99.252655,97.781075,98.598404
MIT,b1c22,545,97.90763,95.753006,98.28177,98.10085,98.290215
MIT,b1c22,546,97.91731,100.578476,99.22355,98.65789,98.50066
MIT,b1c22,547,97.90928,98.36562,99.36124,98.815475,98.516754
MIT,b1c22,548,97.92403,95.84326,98.79075,98.60673,98.54574
MIT,b1c22,549,97.89676,98.348724,99.44745,98.87241,98.494644
MIT,b1c22,550,97.89013,95.83113,98.86097,98.83307,98.51908
MIT,b1c22,551,97.86211,98.42425,99.3788,98.6313,98.06738
MIT,b1c22,552,97.8983,100.59798,99.176155,98.79445,98.462585
MIT,b1c22,553,97.8658,98.40343,99.45303,98.60765,98.508804
MIT,b1c22,554,97.8209,100.626045,99.19476,98.27706,98.216896
MIT,b1c22,555,97.795235,100.631584,99.00392,98.23285,98.07906
MIT,b1c22,556,97.82343,98.32256,99.396515,98.73909,98.50485
MIT,b1c22,557,97.788795,100.62551,99.07711,98.33602,98.0795
MIT,b1c22,558,97.81656,100.611946,99.02571,98.57605,98.43646
MIT,b1c22,559,97.85942,98.56313,99.216064,99.22333,98.48395
MIT,b1c22,560,97.83783,98.656334,99.15479,98.88573,98.31656
MIT,b1c22,561,97.80066,100.80589,98.74969,98.63199,97.80692
MIT,b1c22,562,97.86319,98.72754,98.98892,99.03213,98.52181
MIT,b1c22,563,97.85707,96.965126,98.23884,99.28285,98.486824
MIT,b1c22,564,97.85671,96.98658,98.200676,99.22917,98.48394
MIT,b1c22,565,97.8502,96.26803,98.31344,99.24903,98.50875
MIT,b1c22,566,97.788025,98.55067,99.15349,98.65063,97.84245
MIT,b1c22,567,97.75703,100.63982,98.96112,97.81936,98.20741
MIT,b1c22,568,97.607376,100.56902,99.11752,98.17193,98.28322
MIT,b1c22,569,97.72462,98.32887,99.43304,98.69811,98.46978
MIT,b1c22,570,97.717705,95.92853,97.6726,100.06187,98.37826
MIT,b1c22,571,97.71498,95.743645,99.12475,98.28664,98.44724
MIT,b1c22,572,97.659256,95.93853,97.75058,100.02584,98.10273
MIT,b1c22,573,97.61654,98.26838,99.25902,97.904495,97.79933
MIT,b1c22,574,97.63345,98.25328,99.330414,98.19353,98.05369
MIT,b1c22,575,97.65866,95.7244,99.117966,99.09976,98.1748
MIT,b1c22,576,97.64234,95.714325,98.17877,98.27145,98.388115
MIT,b1c22,577,97.66946,100.47813,99.11704,98.35519,98.528915
MIT,b1c22,578,97.5785,98.26591,99.41285,98.22399,97.75155
MIT,b1c22,579,97.60799,95.71529,97.95377,98.74684,98.36301
MIT,b1c22,580,97.60128,95.99389,97.76691,100.095215,98.22564
MIT,b1c22,581,97.638954,98.32122,99.4871,98.33514,98.55088
MIT,b1c22,582,97.578415,95.87467,97.65666,99.96269,98.11541
MIT,b1c22,583,97.58192,95.717285,99.16316,98.81674,98.1938
MIT,b1c22,584,97.51181,98.23701,98.82012,97.73829,97.4314
MIT,b1c22,585,97.55668,95.7131,98.25964,97.89336,98.14041
MIT,b1c22,586,97.57786,100.539505,99.21239,98.02928,98.30294
MIT,b1c22,587,97.562744,95.8965,98.10533,98.88878,98.108116
MIT,b1c22,588,97.52792,98.481,99.16044,98.31918,97.580444
MIT,b1c22,589,97.59949,96.600494,98.03739,99.73546,98.31544
MIT,b1c22,590,97.601585,96.18246,98.22746,98.647896,98.40877
MIT,b1c22,591,97.566895,100.651405,98.931526,98.89569,98.264786
MIT,b1c22,592,97.53153,96.05862,98.36826,98.535,97.92179
MIT,b1c22,593,97.49467,96.065704,98.62438,98.81,97.63703
MIT,b1c22,594,97.522446,95.97766,98.46279,98.728294,98.19524
MIT,b1c22,595,97.42503,100.6261,99.16523,98.21222,97.153625
MIT,b1c22,596,97.46167,98.27648,99.33916,98.19145,98.09948
MIT,b1c22,597,97.396484,98.20991,98.60139,98.14879,97.57102
MIT,b1c22,598,97.40774,98.29505,98.99958,98.13994,97.925514
MIT,b1c22,599,97.2691,100.63593,99.267,98.37795,97.64752
MIT,b1c22,600,97.38438,98.25196,99.42518,98.28252,97.85626
MIT,b1c22,601,97.40848,98.33412,99.26635,98.41659,98.097885
MIT,b1c22,602,97.3448,98.21991,99.3412,98.107735,97.429634
MIT,b1c22,603,97.36894,100.58524,99.17854,98.34088,98.04554
MIT,b1c22,604,97.35521,98.26543,99.162384,98.03964,97.972946
MIT,b1c22,605,97.32155,100.6226,99.32779,98.4567,97.75323
MIT,b1c22,606,97.27511,100.67069,99.364975,98.7581,96.91023
MIT,b1c22,607,97.34804,98.25603,99.4445,98.5649,98.067245
MIT,b1c22,608,97.340225,98.303185,99.525665,98.719604,98.10731
MIT,b1c22,609,97.298965,95.720184,99.12535,98.9035,97.87155
MIT,b1c22,610,97.31862,98.25528,99.30908,98.17901,97.93961
MIT,b1c22,611,97.268196,95.93269,97.79615,99.03913,97.57541
MIT,b1c22,612,97.22898,98.22165,99.17207,97.92925,97.4567
MIT,b1c22,613,97.29639,98.251274,99.52595,98.1209,98.10847
MIT,b1c22,614,97.24181,98.21094,99.426895,97.99904,97.609955
MIT,b1c22,615,97.225784,98.28747,99.44,98.299194,97.72994
MIT,b1c22,616,97.142075,98.21513,99.391495,97.85983,96.95221
MIT,b1c22,617,97.14788,96.1333,97.8909,99.66492,97.05516
MIT,b1c22,618,97.19244,96.08439,97.86625,99.58221,97.61506
MIT,b1c22,619,97.188835,98.30074,98.77652,98.023155,97.51802
MIT,b1c22,620,97.15857,100.575874,99.308525,98.09353,97.423935
MIT,b1c22,621,97.174706,95.71528,98.69173,98.30808,97.81565
MIT,b1c22,622,97.083664,98.12738,96.74599,97.81629,97.223145
MIT,b1c22,623,97.117516,100.58302,99.216194,98.16258,97.52743
MIT,b1c22,624,97.07819,98.14645,99.37461,98.24412,97.29475
MIT,b1c22,625,97.06887,95.87748,97.77625,99.29445,97.19006
MIT,b1c22,626,97.05702,98.149704,99.42617,98.006294,97.41935
MIT,b1c22,627,97.10481,98.24975,99.42259,98.376335,97.79287
MIT,b1c22,628,97.03291,100.586586,99.23018,98.222916,97.2782
MIT,b1c22,629,97.03031,100.581184,99.21698,98.44989,97.30757
MIT,b1c22,630,97.04002,100.53173,99.21466,98.37561,97.682205
MIT,b1c22,631,97.014175,98.119995,97.78623,97.67869,97.40696
MIT,b1c22,632,96.95763,100.63286,99.1153,98.19036,96.79778
MIT,b1c22,633,96.9532,98.1655,97.48832,97.77175,96.93077
MIT,b1c22,634,96.95865,100.56901,99.260025,98.1541,97.14455
MIT,b1c22,635,96.96877,98.18888,97.53756,98.34672,97.324844
MIT,b1c22,636,96.953255,95.85811,97.587875,99.584335,97.405876
MIT,b1c22,637,96.93177,95.625656,98.88257,98.59124,97.297516
MIT,b1c22,638,96.94761,100.5386,99.27707,97.91834,97.615395
MIT,b1c22,639,96.88344,95.878654,97.81642,99.29909,96.82656
MIT,b1c22,640,96.880394,95.86139,97.82558,99.60056,97.06554
MIT,b1c22,641,96.853,95.52648,99.06653,98.548416,96.71863
MIT,b1c22,642,96.82534,98.094574,99.35237,97.62444,96.56764
MIT,b1c22,643,96.86102,95.80381,97.57858,99.74403,97.26434
MIT,b1c22,644,96.87255,98.2123,98.88831,97.74383,97.510765
MIT,b1c22,645,96.82113,100.61459,99.1026,98.27371,96.720085
MIT,b1c22,646,96.83899,96.155136,97.781044,99.25258,96.979126
MIT,b1c22,647,96.817215,96.21346,97.91412,99.11689,96.90076
MIT,b1c22,648,96.766335,98.200066,99.24573,97.77464,96.56713
MIT,b1c22,649,96.81574,98.27087,99.36131,98.130196,97.30799
MIT,b1c22,650,96.77537,98.207565,97.78115,97.806015,96.964874
MIT,b1c22,651,96.75708,95.87192,97.771996,99.671074,97.18394
MIT,b1c22,652,96.730095,98.0717,96.86619,97.472,97.21763
MIT,b1c22,653,96.68384,98.0313,96.3838,97.51835,96.81894
MIT,b1c22,654,96.675644,100.58687,99.37944,98.556984,96.83401
MIT,b1c22,655,96.66652,100.58642,99.386086,98.02694,96.81153
MIT,b1c22,656,96.66225,95.79142,97.76794,99.04222,97.00474
MIT,b1c22,657,96.62776,95.810165,97.80097,99.59814,96.71451
MIT,b1c22,658,96.59303,98.00269,96.5692,97.49282,96.58228
MIT,b1c22,659,96.587105,100.66655,99.29565,98.595146,96.6824
MIT,b1c22,660,96.629456,100.48877,99.3661,98.08157,97.16449
MIT,b1c22,661,96.60184,100.51582,99.29429,98.2495,97.035995
MIT,b1c22,662,96.47262,95.76345,97.73515,98.89675,96.84117
MIT,b1c22,663,96.57179,100.52749,99.315544,97.85069,96.93321
MIT,b1c22,664,96.562904,95.52036,99.12026,98.37441,96.94895
MIT,b1c22,665,96.5407,98.05045,96.869576,97.13455,96.98718
MIT,b1c22,666,96.515816,98.06905,95.304855,97.91288,96.92117
MIT,b1c22,667,96.47612,98.00833,95.3977,98.17362,96.566864
MIT,b1c22,668,96.442375,97.97653,95.20362,97.06604,96.35664
MIT,b1c22,669,96.43162,100.61721,99.279785,98.14045,96.3592
MIT,b1c22,670,96.40751,95.39286,98.920265,97.908455,96.28315
MIT,b1c22,671,96.42019,95.750275,97.76996,98.99288,96.47277
MIT,b1c22,672,96.42927,100.50618,99.33595,97.69071,96.849525
MIT,b1c22,673,96.380745,97.962494,98.826614,97.03824,96.3849
MIT,b1c22,674,96.37935,100.59496,99.32723,98.050186,96.55521
MIT,b1c22,675,96.36882,98.037766,96.850716,97.32591,96.34658
MIT,b1c22,676,96.32306,97.99598,95.34125,97.14361,96.038506
MIT,b1c22,677,96.35632,95.93393,97.86278,99.131294,96.58016
MIT,b1c22,678,96.31494,98.06583,96.60909,97.08035,96.26298
MIT,b1c22,679,96.31784,95.8326,97.73001,98.99598,96.34297
MIT,b1c22,680,96.23812,95.86226,97.79794,98.91748,96.148254
MIT,b1c22,681,96.25837,97.92159,95.16438,97.24055,96.50155
MIT,b1c22,682,96.25129,95.38625,99.025925,98.34026,96.55251
MIT,b1c22,683,96.22773,95.36208,99.04579,98.55209,96.41691
MIT,b1c22,684,96.23632,95.38677,98.9115,97.9598,96.560555
MIT,b1c22,685,96.23091,97.96752,95.62214,97.39371,96.71243
MIT,b1c22,686,96.20686,95.65373,97.54555,99.332726,96.48728
MIT,b1c22,687,96.177666,97.94945,95.01305,97.25936,96.36968
MIT,b1c22,688,96.176704,95.374626,98.86324,98.541084,96.4038
MIT,b1c22,689,96.16298,100.44275,99.403366,97.47829,96.40874
MIT,b1c22,690,96.11324,100.50184,99.323524,97.519844,96.125114
MIT,b1c22,691,96.10061,100.520065,99.33507,97.75742,96.22534
MIT,b1c22,692,96.09464,95.28884,99.01311,98.17268,96.17773
MIT,b1c22,693,96.07153,97.90027,95.019196,96.93632,96.192085
MIT,b1c22,694,95.94064,95.29916,98.956276,98.130844,95.873985
MIT,b1c22,695,96.0319,95.29738,98.9476,97.93407,96.119576
MIT,b1c22,696,95.971886,100.58319,99.36993,97.397896,95.88092
MIT,b1c22,697,95.95734,97.82058,94.585236,96.3778,96.04938
MIT,b1c22,698,95.99178,95.61382,97.71072,98.8097,96.216064
MIT,b1c22,699,95.966286,95.61904,97.7262,98.48192,96.34873
MIT,b1c22,700,95.961205,95.29185,99.06084,97.84039,96.39397
MIT,b1c22,701,95.92492,95.56802,97.736115,98.38296,95.933014
MIT,b1c22,702,95.907104,100.46535,99.374916,97.30875,96.02415
MIT,b1c22,703,95.88141,100.498375,99.40023,97.067894,96.07666
MIT,b1c22,704,95.88915,95.35909,98.91973,97.78823,96.13912
MIT,b1c22,705,95.84378,95.8603,97.801025,98.23828,95.937416
MIT,b1c22,706,95.9034,95.47712,98.87443,98.92035,96.44722
MIT,b1c22,707,95.82855,97.899254,94.9328,95.903755,95.949394
MIT,b1c22,708,95.829445,97.95097,95.50021,97.099205,96.05827
MIT,b1c22,709,95.8377,100.447945,99.45205,97.232506,96.3382
MIT,b1c22,710,95.790985,95.66962,97.75725,97.65157,95.94746
MIT,b1c22,711,95.74539,95.526375,97.75015,97.99291,96.079735
MIT,b1c22,712,95.67286,100.53142,99.40914,97.12239,96.017746
MIT,b1c22,713,95.68541,95.53089,97.76314,97.94769,96.05875
MIT,b1c22,714,95.66764,100.48515,99.4257,97.00878,96.00791
MIT,b1c22,715,95.63021,95.52348,97.782646,98.12975,95.78347
MIT,b1c22,716,95.65321,95.1249,99.077095,97.46203,95.915344
MIT,b1c22,717,95.60907,95.20958,98.57113,97.64554,95.77604
MIT,b1c22,718,95.62631,96.15354,97.89236,97.2987,95.79208
MIT,b1c22,719,95.56827,95.508,98.32407,97.65097,96.25996
MIT,b1c22,720,95.5812,96.5179,98.23698,97.0427,95.712006
MIT,b1c22,721,95.58943,96.5678,98.29618,96.79177,95.880486
MIT,b1c22,722,95.60429,95.7256,98.12129,97.717094,95.83077
MIT,b1c22,723,95.53464,98.12204,98.85595,96.45517,96.06295
MIT,b1c22,724,95.52888,100.67502,98.568214,97.17142,95.57073
MIT,b1c22,725,95.525055,95.712166,97.697754,97.56398,95.769104
MIT,b1c22,726,95.41367,96.69037,98.16991,96.29866,95.774055
MIT,b1c22,727,95.47677,98.03235,96.26146,96.17378,95.7005
MIT,b1c22,728,95.45523,96.56254,98.17774,96.09991,95.69998
MIT,b1c22,729,95.443275,95.573555,98.24662,97.60545,95.687744
MIT,b1c22,730,95.41364,95.48329,97.69143,96.90649,95.72021
MIT,b1c22,731,95.38787,96.5986,98.17702,95.769356,95.6251
MIT,b1c22,732,95.35571,100.731995,97.526665,96.48444,96.24394
MIT,b1c22,733,95.37392,97.18675,98.38814,95.882614,96.11361
MIT,b1c22,734,95.410866,100.72186,96.85584,94.11582,96.08779
MIT,b1c22,735,95.39331,98.427574,98.02479,95.59093,96.13982
MIT,b1c22,736,95.389786,96.199745,96.14338,95.61823,95.99155
MIT,b1c22,737,95.365036,97.72528,96.226395,94.758934,96.176605
MIT,b1c22,738,95.35397,98.52216,97.504326,94.90495,96.08081
MIT,b1c22,739,95.31829,98.48974,97.62872,95.569496,96.19112
MIT,b1c22,740,95.28379,100.786354,96.75239,95.2989,96.22325
MIT,b1c22,741,95.22316,100.728195,96.92028,95.3839,96.25925
MIT,b1c22,742,95.1659,95.55939,96.08582,96.52365,96.17021
MIT,b1c22,743,95.13977,100.56697,95.85049,95.720184,95.47189
MIT,b1c22,744,95.09397,96.22476,97.81224,94.47147,95.44702
MIT,b1c22,745,95.060455,100.43135,99.21959,95.54852,95.46011
MIT,b1c22,746,95.02451,95.04964,93.571945,96.46848,95.49418
MIT,b1c22,747,95.00771,100.382805,97.498215,95.156906,95.3031
MIT,b1c22,748,94.97572,94.9656,92.24318,95.97647,95.28068
MIT,b1c22,749,94.9741,95.773,97.70245,93.73863,95.41394
MIT,b1c22,750,94.91291,95.81318,97.69691,94.31263,95.103836
MIT,b1c22,751,94.920746,95.787796,97.77631,94.53685,95.41794
MIT,b1c22,752,94.87762,94.937,92.52023,95.87403,95.191124
MIT,b1c22,753,94.857216,94.9325,92.42111,95.666435,94.974884
MIT,b1c22,754,94.8346,97.34769,94.1072,94.56429,95.1213
MIT,b1c22,755,94.83275,95.74387,97.78506,94.312416,95.35212
MIT,b1c22,756,94.77186,95.79598,97.64863,93.8869,94.88059
MIT,b1c22,757,94.743904,95.85037,97.82245,94.112976,94.90335
MIT,b1c22,758,94.73631,100.3423,98.811584,94.70971,95.15678
MIT,b1c22,759,94.71984,95.04086,92.315414,96.37104,95.2586
MIT,b1c22,760,94.68916,95.92417,97.60732,93.95204,95.181145
MIT,b1c22,761,94.65099,97.43357,98.85229,94.29595,95.09455
MIT,b1c22,762,94.658394,95.32775,93.44592,95.45332,95.37527
MIT,b1c22,763,94.6417,96.58817,98.36053,94.95913,95.63335
MIT,b1c22,764,94.61663,100.55769,96.33466,94.97342,95.64926
MIT,b1c22,765,94.61902,96.755135,98.43057,94.61055,95.69666
MIT,b1c22,766,94.58199,100.56782,96.10241,95.21634,95.68821
MIT,b1c22,767,94.56891,96.821106,98.39419,94.85673,95.75469
MIT,b1c22,768,94.52315,100.5662,97.39856,94.13906,95.58255
MIT,b1c22,769,94.46786,97.59706,98.64892,93.896194,95.63915
MIT,b1c22,770,94.43454,100.47771,91.960754,94.58351,95.40766
MIT,b1c22,771,94.384766,97.25424,98.88375,93.98749,94.89517
MIT,b1c22,772,94.37103,100.268906,92.42606,94.365974,95.13851
MIT,b1c22,773,94.31257,95.660736,97.673294,93.47906,94.94614
MIT,b1c22,774,94.2798,100.26142,89.09195,93.89332,94.81499
MIT,b1c22,775,94.242645,95.49855,97.70167,93.534584,94.58515
MIT,b1c22,776,94.192314,100.27237,89.54814,93.927185,94.51879
MIT,b1c22,777,94.18818,94.663994,91.048775,94.86598,94.68644
MIT,b1c22,778,94.165184,100.20986,92.02997,93.938774,94.68707
MIT,b1c22,779,94.14734,94.63622,95.517815,95.399284,94.731865
MIT,b1c22,780,94.087715,95.37411,97.60239,93.426414,94.509514
MIT,b1c22,781,94.05765,96.742004,98.53357,93.49596,94.35861
MIT,b1c22,782,94.04676,96.837944,93.47089,93.554825,94.91504
MIT,b1c22,783,93.98668,100.20723,90.168526,94.33109,94.494316
MIT,b1c22,784,93.99118,96.80723,98.47979,93.78254,94.71257
MIT,b1c22,785,93.94122,95.23536,97.466225,92.87344,94.366516
MIT,b1c22,786,93.91433,94.50424,90.85138,94.33266,94.311264
MIT,b1c22,787,93.85642,94.3696,92.22975,95.39711,94.10362
MIT,b1c22,788,93.834625,96.58863,92.74484,93.306496,94.22617
MIT,b1c22,789,93.78558,95.17279,97.66568,93.047165,94.013916
MIT,b1c22,790,93.78575,94.48782,91.15929,94.83032,94.51783
MIT,b1c22,791,93.63096,94.55699,91.30988,95.1238,94.15197
MIT,b1c22,792,93.76438,95.81408,97.7944,93.220894,94.639786
MIT,b1c22,793,93.734535,96.0143,97.92382,93.60281,94.895355
MIT,b1c22,794,93.71358,100.29511,91.801735,93.169716,95.00553
MIT,b1c22,795,93.66059,94.98723,90.00508,94.71343,95.01608
MIT,b1c22,796,93.670784,96.21765,98.23966,93.70936,95.329735
MIT,b1c22,797,93.58879,96.82095,98.79588,92.77508,94.97205
MIT,b1c22,798,93.57539,96.23968,98.01651,93.132545,94.76565
MIT,b1c22,799,93.549225,96.9345,93.71483,93.30483,94.94413
MIT,b1c22,800,93.5194,100.154724,91.62131,93.01136,94.31029
MIT,b1c22,801,93.416275,95.51288,97.73585,92.74006,93.75592
MIT,b1c22,802,93.38295,100.12949,89.7524,93.71043,93.90229
MIT,b1c22,803,93.39373,94.4801,92.15853,94.44098,93.99662
MIT,b1c22,804,93.31673,96.15308,92.09796,91.77235,93.79809
MIT,b1c22,805,93.31933,94.39032,91.08301,94.32863,93.7636
MIT,b1c22,806,93.248634,96.0617,92.038666,92.47574,93.602455
MIT,b1c22,807,93.22011,99.94059,90.211754,93.14048,93.55045
MIT,b1c22,808,93.17965,94.98471,96.848755,92.30543,93.21966
MIT,b1c22,809,93.126595,94.12232,90.603004,94.64456,93.2785
MIT,b1c22,810,93.11567,94.25053,90.43183,94.48034,93.52008
MIT,b1c22,811,93.05228,99.88879,90.86782,94.09849,93.26982
MIT,b1c22,812,93.009056,95.75271,91.524414,92.20435,92.92065
MIT,b1c22,813,92.970634,94.93636,97.49079,92.05209,93.01877
MIT,b1c22,814,92.925316,99.916176,88.81631,92.79837,93.01773
MIT,b1c22,815,92.90226,94.83357,97.496704,92.408966,93.03894
MIT,b1c22,816,92.86437,93.986916,91.77711,94.48644,92.88101
MIT,b1c22,817,92.8075,99.74551,89.88328,92.47929,92.69147
MIT,b1c22,818,92.78898,99.73303,91.25972,92.58499,93.01926
MIT,b1c22,819,92.735634,94.70739,97.35298,91.70979,92.83621
MIT,b1c22,820,92.70137,99.75851,92.256744,92.72258,93.03433
MIT,b1c22,821,92.691635,99.706665,88.91035,92.260925,93.25292
MIT,b1c22,822,92.64472,95.678955,95.549774,92.00214,92.866455
MIT,b1c22,823,92.595474,95.620636,98.50575,91.480995,92.55295
MIT,b1c22,824,92.569885,99.88822,90.08774,93.47718,92.72358
MIT,b1c22,825,92.54375,99.941124,89.53284,92.205536,92.9559
MIT,b1c22,826,92.53167,94.54404,90.44973,94.36983,93.32875
MIT,b1c22,827,92.47412,99.9715,90.313644,92.78738,93.36185
MIT,b1c22,828,92.4433,99.92808,90.64616,92.81125,93.47422
MIT,b1c22,829,92.375275,99.90349,89.932884,92.23517,92.44182
MIT,b1c22,830,92.30126,99.744354,89.5746,92.16117,92.25463
MIT,b1c22,831,92.26061,93.88621,91.8224,94.04318,92.6267
MIT,b1c22,832,92.19599,93.66629,87.42125,93.13676,92.52604
MIT,b1c22,833,92.11611,99.30531,92.43182,92.03787,91.89301
MIT,b1c22,834,92.05614,99.21673,86.507484,91.44834,91.96196
MIT,b1c22,835,92.034966,93.47691,86.45825,92.47172,92.2572
MIT,b1c22,836,91.97352,94.26592,96.636765,91.12381,91.976074
MIT,b1c22,837,91.955605,99.02325,88.61802,91.35386,92.46895
MIT,b1c22,838,91.89504,93.362885,91.24469,94.11391,92.1798
MIT,b1c22,839,91.835045,98.92243,86.72072,91.31622,92.14393
MIT,b1c22,840,91.799034,93.84647,88.62443,91.238884,92.42471
MIT,b1c22,841,91.71653,98.73908,86.812675,91.08031,91.42918
MIT,b1c22,842,91.70463,94.06412,95.88907,90.65979,92.03122
MIT,b1c22,843,91.648636,98.60428,92.493065,91.37607,91.8344
MIT,b1c22,844,91.59121,94.10163,96.41607,90.918076,91.65451
MIT,b1c22,845,91.542984,93.14586,88.1445,92.61759,91.67158
MIT,b1c22,846,91.49137,93.114265,92.69435,92.660355,91.614555
MIT,b1c22,847,91.44773,93.17394,88.944,90.80432,91.65856
MIT,b1c22,848,91.40065,98.10525,91.886604,91.54028,91.73779
MIT,b1c22,849,91.33719,93.97299,96.86524,90.539696,91.580154
MIT,b1c22,850,91.281944,97.82482,91.42983,91.113106,91.399574
MIT,b1c22,851,91.26501,93.26038,90.732864,93.054565,91.69671
MIT,b1c22,852,91.23307,93.42523,89.37277,90.82357,91.74735
MIT,b1c22,853,91.15317,93.07262,89.36788,90.09547,91.11592
MIT,b1c22,854,91.10532,94.839,95.13038,90.42593,90.990616
MIT,b1c22,855,91.07026,93.59347,97.95083,92.89558,91.03906
MIT,b1c22,856,91.02655,93.24653,89.41052,89.96077,91.09885
MIT,b1c22,857,91.00697,93.53489,98.30999,90.36765,91.206894
MIT,b1c22,858,90.8911,92.24041,88.640495,89.83415,91.18864
MIT,b1c22,859,90.895065,94.51786,93.99431,89.47272,91.41691
MIT,b1c22,860,90.80089,97.19654,91.26608,91.0464,90.86839
MIT,b1c22,861,90.73074,92.94252,95.86945,91.79279,90.5774
MIT,b1c22,862,90.666016,96.47894,90.998726,90.495316,90.540695
MIT,b1c22,863,90.623985,91.72254,87.89759,90.32626,90.84674
MIT,b1c22,864,90.55867,93.743744,95.357,89.244484,90.69112
MIT,b1c22,865,90.51214,93.71581,95.44151,89.38513,90.67889
MIT,b1c22,866,90.44771,91.30671,87.74254,90.38455,90.47009
MIT,b1c22,867,90.40404,95.61184,89.44523,90.43874,90.5483
MIT,b1c22,868,90.34256,93.68011,94.07687,88.824265,90.37621
MIT,b1c22,869,90.278496,93.70539,94.75113,89.12586,90.32807
MIT,b1c22,870,90.22295,95.176155,88.998055,90.42133,90.339355
MIT,b1c22,871,90.204155,95.1958,88.87641,90.19139,90.69762
MIT,b1c22,872,90.11674,93.616005,94.72835,88.70462,90.23517
MIT,b1c22,873,90.04563,90.633804,97.35787,89.89436,89.90289
MIT,b1c22,874,89.97021,90.2851,88.53363,89.90947,89.776184
MIT,b1c22,875,89.9574,92.64394,87.408554,90.88531,90.30771
MIT,b1c22,876,89.90816,90.97861,88.2306,90.19369,90.33572
MIT,b1c22,877,89.841866,92.5521,86.37785,91.01642,90.21174
MIT,b1c22,878,89.76429,93.55038,95.35525,88.44323,90.04035
MIT,b1c22,879,89.699684,90.24879,87.799065,90.44324,89.84066
MIT,b1c22,880,89.65613,94.19925,86.65343,89.66534,89.90796
MIT,b1c22,881,89.56959,93.52989,94.94889,88.243454,89.39781
MIT,b1c22,882,89.52958,92.52912,85.91607,90.02734,89.68087
MIT,b1c22,883,89.49191,90.750595,87.85714,88.51658,89.56147
MIT,b1c22,884,89.43867,94.485985,95.78404,88.98216,89.309044
MIT,b1c22,885,89.36154,94.689156,95.88127,89.27087,89.23439
MIT,b1c22,886,89.32958,94.81316,90.757515,89.68923,89.29896
MIT,b1c22,887,89.32727,94.70656,96.78262,88.99988,89.946335
MIT,b1c22,888,89.23666,93.116234,89.83451,90.506836,89.42454
MIT,b1c22,889,89.14218,94.6682,95.9789,88.72328,89.26473
MIT,b2c13,1,99.876915,101.67197,99.63474,100.91848,99.860855
MIT,b2c13,2,100.0,101.66064,99.65602,100.85494,99.782585
MIT,b2c13,3,100.0749,101.70021,99.636795,100.88254,99.852776
MIT,b2c13,4,100.10764,101.67578,99.625275,100.83655,99.86686
MIT,b2c13,5,100.112404,101.653786,99.66848,100.88574,99.74955
MIT,b2c13,6,100.1345,101.6781,99.66628,100.815186,99.74697
MIT,b2c13,7,100.13474,97.96254,99.516304,100.9374,99.75483
MIT,b2c13,8,100.13032,101.63792,99.68043,100.8491,99.75472
MIT,b2c13,9,100.13657,101.639595,99.60459,100.94275,99.75472
MIT,b2c13,10,100.1286,97.92409,98.04676,100.91401,99.772156
MIT,b2c13,11,100.13032,101.64037,99.24645,100.74283,99.72866
MIT,b2c13,12,100.14446,101.66423,99.57593,100.80078,99.74074
MIT,b2c13,13,100.139626,101.64279,99.58261,100.78481,99.724655
MIT,b2c13,14,100.13517,101.61816,99.64837,100.84238,99.75275
MIT,b2c13,15,100.14797,101.62174,99.63041,100.894165,99.80207
MIT,b2c13,16,100.131805,100.52487,99.68857,100.9305,99.80962
MIT,b2c13,17,100.13279,100.56349,99.63997,100.964165,99.82515
MIT,b2c13,18,100.13984,101.60315,99.64057,100.23907,99.860756
MIT,b2c13,19,100.12472,101.62056,99.29508,100.69122,99.760925
MIT,b2c13,20,100.12143,101.614395,99.58289,100.68328,99.86877
MIT,b2c13,21,100.12762,101.58073,99.61008,100.733406,99.867874
MIT,b2c13,22,100.10734,100.35109,97.625565,100.892914,99.76502
MIT,b2c13,23,100.098694,97.72313,97.08425,100.781235,99.76644
MIT,b2c13,24,100.08922,101.55426,99.62364,100.75816,99.77181
MIT,b2c13,25,100.08129,101.56451,99.4437,100.58669,99.81448
MIT,b2c13,26,100.081406,100.43411,99.631226,100.81761,100.310425
MIT,b2c13,27,100.074066,101.53944,99.52159,100.57592,99.898994
MIT,b2c13,28,100.066635,100.369774,99.64483,100.83332,99.84791
MIT,b2c13,29,100.0612,101.52961,99.55134,100.64197,99.88801
MIT,b2c13,30,100.04851,101.50331,99.67568,101.04431,99.81401
MIT,b2c13,31,100.024925,101.5098,99.58946,100.80555,100.30354
MIT,b2c13,32,100.02849,101.52205,98.65362,100.51025,99.83076
MIT,b2c13,33,100.006714,101.475975,99.383446,100.457756,100.31466
MIT,b2c13,34,99.99716,99.841156,97.56695,101.050735,100.301346
MIT,b2c13,35,100.00776,101.502335,98.70906,100.35216,99.822556
MIT,b2c13,36,99.99025,101.46872,98.792206,100.429474,99.824684
MIT,b2c13,37,99.98818,101.48471,99.541214,100.47572,100.31214
MIT,b2c13,38,99.99597,101.46768,99.57816,100.39573,100.29986
MIT,b2c13,39,99.97692,101.48132,99.530594,100.36839,99.896385
MIT,b2c13,40,99.96507,101.500694,99.47086,100.46285,100.312874
MIT,b2c13,41,99.958145,97.4317,97.16859,100.32965,100.31132
MIT,b2c13,42,99.93523,97.400635,98.686195,100.53443,100.318085
MIT,b2c13,43,99.92524,101.43353,99.30105,100.38062,100.325294
MIT,b2c13,44,99.908966,101.409294,99.4401,100.38397,100.339455
MIT,b2c13,45,99.902626,101.41115,98.698044,100.144455,100.35291
MIT,b2c13,46,99.88938,101.48211,99.543304,100.49215,100.36841
MIT,b2c13,47,99.871445,97.27169,97.36672,100.60852,100.35291
MIT,b2c13,48,99.85676,97.26034,98.379166,100.58815,100.34232
MIT,b2c13,49,99.85273,97.291214,99.20131,100.870735,100.36726
MIT,b2c13,50,99.84169,101.390274,99.45885,100.29894,100.35319
MIT,b2c13,51,99.82714,101.401505,99.50463,100.34928,100.35291
MIT,b2c13,52,99.8227,97.27629,99.20244,100.79562,100.365715
MIT,b2c13,53,99.79264,101.41878,99.55188,100.378075,100.355156
MIT,b2c13,54,99.7736,101.36635,99.587585,100.33125,100.32817
MIT,b2c13,55,99.769356,101.381485,99.537735,100.401436,100.353806
MIT,b2c13,56,99.74502,101.33914,99.563324,100.41899,100.3343
MIT,b2c13,57,99.719,101.389114,99.55008,100.46385,100.34168
MIT,b2c13,58,99.7292,101.33203,99.58825,100.423294,100.341484
MIT,b2c13,59,99.71318,97.04721,98.58023,100.404144,100.34798
MIT,b2c13,60,99.70126,101.3055,99.56076,100.496086,100.35501
MIT,b2c13,61,99.695885,101.292694,99.55677,100.10542,100.32496
MIT,b2c13,62,99.67421,101.313515,99.543365,100.28842,100.35347
MIT,b2c13,63,99.653656,101.28205,99.56364,100.34362,100.36377
MIT,b2c13,64,99.64831,96.99005,99.20137,100.31651,100.34567
MIT,b2c13,65,99.63301,96.97968,99.42764,100.54073,100.373184
MIT,b2c13,66,99.6194,96.99427,98.877495,100.1212,99.95382
MIT,b2c13,67,99.60159,96.9294,99.5104,100.47638,100.35487
MIT,b2c13,68,99.58225,96.89635,99.36266,100.565094,100.33945
MIT,b2c13,69,99.57717,101.25649,99.53255,99.97679,100.33923
MIT,b2c13,70,99.55076,101.228836,99.554115,100.034935,100.34153
MIT,b2c13,71,99.532455,101.2364,99.57937,100.2495,100.34678
MIT,b2c13,72,99.52402,96.83789,99.434235,100.48967,100.36832
MIT,b2c13,73,99.507614,101.20141,99.59265,100.17492,100.36443
MIT,b2c13,74,99.4946,101.19051,99.56068,100.11413,100.33201
MIT,b2c13,75,99.49245,101.20121,99.59816,100.048805,100.32256
MIT,b2c13,76,99.460915,101.2087,99.57347,100.10157,100.334946
MIT,b2c13,77,99.432816,101.1509,99.50787,100.108795,100.32606
MIT,b2c13,78,99.42453,99.63972,99.64569,100.56833,100.31585
MIT,b2c13,79,99.40395,96.64703,99.22348,100.39666,100.323006
MIT,b2c13,80,99.385025,101.15751,99.56379,100.237144,100.30047
MIT,b2c13,81,99.3758,96.59545,99.33114,100.51866,100.29132
MIT,b2c13,82,99.352875,96.5874,99.25612,100.26221,100.35271
MIT,b2c13,83,99.33716,101.1493,99.514206,100.25939,100.28753
MIT,b2c13,84,99.328094,96.59653,99.29546,100.13824,100.29132
MIT,b2c13,85,99.32222,101.17153,99.56458,99.939156,100.27027
MIT,b2c13,86,99.31315,96.6394,99.312546,99.72749,100.24567
MIT,b2c13,87,99.29164,101.137886,99.49461,99.90349,100.280334
MIT,b2c13,88,99.26771,101.08977,99.43348,99.82482,100.26872
MIT,b2c13,89,99.255486,101.12322,99.52072,99.9773,100.27704
MIT,b2c13,90,99.23047,101.091064,99.46916,99.851074,100.24618
MIT,b2c13,91,99.20839,96.570206,99.318344,100.25086,100.246414
MIT,b2c13,92,99.20563,99.43637,99.62978,100.14439,100.20544
MIT,b2c13,93,99.17828,101.08585,99.522026,99.60849,100.25764
MIT,b2c13,94,99.15984,96.40794,99.39866,99.4506,100.2492
MIT,b2c13,95,99.14228,101.06347,99.57659,99.63869,100.23624
MIT,b2c13,96,99.121025,101.0601,99.59354,99.76626,100.27388
MIT,b2c13,97,99.11197,96.29775,99.34936,99.311226,100.24838
MIT,b2c13,98,99.094986,96.317345,99.33106,99.433655,100.17771
MIT,b2c13,99,99.07622,101.0406,99.41101,99.179794,100.19267
MIT,b2c13,100,99.043,101.06321,99.459,99.5591,100.25379
MIT,b2c13,101,99.02782,101.038826,99.49183,100.108536,100.1524
MIT,b2c13,102,99.011765,101.0621,99.53412,99.76349,100.20142
MIT,b2c13,103,98.99604,96.24285,99.167114,99.24532,100.25542
MIT,b2c13,104,98.964836,96.158066,99.201904,99.459564,100.16781
MIT,b2c13,105,98.947464,96.105064,99.16732,99.53617,100.14796
MIT,b2c13,106,98.93226,100.991425,99.508385,99.200294,100.13326
MIT,b2c13,107,98.917244,101.00433,99.50079,99.40722,100.115814
MIT,b2c13,108,98.912056,96.10413,99.21511,99.18479,100.08156
MIT,b2c13,109,98.90042,100.95698,99.362656,99.14947,100.03524
MIT,b2c13,110,98.87188,100.968506,99.33694,99.874855,99.98772
MIT,b2c13,111,98.84326,96.78492,97.75084,98.45239,100.07408
MIT,b2c13,112,98.84044,100.97684,99.39557,99.38008,100.007965
MIT,b2c13,113,98.80679,100.944695,99.52244,99.13668,100.0153
MIT,b2c13,114,98.79981,99.073135,99.480675,99.99798,100.00349
MIT,b2c13,115,98.7789,100.96099,99.17095,99.28454,99.99224
MIT,b2c13,116,98.75628,100.891754,99.29896,99.213455,100.013435
MIT,b2c13,117,98.73506,95.94418,98.94037,99.60151,100.054726
MIT,b2c13,118,98.71877,95.91915,98.84658,99.166275,99.9929
MIT,b2c13,119,98.69743,100.87798,99.53375,99.17443,100.05191
MIT,b2c13,120,98.68819,100.91192,99.5417,99.77697,100.03672
MIT,b2c13,121,98.66072,100.86688,99.339745,99.086235,100.052124
MIT,b2c13,122,98.64379,95.85029,97.80194,98.856384,100.00205
MIT,b2c13,123,98.63977,100.9324,99.37495,99.55025,99.97746
MIT,b2c13,124,98.61328,100.85819,99.382545,98.65904,99.909096
MIT,b2c13,125,98.59307,100.89493,99.4774,99.132126,99.98785
MIT,b2c13,126,98.57782,100.87539,99.451,99.33888,99.941895
MIT,b2c13,127,98.54755,100.84629,99.390976,99.83853,99.994576
MIT,b2c13,128,98.52246,100.8369,99.39519,99.540565,99.98008
MIT,b2c13,129,98.51239,95.85014,97.84859,98.3065,99.84415
MIT,b2c13,130,98.4834,98.90086,99.56688,99.95832,99.8762
MIT,b2c13,131,98.46752,100.844284,99.1967,99.045074,99.92007
MIT,b2c13,132,98.458984,100.79446,99.0799,98.56191,99.82097
MIT,b2c13,133,98.42802,100.83937,99.30253,98.76416,99.84627
MIT,b2c13,134,98.423584,100.84448,99.242134,97.95702,99.87778
MIT,b2c13,135,98.39679,100.80283,99.22641,98.34718,99.779144
MIT,b2c13,136,98.37549,100.82716,99.4551,98.60625,99.697784
MIT,b2c13,137,98.36429,100.846214,99.33277,98.954605,99.89617
MIT,b2c13,138,98.338295,100.79796,99.24273,98.22983,99.83998
MIT,b2c13,139,98.31597,100.820335,99.238655,98.91396,99.64109
MIT,b2c13,140,98.30687,95.599556,99.10866,99.28706,99.300766
MIT,b2c13,141,98.272835,100.77007,99.31692,99.495,99.29366
MIT,b2c13,142,98.254616,100.739105,99.23478,98.148796,99.68649
MIT,b2c13,143,98.24517,95.446815,99.2285,98.768524,99.32487
MIT,b2c13,144,98.20959,100.730896,99.275566,99.194115,99.29907
MIT,b2c13,145,98.18734,100.70029,99.13899,98.388794,99.255295
MIT,b2c13,146,98.18334,100.75054,99.241684,98.947296,99.16082
MIT,b2c13,147,98.15734,95.31871,98.794395,98.998184,99.25891
MIT,b2c13,148,98.135605,100.71825,99.05945,98.87282,99.17863
MIT,b2c13,149,98.11714,100.668495,99.21265,98.086754,99.21772
MIT,b2c13,150,98.099976,100.674835,99.094086,98.387924,99.24217
MIT,b2c13,151,98.0721,100.65533,99.06939,98.25053,99.185684
MIT,b2c13,152,98.05138,100.63582,99.11414,97.9775,99.11621
MIT,b2c13,153,98.03038,100.641304,99.09566,99.014854,99.09416
MIT,b2c13,154,98.01787,95.166534,99.112465,98.404045,99.03406
MIT,b2c13,155,97.99829,98.430016,99.44611,98.816795,98.94495
MIT,b2c13,156,97.98154,94.54908,98.10945,98.657936,98.8919
MIT,b2c13,157,97.96676,95.22954,98.77339,98.45422,98.960655
MIT,b2c13,158,97.94348,94.56891,97.937675,98.04202,98.757385
MIT,b2c13,159,97.92234,95.04486,98.89001,98.55962,98.8595
MIT,b2c13,160,97.80509,100.62014,99.30259,97.987816,98.85043
MIT,b2c13,161,97.89507,100.57801,99.22413,97.71387,98.74385
MIT,b2c13,162,97.87833,100.54946,99.0914,98.332886,98.82601
MIT,b2c13,163,97.85985,100.56191,99.27194,97.87056,98.83739
MIT,b2c13,164,97.84286,98.25453,99.463715,98.27737,98.75401
MIT,b2c13,165,97.819496,100.53622,99.13426,97.275375,98.75891
MIT,b2c13,166,97.79971,94.90775,98.99574,97.37794,98.776405
MIT,b2c13,167,97.77678,100.54074,99.22456,97.90259,98.83168
MIT,b2c13,168,97.75639,100.566444,99.05226,98.04056,98.72624
MIT,b2c13,169,97.73645,98.17539,99.40877,98.189644,98.71358
MIT,b2c13,170,97.71067,100.512146,99.01748,97.85981,98.6318
MIT,b2c13,171,97.69454,100.57718,99.14953,97.57225,98.67867
MIT,b2c13,172,97.66919,100.52489,99.10135,97.56117,98.724464
MIT,b2c13,173,97.64892,100.503105,99.07846,97.713936,98.67518
MIT,b2c13,174,97.63098,100.53843,99.034874,97.492065,98.67967
MIT,b2c13,175,97.60043,100.494286,99.02881,97.770584,98.62069
MIT,b2c13,176,97.58173,100.49516,99.04624,98.0013,98.537575
MIT,b2c13,177,97.56873,100.4941,99.03733,97.59554,98.55886
MIT,b2c13,178,97.54446,100.49921,99.27317,97.4873,98.53061
MIT,b2c13,179,97.52479,100.50589,99.12826,97.01732,98.566185
MIT,b2c13,180,97.50999,100.4856,98.853745,96.748344,98.52635
MIT,b2c13,181,97.492035,100.518074,99.135376,97.34555,98.52641
MIT,b2c13,182,97.47306,100.4837,99.052956,96.83305,98.467026
MIT,b2c13,183,97.45067,100.498566,98.96048,97.13226,98.500725
MIT,b2c13,184,97.42771,100.479454,99.15397,97.30792,98.432686
MIT,b2c13,185,97.418816,100.46849,98.85961,96.50844,98.46386
MIT,b2c13,186,97.28008,100.45419,98.81861,97.07363,98.21833
MIT,b2c13,187,97.36875,94.54434,98.54781,96.88917,98.489815
MIT,b2c13,188,97.35513,100.44493,99.00117,97.744576,98.359116
MIT,b2c13,189,97.31945,93.179016,97.93895,98.23129,98.2939
MIT,b2c13,190,97.299,100.42653,99.21033,96.97746,98.15327
MIT,b2c13,191,97.28936,97.89783,99.409424,97.436356,98.07203
MIT,b2c13,192,97.26351,100.38706,99.0402,96.708725,98.661606
MIT,b2c13,193,97.25264,97.87234,99.40948,97.112015,98.67004
MIT,b2c13,194,97.233086,100.392845,98.80479,97.2186,98.70257
MIT,b2c13,195,97.207825,100.35976,98.4604,96.86014,98.141205
MIT,b2c13,196,97.17348,97.838165,99.29767,97.58778,98.658394
MIT,b2c13,197,97.16238,97.731186,99.282394,96.71762,98.696785
MIT,b2c13,198,97.13674,97.758644,99.23097,97.150604,98.5873
MIT,b2c13,199,97.11586,100.3579,98.34027,97.301765,98.600044
MIT,b2c13,200,97.09355,94.17351,97.954704,96.55545,98.561356
MIT,b2c13,201,97.067184,97.725464,99.20375,97.31944,98.46043
MIT,b2c13,202,97.05562,100.34602,98.59462,96.43729,97.77444
MIT,b2c13,203,97.035866,97.72696,99.13053,97.114555,97.67864
MIT,b2c13,204,97.02236,100.34917,98.51421,96.50607,97.703865
MIT,b2c13,205,97.008675,100.31877,98.42143,96.17724,97.68153
MIT,b2c13,206,96.9814,100.319405,98.191536,95.905945,97.637375
MIT,b2c13,207,96.95757,100.2723,98.39134,97.06199,97.618225
MIT,b2c13,208,96.94539,100.327995,98.315056,96.30717,97.63765
MIT,b2c13,209,96.92318,100.33504,98.86431,97.41732,97.60109
MIT,b2c13,210,96.91233,100.2733,98.58391,95.61857,97.55811
MIT,b2c13,211,96.88489,100.27337,99.021,96.35747,97.517746
MIT,b2c13,212,96.753235,100.268295,98.39552,95.99635,97.44712
MIT,b2c13,213,96.8392,100.23037,98.19193,95.46161,97.44285
MIT,b2c13,214,96.81852,100.23136,98.55004,97.3215,97.427956
MIT,b2c13,215,96.7961,100.21358,98.51021,95.97875,97.383
MIT,b2c13,216,96.78223,100.264694,98.40106,95.28434,97.426704
MIT,b2c13,217,96.76495,100.261826,98.71811,96.43437,97.39321
MIT,b2c13,218,96.74369,100.25252,98.29346,96.015976,97.40196
MIT,b2c13,219,96.72563,100.233894,98.01145,96.1527,97.35896
MIT,b2c13,220,96.696175,93.911736,97.46635,95.58079,97.21354
MIT,b2c13,221,96.67954,97.530556,99.3458,96.460594,97.4044
MIT,b2c13,222,96.66602,100.28363,98.5601,96.44252,97.17796
MIT,b2c13,223,96.641495,100.224335,98.96022,96.86978,97.18552
MIT,b2c13,224,96.62184,93.76506,96.93186,94.88576,97.0431
MIT,b2c13,225,96.605034,100.15727,97.92405,96.1642,97.13993
MIT,b2c13,226,96.58516,100.1891,97.993515,95.6504,97.12595
MIT,b2c13,227,96.56098,97.47416,98.66999,96.51102,96.98515
MIT,b2c13,228,96.54607,93.74964,97.80985,95.73955,97.08915
MIT,b2c13,229,96.52097,93.71608,97.59493,95.79381,97.06215
MIT,b2c13,230,96.49993,100.16276,97.82067,95.87961,97.104996
MIT,b2c13,231,96.476,97.21236,98.83629,95.99998,97.02031
MIT,b2c13,232,96.4499,100.11668,97.621735,95.75417,97.041756
MIT,b2c13,233,96.44126,97.29504,98.90924,95.82337,99.39901
MIT,b2c13,234,96.41084,97.281006,99.02732,95.72482,99.269356
MIT,b2c13,235,96.38941,100.12706,98.73822,94.88194,97.0252
MIT,b2c13,236,96.38207,93.53617,97.34161,94.775536,96.8813
MIT,b2c13,237,96.346275,100.08674,98.312935,95.80871,97.02143
MIT,b2c13,238,96.31804,90.25397,97.86177,97.381386,98.76848
MIT,b2c13,239,96.29771,100.03409,98.59624,95.797134,99.137245
MIT,b2c13,240,96.27535,100.02726,97.60347,94.76862,98.61145
MIT,b2c13,241,96.25186,100.04978,97.614525,95.195,97.99874
MIT,b2c13,242,96.23752,93.432144,96.71104,95.72548,98.10762
MIT,b2c13,243,96.212326,93.39794,97.172195,94.266045,98.64754
MIT,b2c13,244,96.18887,100.03721,97.97947,95.15701,97.531906
MIT,b2c13,245,93.984825,103.71819,98.2568,87.96134,113.311554
MIT,b2c13,246,96.08018,93.39747,96.13441,93.69464,97.792786
MIT,b2c13,247,96.06524,100.05734,97.97059,94.23637,96.93877
MIT,b2c13,248,96.05432,90.73186,97.53021,96.31047,97.17227
MIT,b2c13,249,96.049995,93.38221,96.60921,94.06728,97.423485
MIT,b2c13,250,96.04258,100.08222,98.16204,95.2498,97.5665
MIT,b2c13,251,96.02332,97.1051,98.7913,95.35522,97.46565
MIT,b2c13,252,96.01358,100.048225,98.451935,95.43434,97.420944
MIT,b2c13,253,95.99648,100.06708,98.787094,96.082726,97.51305
MIT,b2c13,254,95.97702,100.03123,98.99502,95.639,97.31242
MIT,b2c13,255,95.95934,100.02629,98.55046,95.32644,97.36757
MIT,b2c13,256,95.951836,100.00327,98.09897,95.400764,97.445595
MIT,b2c13,257,95.92378,90.356,97.51754,96.51331,97.453316
MIT,b2c13,258,95.90758,100.074,98.24036,95.473495,96.93838
MIT,b2c13,259,95.892006,100.000786,98.082466,96.06665,96.91513
MIT,b2c13,260,95.86647,93.231125,97.53897,95.382126,97.37543
MIT,b2c13,261,95.83692,100.07416,98.45559,96.17245,97.52071
MIT,b2c13,262,95.82354,93.13931,96.3033,94.4925,96.8846
MIT,b2c13,263,95.80455,100.03461,98.21796,95.96693,97.424576
MIT,b2c13,264,95.792336,99.976494,97.82225,95.17949,96.88829
MIT,b2c13,265,95.76675,99.942474,97.697044,94.55212,97.36097
MIT,b2c13,266,95.74996,96.84897,98.5481,95.23675,97.365395
MIT,b2c13,267,95.74047,96.83694,98.85865,94.87587,97.56511
MIT,b2c13,268,95.716576,99.99003,97.98459,94.829796,97.35571
MIT,b2c13,269,95.69157,99.98867,97.92878,95.609,97.507515
MIT,b2c13,270,95.68186,99.98217,97.89628,94.91451,97.5449
MIT,b2c13,271,95.6537,96.83995,98.55564,95.442154,97.32239
MIT,b2c13,272,95.63626,89.276794,98.008354,96.53359,97.42611
MIT,b2c13,273,95.61669,99.97947,98.18073,94.560905,97.53099
MIT,b2c13,274,95.59409,99.90426,98.14394,94.70581,96.94083
MIT,b2c13,275,95.56189,96.66233,97.97771,95.5966,96.863785
MIT,b2c13,276,95.53709,99.90942,97.67324,94.65164,97.109406
MIT,b2c13,277,95.51488,99.89656,98.300224,94.960556,96.97866
MIT,b2c13,278,95.47302,99.963806,98.19546,95.06834,96.5629
MIT,b2c13,279,95.46723,92.88108,96.53736,93.507034,96.984665
MIT,b2c13,280,95.45234,99.91563,97.389145,92.88078,97.22456
MIT,b2c13,281,95.43271,99.94591,98.08035,95.225876,97.243935
MIT,b2c13,282,95.40043,99.897705,97.776276,93.46225,97.512764
MIT,b2c13,283,95.38318,99.86354,97.27791,92.94989,97.47673
MIT,b2c13,284,95.35804,99.89477,97.95975,94.4015,97.506424
MIT,b2c13,285,95.33103,99.89943,97.809006,95.32126,96.946335
MIT,b2c13,286,95.28851,96.549995,97.60663,95.62842,96.081085
MIT,b2c13,287,95.28165,96.55536,98.198006,95.18115,97.40553
MIT,b2c13,288,95.25456,99.847374,97.400475,93.21392,96.935555
MIT,b2c13,289,95.229095,99.94261,97.825806,95.09779,97.4981
MIT,b2c13,290,95.208595,92.71936,95.23878,93.36074,96.991806
MIT,b2c13,291,95.18227,88.93911,97.87682,95.43388,96.99912
MIT,b2c13,292,95.1638,92.923004,95.12369,93.33959,97.41038
MIT,b2c13,293,95.12985,96.46764,98.00201,94.66646,97.32005
MIT,b2c13,294,95.10244,99.872185,97.24931,94.60996,97.40668
MIT,b2c13,295,95.0432,99.93291,97.60637,93.878265,95.83121
MIT,b2c13,296,95.0515,99.84057,97.160805,94.66799,97.31062
MIT,b2c13,297,95.02356,92.615814,94.58159,93.59501,96.876785
MIT,b2c13,298,94.99417,99.807625,97.56224,93.841705,95.94737
MIT,b2c13,299,94.97669,99.79121,97.67814,93.89941,96.787025
MIT,b2c13,300,94.94672,99.78328,97.31557,94.60045,97.33211
MIT,b2c13,301,94.92259,99.765945,98.21267,93.67117,97.04027
MIT,b2c13,302,94.894936,99.77766,98.03465,93.67203,97.01093
MIT,b2c13,303,94.86902,99.8148,97.43772,94.00857,97.10899
MIT,b2c13,304,94.842896,92.50315,94.06013,92.699554,97.22087
MIT,b2c13,305,94.80856,99.85489,97.94292,93.61101,97.09435
MIT,b2c13,306,94.80164,99.8871,96.85748,94.222145,97.05118
MIT,b2c13,307,94.75747,99.81341,97.490845,94.05591,97.03733
MIT,b2c13,308,94.66738,96.18434,94.5004,93.77499,96.289276
MIT,b2c13,309,94.65556,99.84958,97.59909,93.37497,95.4381
MIT,b2c13,310,94.66818,99.791306,98.30038,93.57236,96.26336
MIT,b2c13,311,94.60433,99.7992,98.21582,93.322464,95.407036
MIT,b2c13,312,94.614586,99.76409,96.75289,92.334274,95.92736
MIT,b2c13,313,94.579,99.78078,96.739555,92.251595,96.01764
MIT,b2c13,314,94.55783,99.784294,97.589165,92.90599,95.98514
MIT,b2c13,315,94.519066,92.348946,92.71456,92.88187,96.066635
MIT,b2c13,316,94.49236,99.80632,97.34939,93.89887,96.10169
MIT,b2c13,317,94.46136,92.39398,91.77149,92.4647,96.030266
MIT,b2c13,318,94.426186,99.73316,96.68263,93.06886,95.966805
MIT,b2c13,319,94.37093,99.69081,96.261,93.670334,95.40135
MIT,b2c13,320,94.31031,96.03599,96.462746,92.28198,95.31926
MIT,b2c13,321,94.28656,91.9849,90.75863,92.194176,95.39675
MIT,b2c13,322,94.247856,99.76756,96.4963,90.97557,95.35238
MIT,b2c13,323,94.26487,99.73016,97.02423,92.45726,95.6204
MIT,b2c13,324,94.22815,92.06555,90.81047,91.56923,95.67327
MIT,b2c13,325,94.1891,99.65643,96.31552,93.21496,95.65424
MIT,b2c13,326,94.16881,99.663185,97.42548,93.25944,94.952835
MIT,b2c13,327,94.094765,91.836235,89.35222,91.14869,95.11163
MIT,b2c13,328,94.07027,91.80382,97.47563,92.47582,94.986145
MIT,b2c13,329,94.05586,99.655045,97.48597,92.595215,94.94623
MIT,b2c13,330,94.00113,99.75879,98.679405,92.91765,94.876526
MIT,b2c13,331,93.98403,99.675415,97.14253,93.173744,94.98244
MIT,b2c13,332,93.92514,91.847046,90.61655,91.69576,94.79643
MIT,b2c13,333,93.89624,99.64645,97.33285,92.39602,94.973915
MIT,b2c13,334,93.877045,92.03747,92.234856,92.1192,94.83642
MIT,b2c13,335,93.83506,99.65985,97.50946,92.73598,94.37695
MIT,b2c13,336,93.78335,99.675,97.89265,92.639175,94.61485
MIT,b2c13,337,93.75942,99.63824,96.371414,92.43291,94.69212
MIT,b2c13,338,93.677986,99.677864,98.16911,92.70062,94.343956
MIT,b2c13,339,93.68028,99.661705,97.58072,92.82893,94.71292
MIT,b2c13,340,93.65808,99.61233,95.35536,91.03411,94.54422
MIT,b2c13,341,93.61533,99.568436,96.70762,93.125275,94.55945
MIT,b2c13,342,93.54148,99.63128,97.203804,92.25793,94.418526
MIT,b2c13,343,93.53274,99.61059,97.6633,92.755066,94.50733
MIT,b2c13,344,93.46404,99.603386,94.37805,92.62963,94.44058
MIT,b2c13,345,93.3935,99.65155,94.21685,90.13669,94.05705
MIT,b2c13,346,93.36647,91.4355,90.0365,90.83057,94.2384
MIT,b2c13,347,93.35781,95.54109,98.342766,93.1211,94.09832
MIT,b2c13,348,93.31367,99.62586,97.188416,91.560715,94.19922
MIT,b2c13,349,93.28393,99.57727,97.61168,91.346535,94.19124
MIT,b2c13,350,93.22611,95.55404,97.55225,93.34117,94.122955
MIT,b2c13,351,93.18552,99.662384,97.78753,90.44026,94.01749
MIT,b2c13,352,93.14142,99.62972,97.57715,91.4319,93.98124
MIT,b2c13,353,93.11898,99.57829,95.01822,89.897,93.9129
MIT,b2c13,354,93.055855,99.5555,95.51851,90.12177,93.82624
MIT,b2c13,355,92.9795,91.303604,92.00936,90.6042,93.81758
MIT,b2c13,356,92.91374,99.60925,98.01355,90.22316,93.63645
MIT,b2c13,357,92.86105,99.61721,98.11583,91.08394,93.51425
MIT,b2c13,358,92.86192,99.570465,98.3163,91.56688,93.22739
MIT,b2c13,359,92.77136,95.3,98.31841,92.66981,93.44507
MIT,b2c13,360,92.7243,99.61946,97.300446,90.199615,93.238174
MIT,b2c13,361,92.70726,99.55538,97.571014,91.54566,93.63591
MIT,b2c13,362,92.664505,95.44216,95.62891,92.90615,93.45785
MIT,b2c13,363,92.57143,91.02188,92.333275,90.16142,93.28749
MIT,b2c13,364,92.5361,99.54791,95.32581,88.968994,93.1312
MIT,b2c13,365,92.52705,91.276375,90.02089,90.32828,93.233345
MIT,b2c13,366,92.429855,99.57057,98.614265,91.144806,92.96924
MIT,b2c13,367,92.39463,99.52286,95.52736,90.123085,92.89884
MIT,b2c13,368,92.36411,91.11418,90.48377,89.92333,92.56279
MIT,b2c13,369,92.30232,99.55132,97.56787,89.44927,93.12365
MIT,b2c13,370,92.186874,99.57259,95.45818,88.50389,91.299576
MIT,b2c13,371,92.20261,95.09967,98.35219,91.31046,93.040115
MIT,b2c13,372,92.13984,99.55163,97.93242,90.89111,92.74765
MIT,b2c13,373,92.06678,90.76948,90.364876,89.066315,92.728264
MIT,b2c13,374,92.050766,99.52922,96.68157,89.491135,92.7805
MIT,b2c13,375,91.929,99.62896,93.809395,89.89042,90.91655
MIT,b2c13,376,91.885185,99.57719,94.70641,89.56952,91.5211
MIT,b2c13,377,91.84031,99.58376,93.628555,88.74139,91.8021
MIT,b2c13,378,91.800125,99.5642,96.6877,89.73072,92.2178
MIT,b2c13,379,91.74665,99.61151,95.93954,89.98477,92.30871
MIT,b2c13,380,91.69028,99.54447,96.22174,89.85006,92.22637
MIT,b2c13,381,91.60085,99.6025,98.72014,89.39588,91.203964
MIT,b2c13,382,91.609535,94.98697,98.22092,91.47384,92.17336
MIT,b2c13,383,91.46961,90.38032,96.94342,90.34008,91.247185
MIT,b2c13,384,91.39726,90.35452,88.483635,90.447525,91.6358
MIT,b2c13,385,91.374626,99.59524,96.35868,89.356804,90.426994
MIT,b2c13,386,91.34537,90.75445,96.50855,90.24824,91.71653
MIT,b2c13,387,91.21019,99.6405,88.123184,88.744415,90.651955
MIT,b2c13,388,91.239975,99.60078,94.82459,88.690414,91.79735
MIT,b2c13,389,91.08934,99.5997,96.233315,88.21607,90.62097
MIT,b2c13,390,91.10076,90.79463,97.92897,89.7291,91.39473
MIT,b2c13,391,91.016136,90.38965,94.36435,88.99976,90.62523
MIT,b2c13,392,90.98515,99.49626,94.222946,89.00223,91.47313
MIT,b2c13,393,90.92096,99.50001,95.017334,88.5234,91.290436
MIT,b2c13,394,90.83658,99.52002,94.49624,87.91347,90.98404
MIT,b2c13,395,90.75565,86.06067,93.5062,88.29659,91.00269
MIT,b2c13,396,90.73112,90.68033,89.25671,89.31278,90.809944
MIT,b2c13,397,90.63845,99.48618,92.35289,87.67161,90.87303
MIT,b2c13,398,90.560074,94.46061,97.73052,90.33769,90.138824
MIT,b2c13,399,90.5067,99.578285,94.99915,87.834595,89.95315
MIT,b2c13,400,90.36742,93.94544,89.283066,89.36469,89.87982
MIT,b2c13,401,90.368286,94.36925,90.904816,90.11872,89.80117
MIT,b2c13,402,90.28048,99.56625,93.99807,87.060905,89.91637
MIT,b2c13,403,90.22808,99.45041,94.52829,88.01457,89.84196
MIT,b2c13,404,90.1253,99.49096,93.0104,87.7035,89.93371
MIT,b2c13,405,90.087746,99.4062,93.52089,87.219666,89.81097
MIT,b2c13,406,90.00245,89.92549,95.147385,87.948555,90.69392
MIT,b2c13,407,89.913246,99.43238,92.64577,88.34978,89.79604
MIT,b2c13,408,89.82517,99.45606,90.17473,86.76812,90.52144
MIT,b2c13,409,89.76051,99.46255,93.176414,87.63216,90.45692
MIT,b2c13,410,89.70846,99.38287,90.1046,87.17706,90.346344
MIT,b2c13,411,89.5845,99.4825,96.86485,86.6103,90.402435
MIT,b2c13,412,89.50036,93.662674,95.03951,89.984375,90.191414
MIT,b2c13,413,89.447914,99.396515,93.98841,87.42615,90.19691
MIT,b2c13,414,89.36933,93.76276,91.41513,90.01125,90.00046
MIT,b2c13,415,89.274895,99.455055,88.03269,86.70007,90.17977
MIT,b2c13,416,89.19207,99.419945,87.163734,85.09555,90.028656
MIT,b2c13,417,89.106125,99.37989,86.97207,85.215256,90.01892
MIT,b2c13,418,89.02585,99.36041,86.52189,85.244,90.007256
MIT,b2c13,419,88.93079,99.348816,85.73263,86.00838,90.052895
MIT,b2c13,420,88.861015,99.37014,86.31082,86.31113,90.10299
MIT,b2c13,421,88.7352,99.34397,93.60268,86.2524,89.44388
MIT,b2c13,422,88.67425,99.30362,90.179756,85.64,89.67319
MIT,b2c13,423,88.602295,99.2956,88.579834,85.83696,89.658875
MIT,b2c13,424,88.48539,92.91382,86.9851,89.056656,89.5385
MIT,b2c13,425,88.38858,89.37071,84.24237,85.246346,89.23099
MIT,b2c13,426,88.31033,89.626755,85.3653,85.72691,89.24374
MIT,b2c13,427,88.19039,99.07112,88.68375,85.68716,89.01473
MIT,b2c13,428,88.08512,89.376015,93.995285,85.96634,89.089966
MIT,b2c13,429,87.95088,88.96283,93.32863,86.316864,88.44725
MIT,b2c13,430,87.86783,89.265816,91.61512,85.99722,88.865746
MIT,b2c13,431,87.74411,98.72806,87.755104,84.406586,88.43795
MIT,b2c13,432,87.62707,98.69831,88.39788,84.42448,88.47307
MIT,b2c13,433,87.48428,98.55915,89.70044,84.32902,88.23103
MIT,b2c13,434,87.37529,98.138435,95.04199,84.402664,87.742905
MIT,b2c13,435,87.261635,88.923454,87.199295,85.53887,87.74652
MIT,b2c13,436,87.153465,85.937614,88.39518,83.92122,87.92501
MIT,b2c13,437,87.015854,86.02009,87.57223,83.536514,87.587906
MIT,b2c13,438,86.886246,96.56286,88.64533,83.82221,87.570595
MIT,b2c13,439,86.77692,96.258194,92.179825,83.54219,87.77265
MIT,b2c13,440,86.64452,88.644936,83.85789,84.69416,87.1753
MIT,b2c13,441,86.52373,88.72879,92.3045,85.58984,87.268776
MIT,b2c13,442,86.366425,93.32989,88.19378,83.63791,86.93262
MIT,b2c13,443,86.25436,92.72575,84.724724,83.218704,86.96645
MIT,b2c13,444,86.10114,88.2316,87.588905,84.43413,86.96965
MIT,b2c13,445,85.972336,91.35912,83.06332,83.29392,86.653915
MIT,b2c13,446,85.846405,91.08132,87.41093,83.70934,86.6856
MIT,b2c13,447,85.7222,85.31284,84.00346,86.04435,86.470345
MIT,b2c13,448,85.615036,90.34976,84.643814,83.20856,86.38167
MIT,b2c13,449,85.50965,90.4745,86.76439,82.869286,86.43626
MIT,b2c13,450,85.35622,89.93706,82.990234,82.67917,86.328384
MIT,b2c13,451,85.23084,89.751076,86.40582,83.17246,86.33086
MIT,b2c13,452,85.08102,89.46113,84.945435,82.88939,85.7603
MIT,b2c13,453,84.957535,89.31985,87.83715,83.32434,85.9447
MIT,b2c13,454,84.8092,84.254166,83.32424,83.46337,85.45457
MIT,b2c13,455,84.68204,84.239784,85.99284,84.469734,85.659164
MIT,b2c13,456,84.57352,88.85503,86.510315,82.842,85.60627
MIT,b2c13,457,84.45721,88.78406,85.57432,82.620514,85.57404
MIT,b2c13,458,84.32659,88.68569,86.50016,82.00843,85.111626
MIT,b2c13,459,84.1904,88.445595,87.31146,82.73812,83.773994
MIT,b2c13,460,84.06447,88.486824,85.75617,82.640076,83.75883
MIT,b2c13,461,83.91967,83.974106,83.34309,85.27618,83.5122
MIT,b2c13,462,83.810875,88.26334,86.85008,82.41185,83.43417
MIT,b2c13,463,83.69731,88.25504,84.66663,81.85,83.31508
MIT,b2c13,464,83.58801,83.96446,84.422745,85.196884,83.24938
MIT,b2c13,465,83.44231,85.6078,81.00459,80.889015,83.24809
MIT,b2c13,466,83.31598,87.95918,81.48158,82.90888,83.171
MIT,b2c13,467,83.19167,87.229065,79.89722,82.622505,83.16985
MIT,b2c13,468,83.077675,87.93685,78.853615,81.79891,82.90043
MIT,b2c13,469,82.91894,83.79795,82.357475,83.60131,83.00951
MIT,b2c13,470,82.78547,87.589195,79.82364,82.12048,82.63771
MIT,b2c13,471,82.64419,87.22244,82.67715,81.94769,82.76126
MIT,b2c13,472,82.53703,87.34705,83.852974,82.31012,82.39709
MIT,b2c13,473,82.424995,87.57803,82.64626,81.594376,82.40859
MIT,b2c13,474,82.287224,87.269295,80.63492,81.61107,82.50228
MIT,b2c13,475,82.14992,87.31478,81.27391,81.88103,82.45837
MIT,b2c13,476,82.03548,87.23134,80.94423,81.725945,82.08886
MIT,b2c13,477,81.91737,83.68997,80.49623,81.15205,82.0754
MIT,b2c13,478,81.77356,87.07141,79.316025,81.89569,81.994804
MIT,b2c13,479,81.66178,87.32588,78.93053,82.181145,81.92957
MIT,b2c13,480,81.56465,87.542885,79.071045,80.95036,81.94543
MIT,b2c13,481,81.447205,87.19298,81.23024,81.837074,82.12252
MIT,b2c13,482,81.33192,88.07074,80.523186,80.138405,81.63316
MIT,b2c13,483,81.153435,87.784065,90.833046,79.97971,81.8383
MIT,b2c13,484,81.0569,88.00675,80.12526,80.077354,81.5774
MIT,b2c13,485,80.94327,87.68957,79.61871,80.86851,81.641136
MIT,b2c13,486,80.76146,85.42634,78.718025,79.01485,81.7087
MIT,b2c13,487,80.68482,85.328026,78.43382,78.68847,81.650856
MIT,b2c13,488,80.54832,88.01301,79.17017,80.35965,81.6369
MIT,b2c13,489,80.40362,87.22676,77.55335,80.677246,80.499245
MIT,b2c13,490,80.23256,87.8158,79.795235,80.66239,81.31211
MIT,b2c13,491,80.12956,87.468285,80.9433,80.525856,80.26524
MIT,b2c13,492,79.994675,87.94308,80.525185,79.63048,80.79248
MIT,b2c13,493,79.87582,83.68004,87.552475,78.90985,80.359856
MIT,b2c13,494,79.72381,83.692665,77.68862,78.89939,80.33241
MIT,b2c13,495,79.59846,87.44601,81.932655,80.29385,80.609245
MIT,b2c13,496,79.44855,87.81775,78.72012,79.75664,80.45498
MIT,b2c13,497,79.32517,87.74267,78.87814,79.30686,80.47474
MIT,b2c13,498,79.18323,87.61322,80.56543,79.326805,80.32335
MIT,b2c13,499,79.06467,87.72658,78.3327,78.977295,80.453995
MIT,b2c13,500,78.91463,87.82632,78.00727,78.91041,80.460014
MIT,b2c13,501,78.789566,87.795494,77.9461,78.89238,79.88066
MIT,b2c13,502,78.62907,87.476776,77.28513,78.87341,78.8187
MIT,b2c13,503,78.53016,87.48147,77.96334,78.64455,78.90283
MIT,b2c13,504,78.372925,86.928604,80.5948,79.49199,78.68295
MIT,b2c13,505,78.26988,87.53489,78.23194,78.8151,78.54937
MIT,b2c13,506,78.12412,87.771774,76.850815,79.16888,78.63515
MIT,b2c13,507,77.93807,87.19068,77.64186,78.72752,78.83542
MIT,b2c13,508,77.85356,87.47136,81.02148,79.19855,78.68604
MIT,b2c13,509,77.706276,85.04625,78.35963,77.545364,78.70588
MIT,b2c13,510,77.5737,87.01387,80.960686,79.14825,78.73325
MIT,b2c13,511,77.43018,86.78936,81.20741,79.233475,78.71022
MIT,b2c13,512,77.306046,83.66329,77.31601,77.40355,78.28735
MIT,b2c13,513,77.109055,87.18329,80.19189,78.908325,77.75041
MIT,b2c13,514,76.99065,87.207886,79.1839,78.99798,77.61541
MIT,b2c13,515,76.87499,87.04383,79.944626,78.9364,77.30489
MIT,b2c13,516,76.729935,87.56916,79.16563,78.256836,77.2995
MIT,b2c13,517,76.59539,87.4417,79.59223,78.18622,77.99639
MIT,b2c13,518,76.47096,87.09496,80.12698,78.62526,77.62476
MIT,b2c13,519,76.312454,86.86634,80.02925,79.19129,77.283646
MIT,b3c13,1,99.90987,97.44029,94.86726,100.36721,99.57365
MIT,b3c13,2,100.0,97.62884,99.31616,100.69487,99.573326
MIT,b3c13,3,100.05574,97.63593,95.283585,100.619,99.812096
MIT,b3c13,4,100.09394,97.71922,95.33142,100.75228,99.89628
MIT,b3c13,5,100.129234,98.19539,99.60709,101.044205,99.91314
MIT,b3c13,6,100.16301,97.87731,95.87473,100.76105,99.90708
MIT,b3c13,7,100.178406,97.91888,96.54519,100.80857,99.930244
MIT,b3c13,8,100.20463,97.87948,98.13799,100.752205,99.93432
MIT,b3c13,9,100.22476,97.76277,95.51686,100.80316,99.92294
MIT,b3c13,10,100.23781,100.803474,97.32385,100.94166,99.95512
MIT,b3c13,11,100.24454,97.69417,95.63605,100.71329,99.940956
MIT,b3c13,12,100.257195,97.78037,95.53724,100.79264,99.953476
MIT,b3c13,13,100.258934,97.78073,98.45973,100.81556,99.95311
MIT,b3c13,14,100.27485,97.79178,97.12802,100.78751,100.006195
MIT,b3c13,15,100.27856,97.821815,95.98293,100.747406,100.01322
MIT,b3c13,16,100.282234,99.31823,97.12824,100.472466,100.01023
MIT,b3c13,17,100.27555,100.85486,97.66648,100.654594,100.033264
MIT,b3c13,18,100.28521,97.859474,96.42542,100.82384,100.010796
MIT,b3c13,19,100.28826,97.844505,95.78648,100.776245,100.01843
MIT,b3c13,20,100.284225,100.9197,97.51751,100.49943,100.034294
MIT,b3c13,21,100.28763,100.97245,97.34612,100.478935,100.03267
MIT,b3c13,22,100.28498,97.97674,95.90644,100.88691,100.02709
MIT,b3c13,23,100.28682,97.88699,94.79936,100.62347,100.04029
MIT,b3c13,24,100.28205,100.81705,97.34451,100.88273,100.033745
MIT,b3c13,25,100.2753,97.79658,99.28255,100.66709,100.0085
MIT,b3c13,26,100.27407,100.74478,97.649185,100.81862,100.05045
MIT,b3c13,27,100.27692,97.86623,96.19152,100.89576,100.03482
MIT,b3c13,28,100.27884,100.81807,97.793686,100.59213,100.06743
MIT,b3c13,29,100.284775,97.872215,99.30003,100.907425,100.06077
MIT,b3c13,30,100.28312,97.95279,96.27897,100.8174,100.07293
MIT,b3c13,31,100.293045,97.94236,94.88878,100.671715,100.05274
MIT,b3c13,32,100.284676,97.99488,98.18472,100.740715,100.05352
MIT,b3c13,33,100.276,100.8197,97.700226,100.16575,100.073135
MIT,b3c13,34,100.280136,100.7427,97.67133,100.70422,100.04456
MIT,b3c13,35,100.27628,97.84233,95.81838,100.734726,100.04534
MIT,b3c13,36,100.27677,97.715805,95.55597,100.7122,100.0432
MIT,b3c13,37,100.26633,97.76281,96.76632,100.82222,100.08257
MIT,b3c13,38,100.2665,97.676384,96.28741,100.77178,100.05781
MIT,b3c13,39,100.26725,97.66685,95.30053,100.46123,100.06616
MIT,b3c13,40,100.26455,100.4931,97.53658,100.335655,100.031075
MIT,b3c13,41,100.26225,100.47926,97.398735,100.220894,100.06694
MIT,b3c13,42,100.25394,97.63103,94.816315,100.50596,100.06616
MIT,b3c13,43,100.25527,100.46984,97.633766,99.88538,100.01057
MIT,b3c13,44,100.25882,100.50731,97.48616,100.51135,100.05072
MIT,b3c13,45,100.25754,97.70267,94.59302,100.59861,100.01289
MIT,b3c13,46,100.25902,97.71179,94.82161,100.39294,100.02511
MIT,b3c13,47,100.26547,99.42728,96.68667,100.33125,100.056984
MIT,b3c13,48,100.261826,97.68906,94.77289,100.53214,100.04923
MIT,b3c13,49,100.26167,97.73205,99.22209,100.65539,100.04769
MIT,b3c13,50,100.26417,97.698364,96.22695,100.64157,100.0083
MIT,b3c13,51,100.25094,97.71676,95.70961,100.56271,99.9928
MIT,b3c13,52,100.140976,97.72424,97.17034,100.633064,99.960144
MIT,b3c13,53,100.25463,97.66609,94.81834,100.423096,100.0
MIT,b3c13,54,100.25509,97.688644,94.60095,100.39536,100.0036
MIT,b3c13,55,100.24978,97.6881,99.05308,100.54245,100.0
MIT,b3c13,56,100.24783,97.65525,95.688385,100.60665,99.989265
MIT,b3c13,57,100.23808,97.593544,99.17632,100.63132,100.0
MIT,b3c13,58,100.23329,100.33527,97.72822,99.99688,99.99014
MIT,b3c13,59,100.2258,97.65084,95.20625,100.4858,100.00438
MIT,b3c13,60,100.22812,97.561035,97.48504,100.54341,99.98732
MIT,b3c13,61,100.220795,97.53142,95.2606,100.443016,99.997894
MIT,b3c13,62,100.222046,97.499146,99.03916,100.60368,99.99763
MIT,b3c13,63,100.21253,100.187996,97.70633,99.686104,99.99603
MIT,b3c13,64,100.20848,97.509575,96.027145,100.6463,99.99681
MIT,b3c13,65,100.2083,97.42197,94.64683,100.38641,99.99426
MIT,b3c13,66,100.20361,97.38402,94.80217,100.29257,100.013504
MIT,b3c13,67,100.198616,97.37656,95.46663,100.604996,100.015274
MIT,b3c13,68,100.195244,100.04038,97.43664,100.38839,100.01712
MIT,b3c13,69,100.19202,97.332214,98.840996,100.48257,99.99426
MIT,b3c13,70,100.18617,97.37288,96.93398,100.42554,100.017426
MIT,b3c13,71,100.19185,97.3637,96.96667,100.417694,99.99265
MIT,b3c13,72,100.182686,97.34863,98.90322,100.403496,100.01488
MIT,b3c13,73,100.18688,100.08392,97.969406,100.065155,99.9935
MIT,b3c13,74,100.16655,97.3536,95.59362,100.378586,99.965866
MIT,b3c13,75,100.16688,99.92748,97.17818,100.49384,100.01232
MIT,b3c13,76,100.16119,97.31285,95.823875,100.38423,100.01428
MIT,b3c13,77,100.15777,97.38297,98.97334,100.58903,100.01513
MIT,b3c13,78,100.16556,100.0022,97.737274,100.21204,99.99111
MIT,b3c13,79,100.16637,99.98919,97.891396,100.4227,99.99272
MIT,b3c13,80,100.14954,97.30301,99.18512,100.34011,99.99111
MIT,b3c13,81,100.14791,97.32674,99.10249,100.42109,99.99111
MIT,b3c13,82,100.147446,97.32744,94.96654,100.3425,99.99111
MIT,b3c13,83,100.1476,97.99848,99.50809,100.393524,99.967735
MIT,b3c13,84,100.15253,97.471275,96.87534,100.30543,99.98428
MIT,b3c13,85,100.1505,98.028915,99.49164,100.50661,99.94906
MIT,b3c13,86,100.15182,97.46486,98.8657,100.46358,99.944756
MIT,b3c13,87,100.140015,97.42237,97.59848,100.30121,99.96211
MIT,b3c13,88,100.127266,97.33237,98.772446,100.30185,99.925835
MIT,b3c13,89,100.12075,97.27727,98.67271,100.37806,99.98336
MIT,b3c13,90,100.11833,97.245316,98.95218,100.405426,99.97906
MIT,b3c13,91,100.107605,97.234886,98.97984,100.16876,99.917786
MIT,b3c13,92,100.101685,99.76251,97.851944,99.81853,99.97906
MIT,b3c13,93,100.10081,97.14123,98.47529,100.30388,99.98681
MIT,b3c13,94,100.09041,97.12275,94.66881,100.2121,99.95846
MIT,b3c13,95,100.08537,97.14766,95.789955,100.299385,99.978096
MIT,b3c13,96,100.08818,97.13239,99.0226,100.32941,99.98681
MIT,b3c13,97,100.07972,99.68761,97.78641,99.97792,99.970825
MIT,b3c13,98,100.07669,99.637474,97.72994,100.30339,99.978096
MIT,b3c13,99,100.07376,97.13566,96.39032,100.334694,99.96654
MIT,b3c13,100,100.06436,99.59244,97.96052,100.359566,99.97906
MIT,b3c13,101,100.05607,99.58219,97.82768,100.4231,99.97964
MIT,b3c13,102,100.06088,99.55764,97.642296,100.35089,99.91328
MIT,b3c13,103,100.057274,98.73221,98.76946,99.76424,99.92057
MIT,b3c13,104,100.05007,97.028465,99.06923,100.27203,99.970345
MIT,b3c13,105,100.04058,97.04467,98.45913,100.114365,99.93769
MIT,b3c13,106,100.05286,97.08571,96.56875,100.12022,99.88274
MIT,b3c13,107,100.04967,97.12254,98.60806,100.124435,99.91644
MIT,b3c13,108,100.04436,97.10902,98.95238,100.18672,99.88675
MIT,b3c13,109,100.041405,97.10767,98.445625,100.29363,99.94448
MIT,b3c13,110,100.03601,97.13983,98.73353,99.95064,99.874214
MIT,b3c13,111,100.03375,97.21529,98.90613,100.39378,99.926544
MIT,b3c13,112,100.03733,97.13647,96.61916,100.01391,99.88894
MIT,b3c13,113,100.03119,97.18792,98.781,100.36473,99.91618
MIT,b3c13,114,100.033485,97.18726,98.69355,100.04128,99.9138
MIT,b3c13,115,100.029335,99.7478,98.04757,99.80703,99.90678
MIT,b3c13,116,100.02452,97.187874,98.41583,100.01144,99.82808
MIT,b3c13,117,100.0152,99.76694,98.13735,99.50223,99.89838
MIT,b3c13,118,100.009636,98.99503,98.86468,99.61972,99.8665
MIT,b3c13,119,100.00946,99.694565,98.055214,99.61946,99.850655
MIT,b3c13,120,99.99962,98.89865,99.03372,99.79996,99.8304
MIT,b3c13,121,99.99442,99.62122,97.90181,99.83868,99.84447
MIT,b3c13,122,99.990425,99.55828,98.08147,99.43509,99.86305
MIT,b3c13,123,99.98377,97.04498,98.71397,100.11253,99.80068
MIT,b3c13,124,99.98286,99.51781,97.848625,99.97887,99.80448
MIT,b3c13,125,99.97746,96.96765,94.20588,100.127556,99.85841
MIT,b3c13,126,99.97165,98.5981,98.01732,99.47852,99.82502
MIT,b3c13,127,99.95963,96.86948,98.94265,100.01514,99.83276
MIT,b3c13,128,99.9572,96.86266,95.98607,99.90629,99.80435
MIT,b3c13,129,99.95037,99.311874,97.97637,99.45891,99.86569
MIT,b3c13,130,99.94573,99.26845,97.93304,100.30287,99.867905
MIT,b3c13,131,99.94117,96.78839,98.19017,99.914505,99.83691
MIT,b3c13,132,99.93828,99.221954,97.88123,100.23926,99.79842
MIT,b3c13,133,99.93514,99.21076,97.962654,100.44248,99.855064
MIT,b3c13,134,99.923874,96.77575,98.625534,99.90241,99.80061
MIT,b3c13,135,99.93228,96.71237,95.31245,99.66672,99.85141
MIT,b3c13,136,99.91307,96.68042,96.82188,100.06302,99.80009
MIT,b3c13,137,99.91097,99.19874,97.69714,100.00997,99.8014
MIT,b3c13,138,99.91035,99.32555,97.84255,99.71453,99.76438
MIT,b3c13,139,99.913734,96.89527,98.73998,99.880066,99.788925
MIT,b3c13,140,99.91298,96.91377,98.696175,100.02638,99.77926
MIT,b3c13,141,99.91249,99.34163,97.87011,99.80302,99.77495
MIT,b3c13,142,99.90647,96.90709,98.58599,99.929825,99.742294
MIT,b3c13,143,99.899155,99.3261,97.999626,99.918816,99.74225
MIT,b3c13,144,99.89313,96.880104,98.04293,99.99021,99.75835
MIT,b3c13,145,99.89488,96.895905,98.67093,99.88564,99.729256
MIT,b3c13,146,99.89069,96.927475,98.24159,99.826065,99.76253
MIT,b3c13,147,99.887665,99.30337,97.80848,99.698715,99.71691
MIT,b3c13,148,99.87282,96.87428,96.230545,99.99662,99.69747
MIT,b3c13,149,99.87158,96.80428,98.36376,99.55423,99.74721
MIT,b3c13,150,99.86249,96.806335,96.1387,99.696465,99.73691
MIT,b3c13,151,99.859795,99.185135,97.944374,99.95824,99.74721
MIT,b3c13,152,99.85163,96.77489,95.81105,99.79784,99.72028
MIT,b3c13,153,99.84161,99.106415,97.88111,99.51321,99.7579
MIT,b3c13,154,99.83529,96.69013,98.565865,99.74157,99.753586
MIT,b3c13,155,99.831154,96.653656,93.87929,99.9188,99.74957
MIT,b3c13,156,99.8169,96.61722,95.60015,99.77447,99.74043
MIT,b3c13,157,99.816505,96.54333,95.74498,99.70598,99.75159
MIT,b3c13,158,99.80969,96.57973,95.632065,99.502594,99.739716
MIT,b3c13,159,99.799545,96.55007,96.43247,99.796074,99.739716
MIT,b3c13,160,99.795364,96.53481,98.9514,99.84834,99.752945
MIT,b3c13,161,99.78742,96.50973,94.29857,99.668625,99.76959
MIT,b3c13,162,99.77573,96.49055,95.54311,99.52713,99.7767
MIT,b3c13,163,99.77226,98.06219,95.38869,99.19303,99.74692
MIT,b3c13,164,99.76912,96.47165,95.190475,99.54854,99.73627
MIT,b3c13,165,99.76713,96.518425,98.82605,99.727516,99.740875
MIT,b3c13,166,99.766,98.97364,97.827644,99.065186,99.71293
MIT,b3c13,167,99.76954,96.66673,96.44442,99.88174,99.73604
MIT,b3c13,168,99.7681,96.634415,95.70383,99.63495,99.71495
MIT,b3c13,169,99.76786,96.64653,98.87431,99.81259,99.69835
MIT,b3c13,170,99.76906,96.68606,98.61783,100.125336,99.71495
MIT,b3c13,171,99.7617,98.28189,98.76196,99.30448,99.69672
MIT,b3c13,172,99.76041,99.01559,98.08136,99.83292,99.70827
MIT,b3c13,173,99.753716,96.64487,98.7119,99.95638,99.701775
MIT,b3c13,174,99.745895,96.64567,96.632416,99.57742,99.70654
MIT,b3c13,175,99.74232,96.63539,96.960655,99.59593,99.702
MIT,b3c13,176,99.733444,96.72927,98.03993,99.596344,99.76936
MIT,b3c13,177,99.741936,96.6421,96.74676,99.58454,99.748886
MIT,b3c13,178,99.73363,96.64063,97.51267,99.741066,99.70254
MIT,b3c13,179,99.724945,96.679474,95.551834,99.56108,99.6967
MIT,b3c13,180,99.71459,96.667595,97.49772,99.69072,99.69619
MIT,b3c13,181,99.71474,96.61187,97.413666,99.479805,99.698006
MIT,b3c13,182,99.709885,96.637215,97.4586,99.70403,99.70789
MIT,b3c13,183,99.70677,96.61376,96.66697,99.68227,99.69253
MIT,b3c13,184,99.69778,96.641785,96.52351,99.538246,99.70199
MIT,b3c13,185,99.69403,98.90727,97.962875,99.771576,99.69223
MIT,b3c13,186,99.6882,96.49049,96.49131,99.71091,99.70573
MIT,b3c13,187,99.681725,96.51224,98.39395,99.57776,99.68502
MIT,b3c13,188,99.671295,98.74,98.00387,100.05075,99.697
MIT,b3c13,189,99.65693,96.32425,95.697685,99.518135,99.674126
MIT,b3c13,190,99.64636,98.59512,98.005325,100.25803,99.72409
MIT,b3c13,191,99.64672,96.264984,97.464935,99.7528,99.59923
MIT,b3c13,192,99.63723,98.51674,97.829666,100.23636,99.612274
MIT,b3c13,193,99.62943,98.45058,97.746056,100.277466,99.698654
MIT,b3c13,194,99.613754,96.15292,98.817116,99.74201,99.66114
MIT,b3c13,195,99.6107,96.20063,95.84224,99.461494,99.62348
MIT,b3c13,196,99.61437,98.60064,98.06762,100.054985,99.68545
MIT,b3c13,197,99.62338,97.87744,96.89317,99.30921,99.66324
MIT,b3c13,198,99.61877,98.68996,98.02723,99.759674,99.686
MIT,b3c13,199,99.62286,98.71451,97.914734,99.7114,99.68598
MIT,b3c13,200,99.61557,96.385735,97.61998,99.6941,99.69892
MIT,b3c13,201,99.608406,96.43938,98.27973,99.73207,99.69892
MIT,b3c13,202,99.60748,98.69856,97.9481,99.369774,99.71505
MIT,b3c13,203,99.60009,96.42699,96.06353,99.32589,99.70727
MIT,b3c13,204,99.599335,96.4509,97.193695,99.36994,99.75122
MIT,b3c13,205,99.59393,96.46685,96.66641,99.41002,99.709946
MIT,b3c13,206,99.598694,96.452995,96.789215,98.868484,99.67539
MIT,b3c13,207,99.59211,96.43207,98.19392,99.58065,99.63992
MIT,b3c13,208,99.58132,98.66486,98.15444,99.623535,99.70827
MIT,b3c13,209,99.57494,97.326645,98.69077,99.65639,99.67569
MIT,b3c13,210,99.56654,96.38381,98.2522,99.66483,99.68602
MIT,b3c13,211,99.5675,96.37219,98.33193,98.98692,99.67784
MIT,b3c13,212,99.559906,97.96447,97.545105,98.74057,99.68638
MIT,b3c13,213,99.5556,96.39891,98.23355,99.58522,99.68276
MIT,b3c13,214,99.555984,96.367256,97.405396,99.180695,99.66992
MIT,b3c13,215,99.54948,98.66681,98.23383,99.147415,99.71903
MIT,b3c13,216,99.543724,96.38406,98.18471,99.811584,99.6798
MIT,b3c13,217,99.54309,96.38705,98.15169,99.64524,99.69005
MIT,b3c13,218,99.53818,98.66424,98.16834,99.219734,99.68622
MIT,b3c13,219,99.53111,96.360146,97.954414,99.51375,99.716835
MIT,b3c13,220,99.52618,97.94347,97.952484,98.910255,99.70196
MIT,b3c13,221,99.52392,98.58761,98.09258,99.384575,99.67868
MIT,b3c13,222,99.51621,96.30744,97.56222,99.3069,99.74948
MIT,b3c13,223,99.506645,98.53573,97.86812,99.32455,99.77814
MIT,b3c13,224,99.493416,96.26127,98.09236,99.551544,99.675026
MIT,b3c13,225,99.49451,97.74431,98.340034,99.071335,99.68723
MIT,b3c13,226,99.48988,96.29977,98.188,99.61125,99.69012
MIT,b3c13,227,99.48752,96.28657,97.52937,99.104485,99.64324
MIT,b3c13,228,99.48114,96.292015,98.17892,99.4598,99.6454
MIT,b3c13,229,99.479576,97.88631,98.18642,99.1116,99.653625
MIT,b3c13,230,99.471985,96.24435,98.170525,99.49859,99.63066
MIT,b3c13,231,99.4671,98.50428,98.111244,98.99174,99.61486
MIT,b3c13,232,99.45613,98.51332,98.11291,99.06993,99.62465
MIT,b3c13,233,99.45771,96.23757,98.08283,99.37758,99.525604
MIT,b3c13,234,99.445564,96.23462,98.15963,99.46598,99.6679
MIT,b3c13,235,99.44927,98.43932,98.11998,99.3871,99.67466
MIT,b3c13,236,99.43804,98.41683,98.15758,98.404594,99.57625
MIT,b3c13,237,99.4329,96.17915,98.19605,99.39998,99.57707
MIT,b3c13,238,99.42647,96.15917,98.248856,99.24868,99.579926
MIT,b3c13,239,99.42164,96.090355,97.47967,99.43218,99.67281
MIT,b3c13,240,99.41263,96.125374,97.689926,99.58071,99.55963
MIT,b3c13,241,99.40699,96.01992,97.03323,99.85516,99.63968
MIT,b3c13,242,99.399155,98.253525,97.98262,99.434746,99.60201
MIT,b3c13,243,99.39141,96.112656,98.063354,99.398605,99.62525
MIT,b3c13,244,99.38693,96.137184,98.27268,99.5165,99.61885
MIT,b3c13,245,99.390015,98.314224,98.10016,99.29376,99.568825
MIT,b3c13,246,99.3863,96.0792,98.079956,99.47214,99.56409
MIT,b3c13,247,99.38478,96.08509,97.796295,99.22239,99.58721
MIT,b3c13,248,99.36932,96.13921,98.097786,99.510765,99.602585
MIT,b3c13,249,99.368355,96.11334,98.134125,99.45716,99.58175
MIT,b3c13,250,99.36356,96.08184,97.438126,99.34373,99.58989
MIT,b3c13,251,99.35799,97.09949,98.52358,99.336716,99.602036
MIT,b3c13,252,99.34569,96.100204,98.250084,99.4489,99.548004
MIT,b3c13,253,99.34692,97.63391,98.17711,98.904076,99.57748
MIT,b3c13,254,99.33697,98.20629,98.13639,99.021484,99.5632
MIT,b3c13,255,99.32766,96.02349,98.29637,99.14029,99.5632
MIT,b3c13,256,99.321014,98.16289,98.09917,98.91533,99.58234
MIT,b3c13,257,99.31945,95.955025,97.73648,99.11862,99.57393
MIT,b3c13,258,99.31207,97.53643,97.01006,98.676834,99.55218
MIT,b3c13,259,99.31162,96.97426,98.41846,99.363106,99.55504
MIT,b3c13,260,99.29487,96.002335,98.14088,99.14908,99.57393
MIT,b3c13,261,99.29163,96.01269,98.26374,99.13993,99.47648
MIT,b3c13,262,99.287476,96.04843,98.195625,99.417656,99.48408
MIT,b3c13,263,99.28689,95.9425,97.26481,99.19033,99.51327
MIT,b3c13,264,99.282265,95.953285,98.019875,99.14055,99.52836
MIT,b3c13,265,99.27082,95.97276,98.17648,99.05477,99.50837
MIT,b3c13,266,99.267586,98.108734,98.18675,99.31735,99.275185
MIT,b3c13,267,99.26207,95.92033,97.77585,99.06756,99.483444
MIT,b3c13,268,99.25693,98.08101,98.21371,98.91931,99.527435
MIT,b3c13,269,99.25045,97.4178,96.10649,98.60737,99.406784
MIT,b3c13,270,99.24154,95.805405,97.77577,99.24177,99.554924
MIT,b3c13,271,99.22978,97.97209,98.09694,99.05029,99.39804
MIT,b3c13,272,99.23435,96.93435,98.11543,99.14141,99.46477
MIT,b3c13,273,99.23154,95.838554,96.32152,99.436676,99.40626
MIT,b3c13,274,99.21945,95.841736,95.30403,99.079994,99.556496
MIT,b3c13,275,99.216125,95.80824,96.8553,98.85593,99.43653
MIT,b3c13,276,99.20952,97.34879,95.275444,98.517,99.49742
MIT,b3c13,277,99.19831,95.814476,96.20465,98.90787,99.34495
MIT,b3c13,278,99.1929,95.78286,95.08314,98.967514,99.4083
MIT,b3c13,279,99.189835,95.75678,94.953926,99.05996,99.27631
MIT,b3c13,280,99.18526,97.93295,97.90548,99.043655,99.39653
MIT,b3c13,281,99.17493,95.7369,94.930695,99.10009,99.47465
MIT,b3c13,282,99.16082,95.69124,97.98073,99.23321,99.354355
MIT,b3c13,283,99.15462,95.6591,94.544754,99.0117,99.449974
MIT,b3c13,284,99.148254,95.61605,98.20505,99.05025,99.34296
MIT,b3c13,285,99.13652,97.739655,97.94166,99.03436,99.3519
MIT,b3c13,286,99.12905,97.71637,98.09549,99.14059,99.37559
MIT,b3c13,287,99.12114,95.590866,95.054214,99.08094,99.33805
MIT,b3c13,288,99.11486,95.564316,93.20344,98.64028,99.33993
MIT,b3c13,289,99.10852,97.72562,98.13911,99.258865,99.33955
MIT,b3c13,290,99.10139,97.727234,98.25231,98.93768,99.35112
MIT,b3c13,291,99.09922,97.73861,98.20359,99.00717,99.340096
MIT,b3c13,292,99.09632,97.75367,98.20019,99.14664,99.33088
MIT,b3c13,293,99.091324,97.75561,98.24543,98.86965,99.25077
MIT,b3c13,294,99.08067,95.563576,95.54212,99.055786,99.30436
MIT,b3c13,295,99.069725,97.70319,98.05821,98.73126,99.281975
MIT,b3c13,296,99.06522,97.69134,98.133644,98.503075,99.369286
MIT,b3c13,297,99.056435,95.56781,94.55025,98.96022,99.32077
MIT,b3c13,298,99.051056,97.664,98.09724,98.88071,99.29546
MIT,b3c13,299,99.03893,95.52838,93.70667,98.99495,99.229004
MIT,b3c13,300,99.0398,95.57627,96.80803,99.113594,99.220146
MIT,b3c13,301,99.03208,95.61013,94.14932,98.88889,99.2629
MIT,b3c13,302,99.0263,95.60395,94.17077,98.84523,99.26078
MIT,b3c13,303,99.01938,95.51722,93.9857,98.66925,99.25564
MIT,b3c13,304,99.006775,95.50868,96.62157,99.08784,99.27509
MIT,b3c13,305,98.99784,95.475586,97.571014,99.17823,99.329895
MIT,b3c13,306,98.989685,95.43947,94.59858,99.260056,99.19953
MIT,b3c13,307,98.97931,97.5028,98.04892,99.060814,99.30969
MIT,b3c13,308,98.97306,95.38901,93.59008,98.69607,99.23849
MIT,b3c13,309,98.97592,95.345795,97.29783,99.08996,99.26242
MIT,b3c13,310,98.97045,95.364105,94.82376,98.8593,99.183784
MIT,b3c13,311,98.95894,95.41306,97.334755,99.08388,99.19609
MIT,b3c13,312,98.94623,97.03742,94.83627,98.327194,99.24368
MIT,b3c13,313,98.94189,95.32898,97.13943,98.745766,99.20121
MIT,b3c13,314,98.93416,95.33646,94.649994,98.84425,99.26822
MIT,b3c13,315,98.93288,96.94996,96.339035,98.671616,99.20041
MIT,b3c13,316,98.92493,97.36588,98.11263,99.104324,99.19603
MIT,b3c13,317,98.91335,97.36219,98.020584,99.24522,99.23777
MIT,b3c13,318,98.90493,96.93227,97.60571,98.17304,99.21363
MIT,b3c13,319,98.89981,95.24952,93.8014,99.04884,99.20215
MIT,b3c13,320,98.89772,95.18764,94.05619,98.995766,99.21987
MIT,b3c13,321,98.88716,96.88578,94.79263,97.99192,99.17419
MIT,b3c13,322,98.88033,95.17296,92.5206,99.20929,99.13237
MIT,b3c13,323,98.87159,95.19445,97.343704,99.03399,99.13838
MIT,b3c13,324,98.86982,97.25389,98.02334,99.2279,99.137726
MIT,b3c13,325,98.858604,97.26311,98.12879,98.93674,99.17188
MIT,b3c13,326,98.84783,95.25375,93.75455,98.60151,99.08942
MIT,b3c13,327,98.732574,95.19704,97.76141,98.95292,99.11676
MIT,b3c13,328,98.8403,95.18464,93.809044,99.05977,99.077934
MIT,b3c13,329,98.83738,95.12551,94.13828,98.68677,99.11188
MIT,b3c13,330,98.82318,96.5812,98.24994,99.14173,99.05605
MIT,b3c13,331,98.815575,95.17633,93.617134,98.942055,99.05192
MIT,b3c13,332,98.81888,96.51059,97.83975,98.75606,99.03538
MIT,b3c13,333,98.80466,97.250084,98.18545,98.6764,99.051186
MIT,b3c13,334,98.79426,95.101295,97.25808,99.03212,99.01345
MIT,b3c13,335,98.784454,97.17645,98.060745,98.19113,99.05398
MIT,b3c13,336,98.77482,95.06315,97.45941,98.88684,99.00416
MIT,b3c13,337,98.76954,95.00935,94.783394,98.75636,98.99922
MIT,b3c13,338,98.75668,95.03343,93.24368,98.80248,98.921104
MIT,b3c13,339,98.75443,97.03962,98.13355,99.12669,98.94502
MIT,b3c13,340,98.746735,97.014206,98.13551,99.18213,98.982155
MIT,b3c13,341,98.736694,94.95287,92.80481,98.725395,98.941536
MIT,b3c13,342,98.73436,94.926285,92.51923,98.72304,98.950645
MIT,b3c13,343,98.71811,94.98371,92.91436,98.773926,98.962234
MIT,b3c13,344,98.71598,94.90383,97.949326,98.917336,98.725845
MIT,b3c13,345,98.70934,96.32491,98.389175,98.87546,98.914215
MIT,b3c13,346,98.698555,94.85927,97.63115,98.66358,98.93517
MIT,b3c13,347,98.684975,94.83454,97.93729,98.85004,98.93201
MIT,b3c13,348,98.675545,94.857506,93.635124,99.06518,98.9139
MIT,b3c13,349,98.66859,96.829185,98.20166,98.88868,98.91994
MIT,b3c13,350,98.66277,94.78744,97.78022,98.53435,98.901665
MIT,b3c13,351,98.65564,96.53048,94.39299,98.40154,98.920006
MIT,b3c13,352,98.643906,94.78257,92.15395,98.627464,98.91153
MIT,b3c13,353,98.63156,94.76519,91.93778,98.469444,98.942314
MIT,b3c13,354,98.620926,96.56489,94.37428,97.940765,98.92602
MIT,b3c13,355,98.61422,96.770485,98.14739,98.71817,98.9139
MIT,b3c13,356,98.6118,94.7415,92.61735,98.691696,98.946045
MIT,b3c13,357,98.606255,96.84315,98.15345,98.90541,98.92993
MIT,b3c13,358,98.595,96.93851,98.22948,97.799995,98.8709
MIT,b3c13,359,98.59958,94.86898,91.91531,98.44859,98.96213
MIT,b3c13,360,98.58968,96.34001,98.21396,99.368515,98.969505
MIT,b3c13,361,98.58562,94.95911,92.77654,98.625114,98.98944
MIT,b3c13,362,98.579994,96.98233,98.22842,98.184135,99.01085
MIT,b3c13,363,98.571884,94.93362,91.572235,98.49717,99.01852
MIT,b3c13,364,98.561874,96.930305,98.23535,98.12787,99.071724
MIT,b3c13,365,98.55163,94.879105,92.258415,98.484406,99.0565
MIT,b3c13,366,98.54005,94.863495,91.84372,98.53123,99.00013
MIT,b3c13,367,98.53478,94.8335,97.6374,98.46349,99.029655
MIT,b3c13,368,98.528336,96.861015,98.185936,98.580154,98.98297
MIT,b3c13,369,98.5207,94.84032,92.02602,98.248955,98.98206
MIT,b3c13,370,98.5125,94.88546,95.22406,98.58316,99.00198
MIT,b3c13,371,98.50308,94.88749,91.99302,98.458885,99.006454
MIT,b3c13,372,98.49379,94.88268,90.69243,98.30059,99.04937
MIT,b3c13,373,98.48354,96.91054,98.2438,98.28163,99.023636
MIT,b3c13,374,98.36694,94.877106,91.80736,98.16408,99.0211
MIT,b3c13,375,98.47684,94.85382,92.286385,98.41246,99.04547
MIT,b3c13,376,98.463974,96.54659,94.49984,98.46308,98.99141
MIT,b3c13,377,98.45373,94.84939,91.70123,98.51635,98.9632
MIT,b3c13,378,98.43711,94.84941,93.035835,98.51801,98.9743
MIT,b3c13,379,98.43616,96.803055,98.27294,98.11286,99.012924
MIT,b3c13,380,98.4304,96.763565,98.26893,98.18101,99.06169
MIT,b3c13,381,98.41712,96.72594,98.34814,97.92313,98.9632
MIT,b3c13,382,98.41183,94.64004,91.77667,98.11807,98.97101
MIT,b3c13,383,98.40092,94.68219,90.35392,97.838646,98.924164
MIT,b3c13,384,98.39351,96.745316,98.30354,98.17186,98.96647
MIT,b3c13,385,98.38663,94.78629,91.56361,97.94969,98.96647
MIT,b3c13,386,98.38301,96.76191,98.246704,98.01445,98.84721
MIT,b3c13,387,98.374664,94.679146,91.0757,98.38756,98.992004
MIT,b3c13,388,98.3635,94.72449,90.517296,98.04624,98.94324
MIT,b3c13,389,98.35642,94.681206,90.615204,97.93705,98.912384
MIT,b3c13,390,98.34738,96.70522,98.17607,97.91279,98.96293
MIT,b3c13,391,98.337135,96.7485,93.36957,98.1207,98.93989
MIT,b3c13,392,98.331276,94.77437,91.6966,98.08628,98.92627
MIT,b3c13,393,98.323906,94.709015,91.90584,98.25422,98.95024
MIT,b3c13,394,98.321,94.65194,92.92694,98.553566,98.95058
MIT,b3c13,395,98.3039,94.60301,92.46693,98.12394,99.00267
MIT,b3c13,396,98.28993,96.544754,98.133484,98.28032,98.81364
MIT,b3c13,397,98.289345,94.4547,90.74579,98.05913,98.84503
MIT,b3c13,398,98.276375,94.494415,91.14795,98.050804,98.80927
MIT,b3c13,399,98.26899,94.44377,91.5796,98.03169,98.85538
MIT,b3c13,400,98.26221,94.44212,91.47461,98.18426,98.81504
MIT,b3c13,401,98.250946,94.444725,95.36258,98.66449,98.88135
MIT,b3c13,402,98.24201,96.454315,98.27215,98.310555,98.813065
MIT,b3c13,403,98.23372,94.45211,92.093185,98.56457,98.85538
MIT,b3c13,404,98.227806,94.45056,95.98489,98.508286,98.813065
MIT,b3c13,405,98.21807,94.44021,94.39777,98.497955,98.82196
MIT,b3c13,406,98.20934,94.402306,95.62596,98.2534,98.65811
MIT,b3c13,407,98.20401,94.396416,90.74281,97.67937,98.7941
MIT,b3c13,408,98.19731,94.401726,92.39387,97.94582,98.656136
MIT,b3c13,409,98.1884,96.43786,98.212654,98.22448,98.81166
MIT,b3c13,410,98.17817,94.39665,90.451485,97.69171,98.67925
MIT,b3c13,411,98.174934,96.3799,98.241615,98.18732,98.440315
MIT,b3c13,412,98.1574,94.35606,90.64501,97.774315,98.6723
MIT,b3c13,413,98.147575,94.36916,90.54915,97.29055,98.67925
MIT,b3c13,414,98.13609,94.399765,91.41035,97.93781,98.810265
MIT,b3c13,415,98.12836,94.37398,96.284615,98.45028,98.79566
MIT,b3c13,416,98.12301,94.33597,95.6746,97.78721,98.662575
MIT,b3c13,417,98.111824,94.35153,93.47879,98.26268,98.7913
MIT,b3c13,418,98.10421,94.34283,89.941734,97.597374,98.653336
MIT,b3c13,419,98.101364,96.35136,98.305,97.73115,98.600525
MIT,b3c13,420,98.09005,94.359474,91.425606,97.31379,98.655624
MIT,b3c13,421,97.96618,94.36006,91.11001,98.393906,98.522255
MIT,b3c13,422,98.07034,96.18321,95.93279,98.50267,98.7684
MIT,b3c13,423,98.05579,94.34398,92.47084,97.47671,98.67641
MIT,b3c13,424,98.04726,94.379715,92.405426,98.355774,98.62763
MIT,b3c13,425,98.03613,96.32572,98.13517,97.748634,98.63177
MIT,b3c13,426,98.0279,96.33119,98.23088,97.66952,98.60456
MIT,b3c13,427,98.01925,94.28949,92.97024,98.1581,98.48876
MIT,b3c13,428,98.006165,94.23021,90.38259,97.71326,98.56511
MIT,b3c13,429,97.991325,96.21057,98.333565,97.73733,98.58289
MIT,b3c13,430,97.980034,94.241684,94.21519,98.12374,98.48447
MIT,b3c13,431,97.97285,94.22647,95.51234,97.8963,98.57005
MIT,b3c13,432,97.957115,96.14239,98.31189,98.08118,98.540184
MIT,b3c13,433,97.95709,96.058876,96.39124,98.13496,98.52554
MIT,b3c13,434,97.941185,94.1307,90.28922,97.2919,98.43404
MIT,b3c13,435,97.93006,96.0851,98.32636,98.02357,98.406975
MIT,b3c13,436,97.922226,94.15736,90.92481,97.84356,98.404686
MIT,b3c13,437,97.91097,96.023964,98.30965,97.99642,98.43404
MIT,b3c13,438,97.89958,95.97034,98.30949,98.0694,98.406975
MIT,b3c13,439,97.890656,93.93355,94.177475,98.19449,98.427666
MIT,b3c13,440,97.87228,95.826195,98.25864,98.19094,98.29012
MIT,b3c13,441,97.86628,93.76805,91.227,97.67144,98.1767
MIT,b3c13,442,97.84774,93.7723,90.83654,97.94379,98.13212
MIT,b3c13,443,97.83854,93.69006,92.997444,97.8163,98.23509
MIT,b3c13,444,97.8271,93.63455,91.8394,97.28913,98.081566
MIT,b3c13,445,97.81263,95.62163,98.18058,98.461914,98.12888
MIT,b3c13,446,97.80759,93.65158,90.69904,97.43304,97.9973
MIT,b3c13,447,97.7918,95.68533,98.19335,98.08725,98.1338
MIT,b3c13,448,97.78649,95.76722,98.21997,98.21237,98.25871
MIT,b3c13,449,97.78208,93.92156,91.42828,97.44174,98.13006
MIT,b3c13,450,97.78092,95.73515,97.347885,98.39737,98.33263
MIT,b3c13,451,97.76457,95.90193,98.33983,97.616714,98.39261
MIT,b3c13,452,97.76511,93.95513,90.71264,97.92374,98.29555
MIT,b3c13,453,97.75696,93.91859,90.039955,97.60225,98.41293
MIT,b3c13,454,97.74463,95.94892,98.24112,97.44802,98.40165
MIT,b3c13,455,97.74166,93.922455,93.47918,97.985405,98.414764
MIT,b3c13,456,97.72945,93.99334,91.50667,97.68137,98.352425
MIT,b3c13,457,97.71726,93.90859,89.33298,97.90129,98.20784
MIT,b3c13,458,97.708084,93.87844,95.99078,97.47502,98.40025
MIT,b3c13,459,97.69136,95.84564,97.95056,97.40107,98.17241
MIT,b3c13,460,97.686195,93.86734,89.73051,97.85169,98.13426
MIT,b3c13,461,97.67765,95.81085,98.26639,97.703255,98.127266
MIT,b3c13,462,97.666374,93.791214,89.73455,97.534096,98.13987
MIT,b3c13,463,97.64991,95.730484,98.199265,97.8917,98.143456
MIT,b3c13,464,97.63613,93.74122,94.20651,97.18014,97.93255
MIT,b3c13,465,97.62843,95.71973,98.17174,97.61989,98.06778
MIT,b3c13,466,97.62107,95.866905,93.18546,98.1201,98.01259
MIT,b3c13,467,97.60847,95.692856,98.47685,97.87962,97.91749
MIT,b3c13,468,97.59604,93.70122,90.76033,97.623116,97.99329
MIT,b3c13,469,97.58576,93.649704,89.432884,97.39418,97.95732
MIT,b3c13,470,97.57835,95.642105,98.29354,97.72445,97.990166
MIT,b3c13,471,97.55413,95.60929,98.215126,97.760605,98.028755
MIT,b3c13,472,97.54848,95.579865,98.24961,97.84386,98.028755
MIT,b3c13,473,97.53231,93.6234,92.632866,97.138626,97.98147
MIT,b3c13,474,97.52596,93.57204,90.50786,97.159325,97.95732
MIT,b3c13,475,97.50698,93.56044,88.442505,97.18339,97.97805
MIT,b3c13,476,97.494484,95.463844,98.10943,98.11178,97.94181
MIT,b3c13,477,97.48383,93.49558,89.37907,96.8256,97.904205
MIT,b3c13,478,97.47111,93.48579,89.59944,97.514435,97.898346
MIT,b3c13,479,97.46161,95.35239,98.1846,97.89003,97.89534
MIT,b3c13,480,97.45031,93.46339,88.733055,96.91015,97.90623
MIT,b3c13,481,97.44391,93.4361,88.58009,96.98428,97.90614
MIT,b3c13,482,97.42392,95.4033,98.209984,97.55424,97.82874
MIT,b3c13,483,97.41487,93.46606,95.98862,97.03338,97.89624
MIT,b3c13,484,97.40156,95.49666,97.163315,97.84253,97.81176
MIT,b3c13,485,97.38781,93.456375,89.5453,97.230354,97.92337
MIT,b3c13,486,97.380196,93.35147,90.812386,96.88815,97.54658
MIT,b3c13,487,97.36353,95.29278,98.09162,97.98948,97.92017
MIT,b3c13,488,97.34887,95.26889,98.08122,98.07207,97.755516
MIT,b3c13,489,97.33654,93.371475,89.02312,96.83047,97.897575
MIT,b3c13,490,97.33004,93.40394,88.91765,96.580536,97.86292
MIT,b3c13,491,97.30921,95.59843,91.5555,97.68026,97.778824
MIT,b3c13,492,97.3025,93.101395,91.79773,97.275276,97.86461
MIT,b3c13,493,97.28521,93.04385,96.54553,96.8617,97.904854
MIT,b3c13,494,97.26957,93.024254,88.683136,96.56667,97.59754
MIT,b3c13,495,97.25841,94.93813,98.210464,98.37819,96.61725
MIT,b3c13,496,97.24067,92.990585,88.79275,96.336,97.60221
MIT,b3c13,497,97.22948,94.894684,98.22716,98.42094,97.63591
MIT,b3c13,498,97.217384,92.94519,88.486946,96.46242,97.46863
MIT,b3c13,499,97.205696,94.880394,98.33923,98.22899,97.581894
MIT,b3c13,500,97.19014,92.95245,88.9084,96.48752,97.614395
MIT,b3c13,501,97.17317,92.799446,89.17379,96.75288,97.54188
MIT,b3c13,502,97.15501,92.73699,89.99988,96.67388,97.30291
MIT,b3c13,503,97.139824,92.63957,88.154465,96.349976,97.167946
MIT,b3c13,504,97.118034,92.68394,90.084694,96.771774,97.26274
MIT,b3c13,505,97.10888,92.51666,88.07441,96.15064,97.09784
MIT,b3c13,506,97.089645,92.3731,88.34943,96.437614,96.96336
MIT,b3c13,507,97.068726,92.43439,89.7936,96.66426,96.89967
MIT,b3c13,508,97.05153,94.80792,97.357086,97.06609,96.721954
MIT,b3c13,509,97.03653,92.29396,92.808754,96.40157,96.82338
MIT,b3c13,510,97.01859,92.33438,94.176956,96.244385,96.7841
MIT,b3c13,511,97.0001,92.3722,89.40981,96.74512,96.75888
MIT,b3c13,512,96.99122,92.40645,89.19887,96.3415,96.77638
MIT,b3c13,513,96.978806,92.47493,90.93339,96.93277,96.87521
MIT,b3c13,514,96.96847,92.52107,91.97481,96.72694,96.943146
MIT,b3c13,515,96.95689,94.52992,98.187706,98.011856,97.10905
MIT,b3c13,516,96.94797,92.68952,87.40895,96.14055,97.21305
MIT,b3c13,517,96.93297,92.72841,89.41979,96.84299,97.341
MIT,b3c13,518,96.92207,94.605804,98.238174,98.04105,97.220314
MIT,b3c13,519,96.90292,92.67659,88.586266,96.134254,97.17389
MIT,b3c13,520,96.89357,94.52063,98.30516,97.959335,97.33733
MIT,b3c13,521,96.873405,92.636925,87.54762,96.32334,97.335106
MIT,b3c13,522,96.861275,92.634155,88.38503,96.15241,97.23029
MIT,b3c13,523,96.85118,94.9755,96.93206,96.58361,97.32181
MIT,b3c13,524,96.83781,95.14653,93.29138,97.18076,97.38068
MIT,b3c13,525,96.816826,92.571045,91.582436,96.19983,97.34076
MIT,b3c13,526,96.80312,92.43784,90.62233,96.35992,97.285324
MIT,b3c13,527,96.78225,92.46442,88.83918,96.02698,97.272575
MIT,b3c13,528,96.77055,94.31199,98.30576,97.79581,97.18267
MIT,b3c13,529,96.75304,94.255936,98.293144,97.88468,97.105125
MIT,b3c13,530,96.737206,92.27345,88.10144,95.78423,97.03175
MIT,b3c13,531,96.719475,92.20422,89.20945,96.146484,96.77694
MIT,b3c13,532,96.70712,92.14271,90.646904,95.93908,97.21388
MIT,b3c13,533,96.6931,92.212364,89.692825,96.08193,97.20743
MIT,b3c13,534,96.67163,92.163185,89.61593,96.25576,97.264084
MIT,b3c13,535,96.65919,92.08179,89.947754,96.00639,97.058014
MIT,b3c13,536,96.64113,92.090096,94.68312,95.80838,96.86248
MIT,b3c13,537,96.6213,91.97678,95.09702,95.70584,96.805336
MIT,b3c13,538,96.59908,92.09329,88.57067,95.70201,96.749954
MIT,b3c13,539,96.58761,91.93129,91.26742,96.222626,97.09818
MIT,b3c13,540,96.56521,91.91566,89.159645,96.02785,96.729645
MIT,b3c13,541,96.55518,91.81555,89.35109,95.68047,96.82275
MIT,b3c13,542,96.534004,91.87941,92.344345,95.55966,96.75473
MIT,b3c13,543,96.518135,91.92895,89.757484,95.73599,96.924126
MIT,b3c13,544,96.50657,91.94515,87.12433,95.53688,96.84342
MIT,b3c13,545,96.489105,91.934006,88.769,95.14917,96.843895
MIT,b3c13,546,96.46842,91.93182,89.13093,95.69235,96.843895
MIT,b3c13,547,96.444305,91.96961,89.686905,95.767715,96.94708
MIT,b3c13,548,96.4286,91.948395,90.036674,96.29183,97.01206
MIT,b3c13,549,96.412476,91.9372,88.68223,95.57125,96.80934
MIT,b3c13,550,96.3946,93.9247,98.34265,97.73921,96.98836
MIT,b3c13,551,96.37928,93.968864,98.31017,97.66164,96.98083
MIT,b3c13,552,96.36433,92.03673,89.478775,95.80032,97.053604
MIT,b3c13,553,96.349106,92.05349,89.2725,95.52677,97.15145
MIT,b3c13,554,96.32621,94.110916,98.06477,97.61329,97.06657
MIT,b3c13,555,96.31966,94.13829,98.2374,97.522736,97.19012
MIT,b3c13,556,96.309456,94.17751,98.30452,97.55811,97.13299
MIT,b3c13,557,96.29017,94.72839,97.24345,97.61564,97.16958
MIT,b3c13,558,96.27667,92.07156,88.67467,95.541084,97.16585
MIT,b3c13,559,96.25398,94.89002,95.897606,97.65355,97.18899
MIT,b3c13,560,96.24268,92.05477,91.14381,94.80511,97.19798
MIT,b3c13,561,96.22134,92.09053,90.16767,95.86462,97.16916
MIT,b3c13,562,96.20677,92.09228,90.362595,95.6427,96.99639
MIT,b3c13,563,96.19327,92.102646,89.90827,95.598206,96.99645
MIT,b3c13,564,96.176704,94.14984,98.28968,97.49827,97.00232
MIT,b3c13,565,96.158844,92.12572,91.291046,96.14711,97.07995
MIT,b3c13,566,96.13626,92.11908,89.31648,95.74164,96.73515
MIT,b3c13,567,96.12332,94.81641,92.5703,97.05655,97.10203
MIT,b3c13,568,96.10505,92.12082,93.25717,95.33109,96.89568
MIT,b3c13,569,96.08109,94.150925,98.26722,97.481186,96.89406
MIT,b3c13,570,96.06319,92.13524,91.20197,95.6011,96.93737
MIT,b3c13,571,96.049,92.01874,96.58194,95.44363,96.787315
MIT,b3c13,572,96.02971,92.093376,93.999176,95.67257,96.93154
MIT,b3c13,573,96.00446,93.9977,98.23878,97.57297,96.859634
MIT,b3c13,574,95.97787,93.92813,98.030045,97.53885,96.84083
MIT,b3c13,575,95.95877,91.805786,90.41569,95.30692,96.751144
MIT,b3c13,576,95.9399,93.92015,98.122215,97.59661,96.87092
MIT,b3c13,577,95.92335,94.77045,95.318565,96.90899,96.68627
MIT,b3c13,578,95.89592,92.06506,95.74915,95.393555,96.680435
MIT,b3c13,579,95.879166,91.876495,88.995,95.56262,96.83808
MIT,b3c13,580,95.858475,93.944824,98.29113,97.361084,96.63655
MIT,b3c13,581,95.8386,93.936676,98.24515,97.36446,96.69128
MIT,b3c13,582,95.829384,91.83496,88.97548,95.149666,96.770256
MIT,b3c13,583,95.80634,93.92678,98.28155,97.24105,96.64681
MIT,b3c13,584,95.79183,94.545166,96.40137,96.99683,96.67327
MIT,b3c13,585,95.76639,93.88549,98.20821,97.35094,96.64829
MIT,b3c13,586,95.75066,91.80386,89.08879,95.08606,96.67951
MIT,b3c13,587,95.72819,91.73388,89.8123,95.227264,96.64829
MIT,b3c13,588,95.70158,91.833206,94.862434,95.22406,96.656456
MIT,b3c13,589,95.69239,93.86698,98.095085,97.01609,96.66562
MIT,b3c13,590,95.66714,93.81838,98.297104,97.376595,96.615005
MIT,b3c13,591,95.6481,93.79587,98.06911,97.415306,96.636635
MIT,b3c13,592,95.623276,91.72056,88.08265,95.206665,96.60216
MIT,b3c13,593,95.603546,93.77782,98.266045,97.30422,96.68769
MIT,b3c13,594,95.58516,91.62497,89.80339,94.694695,96.62598
MIT,b3c13,595,95.56295,91.64711,89.7502,94.88493,96.67044
MIT,b3c13,596,95.53739,91.66662,88.46522,95.20439,96.69268
MIT,b3c13,597,95.51243,91.62023,92.932335,95.35457,96.6769
MIT,b3c13,598,95.48937,91.57739,87.56075,95.15583,96.69371
MIT,b3c13,599,95.46743,93.68935,98.206894,97.57433,96.68234
MIT,b3c13,600,95.44416,93.65638,98.31579,97.378426,96.649414
MIT,b3c13,601,95.42041,93.618454,98.32394,97.43176,96.62564
MIT,b3c13,602,95.396255,93.60603,98.16704,97.36329,96.62793
MIT,b3c13,603,95.37113,93.62164,98.11828,97.163895,96.6444
MIT,b3c13,604,95.34491,91.46063,88.067245,94.78258,96.568924
MIT,b3c13,605,95.3232,91.488754,87.46515,94.76964,96.54644
MIT,b3c13,606,95.294846,91.37654,88.74628,94.73732,96.62061
MIT,b3c13,607,95.2713,91.356895,96.10284,94.79626,96.60045
MIT,b3c13,608,95.244156,93.3141,98.26248,97.05373,96.39191
MIT,b3c13,609,95.220894,91.18805,89.52358,94.67211,96.57216
MIT,b3c13,610,95.196335,91.12309,88.35788,94.18657,96.37705
MIT,b3c13,611,95.17295,91.122604,86.84751,94.53728,96.40729
MIT,b3c13,612,95.14798,91.15574,87.786644,94.367455,96.379425
MIT,b3c13,613,95.12554,94.1546,96.93728,96.182236,96.4457
MIT,b3c13,614,94.97919,91.11726,88.756836,94.30046,96.473366
MIT,b3c13,615,95.06917,91.05657,87.79453,94.05597,96.49976
MIT,b3c13,616,95.04996,91.08806,88.40862,94.030396,96.518715
MIT,b3c13,617,95.026566,91.15024,89.08902,94.266075,96.49611
MIT,b3c13,618,95.00117,93.39211,98.15911,96.96167,96.724464
MIT,b3c13,619,94.97712,91.19569,86.96889,94.03263,96.72596
MIT,b3c13,620,94.94677,93.43391,98.10033,96.912544,96.64925
MIT,b3c13,621,94.92128,91.21306,94.11957,94.379845,95.99925
MIT,b3c13,622,94.89488,91.2636,90.81072,94.09153,96.631485
MIT,b3c13,623,94.87021,91.09839,87.17201,93.582565,96.602196
MIT,b3c13,624,94.84384,93.28973,98.26009,97.04017,96.64123
MIT,b3c13,625,94.81343,90.92073,86.75319,93.67916,96.61909
MIT,b3c13,626,94.783516,90.85526,87.757675,93.73987,96.61607
MIT,b3c13,627,94.75603,90.740486,88.419716,94.179596,96.61279
MIT,b3c13,628,94.7298,93.96215,97.03983,96.32299,96.61279
MIT,b3c13,629,94.698265,93.04361,98.207466,97.0769,96.58382
MIT,b3c13,630,94.67505,93.00744,98.325264,96.92999,96.45938
MIT,b3c13,631,94.647095,90.62101,87.88203,93.51736,96.46167
MIT,b3c13,632,94.61186,90.64413,87.99649,93.89747,96.57328
MIT,b3c13,633,94.589806,90.54393,87.69874,93.449844,96.56998
MIT,b3c13,634,94.555466,92.92773,98.31059,97.1899,96.4627
MIT,b3c13,635,94.524,90.60421,90.36296,93.94835,96.553215
MIT,b3c13,636,94.49609,90.59438,89.84189,93.318344,96.24242
MIT,b3c13,637,94.465904,90.52641,88.77951,93.32588,96.24242
MIT,b3c13,638,94.43613,93.96105,90.57132,95.6561,96.21323
MIT,b3c13,639,94.4023,90.43373,88.98982,92.31929,96.21882
MIT,b3c13,640,94.37161,92.74896,98.3622,96.95927,96.1723
MIT,b3c13,641,94.33806,90.420135,89.23084,93.22251,96.00752
MIT,b3c13,642,94.315285,93.93283,93.64645,95.83334,96.11494
MIT,b3c13,643,94.28332,90.477104,94.07118,93.40893,96.30052
MIT,b3c13,644,94.25269,90.305305,94.38404,92.63635,96.13583
MIT,b3c13,645,94.22095,90.32681,89.02414,92.82432,96.2767
MIT,b3c13,646,94.19172,90.246765,91.915985,93.48274,96.155754
MIT,b3c13,647,94.16074,93.71356,97.27184,95.243744,95.89406
MIT,b3c13,648,94.128555,90.229614,88.00896,92.55445,96.0065
MIT,b3c13,649,94.09592,90.153046,87.17804,92.396675,96.0065
MIT,b3c13,650,94.06226,92.62805,98.32641,96.609055,95.90633
MIT,b3c13,651,94.02752,93.68613,90.87897,95.33377,95.766106
MIT,b3c13,652,93.9927,90.01437,88.369354,92.56358,95.824814
MIT,b3c13,653,93.95506,89.92752,93.37163,92.49756,95.74514
MIT,b3c13,654,93.916725,93.54894,90.949646,95.759186,95.74514
MIT,b3c13,655,93.87812,92.3914,98.26938,96.40487,95.67905
MIT,b3c13,656,93.847115,89.85215,90.218605,92.76176,95.7562
MIT,b3c13,657,93.81666,92.50443,98.14244,95.959404,95.85178
MIT,b3c13,658,93.77952,89.88242,91.392586,92.47921,95.75514
MIT,b3c13,659,93.74748,89.741905,88.969345,91.57299,95.769394
MIT,b3c13,660,93.70822,89.65138,89.198456,91.7186,95.601585
MIT,b3c13,661,93.67287,89.4827,90.6127,91.709656,95.391556
MIT,b3c13,662,93.631645,92.07295,98.24438,95.773224,95.32752
MIT,b3c13,663,93.58962,92.02627,98.20467,96.08065,95.302086
MIT,b3c13,664,93.55564,89.32169,88.700134,91.8202,95.282326
MIT,b3c13,665,93.51717,89.3013,87.865204,91.73422,95.285065
MIT,b3c13,666,93.47644,89.373604,87.88057,91.53344,95.15895
MIT,b3c13,667,93.43511,93.353264,92.09833,95.44735,95.30296
MIT,b3c13,668,93.402725,91.97147,98.179085,95.96679,95.15895
MIT,b3c13,669,93.36211,91.90226,98.187,95.50545,95.15895
MIT,b3c13,670,93.323784,89.045975,87.83581,90.771454,95.051125
MIT,b3c13,671,93.281,91.79349,98.18501,96.045654,95.10311
MIT,b3c13,672,93.24257,93.027565,91.51715,93.59364,95.08384
MIT,b3c13,673,93.20428,88.86539,87.52221,91.1253,95.12969
MIT,b3c13,674,93.16434,88.89729,87.986565,91.21315,95.12065
MIT,b3c13,675,93.12901,88.833,87.311165,90.72918,95.06729
MIT,b3c13,676,93.0902,88.81349,87.38339,90.72982,95.00489
MIT,b3c13,677,93.04831,91.736984,98.306656,95.56654,94.80368
MIT,b3c13,678,93.00266,88.801285,87.11705,90.729546,94.79387
MIT,b3c13,679,92.96274,88.75378,87.242775,90.235344,94.657646
MIT,b3c13,680,92.921486,88.745766,87.74505,90.64705,94.619064
MIT,b3c13,681,92.876686,92.80327,94.19587,94.32395,94.674
MIT,b3c13,682,92.831154,91.6439,98.163185,95.30666,94.76516
MIT,b3c13,683,92.79004,92.89176,87.347916,93.59115,94.62466
MIT,b3c13,684,92.743286,91.59083,98.25962,95.53112,94.63858
MIT,b3c13,685,92.70586,88.56768,86.55106,89.74542,94.62624
MIT,b3c13,686,92.658356,88.53853,88.59308,90.799194,94.6516
MIT,b3c13,687,92.61415,88.537544,86.34918,89.342964,94.5725
MIT,b3c13,688,92.5723,88.39603,86.88463,89.862755,94.60244
MIT,b3c13,689,92.5247,88.38012,87.83879,89.961006,94.59733
MIT,b3c13,690,92.487625,88.354774,88.364525,89.8315,94.538994
MIT,b3c13,691,92.440155,88.42858,87.86485,89.88924,94.53707
MIT,b3c13,692,92.39495,88.40476,96.2629,89.79111,94.46729
MIT,b3c13,693,92.354744,88.40618,94.35892,89.86256,94.53707
MIT,b3c13,694,92.30811,88.38325,90.76258,89.88308,94.501114
MIT,b3c13,695,92.26427,88.27641,86.99315,87.915405,94.215294
MIT,b3c13,696,92.21487,88.30363,88.8794,89.87067,94.45189
MIT,b3c13,697,92.16685,88.22348,86.366974,89.33481,94.23626
MIT,b3c13,698,92.10904,91.432106,98.2225,95.168,94.041466
MIT,b3c13,699,92.0641,92.48383,93.2568,93.494,94.041466
MIT,b3c13,700,92.019325,91.34298,98.185524,94.95355,94.04654
MIT,b3c13,701,91.97113,91.27677,98.29712,94.94881,93.85387
MIT,b3c13,702,91.91893,91.22255,98.246155,94.951775,93.80921
MIT,b3c13,703,91.87258,87.7956,87.03063,88.809944,93.60451
MIT,b3c13,704,91.81801,91.175964,98.19628,94.26265,93.81744
MIT,b3c13,705,91.76857,87.73044,86.58946,88.470924,93.56949
MIT,b3c13,706,91.71531,87.68205,96.20714,88.954216,93.52483
MIT,b3c13,707,91.66519,87.61025,86.19855,88.6398,93.35271
MIT,b3c13,708,91.614845,87.61971,87.42888,88.04834,93.51917
MIT,b3c13,709,91.55819,87.53026,87.6827,88.63848,92.89778
MIT,b3c13,710,91.50236,90.92269,98.18444,94.019356,93.28642
MIT,b3c13,711,91.44781,87.26634,87.61409,88.5425,92.93967
MIT,b3c13,712,91.394936,87.30611,87.06201,88.248856,92.83951
MIT,b3c13,713,91.3436,90.94628,97.91418,94.03114,92.89499
MIT,b3c13,714,91.287,90.944595,98.1538,94.06382,92.74628
MIT,b3c13,715,91.23583,90.897415,98.21891,93.91089,92.75154
MIT,b3c13,716,91.175644,90.896675,98.162094,93.68875,92.43074
MIT,b3c13,717,91.12048,87.20739,86.713264,88.09363,92.491394
MIT,b3c13,718,91.06074,92.01495,87.58099,91.63311,92.718056
MIT,b3c13,719,91.008965,91.972885,87.240204,91.03208,92.688995
MIT,b3c13,720,90.94899,87.146645,86.32774,87.86612,92.412094
MIT,b3c13,721,90.89208,87.09441,86.33498,87.65783,92.64486
MIT,b3c13,722,90.83788,87.065125,86.6932,87.73925,92.622215
MIT,b3c13,723,90.77796,87.02176,86.630554,88.17418,92.638756
MIT,b3c13,724,90.722565,87.07286,89.3698,87.51249,92.7873
MIT,b3c13,725,90.66533,87.08365,95.09421,85.98037,92.4478
MIT,b3c13,726,90.60668,87.09003,87.570854,87.77122,92.61754
MIT,b3c13,727,90.54148,87.08422,94.81233,86.94472,92.463715
MIT,b3c13,728,90.483185,87.04644,86.80848,87.25729,92.46146
MIT,b3c13,729,90.4254,91.817345,92.19351,91.26641,91.61933
MIT,b3c13,730,90.36707,91.669556,90.31364,90.42536,91.79908
MIT,b3c13,731,90.30089,90.9194,98.25557,93.52018,91.53764
MIT,b3c13,732,90.23682,86.80671,86.815765,85.3625,91.77572
MIT,b3c13,733,90.17736,90.939095,98.09451,92.69905,91.794235
MIT,b3c13,734,90.11077,86.77861,90.04677,86.20404,91.99354
MIT,b3c13,735,90.04476,86.711,90.861755,84.93115,91.63958
MIT,b3c13,736,89.97918,90.81301,98.247696,92.55511,91.65952
MIT,b3c13,737,89.909035,86.58906,89.71953,86.31125,91.516846
MIT,b3c13,738,89.84271,86.50968,87.03378,86.31746,91.54017
MIT,b3c13,739,89.7735,90.71739,98.245415,92.439064,91.48621
MIT,b3c13,740,89.70494,86.41536,93.2736,86.26644,91.16099
MIT,b3c13,741,89.63924,86.41982,86.35868,86.42245,91.12441
MIT,b3c13,742,89.5736,91.428,90.10147,90.5409,91.49348
MIT,b3c13,743,89.503624,86.33908,86.03027,85.68055,91.10839
MIT,b3c13,744,89.42726,86.32359,86.87834,86.70256,91.02446
MIT,b3c13,745,89.356735,86.182175,86.50486,85.733894,91.028366
MIT,b3c13,746,89.28394,90.53192,98.05513,91.33518,90.83552
MIT,b3c13,747,89.20989,86.026855,96.09385,85.525444,90.836525
MIT,b3c13,748,89.13883,90.49202,98.10824,90.44765,90.66503
MIT,b3c13,749,89.06999,90.50619,98.31686,91.63594,90.774185
MIT,b3c13,750,88.99501,90.47469,98.1175,91.61082,90.57899
MIT,b3c13,751,88.92249,85.87777,83.36718,83.88284,90.417046
MIT,b3c13,752,88.85179,91.043884,86.7739,89.736565,90.131165
MIT,b3c13,753,88.768364,85.86478,91.03045,85.09562,90.10202
MIT,b3c13,754,88.697105,85.81902,87.9113,84.95556,90.000656
MIT,b3c13,755,88.6231,90.50211,98.09937,91.46629,90.13361
MIT,b3c13,756,88.540764,90.51042,98.18675,91.25674,90.11804
MIT,b3c13,757,88.46523,90.780815,89.11575,89.92604,90.093315
MIT,b3c13,758,88.38345,90.504425,98.13778,91.22534,89.98254
MIT,b3c13,759,88.30293,90.475586,98.23767,90.85232,90.04427
MIT,b3c13,760,88.21589,85.53871,86.39264,84.28517,89.677704
MIT,b3c13,761,88.13835,85.423485,93.242325,84.24943,89.743324
MIT,b3c13,762,88.05327,85.39337,91.81033,84.19214,89.768
MIT,b3c13,763,87.969444,85.34866,87.3382,84.190186,89.71499
MIT,b3c13,764,87.88567,90.2496,98.24329,91.11958,89.55654
MIT,b3c13,765,87.80133,85.2293,94.34871,82.77688,89.16698
MIT,b3c13,766,87.70848,90.172005,98.18419,89.92427,88.80884
MIT,b3c13,767,87.61947,90.114624,97.94587,90.17077,88.644905
MIT,b3c13,768,87.52812,90.04493,97.812515,90.0456,88.3264
MIT,b3c13,769,87.438774,89.95653,98.09053,89.74893,88.26814
MIT,b3c13,770,87.34168,84.8485,80.04453,83.36588,88.27172
MIT,b3c13,771,87.254486,89.87329,97.78529,89.426056,88.08844
MIT,b3c13,772,87.15284,84.7446,81.825836,83.24292,87.7564
MIT,b3c13,773,87.06299,89.80585,97.65822,89.88228,87.63823
MIT,b3c13,774,86.96571,89.831535,84.959015,88.29842,87.63926
MIT,b3c13,775,86.86757,84.68778,83.41932,83.017365,87.76886
MIT,b3c13,776,86.75957,89.747154,97.83855,88.772995,87.76886
MIT,b3c13,777,86.66524,84.618965,84.00339,82.82266,87.4339
MIT,b3c13,778,86.56089,84.6046,87.88609,82.81877,87.389595
MIT,b3c13,779,86.46234,89.62158,97.26739,88.34806,86.94503
MIT,b3c13,780,86.35548,89.46312,87.30624,87.25934,86.94974
MIT,b3c13,781,86.24881,89.560555,97.59022,88.31618,86.4369
MIT,b3c13,782,86.14727,84.50973,89.47407,82.40928,86.27863
MIT,b3c13,783,86.03702,89.48325,96.8809,88.01597,86.27262
MIT,b3c13,784,85.933945,84.455574,95.26414,82.3317,86.27321
MIT,b3c13,785,85.82972,89.44076,97.202,87.71991,86.03733
MIT,b3c13,786,85.71772,89.425285,97.33196,87.451096,86.01047
MIT,b3c13,787,85.61337,89.42822,96.06032,87.46796,85.87571
MIT,b3c13,788,85.50419,84.395744,79.84614,82.15799,86.181786
MIT,b3c13,789,85.40129,84.36488,80.752846,82.13453,85.86243
MIT,b3c13,790,85.28515,89.43518,97.56278,87.94832,86.01701
MIT,b3c13,791,85.168884,84.34007,84.46608,81.92519,85.662865
MIT,b3c13,792,85.06156,84.31655,82.84996,81.721146,85.49733
MIT,b3c13,793,84.947655,89.351776,97.364075,87.53057,85.618126
MIT,b3c13,794,84.83821,84.28204,79.065186,81.82628,85.615746
MIT,b3c13,795,84.72295,84.25504,84.930115,81.881,85.49307
MIT,b3c13,796,84.608536,84.24633,86.33543,81.7796,85.336105
MIT,b3c13,797,84.49906,84.22471,78.444466,81.576096,85.33576
MIT,b3c13,798,84.38206,84.21127,77.6765,81.868256,85.01935
MIT,b3c13,799,84.27314,84.18504,79.38906,81.8194,85.32261
MIT,b3c13,800,84.159706,84.174835,78.53447,81.73407,85.13749
MIT,b3c13,801,84.05129,88.65616,82.61335,85.78327,85.12685
MIT,b3c13,802,83.93627,84.14719,78.83081,81.49249,84.40985
MIT,b3c13,803,83.82523,84.1088,78.07262,81.53389,84.39566
MIT,b3c13,804,83.701126,84.06614,79.44294,81.398415,84.192535
MIT,b3c13,805,83.58334,84.03642,90.28872,81.53644,84.020164
MIT,b3c13,806,83.46211,89.155556,97.10329,84.68972,84.115776
MIT,b3c13,807,83.34331,83.9852,78.68813,81.28324,84.10065
MIT,b3c13,808,83.2227,83.9516,91.596275,80.9859,83.93072
MIT,b3c13,809,83.10825,89.05416,89.87338,84.21663,83.658676
MIT,b3c13,810,82.9869,83.89452,79.977684,80.936195,83.614365
MIT,b3c13,811,82.86688,83.86498,77.57112,80.84073,83.53191
MIT,b3c13,812,82.748505,88.86577,89.58363,83.668976,83.18864
MIT,b3c13,813,82.63733,83.81413,79.41331,80.7543,83.186424
MIT,b3c13,814,82.53444,83.798065,81.265434,80.528915,83.22614
MIT,b4c0,1,99.965996,99.16261,98.29964,98.02355,99.035614
MIT,b4c0,2,100.0,99.36231,98.49247,98.3588,99.17059
MIT,b4c0,3,100.035675,99.5009,98.29895,98.6363,99.22058
MIT,b4c0,4,100.075485,99.607086,98.524025,98.15985,99.32763
MIT,b4c0,5,100.074036,99.715004,98.59613,99.209274,99.386086
MIT,b4c0,6,100.09228,99.66012,98.53335,98.42131,99.38122
MIT,b4c0,7,100.09963,99.7283,98.54767,98.96248,99.387535
MIT,b4c0,8,100.10106,99.72083,98.585556,98.9327,99.47045
MIT,b4c0,9,100.09553,99.73819,98.671974,99.45509,99.46633
MIT,b4c0,10,100.113106,99.70037,98.65423,99.275536,99.47139
MIT,b4c0,11,100.13397,99.69896,98.554924,98.97384,99.46977
MIT,b4c0,12,100.14083,99.66931,98.60984,99.17839,99.47206
MIT,b4c0,13,100.136345,99.69238,98.61026,99.36491,99.47206
MIT,b4c0,14,100.140526,99.69661,98.54307,99.424034,99.46883
MIT,b4c0,15,100.15478,99.68524,98.62815,99.51567,99.48772
MIT,b4c0,16,100.16377,99.70573,98.56874,98.95113,99.46956
MIT,b4c0,17,100.1566,99.727455,98.583115,99.38309,99.49701
MIT,b4c0,18,100.1755,99.74194,98.59663,99.03635,99.53939
MIT,b4c0,19,100.19131,99.77433,98.5132,99.12536,99.52847
MIT,b4c0,20,100.18276,99.84803,98.58695,99.22562,99.503075
MIT,b4c0,21,100.19626,99.88687,98.59571,98.747765,99.60611
MIT,b4c0,22,100.19815,99.99693,98.55323,99.05657,99.50591
MIT,b4c0,23,100.20992,100.05905,98.54625,99.070274,99.60457
MIT,b4c0,24,100.22087,100.12794,98.44071,98.81198,99.55161
MIT,b4c0,25,100.22214,100.18229,98.556946,99.06252,99.60875
MIT,b4c0,26,100.22121,100.15657,98.486755,99.17749,99.50612
MIT,b4c0,27,100.24249,100.20636,98.40917,99.07268,99.50389
MIT,b4c0,28,100.23656,100.217545,98.45945,99.041916,99.612595
MIT,b4c0,29,100.228264,100.21062,98.532715,99.43964,99.545334
MIT,b4c0,30,100.23994,100.200775,98.50166,99.21742,99.55248
MIT,b4c0,31,100.24313,100.18394,98.48583,99.06191,99.54624
MIT,b4c0,32,100.24753,100.15419,98.337105,98.86289,99.61152
MIT,b4c0,33,100.238396,100.15355,98.410515,98.806076,99.55442
MIT,b4c0,34,100.246475,100.0685,98.43313,98.340065,99.49148
MIT,b4c0,35,100.247215,100.00908,98.44326,98.73749,99.56921
MIT,b4c0,36,100.23735,99.96267,98.49606,99.10106,99.512695
MIT,b4c0,37,100.238464,99.85243,98.510155,98.97379,99.51626
MIT,b4c0,38,100.22656,99.77345,98.588264,98.55238,99.5333
MIT,b4c0,39,100.22961,99.69939,98.53406,98.93418,99.55468
MIT,b4c0,40,100.223236,99.643425,98.558525,98.78678,99.5163
MIT,b4c0,41,100.21701,99.61896,98.51146,98.778305,99.51469
MIT,b4c0,42,100.203804,99.65197,98.510765,98.77708,99.5147
MIT,b4c0,43,100.207466,99.6511,98.52518,98.785675,99.510735
MIT,b4c0,44,100.20818,99.632126,98.50286,98.90015,99.50214
MIT,b4c0,45,100.20608,99.59634,98.58042,98.788124,99.52545
MIT,b4c0,46,100.20244,99.60136,98.57513,99.0734,99.49504
MIT,b4c0,47,100.2143,99.535225,98.44511,98.508545,99.505714
MIT,b4c0,48,100.205246,99.541954,98.50407,98.78374,99.509125
MIT,b4c0,49,100.20651,99.48979,98.5669,98.54728,99.49871
MIT,b4c0,50,100.20394,99.49626,98.48291,98.40184,99.49871
MIT,b4c0,51,100.20091,99.520615,98.50159,98.44973,99.51538
MIT,b4c0,52,100.20146,99.58375,98.50886,98.35868,99.5066
MIT,b4c0,53,100.19851,99.658424,98.49311,98.16623,99.51388
MIT,b4c0,54,100.22199,99.7733,98.3645,98.168816,99.50054
MIT,b4c0,55,100.21878,99.85759,98.40902,98.20874,99.50735
MIT,b4c0,56,100.21909,99.86737,98.35042,97.92119,99.503876
MIT,b4c0,57,100.210846,99.91501,98.42281,97.91267,99.51027
MIT,b4c0,58,100.21932,99.89907,98.35282,98.11693,99.507256
MIT,b4c0,59,100.225395,99.91356,98.44598,98.12817,99.51417
MIT,b4c0,60,100.22624,99.92853,98.447975,98.162186,99.50509
MIT,b4c0,61,100.2199,99.92614,98.258705,98.14372,99.49108
MIT,b4c0,62,100.23259,99.852234,98.3955,97.91548,99.507256
MIT,b4c0,63,100.222176,99.842545,98.51546,98.295975,99.48009
MIT,b4c0,64,100.21419,99.819016,98.38501,97.918945,99.49718
MIT,b4c0,65,100.21819,99.77518,98.38841,97.92639,99.46446
MIT,b4c0,66,100.21289,99.7902,98.439125,98.340515,99.50707
MIT,b4c0,67,100.22095,99.710495,98.32328,97.55533,99.49245
MIT,b4c0,68,100.20884,99.70437,98.391235,97.8259,99.46202
MIT,b4c0,69,100.210335,99.63855,98.3892,97.668465,99.4519
MIT,b4c0,70,100.18785,99.6283,98.3855,97.75836,99.47252
MIT,b4c0,71,100.191475,99.59366,98.34928,97.889984,99.453445
MIT,b4c0,72,100.19734,99.55053,98.53073,97.6134,99.471375
MIT,b4c0,73,100.17796,99.48677,98.510826,97.85427,99.49555
MIT,b4c0,74,100.169174,99.447876,98.546005,98.04928,99.48
MIT,b4c0,75,100.174286,99.41573,98.461586,97.848145,99.441086
MIT,b4c0,76,100.16078,99.378624,98.47863,97.76365,99.45376
MIT,b4c0,77,100.16012,99.342705,98.43478,97.08899,99.45798
MIT,b4c0,78,100.15995,99.29821,98.42227,97.2873,99.45386
MIT,b4c0,79,100.154335,99.27252,98.526794,97.95276,99.44072
MIT,b4c0,80,100.13916,99.230095,98.535324,98.071365,99.44117
MIT,b4c0,81,100.142845,99.14422,98.38851,97.419266,99.42217
MIT,b4c0,82,100.12925,99.11532,98.39095,97.3718,99.43677
MIT,b4c0,83,100.12768,99.05666,98.43958,97.414085,99.42811
MIT,b4c0,84,100.13362,99.08107,98.28992,97.10419,99.430786
MIT,b4c0,85,100.119484,99.15196,98.25457,97.17449,99.41752
MIT,b4c0,86,100.13202,99.232864,98.26086,96.74669,99.42696
MIT,b4c0,87,100.12463,99.36444,98.347305,97.43824,99.4532
MIT,b4c0,88,100.12747,99.40357,98.322105,97.09155,99.417984
MIT,b4c0,89,100.13037,99.395966,98.15996,96.989914,99.448364
MIT,b4c0,90,100.1291,99.42518,98.26248,97.011765,99.44918
MIT,b4c0,91,100.13207,99.456665,98.278015,97.00572,99.4164
MIT,b4c0,92,100.11787,99.46901,98.244415,96.84709,99.40798
MIT,b4c0,93,100.1139,99.471504,98.46548,97.675545,99.42268
MIT,b4c0,94,100.11236,99.464554,98.39065,97.26427,99.427444
MIT,b4c0,95,100.11641,99.41784,98.31411,96.67027,99.43834
MIT,b4c0,96,100.113464,99.38059,98.28502,96.758224,99.432465
MIT,b4c0,97,100.10864,99.38516,98.34994,97.07913,99.41437
MIT,b4c0,98,100.10178,99.425095,98.44498,97.11358,99.417305
MIT,b4c0,99,100.10612,99.3915,98.27109,96.073074,99.41615
MIT,b4c0,100,100.10042,99.39309,98.27225,97.026634,99.46186
MIT,b4c0,101,100.11288,99.38968,98.39433,96.85573,99.41145
MIT,b4c0,102,100.108444,99.4364,98.20121,96.931984,99.364876
MIT,b4c0,103,100.1016,99.42311,98.14139,96.69431,99.40489
MIT,b4c0,104,100.089134,99.38092,98.202354,96.66697,99.44716
MIT,b4c0,105,100.08434,99.32145,98.17361,96.29111,99.455795
MIT,b4c0,106,100.083435,99.27621,98.270584,96.943245,99.45613
MIT,b4c0,107,100.09322,99.159805,98.218506,95.61624,99.44242
MIT,b4c0,108,100.07467,99.14603,98.467575,96.690605,99.45716
MIT,b4c0,109,100.06376,99.12261,98.298904,96.752884,99.401146
MIT,b4c0,110,100.05842,99.066895,98.24294,96.25491,99.43225
MIT,b4c0,111,100.05482,99.020226,98.31557,96.66277,99.392075
MIT,b4c0,112,100.055595,98.973785,98.434654,97.025955,99.44729
MIT,b4c0,113,100.03993,98.93276,98.35537,96.963356,99.444756
MIT,b4c0,114,100.04408,98.87615,98.353096,96.73977,99.405136
MIT,b4c0,115,100.03759,98.84647,98.262085,96.44921,99.40837
MIT,b4c0,116,100.02698,98.86222,98.24337,96.5017,99.36534
MIT,b4c0,117,100.020515,98.893974,98.25891,96.237045,99.44122
MIT,b4c0,118,100.02931,98.960655,98.46021,96.15426,99.40815
MIT,b4c0,119,100.03221,99.06839,98.21794,96.179146,99.41239
MIT,b4c0,120,100.03014,99.15764,98.176636,96.6459,99.37332
MIT,b4c0,121,100.02437,99.188805,98.27715,97.04909,99.40564
MIT,b4c0,122,100.018036,99.18082,98.25697,96.40243,99.42103
MIT,b4c0,123,100.01555,99.19015,98.43639,96.89705,99.43
MIT,b4c0,124,100.01881,99.18083,98.30889,96.76733,99.38196
MIT,b4c0,125,100.00637,99.17786,98.16981,96.24533,99.427864
MIT,b4c0,126,100.010994,99.15668,98.07713,96.1479,99.43566
MIT,b4c0,127,100.00869,99.12062,98.102905,95.87471,99.42458
MIT,b4c0,128,100.00245,99.09285,98.19122,96.22069,99.35996
MIT,b4c0,129,99.986824,99.07845,98.28065,96.39511,99.35767
MIT,b4c0,130,99.989265,99.06616,98.33904,96.66286,99.42419
MIT,b4c0,131,99.98294,99.03877,98.15029,96.14466,99.37733
MIT,b4c0,132,99.97365,99.04699,98.26521,96.53956,99.368
MIT,b4c0,133,99.96683,99.04693,98.26211,96.12364,99.362206
MIT,b4c0,134,99.962234,99.03221,98.2302,96.33606,99.35547
MIT,b4c0,135,99.95725,99.018684,98.24891,96.60483,99.414
MIT,b4c0,136,99.956635,98.97543,98.26091,96.23949,99.35646
MIT,b4c0,137,99.95528,98.97097,98.29196,96.064255,99.41461
MIT,b4c0,138,99.947754,98.96597,98.377144,96.42469,99.421776
MIT,b4c0,139,99.9447,98.91921,97.977974,95.411865,99.36034
MIT,b4c0,140,99.9364,98.91129,98.282265,95.807335,99.41461
MIT,b4c0,141,99.943085,98.86941,98.08367,96.10215,99.38248
MIT,b4c0,142,99.92514,98.821785,98.24749,96.68149,99.36375
MIT,b4c0,143,99.91703,98.84117,98.15211,95.92076,99.35427
MIT,b4c0,144,99.911835,98.87015,98.04367,96.25479,99.36384
MIT,b4c0,145,99.89795,98.88176,98.13517,96.2701,99.40028
MIT,b4c0,146,99.885864,98.888306,98.17408,96.48641,99.39591
MIT,b4c0,147,99.885216,98.873024,98.123,96.125694,99.38984
MIT,b4c0,148,99.87738,98.88988,98.25525,95.82004,99.41411
MIT,b4c0,149,99.86848,98.898125,98.285706,96.41015,99.39051
MIT,b4c0,150,99.866806,98.897705,97.85742,95.74403,99.38328
MIT,b4c0,151,99.87091,98.9215,98.05494,95.83856,99.40136
MIT,b4c0,152,99.865036,98.970215,98.182556,95.73658,99.422485
MIT,b4c0,153,99.87216,98.99692,98.17122,95.48124,99.40257
MIT,b4c0,154,99.86757,98.99516,98.17341,95.82779,99.40303
MIT,b4c0,155,99.87191,99.0133,98.23018,95.512474,99.394
MIT,b4c0,156,99.86229,99.00716,98.17634,95.58715,99.39423
MIT,b4c0,157,99.86458,98.97681,98.31788,95.00114,99.41061
MIT,b4c0,158,99.84879,98.99985,98.09539,95.31422,99.422035
MIT,b4c0,159,99.83927,99.02477,98.36081,96.299194,99.497734
MIT,b4c0,160,99.84115,99.00561,98.15031,95.88626,99.41225
MIT,b4c0,161,99.83777,98.989136,98.24156,96.215416,99.49316
MIT,b4c0,162,99.836464,98.9726,97.93782,95.52333,99.49445
MIT,b4c0,163,99.82297,98.96192,98.17503,95.62,99.514114
MIT,b4c0,164,99.826775,98.9445,98.28771,95.80429,99.43456
MIT,b4c0,165,99.82055,98.91968,97.972466,95.20966,99.512886
MIT,b4c0,166,99.824814,98.91229,98.25957,95.00953,99.42901
MIT,b4c0,167,99.82418,98.94624,98.0834,95.04297,99.40245
MIT,b4c0,168,99.8027,98.95653,98.17192,96.1579,99.523125
MIT,b4c0,169,99.813255,98.8805,98.08826,95.800995,99.40146
MIT,b4c0,170,99.80889,98.81154,98.18691,95.09135,99.4241
MIT,b4c0,171,99.79931,98.76704,97.76495,95.08596,99.419624
MIT,b4c0,172,99.79835,98.73185,97.84825,95.058395,99.40032
MIT,b4c0,173,99.78904,98.72926,97.9558,95.48883,99.47596
MIT,b4c0,174,99.792305,98.749084,97.78604,95.14723,99.42191
MIT,b4c0,175,99.79357,98.74903,98.07704,95.43052,99.39926
MIT,b4c0,176,99.77846,98.75044,98.25307,94.94359,99.510475
MIT,b4c0,177,99.772964,98.7228,97.80833,94.78064,99.510475
MIT,b4c0,178,99.778534,98.678696,98.02907,93.82755,99.42191
MIT,b4c0,179,99.765854,98.684135,98.2078,94.56219,99.47495
MIT,b4c0,180,99.753525,98.65215,98.18104,95.01409,99.492325
MIT,b4c0,181,99.74184,98.59344,97.98575,95.01814,99.435646
MIT,b4c0,182,99.74143,98.55632,98.16265,95.77411,99.41483
MIT,b4c0,183,99.74784,98.50645,98.15724,94.45409,99.38723
MIT,b4c0,184,99.74001,98.50577,98.03288,95.383446,99.46122
MIT,b4c0,185,99.72391,98.51873,98.29574,95.40133,99.48088
MIT,b4c0,186,99.719406,98.552414,98.053505,94.472336,99.50532
MIT,b4c0,187,99.71885,98.59842,97.83941,95.55176,99.48688
MIT,b4c0,188,99.7201,98.63282,98.032364,95.17784,99.508
MIT,b4c0,189,99.70561,98.6543,98.095436,95.20553,99.54451
MIT,b4c0,190,99.703514,98.65874,97.74913,93.76599,99.504135
MIT,b4c0,191,99.700386,98.66435,98.21887,95.027626,99.523346
MIT,b4c0,192,99.69052,98.65763,98.142685,94.698586,99.57774
MIT,b4c0,193,99.68947,98.62061,98.12455,94.829025,99.579544
MIT,b4c0,194,99.67935,98.56871,97.941025,94.65416,99.48611
MIT,b4c0,195,99.68447,98.520454,98.07435,94.440216,99.523346
MIT,b4c0,196,99.67803,98.54417,98.01013,95.055725,99.52058
MIT,b4c0,197,99.669365,98.5587,97.81169,95.46984,99.5485
MIT,b4c0,198,99.66487,98.537476,97.968544,94.16931,99.50414
MIT,b4c0,199,99.666466,98.53647,98.00823,94.92001,99.483826
MIT,b4c0,200,99.65948,98.51615,97.65892,94.34554,99.503746
MIT,b4c0,201,99.658295,98.48425,98.171394,94.97779,99.552795
MIT,b4c0,202,99.65139,98.44308,97.78511,94.05147,99.47905
MIT,b4c0,203,99.63551,98.44894,98.11308,95.06424,99.56932
MIT,b4c0,204,99.6328,98.469925,97.99369,94.48515,99.569885
MIT,b4c0,205,99.63412,98.54164,98.125595,94.94003,99.49979
MIT,b4c0,206,99.64059,98.604996,98.06063,94.42637,99.46455
MIT,b4c0,207,99.63809,98.67254,98.207985,94.54711,99.48841
MIT,b4c0,208,99.63266,98.70387,98.20719,94.06098,99.59752
MIT,b4c0,209,99.6236,98.739426,98.06989,94.61165,99.49576
MIT,b4c0,210,99.61978,98.75071,98.117615,94.06715,99.56303
MIT,b4c0,211,99.60519,98.779755,98.24211,94.63733,99.52415
MIT,b4c0,212,99.6134,98.771164,98.20211,94.003204,99.51677
MIT,b4c0,213,99.60842,98.75035,98.014275,93.932365,99.49226
MIT,b4c0,214,99.60837,98.72107,97.945366,94.62633,99.62933
MIT,b4c0,215,99.59747,98.63928,98.08352,94.07282,99.46846
MIT,b4c0,216,99.59592,98.563515,98.15019,94.4776,99.49709
MIT,b4c0,217,99.585045,98.525925,97.96118,93.64027,99.45817
MIT,b4c0,218,99.56884,98.51347,98.04906,94.98218,99.530174
MIT,b4c0,219,99.57243,98.48069,98.239975,94.604744,99.561775
MIT,b4c0,220,99.566986,98.48961,98.15195,95.038086,99.569595
MIT,b4c0,221,99.55627,98.433846,97.458885,94.35943,99.43544
MIT,b4c0,222,99.54248,98.40417,97.974686,94.44624,99.40841
MIT,b4c0,223,99.55125,98.38911,98.08119,93.46233,99.478935
MIT,b4c0,224,99.54266,98.36488,97.7186,93.93267,99.40393
MIT,b4c0,225,99.53756,98.36959,98.062256,94.00364,99.44045
MIT,b4c0,226,99.53222,98.37123,97.87519,93.583984,99.41785
MIT,b4c0,227,99.52939,98.36923,97.85641,94.038185,99.40564
MIT,b4c0,228,99.52563,98.35182,97.76177,93.7588,99.40564
MIT,b4c0,229,99.516556,98.34577,98.039085,93.59259,99.44001
MIT,b4c0,230,99.50006,98.32364,98.09702,94.39621,99.4373
MIT,b4c0,231,99.50173,98.2717,98.04394,94.41719,99.43454
MIT,b4c0,232,99.50379,98.25201,98.077934,93.80151,99.443665
MIT,b4c0,233,99.48267,98.241234,97.6652,93.33838,99.39788
MIT,b4c0,234,99.47573,98.218506,97.6794,94.630775,99.40353
MIT,b4c0,235,99.474365,98.21031,97.99194,93.8106,99.40751
MIT,b4c0,236,99.47058,98.19199,97.720345,93.61001,99.44318
MIT,b4c0,237,99.46395,98.17538,97.679955,94.08475,99.40353
MIT,b4c0,238,99.45677,98.21822,97.557816,92.54357,99.40559
MIT,b4c0,239,99.45639,98.29886,97.90564,93.03513,99.419
MIT,b4c0,240,99.45354,98.34683,98.05115,93.97062,99.42246
MIT,b4c0,241,99.45357,98.39856,97.98898,92.76341,99.46509
MIT,b4c0,242,99.45639,98.447014,98.0999,93.364044,99.489815
MIT,b4c0,243,99.46462,98.4685,98.07971,93.14756,99.44881
MIT,b4c0,244,99.458176,98.46507,97.72319,92.43363,99.50197
MIT,b4c0,245,99.457504,98.439674,97.698814,92.1291,99.442024
MIT,b4c0,246,99.44373,98.43317,97.649796,92.96866,99.438034
MIT,b4c0,247,99.44334,98.41607,97.641655,92.78735,99.41
MIT,b4c0,248,99.445526,98.36508,97.69812,93.00901,99.45068
MIT,b4c0,249,99.436424,98.274826,97.975426,93.129906,99.48289
MIT,b4c0,250,99.426674,98.23534,97.85873,91.70802,99.42216
MIT,b4c0,251,99.41633,98.1784,98.058464,92.10237,99.39261
MIT,b4c0,252,99.41514,98.163,97.71896,91.974236,99.3976
MIT,b4c0,253,99.40651,98.16351,97.56655,93.591324,99.39589
MIT,b4c0,254,99.39883,98.17044,97.55344,91.998665,99.390495
MIT,b4c0,255,99.3936,98.17916,97.720795,92.176994,99.408066
MIT,b4c0,256,99.397575,98.17338,97.87053,92.07187,99.384995
MIT,b4c0,257,99.38339,98.04227,98.04185,92.960724,99.387054
MIT,b4c0,258,99.37486,97.85931,97.78232,91.82342,99.47337
MIT,b4c0,259,99.35089,97.857216,97.58916,92.07223,99.34398
MIT,b4c0,260,99.35843,97.90759,97.65705,91.64932,99.38907
MIT,b4c0,261,99.36437,97.99299,97.3742,91.82508,99.38312
MIT,b4c0,262,99.36399,98.02927,97.79488,92.73209,99.427826
MIT,b4c0,263,99.35254,98.07676,97.7703,92.59725,99.32989
MIT,b4c0,264,99.34595,98.09213,97.82459,92.62075,99.395874
MIT,b4c0,265,99.353645,98.06844,97.783165,91.8894,99.34027
MIT,b4c0,266,99.341576,98.09437,97.6401,92.92804,99.296814
MIT,b4c0,267,99.336685,98.0756,97.12996,92.653435,99.331215
MIT,b4c0,268,99.34095,98.05333,97.76051,93.33071,99.33223
MIT,b4c0,269,99.333595,98.049324,97.52213,92.69412,99.33223
MIT,b4c0,270,99.324135,98.04444,97.46972,92.52362,99.406624
MIT,b4c0,271,99.31995,98.00138,97.565506,92.2226,99.46915
MIT,b4c0,272,99.3177,98.01564,97.58956,91.44261,99.33788
MIT,b4c0,273,99.31162,98.07903,97.97733,92.70274,99.41301
MIT,b4c0,274,99.31871,98.10061,97.431816,91.17095,99.32201
MIT,b4c0,275,99.31912,98.148964,97.90098,92.98416,99.41684
MIT,b4c0,276,99.30607,98.18846,97.586105,91.42491,99.38542
MIT,b4c0,277,99.29578,98.22109,97.856125,92.65117,99.429924
MIT,b4c0,278,99.30632,98.21358,97.598854,91.6484,99.42097
MIT,b4c0,279,99.302795,98.223274,97.881226,91.33729,99.57148
MIT,b4c0,280,99.29732,98.20437,97.71913,91.782845,99.40694
MIT,b4c0,281,99.29021,98.191025,97.93762,91.286766,99.36198
MIT,b4c0,282,99.28298,98.18503,98.033134,91.67765,99.324265
MIT,b4c0,283,99.256424,98.144646,97.733925,93.033035,99.5418
MIT,b4c0,284,99.250824,98.080154,97.5131,92.68379,99.53409
MIT,b4c0,285,99.241264,98.04479,97.611145,91.77599,99.36583
MIT,b4c0,286,99.24138,97.98974,97.819954,92.0009,99.380196
MIT,b4c0,287,99.2277,97.94681,97.644135,91.68043,99.29553
MIT,b4c0,288,99.21041,97.92869,97.96751,92.112465,99.32707
MIT,b4c0,289,99.2203,97.89493,97.5378,92.12242,99.37812
MIT,b4c0,290,99.211815,97.87843,97.87654,93.12712,99.26194
MIT,b4c0,291,99.21608,97.84718,97.398254,90.745735,99.37247
MIT,b4c0,292,99.20416,97.84206,97.55639,91.70964,99.351814
MIT,b4c0,293,99.2105,97.84793,97.415184,91.69704,99.35253
MIT,b4c0,294,99.2042,97.81491,97.437256,91.6802,99.30376
MIT,b4c0,295,99.189735,97.8254,97.76653,91.68037,99.26194
MIT,b4c0,296,99.18557,97.81047,97.66737,91.80834,99.359215
MIT,b4c0,297,99.17829,97.82411,97.5108,92.45299,99.355034
MIT,b4c0,298,99.17451,97.79205,97.49736,92.06894,99.275024
MIT,b4c0,299,99.17346,97.786644,97.7978,91.248985,99.29305
MIT,b4c0,300,99.17115,97.782974,97.61594,91.74503,99.33681
MIT,b4c0,301,99.1654,97.7867,97.83348,90.79616,99.30774
MIT,b4c0,302,99.15164,97.758705,97.68535,91.72321,99.35932
MIT,b4c0,303,99.15135,97.74377,97.54118,91.93137,99.321465
MIT,b4c0,304,99.13573,97.75308,97.32369,91.300995,99.334854
MIT,b4c0,305,99.12208,97.73449,97.90742,91.35751,99.29509
MIT,b4c0,306,99.120926,97.72635,97.93104,92.454796,99.40926
MIT,b4c0,307,99.10933,97.708725,97.32284,93.205185,99.29509
MIT,b4c0,308,99.11399,97.68906,97.76415,92.01287,99.34184
MIT,b4c0,309,99.11151,97.65093,97.52047,91.86188,99.38677
MIT,b4c0,310,99.096664,97.66386,97.903465,92.14672,99.266754
MIT,b4c0,311,99.100174,97.65023,97.83406,91.33445,99.309265
MIT,b4c0,312,99.092865,97.67268,96.0532,91.86086,99.410416
MIT,b4c0,313,99.089745,97.70277,97.89376,92.62593,99.30425
MIT,b4c0,314,99.08251,97.741615,97.66436,92.23243,99.23252
MIT,b4c0,315,99.08779,97.74305,97.518555,90.7837,99.37498
MIT,b4c0,316,99.066765,97.78545,97.917786,92.63389,99.42417
MIT,b4c0,317,99.05903,97.75334,97.21046,91.68915,99.36584
MIT,b4c0,318,99.06242,97.69486,97.930885,91.297844,99.485245
MIT,b4c0,319,99.05656,97.64628,97.60192,92.009514,99.34472
MIT,b4c0,320,99.04662,97.636925,97.54573,91.0265,99.31521
MIT,b4c0,321,99.03965,97.61626,97.71393,91.511086,99.14387
MIT,b4c0,322,99.025604,97.58797,97.76616,91.77076,99.34254
MIT,b4c0,323,99.02806,97.584404,97.38687,91.919136,99.29657
MIT,b4c0,324,99.01182,97.58273,97.79906,91.44328,99.35357
MIT,b4c0,325,99.02065,97.56945,97.39869,91.095436,99.15107
MIT,b4c0,326,99.01314,97.59102,97.79801,91.29786,99.334946
MIT,b4c0,327,99.00489,97.5896,97.81576,91.78099,98.935875
MIT,b4c0,328,99.00342,97.6003,97.37602,91.25419,99.1141
MIT,b4c0,329,98.99939,97.62954,97.66377,91.11576,99.34275
MIT,b4c0,330,99.000435,97.59828,97.6807,90.19807,99.36031
MIT,b4c0,331,98.996216,97.56255,97.912285,90.399055,98.78202
MIT,b4c0,332,98.98428,97.55766,97.487404,91.34517,99.01402
MIT,b4c0,333,98.98725,97.52239,97.536964,91.88717,99.29231
MIT,b4c0,334,98.96867,97.52335,97.73868,90.37665,99.32882
MIT,b4c0,335,98.9764,97.49796,97.72488,91.058205,98.80616
MIT,b4c0,336,98.972305,97.502014,97.37088,89.7362,98.88695
MIT,b4c0,337,98.957695,97.501595,97.732666,90.998886,99.30804
MIT,b4c0,338,98.95473,97.50144,97.25216,90.080376,98.88186
MIT,b4c0,339,98.9446,97.52624,97.47758,88.95348,98.753136
MIT,b4c0,340,98.938614,97.52673,97.49595,89.68066,98.74493
MIT,b4c0,341,98.93843,97.50507,97.62281,90.243835,98.864265
MIT,b4c0,342,98.92373,97.49794,97.523964,91.01576,98.898415
MIT,b4c0,343,98.92042,97.437805,96.943825,91.035416,98.59487
MIT,b4c0,344,98.90962,97.437325,98.04189,91.95831,98.749985
MIT,b4c0,345,98.90663,97.415924,96.57394,91.18562,98.604164
MIT,b4c0,346,98.90692,97.402054,96.3142,91.37507,98.596954
MIT,b4c0,347,98.906204,97.38066,97.47861,91.209305,98.75328
MIT,b4c0,348,98.89534,97.36271,97.418106,90.99796,98.731346
MIT,b4c0,349,98.88906,97.31381,96.75844,91.11395,98.58286
MIT,b4c0,350,98.87735,97.27496,97.40839,91.21301,98.69252
MIT,b4c0,351,98.868454,97.18693,96.850525,90.988174,98.59702
MIT,b4c0,352,98.85419,97.11143,97.44584,91.76943,98.59147
MIT,b4c0,353,98.85297,97.07334,97.53227,90.35788,98.74407
MIT,b4c0,354,98.85262,97.015594,96.78515,90.64425,98.63214
MIT,b4c0,355,98.84466,96.958405,96.7721,91.48143,98.632744
MIT,b4c0,356,98.82335,96.893585,97.422806,90.202286,98.62595
MIT,b4c0,357,98.81574,96.85955,97.51765,92.08612,98.750275
MIT,b4c0,358,98.81453,96.825165,96.71872,90.058914,98.43308
MIT,b4c0,359,98.80576,96.80232,97.19787,91.14688,98.45987
MIT,b4c0,360,98.8124,96.771286,97.16503,90.08109,98.44338
MIT,b4c0,361,98.80366,96.78014,97.359604,91.87989,98.55485
MIT,b4c0,362,98.79937,96.79405,96.68498,89.96494,98.43957
MIT,b4c0,363,98.79798,96.80232,97.22378,91.06989,98.4394
MIT,b4c0,364,98.79764,96.80128,97.113174,89.86949,98.64975
MIT,b4c0,365,98.78278,96.78266,97.68023,90.6088,98.55485
MIT,b4c0,366,98.769806,96.66813,97.31528,90.88797,98.65923
MIT,b4c0,367,98.77096,96.55997,97.4043,90.17273,98.405846
MIT,b4c0,368,98.76282,96.49382,97.43818,90.545906,98.33892
MIT,b4c0,369,98.75496,96.41278,96.7542,89.71548,98.35365
MIT,b4c0,370,98.75113,96.400986,97.12223,91.14406,98.33207
MIT,b4c0,371,98.73682,96.42139,96.49834,89.66025,98.37644
MIT,b4c0,372,98.7307,96.38737,96.60134,90.16991,98.291916
MIT,b4c0,373,98.711845,96.40969,96.487015,90.380295,98.21838
MIT,b4c0,374,98.697136,96.39555,96.922226,90.51129,98.27221
MIT,b4c0,375,98.68734,96.29918,96.093025,91.31684,98.22888
MIT,b4c0,376,98.684006,96.19636,96.39902,89.677246,98.216774
MIT,b4c0,377,98.67396,96.098045,95.997505,91.59658,98.21507
MIT,b4c0,378,98.66224,96.000824,96.24495,91.222435,98.120766
MIT,b4c0,379,98.650246,95.91816,96.61747,91.62881,98.124245
MIT,b4c0,380,98.636765,95.88011,96.304214,91.22945,98.153786
MIT,b4c0,381,98.62596,95.7938,96.52478,90.76984,98.0992
MIT,b4c0,382,98.61255,95.73923,96.79069,90.92133,98.156265
MIT,b4c0,383,98.610275,95.6955,96.36729,90.32072,98.15248
MIT,b4c0,384,98.60947,95.711006,96.644035,91.38601,98.15248
MIT,b4c0,385,98.60519,95.81908,96.46257,90.538445,98.11387
MIT,b4c0,386,98.601295,95.918915,97.51207,90.144005,98.1023
MIT,b4c0,387,98.590805,95.978874,96.43698,89.38139,98.13167
MIT,b4c0,388,98.593605,96.001465,96.30959,89.2744,98.12429
MIT,b4c0,389,98.58382,96.02912,96.52078,90.23911,98.11836
MIT,b4c0,390,98.56757,96.06294,96.68981,90.35458,98.083954
MIT,b4c0,391,98.55657,96.0317,96.83973,91.12345,98.116005
MIT,b4c0,392,98.55256,96.062645,96.18201,88.925026,98.13502
MIT,b4c0,393,98.53891,96.03911,96.6877,89.985176,98.101974
MIT,b4c0,394,98.53238,96.0259,96.6168,89.80401,98.11149
MIT,b4c0,395,98.53223,96.03582,96.229805,89.17688,98.11393
MIT,b4c0,396,98.52731,96.06108,97.45937,89.03815,98.076584
MIT,b4c0,397,98.528336,96.13029,97.48297,89.28438,98.12648
MIT,b4c0,398,98.52598,96.228134,97.36281,90.352806,98.1644
MIT,b4c0,399,98.53082,96.23308,97.1324,88.413315,98.10481
MIT,b4c0,400,98.53175,96.235916,96.90885,89.870766,98.11594
MIT,b4c0,401,98.5277,96.13879,96.05024,89.26187,98.09946
MIT,b4c0,402,98.515236,96.05466,95.880394,88.930595,98.05565
MIT,b4c0,403,98.516174,95.96518,96.78137,90.525055,98.07733
MIT,b4c0,404,98.508385,95.9296,96.35762,88.36239,98.033
MIT,b4c0,405,98.480385,95.92426,95.30488,88.99003,97.82624
MIT,b4c0,406,98.464836,95.93257,95.751915,89.14816,97.95816
MIT,b4c0,407,98.46607,95.91548,97.39304,90.43779,97.887665
MIT,b4c0,408,98.45587,95.89177,96.86909,89.21282,97.8758
MIT,b4c0,409,98.441696,95.80912,96.436195,88.29415,97.871056
MIT,b4c0,410,98.42088,95.72686,96.05004,89.54443,97.92369
MIT,b4c0,411,98.42671,95.60594,96.02895,88.77254,97.83493
MIT,b4c0,412,98.410645,95.49346,95.29269,88.876656,97.87254
MIT,b4c0,413,98.39772,95.397255,95.78377,89.52093,97.86163
MIT,b4c0,414,98.395935,95.31273,95.98295,89.42455,97.90434
MIT,b4c0,415,98.36672,95.2474,96.462685,90.045364,97.90689
MIT,b4c0,416,98.36281,95.196465,97.241234,89.62611,97.87581
MIT,b4c0,417,98.3458,95.153305,96.08583,89.70653,97.73553
MIT,b4c0,418,98.32866,95.09146,92.576675,87.83537,97.72777
MIT,b4c0,419,98.334526,95.21861,95.68284,89.27534,97.728035
MIT,b4c0,420,98.3336,95.35926,97.117294,89.02694,97.84745
MIT,b4c0,421,98.338356,95.45351,96.0943,88.66606,97.74103
MIT,b4c0,422,98.323715,95.522285,96.7281,89.526794,97.74006
MIT,b4c0,423,98.32394,95.58375,96.43123,88.71496,97.85985
MIT,b4c0,424,98.31741,95.647156,96.5411,88.96891,97.788506
MIT,b4c0,425,98.310555,95.65006,96.62028,88.93443,97.74103
MIT,b4c0,426,98.309296,95.68729,96.4163,87.882545,97.87346
MIT,b4c0,427,98.2877,95.78008,97.334496,89.25014,97.90525
MIT,b4c0,428,98.28832,95.869064,96.5403,88.20186,97.89934
MIT,b4c0,429,98.28966,95.92656,96.34948,88.06536,97.60497
MIT,b4c0,430,98.27684,95.95871,96.85741,88.044106,97.70506
MIT,b4c0,431,98.27676,96.01262,97.454796,87.97627,97.714355
MIT,b4c0,432,98.26468,96.04005,96.86043,88.17144,97.67394
MIT,b4c0,433,98.241325,96.074974,97.27777,89.08671,97.773766
MIT,b4c0,434,98.23589,96.08688,97.38135,88.116135,97.704155
MIT,b4c0,435,98.22401,96.13797,97.50248,88.4503,97.66953
MIT,b4c0,436,98.21866,96.12802,96.50293,88.54602,97.65835
MIT,b4c0,437,98.21236,96.088974,97.501945,89.54011,97.72338
MIT,b4c0,438,98.20172,95.97931,97.16621,90.16276,97.70207
MIT,b4c0,439,98.17891,95.91443,97.34694,88.19806,97.79598
MIT,b4c0,440,98.17692,95.78551,96.80455,88.90712,97.66745
MIT,b4c0,441,98.16768,95.622,96.744675,88.27897,97.75623
MIT,b4c0,442,98.15443,95.52767,95.40167,88.61508,97.62602
MIT,b4c0,443,98.14535,95.44951,96.989136,88.34009,97.78939
MIT,b4c0,444,98.12794,95.31752,96.43962,89.23978,97.63648
MIT,b4c0,445,98.10893,95.19086,95.991486,89.51007,97.63131
MIT,b4c0,446,98.091156,95.09614,96.1512,89.211975,97.63235
MIT,b4c0,447,98.08007,94.96429,96.409645,90.04229,97.64393
MIT,b4c0,448,98.07439,94.893524,95.12706,90.01527,97.67969
MIT,b4c0,449,98.04586,94.79921,94.455734,89.29094,97.56718
MIT,b4c0,450,98.04077,94.68772,95.159195,89.17591,97.38386
MIT,b4c0,451,98.020134,94.66344,95.36994,89.51121,97.36412
MIT,b4c0,452,98.018906,94.61325,94.99966,88.826584,97.19206
MIT,b4c0,453,98.005516,94.60393,96.31509,87.97561,97.21861
MIT,b4c0,454,98.01368,94.75385,94.94123,88.23301,97.20208
MIT,b4c0,455,98.01368,94.93708,95.67659,90.03695,97.391174
MIT,b4c0,456,98.00998,95.017746,96.355896,89.14456,97.40263
MIT,b4c0,457,97.98803,95.076614,96.62417,88.32322,97.354385
MIT,b4c0,458,97.975266,95.10866,97.10029,87.75423,97.36736
MIT,b4c0,459,97.968895,95.13153,96.83185,88.35042,97.35145
MIT,b4c0,460,97.973366,95.169075,95.81179,88.5949,97.63317
MIT,b4c0,461,97.94941,95.242165,96.30882,87.18769,97.55879
MIT,b4c0,462,97.95114,95.351776,96.39789,87.706436,97.475685
MIT,b4c0,463,97.939415,95.53653,96.314316,87.45965,97.59109
MIT,b4c0,464,97.95605,95.673546,97.25727,87.67265,97.4339
MIT,b4c0,465,97.96713,95.769554,96.96065,87.78637,97.48842
MIT,b4c0,466,97.94342,95.91261,97.41187,88.382195,97.50057
MIT,b4c0,467,97.94277,95.95626,96.65279,87.59357,97.39938
MIT,b4c0,468,97.93795,96.01608,97.45256,87.87898,97.50549
MIT,b4c0,469,97.92926,96.01134,96.71339,87.081024,97.50794
MIT,b4c0,470,97.915276,95.98218,97.391716,87.204506,97.398125
MIT,b4c0,471,97.89557,95.95606,96.94319,87.82603,97.450195
MIT,b4c0,472,97.886406,95.8724,96.40873,87.39155,97.39831
MIT,b4c0,473,97.87097,95.7457,97.35703,87.99393,97.41051
MIT,b4c0,474,97.85802,95.65282,97.08088,87.71027,97.39693
MIT,b4c0,475,97.839676,95.61673,96.79964,88.66904,97.4078
MIT,b4c0,476,97.84061,95.52788,95.6709,87.693825,97.49931
MIT,b4c0,477,97.820526,95.4959,97.36766,87.91758,97.55234
MIT,b4c0,478,97.81095,95.45507,96.96455,88.252396,97.43791
MIT,b4c0,479,97.80223,95.41602,97.36121,88.19034,97.42889
MIT,b4c0,480,97.78828,95.392296,96.545044,87.50918,97.29741
MIT,b4c0,481,97.771545,95.33427,96.93252,88.28229,97.33198
MIT,b4c0,482,97.7425,95.26663,96.69211,87.76841,97.13529
MIT,b4c0,483,97.743416,95.14279,97.25628,87.97961,97.19605
MIT,b4c0,484,97.72037,95.059296,96.09668,88.83753,97.024216
MIT,b4c0,485,97.70156,94.97701,96.455475,88.24151,97.181206
MIT,b4c0,486,97.697136,94.86484,96.60523,87.654434,96.99159
MIT,b4c0,487,97.677,94.76508,96.58002,88.822716,96.87947
MIT,b4c0,488,97.65468,94.72953,96.06738,88.786255,96.82346
MIT,b4c0,489,97.66047,94.76494,95.96166,88.62926,96.907455
MIT,b4c0,490,97.63299,94.83331,97.116066,88.39812,97.01729
MIT,b4c0,491,97.63627,94.88188,95.25531,87.535324,96.8049
MIT,b4c0,492,97.62946,94.87655,96.3538,87.93244,96.857834
MIT,b4c0,493,97.604614,94.916336,97.46215,87.81398,96.9649
MIT,b4c0,494,97.583336,94.9675,96.79885,87.7151,96.82216
MIT,b4c0,495,97.58688,95.08231,95.91855,87.2222,96.97906
MIT,b4c0,496,97.57196,95.19944,96.222664,87.16357,96.95891
MIT,b4c0,497,97.57676,95.29107,96.05899,87.883415,96.837425
MIT,b4c0,498,97.57235,95.43599,97.40494,87.916374,96.82593
MIT,b4c0,499,97.56076,95.51038,97.327705,87.69131,96.84379
MIT,b4c0,500,97.56352,95.48103,97.376686,86.73401,96.83206
MIT,b4c0,501,97.54214,95.489006,97.53012,88.097404,96.84379
MIT,b4c0,502,97.51491,95.487946,97.41076,87.685394,96.71184
MIT,b4c0,503,97.51682,95.49207,96.914406,87.64485,96.49069
MIT,b4c0,504,97.51727,95.42046,97.35084,86.451706,96.79595
MIT,b4c0,505,97.48813,95.32803,96.79573,87.86603,96.47327
MIT,b4c0,506,97.47323,95.244705,97.1579,87.383255,96.63578
MIT,b4c0,507,97.46555,95.13398,96.93862,87.27138,96.49189
MIT,b4c0,508,97.44128,95.03792,97.48569,87.98466,96.71808
MIT,b4c0,509,97.41396,94.95122,97.352875,88.68351,96.53859
MIT,b4c0,510,97.3941,94.6632,96.954506,88.69868,96.41252
MIT,b4c0,511,97.38963,94.50328,96.24187,88.41352,96.44946
MIT,b4c0,512,97.372154,94.43746,96.08685,88.14474,96.446526
MIT,b4c0,513,97.35165,94.399315,95.36171,88.357704,96.4389
MIT,b4c0,514,97.33688,94.36311,96.58745,88.06752,96.36818
MIT,b4c0,515,97.30668,94.356514,96.266235,89.05523,96.38103
MIT,b4c0,516,97.303,94.35686,95.75476,87.7671,96.357994
MIT,b4c0,517,97.2898,94.31057,97.13523,87.79531,96.4244
MIT,b4c0,518,97.27363,94.281876,96.613884,87.79164,96.357544
MIT,b4c0,519,97.25133,94.26684,96.1891,88.2333,96.38083
MIT,b4c0,520,97.242455,94.229965,96.922005,89.11389,96.35084
MIT,b4c0,521,97.223526,94.15955,95.76728,87.80066,96.22984
MIT,b4c0,522,97.2249,94.05505,96.325485,87.99457,96.26385
MIT,b4c0,523,97.19475,93.98672,96.573204,87.83623,96.23211
MIT,b4c0,524,97.17528,94.064865,95.92243,88.16471,96.22728
MIT,b4c0,525,97.17529,94.0835,95.87841,87.68449,96.22773
MIT,b4c0,526,97.16139,94.1309,96.237206,87.20627,96.12521
MIT,b4c0,527,97.13691,94.15468,96.51969,87.82835,96.22728
MIT,b4c0,528,97.11944,94.21543,95.79722,88.01888,96.161545
MIT,b4c0,529,97.09697,94.2287,96.173164,87.75639,96.12218
MIT,b4c0,530,97.07713,94.28989,95.86783,88.40773,96.11159
MIT,b4c0,531,97.09185,94.3958,96.3855,87.87535,96.113914
MIT,b4c0,532,97.06927,94.5103,96.703606,87.65837,96.195946
MIT,b4c0,533,97.073685,94.66086,96.74967,88.00815,96.04948
MIT,b4c0,534,97.0716,94.73907,97.17602,87.45599,96.15977
MIT,b4c0,535,97.045334,94.78509,97.334854,86.818344,96.115295
MIT,b4c0,536,97.03504,94.89295,96.84737,87.003685,96.11153
MIT,b4c0,537,97.04376,94.95415,97.36042,86.802795,96.13413
MIT,b4c0,538,97.016464,94.97836,97.48552,88.376564,96.08164
MIT,b4c0,539,97.00832,94.94812,97.35693,87.46815,96.09557
MIT,b4c0,540,96.98453,94.89251,96.27931,87.322914,96.096695
MIT,b4c0,541,96.968765,94.858475,96.282455,87.71091,95.965225
MIT,b4c0,542,96.961525,94.842476,96.53,87.029144,95.924095
MIT,b4c0,543,96.936066,94.82745,97.36273,87.951904,95.931274
MIT,b4c0,544,96.92631,94.827484,97.261566,88.10276,95.92834
MIT,b4c0,545,96.915405,94.83055,96.24516,86.869934,95.91795
MIT,b4c0,546,96.898865,94.82316,96.909935,87.16873,95.92117
MIT,b4c0,547,96.886826,94.82009,96.4797,87.78301,95.85111
MIT,b4c0,548,96.868996,94.832405,96.59775,87.78092,95.849884
MIT,b4c0,549,96.85205,94.80065,97.063156,87.731636,95.71511
MIT,b4c0,550,96.838036,94.704796,97.01773,87.375725,95.733536
MIT,b4c0,551,96.81888,94.62223,97.33998,87.44933,95.78408
MIT,b4c0,552,96.80989,94.53723,97.291954,87.48592,95.798805
MIT,b4c0,553,96.80058,94.38583,96.63033,86.77367,95.822784
MIT,b4c0,554,96.7643,94.26781,96.54543,88.0004,95.57317
MIT,b4c0,555,96.75236,94.197044,97.28675,87.81595,95.83729
MIT,b4c0,556,96.718704,94.062515,96.031715,87.844055,95.77264
MIT,b4c0,557,96.708115,93.95484,96.66701,88.35272,95.77264
MIT,b4c0,558,96.695435,93.83273,96.48723,86.3829,95.77264
MIT,b4c0,559,96.69408,93.81524,97.0733,87.89347,95.771515
MIT,b4c0,560,96.668884,93.807686,96.20788,88.02134,95.742165
MIT,b4c0,561,96.6476,93.80722,95.28951,88.16687,95.509605
MIT,b4c0,562,96.64478,93.81763,96.56958,87.13972,95.56594
MIT,b4c0,563,96.6265,93.772125,95.31851,86.81039,95.50343
MIT,b4c0,564,96.59946,93.763275,95.40963,87.8175,95.505714
MIT,b4c0,565,96.57649,93.787735,97.38916,87.36221,95.505005
MIT,b4c0,566,96.581505,93.78574,96.60281,87.05027,95.534355
MIT,b4c0,567,96.56769,93.82302,96.94154,86.84342,95.53729
MIT,b4c0,568,96.538246,93.85699,96.42653,87.07012,95.476814
MIT,b4c0,569,96.53479,93.89065,96.75209,87.050224,95.46723
MIT,b4c0,570,96.52224,93.94696,96.48394,86.4462,95.512794
MIT,b4c0,571,96.521706,93.973564,96.004974,87.62747,95.32224
MIT,b4c0,572,96.49031,93.976524,96.95726,87.05307,95.483444
MIT,b4c0,573,96.4748,94.02077,95.84318,87.06075,95.483444
MIT,b4c0,574,96.44324,94.09499,96.29591,86.63156,95.340355
MIT,b4c0,575,96.435356,94.10724,96.189255,86.61679,95.32757
MIT,b4c0,576,96.40558,94.05768,95.828766,87.61808,95.3154
MIT,b4c0,577,96.39703,93.938416,95.62776,87.41805,95.26242
MIT,b4c0,578,96.36667,93.85608,95.79136,87.12912,95.14535
MIT,b4c0,579,96.34657,93.78288,96.73249,87.67427,95.39404
MIT,b4c0,580,96.330414,93.65672,96.10097,86.85435,95.26551
MIT,b4c0,581,96.3021,93.54443,96.6345,86.99794,95.26127
MIT,b4c0,582,96.27501,93.45354,96.10943,86.45321,95.10257
MIT,b4c0,583,96.25468,93.40455,96.39996,86.69841,95.111404
MIT,b4c0,584,96.23697,93.3441,96.3742,87.824455,95.051544
MIT,b4c0,585,96.21877,93.20047,96.157524,87.407745,95.15137
MIT,b4c0,586,96.204704,93.06759,95.8496,87.40687,95.15342
MIT,b4c0,587,96.16967,92.91758,96.79931,87.47177,95.1507
MIT,b4c0,588,96.14164,92.76695,95.345505,87.85613,95.018486
MIT,b4c0,589,96.11635,92.67054,95.27841,88.755295,95.01231
MIT,b4c0,590,96.09229,92.643845,95.26247,87.332535,95.02943
MIT,b4c0,591,96.08158,92.592476,94.82853,87.03696,94.883545
MIT,b4c0,592,96.05673,92.62071,95.76683,87.91218,94.97336
MIT,b4c0,593,96.023895,92.57901,94.87645,87.51593,94.91283
MIT,b4c0,594,95.99747,92.59288,96.17061,88.22043,94.89304
MIT,b4c0,595,95.98953,92.719635,93.98478,88.171974,94.92014
MIT,b4c0,596,95.95618,92.77036,96.88399,88.89308,94.89093
MIT,b4c0,597,95.94598,92.849815,95.05339,86.699234,94.86244
MIT,b4c0,598,95.92918,92.89783,96.48784,87.50478,94.95767
MIT,b4c0,599,95.90448,92.9793,96.167915,87.47115,94.929184
MIT,b4c0,600,95.88823,93.04064,96.31642,86.66168,94.883995
MIT,b4c0,601,95.85941,93.01638,96.59836,86.948746,94.85667
MIT,b4c0,602,95.84046,93.01017,96.73951,86.61137,94.86964
MIT,b4c0,603,95.83432,93.023895,96.10377,87.44607,94.74179
MIT,b4c0,604,95.80698,93.05981,95.65427,87.47285,94.86244
MIT,b4c0,605,95.7922,93.07018,96.98708,86.25084,94.86097
MIT,b4c0,606,95.78309,93.148346,96.62579,86.77439,94.86391
MIT,b4c0,607,95.76054,93.17326,96.866776,87.02677,94.75468
MIT,b4c0,608,95.75024,93.20898,96.16953,87.739235,94.76176
MIT,b4c0,609,95.72463,93.229195,96.30267,86.25426,94.85516
MIT,b4c0,610,95.708626,93.18459,96.35383,86.22491,94.76131
MIT,b4c0,611,95.688995,93.16141,96.0654,87.547104,94.73398
MIT,b4c0,612,95.66146,93.05351,96.67818,87.005295,94.744286
MIT,b4c0,613,95.623634,92.93339,95.8606,87.33969,94.72986
MIT,b4c0,614,95.58848,92.74229,95.620094,87.01699,94.69641
MIT,b4c0,615,95.57653,92.62634,96.908516,86.81613,94.704544
MIT,b4c0,616,95.542145,92.571045,96.04611,86.56156,94.709206
MIT,b4c0,617,95.53267,92.52434,95.96758,87.80882,94.68885
MIT,b4c0,618,95.5111,92.50178,94.94229,87.51766,94.69436
MIT,b4c0,619,95.46986,92.4934,95.210464,87.38577,94.69396
MIT,b4c0,620,95.45012,92.459305,96.3977,86.89189,94.61995
MIT,b4c0,621,95.42366,92.32467,95.41688,87.42427,94.50009
MIT,b4c0,622,95.41262,92.18991,95.745186,87.78496,94.442566
MIT,b4c0,623,95.37051,92.0047,94.03717,87.23886,94.40487
MIT,b4c0,624,95.34176,91.90709,96.94888,87.881966,93.88992
MIT,b4c0,625,95.32758,91.85556,94.95486,87.62924,94.19301
MIT,b4c0,626,95.29503,91.83556,96.205185,87.473076,94.24614
MIT,b4c0,627,95.261375,91.81289,94.98243,87.478485,93.95461
MIT,b4c0,628,95.23306,91.73895,95.417175,87.17122,93.95416
MIT,b4c0,629,95.19852,91.68939,95.07801,87.634636,94.13243
MIT,b4c0,630,95.15789,91.605865,96.695366,85.9898,94.13618
MIT,b4c0,631,95.152084,91.74287,94.99566,86.54933,93.90985
MIT,b4c0,632,95.13293,91.919,96.93239,87.88776,93.92815
MIT,b4c0,633,95.10235,92.001884,95.15617,87.609245,93.946304
MIT,b4c0,634,95.086494,92.12016,95.644684,87.64785,93.93601
MIT,b4c0,635,95.063126,92.10536,93.77682,86.509384,93.94923
MIT,b4c0,636,95.027725,92.15561,96.83102,86.62503,93.9426
MIT,b4c0,637,95.01793,92.128746,96.02772,87.28453,93.95298
MIT,b4c0,638,95.01064,92.1543,95.902626,87.46203,93.94923
MIT,b4c0,639,94.97971,92.10812,95.55994,87.070724,93.80816
MIT,b4c0,640,94.954895,92.153,96.594696,87.28523,93.94923
MIT,b4c0,641,94.930595,92.12577,93.97514,87.056564,93.78275
MIT,b4c0,642,94.920265,92.168144,95.47697,87.49951,93.783905
MIT,b4c0,643,94.897125,92.17595,97.17098,86.58478,93.92542
MIT,b4c0,644,94.87748,92.199524,96.29184,86.58209,93.776825
MIT,b4c0,645,94.85993,92.253586,95.72421,87.40067,93.92497
MIT,b4c0,646,94.83165,92.32388,96.43041,86.904175,93.777275
MIT,b4c0,647,94.8204,92.409935,96.762085,87.29911,93.798035
MIT,b4c0,648,94.78847,92.39562,95.61806,87.03662,93.76565
MIT,b4c0,649,94.77436,92.413284,96.01883,87.23752,93.93076
MIT,b4c0,650,94.73892,92.45445,97.1552,86.59749,93.75377
MIT,b4c0,651,94.70933,92.51735,96.9289,86.46179,93.697365
MIT,b4c0,652,94.67121,92.523834,94.3613,85.5617,93.63173
MIT,b4c0,653,94.64871,92.504776,97.40268,85.95244,93.67197
MIT,b4c0,654,94.62457,92.423836,96.47067,86.62699,93.63173
MIT,b4c0,655,94.601105,92.39969,96.46365,86.26257,93.61742
MIT,b4c0,656,94.55915,92.37975,96.40477,85.705246,93.61739
MIT,b4c0,657,94.53929,92.370445,96.99458,86.66054,93.61739
MIT,b4c0,658,94.5288,92.30316,96.33572,86.78087,93.60742
MIT,b4c0,659,94.503044,92.28361,96.79111,86.22359,93.61596
MIT,b4c0,660,94.47073,92.24623,96.280045,86.15273,93.440834
MIT,b4c0,661,94.44275,92.22052,95.22509,86.11721,93.567535
MIT,b4c0,662,94.41648,92.295555,96.66374,86.43985,93.494965
MIT,b4c0,663,94.399925,92.30271,96.162155,85.32728,93.54046
MIT,b4c0,664,94.366394,92.33327,96.3251,85.92952,93.3951
MIT,b4c0,665,94.340454,92.307526,97.34052,86.02563,93.390785
MIT,b4c0,666,94.32476,92.233406,97.081635,86.35928,93.37359
MIT,b4c0,667,94.282585,92.17355,96.606186,86.09387,93.39365
MIT,b4c0,668,94.25617,92.16728,95.55224,86.31288,93.204926
MIT,b4c0,669,94.2357,92.10498,95.39103,86.28591,93.42412
MIT,b4c0,670,94.20012,91.98894,96.485275,86.481224,93.23724
MIT,b4c0,671,94.15797,91.9591,96.04196,86.104225,93.21468
MIT,b4c0,672,94.144806,91.88291,96.210266,86.311905,93.24436
MIT,b4c0,673,94.10214,91.8532,96.79631,85.931015,93.24335
MIT,b4c0,674,94.09034,91.87867,96.271904,86.67337,93.222176
MIT,b4c0,675,94.04968,91.911316,95.45913,85.939674,93.15384
MIT,b4c0,676,94.015625,91.992905,96.39893,86.374435,92.81101
MIT,b4c0,677,93.99332,92.0551,96.00328,85.834465,93.0523
MIT,b4c0,678,93.95715,92.060555,96.76195,85.89036,93.05919
MIT,b4c0,679,93.94639,92.04343,97.33974,86.62097,93.10489
MIT,b4c0,680,93.91581,91.9895,97.42127,86.319534,92.66601
MIT,b4c0,681,93.87823,91.95016,96.28505,85.51554,93.001785
MIT,b4c0,682,93.849846,91.95118,97.37329,85.51174,93.042854
MIT,b4c0,683,93.82402,91.883896,97.136185,86.847626,92.76236
MIT,b4c0,684,93.792595,91.77499,96.39231,85.415596,93.019196
MIT,b4c0,685,93.76814,91.70776,96.79906,86.05097,92.893845
MIT,b4c0,686,93.73632,91.66889,96.11373,86.740524,93.025185
MIT,b4c0,687,93.69832,91.65952,97.38331,85.79724,92.91969
MIT,b4c0,688,93.66303,91.646706,96.9264,85.75507,92.780075
MIT,b4c0,689,93.635864,91.68029,96.44172,86.598816,92.61276
MIT,b4c0,690,93.610886,91.69099,96.68302,87.14696,92.583725
MIT,b4c0,691,93.578125,91.66122,96.97012,86.57013,92.74081
MIT,b4c0,692,93.55035,91.62357,96.17328,85.90212,92.516014
MIT,b4c0,693,93.52799,91.56421,96.80547,85.98451,92.534454
MIT,b4c0,694,93.49535,91.534004,96.6825,85.68611,92.57432
MIT,b4c0,695,93.45438,91.64627,97.04447,86.15877,92.49962
MIT,b4c0,696,93.43748,91.82074,96.922134,85.90935,92.69109
MIT,b4c0,697,93.41624,91.99145,96.71274,85.54455,92.74156
MIT,b4c0,698,93.39599,92.17429,95.36722,85.95662,92.78739
MIT,b4c0,699,93.36731,92.37287,97.22802,85.7094,92.704666
MIT,b4c0,700,93.35795,92.55345,97.20717,85.1184,92.19734
MIT,b4c0,701,93.32774,92.715294,97.38155,85.325226,92.31084
MIT,b4c0,702,93.30853,92.823,97.50068,85.58569,92.12974
MIT,b4c0,703,93.29364,92.890656,97.35142,84.49304,92.10691
MIT,b4c0,704,93.27251,92.973175,96.74184,84.86435,91.96388
MIT,b4c0,705,93.24806,93.0144,97.322525,84.414154,92.220055
MIT,b4c0,706,93.23597,92.93241,97.37311,84.34296,92.153076
MIT,b4c0,707,93.1936,92.58194,97.56272,86.3131,92.185135
MIT,b4c0,708,93.14713,92.251686,96.4055,86.46735,92.69422
MIT,b4c0,709,93.115616,91.923744,96.99614,85.38048,92.78022
MIT,b4c0,710,93.07325,91.682076,97.12146,86.46237,92.61463
MIT,b4c0,711,93.0522,91.62695,97.31109,86.44685,92.498055
MIT,b4c0,712,93.01689,91.56591,97.09622,86.282776,92.47342
MIT,b4c0,713,92.974304,91.381294,96.77549,86.474464,92.391815
MIT,b4c0,714,92.941635,91.31185,95.98047,87.03464,92.37421
MIT,b4c0,715,92.90893,91.23645,96.82165,86.46247,92.38128
MIT,b4c0,716,92.89613,91.24964,96.41305,86.09276,92.353455
MIT,b4c0,717,92.86831,91.20095,96.585335,86.26286,92.352554
MIT,b4c0,718,92.84313,91.13624,95.85194,85.73288,92.19707
MIT,b4c0,719,92.809395,91.12439,95.39286,85.93238,92.30781
MIT,b4c0,720,92.78003,91.122086,96.856606,86.06452,92.23366
MIT,b4c0,721,92.74897,91.15127,96.848015,85.20176,92.25904
MIT,b4c0,722,92.715546,91.15058,95.61157,85.221275,92.20228
MIT,b4c0,723,92.68136,91.16709,95.07258,85.02514,92.19376
MIT,b4c0,724,92.65892,91.151634,96.79564,85.96434,92.31111
MIT,b4c0,725,92.64479,91.01022,96.96198,85.48025,92.244026
MIT,b4c0,726,92.59632,90.943405,97.14431,85.38151,92.086174
MIT,b4c0,727,92.54539,90.82524,95.5504,85.21838,92.08658
MIT,b4c0,728,92.53379,90.833336,95.26351,85.92174,92.07698
MIT,b4c0,729,92.48253,90.77539,96.344574,86.38698,91.85278
MIT,b4c0,730,92.45691,90.69931,97.14964,85.97797,92.0064
MIT,b4c0,731,92.423035,90.70769,96.88507,86.33305,92.00577
MIT,b4c0,732,92.3935,90.72449,97.07686,85.34531,92.165
MIT,b4c0,733,92.35546,90.652176,97.23721,85.477,91.842
MIT,b4c0,734,92.313965,90.577576,95.6917,85.3567,91.99586
MIT,b4c0,735,92.28161,90.55602,97.13776,85.95006,92.020065
MIT,b4c0,736,92.25092,90.543365,97.40722,85.98656,92.0268
MIT,b4c0,737,92.207825,90.567,96.26665,85.85308,91.955635
MIT,b4c0,738,92.18195,90.539825,94.97591,85.45236,91.9489
MIT,b4c0,739,92.14379,90.46979,95.55604,85.94434,91.92676
MIT,b4c0,740,92.10437,90.41084,96.46044,86.04313,91.942154
MIT,b4c0,741,92.06483,90.343605,95.6857,85.64289,91.79558
MIT,b4c0,742,92.02781,90.27467,95.9566,85.71373,91.78727
MIT,b4c0,743,91.98946,90.18184,95.93783,86.19234,91.76848
MIT,b4c0,744,91.95331,90.01519,96.422356,85.86129,91.67372
MIT,b4c0,745,91.91181,89.93854,96.56637,86.19064,91.66882
MIT,b4c0,746,91.88185,89.85696,95.67866,86.58701,91.55714
MIT,b4c0,747,91.849396,89.80744,94.87995,86.31683,91.553566
MIT,b4c0,748,91.808876,89.73608,95.687996,85.844955,91.522484
MIT,b4c0,749,91.77575,89.75414,96.63808,86.07674,91.62188
MIT,b4c0,750,91.73353,89.750656,96.70389,85.980995,91.52779
MIT,b4c0,751,91.698654,89.89276,96.64049,86.6542,91.539566
MIT,b4c0,752,91.66749,89.969086,96.40594,86.42968,91.62848
MIT,b4c0,753,91.6353,90.01107,96.27513,86.25426,91.53055
MIT,b4c0,754,91.58268,89.88738,96.10891,86.01143,91.77576
MIT,b4c0,755,91.552444,89.79612,96.75665,85.79872,91.52993
MIT,b4c0,756,91.51598,89.76241,96.5072,86.24394,91.67502
MIT,b4c0,757,91.47871,89.66301,96.77404,86.97374,91.40213
MIT,b4c0,758,91.435234,89.468704,95.88004,87.50823,91.32553
MIT,b4c0,759,91.37895,89.18132,96.343376,86.257095,91.30128
MIT,b4c0,760,91.337845,89.035995,95.54722,87.04829,91.514305
MIT,b4c0,761,91.29177,88.971565,96.15573,86.62943,91.51759
MIT,b4c0,762,91.24101,88.905106,96.83653,86.94433,91.29839
MIT,b4c0,763,91.18926,88.83819,95.22178,86.71765,91.21096
MIT,b4c0,764,91.14289,88.710625,95.45869,87.10209,91.2015
MIT,b4c0,765,91.09761,88.65401,95.75558,86.99361,91.04539
MIT,b4c0,766,91.040375,88.5259,95.52621,86.75267,91.28973
MIT,b4c0,767,90.991516,88.45617,95.42113,87.26844,90.886055
MIT,b4c0,768,90.92773,88.1441,96.000175,86.12544,90.84384
MIT,b4c0,769,90.90013,88.85118,96.733055,87.05779,91.09385
MIT,b4c0,770,90.86152,88.48224,95.216484,87.442795,90.890656
MIT,b4c0,771,90.809105,88.183624,95.318146,86.707924,90.88651
MIT,b4c0,772,90.75004,88.102936,94.879196,87.34962,90.82337
MIT,b4c0,773,90.70829,88.09254,95.887474,87.64995,90.9026
MIT,b4c0,774,90.64541,88.11627,94.01737,87.21174,90.82621
MIT,b4c0,775,90.606384,88.10835,94.32077,86.85592,90.65154
MIT,b4c0,776,90.54644,88.06117,95.09065,86.83079,90.82666
MIT,b4c0,777,90.50042,88.096954,94.72546,86.84304,90.6085
MIT,b4c0,778,90.44657,88.08347,96.51401,87.58006,90.43114
MIT,b4c0,779,90.39083,88.00542,93.7705,87.010765,90.42446
MIT,b4c0,780,90.33429,87.96976,94.508514,86.84093,90.35491
MIT,b4c0,781,90.284065,87.85471,95.502335,87.055786,90.426125
MIT,b4c0,782,90.23924,87.84793,93.6342,86.814285,90.108574
MIT,b4c0,783,90.18205,87.82254,96.20333,87.309616,90.11379
MIT,b4c0,784,90.13901,87.818275,94.003174,87.09529,90.12913
MIT,b4c0,785,90.07075,87.751625,95.56386,86.76666,90.07839
MIT,b4c0,786,90.018776,87.79449,94.82082,87.55755,89.98309
MIT,b4c0,787,89.954926,87.66299,94.70125,87.28183,89.93191
MIT,b4c0,788,89.90729,87.76033,95.29103,87.24117,89.98449
MIT,b4c0,789,89.84525,87.706604,94.291,87.4827,89.92792
MIT,b4c0,790,89.7915,87.66113,93.643074,87.00005,89.924
MIT,b4c0,791,89.72385,87.61211,94.50673,87.05318,89.78064
MIT,b4c0,792,89.67678,87.62363,94.01687,86.763565,89.73996
MIT,b4c0,793,89.6219,87.60356,94.932434,87.17787,89.79178
MIT,b4c0,794,89.56901,87.667366,95.79583,86.70682,89.536125
MIT,b4c0,795,89.51011,87.57246,94.773056,86.653915,89.54439
MIT,b4c0,796,89.45242,87.59616,94.96245,86.97412,89.54007
MIT,b4c0,797,89.387924,87.58155,94.75246,86.53224,89.54007
MIT,b4c0,798,89.32849,87.60479,95.10055,86.47034,89.35036
MIT,b4c0,799,89.26941,87.54934,93.77921,86.80582,89.88579
MIT,b4c0,800,89.220085,87.60701,94.6183,86.52636,89.344055
MIT,b4c0,801,89.158264,87.59981,94.48239,86.64822,88.90294
MIT,b4c0,802,89.10347,87.61673,95.5172,86.83859,88.89359
MIT,b4c0,803,89.0469,87.45591,95.11455,86.60626,88.91897
MIT,b4c0,804,88.98676,87.43607,95.71579,87.216805,88.908485
MIT,b4c0,805,88.92197,87.42153,95.729805,86.899055,88.94011
MIT,b4c0,806,88.86003,87.33492,95.81814,87.04115,88.65043
MIT,b4c0,807,88.792885,87.33496,94.643974,86.42965,88.626915
MIT,b4c0,808,88.73071,87.237,94.777084,86.562195,88.62628
MIT,b4c0,809,88.65315,87.22913,94.44447,87.074295,88.626915
MIT,b4c0,810,88.59689,87.249176,95.18019,86.961555,88.637474
MIT,b4c0,811,88.537926,87.17341,95.26379,86.61639,88.101875
MIT,b4c0,812,88.46505,87.13543,94.59993,87.003784,88.119576
MIT,b4c0,813,88.397255,87.09035,93.477844,86.54801,88.101875
MIT,b4c0,814,88.32252,87.017395,95.32285,87.1552,87.98923
MIT,b4c0,815,88.26225,87.05175,95.06689,86.32588,87.93141
MIT,b4c0,816,88.18889,87.0501,94.59196,86.42248,87.91853
MIT,b4c0,817,88.120674,87.02699,95.69658,86.466805,87.924904
MIT,b4c0,818,88.03968,87.02606,95.58441,87.38003,87.71592
MIT,b4c0,819,87.96622,86.99066,95.22171,86.22619,87.68364
MIT,b4c0,820,87.889,86.89525,95.20141,86.672195,87.69396
MIT,b4c0,821,87.813614,86.87174,94.23004,86.84426,87.560745
MIT,b4c0,822,87.74074,86.86741,94.82598,86.155556,87.36578
MIT,b4c0,823,87.67068,86.81886,94.29802,85.98753,87.35917
MIT,b4c0,824,87.59101,86.82121,94.760506,86.54965,87.37098
MIT,b4c0,825,87.50698,86.80051,95.287315,86.06026,86.89793
MIT,b4c0,826,87.42392,86.7758,94.56764,85.772575,86.99809
MIT,b4c0,827,87.35086,86.78653,93.52217,85.91887,86.89793
MIT,b4c0,828,87.26824,86.75478,93.82394,85.62323,86.883156
MIT,b4c0,829,87.16994,86.75223,93.40265,85.876015,86.86194
MIT,b4c0,830,87.10054,86.70014,95.03283,85.860146,86.87301
MIT,b4c0,831,87.00863,86.70899,94.47294,85.72852,86.70995
MIT,b4c0,832,86.91428,86.65145,94.75761,85.37896,86.70055
MIT,b4c0,833,86.83384,86.63146,94.190544,85.02129,86.69343
MIT,b4c0,834,86.74587,86.607315,94.3248,85.70606,86.435715
MIT,b4c0,835,86.65096,86.58524,94.99436,85.4255,86.37883
MIT,b4c0,836,86.56065,86.601135,95.44408,85.26254,86.386925
MIT,b4c0,837,86.47804,86.71205,94.96744,85.573586,86.345985
MIT,b4c0,838,86.39039,86.7017,94.20677,85.26282,86.19044
MIT,b4c0,839,86.29707,86.69281,93.442406,84.88036,86.017296
MIT,b4c0,840,86.190094,86.63752,92.3644,85.12498,85.67649
MIT,b4c0,841,86.09411,86.61478,94.05892,84.87009,85.68343
MIT,b4c0,842,85.99668,86.6005,94.2803,85.22543,85.5713
MIT,b4c0,843,85.89531,86.58738,92.811,85.11202,85.58698
MIT,b4c0,844,85.797455,86.57965,93.21107,85.02598,85.08384
MIT,b4c0,845,85.68306,86.597466,92.50575,84.746124,84.85192
MIT,b4c0,846,85.573975,86.540436,93.41407,84.78467,84.87724
MIT,b4c0,847,85.45935,86.474396,92.33625,84.621475,84.37716
MIT,b4c0,848,85.35155,86.51115,93.57265,85.20527,84.41099
MIT,b4c0,849,85.240845,86.45479,92.054535,85.002785,84.42461
MIT,b4c0,850,85.12619,86.37827,91.07327,84.60317,84.398155
MIT,b4c0,851,85.00426,86.367035,92.67655,85.10272,83.959366
MIT,b4c0,852,84.88884,86.340645,92.130936,84.76676,84.12145
MIT,b4c0,853,84.76064,86.25126,92.580635,85.21448,83.90151
MIT,b4c0,854,84.65473,86.27976,90.70322,84.98163,83.754845
MIT,b4c0,855,84.53598,86.184715,90.15887,85.161194,83.67955
MIT,b4c0,856,84.47119,86.17313,90.542755,85.07052,83.62432
MIT,b4c0,857,84.37479,86.143394,90.411896,84.88898,83.44511
MIT,b4c0,858,84.23839,86.09676,90.17983,84.889725,83.50564
MIT,b4c0,859,84.120384,86.10603,89.84647,85.08652,83.44054
MIT,b4c0,860,83.974525,86.12308,91.256165,85.61065,83.43017
MIT,b4c0,861,83.83287,86.11098,90.54583,85.16143,83.4457
MIT,b4c0,862,83.697815,86.09324,90.82835,85.18124,83.450874
MIT,b4c0,863,83.57234,86.20817,90.618515,85.48545,83.49255
MIT,b4c0,864,83.450005,86.150795,89.1358,85.36393,83.436134
MIT,b4c0,865,83.29456,86.17855,89.72607,84.88337,83.38653
MIT,b4c0,866,83.16389,86.03732,89.0474,85.47808,83.391235
MIT,b4c0,867,83.02192,86.031044,88.29409,85.54655,82.16601
MIT,b4c0,868,82.88256,86.02414,89.1291,84.64519,82.295006
MIT,b4c0,869,82.73528,86.06012,90.04457,85.36913,82.541275
MIT,b4c0,870,82.60784,86.05096,89.34148,84.93185,82.31163
MIT,b4c0,871,82.45665,86.11767,89.17271,85.080765,82.35687
MIT,b4c0,872,82.317535,86.03532,89.16733,85.19684,82.28774
MIT,b4c0,873,82.168976,86.03845,88.142914,85.66376,81.849785
MIT,b4c0,874,82.0144,86.01065,88.28105,85.22078,81.89371
MIT,b4c0,875,81.866356,86.00639,88.88443,85.103676,81.84842
MIT,b4c0,876,81.72562,86.049324,87.316925,85.133194,81.76492
MIT,b4c0,877,81.59036,86.01356,88.123856,84.53214,80.6925
MIT,b4c0,878,81.40959,85.97759,88.512215,84.888596,80.51417
MIT,b4c0,879,81.269455,86.03726,88.39712,84.73527,80.6193
MIT,b4c0,880,81.11706,86.05938,87.70894,84.460976,80.626625
MIT,b4c0,881,80.94785,86.10689,89.03364,84.74756,80.72941
MIT,b4c0,882,80.80968,86.08225,88.4812,84.815865,80.656815
MIT,b4c0,883,80.64962,85.98937,87.97854,84.60057,80.10829
MIT,b4c0,884,80.47326,85.97108,87.70353,84.93389,80.13801
MIT,b4c0,885,80.30965,85.97391,86.851974,84.449615,80.039055
MIT,b4c0,886,80.14689,85.92924,87.52607,84.21248,80.00446
MIT,b4c0,887,79.99363,85.88991,87.44047,84.38263,78.877945
MIT,b4c0,888,79.82081,85.88469,87.71745,84.127014,78.85595
MIT,b4c0,889,79.65677,85.83056,87.88349,84.04807,78.77884
MIT,b4c0,890,79.478836,85.82467,87.26324,83.97563,78.84558
MIT,b4c0,891,79.32111,85.7974,86.08276,83.84458,78.68209
MIT,b4c0,892,79.14769,85.7706,87.39949,84.30749,78.64612
MIT,b4c0,893,78.9724,85.803925,87.04079,83.82002,78.52549
MIT,b4c0,894,78.80348,85.70049,87.2915,83.640015,78.633575
MIT,b4c0,895,78.63157,85.72933,86.12662,83.74738,78.634346
MIT,b4c0,896,78.45817,85.6826,87.69024,83.37567,78.67136
MIT,b4c0,897,78.28353,85.717804,86.43727,83.37261,78.663605
MIT,b4c0,898,78.09779,85.67976,87.22186,83.24314,78.73619
MIT,b4c0,899,77.91602,85.65846,85.597084,82.91499,78.64059
MIT,b4c0,900,77.73579,85.67764,87.38522,83.30814,78.598175
MIT,b4c0,901,77.557625,85.67935,86.03844,82.81175,75.907684
MIT,b4c0,902,77.385345,85.5962,85.61577,83.04797,75.952255
MIT,b4c0,903,77.19304,85.53722,87.09158,82.69223,75.94703
MIT,b4c0,904,77.021515,85.48287,86.07701,81.97328,75.96878
MIT,b4c0,905,76.8488,85.50699,86.88215,82.94867,76.03436
MIT,b4c0,906,76.67055,85.38655,86.45314,82.8313,75.95775
MIT,b4c0,907,76.49254,85.41525,85.406006,83.190346,75.99935
MIT,b4c0,908,76.317345,85.386955,86.318245,82.80327,75.9786
MIT,b4c0,909,76.12438,85.321625,86.47557,82.59066,76.01257
MIT,b4c0,910,75.94772,85.3228,85.276764,82.48067,75.9663
MIT,b4c0,911,75.76,85.24364,85.16259,82.327415,75.47546
MIT,b4c0,912,75.56772,85.2709,85.36346,82.32268,75.69698
MIT,b4c0,913,75.38758,85.27775,85.37359,82.20288,75.38071
MIT,b4c0,914,75.203156,85.24502,85.33658,81.99215,75.39649
MIT,b4c0,915,75.00683,85.25569,84.77464,81.92525,75.35046
MIT,b4c0,916,74.828835,85.265335,85.45275,81.97817,75.33994
MIT,b4c0,917,74.64318,85.22949,85.13049,82.10658,75.554214
MIT,b4c0,918,74.43893,85.16569,85.40375,82.219154,75.37533
MIT,b4c0,919,74.23553,85.1355,85.30481,82.38917,75.445755
MIT,b4c0,920,74.04721,85.09193,85.42063,82.21541,73.63728
MIT,b4c0,921,73.84991,85.042145,85.20659,81.497116,73.51106
MIT,b4c0,922,73.6484,84.97752,85.06678,81.82322,73.47152
MIT,b4c0,923,73.45947,84.949585,84.54461,82.07295,71.42931
MIT,b4c0,924,73.25581,84.96409,84.64546,81.832375,71.39642
MIT,b4c0,925,73.04756,84.92348,84.73723,82.141846,71.38515
MIT,b4c0,926,72.83516,84.89573,84.689255,81.78079,71.41858
MIT,b4c0,927,72.62697,84.91126,84.343895,82.01167,71.38795
MIT,b4c0,928,72.420364,84.84689,84.55539,81.72759,71.28797
MIT,b4c0,929,72.20495,84.86204,84.61614,81.60603,71.47547
MIT,b4c0,930,72.00264,84.807175,84.44645,81.65609,71.05337
MIT,b4c0,931,71.7803,84.7849,83.95663,81.87487,71.16891
MIT,b4c0,932,71.57365,84.75644,84.14391,81.58397,71.16952
MIT,b4c0,933,71.35648,84.73831,84.356316,81.67291,71.05207
MIT,b4c0,934,71.1317,84.738914,84.39542,81.46211,71.11742
MIT,b4c0,935,70.914764,84.7113,84.17406,81.54528,71.08663
MIT,b4c0,936,70.69339,84.68788,83.848785,81.36595,71.09927
MIT,b4c0,937,70.46164,84.65755,83.820435,81.1646,68.942116
MIT,b4c0,938,70.232254,84.65972,83.77958,81.315186,68.96213
MIT,b4c0,939,70.00342,84.61272,83.786705,81.397385,68.9671
MIT,b4c0,940,69.76016,84.61713,83.62899,81.77234,69.09166
MIT,b4c0,941,69.53761,84.59204,83.252716,81.333244,69.002014
MIT,b4c0,942,69.297646,84.58319,83.38795,81.12409,66.51549
MIT,b4c0,943,69.04501,84.56231,83.13944,81.453735,66.65564
MIT,b4c0,944,68.81483,84.55387,83.12336,80.94444,66.28634
MIT,b4c0,945,68.56534,84.528564,83.27219,80.8773,66.161896
MIT,b4c0,946,68.32727,84.49467,82.97778,80.8063,65.957825
MIT,b4c0,947,68.0599,84.47299,83.072296,80.92964,65.83786
MIT,b4c0,948,67.79397,84.45829,83.03024,80.74205,65.99796
MIT,b4c0,949,67.5412,84.427605,83.02181,80.806274,66.043495
MIT,b4c0,950,67.26598,84.387115,82.911705,80.7672,66.2904
MIT,b4c0,951,66.989494,84.3774,82.96624,80.830124,66.287575
MIT,b4c0,952,66.70403,84.349495,82.95896,80.702675,66.33357
MIT,b4c0,953,66.40697,84.32831,82.71,80.45045,63.606335
MIT,b4c0,954,66.09337,84.31906,82.920715,80.63603,63.653114
MIT,b4c0,955,65.79111,84.29609,82.79317,80.70763,63.606663
MIT,b4c0,956,65.49313,84.26799,82.88841,80.51451,63.480698
MIT,b4c0,957,65.184944,84.25084,82.87843,80.694664,63.54769
MIT,b4c0,958,64.87756,84.24194,82.72488,80.65352,60.322044
MIT,b4c0,959,64.57111,84.23782,82.8048,80.353386,60.18894
MIT,b4c0,960,64.25369,84.20536,82.747154,80.169624,60.214844
MIT,b4c0,961,63.920002,84.18649,82.8292,80.22228,60.139183
MIT,b4c0,962,63.619728,84.17461,82.862175,80.60884,59.997623
MIT,b4c0,963,63.261166,84.16024,82.69327,80.08623,59.6749
MIT,b4c0,964,63.005978,84.14891,82.91287,80.0334,59.890156
MIT,b4c0,965,62.579056,84.13696,82.78476,79.96817,59.687954
MIT,b4c0,966,62.316925,84.13261,82.832886,79.956635,59.96425
MIT,b4c0,967,61.866146,84.10948,82.57371,79.77565,56.53877
MIT,b4c0,968,61.605316,84.11202,82.77396,80.21768,58.28224
MIT,b4c0,969,61.157177,84.08107,82.69399,79.70781,58.073513
MIT,b4c0,970,60.920605,84.07201,82.68888,80.41636,58.377544
MIT,b4c0,971,60.417202,84.04468,82.84955,79.69459,58.277176
MIT,b4c0,972,60.181942,84.047325,82.71285,79.65637,59.591694
MIT,b4c0,973,59.674652,84.01574,82.892586,79.804726,57.178303
MIT,b4c0,974,59.39995,84.01208,82.93298,79.859,57.068005
MIT,b4c0,975,58.935722,83.98044,82.96193,79.619736,56.94086
MIT,b4c0,976,58.66607,83.973915,83.02747,79.996124,56.867367
MIT,b4c0,977,58.177597,83.956795,82.91227,79.698044,56.848175
MIT,b4c0,978,57.9264,83.94304,83.09666,79.478485,59.73659
MIT,b4c0,979,57.40274,83.93608,82.89766,79.6673,58.242134
MIT,b4c0,980,57.123028,83.93008,83.057144,79.4634,58.047108
MIT,b4c0,981,56.645294,83.90265,82.994316,79.59221,56.92121
MIT,b4c0,982,56.366993,83.896614,83.03116,79.4111,58.18997
MIT,b4c9,1,99.90757,99.83524,82.76833,101.37996,99.54152
MIT,b4c9,2,100.0,99.974075,82.16123,101.41753,99.61199
MIT,b4c9,3,100.04208,100.082115,82.37739,101.16705,99.70553
MIT,b4c9,4,100.092026,100.14191,83.0692,101.062645,99.769554
MIT,b4c9,5,100.12411,100.1328,81.61531,101.09947,99.81025
MIT,b4c9,6,100.14481,100.091675,82.11653,101.21323,99.77725
MIT,b4c9,7,100.160385,100.05714,82.95722,101.16527,99.81885
MIT,b4c9,8,100.17755,100.0416,83.563225,101.15607,99.82734
MIT,b4c9,9,100.19734,99.982155,82.38212,101.30943,99.81953
MIT,b4c9,10,100.208725,100.00567,82.93728,101.007225,99.81334
MIT,b4c9,11,100.21324,99.951416,83.14375,100.79564,99.79763
MIT,b4c9,12,100.226974,99.92811,81.49328,100.90935,99.75194
MIT,b4c9,13,100.23329,99.91473,81.463135,101.043564,99.823586
MIT,b4c9,14,100.23725,99.85365,82.14253,101.3843,99.81334
MIT,b4c9,15,100.24329,99.887764,81.350136,100.841095,99.79763
MIT,b4c9,16,100.24867,99.87351,87.59186,101.11112,99.806206
MIT,b4c9,17,100.255806,99.85838,82.91568,101.0481,99.817665
MIT,b4c9,18,100.26041,99.857635,83.06911,100.96991,99.82174
MIT,b4c9,19,100.25965,99.87038,82.04619,100.819565,99.80942
MIT,b4c9,20,100.273056,99.88342,82.201256,101.130005,99.825264
MIT,b4c9,21,100.27914,99.930374,82.644615,100.98279,99.83464
MIT,b4c9,22,100.2877,99.94462,82.8859,100.952446,99.804214
MIT,b4c9,23,100.29662,99.935295,83.39065,101.014755,99.839745
MIT,b4c9,24,100.300514,99.8915,81.77692,101.15195,99.8297
MIT,b4c9,25,100.30267,99.87964,80.612946,100.966385,99.84677
MIT,b4c9,26,100.30298,99.8754,84.414825,100.86604,99.845184
MIT,b4c9,27,100.31038,99.82211,82.11688,100.60376,99.83911
MIT,b4c9,28,100.31156,99.77204,81.70963,101.002426,99.82329
MIT,b4c9,29,100.31152,99.76784,80.97293,100.8768,99.82218
MIT,b4c9,30,100.309975,99.7298,83.27314,100.9865,99.84822
MIT,b4c9,31,100.30802,99.657906,82.13173,100.94028,99.81458
MIT,b4c9,32,100.30259,99.57839,82.555305,100.85399,99.84162
MIT,b4c9,33,100.2975,99.48864,81.5917,100.69623,99.844696
MIT,b4c9,34,100.291565,99.38429,82.85047,100.91298,99.896355
MIT,b4c9,35,100.28618,99.28842,83.76346,100.99183,99.8545
MIT,b4c9,36,100.28487,99.18922,82.11119,100.96628,99.829384
MIT,b4c9,37,100.27699,99.11697,81.50871,100.75465,99.8141
MIT,b4c9,38,100.270874,99.08304,82.61107,100.699234,99.85701
MIT,b4c9,39,100.28045,99.064476,81.20932,100.84123,99.81429
MIT,b4c9,40,100.27726,99.05114,81.34679,100.40901,99.79999
MIT,b4c9,41,100.27523,98.991905,84.29043,100.91888,99.83588
MIT,b4c9,42,100.267654,98.96154,82.69919,100.692665,99.80918
MIT,b4c9,43,100.266106,98.91619,80.996864,100.2278,99.798164
MIT,b4c9,44,100.27057,98.87768,81.24477,100.53311,99.78634
MIT,b4c9,45,100.260025,98.84642,81.91764,100.11881,99.810715
MIT,b4c9,46,100.26274,98.80442,82.28008,100.33329,99.8339
MIT,b4c9,47,100.25952,98.77996,80.95757,100.49491,99.79949
MIT,b4c9,48,100.14748,98.77319,83.47295,100.69317,99.67441
MIT,b4c9,49,100.2652,98.83307,80.06061,100.666336,99.702385
MIT,b4c9,50,100.268105,98.94517,80.337814,100.79846,99.8224
MIT,b4c9,51,100.271034,99.00413,81.5634,100.21794,99.74209
MIT,b4c9,52,100.26997,98.97733,81.01717,100.33436,99.70535
MIT,b4c9,53,100.272316,98.984215,83.16111,100.46839,99.63248
MIT,b4c9,54,100.27098,98.98892,79.56453,100.179855,99.68312
MIT,b4c9,55,100.27087,98.975716,80.79433,100.367935,99.58359
MIT,b4c9,56,100.2659,98.94895,80.076355,100.01023,99.59345
MIT,b4c9,57,100.25981,98.92382,80.468445,99.95388,99.60623
MIT,b4c9,58,100.26017,98.846565,80.04016,100.41052,99.62752
MIT,b4c9,59,100.25107,98.79811,80.264824,100.42607,99.62787
MIT,b4c9,60,100.25004,98.76175,80.42086,100.44023,99.54665
MIT,b4c9,61,100.24385,98.70539,81.21356,100.35982,99.45293
MIT,b4c9,62,100.240074,98.66185,80.18694,100.13356,99.51302
MIT,b4c9,63,100.24019,98.5962,79.941185,100.43734,99.4814
MIT,b4c9,64,100.23374,98.54151,81.497475,100.363495,99.49345
MIT,b4c9,65,100.234535,98.500786,80.639984,100.19473,99.51657
MIT,b4c9,66,100.233185,98.42341,81.06574,100.563774,99.53167
MIT,b4c9,67,100.22796,98.371864,80.75019,100.42717,99.52727
MIT,b4c9,68,100.221115,98.29087,79.82672,100.11017,99.5463
MIT,b4c9,69,100.2182,98.207504,80.63982,100.34896,99.52321
MIT,b4c9,70,100.209595,98.15805,80.20281,100.04971,99.53483
MIT,b4c9,71,100.205734,98.10622,81.57421,100.29352,99.546196
MIT,b4c9,72,100.19687,98.029144,81.030334,100.24544,99.53025
MIT,b4c9,73,100.19323,97.97904,79.76986,99.853294,99.49296
MIT,b4c9,74,100.18866,97.86397,81.68662,100.356834,99.575836
MIT,b4c9,75,100.1921,97.813774,79.75629,100.15651,99.51546
MIT,b4c9,76,100.17716,97.746376,80.2155,99.729515,99.55545
MIT,b4c9,77,100.17057,97.707115,79.97283,99.61924,99.51821
MIT,b4c9,78,100.16552,97.72298,79.743065,99.13963,99.47741
MIT,b4c9,79,100.168686,97.80379,79.421036,99.659256,99.450264
MIT,b4c9,80,100.17394,97.88885,80.322914,99.70116,99.406166
MIT,b4c9,81,100.18673,97.937225,81.20903,100.05675,99.38642
MIT,b4c9,82,100.17578,97.92004,80.04535,100.056725,99.309784
MIT,b4c9,83,100.182045,97.915955,80.61355,100.263794,99.33667
MIT,b4c9,84,100.177246,97.93622,81.155785,99.20247,99.323746
MIT,b4c9,85,100.179504,97.91204,80.36577,100.17744,99.30353
MIT,b4c9,86,100.16892,97.89755,79.91408,100.14108,99.286446
MIT,b4c9,87,100.16358,97.858986,79.9015,100.13535,99.29318
MIT,b4c9,88,100.15316,97.82362,80.181366,99.68457,99.27816
MIT,b4c9,89,100.14361,97.77399,80.34532,99.520424,99.25137
MIT,b4c9,90,100.14966,97.74762,79.81132,99.69984,99.28338
MIT,b4c9,91,100.14792,97.72549,81.45124,100.07511,99.29821
MIT,b4c9,92,100.14256,97.69902,79.7897,99.797485,99.26288
MIT,b4c9,93,100.02095,97.68267,79.73433,99.09831,99.21372
MIT,b4c9,94,100.135635,97.70726,79.970726,99.90114,99.26659
MIT,b4c9,95,100.13294,97.702354,79.5078,99.16843,99.268105
MIT,b4c9,96,100.131516,97.61825,80.264145,100.12086,99.28847
MIT,b4c9,97,100.122734,97.58003,79.90717,100.072845,99.29081
MIT,b4c9,98,100.11712,97.47588,79.65937,99.77086,99.30113
MIT,b4c9,99,100.11711,97.35363,79.784584,100.1882,99.34107
MIT,b4c9,100,100.110596,97.29838,80.25119,100.31361,99.32939
MIT,b4c9,101,100.09747,97.22981,79.477264,99.66254,99.3247
MIT,b4c9,102,100.090515,97.17055,81.58927,100.052635,99.35598
MIT,b4c9,103,100.08071,97.109215,80.55438,99.89528,99.354126
MIT,b4c9,104,100.08226,97.01628,81.06079,100.05378,99.3859
MIT,b4c9,105,100.07515,96.96129,80.30426,99.36558,99.35753
MIT,b4c9,106,100.07504,96.91751,80.63583,100.2454,99.34525
MIT,b4c9,107,100.06311,96.903625,80.30704,100.20287,99.299736
MIT,b4c9,108,100.06549,96.93349,80.01772,99.58727,99.12187
MIT,b4c9,109,100.05823,96.998924,79.76073,99.91003,99.06457
MIT,b4c9,110,100.06667,97.120155,80.15368,100.17685,99.06826
MIT,b4c9,111,100.06279,97.15348,79.5225,99.61507,99.170685
MIT,b4c9,112,100.06461,97.15124,79.660126,99.69013,99.02886
MIT,b4c9,113,100.05521,97.142296,80.74251,99.65318,99.185585
MIT,b4c9,114,100.05346,97.111916,79.97589,98.91461,99.16671
MIT,b4c9,115,100.05686,97.10875,79.86064,99.715935,99.02886
MIT,b4c9,116,100.056,97.093155,79.84785,99.59919,99.01954
MIT,b4c9,117,100.04693,97.052864,80.85429,99.81289,99.027245
MIT,b4c9,118,100.04166,97.00992,80.24191,99.43335,99.01214
MIT,b4c9,119,100.045616,96.93627,79.392,99.87673,99.01214
MIT,b4c9,120,100.03436,96.91212,80.35871,100.06936,99.03199
MIT,b4c9,121,100.03168,96.88329,80.55024,100.10626,99.0122
MIT,b4c9,122,100.02542,96.868965,80.190704,100.193886,99.011696
MIT,b4c9,123,100.023,96.83799,79.506454,99.25018,98.95477
MIT,b4c9,124,100.01644,96.80711,80.34776,99.401794,98.96703
MIT,b4c9,125,100.01125,96.77514,80.151474,99.69257,98.92998
MIT,b4c9,126,100.01681,96.774414,80.638115,100.04994,98.934715
MIT,b4c9,127,100.00293,96.73162,81.27602,99.81016,98.95387
MIT,b4c9,128,99.997665,96.68163,79.53746,99.986755,98.89202
MIT,b4c9,129,99.99718,96.61918,79.54467,99.95699,98.80568
MIT,b4c9,130,99.99606,96.52456,80.07617,99.61949,98.69477
MIT,b4c9,131,99.9793,96.39865,79.64565,99.83416,98.67746
MIT,b4c9,132,99.97131,96.45976,80.48947,99.66631,98.64772
MIT,b4c9,133,99.97543,96.4294,80.863235,99.933975,98.73441
MIT,b4c9,134,99.96988,96.425415,79.60685,99.88075,98.631966
MIT,b4c9,135,99.95675,96.42643,81.377235,99.86208,98.58181
MIT,b4c9,136,99.95756,96.40379,79.79852,99.58949,98.54416
MIT,b4c9,137,99.95532,96.424126,80.33225,99.66027,98.55738
MIT,b4c9,138,99.828964,96.397316,80.74344,99.47485,98.446075
MIT,b4c9,139,99.944374,96.44224,80.88227,99.51106,98.48713
MIT,b4c9,140,99.93686,96.51188,80.632614,99.71779,98.54526
MIT,b4c9,141,99.94232,96.49401,81.93641,99.431656,98.57317
MIT,b4c9,142,99.93686,96.51552,81.70916,99.4614,98.50426
MIT,b4c9,143,99.93233,96.51721,80.64507,99.41357,98.46563
MIT,b4c9,144,99.92963,96.47171,82.249374,99.394325,98.44088
MIT,b4c9,145,99.92351,96.46452,83.236946,99.27934,98.47701
MIT,b4c9,146,99.923134,96.4381,80.994774,98.22727,98.35174
MIT,b4c9,147,99.909424,96.42397,81.37002,99.14594,98.40634
MIT,b4c9,148,99.90807,96.37727,81.674355,99.267365,98.39147
MIT,b4c9,149,99.90789,96.33933,80.93577,99.21151,98.36438
MIT,b4c9,150,99.9086,96.28378,80.490746,98.73578,98.26414
MIT,b4c9,151,99.9008,96.2325,81.65628,98.825165,98.40832
MIT,b4c9,152,99.89306,96.20829,81.3487,99.03507,98.364914
MIT,b4c9,153,99.88623,96.21905,81.958694,98.08891,98.37954
MIT,b4c9,154,99.88043,96.20015,79.83788,98.66612,98.35161
MIT,b4c9,155,99.8753,96.12175,80.139,98.62854,98.35305
MIT,b4c9,156,99.86807,96.05553,80.12369,99.03297,98.37228
MIT,b4c9,157,99.86161,95.98848,80.81833,98.8596,98.369865
MIT,b4c9,158,99.851845,95.93516,79.50607,98.872604,98.37228
MIT,b4c9,159,99.85055,95.93419,80.637146,98.52054,98.380615
MIT,b4c9,160,99.84207,95.94754,80.399925,98.77281,98.250786
MIT,b4c9,161,99.84308,95.94114,81.18947,98.75102,98.32233
MIT,b4c9,162,99.83316,95.90416,80.75497,98.61572,98.31158
MIT,b4c9,163,99.82416,95.875725,82.323395,98.765144,98.31659
MIT,b4c9,164,99.821976,95.82446,81.616295,98.46617,98.32033
MIT,b4c9,165,99.80773,95.776146,81.20362,98.46089,98.33489
MIT,b4c9,166,99.80747,95.706726,80.21098,98.61859,98.245384
MIT,b4c9,167,99.80234,95.63876,79.3313,98.73119,98.166855
MIT,b4c9,168,99.78539,95.61136,80.100395,98.62668,98.19247
MIT,b4c9,169,99.77544,95.58792,79.34261,98.61812,98.17118
MIT,b4c9,170,99.77884,95.54742,79.87123,98.89374,98.19175
MIT,b4c9,171,99.77592,95.56629,81.58807,98.22105,98.17805
MIT,b4c9,172,99.773674,95.56291,80.446106,98.57762,98.123924
MIT,b4c9,173,99.7621,95.61648,81.153915,98.311386,98.30059
MIT,b4c9,174,99.75422,95.620575,81.09104,97.964615,98.144455
MIT,b4c9,175,99.74939,95.636665,80.545975,98.63789,98.25096
MIT,b4c9,176,99.745544,95.62347,81.9524,98.50641,98.2676
MIT,b4c9,177,99.723335,95.57221,80.86461,98.285576,98.16799
MIT,b4c9,178,99.72606,95.50082,80.88721,98.02716,98.18166
MIT,b4c9,179,99.708885,95.44644,83.577576,98.388954,98.16995
MIT,b4c9,180,99.70689,95.431404,82.15072,98.66895,98.1787
MIT,b4c9,181,99.700165,95.417404,83.02437,98.50161,98.1949
MIT,b4c9,182,99.69464,95.387474,82.34148,97.80048,98.16947
MIT,b4c9,183,99.685616,95.37603,81.366615,98.42862,98.12872
MIT,b4c9,184,99.68443,95.31579,80.05083,98.3422,98.04881
MIT,b4c9,185,99.6722,95.26969,81.02988,98.35812,98.08882
MIT,b4c9,186,99.661835,95.2246,81.70272,98.80758,98.12593
MIT,b4c9,187,99.64883,95.27221,83.61914,98.326546,98.17449
MIT,b4c9,188,99.64559,95.31966,81.85721,98.22382,98.07264
MIT,b4c9,189,99.645386,95.38274,81.65668,98.16189,98.0131
MIT,b4c9,190,99.6442,95.414024,81.42097,97.8981,98.0217
MIT,b4c9,191,99.64494,95.413246,83.963646,97.728874,98.06452
MIT,b4c9,192,99.64003,95.43529,82.80383,97.684654,98.04428
MIT,b4c9,193,99.62894,95.44474,83.47203,97.68941,97.98677
MIT,b4c9,194,99.62338,95.434906,85.19653,97.4998,98.02563
MIT,b4c9,195,99.61596,95.42547,80.84281,97.57949,97.98896
MIT,b4c9,196,99.609344,95.3651,82.22062,97.234505,97.9317
MIT,b4c9,197,99.59119,95.23933,81.72934,97.81246,97.85639
MIT,b4c9,198,99.580154,95.14536,82.37817,98.022644,97.79938
MIT,b4c9,199,99.56819,95.09379,80.80379,97.50577,97.79585
MIT,b4c9,200,99.563934,95.062355,80.39347,97.26663,97.79925
MIT,b4c9,201,99.55269,95.01098,82.28316,97.85114,97.771065
MIT,b4c9,202,99.54509,94.955154,80.04228,97.57007,97.82072
MIT,b4c9,203,99.53482,94.90031,81.28084,97.47554,97.77392
MIT,b4c9,204,99.526474,94.87108,82.024796,97.639,97.838646
MIT,b4c9,205,99.51668,94.863335,83.08753,97.727806,97.748276
MIT,b4c9,206,99.51108,94.8345,80.71548,97.298965,97.755646
MIT,b4c9,207,99.50747,94.81125,80.13431,96.788864,97.73751
MIT,b4c9,208,99.4949,94.80837,79.952095,97.133064,97.74746
MIT,b4c9,209,99.48161,94.76831,80.50232,97.340675,97.73918
MIT,b4c9,210,99.481224,94.74161,81.378334,97.05124,97.70198
MIT,b4c9,211,99.4673,94.67019,79.89861,97.121956,97.733116
MIT,b4c9,212,99.45473,94.63069,79.89141,96.67853,97.73841
MIT,b4c9,213,99.45248,94.608055,80.09718,97.19031,97.70153
MIT,b4c9,214,99.44081,94.56378,79.463,96.845924,97.69178
MIT,b4c9,215,99.43223,94.53723,80.64023,96.74732,97.713
MIT,b4c9,216,99.42102,94.523125,80.10918,96.537796,97.71827
MIT,b4c9,217,99.411385,94.47205,80.60747,96.33142,97.71588
MIT,b4c9,218,99.399086,94.55575,79.897675,96.25231,97.57355
MIT,b4c9,219,99.39418,94.6161,81.94598,96.5964,97.685394
MIT,b4c9,220,99.3955,94.64324,83.49735,95.99626,97.690575
MIT,b4c9,221,99.38196,94.69701,84.14429,96.15534,97.67232
MIT,b4c9,222,99.37414,94.75919,80.962776,96.199936,97.65023
MIT,b4c9,223,99.36993,94.73234,82.155045,96.007675,97.6651
MIT,b4c9,224,99.358795,94.68009,82.53894,96.28122,97.69295
MIT,b4c9,225,99.34813,94.61806,82.53734,96.049736,97.70144
MIT,b4c9,226,99.3392,94.57954,83.19817,96.285576,97.61947
MIT,b4c9,227,99.33201,94.484886,80.40439,95.91852,97.64909
MIT,b4c9,228,99.31731,94.374405,81.36977,95.842026,97.52448
MIT,b4c9,229,99.29782,94.32163,81.1611,95.87276,97.523315
MIT,b4c9,230,99.28686,94.26273,82.473206,95.8073,97.53553
MIT,b4c9,231,99.27158,94.25876,80.34225,96.107605,97.480804
MIT,b4c9,232,99.26627,94.24904,80.29044,95.59211,97.437195
MIT,b4c9,233,99.25549,94.244576,79.837425,95.316086,97.410194
MIT,b4c9,234,99.24468,94.20175,80.3184,96.36232,97.43426
MIT,b4c9,235,99.22375,94.02359,81.037964,96.003136,97.50595
MIT,b4c9,236,99.20682,93.828316,81.24367,95.22472,97.524826
MIT,b4c9,237,99.196175,93.86619,80.94684,95.522606,97.4935
MIT,b4c9,238,99.18739,93.98144,80.0136,95.51397,97.348305
MIT,b4c9,239,99.18481,94.01158,80.49724,94.856255,97.33728
MIT,b4c9,240,99.17021,94.013145,82.55499,95.226654,97.33583
MIT,b4c9,241,99.16071,93.99727,82.290886,95.31988,97.36532
MIT,b4c9,242,99.1462,93.97944,80.98175,95.200615,97.36779
MIT,b4c9,243,99.14029,93.92908,80.182495,95.41382,97.36994
MIT,b4c9,244,99.125854,93.92277,79.66963,95.351555,97.30227
MIT,b4c9,245,99.10875,93.867836,81.44641,95.263565,97.36157
MIT,b4c9,246,99.10575,93.828445,79.22399,94.58014,97.266075
MIT,b4c9,247,99.08781,93.82024,79.98068,94.82664,97.24169
MIT,b4c9,248,99.07733,93.77659,80.60144,94.406235,97.352684
MIT,b4c9,249,99.066216,93.799286,80.119125,94.57063,97.22422
MIT,b4c9,250,99.05829,93.883446,80.81981,94.68251,97.34445
MIT,b4c9,251,99.04662,93.93533,81.539856,94.64985,97.327965
MIT,b4c9,252,99.03565,93.960594,82.0194,94.57054,97.493065
MIT,b4c9,253,99.02523,93.94056,82.29712,94.71601,97.39593
MIT,b4c9,254,99.00795,93.934395,81.150894,94.5258,97.38876
MIT,b4c9,255,98.99896,93.89323,82.018906,94.4484,97.45473
MIT,b4c9,256,98.98431,93.8618,80.249146,94.55087,97.228676
MIT,b4c9,257,98.9694,93.81636,79.66734,94.678444,97.121315
MIT,b4c9,258,98.95834,93.74332,81.01703,94.27621,97.15176
MIT,b4c9,259,98.93745,93.644905,79.64578,94.00711,96.98911
MIT,b4c9,260,98.92259,93.561584,80.00999,94.01689,97.02753
MIT,b4c9,261,98.90831,93.48096,81.12799,94.23073,97.01097
MIT,b4c9,262,98.89791,93.416595,79.469864,94.0261,96.955925
MIT,b4c9,263,98.88177,93.36995,80.75046,93.99516,96.86247
MIT,b4c9,264,98.86815,93.36632,79.48367,93.523254,96.84151
MIT,b4c9,265,98.85291,93.34134,79.48468,94.232346,96.848564
MIT,b4c9,266,98.83841,93.35687,80.21549,93.482,96.885376
MIT,b4c9,267,98.8251,93.32129,79.87287,93.793175,96.767654
MIT,b4c9,268,98.80968,93.295006,81.92043,93.9475,96.9456
MIT,b4c9,269,98.79455,93.255356,80.03381,93.786224,96.8943
MIT,b4c9,270,98.776215,93.21575,80.51675,93.71199,96.77341
MIT,b4c9,271,98.763084,93.17836,79.45389,93.61669,96.7711
MIT,b4c9,272,98.736855,93.17218,82.5236,93.80652,96.94877
MIT,b4c9,273,98.724434,93.15099,81.22581,94.03436,96.883484
MIT,b4c9,274,98.71064,93.16928,81.02246,93.42631,96.86314
MIT,b4c9,275,98.68673,93.092606,82.08459,93.70835,96.885475
MIT,b4c9,276,98.67536,93.07247,80.12172,93.29339,96.76439
MIT,b4c9,277,98.663284,93.0386,81.95531,93.083435,96.77165
MIT,b4c9,278,98.64181,93.041374,79.92177,93.27952,96.61834
MIT,b4c9,279,98.62885,92.99214,79.87607,93.291214,96.7545
MIT,b4c9,280,98.61255,92.922775,80.66637,92.710205,96.613174
MIT,b4c9,281,98.59548,92.88133,79.588646,92.98762,96.61076
MIT,b4c9,282,98.57536,92.85592,79.45549,93.18941,96.62327
MIT,b4c9,283,98.55492,92.84196,79.96328,93.24621,96.65487
MIT,b4c9,284,98.53441,92.80855,80.72896,93.19477,96.678116
MIT,b4c9,285,98.5201,92.84586,81.77718,92.6503,96.75585
MIT,b4c9,286,98.50897,92.84656,80.14446,92.79499,96.67931
MIT,b4c9,287,98.48821,92.86916,79.49178,92.79386,96.67271
MIT,b4c9,288,98.47205,92.83879,81.335,92.55166,96.702255
MIT,b4c9,289,98.45477,92.73751,81.17348,92.50598,96.6834
MIT,b4c9,290,98.426956,92.68165,81.69193,92.255684,96.69923
MIT,b4c9,291,98.407875,92.66464,81.44058,92.72925,96.56497
MIT,b4c9,292,98.39356,92.627594,79.88502,92.71938,96.547195
MIT,b4c9,293,98.37567,92.62598,80.27163,91.89368,96.55281
MIT,b4c9,294,98.3553,92.604454,79.819725,92.47438,96.58237
MIT,b4c9,295,98.34092,92.58409,79.728004,92.16484,96.59179
MIT,b4c9,296,98.318924,92.55431,80.32409,92.65402,96.59309
MIT,b4c9,297,98.300545,92.517044,80.4803,92.033554,96.620636
MIT,b4c9,298,98.282524,92.50195,80.45093,91.946495,96.632164
MIT,b4c9,299,98.264366,92.5053,80.52871,91.76801,96.653564
MIT,b4c9,300,98.23993,92.44685,80.9611,92.06238,96.6424
MIT,b4c9,301,98.209335,92.39352,81.41642,92.09375,96.5646
MIT,b4c9,302,98.1916,92.34357,79.82575,91.96756,96.560265
MIT,b4c9,303,98.163414,92.32888,79.60671,91.60067,96.52108
MIT,b4c9,304,98.14105,92.31917,79.390945,91.80798,96.52695
MIT,b4c9,305,98.11847,92.27939,81.30354,91.85846,96.55069
MIT,b4c9,306,98.09496,92.27556,79.569145,91.05566,96.39364
MIT,b4c9,307,98.07053,92.26394,79.202896,91.75898,96.421585
MIT,b4c9,308,98.052216,92.216774,79.359406,91.47361,96.51761
MIT,b4c9,309,98.02589,92.19594,79.81882,91.53331,96.21768
MIT,b4c9,310,97.99863,92.135056,80.26882,91.581,96.22387
MIT,b4c9,311,97.97159,92.04857,80.20287,91.498276,96.519066
MIT,b4c9,312,97.9449,92.02195,79.382454,91.10957,96.15749
MIT,b4c9,313,97.91507,92.00227,78.832,91.249794,96.17025
MIT,b4c9,314,97.89415,91.96694,79.215225,91.09909,96.188446
MIT,b4c9,315,97.86928,91.92848,79.12275,90.736664,96.10029
MIT,b4c9,316,97.84423,91.85697,79.782875,91.13111,96.06508
MIT,b4c9,317,97.80743,91.77766,79.603775,91.170555,96.05435
MIT,b4c9,318,97.7798,91.711586,79.09744,90.60091,95.88065
MIT,b4c9,319,97.74619,91.60592,79.1135,90.51806,95.93661
MIT,b4c9,320,97.7171,91.52838,78.62086,90.62562,95.854225
MIT,b4c9,321,97.68333,91.50679,78.96181,90.54255,95.86336
MIT,b4c9,322,97.65592,91.38023,78.888374,90.66964,95.87441
MIT,b4c9,323,97.62445,91.31663,79.32991,90.072525,96.146164
MIT,b4c9,324,97.592834,91.273,78.71481,90.27751,95.86287
MIT,b4c9,325,97.56438,91.169464,78.66993,90.059715,95.80811
MIT,b4c9,326,97.52733,91.14064,78.44428,90.22569,95.81439
MIT,b4c9,327,97.49609,91.092,79.145065,90.09494,95.50607
MIT,b4c9,328,97.46514,91.09478,79.045784,90.010925,95.645325
MIT,b4c9,329,97.42932,91.12061,78.829056,90.06216,95.76238
MIT,b4c9,330,97.40115,91.11267,78.64752,90.09538,95.64055
MIT,b4c9,331,97.36979,91.073166,78.62904,88.990776,95.70435
MIT,b4c9,332,97.33065,90.92405,78.36106,89.79585,95.685585
MIT,b4c9,333,97.29116,90.76997,78.48391,89.242004,95.808495
MIT,b4c9,334,97.24383,90.69023,79.30629,88.69173,95.838844
MIT,b4c9,335,97.2117,90.65501,78.809296,89.53574,95.57068
MIT,b4c9,336,97.17486,90.62668,79.611855,89.31719,95.84863
MIT,b4c9,337,97.13728,90.64421,78.86684,89.22704,95.62883
MIT,b4c9,338,97.094,90.58876,78.50265,88.71802,95.56598
MIT,b4c9,339,97.05351,90.50993,78.68592,88.89206,95.63893
MIT,b4c9,340,97.013016,90.38806,79.004326,88.73331,95.71276
MIT,b4c9,341,96.965904,90.285126,78.311676,88.59436,95.487076
MIT,b4c9,342,96.92226,90.13958,78.60489,89.02537,95.54332
MIT,b4c9,343,96.877174,90.05807,78.561455,88.425995,95.56109
MIT,b4c9,344,96.82679,89.98493,78.77551,88.5777,95.62761
MIT,b4c9,345,96.78054,89.9842,78.45739,88.23525,95.52827
MIT,b4c9,346,96.73473,89.82865,78.62538,88.0262,95.46669
MIT,b4c9,347,96.68324,89.7784,78.790436,88.87879,95.35255
MIT,b4c9,348,96.64087,89.82236,78.614815,87.97824,95.26661
MIT,b4c9,349,96.600266,89.95417,78.54816,88.85176,95.06165
MIT,b4c9,350,96.55934,90.02577,79.473434,88.22175,95.204445
MIT,b4c9,351,96.510254,90.02139,78.43672,87.91461,95.18192
MIT,b4c9,352,96.4653,90.00729,79.17261,87.63858,95.17687
MIT,b4c9,353,96.42168,89.99804,78.53592,87.53884,95.04191
MIT,b4c9,354,96.378426,89.97049,78.355545,87.64709,95.01013
MIT,b4c9,355,96.3288,89.971306,78.72823,87.43647,95.06984
MIT,b4c9,356,96.27899,89.90207,78.53586,87.47963,95.033806
MIT,b4c9,357,96.23224,89.878654,78.35495,87.22064,95.009315
MIT,b4c9,358,96.178894,89.90404,79.21051,87.27347,94.97149
MIT,b4c9,359,96.12914,89.96239,78.56874,87.654205,94.83757
MIT,b4c9,360,96.08249,90.041245,78.91993,87.117226,94.81172
MIT,b4c9,361,96.0277,90.05378,78.57824,87.55709,94.38608
MIT,b4c9,362,95.97944,90.02385,78.99022,86.91462,94.85116
MIT,b4c9,363,95.91942,89.9142,78.5035,86.74082,94.73666
MIT,b4c9,364,95.86311,89.851585,78.72791,86.371216,94.698265
MIT,b4c9,365,95.798164,89.75939,79.240326,86.47034,94.44164
MIT,b4c9,366,95.73809,89.72148,78.73348,86.31781,94.41117
MIT,b4c9,367,95.67064,89.68939,78.597404,85.92072,94.40286
MIT,b4c9,368,95.611,89.642525,78.42883,86.01091,94.41223
MIT,b4c9,369,95.5401,89.6094,78.932945,85.828445,94.415504
MIT,b4c9,370,95.469574,89.55474,78.57727,85.61795,94.239784
MIT,b4c9,371,95.38948,89.41277,78.09364,85.40222,94.13223
MIT,b4c9,372,95.31263,89.318275,78.673996,85.26129,94.15391
MIT,b4c9,373,95.228676,89.24399,78.75184,84.17474,93.98481
MIT,b4c9,374,95.14187,89.1377,78.61117,84.81286,93.67883
MIT,b4c9,375,95.05157,89.02502,78.84902,84.85319,93.388466
MIT,b4c9,376,94.95876,89.04264,78.80205,84.60599,93.39886
MIT,b4c9,377,94.86208,88.96781,78.11157,83.35807,93.27079
MIT,b4c9,378,94.76555,89.01891,78.64612,83.527756,93.15531
MIT,b4c9,379,94.67383,89.11158,79.263275,84.755974,93.13485
MIT,b4c9,380,94.577225,89.238106,78.328224,83.5171,92.98327
MIT,b4c9,381,94.479645,89.27711,78.826256,84.02353,93.04933
MIT,b4c9,382,94.37383,89.35737,78.695175,83.891754,92.93991
MIT,b4c9,383,94.27196,89.360085,78.97798,83.787186,92.85614
MIT,b4c9,384,94.168785,89.40775,77.9485,83.69969,92.83413
MIT,b4c9,385,94.06294,89.41104,78.126755,83.277916,92.48083
MIT,b4c9,386,93.9496,89.45965,78.465126,83.32,92.41141
MIT,b4c9,387,93.83471,89.49284,78.36339,83.004105,92.3561
MIT,b4c9,388,93.71872,89.56186,77.88829,83.07749,92.23026
MIT,b4c9,389,93.60278,89.57806,78.31482,83.51105,92.05286
MIT,b4c9,390,93.48171,89.56792,78.48336,82.94471,92.038345
MIT,b4c9,391,93.36435,89.572586,78.28919,82.87515,92.07705
MIT,b4c9,392,93.23712,89.61796,78.77368,83.01617,90.297386
MIT,b4c9,393,93.10956,89.566055,78.32424,82.76502,90.23935
MIT,b4c9,394,92.98067,89.517715,78.38062,82.65381,90.13544
MIT,b4c9,395,92.84327,89.38796,78.212135,82.367386,90.06841
MIT,b4c9,396,92.710686,89.27983,78.189766,82.19557,89.922455
MIT,b4c9,397,92.5681,89.14503,78.07648,82.07771,89.84357
MIT,b4c9,398,92.409546,89.07496,78.046394,81.77133,89.30021
MIT,b4c9,399,92.26693,88.98716,78.33996,81.77039,89.26507
MIT,b4c9,400,92.10948,88.857796,78.712166,81.59938,89.273254
MIT,b4c9,401,91.9447,88.77557,79.06377,81.30168,89.01741
MIT,b4c9,402,91.78861,88.62604,79.23382,81.48161,88.92196
MIT,b4c9,403,91.61918,88.53353,79.609344,81.34895,88.880424
MIT,b4c9,404,91.4415,88.46555,79.58934,81.18222,88.84015
MIT,b4c9,405,91.256966,88.37985,79.03601,81.05413,88.535255
MIT,b4c9,406,91.07402,88.37101,78.76022,81.066246,88.333374
MIT,b4c9,407,90.88298,88.32347,78.90677,81.73869,87.97383
MIT,b4c9,408,90.67854,88.441086,80.10253,80.51129,88.0417
MIT,b4c9,409,90.46805,88.591194,78.45734,81.735504,87.97795
MIT,b4c9,410,90.26306,88.62955,79.06009,81.23307,87.8433
MIT,b4c9,411,90.03892,88.66366,78.7286,81.17309,87.67542
MIT,b4c9,412,89.81791,88.635956,79.001305,80.76267,87.572975
MIT,b4c9,413,89.59717,88.7021,78.95072,80.9614,87.25737
MIT,b4c9,414,89.36157,88.7201,78.07811,80.64075,86.72445
MIT,b4c9,415,89.1454,88.80272,77.84563,80.49783,86.41399
MIT,b4c9,416,88.91395,88.93145,78.1725,80.55936,86.416336
MIT,b4c9,417,88.684456,89.00814,78.749405,80.407166,86.45132
MIT,b4c9,418,88.45678,89.11237,79.01103,80.33154,85.9159
MIT,b4c9,419,88.22434,89.14316,79.242836,80.723434,88.48581
MIT,b4c9,420,87.984,89.15713,78.16935,80.53104,85.86899
MIT,b4c9,421,87.76793,89.09328,78.42188,79.196594,85.862
MIT,b4c9,422,87.53551,88.98999,78.65366,80.80834,85.494675
MIT,b4c9,423,87.296196,88.88631,77.81679,80.473465,84.98343
MIT,b4c9,424,87.07899,88.785866,78.26426,79.46006,84.99559
MIT,b4c9,425,86.84331,88.63555,77.95716,80.246735,84.5718
MIT,b4c9,426,86.61324,88.545296,77.80597,80.14754,84.42511
MIT,b4c9,427,86.38795,88.47599,78.84941,80.08837,84.10252
MIT,b4c9,428,86.15795,88.352585,77.79316,80.22274,83.94182
MIT,b4c9,429,85.930244,88.269196,78.47317,80.36183,83.92317
MIT,b4c9,430,85.70007,88.18544,78.06571,79.99853,83.603325
MIT,b4c9,431,85.476875,88.12412,78.13547,79.8899,83.36353
MIT,b4c9,432,85.24369,87.9871,78.85657,80.00595,83.48601
MIT,b4c9,433,85.01013,87.868286,78.898315,79.977486,83.23873
MIT,b4c9,434,84.773094,87.748055,78.4182,79.8381,83.03895
MIT,b4c9,435,84.550354,87.61647,78.78141,80.036026,82.77395
MIT,b4c9,436,84.321846,87.47137,78.64725,79.70508,82.79408
MIT,b4c9,437,84.08338,87.374,78.20167,78.95558,82.53201
MIT,b4c9,438,83.85725,87.29093,78.15378,79.52734,81.78492
MIT,b4c9,439,83.62349,87.275276,78.86999,79.83875,81.775665
MIT,b4c9,440,83.39416,87.29019,79.04471,79.36609,81.36683
MIT,b4c9,441,83.16745,87.23407,78.40999,79.278305,81.302284
MIT,b4c9,442,82.970634,87.14693,78.395905,79.3365,81.13373
MIT,b4c9,443,82.771576,87.08042,78.12841,78.35947,80.81794
MIT,b4c9,444,82.51764,87.136246,78.14924,79.350204,80.95179
MIT,b4c9,445,82.27754,87.18021,78.09613,79.12758,81.01515
MIT,b4c9,446,82.01917,87.22011,77.88133,78.83849,80.466324
MIT,b4c9,447,81.75965,87.25303,78.34684,79.06482,80.40473
MIT,b4c9,448,81.50421,87.24718,78.45787,78.93892,79.664444
MIT,b4c9,449,81.24687,87.17147,78.709915,78.89064,79.700134
MIT,b4c9,450,80.98848,87.08544,77.78203,78.95751,79.69078
MIT,b4c9,451,80.73511,87.05143,77.85634,78.97031,79.676445
MIT,b4c9,452,80.48055,86.885735,77.94145,78.792046,79.694305
MIT,b4c9,453,80.213486,86.78292,78.082886,78.838326,79.30255
MIT,b4c9,454,79.95081,86.67839,78.094925,78.54365,78.09002
MIT,b4c9,455,79.6942,86.561646,78.12715,78.48557,78.009964
MIT,b4c9,456,79.443275,86.44679,78.401855,78.84805,78.00158
MIT,b4c9,457,79.16985,86.205574,78.42738,78.55992,77.99997
MIT,b4c9,458,78.91902,86.10987,78.94928,78.74249,77.99904
MIT,b4c9,459,78.671165,86.0439,78.64304,78.64137,77.13436
MIT,b4c9,460,78.40938,85.94606,78.596466,78.345856,76.08548
MIT,b4c9,461,78.16609,85.90569,79.21039,78.61831,75.926384
MIT,b4c9,462,77.91879,85.87042,79.16943,78.186966,76.07741
MIT,b4c9,463,77.6731,85.79982,78.73312,78.2141,76.07891
MIT,b4c9,464,77.43067,85.71845,78.6391,78.15315,76.067955
MIT,b4c9,465,77.189835,85.66102,78.8759,78.43041,76.049644
MIT,b4c9,466,76.9491,85.592735,78.910736,78.06074,76.01958
MIT,b4c9,467,76.70552,85.50759,79.07682,79.06408,75.98878
MIT,b4c9,468,76.476425,85.49006,78.67281,78.279175,76.081955
MIT,b4c9,469,76.24724,85.48549,78.785324,77.83484,74.4314
MIT,b4c9,470,76.00596,85.46987,78.64232,77.99217,74.49385
MIT,b4c9,471,75.76284,85.47128,78.72708,77.756,74.41536
MIT,b4c9,472,75.523544,85.443184,78.57198,77.77428,74.45986
MIT,b4c9,473,75.294815,85.41519,78.46038,77.964424,74.49866
MIT,b4c9,474,75.05917,85.44925,78.227875,77.73001,74.52454
MIT,b4c9,475,74.82312,85.51438,78.5311,77.64517,74.507484
MIT,b4c9,476,74.59304,85.60327,78.23006,77.72838,74.512024
MIT,b4c9,477,74.36489,85.590836,79.20177,77.78548,74.515945
MIT,b4c9,478,74.1234,85.592,78.942406,77.65851,74.523155
MIT,b4c9,479,73.89729,85.64545,78.32567,77.669495,72.74209
MIT,b4c9,480,73.6688,85.58668,78.96774,77.92673,72.69023
MIT,b4c9,481,73.435875,85.54707,78.41519,77.6123,72.69816
MIT,b4c9,482,73.19041,85.47533,78.641304,77.647064,72.656975
MIT,b4c9,483,72.94791,85.45297,78.74297,77.751205,72.7049
MIT,b4c9,484,72.71814,85.41377,78.467575,77.673836,72.71776
MIT,b4c9,485,72.48773,85.38076,78.340836,77.59164,72.774635
MIT,b4c9,486,72.246086,85.358826,79.02684,77.3918,70.73305
MIT,b4c9,487,72.01657,85.34833,78.818634,77.835625,70.908104
MIT,b4c9,488,71.7694,85.332695,78.80054,77.551865,70.85145
MIT,b4c9,489,71.54157,85.27908,78.78291,77.53843,70.83167
MIT,b4c9,490,71.31168,85.22008,79.04361,77.41736,70.989456
MIT,b4c9,491,71.08532,85.13754,78.466965,77.47379,71.04097
MIT,b4c9,492,70.85803,85.052025,78.87218,77.53865,70.85126
MIT,b4c9,493,70.61051,84.9878,78.737686,77.36839,70.99458
MIT,b4c9,494,70.38335,84.922005,78.990906,77.35447,70.919044
MIT,b4c9,495,70.15082,84.858955,79.06075,77.31575,70.83723
MIT,b4c9,496,69.89384,84.80342,78.65639,76.73096,70.79351
MIT,b4c9,497,69.68371,84.79057,79.24631,77.26213,70.730774
MIT,b4c9,498,69.44026,84.762146,79.05512,77.23531,68.837616
MIT,b4c9,499,69.20084,84.74593,79.286285,76.94377,68.89374
MIT,b4c9,500,68.9622,84.73624,79.49467,77.01109,68.819115
MIT,b4c9,501,68.71478,84.72979,79.375084,77.303665,68.87065
MIT,b4c9,502,68.46607,84.7187,78.88823,77.21974,68.85965
MIT,b4c9,503,68.2216,84.724434,79.00618,77.161766,67.21417
MIT,b4c9,504,67.98139,84.73616,78.819,76.942184,67.16999
MIT,b4c9,505,67.74313,84.73073,78.906494,77.01566,67.25486
MIT,b4c9,506,67.4954,84.72943,79.023315,77.04759,67.19605
MIT,b4c9,507,67.24801,84.73401,79.040504,76.142006,67.23604
MIT,b4c9,508,67.00271,84.72861,78.78282,77.00615,67.27951
MIT,b4c9,509,66.74375,84.73684,78.8645,77.00201,67.25983
MIT,b4c9,510,66.50058,84.75044,79.02162,77.31024,67.26779
MIT,b4c9,511,66.2513,84.74367,79.00285,77.18811,67.20999
MIT,b4c9,512,66.0127,84.69285,79.219345,76.79521,67.21726
MIT,b4c9,513,65.76187,84.68099,79.2983,77.16251,67.17338
MIT,b4c9,514,65.51937,84.65005,79.82327,77.38247,67.23624
MIT,b4c9,515,65.273,84.631035,80.02458,76.85016,67.127304
MIT,b4c9,516,65.02887,84.60342,79.84566,76.84085,67.10405
MIT,b4c9,517,64.78752,84.58918,80.13034,76.98595,67.07285
MIT,b4c9,518,64.52972,84.56066,80.6422,76.95184,66.80298
MIT,b4c9,519,64.2897,84.53066,80.91145,76.923744,64.08441
MIT,b4c9,520,64.04885,84.49331,81.17579,76.96116,64.29207
MIT,b4c9,521,63.79202,84.48877,81.4816,76.95036,62.145664
MIT,b4c9,522,63.55472,84.47375,81.58493,77.070526,62.094513
MIT,b4c9,523,63.31595,84.46232,81.32354,77.23451,62.047623
MIT,b4c9,524,63.059402,84.46188,81.42494,76.92641,62.088993
MIT,b4c9,525,62.81451,84.449646,81.34274,77.17301,62.37323
MIT,b4c9,526,62.546783,84.46153,81.28982,76.65843,61.869934
MIT,b4c9,527,62.284096,84.47958,81.86505,77.37283,62.09914
MIT,b4c9,528,62.015987,84.48467,80.76862,77.11878,62.38138
MIT,b4c9,529,61.750977,84.48253,80.467766,77.13386,62.027824
