dataset,battery_id,cycle_idx,SOH,pred_VLSTM,pred_CNNLSTM,pred_PiFormer,pred_XGBoost
MIT,b1c20,1,99.89714,100.211555,100.48049,100.417816,100.00289
MIT,b1c20,2,100.0,100.25304,100.525085,100.33884,100.044846
MIT,b1c20,3,100.06954,100.24884,100.50464,100.35254,100.04961
MIT,b1c20,4,100.117905,100.268456,100.4912,100.44165,100.17537
MIT,b1c20,5,100.14299,100.28412,100.524185,100.36756,100.184654
MIT,b1c20,6,100.158844,100.29141,100.509575,100.30085,100.19855
MIT,b1c20,7,100.17223,100.29045,100.43214,100.289185,100.22846
MIT,b1c20,8,100.17865,100.268875,100.51752,100.47713,100.23056
MIT,b1c20,9,100.18532,100.260376,100.51706,100.34173,100.2385
MIT,b1c20,10,100.18095,100.21972,100.48652,100.56445,100.23737
MIT,b1c20,11,100.18158,100.21257,100.480804,100.43189,100.23987
MIT,b1c20,12,99.49588,96.18545,94.029175,100.02168,99.77739
MIT,b1c20,13,99.96241,100.15611,100.52949,100.29976,99.844864
MIT,b1c20,14,100.021484,100.16699,100.52283,100.375374,99.89054
MIT,b1c20,15,100.03294,100.14216,100.55243,100.309425,100.208374
MIT,b1c20,16,100.041016,100.17285,100.38198,100.754074,100.206276
MIT,b1c20,17,100.04579,100.13494,100.532524,100.505905,100.225914
MIT,b1c20,18,100.04461,100.134575,100.4631,100.56191,100.247345
MIT,b1c20,19,100.04156,100.11675,100.54259,100.47706,100.23733
MIT,b1c20,20,100.03513,100.140915,100.51507,100.41867,100.2521
MIT,b1c20,21,100.0278,100.099724,100.44268,100.400314,100.234985
MIT,b1c20,22,100.027855,100.07755,100.4522,100.37578,100.23493
MIT,b1c20,23,100.023224,100.06772,100.509224,100.41926,100.22734
MIT,b1c20,24,100.01578,100.167175,100.48228,100.77474,100.2788
MIT,b1c20,25,100.00937,100.04015,100.5317,100.42596,100.23425
MIT,b1c20,26,100.00855,100.16372,100.48339,100.778885,100.23192
MIT,b1c20,27,99.99738,100.045815,100.44919,100.412315,100.22734
MIT,b1c20,28,99.99252,100.03229,100.53131,100.410995,100.22571
MIT,b1c20,29,99.9811,99.99007,100.533966,100.57245,100.22735
MIT,b1c20,30,99.97322,99.97909,100.53331,100.47408,100.23494
MIT,b1c20,31,99.96297,99.95284,100.42897,100.41042,100.29117
MIT,b1c20,32,99.95256,99.952896,100.54205,100.53154,100.27976
MIT,b1c20,33,99.94383,99.93682,100.47586,100.53855,100.292244
MIT,b1c20,34,99.93197,99.910904,100.5418,100.54207,100.26869
MIT,b1c20,35,99.92503,99.90642,100.44595,100.60106,100.2767
MIT,b1c20,36,99.91249,99.89766,100.48469,100.52297,100.260506
MIT,b1c20,37,99.89951,99.87727,100.47632,100.45653,100.260506
MIT,b1c20,38,99.887024,99.87218,100.419106,100.28523,100.26289
MIT,b1c20,39,99.87469,99.850105,100.44118,100.316025,100.222565
MIT,b1c20,40,99.8584,99.824936,100.43843,100.34529,100.252846
MIT,b1c20,41,99.84927,99.82574,100.54628,100.57122,100.23581
MIT,b1c20,42,99.83425,99.79389,100.47148,100.39137,100.21828
MIT,b1c20,43,99.82054,99.77868,100.42765,100.732704,100.19335
MIT,b1c20,44,99.80898,99.78489,100.4112,100.35801,100.24154
MIT,b1c20,45,99.80187,99.7652,100.422516,100.43847,100.21105
MIT,b1c20,46,99.78943,99.742065,100.47886,100.326195,100.22632
MIT,b1c20,47,99.77529,99.7255,100.42381,100.31789,100.20557
MIT,b1c20,48,99.75914,99.71016,100.43546,100.38724,100.200745
MIT,b1c20,49,99.74455,99.688065,100.422714,100.306625,100.20373
MIT,b1c20,50,99.73396,99.690384,100.44573,100.33252,100.20557
MIT,b1c20,51,99.720795,99.67724,100.430374,100.24539,100.06347
MIT,b1c20,52,99.7056,99.66657,100.42927,100.35283,100.062515
MIT,b1c20,53,99.69641,99.66246,100.424995,100.35623,100.02328
MIT,b1c20,54,99.67691,99.663,100.46739,100.50021,100.03136
MIT,b1c20,55,99.66353,99.63895,100.432816,100.39905,100.01192
MIT,b1c20,56,99.64622,99.643745,100.418076,100.29938,100.02353
MIT,b1c20,57,99.63164,99.63223,100.40673,100.73274,100.0363
MIT,b1c20,58,99.607155,99.60855,100.447044,100.40421,100.02245
MIT,b1c20,59,99.5867,99.56795,100.434685,100.43832,100.0258
MIT,b1c20,60,99.56602,99.549515,100.44469,100.641624,100.02133
MIT,b1c20,61,99.54849,99.53519,100.438385,100.38989,100.00705
MIT,b1c20,62,99.535484,99.53273,100.40656,100.40919,100.00428
MIT,b1c20,63,99.513176,99.514244,100.42741,100.6696,99.9875
MIT,b1c20,64,99.490616,99.51207,100.414474,100.38615,99.9852
MIT,b1c20,65,99.47295,99.497635,100.4372,101.02308,99.961876
MIT,b1c20,66,99.456665,99.48071,100.4552,100.78346,99.98705
MIT,b1c20,67,99.43816,99.432365,100.4362,100.57994,99.945984
MIT,b1c20,68,99.43511,99.47082,100.3757,100.38052,99.95862
MIT,b1c20,69,99.43323,99.51476,100.30051,100.168755,99.97219
MIT,b1c20,70,99.43019,99.53326,100.34286,100.04154,99.93808
MIT,b1c20,71,99.42144,99.53442,100.29239,100.0606,99.938225
MIT,b1c20,72,99.40625,99.51513,100.30283,100.080444,99.9635
MIT,b1c20,73,99.3563,100.09871,100.494774,100.13503,99.919205
MIT,b1c20,74,99.32903,99.358154,100.37717,100.47369,99.883095
MIT,b1c20,75,99.31224,99.346725,100.37013,100.54178,99.8759
MIT,b1c20,76,99.292274,99.3425,100.36318,100.51337,99.84336
MIT,b1c20,77,99.28022,99.33884,100.360535,100.50222,99.84336
MIT,b1c20,78,99.26022,99.31054,100.40569,100.54915,99.85433
MIT,b1c20,79,99.24184,99.295975,100.40949,100.559044,99.88146
MIT,b1c20,80,99.23007,99.28966,100.35367,100.40762,99.84972
MIT,b1c20,81,99.211525,99.25937,100.404144,100.481186,99.843834
MIT,b1c20,82,99.194725,99.25362,100.411865,100.601364,99.86651
MIT,b1c20,83,99.175934,99.22901,100.428795,100.61902,99.82401
MIT,b1c20,84,99.15176,99.25171,100.44544,100.56604,99.80519
MIT,b1c20,85,99.13682,99.21693,100.465065,100.65368,99.79888
MIT,b1c20,86,99.115036,99.25383,100.45363,100.70156,99.80636
MIT,b1c20,87,99.09586,99.19868,100.47285,100.660934,99.73439
MIT,b1c20,88,99.07635,99.23156,100.42724,100.56303,99.72854
MIT,b1c20,89,99.056984,99.21231,100.4428,100.621346,99.71677
MIT,b1c20,90,99.03285,99.23888,100.46434,100.67868,99.70962
MIT,b1c20,91,99.01116,99.22023,100.42931,100.43327,99.68086
MIT,b1c20,92,98.992355,99.19212,100.416405,100.60391,99.67027
MIT,b1c20,93,98.97068,99.16872,100.414566,100.47022,99.68559
MIT,b1c20,94,98.95136,99.19446,100.44311,100.75268,99.65509
MIT,b1c20,95,98.92899,99.21836,100.46081,100.649025,99.639786
MIT,b1c20,96,98.90725,99.22729,100.37616,100.65326,99.670364
MIT,b1c20,97,98.88364,99.16461,100.432274,100.43237,99.64262
MIT,b1c20,98,98.859146,99.20301,100.441574,100.47426,99.639915
MIT,b1c20,99,98.83709,100.00558,100.384445,99.65159,99.638016
MIT,b1c20,100,98.81886,99.14081,100.42653,100.49465,99.60513
MIT,b1c20,101,98.79576,99.14281,100.32597,100.565125,99.639915
MIT,b1c20,102,98.7777,99.113205,100.39816,100.33819,99.57909
MIT,b1c20,103,98.749825,99.18285,100.39104,100.63652,99.57115
MIT,b1c20,104,98.72935,99.170685,100.41101,100.42843,99.558876
MIT,b1c20,105,98.70668,99.17889,100.377426,100.41694,99.55771
MIT,b1c20,106,98.67777,99.22842,100.423416,99.89816,99.427925
MIT,b1c20,107,98.65892,99.18501,100.34555,101.23178,99.5059
MIT,b1c20,108,98.64073,99.13235,100.411865,100.3671,99.500015
MIT,b1c20,109,98.61786,99.13217,100.403595,100.50382,99.418755
MIT,b1c20,110,98.59637,99.09604,100.38721,100.33689,99.3941
MIT,b1c20,111,98.57443,99.17637,100.417496,100.09777,99.38456
MIT,b1c20,112,98.55333,99.11606,100.409355,100.43074,99.359604
MIT,b1c20,113,98.53312,99.116165,100.30566,100.349625,99.41055
MIT,b1c20,114,98.505104,99.18552,100.37963,99.55511,99.2838
MIT,b1c20,115,98.48481,99.154884,100.279144,100.34578,99.296555
MIT,b1c20,116,98.45902,99.1184,100.38995,99.88693,99.27676
MIT,b1c20,117,98.43722,99.08713,100.32602,100.36472,99.29552
MIT,b1c20,118,98.416794,99.10631,100.3842,100.30017,99.2512
MIT,b1c20,119,98.391556,99.105965,100.318954,100.360565,99.25588
MIT,b1c20,120,98.36979,99.08838,100.27121,100.22812,99.2546
MIT,b1c20,121,98.34725,99.047424,100.40912,100.63208,99.22268
MIT,b1c20,122,98.32788,99.097404,100.368935,100.09042,99.1967
MIT,b1c20,123,98.30488,99.10981,100.40842,99.802376,99.18043
MIT,b1c20,124,98.28652,99.089554,100.336296,100.15317,99.1419
MIT,b1c20,125,98.26319,99.06591,100.40166,99.67577,99.09431
MIT,b1c20,126,98.24501,99.02986,100.382904,99.93757,99.08418
MIT,b1c20,127,98.21658,98.9963,100.42595,99.83768,99.10558
MIT,b1c20,128,98.18837,99.023445,100.378174,99.68673,99.021935
MIT,b1c20,129,98.16339,98.98074,100.40094,99.846535,98.98746
MIT,b1c20,130,98.153885,98.98973,100.429985,99.73504,99.00258
MIT,b1c20,131,98.13492,99.033394,100.373375,100.09042,99.0014
MIT,b1c20,132,98.108505,99.00093,100.42488,99.42613,99.12448
MIT,b1c20,133,98.08694,99.01215,100.359055,99.91522,98.97755
MIT,b1c20,134,98.06697,98.895256,100.32612,99.9133,98.942314
MIT,b1c20,135,98.030685,99.04773,100.415764,99.09434,98.8822
MIT,b1c20,136,98.00883,98.913864,100.32278,100.14376,98.96563
MIT,b1c20,137,97.98227,99.74098,100.535736,99.29217,98.86488
MIT,b1c20,138,97.95941,98.98997,100.31561,99.99769,98.89366
MIT,b1c20,139,97.93616,99.00176,100.299866,100.02632,98.86457
MIT,b1c20,140,97.91755,98.96125,100.14185,100.21475,98.79556
MIT,b1c20,141,97.896034,98.96019,100.19433,99.680046,98.87778
MIT,b1c20,142,97.87262,99.0338,100.354996,98.92492,98.83744
MIT,b1c20,143,97.85886,98.82494,100.14654,99.28201,98.850426
MIT,b1c20,144,97.83097,99.592094,100.54115,98.608284,98.79191
MIT,b1c20,145,97.80231,98.93664,100.40973,98.77783,98.821075
MIT,b1c20,146,97.77811,98.89259,100.23631,99.96248,98.786026
MIT,b1c20,147,97.7543,98.95621,100.38259,98.68029,98.735275
MIT,b1c20,148,97.731766,98.93629,100.25733,100.21631,98.648384
MIT,b1c20,149,97.708496,98.91744,100.32968,99.72924,98.659195
MIT,b1c20,150,97.684204,98.84404,100.20979,99.97452,98.64944
MIT,b1c20,151,97.65841,98.93212,100.169785,99.76682,98.61983
MIT,b1c20,152,97.63427,98.85895,100.37824,99.12096,98.60766
MIT,b1c20,153,97.60931,98.84577,100.12035,100.19601,98.63903
MIT,b1c20,154,97.58056,99.49308,100.48578,98.385826,98.51999
MIT,b1c20,155,97.552124,98.902756,100.238174,99.01842,98.48582
MIT,b1c20,156,97.5187,98.866516,100.2346,99.41878,98.51543
MIT,b1c20,157,97.496445,98.85326,100.37178,98.20079,98.48041
MIT,b1c20,158,97.471825,98.866936,100.405014,98.04872,98.46227
MIT,b1c20,159,97.44148,98.84631,100.18076,99.967316,98.10209
MIT,b1c20,160,97.42678,98.87646,100.13187,100.09397,98.07714
MIT,b1c20,161,97.374176,98.73637,100.183495,99.98151,98.47243
MIT,b1c20,162,97.37689,98.789345,100.143425,99.97035,98.074135
MIT,b1c20,163,97.36123,98.86694,100.187874,99.13782,98.06055
MIT,b1c20,164,97.313324,98.77804,100.21656,99.04947,98.59558
MIT,b1c20,165,97.313324,101.75783,100.509415,100.857086,99.68817
MIT,b1c20,166,97.28427,98.6812,100.27607,99.21068,98.035225
MIT,b1c20,167,97.24201,98.741714,100.19291,99.89511,98.04124
MIT,b1c20,168,97.188255,98.60362,100.14752,99.445274,98.036934
MIT,b1c20,169,97.1262,98.57549,100.07514,99.319084,97.716156
MIT,b1c20,170,97.1723,98.78112,100.20908,99.137566,97.88058
MIT,b1c20,171,97.152916,98.754814,100.05722,99.665375,98.01862
MIT,b1c20,172,97.131,98.7571,100.130104,99.56681,97.882484
MIT,b1c20,173,97.08265,98.7291,100.08257,100.000916,97.79596
MIT,b1c20,174,97.08278,98.79477,100.072525,99.70625,97.75784
MIT,b1c20,175,97.06134,98.7644,100.00781,99.67896,97.74663
MIT,b1c20,176,97.02567,98.72168,100.03451,99.85855,97.743706
MIT,b1c20,177,97.01462,98.73954,100.063675,98.989944,97.73994
MIT,b1c20,178,96.96754,98.67825,100.01734,99.67401,97.60836
MIT,b1c20,179,96.9648,98.69766,99.99209,99.62398,97.582085
MIT,b1c20,180,96.9401,98.736946,100.19912,98.07107,97.56315
MIT,b1c20,181,96.84813,98.549095,99.74809,99.41963,97.365364
MIT,b1c20,182,96.87247,98.744736,100.203186,97.844925,97.432106
MIT,b1c20,183,96.851776,98.65987,100.01411,98.96281,97.32563
MIT,b1c20,184,96.75859,98.52804,99.89301,99.41733,97.30124
MIT,b1c20,185,96.800606,98.63245,99.99439,98.872925,97.37545
MIT,b1c20,186,96.740616,98.55382,99.94925,99.34901,97.28961
MIT,b1c20,187,96.76908,98.70041,100.07354,98.05521,97.24192
MIT,b1c20,188,96.72801,98.59836,99.886,99.68328,97.26629
MIT,b1c20,189,96.67901,98.46186,99.541145,99.09094,97.25499
MIT,b1c20,190,96.680145,98.53952,99.92062,99.21928,97.313515
MIT,b1c20,191,96.66612,98.60718,99.59315,99.428246,97.22097
MIT,b1c20,192,96.60684,98.47851,99.70035,99.651375,97.18183
MIT,b1c20,193,96.56468,98.38192,99.63207,99.08712,97.25212
MIT,b1c20,194,96.5256,98.387184,99.428154,99.16455,97.1506
MIT,b1c20,195,96.51037,98.516235,99.85818,99.39891,97.17769
MIT,b1c20,196,96.49287,98.485435,99.68566,99.06756,97.13738
MIT,b1c20,197,96.49827,98.48262,99.74874,99.40878,97.1991
MIT,b1c20,198,96.495834,98.59374,99.85921,99.30719,97.05705
MIT,b1c20,199,96.493126,98.65254,99.90672,98.15192,97.05179
MIT,b1c20,200,96.45686,98.5791,99.82614,99.07025,97.06329
MIT,b1c20,201,96.42405,98.52914,99.71844,99.20811,97.04532
MIT,b1c20,202,96.37051,98.3874,99.17763,99.11757,96.95152
MIT,b1c20,203,96.3512,98.52014,99.988045,98.915276,96.8525
MIT,b1c20,204,96.33247,98.4296,100.03521,98.936584,96.81832
MIT,b1c20,205,96.28766,98.4019,99.80717,99.074455,96.84915
MIT,b1c20,206,96.26789,98.39592,99.356255,99.07179,96.791725
MIT,b1c20,207,96.259926,98.40695,100.03088,98.29156,96.81832
MIT,b1c20,208,96.18763,98.32121,99.834145,98.69514,96.72532
MIT,b1c20,209,96.206184,98.43234,100.08683,97.23099,96.64114
MIT,b1c20,210,96.19162,98.38513,99.90556,97.99254,96.61476
MIT,b1c20,211,96.09309,98.14244,98.80554,98.210464,96.64822
MIT,b1c20,212,96.05665,98.20097,100.034134,97.72693,96.61583
MIT,b1c20,213,96.07289,98.33622,99.67325,98.51648,96.57657
MIT,b1c20,214,96.06629,98.422455,100.076485,97.46352,96.564064
MIT,b1c20,215,95.99776,98.18394,100.09148,97.53881,96.59516
MIT,b1c20,216,95.940506,98.172325,99.475266,97.97549,96.61334
MIT,b1c20,217,95.94597,98.270454,99.81995,99.39541,96.558365
MIT,b1c20,218,95.94081,98.3049,99.254,99.25075,96.39599
MIT,b1c20,219,95.87651,98.12926,99.01242,97.8244,96.51299
MIT,b1c20,220,95.89071,98.280205,99.9074,97.863976,96.43763
MIT,b1c20,221,95.8813,98.21214,99.90456,98.13187,96.5009
MIT,b1c20,222,95.818085,98.2265,99.360085,98.63153,96.481
MIT,b1c20,223,95.79077,98.56615,99.92697,97.36733,96.47372
MIT,b1c20,224,95.767365,98.225174,99.788055,98.09234,96.44105
MIT,b1c20,225,95.73612,98.14967,99.52713,97.91844,96.305534
MIT,b1c20,226,95.795685,98.375824,99.60272,98.60166,96.11975
MIT,b1c20,227,95.76671,98.34677,99.599754,98.875114,96.03028
MIT,b1c20,228,95.751724,98.24189,99.68835,99.491875,96.04638
MIT,b1c20,229,95.71806,98.21205,99.46229,98.07272,96.01584
MIT,b1c20,230,95.69509,98.24904,99.45189,98.63386,96.04073
MIT,b1c20,231,95.63295,98.17682,99.318985,98.23172,96.09584
MIT,b1c20,232,95.63399,98.11831,99.43605,97.93649,96.19135
MIT,b1c20,233,95.62758,98.269226,99.89209,97.46965,96.29588
MIT,b1c20,234,95.47197,97.74785,99.23277,97.39483,96.66611
MIT,b1c20,235,95.50391,98.05973,99.950745,97.75974,96.13112
MIT,b1c20,236,95.47766,98.017555,99.86322,97.89375,96.03016
MIT,b1c20,237,95.43678,98.02577,99.82774,97.520645,96.0
MIT,b1c20,238,95.387856,97.91905,99.379196,97.53233,96.05843
MIT,b1c20,239,95.423744,98.0562,99.70941,97.95606,95.96279
MIT,b1c20,240,95.33709,97.85073,98.93928,97.589905,96.05388
MIT,b1c20,241,95.39565,98.16004,99.83544,96.80111,95.93995
MIT,b1c20,242,95.30893,97.85806,99.62486,96.94367,95.88329
MIT,b1c20,243,95.2624,97.73935,99.21341,96.92493,95.95557
MIT,b1c20,244,95.26468,98.001205,99.88947,97.95616,95.88054
MIT,b1c20,245,95.220985,97.859146,99.34085,97.12969,95.80144
MIT,b1c20,246,95.21758,97.96823,99.56731,97.64441,95.75662
MIT,b1c20,247,95.21255,98.00586,99.50132,97.50277,95.66714
MIT,b1c20,248,95.2041,98.07871,99.398506,97.7933,95.52302
MIT,b1c20,249,95.16911,97.97234,99.09188,97.67401,95.54467
MIT,b1c20,250,95.05834,97.49808,99.05243,96.5375,96.53917
MIT,b1c20,251,95.09444,97.77794,99.856384,97.35395,95.80463
MIT,b1c20,252,95.06543,97.85373,99.058136,97.31979,95.78347
MIT,b1c20,253,95.05385,97.77382,98.95148,97.474236,95.74653
MIT,b1c20,254,94.97964,97.647934,98.798615,97.02788,95.8627
MIT,b1c20,255,94.96974,97.52747,98.94714,96.91016,95.825264
MIT,b1c20,256,94.95819,97.787346,99.211945,96.98532,95.4807
MIT,b1c20,257,94.94615,97.80287,99.296646,97.06773,95.44868
MIT,b1c20,258,94.88481,97.54034,99.14127,96.502,95.392914
MIT,b1c20,259,94.865395,97.64163,99.34281,96.79,95.86305
MIT,b1c20,260,94.89869,97.8348,99.554146,97.46236,95.24891
MIT,b1c20,261,94.87303,97.79322,99.28371,97.16895,95.36278
MIT,b1c20,262,94.81824,97.57809,99.15457,96.8994,95.587166
MIT,b1c20,263,94.78415,97.57692,98.962715,96.81877,95.44198
MIT,b1c20,264,94.719696,97.27601,98.9649,96.58745,95.58522
MIT,b1c20,265,94.70906,97.51703,98.9315,97.18196,95.46981
MIT,b1c20,266,94.706894,97.45731,98.92867,96.89963,95.45897
MIT,b1c20,267,94.6293,97.20421,98.70248,96.33131,95.60068
MIT,b1c20,268,94.64202,97.412544,98.48121,97.02931,95.38401
MIT,b1c20,269,94.63023,97.4295,98.99009,96.97493,95.37196
MIT,b1c20,270,94.61683,97.52767,98.98908,97.097885,95.35708
MIT,b1c20,271,94.553055,97.297455,98.955666,96.989655,95.3341
MIT,b1c20,272,94.450935,96.9545,98.77173,96.49085,95.7335
MIT,b1c20,273,94.465576,97.146416,98.51018,96.641655,95.292625
MIT,b1c20,274,94.444885,97.137,98.56878,96.429474,95.26818
MIT,b1c20,275,94.45421,97.25907,99.02464,96.75983,95.17602
MIT,b1c20,276,94.4008,97.09248,98.576935,96.57003,95.26397
MIT,b1c20,277,94.36287,97.10397,98.44841,96.451256,95.22087
MIT,b1c20,278,94.2876,96.826675,98.61133,96.15732,95.19315
MIT,b1c20,279,94.27899,96.952255,98.49544,96.25234,95.21252
MIT,b1c20,280,94.360214,97.43106,99.25693,97.176315,94.897896
MIT,b1c20,281,94.1882,96.47851,98.3175,96.19372,95.26111
MIT,b1c20,282,94.24529,97.09232,98.77054,96.84654,95.16439
MIT,b1c20,283,94.17115,96.64607,97.9752,96.4392,95.41777
MIT,b1c20,284,94.14273,96.69954,98.3906,96.42345,95.45667
MIT,b1c20,285,94.161804,96.99079,98.3539,96.80743,95.05352
MIT,b1c20,286,94.121086,96.87797,98.199615,96.42559,95.17228
MIT,b1c20,287,94.10146,96.98529,98.3868,96.49893,94.95983
MIT,b1c20,288,94.071396,96.99913,98.43391,96.301735,95.1854
MIT,b1c20,289,94.03378,96.85195,98.33894,96.15006,95.26883
MIT,b1c20,290,94.05391,97.00847,98.38961,96.265686,94.863304
MIT,b1c20,291,94.01917,96.968994,98.36922,96.2427,94.54965
MIT,b1c20,292,93.95258,96.687256,98.64064,95.922424,95.12337
MIT,b1c20,293,93.946915,96.87598,98.23797,96.28714,95.12324
MIT,b1c20,294,93.91443,96.5155,98.36408,95.98483,95.27481
MIT,b1c20,295,93.83894,96.09395,98.16436,96.41309,94.799095
MIT,b1c20,296,93.86217,96.748535,98.11334,96.50172,94.671906
MIT,b1c20,297,93.834015,96.652466,98.15518,96.3369,94.8294
MIT,b1c20,298,93.77894,96.45033,97.974945,96.404854,95.22983
MIT,b1c20,299,93.775894,96.46718,98.677124,96.08834,94.685265
MIT,b1c20,300,93.73156,96.36751,98.576256,96.019585,95.23344
MIT,b1c20,301,93.72606,96.467834,98.84115,96.22848,94.66147
MIT,b1c20,302,93.70191,96.48191,97.84811,96.694786,94.632904
MIT,b1c20,303,93.613495,96.151924,98.47215,96.123795,95.0549
MIT,b1c20,304,93.652954,96.38423,97.79173,96.50505,94.59312
MIT,b1c20,305,93.63041,96.28954,97.72917,96.430084,94.53685
MIT,b1c20,306,93.53197,95.91798,97.84078,96.23456,94.823586
MIT,b1c20,307,93.51035,96.063805,97.68277,96.32714,95.00212
MIT,b1c20,308,93.50886,96.177345,97.80728,96.150085,94.42047
MIT,b1c20,309,93.5131,96.29832,97.99792,96.27688,94.42895
MIT,b1c20,310,93.47677,96.35781,98.456955,96.08743,94.464775
MIT,b1c20,311,93.41516,96.04483,98.20242,96.01788,95.202034
MIT,b1c20,312,93.37731,95.88653,97.81017,96.56637,94.67048
MIT,b1c20,313,93.37507,95.92741,97.89741,96.37355,94.46496
MIT,b1c20,314,93.34693,96.03971,98.043274,96.42091,94.4163
MIT,b1c20,315,93.286865,95.923775,97.89369,96.32669,94.885086
MIT,b1c20,316,93.25627,95.79617,97.88743,96.28774,94.90038
MIT,b1c20,317,93.22413,95.79714,97.63304,96.20925,94.59055
MIT,b1c20,318,93.22115,95.92368,98.2412,96.07202,94.700264
MIT,b1c20,319,93.190605,96.09649,97.77632,96.16058,94.27696
MIT,b1c20,320,93.15839,95.97134,98.19095,96.72901,94.33994
MIT,b1c20,321,93.16445,96.094574,97.8084,96.04942,94.25706
MIT,b1c20,322,93.13053,96.0414,97.90992,96.08946,94.30226
MIT,b1c20,323,93.0351,95.55991,97.744385,95.82367,93.64909
MIT,b1c20,324,93.06722,95.98979,97.81317,95.975105,94.04064
MIT,b1c20,325,93.04574,95.73201,98.48856,95.623,94.18833
MIT,b1c20,326,92.97412,95.4983,97.79038,96.0068,93.98159
MIT,b1c20,327,92.97053,95.70027,98.3625,95.7632,94.30799
MIT,b1c20,328,92.90167,95.394066,98.675735,95.964645,94.14734
MIT,b1c20,329,92.90469,95.55425,97.77531,95.990234,94.15172
MIT,b1c20,330,92.87685,95.44221,97.83339,95.93565,94.09197
MIT,b1c20,331,92.87616,95.67487,97.528114,96.241005,93.881775
MIT,b1c20,332,92.77369,94.988655,97.730934,95.627594,93.83197
MIT,b1c20,333,92.78848,95.29623,98.36226,95.57078,94.07054
MIT,b1c20,334,92.70608,94.86415,98.09898,95.56078,93.759346
MIT,b1c20,335,92.77226,95.58859,98.19607,95.87502,93.81721
MIT,b1c20,336,92.65662,95.03659,97.779045,95.57029,93.8682
MIT,b1c20,337,92.61794,95.11012,97.98073,95.58982,93.836426
MIT,b1c20,338,92.61967,95.19839,97.829094,95.578964,94.01084
MIT,b1c20,339,92.59982,95.044395,97.72601,95.376274,93.69004
MIT,b1c20,340,92.55982,95.047585,97.82299,95.288536,93.49464
MIT,b1c20,341,92.48074,94.684555,97.85933,95.342224,93.471146
MIT,b1c20,342,92.4979,94.92654,97.95192,95.53595,93.606155
MIT,b1c20,343,92.48972,95.03739,97.92792,95.36876,93.68692
MIT,b1c20,344,92.449425,95.09396,97.89449,95.3146,93.588905
MIT,b1c20,345,92.42785,95.08327,97.80473,95.45554,93.53171
MIT,b1c20,346,92.372635,94.949814,97.76332,95.682495,93.39768
MIT,b1c20,347,92.313515,94.638916,97.677284,95.51356,93.25686
MIT,b1c20,348,92.2864,94.53029,97.75789,95.377625,93.278404
MIT,b1c20,349,92.27378,94.74605,97.555374,95.48553,93.33675
MIT,b1c20,350,92.246796,94.812065,97.76862,95.652794,93.209015
MIT,b1c20,351,92.21733,94.77948,97.59224,95.499756,92.98466
MIT,b1c20,352,92.20828,94.996796,97.94274,95.38974,93.18991
MIT,b1c20,353,92.15953,94.87068,97.661934,95.44111,92.80957
MIT,b1c20,354,92.07582,94.30351,97.51226,95.354904,92.74416
MIT,b1c20,355,92.11817,95.0088,97.81577,95.33779,93.11695
MIT,b1c20,356,92.068565,94.603516,97.44971,95.49423,92.80405
MIT,b1c20,357,92.059906,94.78616,97.64243,95.55649,92.97933
MIT,b1c20,358,92.03244,94.786674,97.78365,95.71914,93.11915
MIT,b1c20,359,91.92649,93.92366,97.361496,95.190025,92.90222
MIT,b1c20,360,91.94574,94.47034,97.56267,95.5778,93.27773
MIT,b1c20,361,91.82641,93.877335,97.114334,95.16605,92.77977
MIT,b1c20,362,91.82743,94.05928,97.307106,95.07185,92.932
MIT,b1c20,363,91.819405,94.04525,97.16236,95.48868,92.950066
MIT,b1c20,364,91.74591,93.63532,97.18505,95.106865,92.6442
MIT,b1c20,365,91.75151,94.04446,97.591515,95.65188,92.951706
MIT,b1c20,366,91.73007,94.30207,97.40109,95.602,92.76142
MIT,b1c20,367,91.650696,93.96955,97.08741,95.21512,92.52668
MIT,b1c20,368,91.64057,93.98298,97.20371,95.303955,92.43348
MIT,b1c20,369,91.57591,93.634865,96.5169,95.19783,92.27831
MIT,b1c20,370,91.52055,93.49063,96.520836,95.111534,92.307495
MIT,b1c20,371,91.50259,93.42557,96.67739,95.065056,92.18274
MIT,b1c20,372,91.53984,94.16278,96.95199,95.67836,92.724625
MIT,b1c20,373,91.4698,94.09096,96.37673,95.284615,91.89262
MIT,b1c20,374,91.4448,94.22524,96.20397,95.05055,92.0946
MIT,b1c20,375,91.40904,94.02533,96.15915,94.531715,91.80267
MIT,b1c20,376,91.41938,94.53677,96.48659,94.92585,92.00154
MIT,b1c20,377,91.34779,94.029175,96.25676,94.508484,91.489265
MIT,b1c20,378,91.325096,94.077515,96.44001,94.5285,91.687004
MIT,b1c20,379,91.30098,94.03252,96.3335,94.60634,91.80867
MIT,b1c20,380,91.25936,93.88412,95.86439,94.45913,91.82823
MIT,b1c20,381,91.264824,94.52761,96.357666,95.30139,91.70191
MIT,b1c20,382,91.22887,94.371994,96.209404,94.95234,91.436035
MIT,b1c20,383,91.21235,94.6536,96.859825,94.84438,91.35441
MIT,b1c20,384,91.15321,94.19522,97.07854,94.05325,91.258156
MIT,b1c20,385,91.176636,94.69845,97.75438,94.82544,91.757866
MIT,b1c20,386,91.15884,94.91388,98.427345,94.90967,91.925446
MIT,b1c20,387,91.14463,94.92943,98.61797,95.16558,91.96891
MIT,b1c20,388,91.13795,95.01616,98.85013,95.11654,91.70297
MIT,b1c20,389,91.131355,95.160385,98.58812,95.56697,91.85847
MIT,b1c20,390,91.085815,94.95892,98.3935,94.80951,91.85599
MIT,b1c20,391,91.03557,94.48905,97.65084,94.25893,91.86794
MIT,b1c20,392,90.963905,94.00569,96.74358,93.47601,91.80483
MIT,b1c20,393,90.963585,94.35896,96.456894,94.33083,91.05506
MIT,b1c20,394,90.91794,94.10939,96.16427,94.30526,90.97041
MIT,b1c20,395,90.850426,93.824104,95.86755,93.95366,91.01026
MIT,b1c20,396,90.84408,93.9906,78.339935,93.937256,91.17677
MIT,b1c20,397,90.71725,92.949234,95.761246,93.14812,90.810005
MIT,b1c20,398,90.77973,93.91517,96.11825,94.5548,91.31534
MIT,b1c20,399,90.73064,93.69624,96.36644,94.121315,91.233154
MIT,b1c20,400,90.70096,93.73899,96.37408,94.32123,91.21472
MIT,b1c20,401,90.62869,93.4576,96.17207,93.81873,90.684746
MIT,b1c20,402,90.60338,93.5224,96.08943,93.894035,90.77679
MIT,b1c20,403,90.5347,93.155624,95.52816,93.3995,90.28534
MIT,b1c20,404,90.50347,93.149445,95.91148,93.44974,90.32884
MIT,b1c20,405,90.47701,93.24264,96.235374,93.17151,90.30663
MIT,b1c20,406,90.37798,92.637405,95.90221,92.5265,90.06565
MIT,b1c20,407,90.401344,93.39473,96.17661,93.5942,90.337585
MIT,b1c20,408,90.36053,93.2425,95.46285,93.10177,90.304535
MIT,b1c20,409,90.30507,93.01229,96.01734,92.91678,90.12724
MIT,b1c20,410,90.29615,93.19889,95.56442,93.39548,90.26879
MIT,b1c20,411,90.24974,92.85074,95.28643,93.075584,90.09827
MIT,b1c20,412,90.174706,92.53505,95.07108,92.380165,90.18871
MIT,b1c20,413,90.09917,92.175674,94.74579,92.228424,89.95582
MIT,b1c20,414,90.068756,92.274796,94.45816,92.303276,90.024025
MIT,b1c20,415,90.067665,92.87231,94.90224,92.96264,89.91544
MIT,b1c20,416,90.036285,92.90528,95.3207,92.49634,89.835075
MIT,b1c20,417,89.99005,92.72812,95.20056,91.91307,89.65478
MIT,b1c20,418,89.9866,93.145546,95.622765,92.039085,89.70857
MIT,b1c20,419,89.95596,93.24477,96.86233,92.02984,89.75627
MIT,b1c20,420,89.90385,92.99684,95.93444,92.1216,90.1827
MIT,b1c20,421,89.86034,92.85209,96.10358,91.829544,90.191086
MIT,b1c20,422,89.843895,93.06387,96.2942,91.8661,90.32916
MIT,b1c20,423,89.793434,92.93481,96.22036,91.89697,90.212616
MIT,b1c20,424,89.80328,93.3139,96.19045,91.99282,90.31444
MIT,b1c20,425,89.76544,94.00633,98.48376,94.133484,90.0578
MIT,b1c20,426,89.69096,92.67274,95.4934,91.475464,89.75768
MIT,b1c20,427,89.63455,92.50513,94.81165,91.847115,89.49668
MIT,b1c20,428,89.56365,92.05255,94.72403,91.58138,89.37466
MIT,b1c20,429,89.50716,91.75227,94.28641,91.548004,89.39892
MIT,b1c20,430,89.506805,92.23908,94.45838,92.38085,89.67156
MIT,b1c20,431,89.44596,91.935974,94.885925,91.85339,89.518524
MIT,b1c20,432,89.40639,91.931915,94.377365,92.06129,89.457695
MIT,b1c20,433,89.38516,91.97501,95.52742,92.38054,89.55422
MIT,b1c20,434,89.22799,90.88972,95.07551,91.24184,89.08551
MIT,b1c20,435,89.24234,91.53485,95.2246,91.8247,89.2448
MIT,b1c20,436,89.19204,91.402466,95.91322,91.49481,89.21385
MIT,b1c20,437,89.11808,91.10189,93.86051,91.041214,89.010895
MIT,b1c20,438,89.09221,91.38881,94.82597,91.35874,89.03281
MIT,b1c20,439,89.06281,91.54664,95.37537,91.36786,89.11865
MIT,b1c20,440,88.98798,91.09001,93.732086,90.85612,88.94558
MIT,b1c20,441,88.91685,90.87418,93.61376,90.71725,88.73672
MIT,b1c20,442,88.93307,91.62995,94.23835,91.23743,88.987495
MIT,b1c20,443,88.86968,91.143555,93.85696,90.482086,88.71233
MIT,b1c20,444,88.80552,90.933365,93.5005,90.50482,88.56354
MIT,b1c20,445,88.7036,90.21463,93.37296,89.7535,88.59492
MIT,b1c20,446,88.686104,90.55928,92.80058,90.85703,88.76403
MIT,b1c20,447,88.64952,90.54543,93.0868,91.05403,88.837395
MIT,b1c20,448,88.58343,90.338554,93.00183,90.83483,88.42147
MIT,b1c20,449,88.52109,89.918945,92.856064,90.35026,88.39213
MIT,b1c20,450,88.43167,89.869156,93.78574,89.86679,88.302345
MIT,b1c20,451,88.45034,90.81668,94.389725,90.16736,88.25573
MIT,b1c20,452,88.42959,91.0367,95.301544,90.116714,88.5281
MIT,b1c20,453,88.35684,90.72356,95.40247,89.984924,88.2567
MIT,b1c20,454,88.31928,90.91921,95.27858,89.87812,88.86113
MIT,b1c20,455,88.27166,90.71955,94.4805,89.739975,88.58971
MIT,b1c20,456,88.217415,90.75101,94.79928,89.75789,88.60267
MIT,b1c20,457,88.17286,90.71253,95.65661,89.56176,88.60577
MIT,b1c20,458,88.13478,90.85822,94.969925,89.836075,88.727104
MIT,b1c20,459,88.06078,90.23741,94.68678,89.57985,88.81465
MIT,b1c20,460,88.04319,90.43038,93.56061,89.42444,88.699524
MIT,b1c20,461,87.99999,90.41425,93.10201,89.561806,88.361435
MIT,b1c20,462,87.82995,88.82089,92.12107,88.49508,87.88342
MIT,b1c20,463,87.83015,89.50151,92.4831,89.807594,87.541435
MIT,b1c20,464,87.759026,89.14717,95.01285,89.448715,87.52734
MIT,b1c20,465,87.7202,89.39667,94.378105,90.26365,87.68561
MIT,b1c20,466,87.574844,88.002625,93.2141,88.47223,87.406204
MIT,b1c20,467,87.54621,88.55625,93.42963,89.1027,87.43863
MIT,b1c20,468,87.498795,88.61394,92.89075,89.135796,87.35958
MIT,b1c20,469,87.37993,87.83501,91.95136,88.178665,87.274124
MIT,b1c20,470,87.33025,88.03013,92.994896,88.47474,87.1757
MIT,b1c20,471,87.291565,88.2166,92.093094,88.879944,87.25635
MIT,b1c20,472,87.2133,87.886505,91.30113,88.05149,87.2254
MIT,b1c20,473,87.161545,87.99907,92.894424,88.3169,86.97853
MIT,b1c20,474,87.112686,87.995605,91.84885,87.8415,86.88379
MIT,b1c20,475,87.03294,87.87365,92.25978,87.53834,86.829865
MIT,b1c20,476,86.97675,87.9627,92.568054,87.950745,86.86636
MIT,b1c20,477,86.88541,87.55585,91.812454,87.20294,86.802124
MIT,b1c20,478,86.874245,88.16443,92.92638,88.14996,86.90711
MIT,b1c20,479,86.77615,87.406624,91.76561,87.04425,86.505714
MIT,b1c20,480,86.68835,86.91339,91.93841,86.49358,86.456924
MIT,b1c20,481,86.633804,87.15768,91.07613,87.37377,86.592964
MIT,b1c20,482,86.595856,87.373856,90.35635,87.86242,86.68964
MIT,b1c20,483,86.47569,86.59153,92.016846,86.67934,86.303925
MIT,b1c20,484,86.43255,86.92041,90.92589,87.0019,86.543724
MIT,b1c20,485,86.32673,86.54704,90.6593,86.029366,86.18759
MIT,b1c20,486,86.309906,87.117485,91.42949,86.63006,86.30842
MIT,b1c20,487,86.2376,87.090866,91.64411,86.72609,86.2809
MIT,b1c20,488,86.1495,86.668304,91.35409,85.8947,86.44287
MIT,b1c20,489,86.08364,86.6824,91.06976,86.20897,86.40545
MIT,b1c20,490,86.030594,86.74028,91.04902,86.03531,86.43899
MIT,b1c20,491,85.92593,86.11744,90.54232,86.08533,85.93564
MIT,b1c20,492,85.92492,86.98139,91.37412,86.31797,86.43777
MIT,b1c20,493,85.83332,86.376976,90.60831,85.20273,86.33206
MIT,b1c20,494,85.7502,86.16164,90.22859,85.34374,86.238174
MIT,b1c20,495,85.64816,85.49265,89.25631,85.07819,85.46845
MIT,b1c20,496,85.60347,85.75655,89.81579,85.54089,85.75726
MIT,b1c20,497,85.48857,84.98579,89.632126,84.6438,85.04953
MIT,b1c20,498,85.40356,84.925835,89.99362,85.04574,85.10264
MIT,b1c20,499,85.29533,84.53835,89.87326,84.50119,85.04222
MIT,b1c20,500,85.22838,84.49199,88.188965,84.74889,85.403496
MIT,b1c20,501,85.10792,83.92548,88.88409,83.85867,84.806625
MIT,b1c20,502,85.0596,84.20722,88.649284,84.321785,84.78884
MIT,b1c20,503,84.96568,83.851685,88.07296,83.57035,84.74737
MIT,b1c20,504,84.87589,83.82385,88.05829,83.63655,84.74978
MIT,b1c20,505,84.797516,83.7086,88.17386,83.19246,84.78606
MIT,b1c20,506,84.73161,83.5834,87.03304,83.0701,84.43568
MIT,b1c20,507,84.660866,83.71983,87.82646,83.12101,84.57682
MIT,b1c20,508,84.55885,83.480286,86.94223,82.84444,84.569115
MIT,b1c20,509,84.45219,83.23267,86.67054,82.413284,84.2846
MIT,b1c20,510,84.36574,83.21704,86.5403,82.285995,84.30759
MIT,b1c20,511,84.31102,83.46694,86.953606,83.018074,84.31294
MIT,b1c20,512,84.20155,83.08423,86.13806,81.94585,84.10873
MIT,b1c20,513,84.11384,83.11329,87.21958,82.669785,84.055664
MIT,b1c20,514,83.99432,82.774414,86.01462,82.16005,83.76654
MIT,b1c20,515,83.896034,82.68184,86.31184,81.732605,83.681305
MIT,b1c20,516,83.77717,82.333855,85.43007,81.43203,83.68937
MIT,b1c20,517,83.68439,82.40956,85.58636,81.36209,83.357346
MIT,b1c20,518,83.59253,82.50562,86.39729,82.05303,83.3843
MIT,b1c20,519,83.482834,82.123985,85.130585,81.156006,83.41491
MIT,b1c20,520,83.40216,82.230255,86.880775,81.65656,83.34455
MIT,b1c20,521,83.30707,82.10812,85.77313,81.34005,83.12142
MIT,b1c20,522,83.18565,81.56011,86.94718,81.47368,83.02391
MIT,b1c20,523,83.088615,81.45359,86.015816,82.3187,83.087654
MIT,b1c20,524,82.985405,81.35759,87.328545,81.550674,83.18045
MIT,b1c20,525,82.88256,81.185646,86.32233,81.13258,82.78098
MIT,b1c20,526,82.76761,80.82391,86.00745,81.28521,82.9112
MIT,b1c20,527,82.633385,80.02044,87.08895,81.1991,82.78485
MIT,b1c20,528,82.55803,80.51137,88.397865,81.24311,82.68223
MIT,b1c20,529,82.41265,79.57732,83.6316,81.050415,82.36537
MIT,b1c20,530,82.29073,79.05491,84.7951,81.33176,82.33071
MIT,b1c20,531,82.211075,79.33236,85.6542,81.04198,82.34247
MIT,b1c20,532,82.03006,76.3486,81.015305,82.60491,82.32075
MIT,b2c1,1,99.92213,99.6173,100.52817,101.18043,100.11776
MIT,b2c1,2,100.0,99.92263,100.33678,101.10043,100.18429
MIT,b2c1,3,100.066216,99.84944,100.30304,100.94633,100.23826
MIT,b2c1,4,99.857834,99.45488,100.33892,101.09947,100.041084
MIT,b2c1,5,99.87174,99.69177,100.34578,101.00162,100.03919
MIT,b2c1,6,99.8588,99.75832,100.33186,100.93315,100.053505
MIT,b2c1,7,99.573,99.39483,100.30295,101.06048,99.90932
MIT,b2c1,8,99.65146,99.62309,100.322,100.79841,99.95349
MIT,b2c1,9,99.63884,99.62302,100.270294,100.79982,99.97849
MIT,b2c1,10,99.37076,99.36657,100.344734,101.20394,99.84492
MIT,b2c1,11,99.46521,99.609,100.38611,100.812,99.92352
MIT,b2c1,12,99.45893,99.75271,100.46234,100.74903,99.95475
MIT,b2c1,13,99.27459,99.46591,100.34636,101.010345,100.057594
MIT,b2c1,14,99.30299,99.59798,100.37121,100.81195,99.85767
MIT,b2c1,15,99.257935,99.649506,100.50786,100.781654,99.923935
MIT,b2c1,16,99.11379,99.511345,100.351845,101.065384,99.852875
MIT,b2c1,17,99.140915,99.68536,100.417595,100.8721,99.89078
MIT,b2c1,18,99.133064,99.328285,100.52619,101.1362,99.77471
MIT,b2c1,19,99.0102,99.55785,100.38208,100.77028,99.8401
MIT,b2c1,20,99.00952,99.75524,100.44266,100.84227,99.7724
MIT,b2c1,21,98.8776,99.45684,100.467285,101.11289,99.81287
MIT,b2c1,22,98.799774,100.09643,100.46485,100.76703,99.78149
MIT,b2c1,23,98.79536,99.72828,100.437675,100.696556,99.85237
MIT,b2c1,24,98.62405,99.39352,100.4295,101.138176,99.65356
MIT,b2c1,25,98.652855,99.83234,100.38739,100.89177,99.685295
MIT,b2c1,26,98.613144,99.76572,100.32506,100.41342,99.604324
MIT,b2c1,27,98.40781,99.65969,100.39842,100.98802,99.42311
MIT,b2c1,28,98.43963,99.88303,100.42872,100.55716,99.67151
MIT,b2c1,29,98.37806,100.087944,100.48313,100.80139,99.525826
MIT,b2c1,30,98.12606,99.91233,100.36015,101.152885,99.36606
MIT,b2c1,31,98.14649,99.72009,100.377945,100.59977,99.63777
MIT,b2c1,32,98.06482,99.9053,100.52768,100.64621,99.61972
MIT,b2c1,33,97.89331,99.73581,100.38906,100.81679,99.2014
MIT,b2c1,34,97.82827,99.744125,100.50208,100.599266,99.45353
MIT,b2c1,35,97.770805,99.68406,100.57457,100.95273,99.083565
MIT,b2c1,36,97.64192,99.91675,100.42664,101.00184,98.99698
MIT,b2c1,37,97.61406,100.04051,100.511894,100.748405,99.15102
MIT,b2c1,38,97.54758,99.77758,100.46142,101.02576,99.04125
MIT,b2c1,39,97.4187,99.902245,100.392944,100.634575,98.85616
MIT,b2c1,40,97.33969,99.77623,100.18136,99.92589,98.85228
MIT,b2c1,41,97.150154,99.999176,100.53679,99.969185,98.93857
MIT,b2c1,42,97.102554,99.84165,100.382935,100.49261,98.5924
MIT,b2c1,43,96.98241,100.07534,100.49005,100.48991,98.432724
MIT,b2c1,44,96.797676,99.92117,100.36743,101.01919,98.4921
MIT,b2c1,45,96.80104,100.04305,100.42166,100.53058,98.104805
MIT,b2c1,46,96.73547,100.00098,100.22739,100.29744,98.04903
MIT,b2c1,47,96.472626,99.86915,100.38637,101.121086,98.10275
MIT,b2c1,48,96.47632,100.10257,100.43138,100.70899,98.16612
MIT,b2c1,49,96.403854,100.1276,100.4278,100.46791,97.99079
MIT,b2c1,50,96.167496,99.92969,100.37161,101.10286,97.06579
MIT,b2c1,51,96.164764,100.10177,100.45883,100.55009,97.711525
MIT,b2c1,52,96.07844,100.17207,100.32973,100.4721,97.655235
MIT,b2c1,53,95.84343,99.91502,100.34887,100.88336,96.78697
MIT,b2c1,54,95.841255,99.90025,100.40254,100.430084,96.83949
MIT,b2c1,55,95.74728,99.96525,100.517845,100.409256,96.84469
MIT,b2c1,56,95.545815,100.14861,100.42914,100.933044,96.34315
MIT,b2c1,57,95.50391,99.967636,100.1167,100.50907,96.37442
MIT,b2c1,58,95.353714,99.63403,100.524506,100.44098,96.8246
MIT,b2c1,59,95.174,100.00675,100.351776,100.78061,96.37408
MIT,b2c1,60,95.12038,99.81512,100.365776,100.37042,96.440605
MIT,b2c1,61,95.037834,99.5792,100.4974,100.71518,96.74362
MIT,b2c1,62,94.87424,99.89209,100.36604,100.796165,96.00694
MIT,b2c1,63,94.77313,99.78288,100.45328,100.534096,96.11152
MIT,b2c1,64,94.65373,99.63457,100.43579,100.99931,96.68929
MIT,b2c1,65,94.54457,100.09849,100.38542,100.71825,95.82409
MIT,b2c1,66,94.48308,99.99033,100.37452,100.29839,95.65349
MIT,b2c1,67,94.29149,99.53533,100.453606,100.6817,96.20957
MIT,b2c1,68,94.27052,100.0966,100.41466,100.63952,95.408485
MIT,b2c1,69,94.13767,99.803856,100.23518,100.13332,95.55961
MIT,b2c1,70,93.93113,99.6316,100.48389,100.60612,95.91292
MIT,b2c1,71,93.83258,99.96654,100.38201,100.5141,95.45763
MIT,b2c1,72,93.746086,100.06957,100.52846,100.0406,95.20853
MIT,b2c1,73,93.6089,99.62856,100.47315,100.71253,95.657166
MIT,b2c1,74,93.5308,100.0477,100.42297,100.54585,95.167656
MIT,b2c1,75,93.36895,99.9208,100.38605,100.20355,94.773346
MIT,b2c1,76,93.27121,99.75878,100.38214,100.319336,95.49531
MIT,b2c1,77,93.11334,99.88278,100.29108,100.38496,94.872185
MIT,b2c1,78,92.93798,99.987755,100.48141,100.33029,94.160576
MIT,b2c1,79,92.89648,99.74519,100.42975,100.800964,94.914024
MIT,b2c1,80,92.80778,99.971634,100.47879,100.04848,94.36595
MIT,b2c1,81,92.59127,99.752914,100.35523,100.16573,94.00793
MIT,b2c1,82,92.48221,99.64762,100.46643,100.728935,94.59462
MIT,b2c1,83,92.291084,99.98314,100.351776,100.61664,94.56802
MIT,b2c1,84,92.22703,99.78365,100.35033,100.382706,93.75142
MIT,b2c1,85,92.091576,99.84513,100.50778,100.444984,94.118454
MIT,b2c1,86,92.01798,100.01397,100.414444,100.581116,94.44994
MIT,b2c1,87,91.87931,99.68364,100.31502,99.865524,93.20754
MIT,b2c1,88,91.78334,100.13477,100.53496,100.13402,93.39054
MIT,b2c1,89,91.557076,99.99446,100.29152,100.54971,93.92677
MIT,b2c1,90,91.42818,99.664185,100.40915,100.06774,92.84089
MIT,b2c1,91,91.40912,99.94696,99.9791,100.42822,93.005554
MIT,b2c1,92,91.16611,99.831825,100.26946,100.52739,93.410866
MIT,b2c1,93,91.039474,99.85724,100.429665,100.14562,92.88748
MIT,b2c1,94,90.96977,99.5899,99.973785,99.88023,92.84992
MIT,b2c1,95,90.76994,99.75174,100.41458,100.72932,93.481514
MIT,b2c1,96,90.69724,99.8546,100.375465,100.12705,92.643036
MIT,b2c1,97,90.61307,99.806244,100.33254,100.005936,92.559105
MIT,b2c1,98,90.40084,99.81302,100.318596,100.77899,92.88669
MIT,b2c1,99,90.25384,99.760574,100.408264,100.18934,92.18468
MIT,b2c1,100,90.17334,99.73256,100.14741,99.91893,91.50602
MIT,b2c1,101,89.88769,99.40994,100.40222,99.12659,92.062706
MIT,b2c1,102,89.78451,99.66005,100.0862,99.47747,91.85428
MIT,b2c1,103,89.57756,99.60824,100.41001,99.689,91.27931
MIT,b2c1,104,89.54828,99.332085,100.4868,98.31112,91.16325
MIT,b2c1,105,89.29229,99.51027,100.23775,99.31057,91.6465
MIT,b2c1,106,89.28759,99.606766,100.327896,99.152016,90.93247
MIT,b2c1,107,89.13035,99.69037,100.27252,99.41253,90.89836
MIT,b2c1,108,88.86415,99.4855,100.227905,99.469055,90.7346
MIT,b2c1,109,88.75026,99.877144,100.51017,99.94845,90.80251
MIT,b2c1,110,88.53603,99.18625,100.13779,99.001076,89.76126
MIT,b2c1,111,88.39696,99.33368,100.33599,99.713745,89.893196
MIT,b2c1,112,88.33568,99.76276,100.35231,99.73182,89.98671
MIT,b2c1,113,88.12486,99.1912,100.22999,99.28119,89.30519
MIT,b2c1,114,88.036026,99.09069,100.23652,98.87888,89.79647
MIT,b2c1,115,87.82191,99.35057,100.27107,99.218,89.73797
MIT,b2c1,116,87.67444,99.10896,99.75258,98.33163,88.76132
MIT,b2c1,117,87.46484,99.5955,99.9565,100.32842,88.72544
MIT,b2c1,118,87.211334,99.06666,100.0451,98.94895,89.07177
MIT,b2c1,119,87.17122,99.18513,99.59796,98.07886,88.60366
MIT,b2c1,120,86.962616,99.30042,99.93651,98.37959,88.94415
MIT,b2c1,121,86.76327,98.89144,99.54947,99.04712,88.635376
MIT,b2c1,122,86.61556,99.16561,99.824326,98.66469,88.34959
MIT,b2c1,123,86.42707,98.98406,100.0187,98.08404,87.9078
MIT,b2c1,124,86.2448,98.406845,100.36721,97.06623,88.16338
MIT,b2c1,125,86.04206,98.85011,99.72036,98.44082,87.93545
MIT,b2c1,126,85.89493,98.70274,99.91634,97.137985,87.41546
MIT,b2c1,127,85.71752,98.774704,100.06334,98.11246,87.52427
MIT,b2c1,128,85.50064,98.55338,98.6123,98.26052,87.46316
MIT,b2c1,129,85.36349,98.654564,100.04415,97.765434,87.20193
MIT,b2c1,130,85.22457,98.54789,98.72026,97.211914,87.27526
MIT,b2c1,131,84.987564,98.29147,100.39872,97.4582,87.34088
MIT,b2c1,132,84.779655,98.40309,98.74253,97.589134,86.84297
MIT,b2c1,133,84.573715,97.91739,98.8585,96.31808,86.78662
MIT,b2c1,134,84.36774,98.13776,98.47631,97.18983,86.8206
MIT,b2c1,135,84.1673,97.72648,100.38761,97.5147,86.945854
MIT,b2c1,136,83.96932,97.6148,100.17976,96.37071,85.36336
MIT,b2c1,137,83.78247,97.79215,98.59064,96.60328,85.199486
MIT,b2c1,138,83.587456,97.57417,97.68735,97.03497,85.16324
MIT,b2c1,139,83.3332,96.77236,96.62309,97.13366,85.77217
MIT,b2c1,140,83.137344,96.726654,98.083534,97.23665,84.87702
MIT,b2c1,141,82.928825,95.626884,99.27365,97.05169,84.250916
MIT,b2c1,142,82.796646,95.844315,97.68473,94.32521,84.44746
MIT,b2c1,143,82.5755,95.509926,97.43767,96.14204,84.25707
MIT,b2c1,144,82.408966,94.88477,99.62495,95.61866,83.89862
MIT,b2c1,145,82.228004,93.520935,100.55044,97.45883,84.120605
MIT,b2c1,146,82.06225,90.62072,100.36095,92.854,84.225876
MIT,b2c1,147,81.87418,91.19125,98.74794,98.97238,83.61933
MIT,b2c1,148,81.73815,90.27583,96.115524,98.339806,82.656815
MIT,b2c1,149,81.543755,89.84955,94.02882,98.60166,83.60505
MIT,b2c1,150,81.30717,89.65709,95.4049,98.056496,83.23186
MIT,b2c1,151,81.12649,89.84011,98.15736,98.80964,82.47217
MIT,b2c1,152,80.93592,90.10102,94.4152,98.93372,82.96416
MIT,b2c1,153,80.73523,88.63414,92.74128,97.44177,82.859055
MIT,b2c1,154,80.46204,89.52552,96.55824,98.23798,82.61629
MIT,b2c1,155,80.26281,89.87422,96.20818,98.346725,82.558754
MIT,b2c1,156,80.07452,89.625114,89.70973,98.991905,82.07458
MIT,b2c1,157,79.80629,88.34129,91.99671,96.41257,82.443726
MIT,b2c1,158,79.62156,89.24987,93.89908,98.505745,81.67178
MIT,b2c1,159,79.40582,87.80052,98.77191,97.40128,81.96964
MIT,b2c1,160,79.21383,87.194405,95.26168,96.60205,81.0115
MIT,b2c1,161,78.93974,87.73043,91.44224,98.02961,80.629616
MIT,b2c1,162,78.74942,88.44967,83.87012,98.50217,80.20591
MIT,b2c1,163,78.50445,89.22632,91.10082,98.71397,81.06856
MIT,b2c1,164,78.21475,87.029434,91.600204,96.61215,80.48469
MIT,b2c1,165,78.02919,87.485565,95.10758,96.915054,80.43598
MIT,b2c1,166,77.821075,86.61851,91.17374,95.85398,79.56861
MIT,b2c1,167,77.550674,86.16758,91.311165,95.937195,80.35762
MIT,b2c1,168,77.28455,86.58812,94.03128,96.914955,79.325935
MIT,b2c1,169,77.041176,88.010994,89.79677,97.65728,79.89986
MIT,b2c9,1,99.91159,97.44161,100.59513,96.02233,96.48783
MIT,b2c9,2,100.0,100.07225,100.56266,100.497574,96.95318
MIT,b2c9,3,100.124664,99.2638,100.15655,99.96347,96.87286
MIT,b2c9,4,100.159676,100.09056,100.33991,100.47738,97.14825
MIT,b2c9,5,100.16443,99.84272,100.47169,99.87256,97.08883
MIT,b2c9,6,100.2025,99.08769,100.199234,99.97687,97.17597
MIT,b2c9,7,100.24205,99.25996,100.496216,100.34681,97.44488
MIT,b2c9,8,100.28845,99.525826,100.52096,100.16793,97.185616
MIT,b2c9,9,100.27986,99.21461,100.26529,99.99113,97.23127
MIT,b2c9,10,100.30804,99.306046,100.045494,99.12118,97.328926
MIT,b2c9,11,100.25472,99.25226,100.42807,100.4631,97.721016
MIT,b2c9,12,100.312,99.02382,100.56041,100.50702,97.60301
MIT,b2c9,13,100.23561,100.12838,100.37782,100.02968,98.050446
MIT,b2c9,14,100.35042,99.06816,99.98962,99.57912,97.27052
MIT,b2c9,15,100.280205,99.83331,100.58458,100.57057,98.04478
MIT,b2c9,16,100.32946,98.815834,100.45111,100.37515,97.54979
MIT,b2c9,17,100.25575,99.342094,100.60018,100.66478,97.00252
MIT,b2c9,18,100.25179,99.88299,100.5837,100.572426,97.4651
MIT,b2c9,19,100.31062,99.475044,100.32626,99.868,97.761635
MIT,b2c9,20,100.31433,98.43987,100.51381,98.9157,97.496635
MIT,b2c9,21,100.25139,100.12028,100.39313,100.722046,97.52458
MIT,b2c9,22,100.306305,99.28694,100.437386,100.372955,97.683266
MIT,b2c9,23,100.29439,99.51105,100.50815,100.19511,97.65638
MIT,b2c9,24,100.34897,98.95927,100.48448,100.11073,97.41893
MIT,b2c9,25,100.27475,100.04555,100.57994,100.69351,97.49273
MIT,b2c9,26,100.322845,99.642044,100.490265,100.508095,97.52243
MIT,b2c9,27,100.363266,98.53554,100.41401,99.76941,97.28327
MIT,b2c9,28,100.29843,99.90369,100.46293,99.928406,97.35992
MIT,b2c9,29,100.26335,100.12147,100.556465,100.808365,98.12285
MIT,b2c9,30,100.31271,99.2862,100.47156,96.69739,97.453766
MIT,b2c9,31,100.30679,99.57019,100.56982,98.18589,97.39705
MIT,b2c9,32,100.23296,100.12215,100.43268,100.71747,97.778984
MIT,b2c9,33,100.32055,99.406555,100.47903,99.96048,97.423195
MIT,b2c9,34,100.268036,100.117836,100.52094,100.92046,97.79433
MIT,b2c9,35,100.33618,99.311646,100.565704,100.46252,97.38695
MIT,b2c9,36,100.29124,99.9017,100.58158,100.56912,97.530205
MIT,b2c9,37,100.32582,98.74779,100.19387,100.63859,97.35351
MIT,b2c9,38,100.28394,99.45713,100.53006,97.28535,97.689476
MIT,b2c9,39,100.28005,99.589745,100.42237,100.44717,98.13206
MIT,b2c9,40,100.32235,99.19731,100.09359,99.53758,97.549736
MIT,b2c9,41,100.28507,99.46731,100.36668,100.77517,97.597084
MIT,b2c9,42,100.2435,99.41203,99.884026,99.23256,96.87002
MIT,b2c9,43,100.331375,99.852104,100.40862,100.24844,97.690475
MIT,b2c9,44,100.292496,99.17452,99.577515,98.70036,97.53002
MIT,b2c9,45,100.28192,100.08405,100.56188,100.593,97.67503
MIT,b2c9,46,100.32513,99.49081,100.606415,100.44861,97.47542
MIT,b2c9,47,100.22704,99.61699,100.4999,100.51824,98.18467
MIT,b2c9,48,100.26976,99.76581,100.55469,100.447754,97.47436
MIT,b2c9,49,100.28498,99.47074,100.54326,100.499565,97.42508
MIT,b2c9,50,100.33885,99.22321,100.22049,100.02596,97.12897
MIT,b2c9,51,100.24938,99.42747,100.59585,100.43601,97.512825
MIT,b2c9,52,100.25481,99.60582,100.50933,100.61378,97.58813
MIT,b2c9,53,100.23913,98.997635,100.50777,100.31111,97.566574
MIT,b2c9,54,100.22348,99.376816,100.35473,100.42707,97.25119
MIT,b2c9,55,100.249565,99.56135,100.37618,100.38572,97.386
MIT,b2c9,56,100.299614,98.4977,100.440506,99.21058,97.30222
MIT,b2c9,57,100.218056,100.15949,100.508545,100.850655,98.02591
MIT,b2c9,58,100.19937,99.36964,99.51719,99.96162,97.38728
MIT,b2c9,59,100.173,100.13251,99.70695,100.199936,97.73161
MIT,b2c9,60,100.30894,98.302704,100.34377,99.57411,97.22839
MIT,b2c9,61,100.246025,98.854126,100.36308,99.31184,97.542694
MIT,b2c9,62,100.250534,99.66426,100.34999,100.26219,97.55496
MIT,b2c9,63,100.26251,99.39595,100.379196,99.18892,97.51179
MIT,b2c9,64,100.33535,97.25331,100.55675,100.78054,97.16384
MIT,b2c9,65,100.231255,99.484566,100.21519,100.061134,97.4191
MIT,b2c9,66,100.27031,98.344635,100.37086,100.18743,97.27966
MIT,b2c9,67,100.24272,99.86548,100.43421,100.35559,97.82825
MIT,b2c9,68,100.25328,99.62961,100.5981,100.26663,97.434616
MIT,b2c9,69,100.18492,99.305176,100.61205,100.73935,96.740425
MIT,b2c9,70,100.192116,99.80353,100.53689,100.22563,97.90818
MIT,b2c9,71,100.24009,100.119865,100.584335,100.7947,97.19898
MIT,b2c9,72,100.18003,99.477394,100.59587,100.51757,97.5774
MIT,b2c9,73,100.250206,99.693565,100.23504,100.05207,97.21097
MIT,b2c9,74,100.18363,100.12775,100.15654,100.180016,97.67622
MIT,b2c9,75,100.18682,100.06713,100.520805,100.7416,97.48722
MIT,b2c9,76,100.248405,98.98474,100.616714,100.323555,97.31223
MIT,b2c9,77,100.17594,100.14067,100.36837,100.671684,98.158775
MIT,b2c9,78,100.16367,100.07768,100.60646,100.72809,97.59109
MIT,b2c9,79,100.2119,99.4267,100.02797,99.91812,97.44504
MIT,b2c9,80,100.23374,100.13121,100.52296,100.84844,97.98819
MIT,b2c9,81,100.12583,100.120224,100.36515,100.76276,97.65758
MIT,b2c9,82,100.14141,99.41674,100.2051,100.00141,97.47971
MIT,b2c9,83,100.19074,99.554855,100.32223,100.104515,97.38023
MIT,b2c9,84,100.19823,99.59938,100.34591,100.61505,97.579025
MIT,b2c9,85,100.14839,99.804825,100.58696,100.60592,97.371704
MIT,b2c9,86,100.11623,99.725334,100.54422,100.63306,97.6524
MIT,b2c9,87,100.12639,98.412895,100.23696,99.7738,97.27492
MIT,b2c9,88,100.13623,99.781235,100.57928,99.88471,97.53724
MIT,b2c9,89,100.21269,99.78452,100.577286,100.64955,97.391396
MIT,b2c9,90,100.13744,99.98637,100.58173,100.60675,97.41396
MIT,b2c9,91,100.15672,99.5403,100.340096,100.21935,97.6715
MIT,b2c9,92,100.172226,99.40392,100.175674,100.30951,97.388176
MIT,b2c9,93,100.1776,99.79978,100.48188,100.48637,97.32029
MIT,b2c9,94,100.22133,99.265366,100.43332,99.75905,97.07197
MIT,b2c9,95,100.17918,99.95922,100.54762,100.60596,97.54633
MIT,b2c9,96,100.16663,98.687614,100.61618,100.41092,97.33218
MIT,b2c9,97,100.19971,99.00499,100.59658,100.513855,96.94601
MIT,b2c9,98,100.149826,99.7884,100.60828,100.5716,97.33261
MIT,b2c9,99,100.209,99.19194,100.53609,100.17614,97.23308
MIT,b2c9,100,100.131096,100.10856,100.52683,100.73835,97.288124
MIT,b2c9,101,100.10811,99.18226,100.29317,100.006676,97.35794
MIT,b2c9,102,100.182434,99.513245,100.341286,100.313484,97.37156
MIT,b2c9,103,100.15673,99.496185,100.273575,99.83129,97.26338
MIT,b2c9,104,100.10163,99.4234,100.43632,99.65741,97.6297
MIT,b2c9,105,100.10318,99.53677,100.23887,100.290764,97.23513
MIT,b2c9,106,100.14897,99.587204,100.13524,100.09931,97.27459
MIT,b2c9,107,100.07122,100.127754,100.40383,100.48081,97.367355
MIT,b2c9,108,100.15623,99.39233,100.4829,100.52471,97.50686
MIT,b2c9,109,100.15464,98.68067,100.582565,96.32654,97.20623
MIT,b2c9,110,100.12674,99.50547,100.06284,99.75765,97.46288
MIT,b2c9,111,100.058624,100.128525,100.51865,100.78974,97.625305
MIT,b2c9,112,100.08699,99.37625,100.576706,100.546585,97.33646
MIT,b2c9,113,100.06074,100.095345,100.54417,100.64018,97.42145
MIT,b2c9,114,100.153984,96.70953,100.5665,96.39596,96.872765
MIT,b2c9,115,100.08087,99.5956,100.55708,97.38907,97.32062
MIT,b2c9,116,100.089874,99.83554,100.57941,100.6622,97.45475
MIT,b2c9,117,100.09641,99.338394,100.47606,99.57616,97.121666
MIT,b2c9,118,100.10304,99.68039,100.43076,100.580025,97.25876
MIT,b2c9,119,100.12357,99.58292,100.26166,100.01329,97.05352
MIT,b2c9,120,100.12371,96.96791,100.11597,98.835175,97.00985
MIT,b2c9,121,100.07748,100.12181,100.38912,100.84499,97.52586
MIT,b2c9,122,100.13644,98.57178,100.41896,98.68227,97.22458
MIT,b2c9,123,100.04018,100.11767,100.6327,100.77563,97.72078
MIT,b2c9,124,100.120766,97.41152,100.49145,99.537704,96.86334
MIT,b2c9,125,100.0246,99.98543,100.59464,100.73238,97.386986
MIT,b2c9,126,100.1164,98.223755,100.44252,96.000046,96.88196
MIT,b2c9,127,100.06473,99.20587,100.33585,100.70686,97.29178
MIT,b2c9,128,100.01963,99.92155,100.53197,100.292786,97.29824
MIT,b2c9,129,100.04673,99.51511,100.24116,100.05578,97.40653
MIT,b2c9,130,100.07362,99.70416,100.509094,100.50029,97.18713
MIT,b2c9,131,100.06359,99.99606,100.592064,100.68108,97.36957
MIT,b2c9,132,100.06675,99.22896,100.58496,99.19881,96.9242
MIT,b2c9,133,100.04147,99.826675,100.58879,100.72915,97.328156
MIT,b2c9,134,100.0004,100.12396,100.315956,99.834045,97.36869
MIT,b2c9,135,100.04013,99.66482,100.32539,100.33544,97.22978
MIT,b2c9,136,100.0524,99.690865,100.40876,100.05712,97.282936
MIT,b2c9,137,100.09742,95.34205,100.10147,99.604965,96.97664
MIT,b2c9,138,99.98888,100.050156,100.52857,100.65547,97.34555
MIT,b2c9,139,100.033844,99.54411,100.365685,100.39729,97.17344
MIT,b2c9,140,99.95903,99.44326,99.96588,99.49863,97.12321
MIT,b2c9,141,99.984795,100.11031,100.44829,100.62938,97.325356
MIT,b2c9,142,99.9758,99.574,100.60078,100.64613,97.29134
MIT,b2c9,143,99.95121,100.098114,100.54614,100.79643,97.44246
MIT,b2c9,144,100.06748,95.92845,100.53838,97.294075,96.67194
MIT,b2c9,145,100.0315,99.39859,100.607216,100.47781,96.97512
MIT,b2c9,146,99.96635,100.126015,100.5623,100.62058,97.2662
MIT,b2c9,147,100.04577,99.304436,99.710976,99.00618,96.86084
MIT,b2c9,148,99.95434,99.5333,100.320045,100.47447,97.38042
MIT,b2c9,149,99.99084,99.40948,99.87306,99.52649,96.94456
MIT,b2c9,150,99.993126,99.4175,100.468605,100.70562,96.7575
MIT,b2c9,151,99.964905,99.38997,100.42258,100.172104,97.468254
MIT,b2c9,152,99.967316,99.44945,100.06433,99.55877,97.07453
MIT,b2c9,153,99.965324,100.14093,100.54696,100.73945,97.14837
MIT,b2c9,154,99.91678,99.97458,100.39249,99.21647,97.27353
MIT,b2c9,155,99.94505,99.22938,100.395645,100.41413,97.243286
MIT,b2c9,156,99.97442,99.55051,100.52373,99.70747,96.939445
MIT,b2c9,157,99.929054,99.42515,100.09729,99.54689,97.07666
MIT,b2c9,158,99.95222,99.9056,100.569496,100.58245,97.06551
MIT,b2c9,159,99.94817,99.444595,100.31831,100.09035,97.029785
MIT,b2c9,160,99.9298,99.596085,100.60656,100.706604,97.168915
MIT,b2c9,161,99.91819,100.05109,100.55168,100.28447,97.082115
MIT,b2c9,162,99.90452,99.50506,100.30847,100.259674,97.245964
MIT,b2c9,163,99.96436,98.870895,100.53414,100.11305,96.98599
MIT,b2c9,164,99.86678,100.0364,100.27996,100.51976,96.89083
MIT,b2c9,165,99.92789,99.627304,100.35303,100.110504,97.0473
MIT,b2c9,166,99.883,100.124016,100.317635,100.38889,97.349625
MIT,b2c9,167,99.95216,99.44866,99.715965,99.08016,96.77786
MIT,b2c9,168,99.86341,99.506615,100.321144,100.543884,97.06076
MIT,b2c9,169,99.87456,99.5754,100.57998,100.451126,97.099335
MIT,b2c9,170,99.847435,99.46611,100.284935,100.19778,97.08732
MIT,b2c9,171,99.81202,99.27476,100.440575,100.012825,97.31071
MIT,b2c9,172,99.90922,99.61804,100.30298,100.044235,96.92861
MIT,b2c9,173,99.79674,100.14565,100.30049,100.399155,97.54175
MIT,b2c9,174,99.91327,99.52652,100.27183,100.05841,96.92473
MIT,b2c9,175,99.861,99.33337,100.527954,100.330055,96.99506
MIT,b2c9,176,99.84488,99.594345,100.30998,100.03131,97.19574
MIT,b2c9,177,99.79588,100.14224,100.303345,100.22698,97.346954
MIT,b2c9,178,99.844696,99.490486,100.35187,100.33261,97.19023
MIT,b2c9,179,99.803314,99.72728,100.54451,100.46933,97.071625
MIT,b2c9,180,99.890945,99.38963,99.97799,99.65218,96.98176
MIT,b2c9,181,99.81817,99.54814,100.35322,100.47355,97.431244
MIT,b2c9,182,99.81674,99.48659,100.201935,100.014725,97.15617
MIT,b2c9,183,99.84581,99.933075,100.58849,100.72129,96.856064
MIT,b2c9,184,99.82105,99.439445,100.373695,99.50917,97.13333
MIT,b2c9,185,99.763245,99.27332,100.56743,99.40904,97.14476
MIT,b2c9,186,99.80764,99.56743,100.28736,100.27424,96.89153
MIT,b2c9,187,99.85673,99.03908,100.56954,100.31984,96.926994
MIT,b2c9,188,99.787056,99.25214,100.209526,100.36689,96.89797
MIT,b2c9,189,99.82532,99.94985,100.62155,100.72688,96.92467
MIT,b2c9,190,99.81624,98.55975,100.50398,95.53917,96.75456
MIT,b2c9,191,99.79335,99.10488,100.50543,100.01407,97.401535
MIT,b2c9,192,99.77288,99.05623,100.584145,100.24713,96.82086
MIT,b2c9,193,99.76636,100.01906,100.61322,100.79218,97.16566
MIT,b2c9,194,99.77703,98.737915,100.59982,100.40625,96.69091
MIT,b2c9,195,99.72056,99.418495,100.43913,100.578255,96.84041
MIT,b2c9,196,99.7247,99.4397,100.2742,100.07948,97.11033
MIT,b2c9,197,99.695724,100.12419,99.67715,99.90932,97.28941
MIT,b2c9,198,99.7407,99.12715,100.41501,98.95927,96.76942
MIT,b2c9,199,99.66062,99.70765,100.59323,100.61716,96.644035
MIT,b2c9,200,99.77335,98.80347,100.49633,100.44829,96.76407
MIT,b2c9,201,99.65175,100.1161,100.451096,100.796326,97.12682
MIT,b2c9,202,99.70511,99.980225,100.58932,100.65451,97.159904
MIT,b2c9,203,99.75035,99.370895,100.34364,100.15272,97.05508
MIT,b2c9,204,99.794365,99.455376,100.01024,99.70534,96.83388
MIT,b2c9,205,99.6993,99.330444,100.30017,100.310486,97.26211
MIT,b2c9,206,99.76525,99.59892,100.616356,100.63885,96.79366
MIT,b2c9,207,99.72976,98.9494,100.60219,100.60808,96.92931
MIT,b2c9,208,99.72088,99.24787,100.41572,100.30437,96.9182
MIT,b2c9,209,99.74128,99.47187,100.27141,100.186966,96.86287
MIT,b2c9,210,99.69625,99.47331,100.360855,100.1997,97.130455
MIT,b2c9,211,99.754585,95.632774,100.60077,97.57022,96.800705
MIT,b2c9,212,99.68093,99.806496,100.55106,100.45139,96.83261
MIT,b2c9,213,99.69044,99.58875,100.5701,100.657036,97.017006
MIT,b2c9,214,99.61637,99.519554,100.497826,100.01077,97.1745
MIT,b2c9,215,99.648026,99.76262,100.603516,100.637375,97.09226
MIT,b2c9,216,99.67237,99.23967,100.26942,99.85401,96.819756
MIT,b2c9,217,99.71052,99.64129,100.37207,100.2313,96.797485
MIT,b2c9,218,99.6556,99.39734,100.37,100.21539,97.133
MIT,b2c9,219,99.68903,99.3913,100.60177,100.58153,96.80665
MIT,b2c9,220,99.66427,99.22456,100.598045,100.613205,96.89996
MIT,b2c9,221,99.682915,98.25911,100.362076,100.70361,97.17834
MIT,b2c9,222,99.701035,99.51436,100.543915,100.19916,96.44731
MIT,b2c9,223,99.63868,100.00226,100.60113,100.81349,96.856766
MIT,b2c9,224,99.6804,99.041306,99.59181,99.12029,96.5229
MIT,b2c9,225,99.59605,100.00464,100.57442,100.618645,97.02617
MIT,b2c9,226,99.63918,99.421875,100.32951,100.24843,96.860565
MIT,b2c9,227,99.64818,99.415565,100.15675,100.01528,96.83414
MIT,b2c9,228,99.590324,99.38923,100.351456,100.42445,97.3268
MIT,b2c9,229,99.62056,99.36633,100.581474,99.63988,96.707535
MIT,b2c9,230,99.60046,100.114075,100.529564,100.791794,97.28145
MIT,b2c9,231,99.636734,97.85983,100.5349,99.86587,96.56741
MIT,b2c9,232,99.62504,99.443565,100.32378,100.40767,96.74617
MIT,b2c9,233,99.61081,99.23864,99.83047,99.46019,96.810265
MIT,b2c9,234,99.61603,99.61315,100.595245,100.713905,97.07116
MIT,b2c9,235,99.61273,98.21869,100.635895,98.768585,96.62048
MIT,b2c9,236,99.531654,100.061,100.47661,100.6044,96.9312
MIT,b2c9,237,99.64084,98.973434,99.29868,98.60088,96.47075
MIT,b2c9,238,99.54906,99.52237,100.317184,100.458595,97.04563
MIT,b2c9,239,99.575485,99.468254,100.14958,100.0246,96.63261
MIT,b2c9,240,99.583786,99.1571,100.585175,100.50111,96.76567
MIT,b2c9,241,99.5848,99.03562,100.23724,100.0136,96.74447
MIT,b2c9,242,99.57303,99.49576,100.14512,100.26275,96.6637
MIT,b2c9,243,99.62368,99.015236,100.52536,100.63724,96.62099
MIT,b2c9,244,99.49903,100.131905,100.31485,100.141884,96.98307
MIT,b2c9,245,99.568924,99.186455,100.60904,100.03008,96.46942
MIT,b2c9,246,99.55656,99.39609,100.3324,100.25607,96.71412
MIT,b2c9,247,99.622765,99.45494,100.12178,99.91745,96.51421
MIT,b2c9,248,99.531654,99.93888,100.539246,97.00673,96.92083
MIT,b2c9,249,99.55336,99.11117,100.41739,100.157524,96.57123
MIT,b2c9,250,99.57459,99.46849,100.142426,99.736725,96.48588
MIT,b2c9,251,99.458244,99.76576,100.430466,100.320854,96.79217
MIT,b2c9,252,99.471436,99.260376,100.20399,100.32756,96.69034
MIT,b2c9,253,99.46892,99.80122,100.58455,100.66932,96.88446
MIT,b2c9,254,99.51985,99.113014,100.00214,99.13494,96.515
MIT,b2c9,255,99.44885,100.11336,100.3105,100.75339,96.97982
MIT,b2c9,256,99.47741,99.25696,99.97642,99.3792,96.5323
MIT,b2c9,257,99.44394,100.141884,100.35049,100.725,97.09749
MIT,b2c9,258,99.5481,99.12246,100.293945,99.556175,96.11352
MIT,b2c9,259,99.50485,99.059135,100.275696,100.45155,96.65526
MIT,b2c9,260,99.47523,99.20182,100.15931,99.78714,96.63564
MIT,b2c9,261,99.48583,99.43437,100.240005,99.99919,96.59765
MIT,b2c9,262,99.46882,99.31075,100.29772,100.36741,96.862206
MIT,b2c9,263,99.46119,98.57191,100.60037,100.43957,96.54359
MIT,b2c9,264,99.51196,99.61937,100.16937,99.972336,96.437294
MIT,b2c9,265,99.41278,100.13605,100.54645,100.81538,96.87215
MIT,b2c9,266,99.48832,99.34437,100.05914,99.81347,96.31554
MIT,b2c9,267,99.45506,99.353,100.08766,99.574615,96.28477
MIT,b2c9,268,99.42444,99.736565,100.50362,100.15618,96.70835
MIT,b2c9,269,99.430405,99.49259,100.59071,100.508835,96.3984
MIT,b2c9,270,99.45109,99.65057,100.397316,100.22649,96.58951
MIT,b2c9,271,99.50001,98.43743,99.89102,97.44879,96.22182
MIT,b2c9,272,99.44717,98.945366,96.667854,100.67033,96.56046
MIT,b2c9,273,99.432274,99.13679,100.60681,100.0572,96.58025
MIT,b2c9,274,99.36329,100.10405,100.41524,100.78065,96.71094
MIT,b2c9,275,99.48004,97.28407,100.61216,99.85393,96.325745
MIT,b2c9,276,99.403496,99.16428,100.58347,99.75173,96.34906
MIT,b2c9,277,99.407326,99.507286,100.271164,100.16515,96.69674
MIT,b2c9,278,99.337524,100.12445,100.40159,100.50274,96.48026
MIT,b2c9,279,99.3359,99.612236,100.60405,100.39211,96.618515
MIT,b2c9,280,99.3788,98.64189,100.57607,99.394646,96.83992
MIT,b2c9,281,99.39513,99.489456,100.30514,99.96395,96.500084
MIT,b2c9,282,99.29839,100.106415,100.4898,100.67208,96.74212
MIT,b2c9,283,99.3328,98.97542,100.596344,100.46843,96.46924
MIT,b2c9,284,99.32454,99.6117,100.60191,100.640144,96.479095
MIT,b2c9,285,99.350716,98.82268,100.54869,99.08532,96.66944
MIT,b2c9,286,99.31424,99.771126,100.60918,100.65113,96.59983
MIT,b2c9,287,99.31586,99.338425,100.35938,100.238,96.56455
MIT,b2c9,288,99.38493,94.79028,100.37058,96.09929,96.39618
MIT,b2c9,289,99.3142,99.334076,100.22548,100.32667,96.45801
MIT,b2c9,290,99.32193,99.40078,100.195114,100.03231,96.37541
MIT,b2c9,291,99.31961,99.550766,100.36245,100.000175,96.544586
MIT,b2c9,292,99.33173,97.42096,100.47394,98.957146,96.70782
MIT,b2c9,293,99.29102,99.57101,100.436676,100.49875,96.51954
MIT,b2c9,294,99.413994,95.56057,100.28337,97.19608,96.19108
MIT,b2c9,295,99.32719,100.05758,100.3447,100.831024,96.58973
MIT,b2c9,296,99.26209,99.649994,100.569534,100.41257,96.22922
MIT,b2c9,297,99.3368,99.228035,100.59284,100.587036,96.2951
MIT,b2c9,298,99.249695,100.111626,100.34926,100.284676,96.42255
MIT,b2c9,299,99.31477,97.75798,100.40563,96.06787,96.469376
MIT,b2c9,300,99.28516,99.44209,100.34441,100.24381,96.2514
MIT,b2c9,301,99.27893,99.228264,100.42247,99.982735,96.3519
MIT,b2c9,302,99.30785,99.35924,100.21378,100.062775,96.31399
MIT,b2c9,303,99.22833,99.292145,100.28006,100.5547,96.569466
MIT,b2c9,304,99.29839,99.4058,100.13497,100.089424,96.31093
MIT,b2c9,305,99.210266,99.55515,100.452896,100.30116,95.87872
MIT,b2c9,306,99.229706,99.28676,100.49977,100.197624,96.535164
MIT,b2c9,307,99.25205,99.21413,100.056335,99.6203,96.29915
MIT,b2c9,308,99.22509,100.0369,100.597466,100.77918,96.343445
MIT,b2c9,309,99.19093,99.3598,100.39908,100.50003,96.68129
MIT,b2c9,310,88.93338,96.38449,96.51862,100.19284,89.19515
MIT,b2c9,311,98.90506,98.482025,100.50308,100.0235,95.5078
MIT,b2c9,312,99.06822,99.28532,100.61686,99.65139,95.77054
MIT,b2c9,313,99.04983,98.35207,100.45495,100.6423,96.30638
MIT,b2c9,314,99.04923,98.94523,100.42749,100.41712,96.14853
MIT,b2c9,315,99.0828,98.600975,99.929794,98.12861,96.01794
MIT,b2c9,316,99.0215,98.968185,100.366936,100.76195,96.59116
MIT,b2c9,317,99.11442,99.18459,100.206535,99.92518,95.89959
MIT,b2c9,318,99.033844,99.92648,99.75856,100.17083,96.61349
MIT,b2c9,319,99.11381,98.0182,100.59645,98.78701,96.30394
MIT,b2c9,320,99.04473,99.384995,100.53766,100.29969,96.61597
MIT,b2c9,321,99.082924,99.13652,100.601074,100.51602,96.300644
MIT,b2c9,322,99.073135,99.25141,100.430725,100.36956,96.44741
MIT,b2c9,323,99.038765,99.141945,100.35583,100.74205,96.5892
MIT,b2c9,324,99.06162,99.05943,99.93463,98.94753,96.243614
MIT,b2c9,325,99.05505,99.51569,100.42073,100.39828,96.24292
MIT,b2c9,326,99.090614,99.388725,100.44384,100.17239,95.93558
MIT,b2c9,327,99.06785,98.86295,100.584595,97.36655,96.018074
MIT,b2c9,328,99.08497,99.859825,100.62231,100.73181,95.93109
MIT,b2c9,329,99.06209,99.03301,100.31414,99.59789,96.017
MIT,b2c9,330,99.00952,99.21493,100.383095,100.70882,96.43103
MIT,b2c9,331,99.02758,97.68019,100.58888,95.83293,96.4483
MIT,b2c9,332,99.03458,99.55645,100.58141,100.705635,96.2564
MIT,b2c9,333,99.03218,98.73527,100.56329,100.15077,96.35449
MIT,b2c9,334,98.99369,99.70632,100.58596,100.663864,96.389366
MIT,b2c9,335,99.04193,97.79111,100.51534,94.817,96.18162
MIT,b2c9,336,99.02182,99.53248,100.57202,100.857475,96.50372
MIT,b2c9,337,98.98264,99.21692,100.586136,100.506386,96.14635
MIT,b2c9,338,99.036736,99.30784,100.563774,100.71481,96.02742
MIT,b2c9,339,99.014854,96.07139,100.38973,100.8373,96.137245
MIT,b2c9,340,98.9618,99.69543,100.56885,100.5041,96.26844
MIT,b2c9,341,98.98239,98.86719,100.596664,100.49099,96.170456
MIT,b2c9,342,98.94824,99.62251,100.51611,100.65916,95.90929
MIT,b2c9,343,99.03354,99.119064,100.23971,98.93179,96.200005
MIT,b2c9,344,98.94248,99.140465,100.399864,100.324295,96.19146
MIT,b2c9,345,99.00008,98.78833,99.48656,97.78025,95.9115
MIT,b2c9,346,98.943344,99.52336,100.539734,100.629135,95.92514
MIT,b2c9,347,98.97557,99.38418,100.24968,100.16355,95.77369
MIT,b2c9,348,98.95017,99.15822,100.601814,100.55489,95.9585
MIT,b2c9,349,98.9428,98.35332,100.55674,100.1606,95.944305
MIT,b2c9,350,98.91601,99.11958,100.42631,100.666435,96.488045
MIT,b2c9,351,98.978745,97.849754,100.54504,99.68639,95.93881
MIT,b2c9,352,98.86638,100.1222,100.50871,100.825676,95.41537
MIT,b2c9,353,98.96395,99.255875,100.242615,99.39849,95.58365
MIT,b2c9,354,98.8473,99.60277,100.60922,100.78867,95.777985
MIT,b2c9,355,98.90712,98.98691,99.76056,98.171936,95.862564
MIT,b2c9,356,98.87365,98.75271,100.4351,100.867714,96.47959
MIT,b2c9,357,98.91236,99.25768,100.23593,99.773186,96.08743
MIT,b2c9,358,98.79695,99.33021,100.58458,100.45372,96.362144
MIT,b2c9,359,98.843575,99.200905,100.08387,99.43258,96.10241
MIT,b2c9,360,98.801765,98.01966,100.51707,96.680244,96.33874
MIT,b2c9,361,98.825966,99.19201,100.250015,99.86891,95.99435
MIT,b2c9,362,98.82712,99.39156,100.316956,99.93803,95.867
MIT,b2c9,363,98.75706,99.5305,100.38959,99.72092,95.834274
MIT,b2c9,364,98.811424,99.63648,100.57055,100.5988,95.99656
MIT,b2c9,365,98.82324,98.52547,100.57931,100.12425,95.976654
MIT,b2c9,366,98.84735,99.282326,99.97427,98.72377,95.906166
MIT,b2c9,367,98.76575,98.88433,100.369865,100.16224,95.823494
MIT,b2c9,368,98.80367,99.2433,100.13271,99.25556,95.95145
MIT,b2c9,369,98.74888,99.60632,100.496796,100.341606,95.52922
MIT,b2c9,370,98.84369,97.028404,100.54043,99.53777,95.89105
MIT,b2c9,371,98.696396,99.091,100.269646,100.1962,95.43855
MIT,b2c9,372,98.82633,98.17779,100.512115,100.12023,95.74686
MIT,b2c9,373,98.76429,99.50183,100.37826,100.33813,95.544876
MIT,b2c9,374,98.77379,98.99133,100.57438,100.36351,95.90114
MIT,b2c9,375,98.746124,99.398506,100.38696,99.99038,95.4262
MIT,b2c9,376,98.75854,98.91627,99.66762,97.50723,95.65537
MIT,b2c9,377,98.71642,99.17633,100.48957,100.5695,96.210144
MIT,b2c9,378,98.71824,98.754715,99.85598,98.36381,96.01056
MIT,b2c9,379,98.63491,99.1786,100.40464,100.53052,95.57526
MIT,b2c9,380,98.763855,98.92352,100.278595,97.99875,95.78331
MIT,b2c9,381,98.671005,99.10065,100.266075,100.16701,95.68585
MIT,b2c9,382,98.736855,99.1917,99.94895,99.34483,95.77452
MIT,b2c9,383,98.69555,99.456055,100.39695,100.19043,95.48055
MIT,b2c9,384,98.69747,97.65326,100.6027,96.2671,95.88033
MIT,b2c9,385,98.616974,99.59697,100.42789,100.61751,95.95947
MIT,b2c9,386,98.70904,98.9957,99.786026,98.98124,95.673256
MIT,b2c9,387,98.660484,100.11031,100.53536,100.6915,95.690125
MIT,b2c9,388,98.66258,99.12399,100.04229,98.93012,95.61661
MIT,b2c9,389,98.66103,100.09921,100.52923,100.825165,95.58566
MIT,b2c9,390,98.59226,98.94038,100.460396,99.7192,95.84759
MIT,b2c9,391,98.60993,98.961845,100.417595,100.5965,96.02911
MIT,b2c9,392,98.59077,98.43071,100.57511,99.60862,95.85056
MIT,b2c9,393,98.672905,99.30886,99.80693,99.15555,95.757675
MIT,b2c9,394,98.60608,100.11346,100.54599,100.76103,95.608986
MIT,b2c9,395,98.65229,99.3162,100.5885,100.5062,95.4972
MIT,b2c9,396,98.56429,99.60019,100.38106,100.45675,95.43192
MIT,b2c9,397,98.61364,98.82273,99.37438,96.89724,95.40255
MIT,b2c9,398,98.62249,98.68271,100.567894,95.35762,95.6324
MIT,b2c9,399,98.625656,99.438866,100.361725,99.86433,95.54748
MIT,b2c9,400,98.52449,99.32244,100.45893,100.02942,95.948906
MIT,b2c9,401,98.6001,97.01345,100.57816,98.25541,95.86875
MIT,b2c9,402,98.5407,99.19256,100.5372,100.685844,95.627556
MIT,b2c9,403,98.59378,95.73756,100.560684,95.382286,95.68474
MIT,b2c9,404,98.60432,99.01825,100.38407,100.73858,96.03867
MIT,b2c9,405,98.573906,99.37764,100.28191,100.21491,95.37374
MIT,b2c9,406,98.528,99.31235,100.47088,100.53958,95.99895
MIT,b2c9,407,98.56961,96.172646,100.00312,99.0011,95.40469
MIT,b2c9,408,98.50063,99.47165,100.44623,100.61627,96.02796
MIT,b2c9,409,98.526886,99.02328,100.08544,98.66927,95.435524
MIT,b2c9,410,98.53235,99.566956,100.45756,100.28996,95.4303
MIT,b2c9,411,98.54922,99.240875,100.236496,98.64909,95.24137
MIT,b2c9,412,98.522964,98.14634,100.5234,94.83884,95.75138
MIT,b2c9,413,98.52008,99.39503,100.31258,99.35706,95.33146
MIT,b2c9,414,98.426506,100.11109,100.24454,100.49573,95.952415
MIT,b2c9,415,98.457306,98.68459,100.602264,100.42224,95.5174
MIT,b2c9,416,98.39865,99.708046,100.527725,100.609474,95.859856
MIT,b2c9,417,98.45585,99.04105,100.09928,99.33126,95.72426
MIT,b2c9,418,98.36046,99.982056,100.513245,100.69293,95.35223
MIT,b2c9,419,98.4326,99.10664,100.31749,100.51325,95.637375
MIT,b2c9,420,98.41677,99.17417,100.4465,99.642815,95.9485
MIT,b2c9,421,98.472145,98.2017,100.496925,96.20454,95.76842
MIT,b2c9,422,98.41377,99.12971,100.59314,100.45282,95.7562
MIT,b2c9,423,98.43369,97.77232,100.50842,100.04077,95.40179
MIT,b2c9,424,98.391624,99.804016,100.56639,100.76271,94.917564
MIT,b2c9,425,98.40181,98.657974,100.37138,98.47201,95.9361
MIT,b2c9,426,98.364624,100.10894,100.26279,100.46665,95.84967
MIT,b2c9,427,98.435715,97.62471,100.251526,99.79018,95.21783
MIT,b2c9,428,98.346855,99.19253,100.16278,98.74689,94.74864
MIT,b2c9,429,98.391075,99.11507,100.551796,100.45919,95.14512
MIT,b2c9,430,98.33115,99.65472,100.56556,100.74402,95.326225
MIT,b2c9,431,98.39468,97.2798,100.33359,95.389175,95.76321
MIT,b2c9,432,98.32362,99.09245,100.41193,100.62765,95.93851
MIT,b2c9,433,98.39854,99.29813,100.291115,99.34422,95.20559
MIT,b2c9,434,98.304596,99.81538,100.59888,100.79137,94.72608
MIT,b2c9,435,98.34454,98.81638,100.55154,97.28584,95.76478
MIT,b2c9,436,98.23411,99.57091,100.601654,100.63328,95.162445
MIT,b2c9,437,98.33204,98.018875,100.564896,96.395966,95.906105
MIT,b2c9,438,98.30319,99.50758,100.51173,100.286125,95.49284
MIT,b2c9,439,98.341255,93.7095,100.56386,98.127426,95.55134
MIT,b2c9,440,98.292915,99.70745,100.542336,100.84543,95.807144
MIT,b2c9,441,98.35541,99.02849,99.66137,98.31843,95.16635
MIT,b2c9,442,98.282166,98.34653,100.54654,97.40728,95.9388
MIT,b2c9,443,98.26404,98.941956,100.32561,98.43216,95.739586
MIT,b2c9,444,98.24029,99.72896,100.54553,100.73356,95.21112
MIT,b2c9,445,98.27787,95.91222,100.530495,96.85133,95.20053
MIT,b2c9,446,98.21061,100.08859,100.46341,100.76727,95.5578
MIT,b2c9,447,98.30104,98.80331,99.43218,98.657455,95.1569
MIT,b2c9,448,98.184875,100.11195,100.575455,100.85652,95.51838
MIT,b2c9,449,98.19399,98.57695,100.57858,96.82681,95.68396
MIT,b2c9,450,98.244026,98.99433,100.60364,100.543076,95.37988
MIT,b2c9,451,98.17667,99.144775,100.4848,100.23997,95.14558
MIT,b2c9,452,98.191376,99.12923,100.471405,100.32599,95.51147
MIT,b2c9,453,98.24228,97.65102,100.52179,100.15021,95.00826
MIT,b2c9,454,98.18066,100.10905,100.53876,100.863716,95.1951
MIT,b2c9,455,98.1013,100.05773,100.32569,100.051735,95.36407
MIT,b2c9,456,98.17479,99.20097,100.25002,99.32785,95.23339
MIT,b2c9,457,98.158264,98.81354,100.57052,100.504105,95.25233
MIT,b2c9,458,98.1933,96.73358,100.23276,100.304634,95.10654
MIT,b2c9,459,98.166916,98.979355,100.32833,98.880775,95.287704
MIT,b2c9,460,98.10453,99.10331,100.42,100.22315,95.415955
MIT,b2c9,461,98.17251,96.39463,100.56685,94.52512,95.310844
MIT,b2c9,462,98.146706,97.82161,100.60875,100.322464,95.65482
MIT,b2c9,463,98.103424,98.84891,100.58294,100.407745,95.08647
MIT,b2c9,464,98.057014,99.29555,100.62196,100.65184,94.56592
MIT,b2c9,465,98.06798,98.64307,100.54537,100.181046,95.35937
MIT,b2c9,466,98.0559,99.03167,100.51632,100.639244,95.768456
MIT,b2c9,467,98.07834,98.228195,100.568115,97.45758,95.6915
MIT,b2c9,468,98.08735,97.194786,100.50123,100.292206,95.10024
MIT,b2c9,469,98.03225,99.11819,100.56803,100.50169,94.87563
MIT,b2c9,470,98.01707,99.07112,100.28292,99.24365,95.11828
MIT,b2c9,471,98.02402,99.06961,100.40903,100.10814,95.22792
MIT,b2c9,472,98.07886,99.12452,99.92695,98.52008,95.10026
MIT,b2c9,473,97.949715,98.77024,100.347946,100.44891,95.54889
MIT,b2c9,474,98.03444,98.48942,100.57174,100.0402,95.250465
MIT,b2c9,475,97.90289,100.10767,100.31904,100.80232,94.70515
MIT,b2c9,476,97.99695,99.53008,100.57016,100.484764,95.473305
MIT,b2c9,477,97.9711,98.679955,100.27013,98.577,95.3492
MIT,b2c9,478,97.932076,100.02231,100.3457,100.73225,95.77655
MIT,b2c9,479,97.95639,97.94758,100.61741,97.71399,95.220764
MIT,b2c9,480,97.95737,98.89554,100.31973,98.851265,95.41953
MIT,b2c9,481,97.88622,98.91472,100.31142,98.23529,94.09531
MIT,b2c9,482,97.96578,99.250534,100.208046,99.16569,95.104866
MIT,b2c9,483,97.851524,99.94216,100.42993,100.48053,95.528496
MIT,b2c9,484,97.951454,98.93219,100.60478,100.54067,95.01704
MIT,b2c9,485,97.91,98.648384,100.55051,100.572525,95.16373
MIT,b2c9,486,97.95882,97.715324,100.56045,100.75541,95.404366
MIT,b2c9,487,97.92526,99.0092,100.267105,99.39155,95.24579
MIT,b2c9,488,97.87901,99.62442,100.48547,100.767204,95.30695
MIT,b2c9,489,97.90952,95.136894,100.41008,94.74231,95.18056
MIT,b2c9,490,97.90332,98.356926,100.59758,100.355804,95.048355
MIT,b2c9,491,97.83608,99.1548,100.24392,99.102875,95.01034
MIT,b2c9,492,97.8014,99.08864,100.48783,100.39792,95.56258
MIT,b2c9,493,97.88253,95.27376,100.52507,95.78165,95.232254
MIT,b2c9,494,97.788445,99.07657,100.44418,100.342896,95.09008
MIT,b2c9,495,97.8374,98.9259,100.31628,98.561516,94.67946
MIT,b2c9,496,97.83951,98.89367,99.376076,97.98285,94.765564
MIT,b2c9,497,97.80876,99.59637,100.44041,100.60707,95.45994
MIT,b2c9,498,97.79772,98.723335,100.59098,100.457146,94.712975
MIT,b2c9,499,97.76257,98.95657,100.33068,99.17179,94.18574
MIT,b2c9,500,97.794945,95.71512,100.54111,99.71675,94.613
MIT,b2c9,501,97.74451,98.85622,100.57603,100.23889,94.75184
MIT,b2c9,502,97.7273,99.31708,100.57646,100.54097,94.71344
MIT,b2c9,503,97.774376,98.85533,100.59577,100.49162,94.61158
MIT,b2c9,504,97.68403,98.86107,100.47228,100.414825,95.23071
MIT,b2c9,505,97.726,98.906105,100.14414,98.3989,95.18615
MIT,b2c9,506,97.656494,100.122086,100.32068,100.73795,94.93616
MIT,b2c9,507,97.70624,99.4218,100.555595,100.4964,94.8481
MIT,b2c9,508,97.70548,98.91421,100.3432,99.29548,95.25606
MIT,b2c9,509,97.715065,98.766754,100.57339,99.69797,95.081566
MIT,b2c9,510,97.67287,99.61013,100.46284,100.74327,95.00672
MIT,b2c9,511,97.65448,98.50399,100.57822,100.04549,95.06268
MIT,b2c9,512,97.65304,97.7215,100.606834,99.30748,94.625046
MIT,b2c9,513,97.65612,97.10838,100.48799,99.82161,94.58322
MIT,b2c9,514,97.62984,99.72819,100.55451,100.6732,94.70166
MIT,b2c9,515,97.65388,98.68156,100.540306,99.22096,94.86642
MIT,b2c9,516,97.62556,98.847595,100.59546,100.64246,94.65069
MIT,b2c9,517,97.55371,98.98661,100.36264,100.06673,94.576866
MIT,b2c9,518,97.57552,98.890144,100.397446,100.72159,94.37758
MIT,b2c9,519,97.515434,100.061554,100.43438,100.811516,94.94211
MIT,b2c9,520,97.535736,97.55279,100.49693,94.73763,94.81969
MIT,b2c9,521,97.58704,98.655594,100.29171,98.571884,95.06446
MIT,b2c9,522,97.48321,99.18051,100.5064,100.75408,94.123024
MIT,b2c9,523,97.53338,98.046684,100.58087,97.51549,94.62604
MIT,b2c9,524,97.50322,97.7708,100.5508,99.93117,93.97314
MIT,b2c9,525,97.47883,98.806915,100.54905,98.936005,95.081024
MIT,b2c9,526,97.50659,99.077705,100.30246,98.952225,94.62291
MIT,b2c9,527,97.465195,99.03975,100.39448,100.241234,94.83996
MIT,b2c9,528,97.480965,98.945786,100.4257,99.97456,95.15944
MIT,b2c9,529,97.46775,99.0187,100.24069,98.958405,94.44632
MIT,b2c9,530,97.45862,98.00671,100.5736,100.391785,94.46181
MIT,b2c9,531,97.37808,99.392426,100.57851,100.23822,94.52732
MIT,b2c9,532,97.39596,99.10282,100.205635,99.79405,94.80656
MIT,b2c9,533,97.30814,98.881454,100.5325,100.57673,94.94911
MIT,b2c9,534,97.325874,98.436386,100.22089,95.21169,93.90087
MIT,b2c9,535,97.30692,98.807816,100.5757,100.371216,94.486015
MIT,b2c9,536,97.300644,98.45658,100.57068,100.47606,93.766914
MIT,b2c9,537,97.28525,98.77899,100.602394,100.565926,94.27187
MIT,b2c9,538,97.32642,98.510284,99.89925,95.72673,94.40269
MIT,b2c9,539,97.27287,98.98682,100.22518,100.13532,94.83447
MIT,b2c9,540,97.3126,96.45575,100.55206,97.340065,94.36589
MIT,b2c9,541,97.31362,97.825,100.51117,100.387505,94.29729
MIT,b2c9,542,97.210815,99.41265,100.52111,100.63287,94.382195
MIT,b2c9,543,97.23938,98.787315,100.01818,97.94104,94.333626
MIT,b2c9,544,97.22702,99.17363,100.612015,100.611496,94.21738
MIT,b2c9,545,97.24074,96.34542,100.52347,99.08212,94.204315
MIT,b2c9,546,97.17677,99.72733,100.53946,100.60364,94.861404
MIT,b2c9,547,97.20221,96.98964,100.56412,98.16612,94.30397
MIT,b2c9,548,97.13394,98.86149,100.16849,99.036026,93.62863
MIT,b2c9,549,97.07643,99.61644,100.54912,100.59638,94.872505
MIT,b2c9,550,97.16958,96.9896,100.47939,99.51721,94.22616
MIT,b2c9,551,97.06712,99.495804,100.57209,100.7616,93.7302
MIT,b2c9,552,97.06252,98.920876,100.42477,98.40392,94.420456
MIT,b2c9,553,97.11082,97.5364,100.57425,95.749626,94.02543
MIT,b2c9,554,97.05608,99.0473,100.377625,99.43852,94.17807
MIT,b2c9,555,97.04156,98.94374,100.39325,99.98263,94.28027
MIT,b2c9,556,96.97585,98.57574,97.27659,98.94323,94.478584
MIT,b2c9,557,97.01756,98.14097,100.588455,100.43392,94.18926
MIT,b2c9,558,97.00689,99.11963,100.27094,99.49574,94.014534
MIT,b2c9,559,96.96588,98.85309,100.22058,98.321945,93.84181
MIT,b2c9,560,96.89035,98.72294,100.59372,100.43262,93.95449
MIT,b2c9,561,96.97207,98.86073,100.20798,98.354034,94.11442
MIT,b2c9,562,96.889305,98.77637,100.18858,98.70945,93.58736
MIT,b2c9,563,96.8895,98.5267,99.34129,97.306076,94.78922
MIT,b2c9,564,96.8894,98.83736,99.587524,98.8236,94.13239
MIT,b2c9,565,96.856514,98.4164,100.577515,100.466675,93.48292
MIT,b2c9,566,96.84991,99.665115,100.57935,100.78825,94.189255
MIT,b2c9,567,96.86965,98.838715,100.08117,98.63723,94.20854
MIT,b2c9,568,96.79943,98.8703,100.04585,99.00616,93.649414
MIT,b2c9,569,96.77051,99.394844,100.579834,100.725235,94.2943
MIT,b2c9,570,96.775475,98.58947,100.58149,100.10302,94.03633
MIT,b2c9,571,96.77404,98.63642,97.53692,98.94693,93.94766
MIT,b2c9,572,96.76673,98.97665,100.05532,99.20904,93.89702
MIT,b2c9,573,96.71644,99.29457,100.592606,100.734535,94.14441
MIT,b2c9,574,96.76835,98.88925,100.00436,98.35686,93.92348
MIT,b2c9,575,96.68373,98.771996,100.60517,100.63836,93.7961
MIT,b2c9,576,96.6613,99.411,100.57251,100.637184,93.941605
MIT,b2c9,577,96.67814,98.81842,100.5346,97.84845,94.46987
MIT,b2c9,578,96.65803,98.76481,99.47579,97.97995,93.37806
MIT,b2c9,579,96.664955,98.75976,100.62847,100.66351,93.641205
MIT,b2c9,580,96.62269,98.48001,99.4867,96.501366,93.069046
MIT,b2c9,581,96.6307,98.84956,99.58962,99.59649,92.53115
MIT,b2c9,582,96.5997,98.68307,99.48239,97.66274,93.73192
MIT,b2c9,583,96.61422,99.04746,100.2646,98.925835,93.7641
MIT,b2c9,584,96.581505,98.81309,100.54986,100.27392,94.25856
MIT,b2c9,585,96.57328,97.62552,100.57297,97.34457,94.05502
MIT,b2c9,586,96.5401,96.069626,100.559074,99.73325,93.69202
MIT,b2c9,587,96.495674,99.53327,100.576645,100.78683,93.9989
MIT,b2c9,588,96.44814,98.676956,98.61541,98.77311,93.3151
MIT,b2c9,589,96.42871,98.54821,100.33812,99.03467,93.739006
MIT,b2c9,590,96.42324,98.1299,100.54582,100.513466,93.26946
MIT,b2c9,591,96.410446,98.59676,100.55649,100.20667,92.68941
MIT,b2c9,592,96.47251,97.869225,100.56927,98.67194,93.77144
MIT,b2c9,593,96.44476,97.86874,100.51875,100.09379,92.45823
MIT,b2c9,594,96.37351,99.486465,100.50391,100.28063,94.2787
MIT,b2c9,595,96.3728,98.92249,100.57017,100.440926,92.47955
MIT,b2c9,596,96.4078,97.990906,100.573586,100.14494,93.63901
MIT,b2c9,597,96.345665,97.82429,100.59114,100.475914,93.530815
MIT,b2c9,598,96.39114,96.09746,100.55404,98.340836,93.685524
MIT,b2c9,599,96.30352,98.71849,99.72881,99.99785,92.3543
MIT,b2c9,600,96.33535,95.71562,100.534615,94.32326,93.42516
MIT,b2c9,601,96.375694,94.39511,100.06893,98.80123,93.313805
MIT,b2c9,602,96.275055,98.81279,100.43353,99.72319,93.45691
MIT,b2c9,603,96.332405,98.74497,99.641594,96.81763,93.45084
MIT,b2c9,604,96.28474,98.84383,99.212715,98.29192,92.91484
MIT,b2c9,605,96.22101,96.38841,100.60799,94.82709,93.133804
MIT,b2c9,606,96.253395,98.07471,100.567474,100.47928,92.36719
MIT,b2c9,607,96.2021,99.16708,100.61009,100.74694,92.79873
MIT,b2c9,608,96.140396,98.74531,100.39604,99.68062,93.09772
MIT,b2c9,609,96.18582,98.7174,98.964386,97.92314,92.3365
MIT,b2c9,610,96.12515,98.59706,100.298164,99.99108,92.345184
MIT,b2c9,611,96.14005,98.66373,100.15883,99.765755,93.51572
MIT,b2c9,612,96.178566,93.120705,100.59904,95.04152,93.63468
MIT,b2c9,613,96.092476,99.724655,100.38939,100.63894,93.69071
MIT,b2c9,614,96.101555,98.1895,99.13562,95.1405,93.583824
MIT,b2c9,615,96.10137,97.98582,100.60432,100.59628,93.92201
MIT,b2c9,616,96.0197,98.372826,100.43424,98.06015,93.29459
MIT,b2c9,617,96.037125,94.598625,100.53749,97.474556,93.23513
MIT,b2c9,618,96.076706,98.72217,98.79666,97.628815,92.55542
MIT,b2c9,619,95.96332,98.72492,100.51225,100.373344,92.387566
MIT,b2c9,620,96.04446,97.07622,100.33981,99.244606,93.37544
MIT,b2c9,621,95.907074,99.938835,100.556076,100.81965,93.0716
MIT,b2c9,622,95.86955,99.57742,100.51692,100.45882,92.988945
MIT,b2c9,623,95.89859,99.02185,100.51878,100.568565,93.30402
MIT,b2c9,624,95.90962,96.95364,100.56975,94.48514,92.181175
MIT,b2c9,625,95.884636,97.7837,100.23254,100.163124,92.83805
MIT,b2c9,626,95.853676,98.681274,99.39327,98.41658,92.884315
MIT,b2c9,627,95.85411,98.4942,100.577995,100.30583,93.55922
MIT,b2c9,628,95.89306,94.698166,100.48462,94.93659,93.04547
MIT,b2c9,629,95.88141,97.5726,100.28923,100.54819,92.39725
MIT,b2c9,630,95.84656,98.509514,100.33546,98.52556,92.86008
MIT,b2c9,631,95.840935,96.8262,100.57222,100.157005,92.18158
MIT,b2c9,632,95.82171,97.099785,100.459816,100.32271,92.52396
MIT,b2c9,633,95.8305,97.69356,100.57381,100.64725,92.18167
MIT,b2c9,634,95.794075,98.42514,100.558784,100.549484,92.82316
MIT,b2c9,635,95.75509,98.84512,100.612404,100.566284,92.51804
MIT,b2c9,636,95.73054,98.6115,100.4379,99.60014,92.68092
MIT,b2c9,637,95.786476,89.32268,100.38355,100.244896,91.93582
MIT,b2c9,638,95.697365,98.77408,100.55788,100.68015,92.570564
MIT,b2c9,639,95.678375,99.096825,100.619446,100.60091,92.75598
MIT,b2c9,640,95.66052,98.638885,100.53895,99.123604,92.862366
MIT,b2c9,641,95.65717,98.216675,100.59168,100.08539,92.80217
MIT,b2c9,642,95.65433,96.7994,100.56496,98.91773,92.47311
MIT,b2c9,643,95.660774,98.57916,99.52115,97.593216,92.470764
MIT,b2c9,644,95.58527,98.8722,100.23641,99.74082,92.51292
MIT,b2c9,645,95.57446,97.427185,100.50903,95.648,92.91996
MIT,b2c9,646,95.5978,94.83641,100.01105,99.922264,91.96956
MIT,b2c9,647,95.54081,98.935196,100.579575,100.70941,92.41577
MIT,b2c9,648,95.555145,95.80854,100.58397,97.86066,92.566124
MIT,b2c9,649,95.58003,98.23587,100.57706,100.46052,92.31645
MIT,b2c9,650,95.500854,98.85758,100.62199,100.58973,92.360176
MIT,b2c9,651,95.48905,98.325966,100.27079,98.87441,92.517365
MIT,b2c9,652,95.50856,98.5299,99.113976,97.44217,92.94278
MIT,b2c9,653,95.409966,97.598885,100.54949,100.4795,93.4011
MIT,b2c9,654,95.42837,99.40122,100.58342,100.656975,92.308044
MIT,b2c9,655,95.38893,99.64706,100.56863,100.45872,92.567345
MIT,b2c9,656,95.39371,98.496506,100.595894,100.07279,92.9011
MIT,b2c9,657,95.44108,98.4579,100.32503,97.77865,93.00406
MIT,b2c9,658,95.38122,97.983925,99.76112,96.42207,92.203224
MIT,b2c9,659,95.37315,98.464134,100.44405,100.32311,92.816284
MIT,b2c9,660,95.36829,95.90875,100.48119,100.68532,92.96587
MIT,b2c9,661,95.41336,95.39733,100.34096,100.35546,92.42419
MIT,b2c9,662,95.34677,98.77536,99.740204,99.1846,92.322945
MIT,b2c9,663,95.29865,98.42552,100.33916,98.77719,92.02812
MIT,b2c9,664,95.34611,98.36106,99.57565,96.47755,91.972084
MIT,b2c9,665,95.30941,97.67907,100.49306,100.61311,91.75958
MIT,b2c9,666,95.25449,98.51949,100.541885,99.81921,92.38559
MIT,b2c9,667,95.276474,97.71528,100.566376,100.36292,92.11502
MIT,b2c9,668,95.27114,98.51678,100.29269,99.690834,92.16084
MIT,b2c9,669,95.23979,98.37173,100.41924,98.29321,91.98299
MIT,b2c9,670,95.19995,97.876114,100.41501,99.54623,92.220604
MIT,b2c9,671,95.231766,95.89697,100.37538,100.08373,91.961754
MIT,b2c9,672,95.17851,98.83233,100.579796,100.71258,91.952484
MIT,b2c9,673,95.108696,99.559265,100.5206,100.71401,92.37057
MIT,b2c9,674,95.13475,99.01068,100.58163,100.5228,92.49557
MIT,b2c9,675,95.19305,98.41439,99.55359,96.52178,92.471954
MIT,b2c9,676,95.19182,98.3572,99.858055,97.91336,92.62339
MIT,b2c9,677,95.12465,96.78281,100.58966,100.56169,91.92772
MIT,b2c9,678,95.10092,98.49016,100.29046,99.97434,92.174255
MIT,b2c9,679,95.116165,95.441635,100.38719,98.91253,91.94272
MIT,b2c9,680,95.0836,98.30285,99.64197,99.366974,91.91731
MIT,b2c9,681,95.03323,98.94495,100.54404,100.45638,91.88375
MIT,b2c9,682,95.015594,98.28095,100.568436,100.5096,91.93332
MIT,b2c9,683,94.96941,98.32387,100.35021,99.927475,91.941345
MIT,b2c9,684,95.01982,98.484566,100.38761,98.71896,92.57458
MIT,b2c9,685,95.01029,98.297714,100.004,98.109535,92.40982
MIT,b2c9,686,94.973564,98.162766,100.55974,100.29518,91.81449
MIT,b2c9,687,94.92767,98.286545,98.66884,98.13245,91.76475
MIT,b2c9,688,94.856,98.10489,100.33339,100.42724,92.53258
MIT,b2c9,689,94.93974,98.09825,99.14286,95.3625,92.50256
MIT,b2c9,690,94.88539,98.560974,100.61453,100.63852,92.069214
MIT,b2c9,691,94.848946,98.21158,100.52907,100.1137,91.89236
MIT,b2c9,692,94.88825,98.51636,100.07427,99.15377,92.27518
MIT,b2c9,693,94.90638,98.54562,100.24714,99.67849,92.15404
MIT,b2c9,694,94.868385,94.27137,100.54002,99.67257,91.741936
MIT,b2c9,695,94.79056,96.84877,100.60371,100.2366,91.656395
MIT,b2c9,696,94.84318,98.44974,100.024536,99.287704,91.73602
MIT,b2c9,697,94.85333,95.58127,100.47897,99.94379,92.104546
MIT,b2c9,698,94.77532,98.21162,100.45004,99.07891,91.47316
MIT,b2c9,699,94.76882,98.25677,98.763245,97.29885,92.309715
MIT,b2c9,700,94.79375,97.84353,100.48664,100.44034,91.4641
MIT,b2c9,701,94.72539,98.30326,100.60453,100.60521,91.41744
MIT,b2c9,702,94.677444,98.33713,100.36054,99.92267,93.23444
MIT,b2c9,703,94.71092,97.51012,100.55958,99.23016,92.410774
MIT,b2c9,704,94.711044,96.55462,100.26587,100.1892,91.59056
MIT,b2c9,705,94.656265,97.933945,100.574936,100.57736,91.36045
MIT,b2c9,706,94.71183,96.16449,100.60294,100.01634,92.1592
MIT,b2c9,707,94.62304,98.03308,100.60364,100.46804,91.56437
MIT,b2c9,708,94.61166,98.28225,100.22047,99.72473,91.496445
MIT,b2c9,709,94.59318,98.27848,100.50885,100.16435,91.39963
MIT,b2c9,710,94.64414,94.69504,100.550476,98.72015,91.54411
MIT,b2c9,711,94.581955,95.95695,100.58686,99.94897,91.36973
MIT,b2c9,712,94.527695,98.07484,98.86193,97.9965,91.89106
MIT,b2c9,713,94.49578,98.35153,100.26687,100.17148,92.04791
MIT,b2c9,714,94.503174,97.98428,99.20979,95.742455,92.23715
MIT,b2c9,715,94.523964,94.59605,100.33161,97.918175,91.34252
MIT,b2c9,716,94.4907,98.23607,99.66834,99.0599,92.10497
MIT,b2c9,717,94.46582,98.45137,98.35042,98.53525,92.12035
MIT,b2c9,718,94.39816,99.14386,100.58365,100.59175,91.63446
MIT,b2c9,719,94.4761,95.349266,100.345245,97.85632,92.11381
MIT,b2c9,720,94.42872,99.153854,100.55254,100.60994,91.9904
MIT,b2c9,721,94.377174,97.73489,100.46741,93.88958,91.827065
MIT,b2c9,722,94.38704,96.51864,100.50403,99.94166,91.342094
MIT,b2c9,723,94.3614,98.32631,98.33284,98.336464,91.84319
MIT,b2c9,724,94.289085,99.61799,100.5508,100.77956,91.049385
MIT,b2c9,725,94.29411,98.34205,100.519165,99.56328,91.742836
MIT,b2c9,726,94.331184,97.99494,100.573456,100.30848,91.55785
MIT,b2c9,727,94.244995,97.817024,99.39685,98.69431,91.12433
MIT,b2c9,728,94.26492,95.46746,100.613205,98.90033,91.60957
MIT,b2c9,729,94.17375,99.50873,100.55712,100.72638,91.1864
MIT,b2c9,730,94.207565,98.84462,100.573715,100.666626,91.33727
MIT,b2c9,731,94.24208,92.53818,100.58679,93.75359,91.16686
MIT,b2c9,732,94.20566,98.202446,100.4945,99.26121,91.385315
MIT,b2c9,733,94.13174,95.84148,100.55588,100.11225,92.43114
MIT,b2c9,734,94.10011,97.87334,100.38025,100.55434,92.50235
MIT,b2c9,735,94.133194,97.515724,100.45099,100.43997,90.87741
MIT,b2c9,736,94.129944,98.16894,100.55197,99.85322,91.14784
MIT,b2c9,737,94.124176,96.505295,100.53099,99.92011,91.11516
MIT,b2c9,738,94.13649,98.15709,98.84539,97.54047,91.52646
MIT,b2c9,739,94.07477,97.84393,99.72914,95.275955,91.541306
MIT,b2c9,740,94.06172,97.83003,100.53912,100.324974,91.18872
MIT,b2c9,741,94.02519,97.95697,100.577034,100.41535,90.72318
MIT,b2c9,742,94.02451,99.40139,100.578255,100.65556,91.19072
MIT,b2c9,743,94.01862,98.88731,100.57843,100.49235,91.32914
MIT,b2c9,744,94.00661,98.36922,100.5459,100.357574,91.22919
MIT,b2c9,745,93.989174,98.03284,100.586105,100.37214,90.935356
MIT,b2c9,746,93.92983,97.506256,100.325066,100.274345,92.36695
MIT,b2c9,747,93.92324,98.5765,100.522804,100.256096,91.037224
MIT,b2c9,748,93.911964,97.97362,100.582634,100.31904,90.713356
MIT,b2c9,749,93.91737,97.702896,99.97719,96.828766,91.29199
MIT,b2c9,750,93.87537,98.98655,100.39329,100.739075,91.015785
MIT,b2c9,751,93.866425,97.864655,100.50908,99.33946,90.9418
MIT,b2c9,752,93.89369,96.437874,100.36836,100.13414,90.70353
MIT,b2c9,753,93.85173,97.93462,98.77503,98.50503,92.18581
MIT,b2c9,754,93.80676,98.37704,100.57668,100.34199,90.84666
MIT,b2c9,755,93.800186,97.90467,100.55276,100.32607,90.94626
MIT,b2c9,756,93.826324,97.00402,100.53206,100.119576,90.51465
MIT,b2c9,757,93.7983,95.593185,100.609116,100.12414,90.48913
MIT,b2c9,758,93.72486,98.220566,100.55566,100.01171,91.01867
MIT,b2c9,759,93.70739,98.10818,100.43832,99.953514,91.517975
MIT,b2c9,760,93.72353,98.89941,100.38091,100.65982,91.04188
MIT,b2c9,761,93.75124,97.58088,99.5088,96.68147,91.43332
MIT,b2c9,762,93.653435,98.89989,100.539314,99.45689,90.94621
MIT,b2c9,763,93.71739,97.320015,100.58646,98.3838,90.99582
MIT,b2c9,764,93.6666,97.224266,100.28696,97.59573,91.183365
MIT,b2c9,765,93.631165,97.45188,100.27587,97.786545,91.14152
MIT,b2c9,766,93.6139,97.785934,99.85933,98.31449,91.13927
MIT,b2c9,767,93.587074,98.61312,100.57637,99.99727,90.74239
MIT,b2c9,768,93.61233,98.43044,100.57212,99.71117,90.83305
MIT,b2c9,769,93.54472,98.9248,100.41275,97.87378,90.850235
MIT,b2c9,770,93.54273,97.936874,98.44797,98.00366,91.22168
MIT,b2c9,771,93.47062,97.941086,100.34924,99.61385,90.78706
MIT,b2c9,772,93.51759,97.27551,99.15071,95.576706,91.092575
MIT,b2c9,773,93.42617,97.56012,100.26367,99.60098,91.0499
MIT,b2c9,774,93.50382,97.6636,100.539406,95.45554,90.89158
MIT,b2c9,775,93.45356,98.39492,100.560524,100.12837,90.77552
MIT,b2c9,776,93.38556,97.33148,100.443245,99.802986,91.290474
MIT,b2c9,777,93.38899,99.05336,100.54056,100.18126,90.56564
MIT,b2c9,778,93.394684,99.262184,100.53583,100.27397,90.657005
MIT,b2c9,779,93.29784,97.606705,100.4388,100.45619,90.626144
MIT,b2c9,780,93.34562,98.72677,100.52316,99.06852,90.776375
MIT,b2c9,781,93.30406,99.20696,100.54775,100.474594,90.780235
MIT,b2c9,782,93.28231,99.07853,100.44696,100.56896,90.68549
MIT,b2c9,783,93.32485,97.44317,100.355064,96.80156,91.10713
MIT,b2c9,784,93.31523,98.656334,100.52727,99.66364,90.81503
MIT,b2c9,785,93.307274,97.70056,100.572525,99.84314,90.567665
MIT,b2c9,786,93.29601,97.47616,99.19775,97.13358,91.08534
MIT,b2c9,787,93.27321,98.65837,100.57869,100.350815,90.46113
MIT,b2c9,788,93.227135,99.10931,100.53577,99.9781,90.79854
MIT,b2c9,789,93.22101,98.1359,100.55045,99.90322,90.630554
MIT,b2c9,790,93.2426,97.8156,100.53239,99.21333,90.63852
MIT,b2c9,791,93.1507,97.686264,100.58585,98.75865,91.34848
MIT,b2c9,792,93.14855,98.58795,100.56572,100.47186,90.554726
MIT,b2c9,793,93.142975,98.38856,100.56687,99.691574,90.71258
MIT,b2c9,794,93.13892,96.926636,100.4801,97.69265,90.71088
MIT,b2c9,795,93.07945,98.17928,100.52117,96.10155,90.620804
MIT,b2c9,796,93.09817,97.939644,100.53599,99.29484,90.60726
MIT,b2c9,797,93.05941,96.784874,100.52219,99.625595,90.18396
MIT,b2c9,798,93.07492,97.646194,98.64011,97.32178,90.6557
MIT,b2c9,799,93.01778,98.65444,100.54446,99.36685,90.4866
MIT,b2c9,800,93.03094,98.39474,100.564445,99.85764,90.48851
MIT,b2c9,801,92.99866,97.87279,100.586395,100.20587,90.28081
MIT,b2c9,802,92.93313,96.98361,100.41026,97.91193,90.88012
MIT,b2c9,803,92.96481,97.59683,98.778305,97.40395,90.46409
MIT,b2c9,804,92.88763,97.85396,100.547806,99.65386,89.7155
MIT,b2c9,805,92.9202,97.79441,100.19451,98.46937,90.66004
MIT,b2c9,806,92.834,96.70613,100.4489,97.82514,91.413864
MIT,b2c9,807,92.84151,98.397095,100.575485,99.96127,90.131874
MIT,b2c9,808,92.83175,98.10578,100.5474,98.40094,90.11018
MIT,b2c9,809,92.84466,97.39527,100.29905,97.09793,90.552864
MIT,b2c9,810,92.76574,96.984245,100.24573,97.99677,90.72169
MIT,b2c9,811,92.75022,99.028755,100.52571,100.023224,89.87611
MIT,b2c9,812,92.7574,99.15344,100.45095,100.56869,90.188835
MIT,b2c9,813,92.796364,97.240746,98.704056,94.07526,90.43535
MIT,b2c9,814,92.7311,98.786064,100.50822,99.4821,90.17742
MIT,b2c9,815,92.69629,99.134674,100.56911,100.59285,89.909805
MIT,b2c9,816,92.666046,97.336075,100.42739,99.52775,89.42856
MIT,b2c9,817,92.64706,98.48733,100.57146,100.13024,89.92578
MIT,b2c9,818,92.668655,98.31731,100.557396,99.71322,90.09799
MIT,b2c9,819,92.64412,98.61975,100.58342,100.44209,89.864876
MIT,b2c9,820,92.65808,98.46643,100.564354,99.7755,89.994385
MIT,b2c9,821,92.61677,96.92352,100.586876,99.01404,89.92463
MIT,b2c9,822,92.58746,97.11466,100.41528,97.97995,89.88083
MIT,b2c9,823,92.56102,98.58595,100.55847,100.486176,90.10769
MIT,b2c9,824,92.468956,98.49641,100.59609,100.61128,90.37962
MIT,b2c9,825,92.54278,98.381935,100.54945,99.1012,89.87308
MIT,b2c9,826,92.526726,97.76689,100.578865,99.59831,89.78161
MIT,b2c9,827,92.460686,97.236855,100.53922,99.72328,89.05808
MIT,b2c9,828,92.44466,94.755585,100.57599,98.6729,89.1288
MIT,b2c9,829,92.43006,98.48898,100.538895,99.42981,89.71595
MIT,b2c9,830,92.43138,97.40606,100.55516,99.214676,89.56077
MIT,b2c9,831,92.45483,97.25448,100.505714,98.48219,89.672905
MIT,b2c9,832,92.41232,97.37132,99.637665,97.714806,89.64475
MIT,b2c9,833,92.329636,99.20083,100.53417,100.40515,89.74928
MIT,b2c9,834,92.35035,97.44896,100.57228,96.200424,89.732315
MIT,b2c9,835,92.38212,97.17163,100.314514,96.70491,89.6466
MIT,b2c9,836,92.36055,97.310974,100.364395,97.56881,89.77663
MIT,b2c9,837,92.2928,97.937584,100.56557,100.20958,89.477425
MIT,b2c9,838,92.31929,97.255226,100.28986,97.38784,89.74767
MIT,b2c9,839,92.275,96.13667,100.52166,98.678535,89.38682
MIT,b2c9,840,92.26009,97.231865,99.18112,98.18536,89.64166
MIT,b2c9,841,92.21543,98.98943,100.560165,100.21038,89.31486
MIT,b2c9,842,92.16524,96.6125,100.56251,94.34532,89.27815
MIT,b2c9,843,92.22372,97.09231,100.51488,95.07052,89.46321
MIT,b2c9,844,92.146935,99.28707,100.456696,99.228775,89.89582
MIT,b2c9,845,92.10061,97.83667,100.496056,94.67671,89.256615
MIT,b2c9,846,92.102264,98.07282,100.57344,99.181526,89.00416
MIT,b2c9,847,92.09795,97.07625,98.698456,98.88347,89.214615
MIT,b2c9,848,92.13531,97.03073,99.79389,97.92572,89.19652
MIT,b2c9,849,92.08685,97.29539,100.41034,98.55968,89.32952
MIT,b2c9,850,92.076645,97.10931,99.76032,97.901924,89.29233
MIT,b2c9,851,92.03871,97.47226,97.18579,98.06948,89.35486
MIT,b2c9,852,91.96898,99.04203,100.5409,100.170074,90.14821
MIT,b2c9,853,91.95555,98.66611,100.59393,100.52344,88.98378
MIT,b2c9,854,91.91801,97.03555,99.38756,99.94598,88.46008
MIT,b2c9,855,91.898346,96.87856,100.24227,100.24129,88.51292
MIT,b2c9,856,91.93153,96.701614,100.426895,96.405975,90.20275
MIT,b2c9,857,91.90977,97.965096,100.54864,98.60878,89.2233
MIT,b2c9,858,91.86472,98.2859,100.5459,99.33588,88.51069
MIT,b2c9,859,91.83296,98.32974,100.54907,99.9135,88.9528
MIT,b2c9,860,91.85418,96.970566,100.49673,97.21414,88.94806
MIT,b2c9,861,91.848724,98.48084,100.56321,99.930725,88.881676
MIT,b2c9,862,91.82839,98.18918,100.5628,98.60128,88.88378
MIT,b2c9,863,91.749794,98.62592,100.45403,98.3568,89.81346
MIT,b2c9,864,91.74366,97.73315,100.51808,96.637535,88.71977
MIT,b2c9,865,91.73223,98.20777,100.55358,99.5739,88.699
MIT,b2c9,866,91.700836,96.95218,96.771416,97.271355,88.475746
MIT,b2c9,867,91.68966,98.8951,100.496124,99.46139,88.924934
MIT,b2c9,868,91.674774,98.00707,100.57864,99.89365,88.69465
MIT,b2c9,869,91.65007,96.88526,100.42384,97.948006,88.70847
MIT,b2c9,870,91.659424,97.67145,100.470345,99.99295,88.87845
MIT,b2c9,871,91.62441,96.6654,100.33147,96.533226,88.383
MIT,b2c9,872,91.56261,96.57273,100.239105,96.84187,88.12636
MIT,b2c9,873,91.58058,96.815704,100.47482,97.33754,88.58942
MIT,b2c9,874,91.54109,95.88499,100.533195,94.29828,88.431656
MIT,b2c9,875,91.54648,97.10411,100.27911,97.25686,88.59608
MIT,b2c9,876,91.512436,98.437546,100.54776,99.0161,88.62115
MIT,b2c9,877,91.47624,96.86365,100.40166,97.39558,88.3966
MIT,b2c9,878,91.40466,98.9166,100.57796,100.2306,89.61739
MIT,b2c9,879,91.38822,98.87568,100.429855,98.69139,88.32642
MIT,b2c9,880,91.43578,97.04554,100.4343,98.46338,88.61548
MIT,b2c9,881,91.36586,98.435356,100.537384,100.185585,87.97126
MIT,b2c9,882,91.34447,99.548416,100.565704,100.664856,89.534775
MIT,b2c9,883,91.37336,98.37246,100.51824,97.89487,88.65107
MIT,b2c9,884,91.37899,96.24125,100.190094,94.26017,88.34234
MIT,b2c9,885,91.37359,96.95632,98.8636,97.15107,88.605156
MIT,b2c9,886,91.32086,96.365555,100.40767,95.0175,89.133125
MIT,b2c9,887,91.31396,96.757286,100.42497,97.36071,88.30555
MIT,b2c9,888,91.266,98.20942,100.56882,99.64049,88.07913
MIT,b2c9,889,91.20718,98.330696,100.603226,100.42211,87.97861
MIT,b2c9,890,91.2455,96.54267,98.07195,97.260704,88.29372
MIT,b2c9,891,91.155495,96.44677,100.490524,97.53896,87.9518
MIT,b2c9,892,91.182526,97.731514,100.54432,98.444885,88.24598
MIT,b2c9,893,91.16536,97.31809,100.498055,98.08109,88.04725
MIT,b2c9,894,91.10069,98.744514,100.50645,99.53913,87.93594
MIT,b2c9,895,91.09808,98.30152,100.53805,99.05065,88.013885
MIT,b2c9,896,91.049164,98.65745,100.55078,99.85486,88.009575
MIT,b2c9,897,91.0333,96.51073,99.60829,96.91219,88.609375
MIT,b2c9,898,90.999916,98.81584,100.49522,98.950584,87.89704
MIT,b2c9,899,91.0128,96.62364,99.168594,97.28824,88.013885
MIT,b2c9,900,91.029724,97.20046,100.53106,96.57297,88.23001
MIT,b2c9,901,90.975586,94.86027,100.5404,93.549644,88.47167
MIT,b2c9,902,90.99003,96.8883,100.45296,97.533646,87.77223
MIT,b2c9,903,90.94219,97.58827,100.59259,99.53608,88.366585
MIT,b2c9,904,90.9419,98.29783,100.56881,99.40589,87.8406
MIT,b2c9,905,90.8843,95.74723,99.82338,94.02867,87.749344
MIT,b2c9,906,90.76217,95.71467,98.24032,96.45901,88.49459
MIT,b2c9,907,90.83065,96.79014,100.329605,97.335335,87.737366
MIT,b2c9,908,90.790924,98.55828,100.58484,99.86652,87.718956
MIT,b2c9,909,90.731064,98.29159,100.4958,99.39743,88.56953
MIT,b2c9,910,90.73494,98.26173,100.487274,97.23765,87.851425
MIT,b2c9,911,90.73071,97.66704,100.5504,98.630455,87.546555
MIT,b2c9,912,90.71038,97.8187,100.546844,99.19809,88.438866
MIT,b2c9,913,90.72123,95.427505,100.57304,96.67951,87.71485
MIT,b2c9,914,90.67815,98.97076,100.54337,99.9926,87.75387
MIT,b2c9,915,90.69593,98.37082,100.564766,100.03869,87.72503
MIT,b2c9,916,90.64799,97.71847,100.571945,100.313515,88.41318
MIT,b2c9,917,90.64435,95.9765,98.09742,96.54016,87.774765
MIT,b2c9,918,90.64126,96.71508,97.52474,96.88994,87.7522
MIT,b2c9,919,90.60293,96.37205,97.01015,96.47092,87.519066
MIT,b2c9,920,90.57224,96.274025,100.382805,99.61112,87.48253
MIT,b2c9,921,90.57425,98.09488,100.597725,99.8324,87.48663
MIT,b2c9,922,90.47172,96.41716,100.12223,97.0735,87.49877
MIT,b2c9,923,90.46152,97.1236,100.526985,98.37064,87.5711
MIT,b2c9,924,90.484566,96.248375,100.538124,91.3339,87.42914
MIT,b2c9,925,90.39521,98.366234,100.573784,99.9767,88.201614
MIT,b2c9,926,90.40788,98.46303,100.536224,99.38804,88.00046
MIT,b2c9,927,90.37474,97.73724,100.551895,99.47233,87.45081
MIT,b2c9,928,90.37953,95.9291,97.44772,95.59662,87.44964
MIT,b2c9,929,90.370575,99.06647,100.5548,100.41311,87.46889
MIT,b2c9,930,90.31852,98.29909,100.52537,98.792755,87.4406
MIT,b2c9,931,90.32623,96.06948,97.65927,95.368256,87.414566
MIT,b2c9,932,90.28968,95.66129,97.75564,94.21349,87.21278
MIT,b2c9,933,90.24068,98.935585,100.56446,100.58077,87.68446
MIT,b2c9,934,90.21195,98.31112,100.54666,99.26543,87.810265
MIT,b2c9,935,90.19682,97.59405,100.507286,98.365036,87.8257
MIT,b2c9,936,90.2219,97.4913,100.53287,96.90192,87.17692
MIT,b2c9,937,90.14935,98.412384,100.57254,100.30979,87.16374
MIT,b2c9,938,90.123886,96.59101,100.55286,100.253006,87.11501
MIT,b2c9,939,90.095474,95.808014,100.504776,94.75449,87.72257
MIT,b2c9,940,90.03803,95.46812,100.317375,94.2176,87.895226
MIT,b2c9,941,90.007675,98.12374,100.47305,92.39793,87.44095
MIT,b2c9,942,90.01517,96.148926,96.19801,96.729095,87.21032
MIT,b2c9,943,89.99926,98.09622,100.484665,99.79895,87.32342
MIT,b2c9,944,89.9561,98.41543,100.50215,99.040634,86.96864
MIT,b2c9,945,89.95059,98.85595,100.49648,100.53057,87.457794
MIT,b2c9,946,89.926,97.83514,100.47906,97.185196,86.99409
MIT,b2c9,947,89.90705,97.13317,100.50705,98.582855,87.07186
MIT,b2c9,948,89.90388,97.06452,100.39646,99.11245,87.03667
MIT,b2c9,949,89.851906,98.978745,100.5963,100.4826,87.02805
MIT,b2c9,950,89.8391,98.19494,100.46661,98.49599,86.96693
MIT,b2c9,951,89.8268,97.54782,100.48386,98.183205,86.96247
MIT,b2c9,952,89.840195,97.357544,100.49086,99.39464,86.955444
MIT,b2c9,953,89.76789,97.80652,100.55849,98.91889,86.944466
MIT,b2c9,954,89.75333,97.640396,100.49467,96.261826,86.95949
MIT,b2c9,955,89.71204,96.07365,100.47388,95.69218,87.0687
MIT,b2c9,956,89.74123,96.988396,100.49949,98.00482,86.98866
MIT,b2c9,957,89.67735,97.768555,100.58014,99.924965,86.932976
MIT,b2c9,958,89.61845,95.31134,97.643005,93.62704,87.4006
MIT,b2c9,959,89.655754,97.273575,100.518776,96.958046,86.62215
MIT,b2c9,960,89.611855,96.26973,96.31913,96.82659,86.685005
MIT,b2c9,961,89.52079,95.2862,97.71863,94.58967,87.35062
MIT,b2c9,962,89.55965,96.15432,98.050606,96.242134,86.647964
MIT,b2c9,963,89.53113,97.45912,100.52366,97.74428,87.25606
MIT,b2c9,964,89.45608,96.94284,100.534355,98.84246,87.33435
MIT,b2c9,965,89.50011,97.076935,100.53049,96.18134,86.721855
MIT,b2c9,966,89.46893,97.407646,100.5493,99.02432,87.201294
MIT,b2c9,967,89.44738,95.978966,97.7167,96.198425,86.62205
MIT,b2c9,968,89.39999,98.35439,100.57206,99.679344,87.23397
MIT,b2c9,969,89.36197,96.56807,100.52582,92.41652,87.1318
MIT,b2c9,970,89.36913,96.79372,100.55625,98.52303,87.14553
MIT,b2c9,971,89.307205,97.42567,100.56269,99.500534,87.32554
MIT,b2c9,972,89.26045,97.619736,100.564964,99.60319,87.05355
MIT,b2c9,973,89.2544,97.49922,100.51109,94.676315,86.24074
MIT,b2c9,974,89.24046,97.71156,100.480545,97.97026,86.28664
MIT,b2c9,975,89.19062,97.67494,100.470276,99.16795,86.57386
MIT,b2c9,976,89.16286,97.66736,100.54145,99.03146,86.635994
MIT,b2c9,977,89.08787,95.64661,98.607735,98.64197,87.09422
MIT,b2c9,978,89.091934,95.70727,96.3144,96.16034,86.21594
MIT,b2c9,979,89.07454,95.94823,100.0188,92.7226,86.31564
MIT,b2c9,980,89.06827,95.01558,96.623375,94.92652,86.79634
MIT,b2c9,981,88.94985,98.359604,100.49695,99.10466,86.76927
MIT,b2c9,982,88.9958,98.36053,100.47283,99.56271,86.35424
MIT,b2c9,983,88.96169,95.105675,97.98133,94.547745,86.55182
MIT,b2c9,984,88.968216,94.89008,100.32849,94.707794,87.10732
MIT,b2c9,985,88.79634,98.33363,98.704384,92.37789,86.569
MIT,b2c9,986,88.75061,94.72775,100.33687,94.845634,86.60463
MIT,b2c9,987,88.7472,98.43502,98.663414,92.42301,86.53394
MIT,b2c9,988,88.70332,94.66867,100.369026,95.40654,86.5099
MIT,b2c9,989,88.657104,98.48164,98.68271,93.360664,86.677826
MIT,b2c9,990,88.63325,94.513466,99.752426,95.24615,86.66383
MIT,b2c9,991,88.60876,94.57617,100.43432,95.88686,86.15305
MIT,b2c9,992,88.59532,98.49569,100.06734,94.269806,86.12257
MIT,b2c9,993,88.54445,98.43338,100.25377,94.015976,85.73147
MIT,b2c9,994,88.52713,98.40951,100.19777,94.391975,86.29515
MIT,b2c9,995,88.53535,98.4789,100.192924,94.2775,86.06124
MIT,b2c9,996,88.49964,94.808876,100.35502,96.343796,85.91394
MIT,b2c9,997,88.42752,94.32634,100.40849,96.048195,85.6855
MIT,b2c9,998,88.413246,98.37562,100.246445,94.068954,86.36202
MIT,b2c9,999,87.59489,85.56468,89.766945,87.65502,88.26319
MIT,b2c9,1000,87.89908,87.89234,82.00232,85.443,85.191734
MIT,b2c9,1001,87.92027,89.77118,90.00233,86.65831,85.186646
MIT,b2c9,1002,87.87743,92.51275,92.56545,87.81729,85.47851
MIT,b2c9,1003,87.782005,94.30198,94.15225,88.403534,85.38782
MIT,b2c9,1004,87.68068,94.93825,94.17816,88.53376,85.34241
MIT,b2c9,1005,87.660126,94.51759,93.40633,88.2901,85.29651
MIT,b2c9,1006,87.58786,91.936714,98.58894,92.92763,85.26462
MIT,b2c9,1007,87.57763,94.03327,92.3969,88.14537,85.073944
MIT,b2c9,1008,87.48461,94.17659,92.30046,88.117775,85.1231
MIT,b2c9,1009,87.452065,93.95256,91.64688,88.1016,84.85273
MIT,b2c9,1010,87.39223,95.5333,93.9082,88.89336,85.01046
MIT,b2c9,1011,87.40002,92.80444,99.48482,93.23147,84.87934
MIT,b2c9,1012,87.365585,97.204315,96.236534,89.9866,85.05447
MIT,b2c9,1013,87.37976,93.25604,99.42898,93.254654,84.7859
MIT,b2c9,1014,87.32436,92.66938,99.33594,93.62955,85.05447
MIT,b2c9,1015,87.30353,93.339905,98.462326,93.16978,84.84121
MIT,b2c9,1016,87.284744,97.58329,95.82432,90.435005,84.79252
MIT,b2c9,1017,87.21262,97.67095,96.30902,90.483376,85.08633
MIT,b2c9,1018,87.20026,97.64049,96.643845,90.53186,84.91206
MIT,b2c9,1019,87.14085,97.78124,97.433174,90.62881,85.08633
MIT,b2c9,1020,87.10946,96.9273,96.599884,89.53617,84.91021
MIT,b2c9,1021,87.000244,95.83424,94.188484,89.04129,84.7211
MIT,b2c9,1022,86.93025,92.10097,90.41031,93.72019,84.61308
MIT,b2c9,1023,86.87081,91.89719,91.410995,93.57538,84.68443
MIT,b2c9,1024,86.84,94.44507,92.011284,88.10236,84.48931
MIT,b2c9,1025,86.74595,91.209915,96.11381,93.00583,84.770164
MIT,b2c9,1026,86.74143,94.32739,91.972466,87.94151,84.503296
MIT,b2c9,1027,86.69862,91.66964,97.62959,93.31719,84.49673
MIT,b2c9,1028,86.68201,94.335754,92.13341,88.03941,84.51425
MIT,b2c9,1029,86.63215,94.81415,92.54232,88.358536,84.36437
MIT,b2c9,1030,86.57951,94.66965,92.16263,88.2967,84.39733
MIT,b2c9,1031,86.50685,94.54372,92.41775,88.176994,84.4545
MIT,b2c9,1032,86.46882,94.46203,92.158966,88.10006,84.31048
MIT,b2c9,1033,86.39217,94.15495,92.2137,87.88896,84.361465
MIT,b2c9,1034,86.3616,90.913,94.16847,92.99205,84.336365
MIT,b2c9,1035,86.31365,90.67926,93.611206,93.23588,84.361465
MIT,b2c9,1036,86.31499,94.50936,92.68201,88.18478,84.42698
MIT,b2c9,1037,86.274895,91.2372,95.9507,93.48048,84.37152
MIT,b2c9,1038,86.2475,95.31645,93.768745,88.566444,84.08399
MIT,b2c9,1039,86.20673,95.042854,93.20612,88.395874,84.072075
MIT,b2c9,1040,86.15974,94.76789,92.96249,88.29221,84.08103
MIT,b2c9,1041,86.10832,94.39935,92.59594,88.09442,84.08103
MIT,b2c9,1042,86.05528,90.343414,93.32786,93.21142,83.94864
MIT,b2c9,1043,86.00424,90.187836,95.127266,92.820625,83.82388
MIT,b2c9,1044,85.94888,93.86649,91.83377,87.855736,83.785774
MIT,b2c9,1045,85.92637,95.363846,93.85714,88.65113,84.05947
MIT,b2c9,1046,85.926216,96.329185,94.5734,88.955574,84.01154
MIT,b2c9,1047,85.892296,90.374,92.28088,94.105385,83.97347
MIT,b2c9,1048,85.87272,90.76043,96.995186,94.35463,83.993065
MIT,b2c9,1049,85.856575,97.22357,96.50758,89.8988,83.93881
MIT,b2c9,1050,85.814255,90.4957,95.583,94.61055,83.64927
MIT,b2c9,1051,85.78241,97.2578,96.73397,90.11019,83.64738
MIT,b2c9,1052,85.679184,88.67365,96.686615,93.790276,83.07975
MIT,b2c9,1053,85.69473,89.76009,97.13847,94.20434,83.63164
MIT,b2c9,1054,85.61405,97.39092,97.01688,90.12981,83.53172
MIT,b2c9,1055,85.58736,96.11393,95.42446,88.931725,83.5755
MIT,b2c9,1056,85.47934,86.95423,93.23501,91.914154,83.66141
MIT,b2c9,1057,85.4049,93.68218,92.182144,87.692505,83.419914
MIT,b2c9,1058,85.30852,83.543045,90.89692,88.71939,83.287605
MIT,b2c9,1059,85.28155,92.80265,90.8206,87.03134,83.1245
MIT,b3c38,1,99.93408,101.4524,100.042854,99.86433,100.138
MIT,b3c38,2,100.0,101.339584,99.57012,99.8523,100.16759
MIT,b3c38,3,100.04148,101.40395,99.53808,99.82485,100.20325
MIT,b3c38,4,100.067795,101.6356,100.31302,99.6177,100.171005
MIT,b3c38,5,100.09051,101.469505,99.883,99.973434,100.14594
MIT,b3c38,6,100.09362,101.5571,99.86738,99.86143,100.12713
MIT,b3c38,7,100.11664,101.54608,99.85788,99.90021,100.11545
MIT,b3c38,8,100.12598,101.556564,100.0813,99.939804,100.11331
MIT,b3c38,9,100.13902,101.569244,99.99939,99.89818,100.11828
MIT,b3c38,10,100.12898,101.655334,99.94299,99.79228,100.09985
MIT,b3c38,11,100.14116,101.6137,99.655655,99.72917,100.109024
MIT,b3c38,12,100.13435,101.84268,100.10772,99.383064,100.15579
MIT,b3c38,13,100.15406,101.6284,99.76241,99.74353,100.086685
MIT,b3c38,14,100.13373,101.74445,99.930664,99.746315,100.12701
MIT,b3c38,15,100.14595,101.89513,99.93959,99.46666,100.11351
MIT,b3c38,16,100.15555,101.940834,100.28956,99.32772,100.09068
MIT,b3c38,17,100.14778,101.795135,100.28505,99.88156,100.10055
MIT,b3c38,18,100.14822,101.74095,99.79436,99.69791,100.096405
MIT,b3c38,19,100.15361,101.7273,99.81576,99.66886,100.10104
MIT,b3c38,20,100.161354,101.75331,99.840225,99.674774,100.10305
MIT,b3c38,21,100.16841,101.722206,100.270195,99.9469,100.10305
MIT,b3c38,22,100.15699,100.611176,99.543915,99.68941,100.10482
MIT,b3c38,23,100.143486,101.95348,99.88456,99.450966,100.06756
MIT,b3c38,24,100.15246,101.94627,100.284096,99.45543,100.108376
MIT,b3c38,25,100.14922,101.77926,99.87558,99.725876,100.118515
MIT,b3c38,26,100.15218,101.792015,100.32178,99.9448,100.106995
MIT,b3c38,27,100.151344,101.93761,99.94687,99.45262,100.12397
MIT,b3c38,28,100.15042,101.93912,99.908195,99.335815,100.107124
MIT,b3c38,29,100.15564,101.752,100.030075,99.7513,100.08438
MIT,b3c38,30,100.1513,101.76706,100.01033,99.83593,100.096405
MIT,b3c38,31,100.15513,101.746506,99.69017,99.61448,100.0801
MIT,b3c38,32,100.146385,101.752754,99.891846,99.73053,100.09449
MIT,b3c38,33,100.15452,101.76137,99.81367,99.71988,100.097046
MIT,b3c38,34,100.14603,101.775764,100.01805,99.787094,100.10569
MIT,b3c38,35,100.15274,101.96995,99.822426,99.29233,100.12623
MIT,b3c38,36,100.14992,101.94917,99.745995,99.33762,100.11625
MIT,b3c38,37,100.150475,101.94983,99.88186,99.389854,100.08732
MIT,b3c38,38,100.1415,101.77028,99.98314,99.70756,100.10682
MIT,b3c38,39,100.13188,101.82574,100.02918,99.732376,100.091354
MIT,b3c38,40,100.131775,100.57292,99.50819,99.67924,100.09803
MIT,b3c38,41,100.13013,101.98609,99.94223,99.30356,100.08594
MIT,b3c38,42,100.12412,101.91293,99.61773,99.49359,100.10809
MIT,b3c38,43,100.12516,101.78853,99.87461,99.72125,100.0964
MIT,b3c38,44,100.131004,101.82313,99.53452,99.57493,100.07117
MIT,b3c38,45,100.13495,101.73966,99.62016,99.6666,100.07104
MIT,b3c38,46,100.12566,101.96194,99.944176,99.40164,100.08261
MIT,b3c38,47,100.12306,101.726746,99.68677,99.6634,100.06699
MIT,b3c38,48,100.116,101.72964,99.49539,99.634445,100.07242
MIT,b3c38,49,100.12006,101.79398,99.4746,99.604256,100.08891
MIT,b3c38,50,100.128914,101.946396,99.84076,99.489235,100.06621
MIT,b3c38,51,100.1251,101.774605,99.580444,99.58644,100.07349
MIT,b3c38,52,100.126915,101.7357,99.96273,99.66611,100.0714
MIT,b3c38,53,100.121414,101.96199,100.322235,99.60527,100.05255
MIT,b3c38,54,100.11961,101.96914,100.01683,99.23133,100.07051
MIT,b3c38,55,100.12547,101.925674,99.75221,99.25671,100.04981
MIT,b3c38,56,100.12299,101.975334,100.147766,99.30476,100.05334
MIT,b3c38,57,100.11706,101.758484,99.738075,99.629486,100.05954
MIT,b3c38,58,100.119675,101.93802,100.04336,99.25674,100.05006
MIT,b3c38,59,100.112816,101.93586,99.98824,99.430855,100.052925
MIT,b3c38,60,100.111015,101.957466,99.67167,99.284744,100.05754
MIT,b3c38,61,100.106674,101.92952,99.84095,99.212814,100.044876
MIT,b3c38,62,100.10335,101.700455,99.91989,99.76968,100.05407
MIT,b3c38,63,100.11322,101.879486,99.80666,99.42184,100.04981
MIT,b3c38,64,100.10443,101.717064,99.749664,99.68204,100.044876
MIT,b3c38,65,100.10811,101.672356,99.43148,99.6265,100.05215
MIT,b3c38,66,100.101295,101.93099,100.171074,99.23983,100.06729
MIT,b3c38,67,100.09344,101.69314,99.857925,99.77924,100.06788
MIT,b3c38,68,100.08842,101.75663,100.12498,99.80233,100.05087
MIT,b3c38,69,100.0925,101.68381,99.59175,99.66925,100.05959
MIT,b3c38,70,100.09263,101.68182,99.60165,99.65252,100.07703
MIT,b3c38,71,100.081505,101.683754,99.848564,99.832664,100.05189
MIT,b3c38,72,100.07861,101.87844,100.16371,99.45985,100.03777
MIT,b3c38,73,100.072876,101.90932,100.07331,99.35097,100.05965
MIT,b3c38,74,100.0787,101.74565,99.65921,99.72142,100.080864
MIT,b3c38,75,100.07745,101.75316,99.5846,99.76228,100.06082
MIT,b3c38,76,100.07591,101.728035,99.75161,99.75177,100.07159
MIT,b3c38,77,100.08193,100.53757,98.605835,99.71774,100.07958
MIT,b3c38,78,100.089005,101.90085,100.306046,99.53036,100.05705
MIT,b3c38,79,100.07353,101.89903,100.09348,99.40316,100.079865
MIT,b3c38,80,100.06676,101.7199,99.437805,99.60303,100.0619
MIT,b3c38,81,100.0541,101.84738,99.776955,99.639824,100.088974
MIT,b3c38,82,100.06248,100.5312,98.999596,99.66129,100.0452
MIT,b3c38,83,100.06257,101.723274,99.46532,99.59584,100.058044
MIT,b3c38,84,100.069756,101.67563,99.25904,99.57262,100.030655
MIT,b3c38,85,100.058624,101.74132,99.465996,99.617355,100.06436
MIT,b3c38,86,100.06567,101.90042,99.67659,99.23048,100.04613
MIT,b3c38,87,100.055725,101.68059,99.22798,99.59896,99.99101
MIT,b3c38,88,100.05324,101.69126,99.11388,99.54648,99.993546
MIT,b3c38,89,100.06258,101.91293,99.7559,99.19359,100.071205
MIT,b3c38,90,100.06895,101.88298,99.66579,99.25069,100.05592
MIT,b3c38,91,100.06883,101.67036,99.45797,99.64455,100.0602
MIT,b3c38,92,100.05809,101.6824,99.2569,99.49692,100.05996
MIT,b3c38,93,100.052826,100.50119,98.94798,99.52997,100.10913
MIT,b3c38,94,100.05167,101.614555,99.43664,99.62227,100.03191
MIT,b3c38,95,100.04099,101.83378,99.71898,99.278656,100.03191
MIT,b3c38,96,100.0362,101.67733,99.37272,99.580376,100.04002
MIT,b3c38,97,100.02655,101.863075,99.74913,99.214294,100.041595
MIT,b3c38,98,100.026474,101.62512,99.38158,99.55158,100.01477
MIT,b3c38,99,100.0202,101.8107,99.63322,99.26067,99.998955
MIT,b3c38,100,100.01942,101.66809,99.467155,99.64683,100.05085
MIT,b3c38,101,100.02496,101.86772,99.623184,99.28975,100.02982
MIT,b3c38,102,100.010864,101.84907,99.681625,99.2444,100.012985
MIT,b3c38,103,100.01533,101.61057,99.25886,99.61142,100.016716
MIT,b3c38,104,100.015686,101.600174,99.08552,99.61014,100.01176
MIT,b3c38,105,100.00012,101.64612,98.97986,99.58055,100.01174
MIT,b3c38,106,100.0061,101.661415,98.95469,99.52223,100.01477
MIT,b3c38,107,100.00039,101.836624,99.6618,99.33042,100.029526
MIT,b3c38,108,99.99768,101.87487,99.67762,98.97413,100.01252
MIT,b3c38,109,100.00799,101.80994,100.216194,99.31015,100.013916
MIT,b3c38,110,99.98198,101.75468,99.15904,99.634094,100.00559
MIT,b3c38,111,99.995094,101.85654,99.777916,99.31227,99.986786
MIT,b3c38,112,99.992294,101.76084,99.31615,99.61807,99.99045
MIT,b3c38,113,99.992714,101.67149,99.10807,99.65064,100.04869
MIT,b3c38,114,99.99576,101.6661,99.13924,99.54126,100.10284
MIT,b3c38,115,99.990425,101.85219,99.58604,99.25144,100.092705
MIT,b3c38,116,99.99861,101.70645,99.63097,99.68678,100.09921
MIT,b3c38,117,99.99675,101.85733,99.64278,99.31212,100.13074
MIT,b3c38,118,99.99812,101.911156,99.768875,99.1619,100.10568
MIT,b3c38,119,99.99963,101.842,99.59887,99.16877,100.09692
MIT,b3c38,120,99.994415,101.640144,99.73561,99.70276,100.08334
MIT,b3c38,121,99.99736,101.63006,99.024086,99.40271,100.12382
MIT,b3c38,122,99.99945,101.65614,99.56395,99.58469,100.12779
MIT,b3c38,123,99.99464,101.62218,99.63953,99.58472,100.11989
MIT,b3c38,124,99.99696,101.63675,99.54767,99.547554,100.124084
MIT,b3c38,125,99.98886,101.8659,99.263,99.177,100.10938
MIT,b3c38,126,99.99078,101.85919,99.38512,99.294235,100.10566
MIT,b3c38,127,99.979744,101.64289,99.55544,99.50416,100.12264
MIT,b3c38,128,99.97462,101.67542,99.02761,99.39045,100.11989
MIT,b3c38,129,99.97652,101.63256,99.04652,99.428795,100.13547
MIT,b3c38,130,99.97842,101.67239,99.327866,99.505356,100.085976
MIT,b3c38,131,99.96063,101.6539,99.562355,99.652954,100.12309
MIT,b3c38,132,99.96748,101.62697,99.1569,99.42311,100.13551
MIT,b3c38,133,99.95894,101.64642,99.20013,99.49674,100.10267
MIT,b3c38,134,99.95884,101.621155,98.998245,99.48694,100.10706
MIT,b3c38,135,99.95512,101.64466,99.1804,99.576836,100.09099
MIT,b3c38,136,99.94401,101.846016,99.72999,99.26722,100.04561
MIT,b3c38,137,99.939835,101.63579,99.226326,99.57561,99.99465
MIT,b3c38,138,99.93595,101.626625,99.5629,99.77327,100.04625
MIT,b3c38,139,99.937416,101.58386,99.07425,99.58417,100.09289
MIT,b3c38,140,99.93083,101.59303,98.97009,99.52286,99.99886
MIT,b3c38,141,99.93026,101.795,99.68995,99.41461,99.98456
MIT,b3c38,142,99.93199,101.828636,99.65164,99.2819,100.02994
MIT,b3c38,143,99.93359,101.57055,99.023994,99.48475,100.05242
MIT,b3c38,144,99.93606,101.6025,98.96368,99.611305,99.96757
MIT,b3c38,145,99.91075,101.59358,98.997856,99.53842,99.970146
MIT,b3c38,146,99.907104,101.5922,98.99281,99.53374,100.04534
MIT,b3c38,147,99.91822,101.64402,99.094444,99.43522,100.07973
MIT,b3c38,148,99.92425,101.58508,99.12861,99.55342,100.06756
MIT,b3c38,149,99.91707,101.62522,98.94182,99.50585,100.06355
MIT,b3c38,150,99.92575,101.84607,99.409035,99.26802,100.11826
MIT,b3c38,151,99.92571,101.591736,99.38966,99.695694,100.08158
MIT,b3c38,152,99.917694,101.78958,99.51603,99.28631,100.093956
MIT,b3c38,153,99.91753,101.573685,98.78356,99.522255,100.06923
MIT,b3c38,154,99.90968,101.58281,98.90041,99.29204,100.077515
MIT,b3c38,155,99.9098,101.82182,99.20711,99.21106,100.08755
MIT,b3c38,156,99.91319,101.577515,98.912254,99.34356,100.110054
MIT,b3c38,157,99.91283,101.804115,98.80091,99.315384,100.102295
MIT,b3c38,158,99.90771,101.60546,98.88779,99.43771,100.0983
MIT,b3c38,159,99.90658,101.57302,98.92035,99.43344,100.099304
MIT,b3c38,160,99.90408,101.75823,99.50707,99.34013,100.06074
MIT,b3c38,161,99.895676,101.82615,99.41199,99.21378,100.088135
MIT,b3c38,162,99.89612,101.592255,99.09961,99.48004,100.0999
MIT,b3c38,163,99.8929,101.55796,99.09755,99.54324,100.082214
MIT,b3c38,164,99.88441,101.59754,98.97887,99.4609,100.06657
MIT,b3c38,165,99.878395,101.59276,99.43508,99.69503,100.09754
MIT,b3c38,166,99.87104,101.828255,99.60977,99.26277,100.08564
MIT,b3c38,167,99.869804,101.619644,99.275314,99.67109,100.09633
MIT,b3c38,168,99.862885,101.82972,99.541145,99.29697,100.10137
MIT,b3c38,169,99.85895,100.45346,98.49351,99.61195,100.13473
MIT,b3c38,170,99.85118,101.5926,99.14348,99.630066,100.04371
MIT,b3c38,171,99.85471,101.82387,99.40095,99.200264,99.944145
MIT,b3c38,172,99.84746,101.57518,98.88602,99.4644,100.0989
MIT,b3c38,173,99.84442,101.80466,99.46366,99.242355,100.0483
MIT,b3c38,174,99.83855,101.578514,98.90979,99.60835,100.04337
MIT,b3c38,175,99.83558,101.57452,98.944855,99.58363,100.059814
MIT,b3c38,176,99.83898,101.55232,98.82153,99.52331,100.001175
MIT,b3c38,177,99.83517,101.819565,99.47487,99.414955,100.01158
MIT,b3c38,178,99.845055,101.56338,98.80271,99.36867,100.11518
MIT,b3c38,179,99.847824,101.81469,99.48035,99.40683,100.03415
MIT,b3c38,180,99.83599,101.58298,98.75993,99.37634,100.067406
MIT,b3c38,181,99.84979,101.8205,99.165955,99.185074,100.07742
MIT,b3c38,182,99.84533,101.820274,99.20042,99.22192,100.10005
MIT,b3c38,183,99.84599,101.77475,99.28141,99.147194,100.10212
MIT,b3c38,184,99.845985,101.51834,98.849205,99.404274,100.05736
MIT,b3c38,185,99.83642,101.561195,98.83954,99.43223,100.141785
MIT,b3c38,186,99.82775,101.59854,98.84218,99.40827,100.068054
MIT,b3c38,187,99.82443,101.59741,98.81285,99.445656,99.89887
MIT,b3c38,188,99.82203,101.57627,98.90488,99.39637,99.96653
MIT,b3c38,189,99.82718,101.585655,98.664,99.39384,99.80275
MIT,b3c38,190,99.82028,101.52966,98.73969,99.390465,100.061386
MIT,b3c38,191,99.8208,101.56486,98.927605,99.38816,99.934975
MIT,b3c38,192,99.813385,101.58598,98.75754,99.37746,99.94559
MIT,b3c38,193,99.812035,101.56495,98.842316,99.41979,100.055405
MIT,b3c38,194,99.80355,101.584305,98.93495,99.355865,99.94866
MIT,b3c38,195,99.80242,101.775345,99.364204,99.31052,99.95494
MIT,b3c38,196,99.797226,101.825676,98.817696,99.1195,99.91724
MIT,b3c38,197,99.7948,101.5884,98.932274,99.46086,99.94666
MIT,b3c38,198,99.80158,101.59988,98.694,99.46638,99.949356
MIT,b3c38,199,99.79796,101.57985,98.912865,99.395226,100.07091
MIT,b3c38,200,99.78714,101.5619,98.83767,99.407906,100.03049
MIT,b3c38,201,99.77856,101.53344,98.78883,99.38243,100.005394
MIT,b3c38,202,99.77507,101.54551,98.81462,99.49728,99.99273
MIT,b3c38,203,99.76846,101.72558,99.37246,99.56461,100.04834
MIT,b3c38,204,99.76532,101.525894,98.87189,99.506386,99.983
MIT,b3c38,205,99.757416,101.50706,99.07908,99.62772,99.96972
MIT,b3c38,206,99.761665,101.57366,98.87013,99.58495,100.04258
MIT,b3c38,207,99.749794,101.72047,99.43186,99.55565,99.99152
MIT,b3c38,208,99.74778,101.50378,98.87287,99.572914,99.97427
MIT,b3c38,209,99.747475,101.504456,98.82762,99.497314,99.96796
MIT,b3c38,210,99.74715,101.5372,98.85669,99.42058,99.98848
MIT,b3c38,211,99.74743,101.532394,98.77694,99.508255,99.965126
MIT,b3c38,212,99.75077,101.55278,98.96607,99.4982,99.99404
MIT,b3c38,213,99.757866,101.54063,98.72592,99.35449,99.92603
MIT,b3c38,214,99.74726,101.55586,98.84458,99.41349,99.92244
MIT,b3c38,215,99.74964,101.59842,98.80964,99.459045,99.885056
MIT,b3c38,216,99.74562,100.11305,98.49928,99.17699,99.89663
MIT,b3c38,217,99.74476,101.53625,98.78917,99.31236,99.837395
MIT,b3c38,218,99.73864,101.571594,98.69592,99.365105,99.855484
MIT,b3c38,219,99.73919,100.183975,98.40966,99.1371,99.800446
MIT,b3c38,220,99.73893,101.55054,98.530014,99.364204,99.72229
MIT,b3c38,221,99.74227,101.766,98.66572,99.30057,99.71401
MIT,b3c38,222,99.73689,101.58105,98.589386,99.28907,99.682686
MIT,b3c38,223,99.727715,101.56892,98.666695,99.313,99.894806
MIT,b3c38,224,99.7329,101.639206,98.74902,99.303665,99.88082
MIT,b3c38,225,99.72734,101.61593,98.83753,99.31699,99.8242
MIT,b3c38,226,99.72542,101.59508,98.632286,99.2158,99.702065
MIT,b3c38,227,99.71893,101.5869,98.53179,99.244865,99.7329
MIT,b3c38,228,99.723854,101.810005,98.66034,99.162994,99.7329
MIT,b3c38,229,99.71875,101.55678,98.54204,99.36953,99.71359
MIT,b3c38,230,99.71417,101.776596,98.66239,99.10068,99.685745
MIT,b3c38,231,99.722664,101.56095,98.607,99.18756,99.71061
MIT,b3c38,232,99.71828,101.570404,98.49575,99.22601,99.72821
MIT,b3c38,233,99.712135,101.56015,98.48146,99.21192,99.620705
MIT,b3c38,234,99.719025,101.54352,98.426346,99.324356,99.65199
MIT,b3c38,235,99.715225,101.585365,98.36352,99.28825,99.62736
MIT,b3c38,236,99.71055,101.52878,98.455986,99.227486,99.66175
MIT,b3c38,237,99.70841,101.771866,98.78126,99.175415,99.64622
MIT,b3c38,238,99.70326,101.539665,98.491714,99.24106,99.63845
MIT,b3c38,239,99.69397,101.56936,98.60671,99.21425,99.72557
MIT,b3c38,240,99.68206,101.53394,98.51632,99.339005,99.70884
MIT,b3c38,241,99.68263,101.7686,98.83837,99.23245,99.66928
MIT,b3c38,242,99.67714,100.1037,98.465034,98.99566,99.71988
MIT,b3c38,243,99.67989,101.78582,98.58562,99.15126,99.63911
MIT,b3c38,244,99.68039,101.550446,98.444496,99.266136,99.713585
MIT,b3c38,245,99.67527,101.530846,98.443405,99.21776,99.58376
MIT,b3c38,246,99.67293,101.53311,98.415504,99.21914,99.57426
MIT,b3c38,247,99.66674,101.549194,98.527016,99.258545,99.71515
MIT,b3c38,248,99.66043,101.80841,98.618286,99.24166,99.70745
MIT,b3c38,249,99.6624,101.7594,98.635,99.200386,99.70818
MIT,b3c38,250,99.671036,101.551155,98.25891,99.199585,99.579315
MIT,b3c38,251,99.66236,101.55791,98.493,99.21987,99.59303
MIT,b3c38,252,99.663635,101.76783,98.608086,99.14677,99.619026
MIT,b3c38,253,99.65539,101.59028,98.427956,99.232704,99.624214
MIT,b3c38,254,99.648926,101.78286,98.55858,99.14566,99.5528
MIT,b3c38,255,99.64621,101.56097,98.48722,99.20555,99.6262
MIT,b3c38,256,99.640526,101.79549,98.6431,99.19743,99.67585
MIT,b3c38,257,99.63884,101.538445,98.563156,99.31384,99.70605
MIT,b3c38,258,99.63105,101.76113,98.68349,99.275055,99.67273
MIT,b3c38,259,99.63062,101.54864,98.62681,99.38198,99.76661
MIT,b3c38,260,99.62684,101.524765,98.55361,99.37351,99.80122
MIT,b3c38,261,99.619705,101.52812,98.48708,99.266884,99.71338
MIT,b3c38,262,99.620735,101.748245,98.66176,99.27487,99.69928
MIT,b3c38,263,99.62656,101.7866,98.63198,99.22198,99.6981
MIT,b3c38,264,99.62249,101.564705,98.51268,99.237854,99.64626
MIT,b3c38,265,99.6128,99.79414,98.561844,98.91015,99.54435
MIT,b3c38,266,99.618706,101.771645,98.57559,99.415245,99.559105
MIT,b3c38,267,99.6074,101.53391,98.30282,99.29122,99.54017
MIT,b3c38,268,99.611694,101.78346,98.58336,99.23711,99.522354
MIT,b3c38,269,99.60649,101.54826,98.41868,99.409744,99.5431
MIT,b3c38,270,99.60586,99.994316,98.5419,98.94274,99.66905
MIT,b3c38,271,99.604294,101.555885,98.480705,99.17725,99.52984
MIT,b3c38,272,99.59692,101.547226,98.50254,99.209236,99.53098
MIT,b3c38,273,99.600945,101.76985,98.607735,99.20328,99.51772
MIT,b3c38,274,99.59619,101.762825,98.616615,99.28551,99.5727
MIT,b3c38,275,99.588524,101.78008,98.68118,99.18968,99.62587
MIT,b3c38,276,99.58978,101.79262,98.65342,99.1954,99.53477
MIT,b3c38,277,99.57719,101.54516,98.48206,99.18794,99.64582
MIT,b3c38,278,99.583595,101.78317,98.608925,99.120926,99.578255
MIT,b3c38,279,99.57497,101.53584,98.47442,99.23647,99.564606
MIT,b3c38,280,99.56817,101.5513,98.41202,99.27613,99.578125
MIT,b3c38,281,99.57782,101.80943,98.58568,99.113716,99.57633
MIT,b3c38,282,99.57693,101.54652,98.355095,99.13977,99.53282
MIT,b3c38,283,99.57598,101.58002,98.36089,99.21024,99.61003
MIT,b3c38,284,99.5705,101.54414,98.45493,99.12321,99.613014
MIT,b3c38,285,99.56333,101.55391,98.372345,99.31575,99.61443
MIT,b3c38,286,99.560974,101.55506,98.530426,99.177124,99.64749
MIT,b3c38,287,99.55625,101.5448,98.47148,99.23115,99.52551
MIT,b3c38,288,99.54605,101.5509,98.33185,99.254585,99.58354
MIT,b3c38,289,99.54224,101.55991,98.46165,99.32516,99.50844
MIT,b3c38,290,99.534256,101.54197,98.46367,99.19297,99.50844
MIT,b3c38,291,99.53263,101.77503,98.55413,99.34538,99.47258
MIT,b3c38,292,99.53394,101.56,98.44074,99.218765,99.51932
MIT,b3c38,293,99.53086,101.78339,98.58983,99.18535,99.615974
MIT,b3c38,294,99.532295,101.53495,98.48365,99.22564,99.67161
MIT,b3c38,295,99.532074,101.55003,98.408295,99.134636,99.5978
MIT,b3c38,296,99.52426,101.78012,98.56251,99.21167,99.594765
MIT,b3c38,297,99.52803,101.803375,98.582436,99.14938,99.58944
MIT,b3c38,298,99.528404,99.915794,98.42741,98.82127,99.60505
MIT,b3c38,299,99.51765,101.52366,98.48983,99.30069,99.53941
MIT,b3c38,300,99.51666,101.76812,98.565926,99.2666,99.60225
MIT,b3c38,301,99.51708,101.52228,98.53138,99.24624,99.6354
MIT,b3c38,302,99.51387,101.76154,98.63524,99.23381,99.63231
MIT,b3c38,303,99.50611,101.52252,98.48828,99.20147,99.642654
MIT,b3c38,304,99.49643,101.514565,98.51514,99.29513,99.49329
MIT,b3c38,305,99.49921,101.522644,98.48254,99.32992,99.637794
MIT,b3c38,306,99.49488,101.734924,98.659615,99.27965,99.571365
MIT,b3c38,307,99.47976,101.77924,98.61355,99.30168,99.67159
MIT,b3c38,308,99.47742,101.76877,98.645004,99.21178,99.627365
MIT,b3c38,309,99.474915,101.51745,98.47421,99.31303,99.63105
MIT,b3c38,310,99.47372,101.4888,98.61726,99.38474,99.56804
MIT,b3c38,311,99.46959,101.52474,98.50609,99.34736,99.64555
MIT,b3c38,312,99.46603,101.522705,98.27591,99.24673,99.58204
MIT,b3c38,313,99.46955,101.52989,98.61338,99.32335,99.636505
MIT,b3c38,314,99.45645,101.77357,98.647446,99.345345,99.57724
MIT,b3c38,315,99.468796,101.724396,98.53427,99.19756,99.54574
MIT,b3c38,316,99.45817,101.75912,98.54634,99.17006,99.650536
MIT,b3c38,317,99.45798,101.489456,98.47917,99.29848,99.52594
MIT,b3c38,318,99.454666,101.746994,98.54529,99.151085,99.4282
MIT,b3c38,319,99.44453,101.55423,98.38727,99.21599,99.64495
MIT,b3c38,320,99.44024,101.50813,98.48516,99.24956,99.64627
MIT,b3c38,321,99.447235,101.506004,98.47103,99.38668,99.591606
MIT,b3c38,322,99.43764,101.53092,98.271866,99.13946,99.52511
MIT,b3c38,323,99.43149,101.77135,98.5329,99.14107,99.556145
MIT,b3c38,324,99.43853,101.75821,98.59918,99.19938,99.62477
MIT,b3c38,325,99.43872,101.52051,98.172775,99.14577,99.6773
MIT,b3c38,326,99.43025,101.750404,98.318726,99.04908,99.568535
MIT,b3c38,327,99.433266,101.739105,98.59816,99.206696,99.70194
MIT,b3c38,328,99.420815,101.5182,98.284706,99.191635,99.65016
MIT,b3c38,329,99.42068,101.750404,98.564026,99.238945,99.661255
MIT,b3c38,330,99.40855,101.49849,98.38313,99.1761,99.523834
MIT,b3c38,331,99.41374,101.49856,98.35681,99.30272,99.57356
MIT,b3c38,332,99.402374,101.50715,98.44768,99.40054,99.75497
MIT,b3c38,333,99.40391,101.52224,98.48822,99.3847,99.628365
MIT,b3c38,334,99.40022,101.73047,98.55339,99.29669,99.56958
MIT,b3c38,335,99.38973,101.49741,98.49931,99.26996,99.67691
MIT,b3c38,336,99.39491,101.734215,98.90871,99.428734,99.752235
MIT,b3c38,337,99.39011,101.482414,98.44394,99.332146,99.642746
MIT,b3c38,338,99.38634,101.717705,98.39101,99.25102,99.668884
MIT,b3c38,339,99.38807,101.72964,98.59734,99.32747,99.57732
MIT,b3c38,340,99.38229,101.51419,98.38137,99.277695,99.64571
MIT,b3c38,341,99.38453,101.50035,98.221275,99.25558,99.646706
MIT,b3c38,342,99.373344,101.73957,98.59325,99.36641,99.64362
MIT,b3c38,343,99.36458,101.485565,98.3889,99.43969,99.61659
MIT,b3c38,344,99.35903,101.73307,98.631386,99.34897,99.626205
MIT,b3c38,345,99.36091,101.489296,98.41283,99.34645,99.64859
MIT,b3c38,346,99.35619,101.51821,98.38722,99.18834,99.667694
MIT,b3c38,347,99.355835,101.48089,98.43904,99.35271,99.65345
MIT,b3c38,348,99.358185,101.502815,98.520355,99.38107,99.66116
MIT,b3c38,349,99.35247,101.51266,98.463646,99.42239,99.68136
MIT,b3c38,350,99.348434,101.71911,98.49452,99.12832,99.60501
MIT,b3c38,351,99.34947,101.4943,98.43226,99.32626,99.637375
MIT,b3c38,352,99.34577,101.4614,98.470146,99.476456,99.65345
MIT,b3c38,353,99.338066,101.72546,98.5086,99.20249,99.664085
MIT,b3c38,354,99.33274,101.48615,98.19346,99.170006,99.664085
MIT,b3c38,355,99.33059,101.4961,98.461266,99.26066,99.61047
MIT,b3c38,356,99.32372,101.475494,98.36925,99.13269,99.66034
MIT,b3c38,357,99.32595,101.52961,98.432846,99.27575,99.55108
MIT,b3c38,358,99.32813,101.74176,98.567726,99.26879,99.520706
MIT,b3c38,359,99.321945,101.52143,98.3854,99.23809,99.5665
MIT,b3c38,360,99.32975,101.44688,98.23789,99.20954,99.59991
MIT,b3c38,361,99.31569,101.51081,98.25161,99.21408,99.60715
MIT,b3c38,362,99.308975,101.71479,98.56157,99.24764,99.66512
MIT,b3c38,363,99.30336,101.47664,98.48723,99.32928,99.666145
MIT,b3c38,364,99.3031,101.47477,98.33328,99.22099,99.67394
MIT,b3c38,365,99.30352,101.45843,98.4539,99.379616,99.652596
MIT,b3c38,366,99.29403,101.44188,98.46893,99.38257,99.62397
MIT,b3c38,367,99.28723,101.442406,98.46065,99.33841,99.641914
MIT,b3c38,368,99.29007,101.68659,98.66026,99.37726,99.68286
MIT,b3c38,369,99.27821,101.694664,98.5623,99.30294,99.73428
MIT,b3c38,370,99.27355,101.425575,98.429474,99.30394,99.62726
MIT,b3c38,371,99.27071,101.43997,98.241486,99.1594,99.65737
MIT,b3c38,372,99.2696,101.67215,98.83384,99.37395,99.722
MIT,b3c38,373,99.26915,101.68722,98.6078,99.38098,99.6317
MIT,b3c38,374,99.260925,101.67243,98.61939,99.33846,99.66698
MIT,b3c38,375,99.25773,101.43189,98.547714,99.29642,99.73806
MIT,b3c38,376,99.25605,101.6508,98.710175,99.33104,99.6759
MIT,b3c38,377,99.25012,101.40464,98.450676,99.262596,99.68532
MIT,b3c38,378,99.24533,101.65973,98.78108,99.393364,99.74706
MIT,b3c38,379,99.24522,101.65621,98.9249,99.46404,99.83291
MIT,b3c38,380,99.23475,101.40616,98.59064,99.41203,99.78882
MIT,b3c38,381,99.24187,101.40467,98.56446,99.305695,99.85623
MIT,b3c38,382,99.24046,101.441,98.602745,99.38802,99.752174
MIT,b3c38,383,99.23193,101.66633,98.775826,99.504486,99.906975
MIT,b3c38,384,99.226746,101.40961,98.47197,99.2457,99.74956
MIT,b3c38,385,99.22271,101.42888,98.454666,99.25476,99.77351
MIT,b3c38,386,99.22465,101.67925,98.52624,99.22617,99.676506
MIT,b3c38,387,99.22331,101.66654,98.41958,99.141556,99.657135
MIT,b3c38,388,99.223434,101.4356,98.16131,99.19643,99.66872
MIT,b3c38,389,99.22518,101.696396,98.44285,99.14724,99.655914
MIT,b3c38,390,99.22594,101.46281,98.25762,99.16359,99.63338
MIT,b3c38,391,99.226974,101.69931,98.327255,99.00084,99.61555
MIT,b3c38,392,99.22347,101.45775,98.18596,99.0143,99.60566
MIT,b3c38,393,99.2149,101.44638,98.25853,99.1185,99.62746
MIT,b3c38,394,99.210365,101.66648,98.57868,99.183716,99.737915
MIT,b3c38,395,99.20505,101.457886,98.23826,99.102554,99.624115
MIT,b3c38,396,99.209854,101.71038,98.5315,99.14997,99.64899
MIT,b3c38,397,99.20187,101.67866,98.46513,99.05009,99.65502
MIT,b3c38,398,99.19571,101.43364,98.27266,99.0705,99.60451
MIT,b3c38,399,99.19563,101.460724,98.16992,99.024055,99.672226
MIT,b3c38,400,99.19689,101.43665,98.43077,99.151184,99.665054
MIT,b3c38,401,99.190704,102.34849,98.39317,99.29722,101.27474
MIT,b3c38,402,99.18681,101.70705,98.452446,99.104126,99.59949
MIT,b3c38,403,99.18719,101.47136,98.4563,99.22905,99.66829
MIT,b3c38,404,99.1853,101.44917,98.472725,99.15083,99.67745
MIT,b3c38,405,99.18188,101.67598,98.455345,99.12037,99.64859
MIT,b3c38,406,99.178825,101.45891,98.32256,99.08157,99.648285
MIT,b3c38,407,99.17034,101.46007,98.468506,99.162315,99.633286
MIT,b3c38,408,99.165955,101.42797,98.32335,99.093216,99.69085
MIT,b3c38,409,99.166916,101.683365,98.56638,99.11315,99.64135
MIT,b3c38,410,99.162865,101.44669,98.31954,99.13878,99.608246
MIT,b3c38,411,99.155205,101.449814,98.42002,99.20179,99.69103
MIT,b3c38,412,99.15325,101.4202,98.404396,99.09212,99.66905
MIT,b3c38,413,99.143845,101.6884,98.50882,99.11274,99.638435
MIT,b3c38,414,99.14324,101.43667,98.387794,99.09796,99.61819
MIT,b3c38,415,99.14666,101.425705,98.41171,99.16267,99.71624
MIT,b3c38,416,99.145325,101.46312,98.349205,99.01809,99.701294
MIT,b3c38,417,99.13906,101.45428,98.337616,99.06032,99.737946
MIT,b3c38,418,99.12769,101.68809,98.51795,99.121796,99.666435
MIT,b3c38,419,99.1297,101.684235,98.49786,99.06428,99.61794
MIT,b3c38,420,99.12999,101.690155,98.50127,99.07749,99.69574
MIT,b3c38,421,99.127174,101.4797,98.30518,99.02376,99.6144
MIT,b3c38,422,99.1176,101.45953,98.28071,98.9938,99.619835
MIT,b3c38,423,99.11957,101.6793,98.54292,99.15849,99.65428
MIT,b3c38,424,99.116974,101.73147,98.47269,99.062195,99.713425
MIT,b3c38,425,99.113396,101.687744,98.47535,98.9924,99.730774
MIT,b3c38,426,99.1092,101.454025,98.35464,99.18644,99.68004
MIT,b3c38,427,99.09863,101.42112,98.27158,99.0615,99.58747
MIT,b3c38,428,99.09917,101.4168,98.207344,99.048645,99.635666
MIT,b3c38,429,99.092285,101.4465,98.45415,99.15796,99.679756
MIT,b3c38,430,99.09154,101.40703,98.371,99.16253,99.70335
MIT,b3c38,431,99.09228,101.45484,98.14701,99.001976,99.57946
MIT,b3c38,432,99.08548,101.44014,98.14446,99.0448,99.61986
MIT,b3c38,433,99.0835,101.437775,98.35293,99.14074,99.69494
MIT,b3c38,434,99.079605,101.40764,98.38761,99.25406,99.64871
MIT,b3c38,435,99.07894,101.43314,98.30244,99.050415,99.61334
MIT,b3c38,436,99.07513,101.45205,98.19887,99.096695,99.613304
MIT,b3c38,437,99.072014,101.42856,98.20536,99.02281,99.58743
MIT,b3c38,438,99.06929,101.66996,98.52954,99.224556,99.62632
MIT,b3c38,439,99.05648,101.65065,98.54806,99.19472,99.681015
MIT,b3c38,440,99.056114,101.45412,98.164635,98.999794,99.600105
MIT,b3c38,441,99.06089,101.38887,98.3358,99.017456,99.68997
MIT,b3c38,442,99.05507,101.427055,98.16491,98.99845,99.608116
MIT,b3c38,443,99.05449,101.68996,98.45176,98.97017,99.63648
MIT,b3c38,444,99.04982,101.66683,98.56216,99.09775,99.70473
MIT,b3c38,445,99.04265,101.44574,98.30771,99.05864,99.673134
MIT,b3c38,446,99.040375,101.67297,98.44788,99.02856,99.658455
MIT,b3c38,447,99.03904,101.66707,98.54674,99.23286,99.69698
MIT,b3c38,448,99.037,101.41701,98.4781,99.10209,99.65478
MIT,b3c38,449,99.032715,101.678314,98.43587,99.06036,99.69751
MIT,b3c38,450,98.98367,102.03201,98.29898,99.02605,99.59829
MIT,b3c38,451,99.024704,101.45245,98.18147,98.961464,99.59938
MIT,b3c38,452,99.01446,101.68477,98.53231,99.03211,99.66472
MIT,b3c38,453,99.013214,101.67967,98.45463,99.18981,99.62782
MIT,b3c38,454,99.0152,101.4171,98.10216,98.96389,99.64054
MIT,b3c38,455,99.009315,101.70938,98.44685,99.05121,99.62468
MIT,b3c38,456,99.002556,101.423454,98.376976,98.99774,99.670715
MIT,b3c38,457,99.00738,101.68639,98.53555,98.99903,99.68055
MIT,b3c38,458,98.99782,101.435524,98.3569,99.06933,99.67147
MIT,b3c38,459,99.00046,101.44694,98.42579,99.09785,99.66134
MIT,b3c38,460,98.994576,101.46085,98.44686,98.959435,99.688416
MIT,b3c38,461,98.99802,101.68206,98.445946,98.96887,99.658676
MIT,b3c38,462,98.98843,101.69127,98.54072,99.0205,99.68538
MIT,b3c38,463,98.9807,101.41286,98.15168,98.9989,99.57735
MIT,b3c38,464,98.97192,101.3976,98.44357,99.062355,99.599014
MIT,b3c38,465,98.97419,101.40875,98.41678,98.966736,99.6649
MIT,b3c38,466,98.96573,101.39964,98.06786,98.91778,99.568436
MIT,b3c38,467,98.96391,101.42992,98.18922,99.03224,99.60677
MIT,b3c38,468,98.96188,101.39852,98.321266,99.03806,99.65311
MIT,b3c38,469,98.96525,101.65039,98.492935,99.052666,99.64658
MIT,b3c38,470,98.95438,101.65101,98.49119,99.10326,99.67906
MIT,b3c38,471,98.956245,101.63769,98.4545,99.001854,99.69419
MIT,b3c38,472,98.94297,101.403595,98.100945,99.03269,99.6521
MIT,b3c38,473,98.94159,101.39155,98.2331,98.97579,99.67975
MIT,b3c38,474,98.94009,101.384186,98.46167,99.189064,99.686584
MIT,b3c38,475,98.92902,101.63734,98.46595,99.13113,99.68026
MIT,b3c38,476,98.92694,101.60978,98.48008,99.08583,99.63345
MIT,b3c38,477,98.920105,101.359085,98.39079,99.10423,99.66027
MIT,b3c38,478,98.91533,101.590576,98.570755,99.367966,99.70047
MIT,b3c38,479,98.90551,101.595825,98.547325,99.16038,99.68538
MIT,b3c38,480,98.905045,101.33314,98.34017,99.12225,99.67571
MIT,b3c38,481,98.90887,101.58689,98.504944,99.18003,99.72709
MIT,b3c38,482,98.90464,101.352165,98.319,99.084656,99.64741
MIT,b3c38,483,98.89473,101.61242,98.476006,99.10443,99.653946
MIT,b3c38,484,98.89126,101.38572,98.19312,99.02603,99.61296
MIT,b3c38,485,98.89827,101.642,98.45295,99.074265,99.6227
MIT,b3c38,486,98.903114,101.6396,98.49455,99.0381,99.59569
MIT,b3c38,487,98.89657,101.394005,98.24029,98.95269,99.598495
MIT,b3c38,488,98.89432,101.407364,98.34434,98.94621,99.73465
MIT,b3c38,489,98.88521,101.65895,98.48963,98.91635,99.62878
MIT,b3c38,490,98.88887,101.416435,98.22809,98.91363,99.583336
MIT,b3c38,491,98.88872,101.41499,98.424225,99.056755,99.66276
MIT,b3c38,492,98.88596,101.66105,98.48683,98.98719,99.63362
MIT,b3c38,493,98.87931,101.40583,98.41862,99.052895,99.61299
MIT,b3c38,494,98.877335,101.67303,98.526375,99.006134,99.60673
MIT,b3c38,495,98.87446,101.66337,98.46493,98.9092,99.60901
MIT,b3c38,496,98.87166,101.664566,98.48185,98.89804,99.61149
MIT,b3c38,497,98.866615,101.66622,98.51187,99.00726,99.61067
MIT,b3c38,498,98.86169,101.422646,98.17237,98.82776,99.61149
MIT,b3c38,499,98.86261,101.416794,98.25028,98.851364,99.63004
MIT,b3c38,500,98.85636,101.41003,98.439,98.97354,99.609276
MIT,b3c38,501,98.84965,101.39243,98.15521,98.97873,99.62519
MIT,b3c38,502,98.84515,101.387794,98.29713,99.113464,99.60236
MIT,b3c38,503,98.84247,101.39354,98.39054,98.95399,99.574554
MIT,b3c38,504,98.83783,101.41535,98.35441,99.043755,99.61067
MIT,b3c38,505,98.83381,101.63641,98.45678,98.90496,99.61958
MIT,b3c38,506,98.832054,101.62859,98.43792,98.89186,99.60258
MIT,b3c38,507,98.8261,101.63499,98.540405,99.01988,99.626114
MIT,b3c38,508,98.8279,101.63144,98.47432,98.93805,99.58798
MIT,b3c38,509,98.825516,101.38021,98.274445,99.06112,99.61988
MIT,b3c38,510,98.81711,101.37426,98.254295,98.96463,99.59395
MIT,b3c38,511,98.810394,101.61847,98.39107,98.993965,99.59505
MIT,b3c38,512,98.80567,101.62538,98.540436,99.08094,99.554695
MIT,b3c38,513,98.80245,101.62086,98.42087,98.976524,99.57037
MIT,b3c38,514,98.798134,101.357956,98.34951,98.98038,99.58518
MIT,b3c38,515,98.79511,101.60606,98.50413,99.127525,99.62627
MIT,b3c38,516,98.78763,101.36276,98.419716,99.00964,99.62081
MIT,b3c38,517,98.77632,101.34371,98.13969,99.0427,99.60749
MIT,b3c38,518,98.778694,101.606415,98.478,99.06514,99.59011
MIT,b3c38,519,98.778725,101.35662,98.31259,99.02763,99.613205
MIT,b3c38,520,98.77294,101.36575,98.37577,99.059845,99.59823
MIT,b3c38,521,98.77385,101.6168,98.503075,99.132416,99.593185
MIT,b3c38,522,98.7652,101.35788,98.360085,99.013145,99.571236
MIT,b3c38,523,98.76039,101.624596,98.54524,99.07256,99.5792
MIT,b3c38,524,98.762314,101.393364,98.299835,98.95411,99.584305
MIT,b3c38,525,98.756836,101.3543,98.385475,99.03396,99.60542
MIT,b3c38,526,98.75111,101.349945,98.17283,98.98884,99.58571
MIT,b3c38,527,98.745895,101.37258,98.23023,99.042,99.59565
MIT,b3c38,528,98.7471,101.356674,98.25127,98.985435,99.6084
MIT,b3c38,529,98.74254,101.61125,98.41357,99.021736,99.58108
MIT,b3c38,530,98.74458,101.37172,98.319176,99.01612,99.634895
MIT,b3c38,531,98.73397,101.34707,98.204765,99.1328,99.626976
MIT,b3c38,532,98.734085,101.32626,98.36899,99.20442,99.62857
MIT,b3c38,533,98.727196,101.3237,98.110176,99.16093,99.615555
MIT,b3c38,534,98.71959,101.57205,98.54341,99.30418,99.63686
MIT,b3c38,535,98.71821,101.299644,98.40267,99.06486,99.64848
MIT,b3c38,536,98.7071,101.32225,98.38306,99.15807,99.64515
MIT,b3c38,537,98.708115,101.561424,98.54529,99.14115,99.66351
MIT,b3c38,538,98.703125,101.30235,98.24036,99.10323,99.662895
MIT,b3c38,539,98.693436,101.31236,98.31526,99.167244,99.67154
MIT,b3c38,540,98.69733,101.321144,98.32531,99.135056,99.695984
MIT,b3c38,541,98.6884,101.2891,98.34813,99.2313,99.7046
MIT,b3c38,542,98.68088,101.26723,98.266846,99.073425,99.66536
MIT,b3c38,543,98.67731,101.28156,98.601974,99.23648,99.72858
MIT,b3c38,544,98.66794,101.245224,98.59558,99.21355,99.744736
MIT,b3c38,545,98.66706,101.23173,98.58028,99.15406,99.70155
MIT,b3c38,546,98.65646,101.24069,98.66692,99.16881,99.671104
MIT,b3c38,547,98.65821,101.20376,98.62344,99.246124,99.75797
MIT,b3c38,548,98.642746,101.46239,98.99022,99.41917,99.786385
MIT,b3c38,549,98.64257,101.20469,98.595764,99.35627,99.69266
MIT,b3c38,550,98.63398,101.43544,98.9698,99.43553,99.71454
MIT,b3c38,551,98.62754,101.18697,98.525955,99.326904,99.65618
MIT,b3c38,552,98.626686,101.44794,99.02697,99.45932,99.73954
MIT,b3c38,553,98.6242,101.17088,98.59015,99.18863,99.68033
MIT,b3c38,554,98.62911,101.22076,98.65963,99.17038,99.65476
MIT,b3c38,555,98.627754,101.4778,98.87931,99.26892,99.62938
MIT,b3c38,556,98.62366,101.484924,98.56605,99.33547,99.66388
MIT,b3c38,557,98.62564,101.24217,98.361664,99.01358,99.66745
MIT,b3c38,558,98.63548,101.27371,98.42307,99.31494,99.64828
MIT,b3c38,559,98.626564,101.275276,98.10846,99.22522,99.66872
MIT,b3c38,560,98.62671,101.26521,98.37866,99.11796,99.6253
MIT,b3c38,561,98.62541,101.51642,98.54043,99.26242,99.62719
MIT,b3c38,562,98.61782,101.26145,98.39148,99.07317,99.58366
MIT,b3c38,563,98.61132,101.5117,98.461716,99.277466,99.567726
MIT,b3c38,564,98.6082,101.27393,98.268456,99.19689,99.617455
MIT,b3c38,565,98.61078,101.283516,98.34817,99.0457,99.55656
MIT,b3c38,566,98.60285,101.29594,98.39317,99.01905,99.51195
MIT,b3c38,567,98.60417,101.29479,98.14551,99.13059,99.58079
MIT,b3c38,568,98.60146,101.266304,98.41067,99.02473,99.625275
MIT,b3c38,569,98.597725,101.53236,98.322685,99.29769,99.545616
MIT,b3c38,570,98.59176,101.49941,98.46259,99.27708,99.601265
MIT,b3c38,571,98.58323,101.493355,98.47459,99.227875,99.594444
MIT,b3c38,572,98.58264,101.489105,98.45757,99.290184,99.59289
MIT,b3c38,573,98.575096,101.22489,98.40138,99.12421,99.57347
MIT,b3c38,574,98.56774,101.209366,98.28309,99.102425,99.57473
MIT,b3c38,575,98.567245,101.20986,98.31723,99.287895,99.62003
MIT,b3c38,576,98.56583,101.20511,98.37568,99.2628,99.61952
MIT,b3c38,577,98.55681,101.209526,98.39436,99.14549,99.63823
MIT,b3c38,578,98.55627,101.216736,98.41372,99.157005,99.62178
MIT,b3c38,579,98.54624,101.17635,98.483376,99.20499,99.61929
MIT,b3c38,580,98.54591,101.45729,98.65915,99.428406,99.626755
MIT,b3c38,581,98.537636,101.20423,98.541985,99.17116,99.66894
MIT,b3c38,582,98.53624,101.167854,98.61826,99.15286,99.652695
MIT,b3c38,583,98.53355,101.448845,98.56344,99.42185,99.62825
MIT,b3c38,584,98.5196,101.45174,98.89324,99.28932,99.7022
MIT,b3c38,585,98.51902,101.189766,98.37135,99.291245,99.654274
MIT,b3c38,586,98.51385,101.17716,98.29011,99.17507,99.6151
MIT,b3c38,587,98.51173,101.20349,98.374054,99.28204,99.57895
MIT,b3c38,588,98.51825,101.2015,98.36021,99.26459,99.62464
MIT,b3c38,589,98.52072,101.200554,98.2131,99.14801,99.652954
MIT,b3c38,590,98.51039,101.46108,98.67172,99.24302,99.61468
MIT,b3c38,591,98.50511,101.21471,98.27187,99.283264,99.63936
MIT,b3c38,592,98.50064,99.50581,98.40357,98.82844,99.57671
MIT,b3c38,593,98.49713,101.473694,98.52495,99.32147,99.591125
MIT,b3c38,594,98.497284,101.221756,98.380264,99.1603,99.5776
MIT,b3c38,595,98.49455,101.475266,98.53324,99.15364,99.51035
MIT,b3c38,596,98.49824,101.24141,98.39197,99.009865,99.551636
MIT,b3c38,597,98.48695,101.25134,98.30731,99.06107,99.48128
MIT,b3c38,598,98.488716,101.26634,98.41896,99.10851,99.497314
MIT,b3c38,599,98.48916,101.526146,98.38261,99.12381,99.5203
MIT,b3c38,600,98.48459,101.28179,98.28418,98.99863,99.492584
MIT,b3c38,601,98.48448,101.27965,98.39325,99.05785,99.503235
MIT,b3c38,602,98.484406,101.288086,98.158676,99.066124,99.473175
MIT,b3c38,603,98.478745,101.287834,98.19746,99.045654,99.44152
MIT,b3c38,604,98.472374,101.297356,98.24621,99.09395,99.34704
MIT,b3c38,605,98.47608,101.28203,98.19178,99.00528,99.476204
MIT,b3c38,606,98.46861,101.515236,98.48465,99.002426,99.46499
MIT,b3c38,607,98.467026,101.52645,98.47645,99.14574,99.482445
MIT,b3c38,608,98.46514,101.302925,98.257515,99.09014,99.3937
MIT,b3c38,609,98.46251,101.53673,98.45445,99.00742,99.4918
MIT,b3c38,610,98.45859,101.28478,98.30716,99.01895,99.42034
MIT,b3c38,611,98.45677,101.53085,98.515076,98.95052,99.4766
MIT,b3c38,612,98.45136,101.30031,98.26567,98.91441,99.476166
MIT,b3c38,613,98.44797,101.30131,98.217606,98.892975,99.49726
MIT,b3c38,614,98.437584,101.28894,98.35831,98.90684,99.29777
MIT,b3c38,615,98.44594,101.54558,98.40253,99.01765,99.47024
MIT,b3c38,616,98.44089,101.52703,98.39706,99.028145,99.49726
MIT,b3c38,617,98.4375,101.29112,98.185,98.96392,99.37911
MIT,b3c38,618,98.41707,101.263535,98.35075,98.90336,99.28125
MIT,b3c38,619,98.418106,101.23036,98.31103,99.07769,99.28468
MIT,b3c38,620,98.413315,101.50229,98.49004,99.11011,99.49621
MIT,b3c38,621,98.40371,101.501755,98.55727,99.1931,99.47476
MIT,b3c38,622,98.40054,101.25917,98.33314,98.94382,99.43196
MIT,b3c38,623,98.40321,101.280396,98.26846,98.92938,99.41146
MIT,b3c38,624,98.40321,101.27948,98.384415,99.00178,99.398415
MIT,b3c38,625,98.39205,101.273964,98.3445,98.95775,99.29792
MIT,b3c38,626,98.394485,101.534454,98.5684,99.05482,99.334694
MIT,b3c38,627,98.38568,101.52606,98.54353,99.06013,99.309875
MIT,b3c38,628,98.383484,101.27779,98.366806,99.01251,99.29269
MIT,b3c38,629,98.38945,101.28551,98.44493,98.95364,99.56185
MIT,b3c38,630,98.38537,101.54587,98.46932,98.96903,99.36706
MIT,b3c38,631,98.383194,101.55506,98.49039,98.84558,99.377
MIT,b3c38,632,98.378365,101.542625,98.44617,98.946686,99.265205
MIT,b3c38,633,98.370476,101.28868,98.21415,98.93078,99.26602
MIT,b3c38,634,98.36832,101.294846,98.40495,98.79615,99.196045
MIT,b3c38,635,98.36595,101.311066,98.40761,98.87616,99.342575
MIT,b3c38,636,98.36821,101.29924,98.35933,98.77739,99.22633
MIT,b3c38,637,98.3538,101.2953,98.401115,98.81683,99.32958
MIT,b3c38,638,98.35922,101.28578,98.307495,98.97752,99.32217
MIT,b3c38,639,98.348045,101.281456,98.09189,98.958725,99.28686
MIT,b3c38,640,98.34405,101.2914,98.432014,98.872604,99.333336
MIT,b3c38,641,98.34436,101.551384,98.48811,99.03431,99.3392
MIT,b3c38,642,98.33728,101.26156,98.287544,98.966774,99.32417
MIT,b3c38,643,98.332794,101.535324,98.51993,98.967186,99.38001
MIT,b3c38,644,98.331894,101.52644,98.42922,99.01594,99.31481
MIT,b3c38,645,98.32408,101.28689,98.333336,98.87037,99.29438
MIT,b3c38,646,98.32041,101.28086,98.20875,98.92673,99.26708
MIT,b3c38,647,98.3176,101.27098,98.19849,98.96435,99.303
MIT,b3c38,648,98.31635,99.0695,98.56984,98.53314,99.34516
MIT,b3c38,649,98.30734,101.27735,98.3689,98.99154,99.31298
MIT,b3c38,650,98.31034,101.273544,98.41937,99.06396,99.39599
MIT,b3c38,651,98.30989,101.29393,98.1263,98.941986,99.34647
MIT,b3c38,652,98.29772,101.54439,98.46587,99.00053,99.297615
MIT,b3c38,653,98.29281,101.29173,98.26364,98.92406,99.286514
MIT,b3c38,654,98.29027,101.291534,98.27966,98.93962,99.34985
MIT,b3c38,655,98.28727,101.518906,98.30812,98.98503,99.22197
MIT,b3c38,656,98.27741,101.51538,98.514595,98.8924,99.26418
MIT,b3c38,657,98.28049,101.275856,98.39619,98.88316,99.309525
MIT,b3c38,658,98.27713,101.251495,98.10177,98.84235,99.245735
MIT,b3c38,659,98.276085,101.26202,98.39945,98.95475,99.365746
MIT,b3c38,660,98.26472,101.26495,98.20467,98.912865,99.216576
MIT,b3c38,661,98.26893,101.264626,98.13436,98.88279,99.29798
MIT,b3c38,662,98.26507,101.52165,98.45107,99.026955,99.23536
MIT,b3c38,663,98.265594,101.27685,98.2925,98.92687,99.263916
MIT,b3c38,664,98.25562,101.53967,98.39913,99.00899,99.25167
MIT,b3c38,665,98.25112,101.27727,98.4019,98.9147,99.25576
MIT,b3c38,666,98.244225,101.54351,98.364296,98.95887,99.16894
MIT,b3c38,667,98.239105,101.53538,98.451904,99.07644,99.1668
MIT,b3c38,668,98.243614,101.2696,98.199234,98.9868,99.20714
MIT,b3c38,669,98.2426,101.549805,98.46817,98.89383,99.278275
MIT,b3c38,670,98.23509,101.29177,98.356895,98.906906,99.07423
MIT,b3c38,671,98.23034,101.30498,98.38044,98.843094,99.08742
MIT,b3c38,672,98.22227,101.289444,98.28652,98.90742,99.229355
MIT,b3c38,673,98.223465,101.270676,98.354866,98.8515,99.29927
MIT,b3c38,674,98.21123,101.263985,98.38182,98.917366,99.25975
MIT,b3c38,675,98.21323,101.50928,98.46937,98.93351,99.29953
MIT,b3c38,676,98.20271,101.50684,98.503296,98.97961,99.30747
MIT,b3c38,677,98.20474,101.25177,98.30472,98.9126,99.28335
MIT,b3c38,678,98.199005,101.238464,98.417534,98.87115,99.279785
MIT,b3c38,679,98.19197,101.50952,98.44244,99.06463,99.19337
MIT,b3c38,680,98.18884,101.50444,98.55004,98.976875,99.278046
MIT,b3c38,681,98.185524,101.23726,98.40994,98.96619,99.294426
MIT,b3c38,682,98.18597,101.243004,98.19599,98.89022,99.23949
MIT,b3c38,683,98.18131,101.22539,98.27,98.95043,99.28389
MIT,b3c38,684,98.177605,101.23758,98.26755,98.947174,99.25158
MIT,b3c38,685,98.176186,101.2402,98.225494,98.93462,99.26572
MIT,b3c38,686,98.17042,101.25124,98.24591,98.92036,99.23415
MIT,b3c38,687,98.16014,101.24338,98.33158,98.879906,99.32533
MIT,b3c38,688,98.151695,101.50536,98.431625,99.03789,99.256195
MIT,b3c38,689,98.15582,101.49814,98.46592,99.04825,99.273834
MIT,b3c38,690,98.15266,101.23746,98.11951,98.87695,99.29778
MIT,b3c38,691,98.146805,101.24579,98.289604,98.92796,99.32078
MIT,b3c38,692,98.14354,101.2499,98.41486,98.9458,99.26802
MIT,b3c38,693,98.1431,101.53471,98.45174,98.957596,99.25576
MIT,b3c38,694,98.14056,101.26989,98.408066,98.7743,99.133255
MIT,b3c38,695,98.13402,101.52414,98.54143,99.08244,99.221794
MIT,b3c38,696,98.13008,101.2863,98.36455,98.83531,99.24551
MIT,b3c38,697,98.12475,101.272255,98.40811,98.88116,99.14748
MIT,b3c38,698,98.12437,101.273605,98.25877,98.82546,99.22735
MIT,b3c38,699,98.11954,101.49953,98.45021,98.93479,99.082664
MIT,b3c38,700,98.115776,101.23189,98.41629,99.02806,99.24645
MIT,b3c38,701,98.1068,101.23782,98.32014,98.86115,99.22738
MIT,b3c38,702,98.10224,101.48058,98.51602,99.01687,99.26076
MIT,b3c38,703,98.09717,101.20673,98.33165,98.94391,99.268555
MIT,b3c38,704,98.08528,101.47618,98.49684,99.045525,99.268555
MIT,b3c38,705,98.081795,101.479576,98.497375,99.10152,99.273674
MIT,b3c38,706,98.07688,101.47977,98.471825,98.94543,99.25988
MIT,b3c38,707,98.07601,101.494,98.46567,99.11505,99.24683
MIT,b3c38,708,98.07996,101.23985,98.01613,98.94592,99.22386
MIT,b3c38,709,98.07284,101.485634,98.43746,99.04466,99.24343
MIT,b3c38,710,98.06771,101.22757,98.401535,98.997215,99.30223
MIT,b3c38,711,98.061554,101.457695,98.47668,99.05178,99.267654
MIT,b3c38,712,98.051445,101.44256,98.43033,99.07302,99.22907
MIT,b3c38,713,98.04809,101.18727,98.17917,98.95763,99.29667
MIT,b3c38,714,98.04567,101.4461,98.471466,99.11026,99.27699
MIT,b3c38,715,98.04046,101.167465,98.21253,98.96533,99.271194
MIT,b3c38,716,98.0422,101.16772,98.389534,99.06106,99.36943
MIT,b3c38,717,98.03541,101.42808,98.524445,99.168015,99.33441
MIT,b3c38,718,98.0289,101.43125,98.519196,99.09758,99.306526
MIT,b3c38,719,98.03002,101.45101,98.47466,99.14913,99.35716
MIT,b3c38,720,98.02713,101.14117,98.2496,98.99948,99.30838
MIT,b3c38,721,98.016235,101.419716,98.51427,99.14349,99.257965
MIT,b3c38,722,98.01293,101.161514,97.99411,98.966736,99.16588
MIT,b3c38,723,98.009605,101.42581,98.47629,99.23141,99.27011
MIT,b3c38,724,98.00272,101.15812,98.31778,99.02231,99.23588
MIT,b3c38,725,98.00072,101.17478,98.272575,98.99367,99.22348
MIT,b3c38,726,97.992004,101.163475,98.17095,98.91227,99.121025
MIT,b3c38,727,97.99656,101.41468,98.45666,99.104065,99.17057
MIT,b3c38,728,97.98701,101.20215,98.16739,98.94356,99.21868
MIT,b3c38,729,97.98747,101.16688,98.15662,99.021736,99.24908
MIT,b3c38,730,97.98431,101.415886,98.52865,99.16936,99.29076
MIT,b3c38,731,97.9813,101.12959,98.057495,98.96063,99.175476
MIT,b3c38,732,97.97589,101.40335,98.55038,99.13518,99.22861
MIT,b3c38,733,97.97393,101.41774,98.521164,99.165665,99.27143
MIT,b3c38,734,97.96446,101.12464,98.18918,98.954796,99.22175
MIT,b3c38,735,97.965454,101.13818,98.190025,99.008514,99.27826
MIT,b3c38,736,97.95678,101.15191,98.22117,98.97706,99.12414
MIT,b3c38,737,97.95325,101.14422,98.269684,99.05106,99.1424
MIT,b3c38,738,97.95232,101.422226,98.51092,99.167015,99.20512
MIT,b3c38,739,97.95125,101.13168,98.32909,99.068146,99.26023
MIT,b3c38,740,97.94757,101.16256,98.373184,99.01716,99.32002
MIT,b3c38,741,97.94494,101.1744,98.40532,98.963165,99.27892
MIT,b3c38,742,97.937645,101.43512,98.48935,99.09636,99.19331
MIT,b3c38,743,97.94178,101.43946,98.546425,99.03438,99.21089
MIT,b3c38,744,97.93322,101.44034,98.44831,99.13664,99.12169
MIT,b3c38,745,97.92999,101.4271,98.43122,99.10913,99.209015
MIT,b3c38,746,97.92273,101.174416,98.17011,98.90845,99.191505
MIT,b3c38,747,97.919235,101.169174,98.09542,98.89392,99.23016
MIT,b3c38,748,97.918915,101.1495,98.22117,98.907326,99.17268
MIT,b3c38,749,97.91381,101.14493,98.10251,98.89635,99.12675
MIT,b3c38,750,97.907104,101.41966,98.50238,99.09291,99.276695
MIT,b3c38,751,97.905205,101.14488,98.415306,99.006744,99.25589
MIT,b3c38,752,97.90155,101.39882,98.51616,99.150826,99.28358
MIT,b3c38,753,97.88933,101.395195,98.512375,99.145966,99.211205
MIT,b3c38,754,97.8902,101.10048,98.30291,98.97743,99.18878
MIT,b3c38,755,97.88848,101.1393,98.34867,99.009094,99.22881
MIT,b3c38,756,97.88156,101.134,98.35966,99.02935,99.18043
MIT,b3c38,757,97.87923,101.40488,98.391495,99.05942,99.18564
MIT,b3c38,758,97.87454,101.102936,98.120514,98.90666,99.20941
MIT,b3c38,759,97.86916,101.11049,98.282425,98.955795,99.15044
MIT,b3c38,760,97.873726,101.112114,98.388374,99.16547,99.22219
MIT,b3c38,761,97.864555,101.3704,98.53747,99.25842,99.21381
MIT,b3c38,762,97.852104,101.08653,98.36205,99.03961,99.152275
MIT,b3c38,763,97.85146,101.11003,98.192696,98.90457,99.16336
MIT,b3c38,764,97.845924,101.08745,98.17642,98.96818,99.16584
MIT,b3c38,765,97.845276,101.376114,98.54494,99.18068,99.172104
MIT,b3c38,766,97.842125,101.38072,98.546036,99.330536,99.177826
MIT,b3c38,767,97.83708,101.37931,98.45657,99.1836,99.18255
MIT,b3c38,768,97.83274,101.10527,98.32754,99.062096,99.1803
MIT,b3c38,769,97.840034,101.11059,98.16092,98.98001,99.16063
MIT,b3c38,770,97.82576,101.08812,98.29498,99.07311,99.14014
MIT,b3c38,771,97.82685,101.38831,98.35464,99.19296,99.13519
MIT,b3c38,772,97.82522,101.10751,98.26918,98.95096,99.18878
MIT,b3c38,773,97.82159,101.39158,98.4406,99.18386,99.19421
MIT,b3c38,774,97.81513,101.120735,98.32773,98.99566,99.15826
MIT,b3c38,775,97.80951,101.40013,98.474434,99.10377,99.09826
MIT,b3c38,776,97.811966,101.15288,98.15883,98.95658,99.2811
MIT,b3c38,777,97.802444,101.40539,98.544876,99.149536,99.10963
MIT,b3c38,778,97.808105,101.422485,98.504654,99.15727,99.15181
MIT,b3c38,779,97.797905,101.15826,98.24936,98.877205,99.15474
MIT,b3c38,780,97.80538,101.44119,98.50887,99.03425,99.20459
MIT,b3c38,781,97.80068,101.18357,98.30942,99.02991,99.20444
MIT,b3c38,782,97.793625,101.44693,98.45438,99.007484,99.11775
MIT,b3c38,783,97.78673,101.16237,98.387085,98.87986,99.11344
MIT,b3c38,784,97.78545,101.15324,98.17126,98.82756,99.28007
MIT,b3c38,785,97.78028,98.97692,98.41884,98.09556,99.15474
MIT,b3c38,786,97.77551,101.431046,98.48052,99.07996,99.145584
MIT,b3c38,787,97.77064,101.43995,98.54505,99.07378,99.249054
MIT,b3c38,788,97.76643,101.44686,98.39065,99.05508,99.18716
MIT,b3c38,789,97.760605,101.16161,98.09613,98.80702,99.15897
MIT,b3c38,790,97.75624,101.15973,98.395355,98.869125,99.125854
MIT,b3c38,791,97.75474,101.42359,98.42373,98.96392,99.15455
MIT,b3c38,792,97.75071,101.17008,98.16624,98.818054,99.1846
MIT,b3c38,793,97.75525,101.161606,98.04453,98.960434,99.19988
MIT,b3c38,794,97.74841,101.431885,98.42891,99.06493,99.15298
MIT,b3c38,795,97.74151,101.15125,98.34595,98.9373,99.151146
MIT,b3c38,796,97.72831,101.41961,98.36818,99.14191,99.2155
MIT,b3c38,797,97.727104,101.40552,98.451836,99.17741,99.10987
MIT,b3c38,798,97.723114,101.41059,98.41167,99.11936,99.131874
MIT,b3c38,799,97.721,101.13402,98.27747,98.92613,99.15857
MIT,b3c38,800,97.720245,101.41387,98.55083,99.142365,99.15211
MIT,b3c38,801,97.71484,101.43062,98.47615,99.11627,99.17276
MIT,b3c38,802,97.71282,101.41901,98.447914,99.06284,99.14731
MIT,b3c38,803,97.703804,101.16239,98.41007,98.91567,99.16834
MIT,b3c38,804,97.703354,101.41099,98.48307,99.05391,99.18005
MIT,b3c38,805,97.703735,101.42883,98.49749,99.02326,99.11259
MIT,b3c38,806,97.701195,102.213394,98.324936,98.876945,101.26893
MIT,b3c38,807,97.69748,101.438805,98.43024,99.01606,99.12604
MIT,b3c38,808,97.69715,101.440285,98.327354,99.041595,99.1276
MIT,b3c38,809,97.69561,101.45111,98.44231,98.97201,99.140724
MIT,b3c38,810,97.68933,101.167946,98.36663,98.86585,99.12267
MIT,b3c38,811,97.680916,101.1519,98.28557,98.96175,99.14072
MIT,b3c38,812,97.67192,101.164154,98.15776,98.81615,99.2043
MIT,b3c38,813,97.663086,101.41169,98.49111,99.0345,99.10632
MIT,b3c38,814,97.659744,101.4176,98.48801,99.057045,99.11907
MIT,b3c38,815,97.66303,101.133125,98.13697,98.81556,99.17384
MIT,b3c38,816,97.65262,101.13722,98.28609,98.966354,99.13709
MIT,b3c38,817,97.64578,101.388626,98.44311,99.0642,99.164856
MIT,b3c38,818,97.64289,101.10552,98.18677,98.86226,99.17649
MIT,b3c38,819,97.634766,101.1015,98.16083,98.81964,99.14959
MIT,b3c38,820,97.632225,101.07559,98.30873,98.935036,99.1269
MIT,b3c38,821,97.62576,101.08681,98.20926,98.89913,99.15285
MIT,b3c38,822,97.62081,101.35915,98.40664,99.085556,99.18354
MIT,b3c38,823,97.611565,101.07521,98.23078,98.94853,99.17101
MIT,b3c38,824,97.61619,101.34009,98.55512,99.17647,99.133514
MIT,b3c38,825,97.60684,101.078865,98.29964,98.892105,99.11213
MIT,b3c38,826,97.60413,101.056145,98.235,98.99738,99.152374
MIT,b3c38,827,97.59856,101.33787,98.46295,99.20302,99.15085
MIT,b3c38,828,97.596245,101.068954,98.44053,98.278564,99.0931
MIT,b3c38,829,97.59441,101.06009,98.34631,98.96667,99.145706
MIT,b3c38,830,97.58608,101.05817,98.33584,99.116356,98.911446
MIT,b3c38,831,97.58253,101.335495,98.52387,99.21703,99.14988
MIT,b3c38,832,97.57766,101.07,98.14911,99.023346,99.16036
MIT,b3c38,833,97.56728,101.058914,98.16965,99.097374,99.16028
MIT,b3c38,834,97.57053,101.04946,98.25758,98.98418,99.119865
MIT,b3c38,835,97.5675,101.06652,98.216064,98.88847,99.14597
MIT,b3c38,836,97.5619,101.070305,98.24113,98.9233,98.89504
MIT,b3c38,837,97.55702,101.04781,98.21981,98.90851,99.110405
MIT,b3c38,838,97.54906,101.34214,98.47637,99.17995,99.09342
MIT,b3c38,839,97.553024,101.07984,98.26444,99.03169,99.1007
MIT,b3c38,840,97.54334,101.08765,98.10529,98.941086,99.13803
MIT,b3c38,841,97.54713,101.0744,98.23858,98.92763,99.1329
MIT,b3c38,842,97.53709,101.091194,98.148674,98.93433,99.13365
MIT,b3c38,843,97.53567,101.34766,98.45906,99.12738,99.16014
MIT,b3c38,844,97.52693,101.35969,98.456726,99.15465,99.11012
MIT,b3c38,845,97.52672,101.07347,98.300255,98.9775,99.122055
MIT,b3c38,846,97.52663,101.08314,98.31254,98.98034,99.13873
MIT,b3c38,847,97.52011,101.35002,98.43271,99.07182,99.151436
MIT,b3c38,848,97.513794,101.10096,98.40212,98.940575,99.10396
MIT,b3c38,849,97.51361,101.120186,98.224014,98.83973,99.06703
MIT,b3c38,850,97.51554,101.41196,98.50051,99.22128,99.17916
MIT,b3c38,851,97.51719,101.127754,98.12436,98.85542,99.10728
MIT,b3c38,852,97.508896,101.09429,98.26036,98.91646,99.14741
MIT,b3c38,853,97.49994,101.08748,98.24629,98.97508,99.18011
MIT,b3c38,854,97.494774,101.0669,98.24187,98.93231,99.12511
MIT,b3c38,855,97.49206,101.34696,98.405525,99.094315,99.14513
MIT,b3c38,856,97.48413,101.09693,98.26633,99.00898,99.10295
MIT,b3c38,857,97.484055,101.06545,98.2704,98.91772,99.1047
MIT,b3c38,858,97.47663,101.3621,98.4107,99.17602,99.11718
MIT,b3c38,859,97.46886,101.066505,98.33775,98.99414,99.12419
MIT,b3c38,860,97.465416,101.06136,98.15639,98.91875,99.0844
MIT,b3c38,861,97.46276,101.04796,98.29895,98.98006,99.088326
MIT,b3c38,862,97.45688,101.32745,98.42884,99.11222,99.12694
MIT,b3c38,863,97.454384,101.0452,98.04989,98.970215,99.12284
MIT,b3c38,864,97.45108,101.0497,98.34628,98.971855,99.10991
MIT,b3c38,865,97.44817,101.32978,98.60015,99.22817,99.173965
MIT,b3c38,866,97.4359,101.294266,98.47064,99.222824,99.16542
MIT,b3c38,867,97.43648,101.017784,98.175896,99.08566,99.19358
MIT,b3c38,868,97.42453,101.00692,98.48763,99.03731,99.222
MIT,b3c38,869,97.41641,101.00578,98.37716,99.07033,99.25314
MIT,b3c38,870,97.418915,101.28134,98.95107,99.37371,99.170105
MIT,b3c38,871,97.40611,100.989174,98.462135,98.999825,99.21947
MIT,b3c38,872,97.40912,101.00705,98.50889,99.07275,99.18966
MIT,b3c38,873,97.404144,101.00056,98.66704,99.086174,99.08814
MIT,b3c38,874,97.39921,101.00283,98.483574,99.13316,99.20028
MIT,b3c38,875,97.39797,101.293365,98.81252,99.41073,99.05621
MIT,b3c38,876,97.393974,101.00741,98.2187,99.03452,99.1662
MIT,b3c38,877,97.38839,101.29795,98.74492,99.357506,99.06429
MIT,b3c38,878,97.38791,101.296265,98.874054,99.315025,99.139145
MIT,b3c38,879,97.38071,100.9939,98.512436,98.99131,99.14755
MIT,b3c38,880,97.37216,100.99431,98.50339,99.09524,99.146095
MIT,b3c38,881,97.37395,101.28885,98.76962,99.37935,99.204735
MIT,b3c38,882,97.36611,100.98427,98.46073,99.03781,99.169426
MIT,b3c38,883,97.353485,100.98564,98.10537,99.03763,99.12389
MIT,b3c38,884,97.36275,100.988686,98.48976,98.9718,99.17174
MIT,b3c38,885,97.349014,101.25432,98.900116,99.45633,99.12764
MIT,b3c38,886,97.34583,101.244835,98.744576,99.46094,99.176476
MIT,b3c38,887,97.34512,100.96426,98.45083,99.131516,99.05521
MIT,b3c38,888,97.33636,100.96285,98.36928,99.17111,99.045
MIT,b3c38,889,97.33328,100.97377,98.58458,99.254456,99.13646
MIT,b3c38,890,97.33281,101.25171,98.82734,99.31379,99.16633
MIT,b3c38,891,97.32829,100.98152,98.421234,99.10282,99.18096
MIT,b3c38,892,97.326256,100.99294,98.30538,99.11076,99.16515
MIT,b3c38,893,97.32422,101.28386,98.91636,99.30742,99.12477
MIT,b3c38,894,97.31397,100.9876,98.46074,99.04693,99.147835
MIT,b3c38,895,97.31414,101.00522,98.15943,99.227356,99.2102
MIT,b3c38,896,97.309616,99.1179,98.34772,98.9614,99.19766
MIT,b3c38,897,97.3101,100.99582,98.4531,99.045525,99.144135
MIT,b3c38,898,97.30809,100.98203,98.49775,99.017456,99.11671
MIT,b3c38,899,97.30064,101.00885,98.25171,99.14745,99.15876
MIT,b3c38,900,97.29907,100.991615,98.369606,99.18009,99.15953
MIT,b3c38,901,97.29547,101.275314,98.74759,99.4358,99.085526
MIT,b3c38,902,97.286255,100.98523,98.571846,99.17529,99.11214
MIT,b3c38,903,97.27918,101.26488,98.88623,99.32634,99.08666
MIT,b3c38,904,97.27889,100.984665,98.37567,99.12297,99.13619
MIT,b3c38,905,97.27338,101.25603,98.7374,99.3413,99.16659
MIT,b3c38,906,97.27162,101.25691,98.892654,99.32331,99.07703
MIT,b3c38,907,97.25989,100.98478,98.3728,99.05866,99.12765
MIT,b3c38,908,97.25582,101.25327,98.97188,99.41836,99.06398
MIT,b3c38,909,97.2489,100.95646,98.363914,99.14407,99.01273
MIT,b3c38,910,97.24724,101.236435,98.873375,99.43374,99.15991
MIT,b3c38,911,97.24484,101.23007,98.88949,99.387245,99.03272
MIT,b3c38,912,97.24129,101.2389,98.87174,99.36166,99.04622
MIT,b3c38,913,97.23729,100.96501,98.29402,99.03773,98.99893
MIT,b3c38,914,97.23317,100.96417,98.589745,99.10087,99.07469
MIT,b3c38,915,97.2286,100.9588,98.54906,99.14865,99.091446
MIT,b3c38,916,97.2221,100.9649,98.552895,99.05539,98.86655
MIT,b3c38,917,97.21865,100.95443,98.43826,99.2415,99.03618
MIT,b3c38,918,97.21419,101.208405,98.917,99.37541,98.937035
MIT,b3c38,919,97.20931,101.250534,98.74141,99.51237,99.0083
MIT,b3c38,920,97.20531,100.962715,98.55629,99.09835,98.95032
MIT,b3c38,921,97.20179,100.96124,98.41535,99.088264,99.101364
MIT,b3c38,922,97.198364,100.94779,98.54528,99.06438,98.93573
MIT,b3c38,923,97.192825,100.93111,98.58528,99.15855,98.849785
MIT,b3c38,924,97.187744,100.92493,98.38421,99.15445,99.02702
MIT,b3c38,925,97.18138,100.91367,98.44162,99.167625,98.86502
MIT,b3c38,926,97.1801,100.92198,98.4513,99.14085,98.74651
MIT,b3c38,927,97.181175,100.92349,98.40506,99.04383,98.843346
MIT,b3c38,928,97.17177,101.19792,98.854126,99.3975,98.79837
MIT,b3c38,929,97.16724,101.19448,98.770584,99.38076,98.88584
MIT,b3c38,930,97.16653,100.92016,98.493576,99.04784,98.77933
MIT,b3c38,931,97.15709,101.20108,98.75442,99.343864,98.71924
MIT,b3c38,932,97.15825,100.93326,98.366714,99.18141,98.84655
MIT,b3c38,933,97.149506,100.932076,98.542435,99.23052,98.862595
MIT,b3c38,934,97.14175,99.02807,98.57152,99.11919,98.61853
MIT,b3c38,935,97.13905,100.90384,98.54475,99.18272,98.68808
MIT,b3c38,936,97.12928,101.17952,99.024284,99.58295,98.846924
MIT,b3c38,937,97.13171,101.16837,98.88925,99.58317,98.67886
MIT,b3c38,938,97.12633,100.86902,98.506584,99.37721,98.52401
MIT,b3c38,939,97.12038,99.065445,98.61796,99.147865,98.65925
MIT,b3c38,940,97.11385,100.869774,98.54748,99.25077,98.72562
MIT,b3c38,941,97.11218,101.15069,98.70962,99.48269,98.709404
MIT,b3c38,942,97.10859,101.15857,98.98436,99.56564,98.813034
MIT,b3c38,943,97.108864,100.88166,98.48413,99.15803,98.68054
MIT,b3c38,944,97.09874,100.846016,98.52612,99.17986,98.66446
MIT,b3c38,945,97.09222,101.15835,98.92675,99.56941,98.692795
MIT,b3c38,946,97.09162,101.16187,99.0474,99.57237,98.70929
MIT,b3c38,947,97.09321,100.888916,98.53318,99.078804,98.62234
MIT,b3c38,948,97.08442,100.87198,98.398315,99.338196,98.60955
MIT,b3c38,949,97.08183,101.15744,98.868164,99.54497,98.63053
MIT,b3c38,950,97.07457,101.144875,98.967995,99.44721,98.471825
MIT,b3c38,951,97.067825,101.162544,99.02438,99.44574,98.584236
MIT,b3c38,952,97.06853,100.85394,98.51997,99.11708,98.68378
MIT,b3c38,953,97.06506,101.16183,98.99026,99.474976,98.57763
MIT,b3c38,954,97.060425,101.17217,98.86444,99.49778,98.57799
MIT,b3c38,955,97.05897,101.17927,98.98187,99.46512,98.62174
MIT,b3c38,956,97.05248,100.89852,98.6526,99.04242,98.64539
MIT,b3c38,957,97.0463,100.96192,98.52449,99.098625,98.79189
MIT,b3c38,958,97.04954,100.92586,98.451675,99.14682,98.83014
MIT,b3c38,959,97.04019,100.90023,98.50095,99.29233,98.51803
MIT,b3c38,960,97.04258,101.17737,98.82064,99.45281,98.60034
MIT,b3c38,961,97.036995,101.16594,98.714294,99.404045,98.65157
MIT,b3c38,962,97.030365,100.88053,98.45374,99.21704,98.688644
MIT,b3c38,963,97.02943,100.88441,98.52964,99.125305,98.60569
MIT,b3c38,964,97.02222,100.885864,98.579506,99.07906,98.59573
MIT,b3c38,965,97.021965,100.88878,98.34563,99.03096,98.578995
MIT,b3c38,966,97.016304,101.169685,98.96485,99.53766,98.63373
MIT,b3c38,967,97.01411,98.87,98.64373,99.12396,98.53417
MIT,b3c38,968,97.00885,100.87409,98.57826,99.26509,98.579414
MIT,b3c38,969,97.0046,100.87317,98.49947,99.287315,98.59151
MIT,b3c38,970,96.99928,101.1597,98.70714,99.38217,98.61531
MIT,b3c38,971,96.99612,100.84834,98.1899,98.9876,98.65547
MIT,b3c38,972,96.994415,100.844925,98.50626,99.06199,98.54437
MIT,b3c38,973,96.98863,100.85585,98.567795,99.38692,98.56937
MIT,b3c38,974,96.98599,100.82851,98.53315,99.098465,98.594215
MIT,b3c38,975,96.97692,100.81926,98.52123,99.21191,98.56336
MIT,b3c38,976,96.974144,100.84299,98.38966,99.271095,98.48134
MIT,b3c38,977,96.96931,100.807465,98.47968,99.17988,98.48438
MIT,b3c38,978,96.9643,100.84183,98.39379,99.12058,98.51389
MIT,b3c38,979,96.9586,101.12635,98.77972,99.45693,98.491165
MIT,b3c38,980,96.95635,101.1252,98.90734,99.583725,98.46422
MIT,b3c38,981,96.952225,100.82032,98.428764,99.19576,98.49196
MIT,b3c38,982,96.93976,100.82528,98.36687,99.02281,98.43159
MIT,b3c38,983,96.945435,100.8203,98.46187,99.090904,98.44271
MIT,b3c38,984,96.94267,100.83128,98.379326,99.12943,98.495514
MIT,b3c38,985,96.9383,101.11122,99.094376,99.66921,98.48438
MIT,b3c38,986,96.93196,100.81569,98.545715,99.255844,98.49913
MIT,b3c38,987,96.925964,100.82184,98.52561,99.122505,98.27283
MIT,b3c38,988,96.92192,101.11224,99.03752,99.59848,98.45653
MIT,b3c38,989,96.92138,101.099365,98.91278,99.465485,98.451096
MIT,b3c38,990,96.914986,101.1043,98.82396,99.468636,98.39837
MIT,b3c38,991,96.90862,100.798874,98.62351,99.5738,98.46638
MIT,b3c38,992,96.903625,100.8136,98.60738,99.35509,98.39941
MIT,b3c38,993,96.896645,101.10747,99.06847,99.55537,98.42998
MIT,b3c38,994,96.89034,101.115295,98.99306,99.65801,98.441475
MIT,b3c38,995,96.89244,100.80832,98.168724,99.28667,98.346054
MIT,b3c38,996,96.89066,100.80984,98.45585,99.2271,98.23543
MIT,b3c38,997,96.88263,101.100914,98.94359,99.44461,98.2664
MIT,b3c38,998,96.88124,100.80008,98.38185,99.20526,98.43051
MIT,b3c38,999,96.87378,100.80488,98.433014,99.14278,98.41837
MIT,b3c38,1000,96.87254,100.80563,98.49224,99.15177,98.394394
MIT,b3c38,1001,96.868996,100.79603,98.262856,99.014595,98.44887
MIT,b3c38,1002,96.86537,101.107666,98.69352,99.44964,98.40586
MIT,b3c38,1003,96.86704,100.82651,98.35044,99.052155,98.45552
MIT,b3c38,1004,96.86131,100.8041,98.17698,99.0318,98.48923
MIT,b3c38,1005,96.85632,101.09748,98.78216,99.49803,98.40774
MIT,b3c38,1006,96.85005,100.81817,98.48125,99.124176,98.33858
MIT,b3c38,1007,96.841194,100.808,98.44374,99.041664,98.25302
MIT,b3c38,1008,96.84196,101.098724,98.9619,99.609245,98.416306
MIT,b3c38,1009,96.829765,101.09587,99.078995,99.56107,98.36031
MIT,b3c38,1010,96.83667,101.10483,98.82334,99.503174,98.44653
MIT,b3c38,1011,96.82856,100.792366,98.4264,99.25751,98.407715
MIT,b3c38,1012,96.826866,100.7717,98.424934,99.17685,98.37634
MIT,b3c38,1013,96.82577,101.0898,98.899864,99.57568,98.39657
MIT,b3c38,1014,96.82316,100.78924,98.351616,99.17561,98.442406
MIT,b3c38,1015,96.80889,100.77067,98.54762,99.172386,98.33387
MIT,b3c38,1016,96.80763,101.08742,98.87934,99.461334,98.37891
MIT,b3c38,1017,96.808784,100.77904,98.338585,99.124245,98.44295
MIT,b3c38,1018,96.80138,98.86932,98.77088,99.11052,98.33529
MIT,b3c38,1019,96.80232,100.78777,98.387726,99.13489,98.41516
MIT,b3c38,1020,96.79372,101.10304,98.68186,99.388954,98.475006
MIT,b3c38,1021,96.79019,100.78095,98.380486,99.29161,98.374214
MIT,b3c38,1022,96.78601,100.794495,98.400986,99.041435,98.356995
MIT,b3c38,1023,96.78075,101.08953,98.36571,99.39618,98.361534
MIT,b3c38,1024,96.78005,100.79766,98.162415,99.008415,98.40531
MIT,b3c38,1025,96.77138,101.07066,98.766754,99.55606,98.42894
MIT,b3c38,1026,96.774666,100.79406,98.44164,99.10653,98.301506
MIT,b3c38,1027,96.764465,100.77251,98.50056,99.22399,98.24116
MIT,b3c38,1028,96.76023,100.803154,98.472786,99.22001,98.32917
MIT,b3c38,1029,96.75932,100.77602,98.4213,99.10771,98.32793
MIT,b3c38,1030,96.75623,101.09755,99.02447,99.56767,98.32861
MIT,b3c38,1031,96.74857,101.086914,99.04515,99.671814,98.125114
MIT,b3c38,1032,96.74786,100.78907,98.60588,99.23176,98.302155
MIT,b3c38,1033,96.740685,100.78311,98.3916,99.1334,98.335976
MIT,b3c38,1034,96.7326,100.769806,98.434204,99.13605,98.266495
MIT,b3c38,1035,96.73924,101.08972,98.9055,99.50276,98.36031
MIT,b3c38,1036,96.73299,100.78805,98.375,99.123245,98.345276
MIT,b3c38,1037,96.73159,101.08482,99.11153,99.58869,98.283104
MIT,b3c38,1038,96.726265,100.77797,98.43087,99.18396,98.32767
MIT,b3c38,1039,96.7205,101.082504,98.896675,99.496735,98.33287
MIT,b3c38,1040,96.71294,101.083496,98.741684,99.431046,98.28576
MIT,b3c38,1041,96.71781,100.762856,98.40107,99.07093,98.31595
MIT,b3c38,1042,96.708534,100.77505,98.43312,99.18932,98.302666
MIT,b3c38,1043,96.70518,100.760284,98.34194,99.16086,98.32457
MIT,b3c38,1044,96.69703,100.76901,98.3953,99.06031,98.35762
MIT,b3c38,1045,96.697044,100.78266,98.49234,99.16948,98.31222
MIT,b3c38,1046,96.691315,100.781075,98.43037,99.02511,98.2209
MIT,b3c38,1047,96.69111,101.08888,99.05352,99.56671,98.270706
MIT,b3c38,1048,96.681076,100.77272,98.222626,98.949104,98.35875
MIT,b3c38,1049,96.680824,100.76754,98.41235,99.0906,98.26417
MIT,b3c38,1050,96.67546,101.07101,98.67435,99.48069,98.29674
MIT,b3c38,1051,96.66699,101.0717,99.01994,99.49045,98.258194
MIT,b3c38,1052,96.66127,100.77558,98.37375,98.98335,98.23889
MIT,b3c38,1053,96.660385,100.76457,98.41872,99.03681,98.26772
MIT,b3c38,1054,96.66039,100.78321,98.40949,98.9983,98.311516
MIT,b3c38,1055,96.652885,100.76002,98.378685,99.22264,98.24514
MIT,b3c38,1056,96.6491,100.782906,98.30728,98.95751,98.30573
MIT,b3c38,1057,96.64554,100.76486,98.38754,99.12676,98.249405
MIT,b3c38,1058,96.64256,100.78501,98.466644,99.13266,98.20059
MIT,b3c38,1059,96.63756,101.056595,99.056694,99.49258,98.261955
MIT,b3c38,1060,96.633606,100.77051,98.33861,99.08871,98.277756
MIT,b3c38,1061,96.63156,101.07355,98.71791,99.49999,98.21943
MIT,b3c38,1062,96.6287,101.08575,98.48757,99.418724,98.26543
MIT,b3c38,1063,96.62416,101.10038,99.12436,99.59507,98.18197
MIT,b3c38,1064,96.61632,100.745895,98.39896,99.22803,98.2418
MIT,b3c38,1065,96.610115,100.76964,98.31635,99.22111,98.23773
MIT,b3c38,1066,96.604744,100.74991,98.53481,99.06872,98.169815
MIT,b3c38,1067,96.60654,100.74981,98.31624,99.18336,98.26577
MIT,b3c38,1068,96.60629,100.76595,98.32111,99.02728,98.22701
MIT,b3c38,1069,96.59036,100.75362,98.48126,99.35895,98.13835
MIT,b3c38,1070,96.5961,101.05951,98.722435,99.585884,98.13101
MIT,b3c38,1071,96.58749,100.753815,98.4894,99.04616,98.09626
MIT,b3c38,1072,96.57935,100.75885,98.43302,99.12703,98.05525
MIT,b3c38,1073,96.5788,101.04602,98.730576,99.56421,98.14649
MIT,b3c38,1074,96.574265,100.75654,98.20416,99.03309,98.20704
MIT,b3c38,1075,96.5748,101.07109,99.105125,99.57139,98.078835
MIT,b3c38,1076,96.57031,100.76657,98.46928,99.20473,98.15406
MIT,b3c38,1077,96.56716,100.76484,98.49186,99.32824,98.14049
MIT,b3c38,1078,96.56405,101.061745,98.772484,99.46755,98.22911
MIT,b3c38,1079,96.55899,100.769394,98.300964,99.27646,98.21258
MIT,b3c38,1080,96.55725,101.05225,98.63087,99.36292,98.146935
MIT,b3c38,1081,96.55104,100.75977,98.520515,99.0318,98.169815
MIT,b3c38,1082,96.54314,100.75091,98.42165,99.1459,98.15071
MIT,b3c38,1083,96.54076,101.048355,99.07293,99.46204,98.149956
MIT,b3c38,1084,96.535446,101.065895,98.779335,99.559105,98.195496
MIT,b3c38,1085,96.532715,100.75464,98.466835,99.21118,98.11476
MIT,b3c38,1086,96.53381,98.85826,98.734184,99.137276,98.14137
MIT,b3c38,1087,96.525185,100.734215,98.50653,99.03859,98.17476
MIT,b3c38,1088,96.51902,100.743675,98.35309,99.08314,98.164795
MIT,b3c38,1089,96.522224,101.04611,99.01065,99.49407,98.2071
MIT,b3c38,1090,96.508965,100.75789,98.482445,99.09239,98.142784
MIT,b3c38,1091,96.51265,100.76478,98.32072,99.04514,98.18478
MIT,b3c38,1092,96.50463,101.05457,98.77422,99.50151,98.09622
MIT,b3c38,1093,96.49587,100.74831,98.37005,98.933754,98.1461
MIT,b3c38,1094,96.49934,100.750145,98.499374,99.24098,98.13833
MIT,b3c38,1095,96.49164,101.05082,98.64451,99.35443,98.15358
MIT,b3c38,1096,96.48793,100.76066,98.54317,99.099266,98.143234
MIT,b3c38,1097,96.48687,100.75814,98.52396,99.085655,98.14818
MIT,b3c38,1098,96.48445,100.74567,98.52772,98.99348,98.12653
MIT,b3c38,1099,96.47858,101.06022,98.6857,99.33771,98.13501
MIT,b3c38,1100,96.47022,100.74956,98.572296,99.051216,98.084145
MIT,b3c38,1101,96.46761,100.73546,98.54979,99.09512,98.17304
MIT,b3c38,1102,96.45906,100.7342,98.38914,99.49662,98.162384
MIT,b3c38,1103,96.45771,100.748314,98.3525,99.11855,98.142235
MIT,b3c38,1104,96.45767,100.743004,98.45616,99.24234,98.13539
MIT,b3c38,1105,96.457,101.0351,98.67212,99.4169,98.15602
MIT,b3c38,1106,96.44424,98.870834,98.71768,99.06311,98.13428
MIT,b3c38,1107,96.43853,100.74075,98.42469,99.11988,98.154816
MIT,b3c38,1108,96.43905,100.73992,98.521774,98.89704,98.00511
MIT,b3c38,1109,96.43715,100.750725,98.4559,99.31857,98.1482
MIT,b3c38,1110,96.42764,101.04524,98.725334,99.330635,98.00785
MIT,b3c38,1111,96.42705,100.73799,98.50563,99.11741,98.14981
MIT,b3c38,1112,96.42097,100.73328,98.28747,98.93204,98.1336
MIT,b3c38,1113,96.41506,100.75104,98.49258,99.2116,98.13288
MIT,b3c38,1114,96.41812,100.74616,98.39345,98.97373,98.111595
MIT,b3c38,1115,96.4112,101.04157,99.008995,99.49657,98.03641
MIT,b3c38,1116,96.40973,100.73612,98.338844,98.95974,98.11755
MIT,b3c38,1117,96.39831,100.734985,98.43605,98.95833,97.90689
MIT,b3c38,1118,96.40053,100.728584,98.3498,99.184296,98.14647
MIT,b3c38,1119,96.38688,101.0304,98.53173,99.32627,98.101944
MIT,b3c38,1120,96.38698,100.7446,98.24828,99.0458,98.10993
MIT,b3c38,1121,96.38308,100.74479,98.393394,98.94593,98.13347
MIT,b3c38,1122,96.37653,101.032524,99.11142,99.53221,98.04017
MIT,b3c38,1123,96.371735,100.71563,98.41657,99.00465,98.09407
MIT,b3c38,1124,96.37493,101.02763,99.04704,99.58807,98.0676
MIT,b3c38,1125,96.359314,101.058205,98.90235,99.50313,98.07758
MIT,b3c38,1126,96.3671,100.73552,98.40781,98.95875,98.023315
MIT,b3c38,1127,96.3562,101.03786,98.8155,99.524445,98.07862
MIT,b3c38,1128,96.3513,100.73521,98.4456,98.95814,98.02916
MIT,b3c38,1129,96.34697,98.569885,98.848114,99.05874,98.02133
MIT,b3c38,1130,96.345375,101.04229,98.53883,99.37625,98.157555
MIT,b3c38,1131,96.34085,100.73921,98.4749,99.127785,98.01276
MIT,b3c38,1132,96.33263,101.0655,99.11879,99.55223,98.056465
MIT,b3c38,1133,96.326164,101.03618,98.89946,99.44172,98.062935
MIT,b3c38,1134,96.319466,101.03916,99.02275,99.50817,98.04691
MIT,b3c38,1135,96.31904,98.68917,98.728455,99.14056,97.98995
MIT,b3c38,1136,96.319954,101.058655,98.78752,99.50989,98.13914
MIT,b3c38,1137,96.30892,100.73616,98.32516,98.90998,98.11065
MIT,b3c38,1138,96.306656,100.74969,98.44021,98.972496,98.09362
MIT,b3c38,1139,96.30106,101.032394,98.691414,99.380325,97.94816
MIT,b3c38,1140,96.29494,101.023,98.79898,99.31584,98.06861
MIT,b3c38,1141,96.29616,101.03204,98.822525,99.45406,97.98717
MIT,b3c38,1142,96.29086,100.71661,98.45035,99.02454,98.053635
MIT,b3c38,1143,96.28694,101.03852,98.715935,99.46734,98.037254
MIT,b3c38,1144,96.2832,100.72292,98.39642,99.03406,98.06537
MIT,b3c38,1145,96.281685,100.72873,98.36213,98.90258,98.03408
MIT,b3c38,1146,96.27446,100.71961,98.47454,98.87647,97.85954
MIT,b3c38,1147,96.271935,101.03764,98.8402,99.50663,98.01464
MIT,b3c38,1148,96.26402,101.02162,98.980644,99.46632,97.786095
MIT,b3c38,1149,96.259415,101.01842,98.49756,99.35641,98.037254
MIT,b3c38,1150,96.2576,100.732216,98.478195,99.077576,97.869835
MIT,b3c38,1151,96.24746,101.01785,98.83683,99.46158,97.818825
MIT,b3c38,1152,96.252625,101.02333,99.0368,99.445915,97.88467
MIT,b3c38,1153,96.24092,101.02753,99.01695,99.73816,97.8777
MIT,b3c38,1154,96.2335,100.715996,98.49743,99.55691,97.84192
MIT,b3c38,1155,96.232994,101.004944,99.01458,99.662704,98.01459
MIT,b3c38,1156,96.23116,100.708405,98.46044,99.18134,97.891884
MIT,b3c38,1157,96.22427,100.704475,98.476074,99.095215,97.784035
MIT,b3c38,1158,96.22008,100.72134,98.461296,99.06301,97.76348
MIT,b3c38,1159,96.21437,100.72996,98.444565,98.998695,98.01331
MIT,b3c38,1160,96.21259,100.7362,98.506096,99.06738,97.884224
MIT,b3c38,1161,96.20371,101.03506,98.8422,99.509995,97.81372
MIT,b3c38,1162,96.201126,100.724815,98.41062,99.13608,97.79466
MIT,b3c38,1163,96.195595,101.01903,98.88827,99.535095,97.76255
MIT,b3c38,1164,96.18857,100.706696,98.45141,99.200966,97.746254
MIT,b3c38,1165,96.18766,100.69797,98.35443,99.106514,97.92575
MIT,b3c38,1166,96.18266,100.71929,98.486275,98.98679,97.82067
MIT,b3c38,1167,96.18343,100.70877,98.5193,99.17455,97.89614
MIT,b3c38,1168,96.17632,101.0022,98.93245,99.64517,97.72301
MIT,b3c38,1169,96.16968,100.70543,98.44803,98.83451,97.78815
MIT,b3c38,1170,96.167786,100.697495,98.357544,98.92053,97.86799
MIT,b3c38,1171,96.15823,100.69193,98.41985,99.131256,97.87175
MIT,b3c38,1172,96.15746,100.698235,98.40093,99.31069,97.784035
MIT,b3c38,1173,96.15428,100.70254,98.51161,98.98789,97.88379
MIT,b3c38,1174,96.14212,100.99108,98.5797,99.206245,97.76367
MIT,b3c38,1175,96.14054,100.99847,98.51932,99.28343,97.87016
MIT,b3c38,1176,96.13228,101.01581,98.76517,99.396385,97.79331
MIT,b3c38,1177,96.132965,100.69911,98.39652,99.111565,97.85108
MIT,b3c38,1178,96.129845,100.70201,98.512596,98.79874,97.697075
MIT,b3c38,1179,96.122055,100.71145,98.33515,98.886444,97.76156
MIT,b3c38,1180,96.11759,100.709526,98.44133,98.92502,97.778824
MIT,b3c38,1181,96.11675,100.698235,98.34996,99.19218,97.76649
MIT,b3c38,1182,96.11163,101.00429,98.60602,99.36505,97.797195
MIT,b3c38,1183,96.10538,100.67942,98.43923,99.186066,97.80843
MIT,b3c38,1184,96.1065,100.71257,98.44142,99.06709,97.83241
MIT,b3c38,1185,96.09432,100.69837,98.43852,98.886475,97.63579
MIT,b3c38,1186,96.09018,100.99959,98.716484,99.824005,97.78572
MIT,b3c38,1187,96.08658,100.69111,98.43923,99.15517,97.90001
MIT,b3c38,1188,96.079475,100.68207,98.417244,99.05116,97.73185
MIT,b3c38,1189,96.07431,100.98628,98.8316,99.527954,97.78005
MIT,b3c38,1190,96.072876,100.68175,98.49809,99.16089,97.710594
MIT,b3c38,1191,96.06573,101.00157,99.07046,99.50172,97.75106
MIT,b3c38,1192,96.06405,101.002625,98.870285,99.41266,97.714676
MIT,b3c38,1193,96.05241,100.68644,98.37524,98.8613,97.75683
MIT,b3c38,1194,96.0506,100.992195,98.711876,99.31288,97.79605
MIT,b3c38,1195,96.049614,100.68093,98.46598,98.823296,97.625275
MIT,b3c38,1196,96.0399,100.684715,98.44002,99.02384,97.73185
MIT,b3c38,1197,96.03872,101.00083,98.99347,99.49454,97.62964
MIT,b3c38,1198,96.031044,100.69696,98.45059,98.92204,97.74823
MIT,b3c38,1199,96.020515,101.00415,98.68115,99.29046,97.77723
MIT,b3c38,1200,96.0204,100.98389,98.800934,99.35198,97.68133
MIT,b3c38,1201,96.018524,100.68778,98.44608,98.969826,97.719955
MIT,b3c38,1202,96.013916,100.69054,98.52421,99.060585,97.68597
MIT,b3c38,1203,96.007164,100.67736,98.45988,98.762474,97.68198
MIT,b3c38,1204,96.00734,100.69378,98.47292,98.81698,97.74739
MIT,b3c38,1205,96.00241,100.69792,98.45799,98.96161,97.740555
MIT,b3c38,1206,95.994705,100.674805,98.2903,99.33334,97.75982
MIT,b3c38,1207,95.994354,101.00176,98.67068,99.41755,97.65798
MIT,b3c38,1208,95.98522,100.676315,98.4704,98.751755,97.597664
MIT,b3c38,1209,95.98226,100.99203,98.8971,99.59989,97.750916
MIT,b3c38,1210,95.97753,100.673355,98.50392,98.96057,97.62782
MIT,b3c38,1211,95.97177,100.67677,98.49521,98.88464,97.73726
MIT,b3c38,1212,95.9632,100.683945,98.32233,99.02373,97.83479
MIT,b3c38,1213,95.960434,100.67438,98.4633,98.79769,97.67085
MIT,b3c38,1214,95.95864,100.99138,98.60855,99.23613,97.74123
MIT,b3c38,1215,95.95726,100.973274,98.8253,99.72658,97.64218
MIT,b3c38,1216,95.94303,100.675354,98.48232,99.16737,97.633865
MIT,b3c38,1217,95.942696,100.98774,98.784294,99.5235,97.64995
MIT,b3c38,1218,95.93941,100.68319,98.37474,98.82354,97.66834
MIT,b3c38,1219,95.931656,100.67522,98.37621,99.014626,97.658615
MIT,b3c38,1220,95.92815,100.97298,98.44659,99.25758,97.64257
MIT,b3c38,1221,95.92044,100.67573,98.40786,98.88352,97.654366
MIT,b3c38,1222,95.91574,100.6738,98.46562,98.89921,97.56607
MIT,b3c38,1223,95.91504,100.67631,98.29001,98.98892,97.47075
MIT,b3c38,1224,95.91084,100.9935,98.84183,99.620415,97.626465
MIT,b3c38,1225,95.900406,100.66896,98.407616,98.9417,97.45381
MIT,b3c38,1226,95.90128,100.68324,98.402145,98.910515,97.66002
MIT,b3c38,1227,95.8928,100.68178,98.43318,98.81752,97.66454
MIT,b3c38,1228,95.891174,100.67025,98.31287,98.84986,97.665184
MIT,b3c38,1229,95.88931,100.66234,98.41887,98.827515,97.441124
MIT,b3c38,1230,95.86922,100.66983,98.365875,98.88758,97.71429
MIT,b3c38,1231,95.87529,100.65763,98.41084,98.87786,97.49692
MIT,b3c38,1232,95.871475,100.66854,98.45923,98.833115,97.67003
MIT,b3c38,1233,95.867874,100.66266,98.38901,98.89272,97.675995
MIT,b3c38,1234,95.85908,100.686066,98.48744,98.9814,97.6566
MIT,b3c38,1235,95.85275,100.94709,99.06318,99.26235,97.64817
MIT,b3c38,1236,95.848015,100.65226,98.436554,98.88711,97.46907
MIT,b3c38,1237,95.845474,100.966515,98.83409,99.462395,97.6485
MIT,b3c38,1238,95.84041,100.6571,98.332664,98.95083,97.64379
MIT,b3c38,1239,95.836784,98.38978,98.78246,99.13786,97.6827
MIT,b3c38,1240,95.838165,100.65397,98.3752,98.99502,97.50527
MIT,b3c38,1241,95.82726,100.66459,98.487686,98.805534,97.61582
MIT,b3c38,1242,95.82249,100.950066,98.64189,99.21968,97.464615
MIT,b3c38,1243,95.81838,100.65781,98.42862,98.794815,97.64984
MIT,b3c38,1244,95.809494,100.660324,98.45797,99.26969,97.64984
MIT,b3c38,1245,95.807495,100.656654,98.4673,98.90149,97.667435
MIT,b3c38,1246,95.80174,100.63874,98.480965,99.01656,97.56869
MIT,b3c38,1247,95.800385,100.65021,98.468636,98.91791,97.5853
MIT,b3c38,1248,95.7925,100.63353,98.427574,98.84587,97.54504
MIT,b3c38,1249,95.7828,100.637985,98.45341,98.790726,97.4733
MIT,b3c38,1250,95.78052,100.945694,98.66797,99.35758,97.468666
MIT,b3c38,1251,95.78107,100.64225,98.40902,98.834045,97.7068
MIT,b3c38,1252,95.77133,100.64299,98.469215,98.79806,97.487206
MIT,b3c38,1253,95.76216,100.644745,98.33184,99.04142,97.463036
MIT,b3c38,1254,95.75954,100.93683,98.60032,99.32898,97.48572
MIT,b3c38,1255,95.75338,100.644714,98.501076,98.77155,97.37336
MIT,b3c38,1256,95.75302,100.95054,98.66612,99.30774,97.46394
MIT,b3c38,1257,95.74481,100.639824,98.38664,98.779144,97.48655
MIT,b3c38,1258,95.746864,100.63876,98.41909,98.85471,97.46827
MIT,b3c38,1259,95.734634,100.95822,98.79063,99.3951,97.47394
MIT,b3c38,1260,95.731384,100.939896,98.6715,99.23434,97.46484
MIT,b3c38,1261,95.72413,100.63234,98.50634,98.88938,97.34409
MIT,b3c38,1262,95.71528,100.943085,98.69363,99.30818,97.306274
MIT,b3c38,1263,95.71157,100.61253,98.37195,98.78237,97.422386
MIT,b3c38,1264,95.70662,100.62028,98.549194,98.74016,97.46175
MIT,b3c38,1265,95.707695,100.92654,98.76492,99.284424,97.39676
MIT,b3c38,1266,95.70162,100.64205,98.5694,98.89439,97.465744
MIT,b3c38,1267,95.698586,100.949615,98.581436,99.25778,97.457214
MIT,b3c38,1268,95.68416,100.94292,98.70055,99.240654,96.92107
MIT,b3c38,1269,95.68776,100.94516,98.66862,99.21853,97.31028
MIT,b3c38,1270,95.67993,100.9372,98.616425,99.256996,97.40945
MIT,b3c38,1271,95.6737,100.92234,98.616905,99.32402,97.422386
MIT,b3c38,1272,95.667496,100.65007,98.48848,98.761765,97.4003
MIT,b3c38,1273,95.662056,100.91722,98.678566,99.26717,97.41755
MIT,b3c38,1274,95.65855,100.92854,98.71477,99.37747,97.410736
MIT,b3c38,1275,95.65422,100.6055,98.45468,98.821175,97.425545
MIT,b3c38,1276,95.64334,100.93931,98.59551,99.268845,97.306274
MIT,b3c38,1277,95.63763,100.92442,98.76788,99.345604,97.38663
MIT,b3c38,1278,95.6359,100.932884,98.578156,99.27641,97.35957
MIT,b3c38,1279,95.63241,100.93765,98.67873,99.32767,97.43942
MIT,b3c38,1280,95.624565,100.63972,98.52042,99.21747,97.42026
MIT,b3c38,1281,95.62174,100.61412,98.37455,98.92142,96.03907
MIT,b3c38,1282,95.619286,100.91704,98.40298,99.205605,97.48919
MIT,b3c38,1283,95.60831,100.92386,98.6348,99.252625,97.32736
MIT,b3c38,1284,95.60512,100.609924,98.48319,98.80773,97.38839
MIT,b3c38,1285,95.60409,100.61627,98.47461,98.848854,97.39996
MIT,b3c38,1286,95.59469,100.93286,98.70909,99.18908,97.3935
MIT,b3c38,1287,95.58263,100.9376,98.61712,99.33464,97.37923
MIT,b3c38,1288,95.58239,100.92146,98.60175,99.252716,97.46611
MIT,b3c38,1289,95.580284,100.919235,98.638,99.25758,97.38705
MIT,b3c38,1290,95.57278,100.92946,98.64771,99.27245,97.28445
MIT,b3c38,1291,95.56532,100.92909,98.6913,99.280754,97.231415
MIT,b3c38,1292,95.564735,100.91826,98.717285,99.30062,97.39748
MIT,b3c38,1293,95.5578,100.612564,98.49002,98.8255,97.346535
MIT,b3c38,1294,95.55582,100.59396,98.385544,98.83584,97.38839
MIT,b3c38,1295,95.543526,100.917816,98.67296,99.27285,97.43931
MIT,b3c38,1296,95.53915,100.61448,98.44829,98.90869,97.27742
MIT,b3c38,1297,95.53409,100.617294,98.45636,98.85093,97.257904
MIT,b3c38,1298,95.53117,98.17017,98.81642,99.11288,97.28747
MIT,b3c38,1299,95.522415,100.91828,98.55951,99.29201,97.42829
MIT,b3c38,1300,95.51663,100.58193,98.3358,98.85645,97.425476
MIT,b3c38,1301,95.51329,100.90167,98.73725,99.35031,97.287384
MIT,b3c38,1302,95.509895,100.91265,98.918076,99.51728,97.3047
MIT,b3c38,1303,95.50495,100.59109,98.54407,99.18646,97.26606
MIT,b3c38,1304,95.49278,100.587036,98.52492,98.83327,97.067024
MIT,b3c38,1305,95.487755,100.60724,98.37558,98.82006,97.2895
MIT,b3c38,1306,95.487076,100.92185,98.61538,99.30678,97.30645
MIT,b3c38,1307,95.4735,100.92893,98.66771,99.28306,97.24065
MIT,b3c38,1308,95.471436,100.90351,99.04791,99.633316,97.213036
MIT,b3c38,1309,95.46514,100.60197,98.46512,98.787415,97.2232
MIT,b3c38,1310,95.45923,100.600815,98.43421,98.77543,97.150475
MIT,b3c38,1311,95.448555,100.89339,98.79103,99.23252,97.17148
MIT,b3c38,1312,95.447945,100.58357,98.337265,98.7911,97.246796
MIT,b3c38,1313,95.43747,100.90487,98.76498,99.33638,97.07798
MIT,b3c38,1314,95.43306,100.5941,98.49318,99.11655,97.2565
MIT,b3c38,1315,95.42886,98.11666,98.86655,99.06535,97.22782
MIT,b3c38,1316,95.420616,100.5817,98.53744,98.7582,97.02347
MIT,b3c38,1317,95.418304,100.90091,98.67612,99.25176,97.210236
MIT,b3c38,1318,95.4069,98.12303,98.79155,99.12552,97.177475
MIT,b3c38,1319,95.404045,100.913956,98.63887,99.27041,97.076965
MIT,b3c38,1320,95.426216,100.712616,98.507774,98.706276,97.255516
MIT,b3c38,1321,95.42477,100.749466,98.33104,98.66595,97.208374
MIT,b3c38,1322,95.42484,101.066284,98.49949,98.946106,97.15411
MIT,b3c38,1323,95.42005,101.1034,98.528336,98.80787,97.047966
MIT,b3c38,1324,95.42063,101.0989,98.54406,98.80264,96.82696
MIT,b3c38,1325,95.41737,100.82607,98.28109,98.65977,96.82556
MIT,b3c38,1326,95.415115,100.814354,98.30108,98.534515,96.97419
MIT,b3c38,1327,95.41215,100.85138,98.20774,98.48516,96.92084
MIT,b3c38,1328,95.407,101.13604,98.409325,98.58705,96.75573
MIT,b3c38,1329,95.40796,101.1498,98.50069,98.66008,96.85863
MIT,b3c38,1330,95.39936,101.15496,98.29811,98.648384,96.84758
MIT,b3c38,1331,95.39728,100.84433,98.28638,98.630196,96.85563
MIT,b3c38,1332,95.38271,100.847565,98.32425,98.52627,96.83969
MIT,b3c38,1333,95.38157,100.841354,98.2171,98.47655,96.84092
MIT,b3c38,1334,95.37501,100.848305,98.32873,98.59647,96.709206
MIT,b3c38,1335,95.36742,101.14943,98.433846,98.603714,96.84758
MIT,b3c38,1336,95.36214,100.84823,98.26385,98.57098,96.676735
MIT,b3c38,1337,95.35791,100.84876,98.30474,98.50844,96.81767
MIT,b3c38,1338,95.349266,101.148476,98.482925,98.6013,96.836296
MIT,b3c38,1339,95.34657,101.132126,98.54966,98.63378,96.55918
MIT,b3c38,1340,95.342575,100.863716,98.35782,98.47511,96.76959
MIT,b3c38,1341,95.33621,101.14218,98.39049,98.60947,96.78995
MIT,b3c38,1342,95.33081,100.83539,98.267555,98.520645,96.67902
MIT,b3c38,1343,95.31673,101.13293,98.51181,98.539856,96.62319
MIT,b3c38,1344,95.32011,98.10216,98.277214,97.88169,96.66489
MIT,b3c38,1345,95.31264,100.831276,98.22038,98.654175,96.83126
MIT,b3c38,1346,95.30014,100.82401,98.23742,98.57468,96.64109
MIT,b3c38,1347,95.29661,100.829636,98.27585,98.49587,96.71026
MIT,b3c38,1348,95.29039,101.120476,98.45792,98.578354,96.85492
MIT,b3c38,1349,95.284996,100.80883,98.27426,98.45147,96.64499
MIT,b3c38,1350,95.27742,100.82461,98.255035,98.535164,96.7257
MIT,b3c38,1351,95.27353,100.82315,98.33498,98.46828,96.53824
MIT,b3c38,1352,95.26107,101.12304,98.50638,98.75815,96.64883
MIT,b3c38,1353,95.25863,100.821785,98.26044,98.64992,96.68497
MIT,b3c38,1354,95.24514,100.81503,98.28569,98.59976,96.644745
MIT,b3c38,1355,95.2464,101.122665,98.491325,98.7019,96.65262
MIT,b3c38,1356,95.24349,98.0549,98.30115,98.297195,96.5469
MIT,b3c38,1357,95.23019,100.815216,98.281586,98.47551,96.64844
MIT,b3c38,1358,95.227425,101.10665,98.4979,98.653305,96.6473
MIT,b3c38,1359,95.21933,100.81542,98.29637,98.49501,96.64509
MIT,b3c38,1360,95.21009,100.80609,98.30132,98.56024,96.64179
MIT,b3c38,1361,95.203514,100.79302,98.28122,98.38943,96.49705
MIT,b3c38,1362,95.200935,100.803795,98.33756,98.54426,96.506996
MIT,b3c38,1363,95.19441,101.11734,98.49134,98.49203,96.51942
MIT,b3c38,1364,95.1853,100.81557,98.26952,98.45354,96.55045
MIT,b3c38,1365,95.18556,100.82082,98.32552,98.45824,96.53507
MIT,b3c38,1366,95.182816,100.80192,98.31183,98.48357,96.49705
MIT,b3c38,1367,95.17325,101.121735,98.49627,98.52629,96.48782
MIT,b3c38,1368,95.16535,101.11041,98.50376,98.56358,96.544075
MIT,b3c38,1369,95.15193,100.80969,98.325455,98.47084,96.59734
MIT,b3c38,1370,95.148224,100.80527,98.36613,98.41467,96.38208
MIT,b3c38,1371,95.14625,101.09803,98.52287,98.59181,96.550095
MIT,b3c38,1372,95.14244,101.100426,98.47049,98.5955,96.54115
MIT,b3c38,1373,95.12784,100.804375,98.332634,98.4636,96.555244
MIT,b3c38,1374,95.12309,100.80265,98.31786,98.69271,96.56828
MIT,b3c38,1375,95.11747,101.10433,98.50923,98.72461,96.50973
MIT,b3c38,1376,95.11001,100.81129,98.2294,98.41976,96.59363
MIT,b3c38,1377,95.10896,100.81266,98.321396,98.45961,96.53471
MIT,b3c38,1378,95.10061,100.81147,98.21342,98.50814,96.59134
MIT,b3c38,1379,95.09227,100.81556,98.31732,98.43622,96.530106
MIT,b3c38,1380,95.085236,101.10798,98.261024,98.5707,96.53507
MIT,b3c38,1381,95.085266,100.8069,98.36894,98.430954,96.41135
MIT,b3c38,1382,95.07126,100.77705,98.29095,98.41782,96.36904
MIT,b3c38,1383,95.06773,100.801796,98.305786,98.46042,96.5883
MIT,b3c38,1384,95.056915,100.79236,98.30649,98.462425,96.56828
MIT,b3c38,1385,95.052345,101.08538,98.5034,98.598366,96.440636
MIT,b3c38,1386,95.04496,100.790695,98.32238,98.48952,96.555244
MIT,b3c38,1387,95.041916,101.08486,98.48938,98.58475,96.42566
MIT,b3c38,1388,95.033134,100.79843,98.29087,98.453606,96.387825
MIT,b3c38,1389,95.02606,101.07367,98.470665,98.56977,96.42566
MIT,b3c38,1390,95.01923,101.091255,98.51748,98.70198,96.3935
MIT,b3c38,1391,95.018234,101.08832,98.497314,98.60921,96.29499
MIT,b3c38,1392,95.00957,100.80534,98.28273,98.62825,96.43448
MIT,b3c38,1393,95.00439,100.79901,98.30021,98.52225,96.41607
MIT,b3c38,1394,94.998436,101.06642,98.42163,98.81835,96.42566
MIT,b3c38,1395,94.99008,100.79513,98.30074,98.66652,96.414444
MIT,b3c38,1396,94.98784,101.087074,98.45944,98.746216,96.4267
MIT,b3c38,1397,94.97641,101.08503,98.532166,98.61799,96.40506
MIT,b3c38,1398,94.97712,101.08422,98.424355,98.58601,96.3935
MIT,b3c38,1399,94.97116,100.79023,98.319244,98.47969,96.334946
MIT,b3c38,1400,94.95846,101.08564,98.4926,98.55937,96.31935
MIT,b3c38,1401,94.9477,101.09961,98.5153,98.45409,96.19484
MIT,b3c38,1402,94.94807,100.77997,98.26606,98.53556,96.3935
MIT,b3c38,1403,94.937645,100.78723,98.31101,98.570496,96.39645
MIT,b3c38,1404,94.92936,100.78034,98.25321,98.46975,96.29965
MIT,b3c38,1405,94.92531,101.075134,98.45291,98.68845,96.33006
MIT,b3c38,1406,94.92234,100.788536,98.333626,98.49818,96.37327
MIT,b3c38,1407,94.91493,100.76987,98.39199,98.44716,96.35505
MIT,b3c38,1408,94.90596,100.78861,98.311676,98.52219,96.29119
MIT,b3c38,1409,94.89955,101.080734,98.47251,98.52367,96.23384
MIT,b3c38,1410,94.89016,100.7515,98.264435,98.46278,96.265335
MIT,b3c38,1411,94.88843,100.77406,98.36073,98.465355,96.16021
MIT,b3c38,1412,94.881676,100.78575,98.29788,98.52871,96.33511
MIT,b3c38,1413,94.87749,100.787476,98.25564,98.462006,96.27898
MIT,b3c38,1414,94.86948,101.067635,98.535515,98.62565,96.136246
MIT,b3c38,1415,94.86423,100.79542,98.29272,98.4277,96.212585
MIT,b3c38,1416,94.85885,100.776245,98.362175,98.381226,96.18016
MIT,b3c38,1417,94.84949,100.779724,98.29845,98.415886,96.146736
MIT,b3c38,1418,94.842384,100.775055,98.32377,98.38196,96.15826
MIT,b3c38,1419,94.83445,101.082245,98.539856,98.5888,96.04915
MIT,b3c38,1420,94.831924,101.066086,98.461365,98.477264,96.11428
MIT,b3c38,1421,94.824394,100.78872,98.34547,98.393295,96.15137
MIT,b3c38,1422,94.81375,101.0572,98.47035,98.47264,96.1068
MIT,b3c38,1423,94.80955,100.75897,98.312004,98.39222,96.15378
MIT,b3c38,1424,94.799866,101.05877,98.41819,98.59369,96.131195
MIT,b3c38,1425,94.789856,101.03323,98.48812,98.46803,96.132355
MIT,b3c38,1426,94.78841,101.057945,98.535255,98.686584,96.15618
MIT,b3c38,1427,94.78086,100.72523,98.27237,98.590965,96.055695
MIT,b3c38,1428,94.766815,101.047,98.528564,98.53465,96.02719
MIT,b3c38,1429,94.76688,97.90183,98.29159,98.47835,96.147285
MIT,b3c38,1430,94.75137,100.72038,98.2064,98.52919,96.11261
MIT,b3c38,1431,94.74624,101.03908,98.49299,98.50671,96.199455
MIT,b3c38,1432,94.74767,100.72985,98.368416,98.50162,96.03753
MIT,b3c38,1433,94.73863,100.74329,98.41507,98.55199,96.076225
MIT,b3c38,1434,94.7317,100.74629,98.35399,98.587105,96.02372
MIT,b3c38,1435,94.725815,101.051346,98.43989,98.47705,96.12012
MIT,b3c38,1436,94.717476,100.75138,98.28144,98.368935,96.022545
MIT,b3c38,1437,94.71343,100.74119,98.290535,98.42897,95.98502
MIT,b3c38,1438,94.70736,100.7279,98.439674,98.478134,95.93377
MIT,b3c38,1439,94.69922,100.714676,98.283615,98.47661,96.03525
MIT,b3c38,1440,94.69377,100.720764,98.31758,98.62331,96.13683
MIT,b3c38,1441,94.684326,100.739136,98.33648,98.38822,95.932594
MIT,b3c38,1442,94.674515,100.735725,98.26462,98.468636,96.022545
MIT,b3c38,1443,94.66207,101.01267,98.50371,98.48333,95.95866
MIT,b3c38,1444,94.66261,101.03468,98.45864,98.772514,96.034676
MIT,b3c38,1445,94.6549,100.72588,98.344215,98.52245,95.99452
MIT,b3c38,1446,94.6442,100.71763,98.30235,98.709465,95.9824
MIT,b3c38,1447,94.640015,100.71233,98.29155,98.41817,96.035706
MIT,b3c38,1448,94.63322,101.009796,98.544205,98.55645,95.91914
MIT,b3c38,1449,94.62064,97.86273,98.28446,97.3677,95.99356
MIT,b3c38,1450,94.615486,101.01736,98.49301,98.560326,95.96001
MIT,b3c38,1451,94.60754,100.72733,98.28259,98.492905,96.10359
MIT,b3c38,1452,94.60495,100.69748,98.31312,98.48477,95.950226
MIT,b3c38,1453,94.59463,101.01049,98.50844,98.542145,95.94689
MIT,b3c38,1454,94.58423,100.729,98.32253,98.45465,95.80247
MIT,b3c38,1455,94.57214,100.690926,98.21919,98.55789,96.05315
MIT,b3c38,1456,94.56965,100.69012,98.36934,98.60247,96.00714
MIT,b3c38,1457,94.559814,100.98871,98.557,98.65635,95.929
MIT,b3c38,1458,94.54892,100.6741,98.26487,98.516365,95.967316
MIT,b3c38,1459,94.53958,100.67262,98.376724,98.626564,96.05789
MIT,b3c38,1460,94.53296,100.6727,98.41651,98.629234,95.92642
MIT,b3c38,1461,94.5237,100.67486,98.30263,98.50435,96.03599
MIT,b3c38,1462,94.513565,100.98854,98.497406,98.62217,95.768974
MIT,b3c38,1463,94.50512,100.97756,98.55526,98.676414,95.80987
MIT,b3c38,1464,94.4942,100.663506,98.328,98.56647,95.92895
MIT,b3c38,1465,94.48348,100.671646,98.30381,98.51843,95.67411
MIT,b3c38,1466,94.47663,100.67026,98.329994,98.48787,95.79203
MIT,b3c38,1467,94.465004,100.66868,98.316246,98.513084,95.747375
MIT,b3c38,1468,94.45985,100.65006,98.199455,98.54649,95.91588
MIT,b3c38,1469,94.45191,100.98192,98.51073,98.52661,95.78321
MIT,b3c38,1470,94.44732,100.977104,98.36021,98.63001,95.740456
MIT,b3c38,1471,94.4329,100.98688,98.4967,98.60931,95.65138
MIT,b3c38,1472,94.432045,97.83234,98.287506,98.48985,95.71502
MIT,b3c38,1473,94.418785,100.67512,98.39354,98.52247,95.61889
MIT,b3c38,1474,94.414024,100.685524,98.3768,98.55092,95.71881
MIT,b3c38,1475,94.39931,100.679596,98.31806,98.51447,95.67279
MIT,b3c38,1476,94.39913,100.682236,98.37492,98.431244,95.49254
MIT,b3c38,1477,94.381836,101.00818,98.50581,98.519554,95.68056
MIT,b3c38,1478,94.37651,100.67968,98.25215,98.408005,95.67147
MIT,b3c38,1479,94.36322,100.69342,98.336174,98.56399,95.639626
MIT,b3c38,1480,94.348495,100.66581,98.38407,98.375656,95.47282
MIT,b3c38,1481,94.339226,100.68086,98.3722,98.44801,95.639626
MIT,b3c38,1482,94.33148,100.99535,98.47628,98.551216,95.675865
MIT,b3c38,1483,94.320404,100.99153,98.51511,98.45888,95.51906
MIT,b3c38,1484,94.30792,100.66715,98.210655,98.51859,95.63479
MIT,b3c38,1485,94.29542,100.97287,98.44019,98.57172,95.5201
MIT,b3c38,1486,94.27808,100.95313,98.39808,98.50207,95.63479
MIT,b3c38,1487,94.267815,100.96812,98.448524,98.52456,95.47545
MIT,b3c38,1488,94.25432,100.66171,98.39816,98.47994,95.48125
MIT,b3c38,1489,94.24239,100.97613,98.472015,98.57659,95.48125
MIT,b3c38,1490,94.23035,100.63264,98.413925,98.614075,95.48125
MIT,b3c38,1491,94.21589,100.94328,98.53638,98.55606,95.4119
MIT,b3c38,1492,94.20575,100.621414,98.32468,98.55492,95.55789
MIT,b3c38,1493,94.18683,100.626144,98.357414,98.470184,95.46937
MIT,b3c38,1494,94.17293,100.625145,98.29784,98.49225,95.47695
MIT,b3c38,1495,94.16426,100.970505,98.520485,98.504,95.40263
MIT,b3c38,1496,94.15187,100.93687,98.48372,98.596535,95.45013
MIT,b3c38,1497,94.14,100.62851,98.36073,98.5025,95.43055
MIT,b3c38,1498,94.12481,100.618355,98.43519,98.51461,95.286606
MIT,b3c38,1499,94.10974,100.617355,98.33354,98.52851,95.379776
MIT,b3c38,1500,94.09152,100.61044,98.39469,98.511246,95.34766
MIT,b3c38,1501,94.07856,100.92173,98.38117,98.55257,95.34766
MIT,b3c38,1502,94.066216,100.61687,98.37226,98.51388,95.37243
MIT,b3c38,1503,94.052605,100.91124,98.40624,98.60408,95.30546
MIT,b3c38,1504,94.039055,100.90644,98.45072,98.62668,95.36746
MIT,b3c38,1505,94.02389,100.92235,98.395546,98.53676,95.37243
MIT,b3c38,1506,94.01069,100.57194,98.430336,98.52624,95.288765
MIT,b3c38,1507,93.99691,100.5934,98.302956,98.67846,95.32226
MIT,b3c38,1508,93.98613,100.91233,98.41679,98.5506,95.32152
MIT,b3c38,1509,93.971245,100.59185,98.40615,98.47961,95.31692
MIT,b3c38,1510,93.95542,100.59744,98.40402,98.42105,95.25593
MIT,b3c38,1511,93.94671,100.58842,98.43964,98.47991,95.1975
MIT,b3c38,1512,93.93712,100.92406,98.44137,98.51516,95.31692
MIT,b3c38,1513,93.917625,100.93259,98.35332,98.476,95.32015
MIT,b3c38,1514,93.90487,100.58215,98.41658,98.35532,95.12166
MIT,b3c38,1515,93.893616,100.6133,98.41341,98.3795,95.24283
MIT,b3c38,1516,93.87434,100.58123,98.43424,98.39822,95.18139
MIT,b3c38,1517,93.858215,100.907455,98.40023,98.55857,95.185585
MIT,b3c38,1518,93.84434,100.56529,98.392265,98.368744,95.13234
MIT,b3c38,1519,93.83377,100.55062,98.32379,98.548996,95.11554
MIT,b3c38,1520,93.815834,100.56426,98.39692,98.46191,95.19507
MIT,b3c38,1521,93.79861,100.55801,98.439285,98.41966,95.20226
MIT,b3c38,1522,93.78208,100.54865,98.456436,98.44577,95.130554
MIT,b3c38,1523,93.76842,100.85023,98.37807,98.5193,95.14446
MIT,b3c38,1524,93.75273,100.56192,98.42951,98.480804,95.19639
MIT,b3c38,1525,93.74035,100.84128,98.39677,98.58761,95.173965
MIT,b3c38,1526,93.72124,100.84426,98.38232,98.70891,95.02944
MIT,b3c38,1527,93.707535,100.836044,98.41254,98.56451,95.08108
MIT,b3c38,1528,93.69058,100.516335,98.430115,98.51065,95.045746
MIT,b3c38,1529,93.677185,100.836815,98.504234,98.475914,94.9167
MIT,b3c38,1530,93.65894,100.50696,98.3623,98.53042,95.29688
MIT,b3c38,1531,93.65007,100.48859,98.41496,98.537285,95.02303
MIT,b3c38,1532,93.63046,100.47331,98.390396,98.542114,95.135315
MIT,b3c38,1533,93.61301,100.812,98.39634,98.58251,95.03212
MIT,b3c38,1534,93.60012,100.81081,98.424515,98.5653,94.965576
MIT,b3c38,1535,93.5811,100.46656,98.34621,98.50816,94.92088
MIT,b3c38,1536,93.56789,100.49731,98.42437,98.57653,94.974945
MIT,b3c38,1537,93.55154,100.47903,98.42209,98.53914,94.96574
MIT,b3c38,1538,93.53854,100.47494,98.420166,98.574425,94.84949
MIT,b3c38,1539,93.52531,100.81544,98.41519,98.63324,94.99973
MIT,b3c38,1540,93.50334,97.55619,98.31038,98.427925,94.91078
MIT,b3c38,1541,93.48801,100.815765,98.43243,98.618744,94.852806
MIT,b3c38,1542,93.46821,100.46379,98.33109,98.44756,94.926506
MIT,b3c38,1543,93.452675,100.79408,98.35817,98.549225,94.86348
MIT,b3c38,1544,93.43832,100.45788,98.43571,98.502495,94.91256
MIT,b3c38,1545,93.42184,100.80305,98.37866,98.55444,94.76347
MIT,b3c38,1546,93.40581,100.45121,98.2935,98.49873,94.85058
MIT,b3c38,1547,93.38973,100.43862,98.33814,98.493576,94.918526
MIT,b3c38,1548,93.37186,100.45718,98.28451,98.494125,94.92931
MIT,b3c38,1549,93.35121,100.439575,98.390945,98.50386,94.79492
MIT,b3c38,1550,93.3383,100.43626,98.37886,98.55252,94.716675
MIT,b3c38,1551,93.31999,100.43913,98.43425,98.477036,94.555145
MIT,b3c38,1552,93.29958,100.75793,98.395836,98.566765,94.482956
MIT,b3c38,1553,93.281624,100.42482,98.40813,98.48713,94.56179
MIT,b3c38,1554,93.260315,100.427505,98.27358,98.336365,94.73319
MIT,b3c38,1555,93.24633,100.41991,98.427376,98.47129,94.49462
MIT,b3c38,1556,93.22792,100.76484,98.412094,98.60574,94.48221
MIT,b3c38,1557,93.212456,100.74218,98.45116,98.58232,94.466385
MIT,b3c38,1558,93.19876,100.4153,98.38911,98.51154,94.45239
MIT,b3c38,1559,93.18106,100.74784,98.439964,98.6693,94.50683
MIT,b3c38,1560,93.16216,100.742645,98.40755,98.60045,94.46191
MIT,b3c38,1561,93.14289,100.36224,98.34514,98.541084,94.56227
MIT,b3c38,1562,93.12411,100.74226,98.44499,98.605286,94.5331
MIT,b3c38,1563,93.106705,100.73276,98.458466,98.691154,94.47422
MIT,b3c38,1564,93.08615,100.734276,98.40514,98.62491,93.24356
MIT,b3c38,1565,93.0732,100.38249,98.37628,98.58242,93.21619
MIT,b3c38,1566,93.0578,100.750496,98.43914,98.576675,94.342804
MIT,b3c38,1567,93.03657,100.37707,98.21991,98.49171,93.24075
MIT,b3c38,1568,93.02119,100.740906,98.4539,98.55194,93.24435
MIT,b3c38,1569,93.008194,97.38476,98.27764,97.25731,93.23201
MIT,b3c38,1570,92.98729,100.39253,98.33593,98.46431,93.22718
MIT,b3c38,1571,92.97526,100.73689,98.41265,98.488625,93.17684
MIT,b3c38,1572,92.94661,100.729996,98.3773,98.55376,93.18916
MIT,b3c38,1573,92.93273,100.720665,98.41523,98.566986,93.2291
MIT,b3c38,1574,92.91067,100.35853,98.42475,98.562904,93.37248
MIT,b3c38,1575,92.89435,100.38844,98.398834,98.41575,93.23201
MIT,b3c38,1576,92.87356,100.35466,98.39871,98.43827,93.19458
MIT,b3c38,1577,92.85044,100.36497,98.39907,98.37865,93.109184
MIT,b3c38,1578,92.832664,100.701,98.41586,98.434746,93.049644
MIT,b3c38,1579,92.81135,100.326775,98.28073,98.52416,92.95967
MIT,b3c38,1580,92.79125,100.33724,98.42796,98.44825,93.06803
MIT,b3c38,1581,92.766266,100.354,98.40927,98.391594,92.9258
MIT,b3c38,1582,92.75043,100.31108,98.4687,98.39997,93.049675
MIT,b3c38,1583,92.73261,100.67382,98.50065,98.56558,92.98456
MIT,b3c38,1584,92.712944,100.3348,98.4108,98.40111,92.982635
MIT,b3c38,1585,92.698364,100.31568,98.36216,98.39671,92.939545
MIT,b3c38,1586,92.68337,97.2772,98.457054,98.1822,92.968056
MIT,b3c38,1587,92.659775,100.327835,98.425896,98.37502,92.82913
MIT,b3c38,1588,92.64154,100.3058,98.314384,98.393814,92.93068
MIT,b3c38,1589,92.613594,100.30192,98.3865,98.4147,92.801575
MIT,b3c38,1590,92.59844,100.300354,98.51799,98.52669,92.86726
MIT,b3c38,1591,92.573326,100.65545,98.39009,98.43916,92.67921
MIT,b3c38,1592,92.55371,100.65524,98.38409,98.512634,92.91475
MIT,b3c38,1593,92.53284,100.63888,98.42506,98.44983,92.7001
MIT,b3c38,1594,92.510956,100.64662,98.388824,98.4999,92.674545
MIT,b3c38,1595,92.495285,100.27998,98.39468,98.30779,92.78661
MIT,b3c38,1596,92.47712,100.29228,98.4262,98.324776,92.78975
MIT,b3c38,1597,92.45827,100.2768,98.44364,98.28486,92.57532
MIT,b3c38,1598,92.437645,100.26753,98.446106,98.398575,92.7933
MIT,b3c38,1599,92.42046,100.23739,98.45562,98.46092,92.70671
MIT,b3c38,1600,92.39928,100.24926,98.386284,98.41631,92.65604
MIT,b3c38,1601,92.37748,100.227356,98.39754,98.40659,92.65915
MIT,b3c38,1602,92.360306,100.22915,98.4275,98.35621,92.533
MIT,b3c38,1603,92.33553,100.59159,98.46631,98.45246,92.51555
MIT,b3c38,1604,92.321014,100.60657,98.4073,98.48419,92.699776
MIT,b3c38,1605,92.302444,100.26784,98.34294,98.30568,92.67916
MIT,b3c38,1606,92.27948,100.22464,98.39927,98.222885,92.55036
MIT,b3c38,1607,92.26452,100.598564,97.19982,98.55909,92.556694
MIT,b3c38,1608,92.24423,100.24997,98.32841,98.284454,92.550285
MIT,b3c38,1609,92.22065,100.22438,98.406715,98.16825,92.51947
MIT,b3c38,1610,92.20748,100.59813,98.45371,98.53059,92.39827
MIT,b3c38,1611,92.18858,100.250015,98.34734,98.327225,92.401505
MIT,b3c38,1612,92.16674,100.23515,98.298935,98.2896,92.52553
MIT,b3c38,1613,92.14722,100.233635,98.34204,98.17011,92.47332
MIT,b3c38,1614,92.11995,100.222,98.32888,98.141785,92.372635
MIT,b3c38,1615,92.102516,100.59657,98.37856,98.38044,92.372635
MIT,b3c38,1616,92.083786,100.20234,98.35999,98.22945,92.407135
MIT,b3c38,1617,92.06443,100.58906,98.42169,98.425514,92.415634
MIT,b3c38,1618,92.04111,100.59003,98.42393,98.4056,92.38275
MIT,b3c38,1619,92.02446,100.58908,98.474724,98.44548,92.384865
MIT,b3c38,1620,92.00283,100.21149,98.345505,98.24316,92.415634
MIT,b3c38,1621,91.98206,100.576546,98.39482,98.48778,92.2017
MIT,b3c38,1622,91.964195,100.18221,98.27933,98.192406,92.22738
MIT,b3c38,1623,91.94059,100.17777,98.3506,98.28175,92.317665
MIT,b3c38,1624,91.92009,100.5475,98.39215,98.43655,92.33642
MIT,b3c38,1625,91.90373,100.53412,98.42498,98.607635,92.299675
MIT,b3c38,1626,91.88276,100.108185,98.29625,98.19593,91.76132
MIT,b3c38,1627,91.85788,100.11808,98.394295,98.30098,92.06263
MIT,b3c38,1628,91.83361,100.484344,98.41384,98.546715,91.945404
MIT,b3c38,1629,91.80866,100.47906,98.38282,98.42112,93.982605
MIT,b3c38,1630,91.79299,100.09047,98.385056,98.31691,91.844604
MIT,b3c38,1631,91.77122,100.46532,98.45084,98.528114,92.056946
MIT,b3c38,1632,91.749504,100.07434,98.384605,98.34548,91.87178
MIT,b3c38,1633,91.72987,100.0811,98.38953,98.23624,92.00097
MIT,b3c38,1634,91.70669,100.051056,98.30534,98.27847,91.632416
MIT,b3c38,1635,91.68596,100.05963,98.37036,98.225624,91.85301
MIT,b3c38,1636,91.66846,100.05594,98.40054,98.280106,91.8241
MIT,b3c38,1637,91.64614,100.06048,98.44682,98.31494,91.70414
MIT,b3c38,1638,91.62682,100.45279,98.52658,98.393684,91.67334
MIT,b3c38,1639,91.59959,100.45232,98.522675,98.46073,93.99041
MIT,b3c38,1640,91.583984,100.044334,98.32798,98.17256,91.82614
MIT,b3c38,1641,91.56514,100.441925,98.552956,98.44925,92.07915
MIT,b3c38,1642,91.54556,100.04017,98.36271,98.15466,91.86632
MIT,b3c38,1643,91.52559,100.03892,98.38903,98.266525,93.980965
MIT,b3c38,1644,91.50696,100.04243,98.41853,98.13979,93.95579
MIT,b3c38,1645,91.48583,100.03638,98.16369,98.17676,93.90673
MIT,b3c38,1646,91.46252,100.04063,98.34041,98.15612,93.95784
MIT,b3c38,1647,91.44549,100.4652,98.4792,98.29177,93.923546
MIT,b3c38,1648,91.428154,100.05968,98.125175,98.26911,93.98408
MIT,b3c38,1649,91.405846,100.046486,98.134056,98.12439,93.903496
MIT,b3c38,1650,91.38601,100.05172,98.28497,98.15604,93.956055
MIT,b3c38,1651,91.3635,100.03438,98.32199,98.24822,93.8995
MIT,b3c38,1652,91.35268,100.04473,98.30768,98.077484,93.925644
MIT,b3c38,1653,91.325966,100.42137,98.41733,98.30018,93.92143
MIT,b3c38,1654,91.30361,100.001945,98.28832,98.11511,93.90038
MIT,b3c38,1655,91.27846,99.99989,98.14618,98.19651,93.92143
MIT,b3c38,1656,91.25884,99.980255,98.33791,98.19204,93.92136
MIT,b3c38,1657,91.24198,100.0064,98.35583,98.08787,93.872856
MIT,b3c38,1658,91.22131,99.95065,98.14642,98.05782,93.80038
MIT,b3c38,1659,91.19945,99.95103,98.260254,98.05061,93.85902
MIT,b3c38,1660,91.17567,99.96501,98.22999,98.01984,93.79466
MIT,b3c38,1661,91.15834,99.949234,98.27589,98.187386,93.82722
MIT,b3c38,1662,91.14424,99.95021,98.16872,98.18051,93.59934
MIT,b3c38,1663,91.12145,100.352905,98.555016,98.28285,93.77925
MIT,b3c38,1664,91.0951,99.926956,98.36265,98.20905,93.82592
MIT,b3c38,1665,91.07235,99.93939,98.23092,98.18075,93.425186
MIT,b3c38,1666,91.052,100.32245,98.570206,98.41832,93.58384
MIT,b3c38,1667,91.03306,99.90349,98.339745,98.08978,93.516205
MIT,b3c38,1668,91.01256,100.31064,98.5643,98.41761,93.56462
MIT,b3c38,1669,90.989136,99.882545,98.28692,98.17479,93.34983
MIT,b3c38,1670,90.97102,99.87163,98.27826,98.090454,93.328705
MIT,b3c38,1671,90.950714,99.8681,98.33609,98.15982,93.545715
MIT,b3c38,1672,90.93044,99.86486,98.33031,98.17299,93.26446
MIT,b3c38,1673,90.90553,99.85089,98.281334,98.04041,93.18703
MIT,b3c38,1674,90.88835,99.83562,98.33552,98.08892,93.3047
MIT,b3c38,1675,90.86048,99.85231,98.3567,97.98665,93.249275
MIT,b3c38,1676,90.84381,96.5653,98.017075,97.42628,93.25029
MIT,b3c38,1677,90.82746,99.86827,98.23653,98.15907,93.22993
MIT,b3c38,1678,90.80973,99.826645,98.22269,98.05247,93.2203
MIT,b3c38,1679,90.7812,99.80331,98.23597,98.2427,93.22227
MIT,b3c38,1680,90.765396,99.815796,98.33,98.06636,93.30567
MIT,b3c38,1681,90.742294,99.78081,98.524666,98.30181,93.23175
MIT,b3c38,1682,90.61122,99.92873,98.992714,99.20607,91.4966
MIT,b3c38,1683,90.67158,99.61217,98.36929,98.34291,93.225334
MIT,b3c38,1684,90.657814,100.074875,98.37754,98.492424,93.203064
MIT,b3c38,1685,90.63906,99.595055,98.191444,98.22086,93.196976
MIT,b3c38,1686,90.6215,100.08564,98.49618,98.47807,92.956825
MIT,b3c38,1687,90.60227,99.6302,98.260635,98.10477,92.93679
MIT,b3c38,1688,90.58028,99.648636,98.19609,98.13165,92.99475
MIT,b3c38,1689,90.56669,99.61981,98.333,98.19345,92.96549
MIT,b3c38,1690,90.54478,100.08142,98.47975,98.457344,92.95811
MIT,b3c38,1691,90.52626,100.07479,98.45786,98.322174,92.96456
MIT,b3c38,1692,90.509056,100.081604,98.41345,98.35824,92.96375
MIT,b3c38,1693,90.49057,99.67605,98.29485,98.06665,92.97022
MIT,b3c38,1694,90.46966,99.607475,98.21414,98.119774,92.9683
MIT,b3c38,1695,90.451996,99.64554,98.120026,98.05374,92.90609
MIT,b3c38,1696,90.43163,99.62726,97.98658,98.026985,92.91832
MIT,b3c38,1697,90.41076,100.1055,98.46005,98.32495,92.92035
MIT,b3c38,1698,90.39171,99.57556,98.24293,97.97075,92.727936
MIT,b3c38,1699,90.369484,99.60363,98.00508,98.064026,92.916435
MIT,b3c38,1700,90.35011,100.04657,98.46133,98.34378,92.92035
MIT,b3c38,1701,90.32206,99.46965,98.23415,98.06837,92.51625
MIT,b3c38,1702,90.27362,99.26547,98.74267,98.309044,93.12962
MIT,b3c38,1703,90.2249,95.100784,99.033615,97.95251,93.10694
MIT,b3c38,1704,90.20151,99.13288,98.75204,98.24603,92.738174
MIT,b3c38,1705,90.18043,99.12725,98.76419,98.36288,91.24101
MIT,b3c38,1706,90.15579,99.12707,98.60492,98.39367,92.72885
MIT,b3c38,1707,90.12905,99.65298,98.84772,98.98665,92.6616
MIT,b3c38,1708,90.103874,99.108086,98.61485,98.34997,92.67212
MIT,b3c38,1709,90.084305,99.106026,98.581154,98.35175,91.20119
MIT,b3c38,1710,90.06043,99.09549,98.58025,98.27488,91.24422
MIT,b3c38,1711,90.03649,99.61815,98.89468,98.92981,91.24146
MIT,b3c38,1712,90.01481,99.08616,98.61263,98.29343,91.18049
MIT,b3c38,1713,89.97998,99.0669,98.61752,98.21389,92.45096
MIT,b3c38,1714,89.960785,99.070984,98.66094,98.20414,90.95059
MIT,b3c38,1715,89.93709,99.05494,98.65389,98.14799,90.92155
MIT,b3c38,1716,89.912025,99.045555,98.59622,98.1663,92.29643
MIT,b3c38,1717,89.890205,99.05177,98.6605,98.22219,90.88168
MIT,b3c38,1718,89.866356,99.0201,98.58854,98.018,92.18285
MIT,b3c38,1719,89.836845,99.02277,98.646484,98.060425,92.398445
MIT,b3c38,1720,89.8203,99.550964,98.96486,98.91276,92.158134
MIT,b3c38,1721,89.79308,99.00005,98.68908,97.80271,92.167
MIT,b3c38,1722,89.76133,99.557205,98.88645,98.82204,92.17706
MIT,b3c38,1723,89.74155,99.01986,98.67622,97.9343,92.375786
MIT,b3c38,1724,89.71806,99.52804,98.96714,98.911804,92.15794
MIT,b3c38,1725,89.69602,99.521645,98.942924,98.78696,91.922615
MIT,b3c38,1726,89.6745,98.950584,98.755325,97.91421,92.10046
MIT,b3c38,1727,89.64805,98.964294,98.73249,97.88495,92.096855
MIT,b3c38,1728,89.62263,99.50409,98.94478,98.92168,92.11578
MIT,b3c38,1729,89.59674,98.94123,98.672905,97.83181,92.07537
MIT,b3c38,1730,89.569855,98.9073,98.67925,97.64417,92.11634
MIT,b3c38,1731,89.545265,98.90939,98.625824,97.92393,92.07537
MIT,b3c38,1732,89.524826,98.83809,98.68376,97.56961,92.076256
MIT,b3c38,1733,89.50399,98.87381,98.732124,97.69114,91.81756
MIT,b3c38,1734,89.47647,99.44812,98.980095,98.76578,91.78934
MIT,b3c38,1735,89.45222,98.78182,98.66383,97.49889,91.783
MIT,b3c38,1736,89.425446,98.8264,98.71451,97.68869,91.67408
MIT,b3c38,1737,89.40823,99.39612,98.971466,98.818436,91.61563
MIT,b3c38,1738,89.38002,98.78597,98.67985,97.47878,91.66669
MIT,b3c38,1739,89.3504,98.79682,98.71178,97.52033,91.87044
MIT,b3c38,1740,89.3235,99.38623,98.869064,98.76648,91.849785
MIT,b3c38,1741,89.295906,98.75664,98.73726,97.50855,91.83311
MIT,b3c38,1742,89.27101,99.33942,99.000946,98.683815,91.6254
MIT,b3c38,1743,89.24269,98.74666,98.43952,97.42214,91.87044
MIT,b3c38,1744,89.21543,98.734856,98.63612,97.37657,91.88383
MIT,b3c38,1745,89.18824,98.71255,98.356476,97.28982,91.85336
MIT,b3c38,1746,89.16178,94.188835,99.01296,97.2887,91.27878
MIT,b3c38,1747,89.13178,99.29357,98.93076,98.8178,91.31939
MIT,b3c38,1748,89.10984,99.27389,98.816574,98.70228,91.26143
MIT,b3c38,1749,89.0833,99.29348,98.86818,98.73849,91.28617
MIT,b3c38,1750,89.05254,99.26567,98.75643,98.65346,91.18303
MIT,b3c38,1751,89.02291,99.2416,98.862465,98.66141,91.22273
MIT,b3c38,1752,88.99824,98.61266,98.27604,97.16122,91.18884
MIT,b3c38,1753,88.96905,99.224434,98.79966,98.67059,91.156815
MIT,b3c38,1754,88.94562,99.21823,98.77518,98.6367,90.74007
MIT,b3c38,1755,88.920265,98.5508,98.1653,96.98873,90.68012
MIT,b3c38,1756,88.89676,99.222015,98.69852,98.5704,91.12393
MIT,b3c38,1757,88.87094,98.52809,98.12686,97.04635,90.941986
MIT,b3c38,1758,88.84414,99.185684,98.74842,98.67194,90.87174
MIT,b3c38,1759,88.816864,98.48566,98.1705,96.86527,91.118065
MIT,b3c38,1760,88.78449,99.156555,98.77794,98.53963,90.97567
MIT,b3c38,1761,88.75792,93.919624,98.870995,97.33822,91.03271
MIT,b3c38,1762,88.734024,98.47815,98.238914,96.849625,91.065674
MIT,b3c38,1763,88.70883,99.10932,98.69665,98.5808,91.0401
MIT,b3c38,1764,88.68519,98.45854,98.1317,96.86288,90.79472
MIT,b3c38,1765,88.65461,98.45252,98.31727,96.934456,90.779594
MIT,b3c38,1766,88.62361,98.45505,98.547905,96.78306,90.654594
MIT,b3c38,1767,88.59994,98.44986,98.585464,96.91954,90.76883
MIT,b3c38,1768,88.56903,98.45045,98.434364,96.81896,90.75402
MIT,b3c38,1769,88.54066,98.39098,98.20105,96.5875,90.76313
MIT,b3c38,1770,88.50947,99.075745,98.82725,98.48099,90.42236
MIT,b3c38,1771,88.48394,99.05316,98.793365,98.42143,90.68663
MIT,b3c38,1772,88.45639,99.0435,98.75598,98.49346,90.70621
MIT,b3c38,1773,88.42789,98.32961,98.49971,96.63418,90.693886
MIT,b3c38,1774,88.39921,99.041794,98.79768,98.48738,90.67695
MIT,b3c38,1775,88.371895,99.016884,98.87494,98.45005,90.52351
MIT,b3c38,1776,88.33827,98.27766,98.5726,96.4149,90.5496
MIT,b3c38,1777,88.314545,98.97446,98.75568,98.23631,90.50714
MIT,b3c38,1778,88.28348,98.98108,98.85194,98.11169,90.53132
MIT,b3c38,1779,88.25081,98.272,98.5909,96.52159,90.53132
MIT,b3c38,1780,88.22458,98.21906,98.518776,96.39083,90.52357
MIT,b3c38,1781,88.19573,98.960625,98.70543,98.26668,90.5496
MIT,b3c38,1782,88.16614,98.22477,98.393295,96.45426,90.48372
MIT,b3c38,1783,88.13628,98.19522,98.55051,96.35488,90.54008
MIT,b3c38,1784,88.112,98.9206,98.657974,97.9622,90.3679
MIT,b3c38,1785,88.07651,98.19409,98.57223,96.334854,90.326004
MIT,b3c38,1786,88.049255,93.168976,99.04366,97.36665,90.3947
MIT,b3c38,1787,88.01806,98.123375,98.608795,96.069565,90.32454
MIT,b3c38,1788,87.98949,98.14427,98.42981,96.19537,90.3679
MIT,b3c38,1789,87.955894,98.07272,98.61956,96.38217,90.28053
MIT,b3c38,1790,87.9347,98.16022,97.22587,96.62515,90.18549
MIT,b3c38,1791,87.89153,98.0852,98.58951,95.734604,90.27433
MIT,b3c38,1792,87.8651,98.14342,97.30982,96.77206,90.280045
MIT,b3c38,1793,87.83176,98.01241,98.067375,95.17731,90.06815
MIT,b3c38,1794,87.80722,98.15759,97.69802,97.04694,89.678925
MIT,b3c38,1795,87.78425,97.99694,97.451965,95.17439,89.80319
MIT,b3c38,1796,87.73736,98.078476,98.17742,96.72654,89.736374
MIT,b3c38,1797,87.72588,97.8877,97.78352,94.970474,89.82077
MIT,b3c38,1798,87.67984,93.20287,98.9933,98.03895,89.70278
MIT,b3c38,1799,87.65979,97.84786,97.271706,95.17205,89.79954
MIT,b3c38,1800,87.61899,98.05808,98.34176,97.08013,89.662415
MIT,b3c38,1801,87.599945,97.840576,96.967674,95.540115,89.678925
MIT,b3c38,1802,87.54575,98.76282,98.82858,97.99467,89.61941
MIT,b3c38,1803,87.528145,97.76876,96.738464,95.54936,89.66694
MIT,b3c38,1804,87.4785,97.90838,98.60059,96.668304,89.50182
MIT,b3c38,1805,87.46925,98.62463,98.73404,97.35425,89.51607
MIT,b3c38,1806,87.417694,97.8463,98.595436,95.70783,89.58184
MIT,b3c38,1807,87.40465,98.603165,98.67031,97.37941,89.50024
MIT,b3c38,1808,87.360146,97.83153,98.649506,95.68786,89.566025
MIT,b3c38,1809,87.343,98.57981,98.60497,97.17543,89.46927
MIT,b3c38,1810,87.300545,97.71192,98.54665,95.323296,89.44274
MIT,b3c38,1811,87.27097,97.8073,98.04454,96.64106,89.335884
MIT,b3c38,1812,87.24434,97.60034,98.553,94.82984,89.38783
MIT,b3c38,1813,87.2073,97.74363,98.271484,96.59443,89.387665
MIT,b3c38,1814,87.17359,97.51255,98.50761,95.05139,89.39976
MIT,b3c38,1815,87.14084,97.65099,97.29456,96.59101,88.74699
MIT,b3c38,1816,87.11305,97.45615,98.54992,94.82064,88.727165
MIT,b3c38,1817,87.07348,97.70846,97.91749,96.8732,88.78187
MIT,b3c38,1818,87.03766,97.346016,98.483055,94.42814,88.837845
MIT,b3c38,1819,87.007286,98.50912,98.6714,97.58163,88.69279
MIT,b3c38,1820,86.97511,97.36949,97.76121,94.91984,88.78557
MIT,b3c38,1821,86.94271,97.594826,98.58789,96.51122,88.69568
MIT,b3c38,1822,86.91252,97.26724,98.43667,94.45662,88.72881
MIT,b3c38,1823,86.86965,97.4852,98.56082,96.51207,88.68933
MIT,b3c38,1824,86.84371,97.174,96.35358,94.14705,88.74208
MIT,b3c38,1825,86.801956,97.42486,96.56364,96.42154,88.3782
MIT,b3c38,1826,86.77776,97.11779,96.10067,94.28352,88.39557
MIT,b3c38,1827,86.72702,97.35898,98.61359,96.33522,88.28595
MIT,b3c38,1828,86.707146,98.167145,98.628174,95.729706,88.35061
MIT,b3c38,1829,86.65646,97.312195,98.194695,96.38831,88.38991
MIT,b3c38,1830,86.6351,98.11751,98.595634,95.38135,88.055565
MIT,b3c38,1831,86.589554,97.28137,96.48684,96.19969,88.11268
MIT,b3c38,1832,86.57027,96.94194,97.81783,94.29453,88.36483
MIT,b3c38,1833,86.51841,98.29907,98.72855,97.25464,88.13689
MIT,b3c38,1834,86.48854,96.74627,97.23145,93.951164,88.18703
MIT,b3c38,1835,86.44816,98.21249,98.65518,97.08471,88.10858
MIT,b3c38,1836,86.41528,96.89346,98.62806,94.582726,88.14749
MIT,b3c38,1837,86.37994,97.01197,98.62264,96.139854,88.11997
MIT,b3c38,1838,86.34534,98.0526,98.76154,95.32871,88.13475
MIT,b3c38,1839,86.30646,98.137375,98.63869,96.91988,88.07474
MIT,b3c38,1840,86.262,96.63991,98.716805,94.33763,88.18703
MIT,b3c38,1841,86.2343,96.78432,97.63037,96.19093,88.084816
MIT,b3c38,1842,86.1946,97.99496,98.67644,95.43089,88.15991
MIT,b3c38,1843,86.16244,96.72379,97.49589,95.58382,87.83648
MIT,b3c38,1844,86.113754,96.48835,98.74971,94.483864,87.94115
MIT,b3c38,1845,86.08674,97.98492,98.683754,96.78225,87.89187
MIT,b3c38,1846,86.035385,97.93825,98.695526,95.653305,87.88584
MIT,b3c38,1847,86.00147,97.97468,98.28346,96.76236,87.75426
MIT,b3c38,1848,85.96142,96.26259,96.120575,94.379944,87.48532
MIT,b3c38,1849,85.92457,96.40245,95.638214,95.59289,87.77356
MIT,b3c38,1850,85.88845,97.74503,98.633644,94.91113,88.07503
MIT,b3c38,1851,85.850395,97.88543,98.73183,96.60486,87.71526
MIT,b3c38,1852,85.81468,97.70195,98.74097,94.80448,87.73848
MIT,b3c38,1853,85.769745,97.938805,98.72583,97.01937,87.63174
MIT,b3c38,1854,85.74479,95.85102,97.66716,93.57789,87.72469
MIT,b3c38,1855,85.69052,97.86771,98.78136,96.702805,87.996475
MIT,b3c38,1856,85.661766,97.46868,98.64343,94.200035,87.405365
MIT,b3c38,1857,85.61027,96.09551,98.79065,96.07443,88.01957
MIT,b3c38,1858,85.58994,95.72684,94.959694,93.83292,88.0057
MIT,b3c38,1859,85.53205,96.08804,98.41098,95.7951,88.03067
MIT,b3c38,1860,85.505,97.41287,98.681114,94.76248,87.84732
MIT,b3c38,1861,85.448044,95.97824,97.65965,95.63143,87.82329
MIT,b3c38,1862,85.42246,95.4516,91.74247,93.22822,87.86941
MIT,b3c38,1863,85.37323,95.89173,95.84893,95.64425,87.77431
MIT,b3c38,1864,85.3462,95.422325,98.579865,93.92119,87.82526
MIT,b3c38,1865,85.2855,97.5683,86.16643,96.308395,87.80704
MIT,b3c38,1866,85.25785,95.29445,92.94768,93.39768,87.51363
MIT,b3c38,1867,85.2004,97.49229,98.729675,96.09122,87.40712
MIT,b3c38,1868,85.176735,89.712875,98.446304,94.48587,87.43578
MIT,b3c38,1869,85.121124,95.5122,98.771545,95.344055,87.44772
MIT,b3c38,1870,85.09735,95.10054,97.69189,93.69659,87.440445
MIT,b3c38,1871,85.03677,95.36097,98.66412,94.94634,87.45323
MIT,b3c38,1872,85.01284,94.88805,98.78526,93.10454,87.23035
MIT,b3c38,1873,84.952156,95.30493,98.86546,95.447205,87.48817
MIT,b3c38,1874,84.930664,97.09333,98.670616,94.88228,87.19691
MIT,b3c38,1875,84.87334,97.240265,98.843315,95.82214,87.23408
MIT,b3c38,1876,84.83999,94.669655,97.840454,93.0035,87.23951
MIT,b3c38,1877,84.78541,94.99153,98.664085,94.568146,86.88605
MIT,b3c38,1878,84.7544,96.878365,98.6537,94.40154,86.810074
MIT,b3c38,1879,84.70219,94.89525,98.77067,94.235596,86.90679
MIT,b3c38,1880,84.675385,94.50891,98.351265,92.774704,86.91925
MIT,b3c38,1881,84.60613,94.83904,98.83807,94.3621,86.781746
MIT,b3c38,1882,84.580826,94.31431,97.29569,91.78653,86.82284
MIT,b3c38,1883,84.52717,97.061935,98.7288,95.959496,86.74193
MIT,b3c38,1884,84.49257,94.31093,98.89735,92.43615,86.43527
MIT,b3c38,1885,84.43548,94.624855,98.90407,94.27848,86.33856
MIT,b3c38,1886,84.40495,88.59921,98.82419,92.72498,86.260735
MIT,b3c38,1887,84.34397,94.46264,97.95254,94.09326,86.43864
MIT,b3c38,1888,84.31192,96.47789,98.64633,93.76246,86.26016
MIT,b3c38,1889,84.25618,94.330505,97.830025,94.52165,86.44394
MIT,b3c38,1890,84.221176,93.870346,97.5278,91.611885,86.2962
MIT,b3c38,1891,84.16126,96.75729,98.619286,95.60994,86.21592
MIT,b3c38,1892,84.12585,96.36572,98.73161,93.796616,85.88144
MIT,b3c38,1893,84.06787,94.06315,98.0941,94.007576,85.873505
MIT,b3c38,1894,84.026596,93.484055,98.22097,91.631226,85.8862
MIT,b3c38,1895,83.97926,96.48468,98.5792,95.27327,85.89263
MIT,b3c38,1896,83.94233,96.25074,98.67254,93.52262,85.93084
MIT,b3c38,1897,83.89242,96.45377,98.6072,95.49505,85.83106
MIT,b3c38,1898,83.845436,93.31223,97.022224,91.60976,85.89456
MIT,b3c38,1899,83.801834,93.383575,97.95486,92.74481,85.85798
MIT,b3c38,1900,83.75251,96.12625,98.619316,93.99396,85.86962
MIT,b3c38,1901,83.70751,96.32889,98.5102,95.631,85.61373
MIT,b3c38,1902,83.66404,92.93762,97.72648,91.25957,85.617004
MIT,b3c38,1903,83.61293,93.092026,98.26266,92.99483,85.606895
MIT,b3c38,1904,83.57012,92.80705,98.01517,91.40802,85.61127
MIT,b3c38,1905,83.522835,96.07202,98.58738,95.38175,85.58352
MIT,b3c38,1906,83.479355,92.546036,97.97484,91.07613,85.51359
MIT,b3c38,1907,83.422806,92.91817,98.111755,93.26128,85.198364
MIT,b3c38,1908,83.38419,92.29862,97.17234,90.69654,85.51465
MIT,b3c38,1909,83.33048,92.45256,96.91757,92.42549,85.25171
MIT,b3c38,1910,83.27952,92.19873,97.68004,90.956604,85.22577
MIT,b3c38,1911,83.23352,92.45246,97.1168,92.923164,85.1658
MIT,b3c38,1912,83.19079,95.4925,98.72717,93.02083,85.13013
MIT,b3c38,1913,83.13915,88.140945,97.94133,95.93155,85.23024
MIT,b3c38,1914,83.10042,95.43055,98.582504,92.86153,85.24459
MIT,b3c38,1915,83.04678,95.69749,96.816505,94.776665,84.75386
MIT,b3c38,1916,82.997734,95.39992,97.61853,92.96347,85.2091
MIT,b3c38,1917,82.95017,91.71448,95.500336,92.84832,84.71249
MIT,b3c38,1918,82.90429,95.227806,98.749405,92.54453,84.74146
MIT,b3c38,1919,82.84969,91.34086,96.57924,92.44509,84.73789
MIT,b3c38,1920,82.80175,95.17924,96.17814,92.2061,84.6883
MIT,b3c38,1921,82.75339,90.93219,93.71628,92.05313,84.72149
MIT,b3c38,1922,82.701195,90.464516,95.20963,91.24191,84.63873
MIT,b3c38,1923,82.65883,90.43928,83.095764,91.77189,84.62429
MIT,b3c38,1924,82.59819,95.093124,98.029816,92.94422,84.69676
MIT,b3c38,1925,82.55954,89.76328,95.28357,90.80247,84.28038
MIT,b3c38,1926,82.49486,95.0902,97.02575,93.45604,84.28813
MIT,b3c38,1927,82.45661,89.29289,94.685715,91.34049,84.33834
MIT,b3c38,1928,82.39789,88.970856,91.6399,92.67223,84.18553
MIT,b3c38,1929,82.36292,88.42027,91.16888,91.146,84.18092
MIT,b3c38,1930,82.29366,88.02734,82.45526,93.71254,84.29315
MIT,b3c38,1931,82.26351,94.39112,98.27079,91.59273,84.301765
MIT,b3c38,1932,82.19919,86.88518,97.98189,95.09918,84.18539
MIT,b3c38,1933,82.177895,86.226074,91.26969,92.337616,84.25224
MIT,b4c5,1,99.965485,100.51483,99.63935,99.99971,99.01188
MIT,b4c5,2,100.0,100.53605,98.12992,99.920555,98.72486
MIT,b4c5,3,100.037384,100.543655,97.71618,99.86403,99.19069
MIT,b4c5,4,100.071594,100.52722,98.101746,99.968796,99.26206
MIT,b4c5,5,100.105255,100.535545,98.43237,100.02652,99.57321
MIT,b4c5,6,100.13428,100.5496,98.55982,99.9733,99.607475
MIT,b4c5,7,100.161995,100.53828,98.67771,100.03355,99.62413
MIT,b4c5,8,100.20899,100.51971,98.58407,100.176384,99.56763
MIT,b4c5,9,100.2202,100.523026,98.630424,100.19849,99.53725
MIT,b4c5,10,100.22134,100.531425,98.53405,100.25564,99.518715
MIT,b4c5,11,100.23862,100.54704,99.00796,100.13269,99.49655
MIT,b4c5,12,100.264305,100.47741,99.05825,100.19042,99.576164
MIT,b4c5,13,100.25827,100.479454,99.19641,100.16255,99.53245
MIT,b4c5,14,100.27023,100.4866,99.584564,100.17892,99.46146
MIT,b4c5,15,100.27494,100.54726,99.47766,100.20379,99.83894
MIT,b4c5,16,100.27895,100.39353,99.833496,100.23829,99.45204
MIT,b4c5,17,100.26797,100.57135,99.74144,100.19225,99.52913
MIT,b4c5,18,100.28752,100.54753,99.58186,100.28261,99.72386
MIT,b4c5,19,100.29826,100.459885,99.88763,100.2484,99.696236
MIT,b4c5,20,100.291374,100.340614,100.019196,100.22773,99.7434
MIT,b4c5,21,100.30473,100.4781,99.7869,100.19545,99.82081
MIT,b4c5,22,100.31114,100.17977,99.880104,99.985855,99.60418
MIT,b4c5,23,100.31938,100.10215,99.81242,99.832634,99.61236
MIT,b4c5,24,100.32053,100.08052,100.18313,99.75258,99.753365
MIT,b4c5,25,100.33663,100.076385,99.847336,99.68698,99.22758
MIT,b4c5,26,100.33208,99.967026,99.98748,99.429695,99.75502
MIT,b4c5,27,100.338844,99.95996,99.94564,99.23302,99.76057
MIT,b4c5,28,100.34431,99.91585,100.05086,99.10321,99.75622
MIT,b4c5,29,100.35461,99.93358,99.91019,98.942986,99.63054
MIT,b4c5,30,100.339485,99.92297,100.23086,98.820305,99.74237
MIT,b4c5,31,100.34807,100.01136,100.00756,98.78647,99.84311
MIT,b4c5,32,100.34463,99.999374,100.010826,98.79383,99.82028
MIT,b4c5,33,100.34799,99.87802,100.29193,98.82013,99.57985
MIT,b4c5,34,100.34704,99.96565,100.20236,98.81041,99.7703
MIT,b4c5,35,100.345985,99.85774,100.36743,98.825615,99.63152
MIT,b4c5,36,100.34825,99.78361,100.505325,98.8607,99.62042
MIT,b4c5,37,100.34129,99.9918,100.376495,98.9084,99.42324
MIT,b4c5,38,100.33861,99.96477,100.45946,98.937126,99.582924
MIT,b4c5,39,100.35694,99.9624,100.29552,99.00164,99.32776
MIT,b4c5,40,100.3358,100.234856,100.176674,98.98441,99.49353
MIT,b4c5,41,100.34333,100.009926,100.221275,99.14214,99.34102
MIT,b4c5,42,100.32699,100.202614,100.1815,99.1597,99.14577
MIT,b4c5,43,100.33869,100.02326,100.19594,99.14533,99.07868
MIT,b4c5,44,100.344894,100.0553,100.18193,99.25066,99.29977
MIT,b4c5,45,100.33754,99.98032,100.27104,99.18633,98.72504
MIT,b4c5,46,100.32905,100.03177,100.19773,99.2377,99.02468
MIT,b4c5,47,100.33438,100.20856,100.19823,99.30689,99.082054
MIT,b4c5,48,100.32783,100.06713,100.19704,99.13898,99.07811
MIT,b4c5,49,100.33575,100.15338,100.18041,99.1252,98.59701
MIT,b4c5,50,100.319115,100.08556,100.23083,99.21887,98.32357
MIT,b4c5,51,100.32974,100.10035,100.19899,99.11261,98.364235
MIT,b4c5,52,100.328964,100.02316,100.22893,99.036606,98.605606
MIT,b4c5,53,100.32288,99.94388,100.42173,98.91779,98.35782
MIT,b4c5,54,100.32627,100.04253,100.397316,98.81413,98.48012
MIT,b4c5,55,100.326035,99.97862,100.416916,98.67851,98.38337
MIT,b4c5,56,100.336975,99.801,100.46965,98.47714,98.14345
MIT,b4c5,57,100.35516,99.70178,100.27359,98.32454,98.41813
MIT,b4c5,58,100.345634,99.776596,100.16234,98.197685,98.23194
MIT,b4c5,59,100.34915,99.77585,100.15658,98.04321,98.17081
MIT,b4c5,60,100.34112,99.81039,99.97469,97.91811,98.281815
MIT,b4c5,61,100.35996,99.74152,99.98272,97.27986,98.38129
MIT,b4c5,62,100.35418,99.66871,99.94142,97.469185,98.3648
MIT,b4c5,63,100.353264,99.61566,100.077034,97.13144,98.2837
MIT,b4c5,64,100.35361,99.7183,99.88738,97.11177,98.40212
MIT,b4c5,65,100.35844,99.63153,99.93574,96.59375,97.99454
MIT,b4c5,66,100.34307,99.71202,99.9361,96.82095,98.076836
MIT,b4c5,67,100.3353,99.75854,99.99785,97.07502,98.30153
MIT,b4c5,68,100.34885,99.6689,99.911446,97.08964,98.36973
MIT,b4c5,69,100.33611,99.775,99.995476,96.86386,98.25423
MIT,b4c5,70,100.33551,99.67303,99.85255,96.93882,97.94534
MIT,b4c5,71,100.33572,99.608475,99.8096,97.77565,98.23249
MIT,b4c5,72,100.32443,99.70674,99.39896,97.79313,98.2199
MIT,b4c5,73,100.32279,99.65906,99.151054,97.490135,97.927956
MIT,b4c5,74,100.326324,99.57894,99.2121,97.6513,98.061615
MIT,b4c5,75,100.32616,99.64484,98.97741,98.16824,98.21606
MIT,b4c5,76,100.31003,99.78522,98.8814,98.1263,98.30073
MIT,b4c5,77,100.30728,99.75097,98.89327,98.18569,97.97498
MIT,b4c5,78,100.30504,99.676094,99.04291,98.316345,98.17547
MIT,b4c5,79,100.300316,99.61445,99.23003,98.50573,98.04643
MIT,b4c5,80,100.312775,99.686424,99.16793,98.56207,98.269905
MIT,b4c5,81,100.29825,99.71106,99.158394,98.31083,98.03987
MIT,b4c5,82,100.281044,99.768234,98.99047,97.3229,98.08715
MIT,b4c5,83,100.27734,99.82391,99.1301,98.47117,98.162865
MIT,b4c5,84,100.27475,99.84084,99.15527,98.57379,98.303375
MIT,b4c5,85,100.261986,99.89223,99.25053,98.62234,98.19309
MIT,b4c5,86,100.2682,99.74815,99.230225,98.48885,97.93473
MIT,b4c5,87,100.25845,99.82538,98.95604,98.51753,98.164055
MIT,b4c5,88,100.29188,99.76517,98.75592,98.07569,98.2794
MIT,b4c5,89,100.271416,99.749565,98.98114,98.55662,98.41213
MIT,b4c5,90,100.275925,99.59738,99.16526,98.7324,98.49328
MIT,b4c5,91,100.264435,99.62821,99.45152,98.61755,98.56475
MIT,b4c5,92,100.27723,99.54351,99.642784,98.5488,98.74706
MIT,b4c5,93,100.288414,99.50447,99.74499,98.61271,98.86306
MIT,b4c5,94,100.2764,99.579994,99.821205,98.84028,98.781166
MIT,b4c5,95,100.28185,99.393364,99.65581,98.87846,98.740166
MIT,b4c5,96,100.27826,99.40812,98.945435,99.10247,98.77685
MIT,b4c5,97,100.27132,99.5288,98.352486,99.10714,98.94596
MIT,b4c5,98,100.26543,99.43492,98.364746,99.26394,98.8982
MIT,b4c5,99,100.27014,99.56266,97.958496,99.45761,98.97717
MIT,b4c5,100,100.25372,99.467674,98.04272,99.26604,99.00609
MIT,b4c5,101,100.24896,99.50864,98.14604,99.15057,99.051094
MIT,b4c5,102,100.240204,99.55939,98.23651,99.21642,98.94633
MIT,b4c5,103,100.23748,99.56957,98.57877,99.129234,98.95256
MIT,b4c5,104,100.24992,99.331535,98.70261,98.887,99.013115
MIT,b4c5,105,100.241585,99.51812,98.97163,98.805885,99.05653
MIT,b4c5,106,100.242195,99.40256,99.11237,99.06855,99.55982
MIT,b4c5,107,100.243996,99.45093,99.06898,99.260056,99.62112
MIT,b4c5,108,100.24415,99.26329,99.46106,99.32949,99.47668
MIT,b4c5,109,100.23045,99.47741,99.5442,99.5172,99.53707
MIT,b4c5,110,100.22306,99.52383,99.64013,99.55975,99.49691
MIT,b4c5,111,100.21759,99.46225,99.77568,99.25023,99.48342
MIT,b4c5,112,100.23324,99.16228,99.90269,99.12423,99.55338
MIT,b4c5,113,100.2214,99.249855,100.123314,99.01941,99.58384
MIT,b4c5,114,100.21246,99.43553,99.97967,98.85332,99.54391
MIT,b4c5,115,100.20629,99.37329,100.21258,98.82632,99.49047
MIT,b4c5,116,100.187515,99.38988,100.410706,98.84458,99.31512
MIT,b4c5,117,100.18895,99.50319,100.26443,98.95292,99.32667
MIT,b4c5,118,100.17436,99.49564,100.412636,98.98349,99.16536
MIT,b4c5,119,100.178024,99.30037,100.42503,99.07702,99.03887
MIT,b4c5,120,100.17693,99.34653,100.356384,99.137314,98.95355
MIT,b4c5,121,100.16917,99.35859,100.406296,99.189186,98.76813
MIT,b4c5,122,100.167496,99.548256,100.17751,99.20108,98.82063
MIT,b4c5,123,100.17287,99.38442,100.16224,99.24529,98.27738
MIT,b4c5,124,100.17065,99.33308,100.393005,99.07419,97.97691
MIT,b4c5,125,100.185265,99.216446,100.28849,99.028175,98.012405
MIT,b4c5,126,100.16241,99.35784,100.44719,98.88986,97.93147
MIT,b4c5,127,100.16606,99.42508,100.37287,98.689514,97.880905
MIT,b4c5,128,100.15604,99.354095,100.34563,98.697235,97.689644
MIT,b4c5,129,100.15928,99.27205,100.39503,98.63691,97.74297
MIT,b4c5,130,100.156654,99.43892,100.23886,98.49456,97.84143
MIT,b4c5,131,100.1428,99.42323,100.273895,98.270096,97.79514
MIT,b4c5,132,100.15057,99.266396,100.03663,98.15402,97.66402
MIT,b4c5,133,100.145706,99.27853,100.01432,97.91069,97.661514
MIT,b4c5,134,100.13846,99.29153,99.96392,97.922134,97.65606
MIT,b4c5,135,100.11906,99.46229,99.98596,97.864876,97.671196
MIT,b4c5,136,100.11375,99.39919,99.96468,97.7816,97.639
MIT,b4c5,137,100.12138,99.48156,99.90455,97.707214,97.63539
MIT,b4c5,138,100.10605,99.54659,100.074844,97.6182,97.56147
MIT,b4c5,139,100.09566,99.48353,100.15635,96.91281,97.50227
MIT,b4c5,140,100.09241,99.55604,100.002686,97.063126,97.5577
MIT,b4c5,141,100.09501,99.43051,99.90189,97.326805,97.464264
MIT,b4c5,142,100.09439,99.34584,99.89542,97.15983,97.46224
MIT,b4c5,143,100.09429,99.39541,99.60932,97.55314,97.49768
MIT,b4c5,144,100.089775,99.321075,99.526474,97.65196,97.48487
MIT,b4c5,145,100.08161,99.30792,99.124344,97.75375,97.50438
MIT,b4c5,146,100.08672,99.35467,98.88974,97.831276,97.48224
MIT,b4c5,147,100.07746,99.40277,98.74431,97.432274,97.49203
MIT,b4c5,148,100.07176,99.27944,98.83724,98.08403,97.55385
MIT,b4c5,149,100.06527,99.40017,98.87561,97.659035,97.539536
MIT,b4c5,150,100.056335,99.35199,98.78578,98.325165,97.54184
MIT,b4c5,151,100.05148,99.50442,98.69398,98.13274,97.571014
MIT,b4c5,152,100.04051,99.49464,98.812874,97.96169,97.61227
MIT,b4c5,153,100.03129,99.48544,98.739624,98.42946,97.71931
MIT,b4c5,154,100.02538,99.49108,98.81457,98.533554,97.70547
MIT,b4c5,155,100.021736,99.53136,98.63686,98.55528,97.76165
MIT,b4c5,156,100.02274,99.39618,98.51321,98.47237,97.9633
MIT,b4c5,157,100.018425,99.49415,98.449265,98.54159,98.00043
MIT,b4c5,158,100.01991,99.41062,98.681595,98.531685,98.169174
MIT,b4c5,159,100.02467,99.32239,99.00769,98.479324,98.19569
MIT,b4c5,160,100.01014,99.50441,99.30541,98.49376,98.31957
MIT,b4c5,161,100.02442,99.43587,98.78816,98.624084,98.51455
MIT,b4c5,162,100.01761,99.355865,98.60367,98.72204,98.67088
MIT,b4c5,163,100.007805,99.417046,98.28766,98.85271,98.743195
MIT,b4c5,164,100.0093,99.22902,98.116714,98.962166,98.792206
MIT,b4c5,165,100.01657,99.23696,98.08947,98.83795,98.80604
MIT,b4c5,166,100.00755,99.16931,98.200554,98.70886,98.872116
MIT,b4c5,167,99.99141,99.423904,98.46909,98.49022,98.817986
MIT,b4c5,168,99.98793,99.423676,98.5279,98.27497,98.79306
MIT,b4c5,169,99.99374,99.29528,98.61142,98.44643,98.80001
MIT,b4c5,170,99.98305,99.349884,98.79505,98.44879,98.76179
MIT,b4c5,171,99.98145,99.26041,98.836,98.77608,98.71609
MIT,b4c5,172,99.97907,99.30693,99.063446,99.13707,98.85326
MIT,b4c5,173,99.976974,99.28661,99.10661,99.10623,98.81866
MIT,b4c5,174,99.97671,99.25752,99.13429,99.077705,98.83235
MIT,b4c5,175,99.9734,99.31624,99.40199,98.83839,98.83754
MIT,b4c5,176,99.963234,99.36155,99.57755,98.43492,98.776665
MIT,b4c5,177,99.963684,99.15474,99.643715,98.50252,98.76759
MIT,b4c5,178,99.971504,98.963684,99.97442,98.67489,99.2752
MIT,b4c5,179,99.972725,99.046555,99.91098,98.71895,99.23269
MIT,b4c5,180,99.968506,98.99184,100.25506,98.86554,99.2406
MIT,b4c5,181,99.95388,99.193,100.05232,98.90308,99.215515
MIT,b4c5,182,99.945114,99.16745,100.41184,98.92217,98.5736
MIT,b4c5,183,99.93853,99.208954,100.41728,98.96984,98.504814
MIT,b4c5,184,99.925804,99.3841,100.33045,98.827644,98.42982
MIT,b4c5,185,99.92252,99.289734,100.46621,98.88127,98.46585
MIT,b4c5,186,99.92899,99.1182,100.42287,98.91449,98.21344
MIT,b4c5,187,99.94081,98.87343,100.40313,98.9015,98.19367
MIT,b4c5,188,99.92968,99.019516,100.50047,98.8278,97.93214
MIT,b4c5,189,99.9122,99.286674,100.26049,98.66716,97.885475
MIT,b4c5,190,99.90571,99.31819,100.33348,98.586525,97.54929
MIT,b4c5,191,99.91215,99.07799,100.25621,98.35901,97.47955
MIT,b4c5,192,99.91273,98.885635,100.19147,98.452126,97.507484
MIT,b4c5,193,99.90074,99.0921,100.31738,98.30463,97.41618
MIT,b4c5,194,99.88641,99.12624,100.15278,98.09766,97.21965
MIT,b4c5,195,99.88612,99.145584,100.02049,97.930984,97.28861
MIT,b4c5,196,99.88478,99.15313,99.96019,97.58249,97.29064
MIT,b4c5,197,99.89031,99.22357,99.85255,97.79398,97.320114
MIT,b4c5,198,99.88136,99.18556,100.02321,97.73908,97.26517
MIT,b4c5,199,99.858215,99.41488,100.09842,97.50906,97.35128
MIT,b4c5,200,99.86335,99.25518,100.12816,96.639626,97.30097
MIT,b4c5,201,99.86119,99.17513,100.15183,97.307335,97.252304
MIT,b4c5,202,99.86747,99.08962,100.044304,97.1872,97.18166
MIT,b4c5,203,99.85818,99.196976,99.884766,97.19177,97.31108
MIT,b4c5,204,99.85068,99.2468,99.92286,97.2381,97.18343
MIT,b4c5,205,99.847275,99.06415,99.63104,97.26251,97.16001
MIT,b4c5,206,99.84239,99.15233,99.34078,96.91665,97.269646
MIT,b4c5,207,99.84038,99.11179,98.976685,97.29712,97.25789
MIT,b4c5,208,99.833275,99.188934,98.59128,97.49853,97.22314
MIT,b4c5,209,99.83443,99.17883,98.645775,97.55416,97.33055
MIT,b4c5,210,99.82694,99.165596,98.561584,97.46784,97.3525
MIT,b4c5,211,99.81951,99.19567,98.658226,97.86945,97.33548
MIT,b4c5,212,99.81565,99.315636,98.58678,97.99739,97.469795
MIT,b4c5,213,99.800964,99.17196,98.65374,97.90229,97.360794
MIT,b4c5,214,99.79577,99.20878,98.75264,97.10672,97.408
MIT,b4c5,215,99.79299,99.232124,98.644844,98.43312,97.47247
MIT,b4c5,216,99.79785,99.17928,98.643074,98.49622,97.75294
MIT,b4c5,217,99.79782,99.28309,98.47656,97.770546,97.76258
MIT,b4c5,218,99.79687,99.22157,98.3734,98.346985,97.86741
MIT,b4c5,219,99.78756,99.31562,98.28998,98.686035,97.92253
MIT,b4c5,220,99.79103,99.25319,98.484886,98.42765,97.93328
MIT,b4c5,221,99.77903,99.36856,98.637505,98.43828,98.04372
MIT,b4c5,222,99.77555,99.212906,98.90502,97.77978,98.03683
MIT,b4c5,223,99.78704,99.138016,98.65784,98.37042,98.20001
MIT,b4c5,224,99.772224,99.185715,98.65066,97.641205,98.313095
MIT,b4c5,225,99.7752,99.16834,98.435844,98.48558,98.42319
MIT,b4c5,226,99.7705,99.07,98.088905,98.504814,98.55654
MIT,b4c5,227,99.762566,99.20929,97.88602,98.66642,98.63439
MIT,b4c5,228,99.7479,99.1349,98.03213,98.65506,98.5977
MIT,b4c5,229,99.74836,99.078094,98.15202,98.574265,98.493675
MIT,b4c5,230,99.737076,99.15809,98.43768,98.41931,98.489586
MIT,b4c5,231,99.739685,99.10996,98.44085,98.15145,98.471344
MIT,b4c5,232,99.74042,98.98628,98.41916,98.409386,98.44719
MIT,b4c5,233,99.73077,98.98246,98.65234,98.51266,98.42567
MIT,b4c5,234,99.71322,99.162476,98.851105,98.60692,98.36669
MIT,b4c5,235,99.71741,99.05459,98.900856,98.71624,98.35776
MIT,b4c5,236,99.71137,99.00892,99.10758,98.94311,98.39483
MIT,b4c5,237,99.712074,99.17344,98.990776,98.86374,98.57539
MIT,b4c5,238,99.70536,99.10645,99.12068,98.65747,98.477165
MIT,b4c5,239,99.70353,99.08616,99.37047,98.50963,98.48859
MIT,b4c5,240,99.69539,99.05993,99.68828,98.42268,98.425415
MIT,b4c5,241,99.70026,99.03965,99.65999,98.55635,98.473694
MIT,b4c5,242,99.68952,99.04219,99.79172,98.68022,98.41718
MIT,b4c5,243,99.67972,99.0643,99.932465,98.83576,98.387764
MIT,b4c5,244,99.67956,99.09288,100.16423,98.79634,98.39412
MIT,b4c5,245,99.68448,98.98764,100.20391,98.94347,98.43389
MIT,b4c5,246,99.67119,99.17664,100.1835,98.94407,98.30498
MIT,b4c5,247,99.67047,98.92347,100.38994,99.004395,98.26425
MIT,b4c5,248,99.66411,99.06767,100.42145,98.8998,98.20764
MIT,b4c5,249,99.66277,99.01645,100.39903,98.92691,98.189575
MIT,b4c5,250,99.65299,99.044,100.335396,98.8113,98.09883
MIT,b4c5,251,99.65124,98.93891,100.397736,98.71129,97.96564
MIT,b4c5,252,99.64475,99.08127,100.49082,98.47556,97.90326
MIT,b4c5,253,99.649216,99.0507,100.19233,98.3688,97.87323
MIT,b4c5,254,99.648186,98.99456,100.220795,98.24033,97.68003
MIT,b4c5,255,99.64145,99.12291,99.98451,98.099144,97.58228
MIT,b4c5,256,99.64983,98.94531,99.863525,98.01307,97.41171
MIT,b4c5,257,99.64545,98.93504,99.8228,97.89834,97.29273
MIT,b4c5,258,99.6495,98.96369,99.81393,97.732,97.335
MIT,b4c5,259,99.635056,99.029594,99.72916,97.67773,97.245476
MIT,b4c5,260,99.63342,98.8334,99.88674,97.20749,96.90042
MIT,b4c5,261,99.63147,98.965,100.0448,97.11946,97.21524
MIT,b4c5,262,99.6344,98.88131,99.99898,97.332245,97.23772
MIT,b4c5,263,99.62008,98.8132,100.10237,96.577576,97.022934
MIT,b4c5,264,99.61828,98.82496,100.0865,96.97427,97.11365
MIT,b4c5,265,99.613884,98.83099,100.01097,96.87593,97.324356
MIT,b4c5,266,99.60613,98.8004,100.05576,96.44791,97.46607
MIT,b4c5,267,99.59742,98.839645,99.98292,96.790535,97.448944
MIT,b4c5,268,99.59098,98.973526,99.775116,97.0515,97.20796
MIT,b4c5,269,99.58838,98.90075,98.95576,97.0166,97.45015
MIT,b4c5,270,99.589005,98.8914,98.68009,96.89901,97.22161
MIT,b4c5,271,99.57048,98.978226,98.565636,97.324104,97.17855
MIT,b4c5,272,99.56469,98.92811,98.59681,97.11481,97.16368
MIT,b4c5,273,99.56385,98.782005,98.63813,97.5741,97.26825
MIT,b4c5,274,99.556076,98.75024,98.650795,96.82876,97.22064
MIT,b4c5,275,99.55481,98.792786,98.431656,97.64319,97.40762
MIT,b4c5,276,99.56865,98.50456,98.38354,97.55493,97.50699
MIT,b4c5,277,99.55011,98.95992,98.3466,97.9348,97.54514
MIT,b4c5,278,99.54874,98.85054,98.42142,97.7765,97.61838
MIT,b4c5,279,99.54311,98.863174,98.3849,96.9243,97.632324
MIT,b4c5,280,99.54451,98.77813,98.44391,98.22678,97.76932
MIT,b4c5,281,99.53773,98.78755,98.41993,98.217995,97.74006
MIT,b4c5,282,99.53116,98.84752,98.217186,98.415726,97.79746
MIT,b4c5,283,99.5328,98.79803,98.2783,98.23988,97.8819
MIT,b4c5,284,99.526024,98.738625,98.54765,98.51478,97.97838
MIT,b4c5,285,99.51175,98.89536,98.80299,98.35645,97.92198
MIT,b4c5,286,99.508194,98.793396,98.59805,98.349976,97.96601
MIT,b4c5,287,99.51352,98.6149,98.86697,97.722015,98.19939
MIT,b4c5,288,99.520485,98.62574,98.47374,98.02531,98.401245
MIT,b4c5,289,99.51267,98.71292,98.304184,98.45823,98.534134
MIT,b4c5,290,99.50986,98.77449,97.98284,98.482895,98.644424
MIT,b4c5,291,99.51603,98.766716,97.80738,98.34511,98.62553
MIT,b4c5,292,99.504974,98.80453,97.986206,98.35948,98.53413
MIT,b4c5,293,99.509,98.69199,97.91375,98.12276,98.54748
MIT,b4c5,294,99.50724,98.70067,98.095024,98.058,98.58601
MIT,b4c5,295,99.507805,98.724365,98.22926,97.92067,98.58003
MIT,b4c5,296,99.4953,98.69854,98.33031,97.8747,98.58231
MIT,b4c5,297,99.49247,98.69695,98.51815,97.807816,98.50555
MIT,b4c5,298,99.48999,98.5728,98.24464,98.08036,98.58104
MIT,b4c5,299,99.4668,98.89703,98.593796,98.27571,98.526375
MIT,b4c5,300,99.46153,98.87654,98.861595,98.4961,98.41567
MIT,b4c5,301,99.46023,98.67804,98.65789,98.66318,98.48385
MIT,b4c5,302,99.45606,98.62031,98.81702,98.792274,98.3924
MIT,b4c5,303,99.45171,98.6026,98.44387,98.6816,98.463356
MIT,b4c5,304,99.429634,98.866394,98.883125,98.430275,98.39879
MIT,b4c5,305,99.431076,98.7778,98.8426,98.47115,98.49999
MIT,b4c5,306,99.437546,98.56861,98.80127,98.59359,98.49154
MIT,b4c5,307,99.44119,98.54281,98.72541,98.70309,98.37567
MIT,b4c5,308,99.4266,98.64521,99.6878,98.78894,98.55792
MIT,b4c5,309,99.43082,98.58037,99.81666,98.90633,98.515114
MIT,b4c5,310,99.42882,98.52084,99.80678,98.99174,98.594986
MIT,b4c5,311,99.412224,98.6057,99.79254,98.94629,98.50285
MIT,b4c5,312,99.40662,98.81437,100.21384,98.88334,98.58582
MIT,b4c5,313,99.4006,98.75713,100.308586,98.8366,98.32344
MIT,b4c5,314,99.39464,98.699135,100.30558,98.7577,98.36348
MIT,b4c5,315,99.39753,98.60311,100.461,98.66988,98.263
MIT,b4c5,316,99.39405,98.61862,100.446785,98.4865,98.00973
MIT,b4c5,317,99.392944,98.51338,100.08911,98.38942,98.039
MIT,b4c5,318,99.378105,98.76464,100.24186,98.25935,97.53933
MIT,b4c5,319,99.373665,98.673874,100.07422,98.16221,97.54063
MIT,b4c5,320,99.36989,98.693924,99.99579,98.04599,97.26129
MIT,b4c5,321,99.3613,98.86762,99.74071,97.929726,97.3724
MIT,b4c5,322,99.34986,98.83123,99.84075,97.821,97.20732
MIT,b4c5,323,99.342865,98.85408,99.817764,97.68178,97.13057
MIT,b4c5,324,99.34124,98.76546,99.95831,96.49263,97.00541
MIT,b4c5,325,99.337395,98.75024,100.049034,97.375175,96.991875
MIT,b4c5,326,99.333496,98.72847,100.109116,96.787994,96.89798
MIT,b4c5,327,99.32217,98.79739,100.01784,97.053276,97.03315
MIT,b4c5,328,99.329475,98.61742,100.00694,96.83723,96.92484
MIT,b4c5,329,99.31121,98.85416,99.85708,96.60555,97.07862
MIT,b4c5,330,99.31667,98.67793,99.892136,96.92158,96.8178
MIT,b4c5,331,99.29467,98.957634,99.233635,96.94752,96.80358
MIT,b4c5,332,99.29752,98.82345,98.80854,97.17033,97.19747
MIT,b4c5,333,99.29646,98.79575,98.355194,96.94684,96.979324
MIT,b4c5,334,99.28885,98.85256,98.31426,96.92322,97.13638
MIT,b4c5,335,99.28693,98.79497,98.214355,96.88861,97.13705
MIT,b4c5,336,99.282104,98.79425,98.19539,96.76613,97.16102
MIT,b4c5,337,99.278076,98.6852,98.18576,97.35246,97.13157
MIT,b4c5,338,99.26231,98.90144,98.21439,97.47786,97.315674
MIT,b4c5,339,99.261086,98.84764,98.26704,96.87834,97.082924
MIT,b4c5,340,99.25019,98.83852,98.33916,97.87813,97.3599
MIT,b4c5,341,99.24766,98.77489,98.31562,97.10724,97.27718
MIT,b4c5,342,99.249565,98.724594,98.28281,98.01066,97.36535
MIT,b4c5,343,99.24626,98.71227,98.20557,98.02488,97.52687
MIT,b4c5,344,99.24069,98.71134,98.08265,97.20972,97.42887
MIT,b4c5,345,99.245544,98.682304,98.06735,98.16321,97.53531
MIT,b4c5,346,99.24734,98.62237,98.315674,98.42387,97.72092
MIT,b4c5,347,99.23472,98.74994,98.569,97.08428,97.785065
MIT,b4c5,348,99.24293,98.59972,98.54199,98.264626,97.88426
MIT,b4c5,349,99.235634,98.5807,98.8095,97.26075,97.77099
MIT,b4c5,350,99.226944,98.48802,98.71683,98.27461,97.93129
MIT,b4c5,351,99.2288,98.54926,98.44873,98.35089,98.173965
MIT,b4c5,352,99.22125,98.4896,98.182526,98.15445,98.27019
MIT,b4c5,353,99.21928,98.40647,97.959435,98.40567,98.203354
MIT,b4c5,354,99.22474,98.27011,97.91555,98.37931,98.18385
MIT,b4c5,355,99.22323,98.45133,97.90897,98.124756,98.2489
MIT,b4c5,356,99.22151,98.39608,97.96542,98.025566,98.302795
MIT,b4c5,357,99.212395,98.39343,98.06932,97.819695,98.20125
MIT,b4c5,358,99.19956,98.628136,98.252205,97.96412,98.18765
MIT,b4c5,359,99.19917,98.36589,98.15465,97.87542,98.16175
MIT,b4c5,360,99.20265,98.27903,98.13802,98.03897,98.214294
MIT,b4c5,361,99.18041,98.59278,98.181854,98.471886,98.1124
MIT,b4c5,362,99.170944,98.54039,98.51936,98.69138,98.12594
MIT,b4c5,363,99.16785,98.53183,98.57425,98.70887,98.10401
MIT,b4c5,364,99.16385,98.5961,98.27521,98.58021,98.111115
MIT,b4c5,365,99.160355,98.43303,98.310715,98.4758,98.13748
MIT,b4c5,366,99.15016,98.578514,98.40448,98.43039,98.040855
MIT,b4c5,367,99.144005,98.41702,98.83884,98.68495,98.18715
MIT,b4c5,368,99.14493,98.450905,99.182304,98.82221,98.197716
MIT,b4c5,369,99.14166,98.455185,99.68435,98.94758,98.16247
MIT,b4c5,370,99.12229,98.677605,100.13074,98.994514,97.98523
MIT,b4c5,371,99.12418,98.375465,99.51733,99.06765,98.005905
MIT,b4c5,372,99.12144,98.33797,99.85387,99.09348,97.99772
MIT,b4c5,373,99.1265,98.11388,99.681465,99.070755,97.852516
MIT,b4c5,374,99.11882,98.119125,99.84348,99.04549,97.74
MIT,b4c5,375,99.109314,98.31424,99.96,98.92736,97.69848
MIT,b4c5,376,99.10308,98.15636,100.06097,98.84379,97.26466
MIT,b4c5,377,99.08862,98.356995,100.10388,98.75323,97.09477
MIT,b4c5,378,99.09265,98.068565,99.87392,98.6497,96.84236
MIT,b4c5,379,99.08416,98.14905,100.216286,98.506935,96.78409
MIT,b4c5,380,99.085594,98.307144,100.25061,98.33683,96.85126
MIT,b4c5,381,99.086586,98.05647,100.18804,97.74516,96.69584
MIT,b4c5,382,99.07844,98.22729,99.97861,97.92708,96.7675
MIT,b4c5,383,99.08032,97.99353,99.99888,97.35606,96.59057
MIT,b4c5,384,99.07772,98.09318,99.890045,97.05055,96.78815
MIT,b4c5,385,99.073395,98.14968,99.87288,95.96268,96.64541
MIT,b4c5,386,99.059235,98.213455,99.881714,96.05238,96.569115
MIT,b4c5,387,99.06922,97.89826,99.95224,96.52765,96.55917
MIT,b4c5,388,99.052345,98.049385,99.87091,96.15926,96.64319
MIT,b4c5,389,99.045,98.1232,100.0487,96.85653,96.69708
MIT,b4c5,390,99.04983,97.863464,100.02122,96.343544,96.5744
MIT,b4c5,391,99.04104,98.06984,99.73527,96.56522,96.58812
MIT,b4c5,392,99.03494,97.96128,99.39157,97.1379,96.647415
MIT,b4c5,393,99.01469,98.25881,98.73789,97.3383,96.620995
MIT,b4c5,394,99.01522,98.01268,98.708855,97.46784,96.5643
MIT,b4c5,395,98.995285,98.14909,98.55956,97.766975,96.51173
MIT,b4c5,396,98.99385,98.13768,98.670235,97.13016,96.58396
MIT,b4c5,397,98.98686,98.08817,98.84363,98.46017,96.52006
MIT,b4c5,398,98.98592,98.02079,98.77622,98.16502,96.59675
MIT,b4c5,399,98.97291,98.177345,98.78319,97.37232,96.6305
MIT,b4c5,400,98.96592,98.15531,98.83719,98.49806,96.63976
MIT,b4c5,401,98.96003,98.263,98.79839,98.54872,96.69051
MIT,b4c5,402,98.93678,98.342926,98.70714,97.97764,96.657646
MIT,b4c5,403,98.94114,98.13669,98.6552,98.64767,96.75887
MIT,b4c5,404,98.92651,98.29706,98.68416,98.77283,96.78599
MIT,b4c5,405,98.92836,98.15676,99.29112,98.95996,97.092354
MIT,b4c5,406,98.93802,97.87731,99.627174,98.23118,97.52889
MIT,b4c5,407,98.93134,98.21773,99.24262,98.975334,97.58551
MIT,b4c5,408,98.93526,98.146736,98.78686,99.05457,97.541794
MIT,b4c5,409,98.91797,97.98286,98.31353,98.80993,97.452156
MIT,b4c5,410,98.918365,98.03247,97.97596,99.02638,97.89378
MIT,b4c5,411,98.93062,97.96318,98.045525,98.862564,97.989876
MIT,b4c5,412,98.91509,97.92225,97.73313,97.3124,97.97002
MIT,b4c5,413,98.91833,98.06293,97.394875,96.39099,97.94272
MIT,b4c5,414,98.91207,97.93644,97.54824,95.46414,97.9604
MIT,b4c5,415,98.90629,97.89124,97.07036,95.350174,98.00076
MIT,b4c5,416,98.91406,97.79609,96.74357,96.15367,97.97949
MIT,b4c5,417,98.892975,98.07039,96.75001,99.22938,97.8562
MIT,b4c5,418,98.886154,98.00043,96.79004,99.74825,97.8585
MIT,b4c5,419,98.90132,97.73097,96.351006,99.78356,97.70528
MIT,b4c5,420,98.90766,97.67072,96.03338,99.27453,97.96825
MIT,b4c5,421,98.90947,97.7762,97.04607,98.975204,97.96445
MIT,b4c5,422,98.92473,97.38188,96.648346,99.05034,97.96204
MIT,b4c5,423,98.92275,97.440186,97.78588,99.108284,97.99332
MIT,b4c5,424,98.907,97.45671,99.002335,99.24578,97.84958
MIT,b4c5,425,98.896286,97.685135,99.33827,99.241005,97.7472
MIT,b4c5,426,98.88615,97.566376,99.41711,99.29975,97.69275
MIT,b4c5,427,98.88597,97.69861,99.37897,99.4379,97.62212
MIT,b4c5,428,98.877464,97.700134,99.45624,99.315704,97.47951
MIT,b4c5,429,98.86216,97.97267,99.47628,99.302505,97.513985
MIT,b4c5,430,98.858215,97.86111,99.48877,99.21931,97.20678
MIT,b4c5,431,98.85345,97.59315,99.4537,99.1531,96.95742
MIT,b4c5,432,98.843605,97.7481,99.55506,98.97204,96.7441
MIT,b4c5,433,98.820786,98.02414,99.666916,98.81874,96.62203
MIT,b4c5,434,98.819984,97.85829,99.68865,98.70193,96.58115
MIT,b4c5,435,98.824486,97.569534,99.71713,98.59362,96.505356
MIT,b4c5,436,98.81212,97.689865,99.76652,98.464966,96.571075
MIT,b4c5,437,98.802155,97.85574,100.354126,98.22195,96.7727
MIT,b4c5,438,98.787766,97.79334,100.401,97.98836,96.62265
MIT,b4c5,439,98.798454,97.99482,100.07925,97.48334,96.69657
MIT,b4c5,440,98.77324,97.76653,100.10885,96.346695,96.68903
MIT,b4c5,441,98.77988,97.98471,99.941925,95.49525,96.806564
MIT,b4c5,442,98.7628,97.765755,100.13137,96.08631,96.63167
MIT,b4c5,443,98.75994,97.75964,99.7889,96.523315,96.59458
MIT,b4c5,444,98.76082,97.80883,99.79637,96.55529,96.424164
MIT,b4c5,445,98.76899,97.75584,99.266754,96.50128,96.3719
MIT,b4c5,446,98.76741,97.58818,98.93307,97.23372,96.41255
MIT,b4c5,447,98.76412,97.55869,98.8496,97.19566,96.2862
MIT,b4c5,448,98.76051,97.65129,98.66913,97.487175,96.34964
MIT,b4c5,449,98.76593,97.6967,98.57768,96.949615,96.33437
MIT,b4c5,450,98.764885,97.60188,98.625626,97.70601,96.48929
MIT,b4c5,451,98.76831,97.59132,98.58197,97.8121,96.64288
MIT,b4c5,452,98.76331,97.29456,98.74533,97.364784,96.49065
MIT,b4c5,453,98.75436,97.41886,98.68562,97.47883,96.54919
MIT,b4c5,454,98.775085,97.124954,98.63018,97.08558,96.74489
MIT,b4c5,455,98.767334,97.18195,98.538055,97.00385,96.734825
MIT,b4c5,456,98.76076,97.22571,98.4115,98.228424,96.76068
MIT,b4c5,457,98.7503,97.13034,98.42307,97.35012,96.84626
MIT,b4c5,458,98.7461,97.33622,98.444466,98.21118,96.81624
MIT,b4c5,459,98.723045,97.40493,98.716446,98.03015,96.93757
MIT,b4c5,460,98.72076,97.64179,98.69649,98.03746,97.07281
MIT,b4c5,461,98.71196,97.64139,98.41989,98.09211,97.38555
MIT,b4c5,462,98.71471,97.28187,98.9247,98.15106,97.21269
MIT,b4c5,463,98.71495,97.2522,98.76584,98.34891,97.74619
MIT,b4c5,464,98.709946,97.32817,98.19524,98.54325,97.80091
MIT,b4c5,465,98.69443,97.42332,97.8447,98.49658,97.81414
MIT,b4c5,466,98.69386,97.36561,97.75342,97.75101,97.826836
MIT,b4c5,467,98.67777,97.490074,97.42984,97.19825,97.619286
MIT,b4c5,468,98.676735,97.266556,97.49119,94.07548,97.78652
MIT,b4c5,469,98.66381,97.413574,97.27634,94.022934,97.768616
MIT,b4c5,470,98.654915,97.49904,96.51413,95.00953,97.6856
MIT,b4c5,471,98.64426,97.41979,95.41954,97.46752,97.61775
MIT,b4c5,472,98.633125,97.634285,95.73327,99.270035,97.67629
MIT,b4c5,473,98.62196,97.599846,96.33013,100.24721,97.66169
MIT,b4c5,474,98.60545,97.570816,98.11747,99.93981,97.41164
MIT,b4c5,475,98.59946,97.52446,98.30111,99.488235,97.34928
MIT,b4c5,476,98.59679,97.70122,99.248055,99.31879,97.45403
MIT,b4c5,477,98.59147,97.4653,99.49416,99.33166,97.18651
MIT,b4c5,478,98.58885,97.6796,99.7368,99.30813,97.23871
MIT,b4c5,479,98.57663,97.72266,99.465515,99.31299,97.09326
MIT,b4c5,480,98.592514,97.43687,99.049194,99.29452,96.89492
MIT,b4c5,481,98.588036,97.41818,99.206955,99.48095,96.85178
MIT,b4c5,482,98.594505,97.22554,99.09402,99.19899,96.70453
MIT,b4c5,483,98.59856,97.141075,99.13696,99.39485,96.87867
MIT,b4c5,484,98.57439,97.679756,99.35136,99.07201,96.785675
MIT,b4c5,485,98.58009,97.23926,99.30875,98.92202,96.52526
MIT,b4c5,486,98.57534,97.02154,99.34957,98.84858,96.28261
MIT,b4c5,487,98.577225,97.01166,99.29287,98.54868,96.33992
MIT,b4c5,488,98.581924,96.85704,99.12044,98.3257,96.459915
MIT,b4c5,489,98.57751,96.89719,100.3031,97.943596,96.33751
MIT,b4c5,490,98.581276,97.041084,100.0025,97.4688,96.36921
MIT,b4c5,491,98.59167,96.67764,100.06806,96.62224,96.29635
MIT,b4c5,492,98.604774,96.35459,100.15,96.14502,96.38021
MIT,b4c5,493,98.60327,96.3072,100.01863,95.746475,96.412056
MIT,b4c5,494,98.58134,96.80496,99.79223,95.66643,96.32691
MIT,b4c5,495,98.579704,96.82485,99.75818,95.32199,96.46918
MIT,b4c5,496,98.57244,96.82148,99.788475,95.21092,96.32321
MIT,b4c5,497,98.55794,96.81421,99.954926,95.27435,96.30373
MIT,b4c5,498,98.553925,96.95577,99.804756,95.498924,96.40453
MIT,b4c5,499,98.52822,97.15913,100.072,96.031204,96.195206
MIT,b4c5,500,98.53485,96.81907,99.889145,95.725716,96.27249
MIT,b4c5,501,98.53381,96.62549,99.84439,95.62996,96.17057
MIT,b4c5,502,98.507545,97.172935,99.764404,96.06661,96.17081
MIT,b4c5,503,98.50097,97.27748,99.21409,96.4482,96.22587
MIT,b4c5,504,98.50881,96.78296,98.737755,95.98151,96.08703
MIT,b4c5,505,98.50424,97.04506,98.657486,96.36852,96.13389
MIT,b4c5,506,98.50313,96.59302,98.63342,96.45571,96.118454
MIT,b4c5,507,98.477394,97.001205,98.45257,96.1278,96.03617
MIT,b4c5,508,98.48414,96.83943,98.503624,96.63813,96.190056
MIT,b4c5,509,98.45777,97.27168,98.43141,96.938194,96.26066
MIT,b4c5,510,98.456314,96.99455,98.57982,96.91484,96.18158
MIT,b4c5,511,98.44537,97.090256,98.53848,97.53738,96.12163
MIT,b4c5,512,98.425354,97.39937,98.46522,97.41391,96.151115
MIT,b4c5,513,98.43642,96.91957,98.867325,97.95056,96.210236
MIT,b4c5,514,98.418976,97.240234,98.763054,98.080795,96.22794
MIT,b4c5,515,98.4149,97.177574,98.929924,97.666374,96.182274
MIT,b4c5,516,98.39618,97.00891,98.841034,97.7305,96.08573
MIT,b4c5,517,98.393654,97.04513,98.670006,98.3652,96.33918
MIT,b4c5,518,98.38584,97.387375,98.27636,98.37141,96.48501
MIT,b4c5,519,98.39215,96.99423,98.42442,98.09701,96.403755
MIT,b4c5,520,98.38834,97.26328,98.219124,97.88454,96.50294
MIT,b4c5,521,98.362625,97.1975,98.40965,98.22222,96.5362
MIT,b4c5,522,98.36217,97.116264,98.656075,97.54537,96.37251
MIT,b4c5,523,98.36656,96.69353,99.03712,97.6751,96.28168
MIT,b4c5,524,98.35442,97.31606,98.86051,97.3289,96.42029
MIT,b4c5,525,98.3716,96.84377,98.0152,97.34923,96.55928
MIT,b4c5,526,98.37333,96.5869,98.152626,97.90489,96.81962
MIT,b4c5,527,98.36689,96.93057,98.22223,97.35124,96.764755
MIT,b4c5,528,98.36504,96.653435,98.610176,97.9346,96.88678
MIT,b4c5,529,98.34555,97.14331,98.637634,97.99313,97.27632
MIT,b4c5,530,98.335915,97.06373,98.45692,97.985725,97.19687
MIT,b4c5,531,98.33617,97.14047,98.30465,97.69995,97.36198
MIT,b4c5,532,98.317795,97.43826,97.989,98.002815,97.4302
MIT,b4c5,533,98.32511,96.79628,97.89413,97.9252,97.17236
MIT,b4c5,534,98.31901,96.5693,97.924774,97.77378,97.274704
MIT,b4c5,535,98.30843,96.92344,97.77854,97.46772,97.293236
MIT,b4c5,536,98.29309,96.9957,97.867935,96.57867,97.26127
MIT,b4c5,537,98.27943,96.993126,97.5133,94.99298,97.383865
MIT,b4c5,538,98.27397,96.9175,97.61262,94.465645,97.076035
MIT,b4c5,539,98.27452,96.58476,97.50076,93.22125,97.232315
MIT,b4c5,540,98.25263,96.8711,97.127014,93.043655,97.27208
MIT,b4c5,541,98.24409,97.0882,97.301056,93.66066,97.30501
MIT,b4c5,542,98.2336,96.86003,96.827255,94.16315,97.21048
MIT,b4c5,543,98.22067,96.82458,96.233,94.496765,97.14855
MIT,b4c5,544,98.20267,97.047134,95.93888,96.856026,97.111534
MIT,b4c5,545,98.19736,96.967445,95.72829,98.64629,97.128876
MIT,b4c5,546,98.20181,96.85998,94.78944,99.64202,97.230446
MIT,b4c5,547,98.19719,97.02118,95.17705,99.78097,97.172325
MIT,b4c5,548,98.18753,96.69826,94.90926,99.967926,97.08136
MIT,b4c5,549,98.18718,96.986786,95.02237,99.928795,97.14149
MIT,b4c5,550,98.164955,97.11377,95.479294,99.88968,97.093956
MIT,b4c5,551,98.163,97.00908,95.04114,99.944885,97.209015
MIT,b4c5,552,98.17304,96.40645,94.61816,99.13903,97.12108
MIT,b4c5,553,98.14538,96.98666,95.0338,100.02719,97.0702
MIT,b4c5,554,98.14108,96.98474,95.89374,99.473206,97.19232
MIT,b4c5,555,98.14257,96.75488,96.48489,99.12862,97.08282
MIT,b4c5,556,98.15837,96.37479,95.090576,99.22604,96.876305
MIT,b4c5,557,98.125,96.9212,97.14637,99.098305,97.12248
MIT,b4c5,558,98.11425,96.98569,97.90521,99.213554,96.95542
MIT,b4c5,559,98.1097,96.94245,98.32893,99.3,96.9428
MIT,b4c5,560,98.11348,96.60625,97.878365,99.35462,96.792015
MIT,b4c5,561,98.12751,96.142075,96.701836,99.469666,96.8689
MIT,b4c5,562,98.11224,96.72916,97.91283,99.35956,97.027534
MIT,b4c5,563,98.11388,96.57492,97.65896,99.38245,97.16489
MIT,b4c5,564,98.12447,96.15042,97.29572,99.288345,97.15704
MIT,b4c5,565,98.11878,96.54993,97.399216,99.21565,97.162476
MIT,b4c5,566,98.103386,96.61663,96.40087,98.95919,97.02503
MIT,b4c5,567,98.112755,96.67883,97.37696,99.0696,97.14822
MIT,b4c5,568,98.08354,96.97648,98.2606,99.0576,97.18544
MIT,b4c5,569,98.07054,97.16833,98.947914,98.87059,97.14997
MIT,b4c5,570,98.06205,96.99445,98.95779,98.81532,96.89521
MIT,b4c5,571,98.05842,96.92766,99.13078,98.75526,96.88427
MIT,b4c5,572,98.0621,96.81168,99.29905,98.53387,97.029396
MIT,b4c5,573,98.066826,96.61623,99.41951,98.54539,96.84014
MIT,b4c5,574,98.05746,96.23991,99.100784,98.40629,96.714966
MIT,b4c5,575,98.04541,96.45427,100.02283,98.39541,96.65272
MIT,b4c5,576,98.03214,96.94552,99.836754,98.31334,96.57175
MIT,b4c5,577,98.02619,96.657646,100.19934,98.0318,96.30883
MIT,b4c5,578,98.01323,96.804405,100.204384,97.90842,96.05927
MIT,b4c5,579,98.00842,96.66477,100.160484,97.57428,96.01125
MIT,b4c5,580,98.00216,96.85753,100.082886,97.523224,96.11356
MIT,b4c5,581,97.987755,96.88189,100.0463,97.55689,95.96867
MIT,b4c5,582,97.98952,96.56736,100.10772,96.88013,95.75559
MIT,b4c5,583,97.98117,96.49924,100.12552,97.0714,95.79
MIT,b4c5,584,97.972176,96.64861,100.10496,97.136765,95.66994
MIT,b4c5,585,97.939064,97.01448,100.18725,97.351105,95.40121
MIT,b4c5,586,97.942085,96.74232,99.999275,96.47396,95.48607
MIT,b4c5,587,97.92323,96.91078,99.94758,97.003716,95.554
MIT,b4c5,588,97.910675,96.96952,99.90459,96.83242,95.44854
MIT,b4c5,589,97.91601,96.43478,100.00598,96.01497,95.3367
MIT,b4c5,590,97.9091,96.758224,99.923454,95.430695,95.41092
MIT,b4c5,591,97.91133,96.2513,100.06576,95.208176,95.29229
MIT,b4c5,592,97.91147,96.57815,99.862816,95.6298,95.540344
MIT,b4c5,593,97.88449,96.70932,99.7979,95.135376,95.42334
MIT,b4c5,594,97.89008,96.50999,99.82838,94.40724,95.29402
MIT,b4c5,595,97.88475,96.264984,99.85626,95.370514,95.19339
MIT,b4c5,596,97.8836,96.35136,99.74667,94.79498,95.38576
MIT,b4c5,597,97.88658,96.15138,99.81784,95.21591,95.300316
MIT,b4c5,598,97.87984,96.250374,99.78275,95.19484,95.3632
MIT,b4c5,599,97.87784,96.03341,99.826,94.700264,95.18704
MIT,b4c5,600,97.862595,95.942696,99.87054,95.34415,95.20785
MIT,b4c5,601,97.87427,95.68714,99.71576,94.92444,95.342285
MIT,b4c5,602,97.85369,96.45432,99.87125,95.87937,95.47168
MIT,b4c5,603,97.868454,95.626564,99.774124,95.40509,95.23248
MIT,b4c5,604,97.86566,95.48826,99.549484,95.77829,95.3262
MIT,b4c5,605,97.84776,96.003746,99.451324,95.3144,95.36271
MIT,b4c5,606,97.841484,95.84298,99.07376,95.78448,95.37077
MIT,b4c5,607,97.84928,95.52328,99.221245,95.695435,95.34531
MIT,b4c5,608,97.83195,95.79186,99.06806,95.819115,95.249916
MIT,b4c5,609,97.82157,95.86998,98.96719,95.57301,95.2753
MIT,b4c5,610,97.80791,95.78041,99.02035,96.0326,95.26592
MIT,b4c5,611,97.78286,96.18604,98.897446,96.362816,95.19125
MIT,b4c5,612,97.78048,95.90646,98.98351,96.28234,95.17682
MIT,b4c5,613,97.757484,96.36961,98.93137,96.51257,95.21925
MIT,b4c5,614,97.75736,95.909164,98.81997,96.44438,95.1853
MIT,b4c5,615,97.73724,96.36716,98.8716,96.64206,95.21515
MIT,b4c5,616,97.72884,96.39777,98.69568,96.61846,95.13857
MIT,b4c5,617,97.721275,96.12959,98.73936,96.8814,95.18993
MIT,b4c5,618,97.706696,96.2036,98.826324,97.06469,95.15447
MIT,b4c5,619,97.6917,96.229454,99.00019,96.49809,95.07358
MIT,b4c5,620,97.67826,96.09617,98.86734,97.343254,95.01959
MIT,b4c5,621,97.65395,96.40642,98.982605,97.67207,94.82218
MIT,b4c5,622,97.656494,96.6552,98.88265,97.676414,95.00259
MIT,b4c5,623,97.64431,95.97858,98.763695,97.48241,94.8493
MIT,b4c5,624,97.63366,96.17072,98.76297,97.24135,94.911804
MIT,b4c5,625,97.62841,96.52092,98.69963,96.58318,95.05624
MIT,b4c5,626,97.61329,96.29008,98.413246,96.699974,94.88243
MIT,b4c5,627,97.6172,96.242516,98.83081,96.367035,95.125175
MIT,b4c5,628,97.624596,95.69788,98.90358,96.50069,95.17947
MIT,b4c5,629,97.602165,95.91157,99.094536,96.188835,94.99613
MIT,b4c5,630,97.60302,96.022995,98.619194,97.52456,94.98559
MIT,b4c5,631,97.59803,96.14839,98.84965,97.862976,95.46769
MIT,b4c5,632,97.58554,96.03925,98.87717,96.89432,95.11434
MIT,b4c5,633,97.57675,96.11087,98.837204,97.808304,95.23494
MIT,b4c5,634,97.57339,95.941,98.731895,96.89347,95.39207
MIT,b4c5,635,97.57715,95.78014,98.462555,97.103065,95.3079
MIT,b4c5,636,97.57184,95.52559,98.54777,97.02705,95.33546
MIT,b4c5,637,97.55394,95.824394,98.45284,97.88193,95.471016
MIT,b4c5,638,97.56282,95.14464,98.53144,97.987236,95.29516
MIT,b4c5,639,97.546524,95.47487,98.378075,97.89209,95.13679
MIT,b4c5,640,97.55484,95.27506,98.45553,97.58969,95.17335
MIT,b4c5,641,97.55705,94.789986,98.3628,96.443245,95.23336
MIT,b4c5,642,97.54896,95.18098,98.40335,97.732056,95.35945
MIT,b4c5,643,97.538826,95.002014,98.39201,97.19941,95.43961
MIT,b4c5,644,97.524956,95.18455,98.29575,97.743195,95.295975
MIT,b4c5,645,97.514984,95.36529,98.35269,97.39516,95.19279
MIT,b4c5,646,97.49749,95.19447,98.41298,97.96452,95.23942
MIT,b4c5,647,97.49575,95.00323,98.16559,97.718216,95.384384
MIT,b4c5,648,97.47651,95.591835,98.123665,97.94076,95.41736
MIT,b4c5,649,97.4663,95.37776,98.02176,97.934166,95.6821
MIT,b4c5,650,97.45244,95.29306,98.06661,97.717285,95.47075
MIT,b4c5,651,97.453636,95.01493,98.100365,97.77752,95.39213
MIT,b4c5,652,97.43208,94.99474,98.443016,98.10161,95.0825
MIT,b4c5,653,97.41375,95.420494,98.41233,98.18255,95.47587
MIT,b4c5,654,97.41177,95.322624,98.48365,97.40766,95.43901
MIT,b4c5,655,97.40305,95.35622,98.524796,98.07354,95.63816
MIT,b4c5,656,97.38899,95.40216,98.81463,98.36805,95.596855
MIT,b4c5,657,97.35248,95.621124,99.16831,98.3898,95.68363
MIT,b4c5,658,97.362885,95.55784,99.28594,98.14275,95.56088
MIT,b4c5,659,97.33661,95.4452,99.54098,98.23166,95.47532
MIT,b4c5,660,97.33434,95.407845,99.70193,98.4445,95.64416
MIT,b4c5,661,97.30552,96.071915,99.58655,98.375114,95.65063
MIT,b4c5,662,97.29153,95.446396,99.849075,98.38788,95.451744
MIT,b4c5,663,97.28206,95.725914,99.84628,98.40536,95.49252
MIT,b4c5,664,97.28154,95.2849,99.80173,98.292564,95.46033
MIT,b4c5,665,97.2748,95.675156,99.73891,97.99293,95.466484
MIT,b4c5,666,97.270676,95.24582,99.80835,98.00923,95.35355
MIT,b4c5,667,97.25869,95.30762,99.78928,97.62358,95.01856
MIT,b4c5,668,97.26309,94.99013,99.71268,98.11375,94.918045
MIT,b4c5,669,97.2509,94.90061,99.584885,97.45672,95.0557
MIT,b4c5,670,97.24589,95.23047,99.25321,98.067474,95.0436
MIT,b4c5,671,97.244484,94.77915,99.12851,97.862076,94.90361
MIT,b4c5,672,97.24265,94.29948,98.96345,97.80281,94.932686
MIT,b4c5,673,97.23409,94.39176,98.33864,97.747536,94.95652
MIT,b4c5,674,97.219315,94.90827,97.986374,97.6431,95.09182
MIT,b4c5,675,97.20434,95.01288,97.90324,97.601364,94.914764
MIT,b4c5,676,97.20877,94.35307,98.04492,97.504684,94.88947
MIT,b4c5,677,97.19306,94.41609,98.2683,96.845474,94.8302
MIT,b4c5,678,97.181076,94.401146,98.213036,97.54932,94.8668
MIT,b4c5,679,97.18571,94.27728,98.24171,96.69576,94.83612
MIT,b4c5,680,97.167336,94.4518,98.56255,96.39289,94.75188
MIT,b4c5,681,97.16933,94.25528,98.46898,96.34837,94.79058
MIT,b4c5,682,97.144485,94.74191,98.41877,96.27351,94.87151
MIT,b4c5,683,97.15338,93.88249,98.50052,96.0699,94.79233
MIT,b4c5,684,97.13021,94.2713,98.582214,95.78334,94.83557
MIT,b4c5,685,97.11484,94.82688,98.396126,96.17161,94.83679
MIT,b4c5,686,97.08918,94.80594,98.37832,95.979416,94.78715
MIT,b4c5,687,97.084366,94.71042,98.535576,96.163216,94.730995
MIT,b4c5,688,97.07123,94.82629,98.58416,95.8918,94.69606
MIT,b4c5,689,97.0699,94.265465,98.536385,96.19585,94.65279
MIT,b4c5,690,97.05464,94.523964,98.39465,96.199455,94.74241
MIT,b4c5,691,97.04295,94.61158,98.44029,96.01927,94.73291
MIT,b4c5,692,97.041405,94.13605,98.356064,96.10394,94.65179
MIT,b4c5,693,97.02517,94.19691,98.554214,95.89367,94.65046
MIT,b4c5,694,97.00745,94.34225,98.388885,96.29737,94.65228
MIT,b4c5,695,96.987404,94.48783,98.367195,96.36759,94.61738
MIT,b4c5,696,96.985634,94.279015,98.28455,96.14845,94.724236
MIT,b4c5,697,96.98118,94.442055,98.33012,96.05021,94.723206
MIT,b4c5,698,96.96368,93.99928,98.58542,96.29382,94.69801
MIT,b4c5,699,96.944855,94.65289,98.48741,96.60487,94.71795
MIT,b4c5,700,96.916824,95.14638,98.49127,96.80563,94.78839
MIT,b4c5,701,96.909706,94.9683,98.60178,96.853386,94.545395
MIT,b4c5,702,96.8821,95.403786,98.17144,97.35951,94.78896
MIT,b4c5,703,96.87155,94.68998,98.14969,96.58392,94.55002
MIT,b4c5,704,96.86073,94.75878,97.9769,97.176025,94.36372
MIT,b4c5,705,96.83459,95.02936,97.854576,96.74935,94.558815
MIT,b4c5,706,96.83452,94.368706,98.13948,96.54924,94.56509
MIT,b4c5,707,96.803825,94.90057,98.33519,96.81603,94.518555
MIT,b4c5,708,96.78746,95.14207,98.635574,97.252075,94.64156
MIT,b4c5,709,96.78613,94.665054,99.1732,96.55162,94.7606
MIT,b4c5,710,96.74996,95.23837,99.62986,96.68571,94.98211
MIT,b4c5,711,96.73751,95.3945,99.91786,96.45243,94.99373
MIT,b4c5,712,96.71787,95.74636,99.97758,97.52904,94.87746
MIT,b4c5,713,96.71143,95.39737,99.758766,97.7149,94.73809
MIT,b4c5,714,96.69319,95.44169,98.96608,97.87756,94.72462
MIT,b4c5,715,96.671524,95.61018,98.48594,98.19023,94.981285
MIT,b4c5,716,96.651,95.56748,98.203125,97.269325,95.02567
MIT,b4c5,717,96.64068,95.52672,98.03987,95.77522,95.66866
MIT,b4c5,718,96.63413,94.73879,97.77098,94.638885,95.805855
MIT,b4c5,719,96.61622,95.1984,97.528885,97.42429,95.60773
MIT,b4c5,720,96.5873,95.32633,97.05456,99.04465,95.80901
MIT,b4c5,721,96.56342,95.39832,95.692955,98.93646,95.807625
MIT,b4c5,722,96.5494,95.43678,96.06093,99.29256,95.82192
MIT,b4c5,723,96.53374,95.37592,97.03148,99.031975,96.01974
MIT,b4c5,724,96.51628,95.38091,98.98039,98.76013,95.88185
MIT,b4c5,725,96.49675,95.19691,100.024345,98.05492,95.28103
MIT,b4c5,726,96.47342,95.421394,99.995186,96.60744,94.450356
MIT,b4c5,727,96.452644,95.39293,99.96027,95.857056,94.437256
MIT,b4c5,728,96.43424,95.47158,99.95362,94.995155,94.42121
MIT,b4c5,729,96.407265,95.42323,99.96439,96.11122,94.28333
MIT,b4c5,730,96.38764,95.735374,98.84426,96.24057,94.48752
MIT,b4c5,731,96.38202,95.35985,98.28109,96.03392,94.36363
MIT,b4c5,732,96.36695,95.69346,98.1051,96.08979,94.34581
MIT,b4c5,733,96.35253,96.11165,98.27109,95.53252,94.68322
MIT,b4c5,734,96.34677,95.90457,98.17109,95.65257,94.84435
MIT,b4c5,735,96.33056,96.02238,98.0737,95.73255,94.68194
MIT,b4c5,736,96.30951,96.32616,97.66754,96.21721,94.701706
MIT,b4c5,737,96.30734,95.92725,98.341995,95.15339,94.61649
MIT,b4c5,738,96.282234,96.36658,99.10902,96.03667,94.953865
MIT,b4c5,739,96.27415,96.11121,98.54064,96.5454,94.68929
MIT,b4c5,740,96.257774,95.99172,98.211075,98.00493,94.88627
MIT,b4c5,741,96.23712,96.01338,97.35572,97.538536,94.94109
MIT,b4c5,742,96.2074,95.80244,96.6348,96.936775,94.71579
MIT,b4c5,743,96.17643,95.59267,97.362724,96.35086,94.81808
MIT,b4c5,744,96.15786,95.10811,97.79878,96.22442,95.29555
MIT,b4c5,745,96.124054,95.39827,97.948074,97.392136,95.48551
MIT,b4c5,746,96.09695,95.20603,97.41462,98.361626,95.53643
MIT,b4c5,747,96.078186,95.0974,97.060326,98.593285,95.48516
MIT,b4c5,748,96.05367,94.94827,95.25914,99.00261,95.48553
MIT,b4c5,749,96.02924,94.816734,95.299446,99.2268,95.308846
MIT,b4c5,750,96.00939,94.83178,98.08227,98.93657,95.5452
MIT,b4c5,751,95.97863,94.961586,99.582695,98.527885,95.32919
MIT,b4c5,752,95.961945,94.4617,100.13276,97.20277,94.23947
MIT,b4c5,753,95.936226,94.35433,100.07459,95.37893,93.88165
MIT,b4c5,754,95.91304,94.510124,99.81843,94.962425,93.89769
MIT,b4c5,755,95.90167,94.296524,99.943016,95.40467,94.0606
MIT,b4c5,756,95.87256,94.25549,99.26518,95.76718,94.16543
MIT,b4c5,757,95.84722,94.323555,98.7456,95.872475,93.99698
MIT,b4c5,758,95.82422,94.16114,98.43056,95.79171,93.90289
MIT,b4c5,759,95.80393,93.89511,98.37497,96.44207,93.95381
MIT,b4c5,760,95.77554,94.379944,98.05507,96.780235,93.90286
MIT,b4c5,761,95.743065,94.286766,99.697586,96.00239,92.53158
MIT,b4c5,762,95.71178,94.165855,99.5785,97.90342,92.591866
MIT,b4c5,763,95.69433,94.122505,98.3057,97.98577,92.49342
MIT,b4c5,764,95.66726,93.99252,98.3808,94.91465,93.447815
MIT,b4c5,765,95.64875,93.86324,97.71252,95.163506,93.5058
MIT,b4c5,766,95.622505,93.34609,93.579254,99.2791,93.47628
MIT,b4c5,767,95.589554,94.03469,94.77104,99.457726,93.492516
MIT,b4c5,768,95.56283,93.979614,98.82215,99.15371,93.38687
MIT,b4c5,769,95.532234,94.07222,99.48122,98.41048,93.176056
MIT,b4c5,770,95.502106,93.71944,100.1514,96.23109,92.50433
MIT,b4c5,771,95.467415,93.81621,99.79092,95.47986,92.23955
MIT,b4c5,772,95.434586,93.765335,99.44995,95.958015,92.24795
MIT,b4c5,773,95.407295,93.70443,98.5447,95.958885,92.05369
MIT,b4c5,774,95.37902,93.688934,97.942986,97.47778,92.23772
MIT,b4c5,775,95.33364,94.17097,99.139206,96.06733,92.39408
MIT,b4c5,776,95.30833,93.82984,100.04036,98.108185,92.01638
MIT,b4c5,777,95.27771,93.83361,98.09644,98.257324,91.93431
MIT,b4c5,778,95.24472,93.8038,97.755135,92.82852,92.76395
MIT,b4c5,779,95.21868,93.54076,94.087166,99.64346,93.15999
MIT,b4c5,780,95.19198,93.407234,97.795975,99.56827,93.056656
MIT,b4c5,781,95.16128,92.97319,98.82272,99.26322,92.9184
MIT,b4c5,782,95.134895,93.1282,99.53264,97.50358,92.63643
MIT,b4c5,783,95.092766,93.05676,99.92118,95.89599,91.71709
MIT,b4c5,784,95.05404,93.13164,99.25047,96.51816,91.70214
MIT,b4c5,785,95.02234,92.9081,98.29976,96.229416,91.5286
MIT,b4c5,786,94.9884,93.02615,97.58636,95.69267,91.88925
MIT,b4c5,787,94.96216,93.15213,99.93639,97.835014,91.91421
MIT,b4c5,788,94.94732,92.55985,98.65609,98.39361,91.6927
MIT,b4c5,789,94.9078,92.87805,97.17091,92.64124,92.47204
MIT,b4c5,790,94.873276,92.553795,92.46621,99.31127,92.71759
MIT,b4c5,791,94.83791,92.230705,98.398186,99.56801,92.61895
MIT,b4c5,792,94.795044,92.582436,99.42151,99.76733,93.50683
MIT,b4c5,793,94.76182,91.79898,99.45543,99.94462,92.89801
MIT,b4c5,794,94.70603,91.95557,99.53492,99.79613,92.34428
MIT,b4c5,795,94.65523,92.04931,99.5633,99.76482,92.1494
MIT,b4c5,796,94.61732,91.709366,99.465546,99.798935,92.11515
MIT,b4c5,797,94.569756,92.018005,99.58888,99.70385,92.11321
MIT,b4c5,798,94.5138,92.16603,99.68487,99.676285,92.35337
MIT,b4c5,799,94.47816,92.19739,99.64325,99.60615,92.21122
MIT,b4c5,800,94.44013,91.71683,99.59703,99.48158,92.03697
MIT,b4c5,801,94.38303,92.20894,99.69808,99.48997,91.95554
MIT,b4c5,802,94.345505,91.50896,99.663,99.32087,91.95366
MIT,b4c5,803,94.294685,92.14351,99.74719,98.88746,91.86277
MIT,b4c5,804,94.242905,92.39695,100.04973,99.43571,91.77057
MIT,b4c5,805,94.20087,91.86137,99.935165,99.12697,91.63418
MIT,b4c5,806,94.15772,91.80078,99.66851,99.08895,91.701065
MIT,b4c5,807,94.10807,91.54444,99.66116,99.22943,91.46464
MIT,b4c5,808,94.06247,91.43588,99.70913,99.17131,91.69293
MIT,b4c5,809,94.01086,91.59844,99.58642,99.062355,91.69317
MIT,b4c5,810,93.97195,91.290764,99.64026,99.24168,91.67892
MIT,b4c5,811,93.91668,91.47719,99.662315,99.27328,91.64366
MIT,b4c5,812,93.8626,91.47212,99.564285,99.35299,91.643295
MIT,b4c5,813,93.825806,90.87679,99.55267,99.284836,91.64159
MIT,b4c5,814,93.77362,91.03213,99.617805,99.2469,91.8036
MIT,b4c5,815,93.71609,91.31349,99.52972,99.12778,91.52814
MIT,b4c5,816,93.671394,91.037094,99.62896,99.17934,91.628265
MIT,b4c5,817,93.62294,90.82654,99.57118,99.21098,91.648125
MIT,b4c5,818,93.55772,91.17028,99.60818,99.19135,91.63408
MIT,b4c5,819,93.518715,90.671,99.58751,99.08465,91.58118
MIT,b4c5,820,93.45308,90.6696,99.53932,98.99007,91.5874
MIT,b4c5,821,93.39944,91.05069,99.5885,99.0537,91.57456
MIT,b4c5,822,93.33796,90.97423,99.62936,99.084595,91.56178
MIT,b4c5,823,93.292336,90.37868,99.420586,99.05552,91.56495
MIT,b4c5,824,93.22409,90.79204,99.54202,99.13467,91.525375
MIT,b4c5,825,93.16146,90.85461,99.58591,99.07245,91.527596
MIT,b4c5,826,93.11075,90.82433,99.57775,99.06207,91.52842
MIT,b4c5,827,93.05507,90.652565,99.52588,99.086555,91.63414
MIT,b4c5,828,93.00328,90.42036,99.48494,99.110535,91.60444
MIT,b4c5,829,92.94483,89.99458,99.39858,98.96345,91.555084
MIT,b4c5,830,92.878784,90.311066,99.42778,99.09624,91.33191
MIT,b4c5,831,92.8122,90.54453,99.49211,99.15047,91.5646
MIT,b4c5,832,92.7484,90.32015,99.49604,99.1867,91.37342
MIT,b4c5,833,92.68295,90.278496,99.47053,98.905075,91.330956
MIT,b4c5,834,92.628586,89.97806,99.36174,99.03027,91.16335
MIT,b4c5,835,92.561424,89.79147,99.32383,98.9281,91.155975
MIT,b4c5,836,92.49886,89.57516,99.3642,99.07924,91.1639
MIT,b4c5,837,92.44167,89.444275,99.23398,98.836876,91.169464
MIT,b4c5,838,92.38016,89.421196,99.34869,98.869415,91.171616
MIT,b4c5,839,92.30927,89.370605,99.1953,98.80482,90.906296
MIT,b4c5,840,92.243706,89.263466,99.24285,98.61886,90.884766
MIT,b4c5,841,92.170876,89.2892,99.27402,98.670425,90.78388
MIT,b4c5,842,92.096375,88.95205,99.19883,98.39602,90.694084
MIT,b4c5,843,92.01353,89.2414,99.37142,98.545685,90.67286
MIT,b4c5,844,91.93953,88.888176,99.29365,98.403595,90.37992
MIT,b4c5,845,91.870674,88.6677,99.211685,98.27326,90.35868
MIT,b4c5,846,91.80003,88.56811,98.93366,98.2084,90.33327
MIT,b4c5,847,91.71719,88.60847,98.92915,98.21567,90.27751
MIT,b4c5,848,91.64554,88.44643,99.01511,98.10174,90.352104
MIT,b4c5,849,91.5736,88.22436,99.00135,97.95767,90.363556
MIT,b4c5,850,91.47849,88.55968,98.9274,98.15842,90.152176
MIT,b4c5,851,91.40487,88.42675,99.153854,98.161354,90.03255
MIT,b4c5,852,91.31959,88.323074,98.96867,98.044136,90.11966
MIT,b4c5,853,91.24167,88.37789,99.18791,98.11278,90.11564
MIT,b4c5,854,91.15225,87.94877,99.02636,98.03712,89.97957
MIT,b4c5,855,91.059,88.219864,99.0373,98.05947,89.96506
MIT,b4c5,856,90.97586,87.90286,98.89921,98.10903,89.93551
MIT,b4c5,857,90.89925,87.882904,98.91079,97.733505,89.8435
MIT,b4c5,858,90.81317,87.46489,98.833374,97.39931,89.7986
MIT,b4c5,859,90.72725,87.6209,98.61901,97.50221,89.777885
MIT,b4c5,860,90.63775,87.53076,98.67486,97.45685,89.77732
MIT,b4c5,861,90.546295,87.17431,98.59339,97.29382,89.58101
MIT,b4c5,862,90.44493,87.39618,98.70479,97.40957,89.59542
MIT,b4c5,863,90.360146,87.30879,98.75556,97.28709,89.433266
MIT,b4c5,864,90.2775,87.00921,98.17561,97.11531,89.43792
MIT,b4c5,865,90.184296,86.763535,97.917816,96.729385,89.46145
MIT,b4c5,866,90.081,86.99517,98.08995,97.10622,89.48075
MIT,b4c5,867,89.99028,86.762024,98.18125,96.86522,89.43928
MIT,b4c5,868,89.895584,86.56282,97.8829,96.531006,89.16718
MIT,b4c5,869,89.812386,86.355865,97.40002,96.351265,89.169525
MIT,b4c5,870,89.70584,86.56865,97.69469,96.67454,89.2093
MIT,b4c5,871,89.60123,86.59421,98.06627,96.79835,88.94157
MIT,b4c5,872,89.51531,86.3287,97.6555,96.265915,88.92785
MIT,b4c5,873,89.42958,85.73617,96.08401,95.67404,88.81492
MIT,b4c5,874,89.337494,85.99088,96.18346,95.89836,88.966576
MIT,b4c5,875,89.23247,85.93379,96.03436,95.66408,88.74155
MIT,b4c5,876,89.12227,85.94057,96.483475,95.79169,88.65254
MIT,b4c5,877,89.032684,85.635574,95.990105,95.58755,88.34693
MIT,b4c5,878,88.9284,85.75094,96.166,95.56641,88.38544
MIT,b4c5,879,88.828,85.43487,95.55208,95.03601,88.3329
MIT,b4c5,880,88.730675,85.15103,94.97358,94.511826,88.33573
MIT,b4c5,881,88.619896,85.31853,95.15145,94.86488,88.3511
MIT,b4c5,882,88.504234,85.38405,95.58627,94.9775,87.969894
MIT,b4c5,883,88.3973,85.27046,95.36799,94.998665,88.0271
MIT,b4c5,884,88.272964,85.40617,95.30437,95.0858,87.96933
MIT,b4c5,885,88.16599,85.049,95.12045,94.4992,87.85714
MIT,b4c5,886,88.04023,85.35612,95.33186,94.68085,87.9013
MIT,b4c5,887,87.91932,85.05465,95.29593,94.54844,87.59418
MIT,b4c5,888,87.808136,84.97888,94.89207,94.54841,87.59972
MIT,b4c5,889,87.68101,84.99864,95.455025,94.460785,87.45756
MIT,b4c5,890,87.56089,84.9816,95.26891,94.51167,87.00109
MIT,b4c5,891,87.4466,84.78971,94.77796,93.87226,86.985596
MIT,b4c5,892,87.31745,84.863365,95.04975,94.25695,86.98802
MIT,b4c5,893,87.200455,84.86472,94.934265,94.224815,86.81318
MIT,b4c5,894,87.07793,84.73332,94.62231,93.5222,86.52573
MIT,b4c5,895,86.970024,84.47755,93.9337,92.5645,86.55199
MIT,b4c5,896,86.83304,84.443146,93.92863,92.95007,86.047104
MIT,b4c5,897,86.69155,84.748276,94.50291,93.407036,86.02558
MIT,b4c5,898,86.56507,84.525795,94.35872,93.30033,86.01879
MIT,b4c5,899,86.44028,84.40055,94.45405,93.18886,86.02342
MIT,b4c5,900,86.32428,84.53707,93.53847,92.58587,86.06613
MIT,b4c5,901,86.19888,84.33556,93.65884,92.31165,85.899124
MIT,b4c5,902,86.068245,84.39467,93.12366,92.086655,85.86801
MIT,b4c5,903,85.93494,84.35033,91.06476,92.65006,85.65547
MIT,b4c5,904,85.810394,84.26403,92.25685,91.070496,85.49531
MIT,b4c5,905,85.68213,84.37675,93.36889,91.93824,85.56396
MIT,b4c5,906,85.55758,84.52422,92.469765,91.622284,85.49795
MIT,b4c5,907,85.43038,84.41969,90.48235,90.64622,84.98114
MIT,b4c5,908,85.31476,84.51118,89.587074,90.491295,84.98687
MIT,b4c5,909,85.182045,84.31293,90.31704,90.50755,84.72345
MIT,b4c5,910,85.04787,84.34416,89.70456,90.54653,84.329956
MIT,b4c5,911,84.917496,84.394615,89.872665,90.46964,84.521255
MIT,b4c5,912,84.81783,85.8323,88.55329,90.05117,84.408554
MIT,b4c5,913,84.72288,86.373474,87.6728,89.5501,84.37309
MIT,b4c5,914,84.586685,86.30358,87.458206,89.57327,84.30463
MIT,b4c5,915,84.463745,87.303246,87.09212,89.25413,84.32326
MIT,b4c5,916,84.33099,87.46024,86.08231,89.2545,84.04669
MIT,b4c5,917,84.1737,87.25787,86.94592,89.23014,84.030396
MIT,b4c5,918,84.05214,87.63772,85.957146,89.02394,84.04937
MIT,b4c5,919,83.92252,88.00154,85.362885,88.95409,84.090195
MIT,b4c5,920,83.764915,87.5122,86.5431,89.018845,83.99612
MIT,b4c5,921,83.63248,87.027855,85.745995,88.920456,83.48718
MIT,b4c5,922,83.49774,86.995995,85.44607,88.890175,83.30967
MIT,b4c5,923,83.35408,86.860725,86.02362,88.685715,83.38025
MIT,b4c5,924,83.208694,87.07902,85.41433,88.90913,83.246666
MIT,b4c5,925,83.05879,86.894455,85.1085,88.536606,83.25743
MIT,b4c5,926,82.92072,87.20395,84.64589,88.590546,83.2014
MIT,b4c5,927,82.76836,87.238594,85.37026,88.74027,83.21878
MIT,b4c5,928,82.62037,87.11208,85.201225,88.63463,83.236946
MIT,b4c5,929,82.48481,87.836815,83.907364,88.398796,82.36723
MIT,b4c5,930,82.3327,87.50092,84.19535,88.44479,82.44077
MIT,b4c5,931,82.19712,87.59744,83.254166,88.064476,82.50504
MIT,b4c5,932,82.03859,87.53352,83.77174,88.13606,82.5199
MIT,b4c5,933,81.885956,87.53119,83.64377,88.214584,82.558685
MIT,b4c5,934,81.74681,87.93864,83.23896,88.05704,82.52984
MIT,b4c5,935,81.60885,88.007065,83.48909,87.868256,82.603615
MIT,b4c5,936,81.451096,87.880585,82.42485,87.84001,82.56859
MIT,b4c5,937,81.301384,87.651825,82.39367,87.704605,81.81616
MIT,b4c5,938,81.15774,87.66367,82.06211,87.572205,81.89303
MIT,b4c5,939,80.99804,88.11451,82.484024,87.63434,81.795906
MIT,b4c5,940,80.846146,87.82503,81.808975,87.50646,81.86639
MIT,b4c5,941,80.68163,87.8397,82.51825,87.70004,81.55372
MIT,b4c5,942,80.54531,87.89336,82.34104,87.3479,81.539345
MIT,b4c5,943,80.38194,87.49217,82.05623,87.36397,81.51015
MIT,b4c5,944,80.22373,87.60088,81.87932,87.50932,80.91262
MIT,b4c5,945,80.068344,87.785545,80.82792,86.9722,80.96951
MIT,b4c5,946,79.93037,87.63236,80.66563,86.5137,80.717766
MIT,b4c5,947,79.76955,87.98108,81.01288,86.58539,80.948425
MIT,b4c5,948,79.61414,87.97288,80.61623,86.59181,80.31877
MIT,b4c5,949,79.452255,87.872375,81.5092,86.70458,80.41937
MIT,b4c5,950,79.30702,87.78086,80.56365,86.34985,80.365135
MIT,b4c5,951,79.15621,87.6917,80.63418,86.14637,80.45093
MIT,b4c5,952,78.99017,87.744576,80.58621,86.30653,80.387146
MIT,b4c5,953,78.83884,87.91662,80.5736,86.011,80.37296
MIT,b4c5,954,78.67934,87.84008,80.074745,85.81898,80.29032
MIT,b4c5,955,78.5161,87.90082,80.75507,85.73346,79.72592
MIT,b4c5,956,78.361725,87.53377,80.16607,85.52062,79.7475
MIT,b4c5,957,78.20747,87.40242,79.188,85.21239,78.614365
MIT,b4c5,958,78.04648,87.60823,80.45898,85.0855,78.58905
MIT,b4c5,959,77.87774,87.58349,80.16277,85.05824,78.62029
MIT,b4c5,960,77.71741,87.16729,79.48668,84.559494,78.58395
MIT,b4c5,961,77.5539,87.296555,80.23765,85.03794,78.60663
MIT,b4c5,962,77.382744,87.30974,80.130455,84.786446,78.594795
MIT,b4c5,963,77.21461,87.30586,79.79304,84.72225,78.124405
MIT,b4c5,964,77.03843,87.17828,79.40703,84.71713,78.178185
MIT,b4c5,965,76.90136,86.85806,79.34416,84.25122,78.31195
MIT,b4c5,966,76.7193,86.9149,79.17736,84.560486,78.32539
MIT,b4c5,967,76.53944,86.82542,78.877014,84.40416,78.30364
MIT,b4c5,968,76.37287,86.63516,78.59049,84.00187,78.33199
MIT,b4c5,969,76.20644,86.60182,78.737656,83.23818,77.922356
MIT,b4c5,970,76.030205,86.51547,78.14627,83.83564,77.88982
MIT,b4c5,971,75.859604,86.353516,78.03739,83.69382,77.847145
MIT,b4c5,972,75.68551,86.448135,78.40724,83.98285,77.82067
MIT,b4c5,973,75.5235,86.29625,77.925705,83.7488,77.84903
MIT,b4c5,974,75.35155,86.431915,78.80144,83.652435,77.78633
MIT,b4c5,975,75.16727,86.212074,78.297966,83.62169,76.57841
MIT,b4c5,976,75.00191,86.11128,78.00736,83.5481,76.67474
MIT,b4c5,977,74.82268,86.13286,77.779205,83.51041,76.69814
MIT,b4c5,978,74.651146,86.07621,77.90995,83.12208,76.57463
MIT,b4c5,979,74.48501,85.96019,77.78688,83.19196,76.697975
MIT,b4c5,980,74.32014,85.95541,78.15779,83.116714,75.733505
MIT,b4c5,981,74.15031,85.83583,77.92174,82.9688,75.66414
MIT,b4c5,982,73.98469,85.64606,77.3959,82.99211,75.75745
MIT,b4c5,983,73.8192,85.55544,77.31882,82.81023,75.79573
MIT,b4c5,984,73.66403,85.32685,77.5211,82.3209,75.690216
MIT,b4c5,985,73.49298,85.303444,76.55572,82.37912,75.74323
MIT,b4c5,986,73.31167,85.33057,77.328026,82.553505,75.699615
MIT,b4c5,987,73.14329,85.12752,76.665344,82.18046,75.80619
MIT,b4c5,988,72.986305,84.97777,77.334785,82.1353,75.764946
MIT,b4c5,989,72.80779,84.89321,76.681595,81.90624,75.65618
MIT,b4c5,990,72.63145,84.835434,76.39578,81.80966,75.69178
MIT,b4c5,991,72.455,84.785576,76.29782,81.71976,75.747856
MIT,b4c5,992,72.288795,84.64108,76.52634,81.58422,75.65191
MIT,b4c5,993,72.128365,84.45716,76.71806,81.58684,75.70144
MIT,b4c5,994,71.94902,84.41733,76.35748,81.72532,75.011826
MIT,b4c5,995,71.780655,84.37364,77.05829,81.244804,75.02876
MIT,b4c5,996,71.608025,84.24445,75.37383,81.13932,73.31871
MIT,b4c5,997,71.44221,84.062996,75.77338,80.87724,73.46339
MIT,b4c5,998,71.27354,83.836075,75.81815,80.76833,73.47278
MIT,b4c5,999,71.111786,83.77309,75.57085,80.76127,73.61915
MIT,b4c5,1000,70.92469,83.751724,75.37503,80.455376,73.48512
MIT,b4c5,1001,70.7584,83.633156,75.624344,80.491295,73.499916
MIT,b4c5,1002,70.579124,83.519005,75.49025,80.4914,73.31639
MIT,b4c5,1003,70.404526,83.33652,75.15574,80.1962,73.48067
MIT,b4c5,1004,70.22881,83.20985,75.68954,80.324005,73.44221
MIT,b4c5,1005,70.06032,82.975815,75.09909,79.94458,73.44783
MIT,b4c5,1006,69.884445,82.91826,74.95192,79.854675,73.57312
MIT,b4c5,1007,69.69636,82.86002,74.87446,80.0748,73.49489
MIT,b4c5,1008,69.50815,82.715744,74.774086,79.99094,73.58504
MIT,b4c5,1009,69.34942,82.441345,74.49475,79.67029,73.35136
MIT,b4c5,1010,69.16047,82.368256,74.70245,79.70602,73.51058
MIT,b4c5,1011,68.974754,82.20297,74.83632,79.48499,73.374794
MIT,b4c5,1012,68.805954,81.98674,74.11809,79.21415,73.36104
MIT,b4c5,1013,68.63228,81.78367,73.99396,79.26647,72.06406
MIT,b4c5,1014,68.4525,81.55305,74.03458,78.78986,70.59096
MIT,b4c5,1015,68.268776,81.46666,73.65048,78.7193,70.70241
MIT,b4c5,1016,68.079124,81.31332,73.76,78.826744,70.470764
MIT,b4c5,1017,67.9049,81.174446,73.77685,78.50212,70.44875
MIT,b4c5,1018,67.71955,80.89407,72.96007,78.68088,70.53742
MIT,b4c5,1019,67.521286,80.81375,73.95777,78.71089,70.52034
MIT,b4c5,1020,67.344345,80.42943,73.36867,77.96717,70.45092
MIT,b4c5,1021,67.159935,80.3364,72.88705,77.900696,70.69987
MIT,b4c5,1022,66.979195,80.11194,72.793396,78.12467,70.436935
MIT,b4c5,1023,66.79778,79.86686,73.03825,77.69582,70.677124
MIT,b4c5,1024,66.608185,79.779945,72.7055,77.804405,70.609955
MIT,b4c5,1025,66.40562,79.7693,72.76475,77.64886,70.7169
MIT,b4c5,1026,66.23039,79.474686,72.66844,77.17625,70.55943
MIT,b4c5,1027,66.03432,79.42949,72.167725,77.59334,70.678154
MIT,b4c5,1028,65.84074,79.30956,72.50494,77.03508,70.48762
MIT,b4c5,1029,65.65777,79.112076,71.84604,77.37632,70.5652
MIT,b4c5,1030,65.47342,78.9137,71.44391,77.04127,69.12484
MIT,b4c5,1031,65.289276,78.76495,71.84737,77.340965,68.90028
MIT,b4c5,1032,65.105736,78.55395,71.62874,77.35631,69.14119
MIT,b4c5,1033,64.931496,78.2853,71.822815,76.665596,65.46425
MIT,b4c5,1034,64.74245,78.15762,70.355644,76.13199,65.747284
MIT,b4c5,1035,64.565544,77.95473,70.80031,76.53491,65.65306
MIT,b4c5,1036,64.37916,77.838,70.4763,75.90389,65.48855
MIT,b4c5,1037,64.19626,77.74077,70.51395,75.923546,65.561874
MIT,b4c5,1038,64.023735,77.46727,70.32229,75.966675,65.731926
MIT,b4c5,1039,63.85462,77.319725,70.70972,75.62648,65.25121
MIT,b4c5,1040,63.69123,77.074234,69.99799,76.02485,65.73896
MIT,b4c5,1041,63.51974,76.78073,69.50635,75.31454,65.87915
MIT,b4c5,1042,63.33834,76.68376,68.4633,75.129295,65.7839
MIT,b4c5,1043,63.16623,76.38649,68.600235,75.01544,65.31085
MIT,b4c5,1044,62.993366,76.190865,68.45926,75.01948,65.940384
MIT,b4c5,1045,62.80856,76.015366,68.01982,74.690704,65.05819
MIT,b4c5,1046,62.61595,75.98417,68.93673,75.182945,65.55304
MIT,b4c5,1047,62.431152,75.84389,68.19449,74.33827,65.27248
MIT,b4c5,1048,62.245964,75.60786,67.78119,74.72838,64.916565
MIT,b4c5,1049,62.055054,75.53409,67.14842,74.80285,65.03191
MIT,b4c5,1050,61.862015,75.20627,67.17066,73.8835,61.516613
MIT,b4c5,1051,61.67748,75.31966,67.167946,74.08724,61.62563
MIT,b4c5,1052,61.488483,75.0361,68.01535,74.18495,62.231636
MIT,b4c5,1053,61.296185,74.99263,66.55598,73.59229,61.89785
MIT,b4c5,1054,61.10441,74.69217,66.508865,73.9239,61.529404
MIT,b4c5,1055,60.91544,74.53122,67.14085,73.729225,61.67712
MIT,b4c5,1056,60.722427,74.45052,67.51382,74.41821,61.856556
MIT,b4c5,1057,60.52672,74.24866,65.84803,73.27061,61.187984
MIT,b4c5,1058,60.33579,74.12669,65.74415,72.80868,61.622417
MIT,b4c5,1059,60.141396,73.88378,65.76792,72.62714,61.178577
MIT,b4c5,1060,59.926105,73.92853,65.85887,73.21326,61.443115
MIT,b4c5,1061,59.72811,73.862404,66.00848,73.63785,57.328445
MIT,b4c5,1062,59.520187,73.668526,66.01136,73.01688,57.292313
MIT,b4c5,1063,59.30055,73.85252,66.077545,72.68671,57.88227
MIT,b4c5,1064,59.11078,73.41639,65.36183,73.426575,57.16141
MIT,b4c5,1065,58.896027,73.3358,65.47947,72.32165,57.34532
MIT,b4c5,1066,58.67971,73.20958,64.91664,72.12769,57.014336
MIT,b4c5,1067,58.46822,73.13235,64.90918,72.415115,57.627888
