dataset,battery_id,nearest_source,trust_level,distance,thr_familiar,thr_somewhat,measured_mae,measured_mae_source,nll_min,gate_table_mae,lodo_family_mae,in_profile_train
NASA,B0005,NASA,familiar,1.59484927345041,4.535602863442018,4.644603485737484,3.204558674968064,gate-table (battery-level split),-16.463706210944263,3.204558674968064,8.171924659636973,True
NASA,B0006,NASA,familiar,1.593621008139736,4.535602863442018,4.644603485737484,3.204558674968064,gate-table (battery-level split),-16.467622498385257,3.204558674968064,8.171924659636973,True
NASA,B0007,NASA,familiar,0.9148857721829341,4.535602863442018,4.644603485737484,3.204558674968064,gate-table (battery-level split),-18.170234439826803,3.204558674968064,8.171924659636973,True
NASA,B0018,NASA,familiar,1.8716956843147168,4.535602863442018,4.644603485737484,3.204558674968064,gate-table (battery-level split),-15.504005681287229,3.204558674968064,8.171924659636973,True
NASA,B0036,NASA,familiar,1.9468380839247177,4.535602863442018,4.644603485737484,3.204558674968064,gate-table (battery-level split),-15.2170718909499,3.204558674968064,8.171924659636973,False
NASA,B0038,NASA,familiar,1.9128808755931985,4.535602863442018,4.644603485737484,3.204558674968064,gate-table (battery-level split),-15.348137171759364,3.204558674968064,8.171924659636973,True
NASA,B0039,NASA,familiar,1.4840389688416338,4.535602863442018,4.644603485737484,3.204558674968064,gate-table (battery-level split),-16.804878754929025,3.204558674968064,8.171924659636973,True
NASA,B0040,NASA,familiar,1.3435370331265868,4.535602863442018,4.644603485737484,3.204558674968064,gate-table (battery-level split),-17.202158656586974,3.204558674968064,8.171924659636973,True
NASA,B0041,NASA,familiar,4.228238266887977,4.535602863442018,4.644603485737484,3.204558674968064,gate-table (battery-level split),-1.1292515743937273,3.204558674968064,8.171924659636973,True
NASA,B0051,NASA,unfamiliar,4.67185364131135,4.535602863442018,4.644603485737484,8.171924659636973,"LODO family-holdout (held-out SOURCE, stricter)",2.818966029864555,3.204558674968064,8.171924659636973,False
MIT,b1c0,MIT,familiar,2.3914633344097025,2.742483433219445,2.960870083831252,0.643881128091751,gate-table (battery-level split),-42.56235474447755,0.643881128091751,12.27135217838756,True
MIT,b1c17,MIT,familiar,1.7634093987182602,2.742483433219445,2.960870083831252,0.643881128091751,gate-table (battery-level split),-45.17183891681563,0.643881128091751,12.27135217838756,True
MIT,b1c18,MIT,unfamiliar,5.422860308398944,2.742483433219445,2.960870083831252,12.27135217838756,"LODO family-holdout (held-out SOURCE, stricter)",-18.87403769989484,0.643881128091751,12.27135217838756,True
MIT,b1c20,MIT,familiar,1.7017497601104412,2.742483433219445,2.960870083831252,0.643881128091751,gate-table (battery-level split),-45.38549937826758,0.643881128091751,12.27135217838756,True
MIT,b1c22,MIT,familiar,1.73643144599603,2.742483433219445,2.960870083831252,0.643881128091751,gate-table (battery-level split),-45.26625745765966,0.643881128091751,12.27135217838756,False
MIT,b1c32,MIT,familiar,1.9491858351479057,2.742483433219445,2.960870083831252,0.643881128091751,gate-table (battery-level split),-44.48212620436229,0.643881128091751,12.27135217838756,True
MIT,b1c4,MIT,familiar,1.9540480297660292,2.742483433219445,2.960870083831252,0.643881128091751,gate-table (battery-level split),-44.46314792167103,0.643881128091751,12.27135217838756,True
MIT,b1c41,MIT,familiar,2.1060020354962163,2.742483433219445,2.960870083831252,0.643881128091751,gate-table (battery-level split),-43.846207050789324,0.643881128091751,12.27135217838756,True
MIT,b1c43,MIT,familiar,2.350552362851573,2.742483433219445,2.960870083831252,0.643881128091751,gate-table (battery-level split),-42.75635521379641,0.643881128091751,12.27135217838756,True
MIT,b2c1,MIT,familiar,1.92353349342517,2.742483433219445,2.960870083831252,0.643881128091751,gate-table (battery-level split),-44.58147052397509,0.643881128091751,12.27135217838756,False
MIT,b2c12,MIT,familiar,2.6227346301443513,2.742483433219445,2.960870083831252,0.643881128091751,gate-table (battery-level split),-41.4027146841451,0.643881128091751,12.27135217838756,True
MIT,b2c13,MIT,familiar,2.4625561762502275,2.742483433219445,2.960870083831252,0.643881128091751,gate-table (battery-level split),-42.21726870311539,0.643881128091751,12.27135217838756,True
MIT,b2c24,MIT,unfamiliar,2.9703210738827717,2.742483433219445,2.960870083831252,12.27135217838756,"LODO family-holdout (held-out SOURCE, stricter)",-39.45864434235143,0.643881128091751,12.27135217838756,True
MIT,b2c32,MIT,familiar,1.6878493680846627,2.742483433219445,2.960870083831252,0.643881128091751,gate-table (battery-level split),-45.43261613495973,0.643881128091751,12.27135217838756,True
MIT,b2c42,MIT,unfamiliar,3.0154667464842038,2.742483433219445,2.960870083831252,12.27135217838756,"LODO family-holdout (held-out SOURCE, stricter)",-39.1884119251515,0.643881128091751,12.27135217838756,False
MIT,b2c44,MIT,unfamiliar,3.4855550130464086,2.742483433219445,2.960870083831252,12.27135217838756,"LODO family-holdout (held-out SOURCE, stricter)",-36.132357875330584,0.643881128091751,12.27135217838756,True
MIT,b2c9,MIT,familiar,2.187932765901229,2.742483433219445,2.960870083831252,0.643881128091751,gate-table (battery-level split),-43.49440183619932,0.643881128091751,12.27135217838756,True
MIT,b3c0,MIT,familiar,1.7586943506618473,2.742483433219445,2.960870083831252,0.643881128091751,gate-table (battery-level split),-45.18844580525363,0.643881128091751,12.27135217838756,True
MIT,b3c13,MIT,unfamiliar,2.980590891676531,2.742483433219445,2.960870083831252,12.27135217838756,"LODO family-holdout (held-out SOURCE, stricter)",-39.39752956075843,0.643881128091751,12.27135217838756,True
MIT,b3c14,MIT,familiar,1.8821948325919882,2.742483433219445,2.960870083831252,0.643881128091751,gate-table (battery-level split),-44.73879423646755,0.643881128091751,12.27135217838756,False
MIT,b3c28,MIT,familiar,1.9021415064102238,2.742483433219445,2.960870083831252,0.643881128091751,gate-table (battery-level split),-44.66330931389497,0.643881128091751,12.27135217838756,True
MIT,b3c33,MIT,familiar,1.8141061023843723,2.742483433219445,2.960870083831252,0.643881128091751,gate-table (battery-level split),-44.99047067359531,0.643881128091751,12.27135217838756,True
MIT,b3c35,MIT,familiar,1.8370054521035062,2.742483433219445,2.960870083831252,0.643881128091751,gate-table (battery-level split),-44.90686259324552,0.643881128091751,12.27135217838756,True
MIT,b3c38,MIT,unfamiliar,3.0865188780965336,2.742483433219445,2.960870083831252,12.27135217838756,"LODO family-holdout (held-out SOURCE, stricter)",-38.75485283945724,0.643881128091751,12.27135217838756,True
MIT,b4c0,MIT,familiar,1.7569120157955298,2.742483433219445,2.960870083831252,0.643881128091751,gate-table (battery-level split),-45.19471179305682,0.643881128091751,12.27135217838756,False
MIT,b4c21,MIT,familiar,2.0103206061916388,2.742483433219445,2.960870083831252,0.643881128091751,gate-table (battery-level split),-44.24006268462481,0.643881128091751,12.27135217838756,True
MIT,b4c36,MIT,unfamiliar,3.2109376086240045,2.742483433219445,2.960870083831252,12.27135217838756,"LODO family-holdout (held-out SOURCE, stricter)",-37.97133129782749,0.643881128091751,12.27135217838756,True
MIT,b4c38,MIT,familiar,1.8071233170318866,2.742483433219445,2.960870083831252,0.643881128091751,gate-table (battery-level split),-45.0157569413432,0.643881128091751,12.27135217838756,True
MIT,b4c39,MIT,familiar,2.261378988601054,2.742483433219445,2.960870083831252,0.643881128091751,gate-table (battery-level split),-43.1676166942172,0.643881128091751,12.27135217838756,True
MIT,b4c5,MIT,familiar,1.7662194984136592,2.742483433219445,2.960870083831252,0.643881128091751,gate-table (battery-level split),-45.16192030772693,0.643881128091751,12.27135217838756,False
MIT,b4c9,MIT,familiar,2.260182772673382,2.742483433219445,2.960870083831252,0.643881128091751,gate-table (battery-level split),-43.17302545841399,0.643881128091751,12.27135217838756,True
CALCE,CS2_35,CALCE,familiar,1.1851136578499404,112.70961894041496,112.70961894041496,3.5870590831280964,gate-table (battery-level split),-220.9313627802683,3.5870590831280964,5.7825627243756506,True
CALCE,CS2_36,CALCE,familiar,1.185113657849942,112.70961894041496,112.70961894041496,3.5870590831280964,gate-table (battery-level split),-220.9313627802683,3.5870590831280964,5.7825627243756506,True
CALCE,CS2_37,XJTU,unfamiliar,4.223119459414706,3.1612873163313613,3.1942162654631625,10.544762018483038,"LODO family-holdout (held-out SOURCE, stricter)",-5.71639842606271,0.9525753499519788,10.544762018483038,False
Oxford,Cell1,Oxford,familiar,1.1026366118490254,2.2502955953955737,2.2502955953955737,0.8134670417777822,gate-table (battery-level split),-102.94138611494496,0.8134670417777822,7.908223812846917,True
Oxford,Cell2,Oxford,familiar,0.9791248024333988,2.2502955953955737,2.2502955953955737,0.8134670417777822,gate-table (battery-level split),-103.19850823399462,0.8134670417777822,7.908223812846917,True
Oxford,Cell3,Oxford,familiar,0.8777800365013977,2.2502955953955737,2.2502955953955737,0.8134670417777822,gate-table (battery-level split),-103.38669582025446,0.8134670417777822,7.908223812846917,True
Oxford,Cell4,Oxford,familiar,1.8943813177692397,2.2502955953955737,2.2502955953955737,0.8134670417777822,gate-table (battery-level split),-100.56851303562173,0.8134670417777822,7.908223812846917,True
Oxford,Cell5,Oxford,familiar,2.2502955953955737,2.2502955953955737,2.2502955953955737,0.8134670417777822,gate-table (battery-level split),-99.09336334607814,0.8134670417777822,7.908223812846917,False
Oxford,Cell6,Oxford,familiar,1.9945680734000133,2.2502955953955737,2.2502955953955737,0.8134670417777822,gate-table (battery-level split),-100.17889181330821,0.8134670417777822,7.908223812846917,True
Oxford,Cell7,Oxford,familiar,1.453932889805168,2.2502955953955737,2.2502955953955737,0.8134670417777822,gate-table (battery-level split),-102.04327276467765,0.8134670417777822,7.908223812846917,True
Oxford,Cell8,Oxford,familiar,0.8696294481355723,2.2502955953955737,2.2502955953955737,0.8134670417777822,gate-table (battery-level split),-103.40093823567028,0.8134670417777822,7.908223812846917,True
HUST,1-1,HUST,unfamiliar,4.835919977380637,3.7870946211493646,4.42386750870062,4.096863552001289,"LODO family-holdout (held-out SOURCE, stricter)",-15.549095326173234,0.5796358155489368,4.096863552001289,True
HUST,1-2,HUST,unfamiliar,4.719162563852314,3.7870946211493646,4.42386750870062,4.096863552001289,"LODO family-holdout (held-out SOURCE, stricter)",-16.664722049737236,0.5796358155489368,4.096863552001289,True
HUST,1-3,HUST,familiar,3.0499447716515657,3.7870946211493646,4.42386750870062,0.5796358155489368,gate-table (battery-level split),-29.63305424367766,0.5796358155489368,4.096863552001289,True
HUST,1-4,HUST,somewhat_familiar,3.9977854869315004,3.7870946211493646,4.42386750870062,4.096863552001289,"LODO family-holdout (held-out SOURCE, stricter)",-22.952928554282245,0.5796358155489368,4.096863552001289,True
HUST,1-5,HUST,unfamiliar,4.583060730588434,3.7870946211493646,4.42386750870062,4.096863552001289,"LODO family-holdout (held-out SOURCE, stricter)",-17.93077169354059,0.5796358155489368,4.096863552001289,False
HUST,1-6,HUST,familiar,3.173290890042481,3.7870946211493646,4.42386750870062,0.5796358155489368,gate-table (battery-level split),-28.865442280975778,0.5796358155489368,4.096863552001289,True
HUST,1-7,HUST,familiar,2.6639504026666643,3.7870946211493646,4.42386750870062,0.5796358155489368,gate-table (battery-level split),-31.838585605934497,0.5796358155489368,4.096863552001289,True
HUST,1-8,HUST,familiar,1.4602903549546145,3.7870946211493646,4.42386750870062,0.5796358155489368,gate-table (battery-level split),-36.80276943302891,0.5796358155489368,4.096863552001289,True
HUST,10-1,HUST,familiar,1.684004056227979,3.7870946211493646,4.42386750870062,0.5796358155489368,gate-table (battery-level split),-36.09934769241009,0.5796358155489368,4.096863552001289,True
HUST,10-2,HUST,familiar,1.6336938351819688,3.7870946211493646,4.42386750870062,0.5796358155489368,gate-table (battery-level split),-36.26626180669081,0.5796358155489368,4.096863552001289,False
HUST,10-3,HUST,familiar,1.881849549475111,3.7870946211493646,4.42386750870062,0.5796358155489368,gate-table (battery-level split),-35.3938596269427,0.5796358155489368,4.096863552001289,True
HUST,10-4,HUST,familiar,2.42971374591273,3.7870946211493646,4.42386750870062,0.5796358155489368,gate-table (battery-level split),-33.03170846672511,0.5796358155489368,4.096863552001289,True
HUST,10-5,HUST,familiar,2.6044372420746793,3.7870946211493646,4.42386750870062,0.5796358155489368,gate-table (battery-level split),-32.152124005896816,0.5796358155489368,4.096863552001289,True
HUST,10-6,HUST,familiar,2.2834149136309136,3.7870946211493646,4.42386750870062,0.5796358155489368,gate-table (battery-level split),-33.72123368601031,0.5796358155489368,4.096863552001289,True
HUST,10-7,HUST,familiar,1.8583980889452425,3.7870946211493646,4.42386750870062,0.5796358155489368,gate-table (battery-level split),-35.48157389680705,0.5796358155489368,4.096863552001289,False
HUST,10-8,HUST,familiar,3.0283642999407445,3.7870946211493646,4.42386750870062,0.5796358155489368,gate-table (battery-level split),-29.764227020646786,0.5796358155489368,4.096863552001289,True
HUST,2-2,HUST,familiar,3.0638959569703474,3.7870946211493646,4.42386750870062,0.5796358155489368,gate-table (battery-level split),-29.54775891866314,0.5796358155489368,4.096863552001289,True
HUST,2-3,HUST,familiar,2.959375181181789,3.7870946211493646,4.42386750870062,0.5796358155489368,gate-table (battery-level split),-30.17731589080763,0.5796358155489368,4.096863552001289,True
HUST,2-4,HUST,familiar,2.2952320029741804,3.7870946211493646,4.42386750870062,0.5796358155489368,gate-table (battery-level split),-33.66712740632551,0.5796358155489368,4.096863552001289,True
HUST,2-5,HUST,familiar,1.726981859940885,3.7870946211493646,4.42386750870062,0.5796358155489368,gate-table (battery-level split),-35.9527510092375,0.5796358155489368,4.096863552001289,False
HUST,2-6,HUST,familiar,1.999365683281969,3.7870946211493646,4.42386750870062,0.5796358155489368,gate-table (battery-level split),-34.937754218316805,0.5796358155489368,4.096863552001289,True
HUST,2-7,HUST,familiar,2.7518915452365653,3.7870946211493646,4.42386750870062,0.5796358155489368,gate-table (battery-level split),-31.362310277057887,0.5796358155489368,4.096863552001289,True
HUST,2-8,HUST,familiar,2.7051372266099767,3.7870946211493646,4.42386750870062,0.5796358155489368,gate-table (battery-level split),-31.617449939011262,0.5796358155489368,4.096863552001289,True
HUST,3-1,HUST,familiar,2.0584119620391563,3.7870946211493646,4.42386750870062,0.5796358155489368,gate-table (battery-level split),-34.69815754833649,0.5796358155489368,4.096863552001289,True
HUST,3-2,HUST,familiar,2.6838672196853803,3.7870946211493646,4.42386750870062,0.5796358155489368,gate-table (battery-level split),-31.732074100900647,0.5796358155489368,4.096863552001289,False
HUST,3-3,HUST,familiar,2.0987185935576473,3.7870946211493646,4.42386750870062,0.5796358155489368,gate-table (battery-level split),-34.53059761885779,0.5796358155489368,4.096863552001289,True
HUST,3-4,HUST,familiar,1.9217756524487757,3.7870946211493646,4.42386750870062,0.5796358155489368,gate-table (battery-level split),-35.24199569545746,0.5796358155489368,4.096863552001289,True
HUST,3-5,HUST,familiar,2.8976493397374266,3.7870946211493646,4.42386750870062,0.5796358155489368,gate-table (battery-level split),-30.538845657721634,0.5796358155489368,4.096863552001289,True
HUST,3-6,HUST,familiar,2.6779981980750556,3.7870946211493646,4.42386750870062,0.5796358155489368,gate-table (battery-level split),-31.763543004909135,0.5796358155489368,4.096863552001289,True
HUST,3-7,HUST,familiar,2.443958796363748,3.7870946211493646,4.42386750870062,0.5796358155489368,gate-table (battery-level split),-32.96228275547864,0.5796358155489368,4.096863552001289,False
HUST,3-8,HUST,familiar,2.343406723594426,3.7870946211493646,4.42386750870062,0.5796358155489368,gate-table (battery-level split),-33.44366228161482,0.5796358155489368,4.096863552001289,True
HUST,4-1,HUST,familiar,2.5005885353568273,3.7870946211493646,4.42386750870062,0.5796358155489368,gate-table (battery-level split),-32.682274330644375,0.5796358155489368,4.096863552001289,True
HUST,4-2,HUST,familiar,2.289619215682012,3.7870946211493646,4.42386750870062,0.5796358155489368,gate-table (battery-level split),-33.692861200982065,0.5796358155489368,4.096863552001289,True
HUST,4-3,HUST,familiar,2.353986129051569,3.7870946211493646,4.42386750870062,0.5796358155489368,gate-table (battery-level split),-33.39396665803519,0.5796358155489368,4.096863552001289,True
HUST,4-4,HUST,familiar,1.4507428539555833,3.7870946211493646,4.42386750870062,0.5796358155489368,gate-table (battery-level split),-36.83056252549919,0.5796358155489368,4.096863552001289,False
HUST,4-5,HUST,familiar,2.1518684547484797,3.7870946211493646,4.42386750870062,0.5796358155489368,gate-table (battery-level split),-34.30467950726077,0.5796358155489368,4.096863552001289,True
HUST,4-6,HUST,familiar,3.338535445131421,3.7870946211493646,4.42386750870062,0.5796358155489368,gate-table (battery-level split),-27.789398435403527,0.5796358155489368,4.096863552001289,True
HUST,4-7,HUST,familiar,2.6429370280438023,3.7870946211493646,4.42386750870062,0.5796358155489368,gate-table (battery-level split),-31.95010121959737,0.5796358155489368,4.096863552001289,True
HUST,4-8,HUST,familiar,1.394827566373258,3.7870946211493646,4.42386750870062,0.5796358155489368,gate-table (battery-level split),-36.98967341388764,0.5796358155489368,4.096863552001289,True
HUST,5-1,HUST,familiar,1.6606152234128297,3.7870946211493646,4.42386750870062,0.5796358155489368,gate-table (battery-level split),-36.177574433571934,0.5796358155489368,4.096863552001289,False
HUST,5-2,HUST,familiar,2.662358753434216,3.7870946211493646,4.42386750870062,0.5796358155489368,gate-table (battery-level split),-31.847063221814587,0.5796358155489368,4.096863552001289,True
HUST,5-3,HUST,familiar,2.9122531634350906,3.7870946211493646,4.42386750870062,0.5796358155489368,gate-table (battery-level split),-30.453998865864687,0.5796358155489368,4.096863552001289,True
HUST,5-4,HUST,familiar,2.9546269232070617,3.7870946211493646,4.42386750870062,0.5796358155489368,gate-table (battery-level split),-30.20539709846235,0.5796358155489368,4.096863552001289,True
HUST,5-5,HUST,familiar,2.0594887565629043,3.7870946211493646,4.42386750870062,0.5796358155489368,gate-table (battery-level split),-34.693723415393364,0.5796358155489368,4.096863552001289,True
HUST,5-6,HUST,familiar,2.1928346349801973,3.7870946211493646,4.42386750870062,0.5796358155489368,gate-table (battery-level split),-34.126693617433645,0.5796358155489368,4.096863552001289,False
HUST,5-7,HUST,familiar,1.7508317993887603,3.7870946211493646,4.42386750870062,0.5796358155489368,gate-table (battery-level split),-35.869805364051494,0.5796358155489368,4.096863552001289,True
HUST,6-1,HUST,familiar,1.8957675970754762,3.7870946211493646,4.42386750870062,0.5796358155489368,gate-table (battery-level split),-35.341282571681056,0.5796358155489368,4.096863552001289,True
HUST,6-2,HUST,familiar,2.1956001403960967,3.7870946211493646,4.42386750870062,0.5796358155489368,gate-table (battery-level split),-34.11455737729502,0.5796358155489368,4.096863552001289,True
HUST,6-3,HUST,familiar,2.3439449756032493,3.7870946211493646,4.42386750870062,0.5796358155489368,gate-table (battery-level split),-33.44113930514666,0.5796358155489368,4.096863552001289,True
HUST,6-4,HUST,familiar,1.9274261218766755,3.7870946211493646,4.42386750870062,0.5796358155489368,gate-table (battery-level split),-35.220245898509816,0.5796358155489368,4.096863552001289,False
HUST,6-5,HUST,familiar,1.9895857937258614,3.7870946211493646,4.42386750870062,0.5796358155489368,gate-table (battery-level split),-34.97676572320661,0.5796358155489368,4.096863552001289,True
HUST,6-6,HUST,unfamiliar,4.471629275061008,3.7870946211493646,4.42386750870062,4.096863552001289,"LODO family-holdout (held-out SOURCE, stricter)",-18.939748980219743,0.5796358155489368,4.096863552001289,True
HUST,6-8,HUST,familiar,1.9102872980384278,3.7870946211493646,4.42386750870062,0.5796358155489368,gate-table (battery-level split),-35.286019792755425,0.5796358155489368,4.096863552001289,True
HUST,7-1,HUST,familiar,1.9065592777144211,3.7870946211493646,4.42386750870062,0.5796358155489368,gate-table (battery-level split),-35.30024907436344,0.5796358155489368,4.096863552001289,True
HUST,7-2,HUST,familiar,2.188145931502322,3.7870946211493646,4.42386750870062,0.5796358155489368,gate-table (battery-level split),-34.147234736252216,0.5796358155489368,4.096863552001289,False
HUST,7-3,HUST,somewhat_familiar,3.9369440017993274,3.7870946211493646,4.42386750870062,4.096863552001289,"LODO family-holdout (held-out SOURCE, stricter)",-23.43568928049868,0.5796358155489368,4.096863552001289,True
HUST,7-4,HUST,familiar,2.464798790937217,3.7870946211493646,4.42386750870062,0.5796358155489368,gate-table (battery-level split),-32.859984273996815,0.5796358155489368,4.096863552001289,True
HUST,7-5,HUST,familiar,2.852251773539099,3.7870946211493646,4.42386750870062,0.5796358155489368,gate-table (battery-level split),-30.799877174145443,0.5796358155489368,4.096863552001289,True
HUST,7-6,HUST,familiar,2.6894944243926693,3.7870946211493646,4.42386750870062,0.5796358155489368,gate-table (battery-level split),-31.701837094963125,0.5796358155489368,4.096863552001289,True
HUST,7-7,HUST,familiar,3.445966288532622,3.7870946211493646,4.42386750870062,0.5796358155489368,gate-table (battery-level split),-27.060533692099085,0.5796358155489368,4.096863552001289,False
HUST,7-8,HUST,familiar,1.8315048669140452,3.7870946211493646,4.42386750870062,0.5796358155489368,gate-table (battery-level split),-35.580807276272544,0.5796358155489368,4.096863552001289,True
HUST,8-1,HUST,familiar,2.320887843499677,3.7870946211493646,4.42386750870062,0.5796358155489368,gate-table (battery-level split),-33.548696971697794,0.5796358155489368,4.096863552001289,True
HUST,8-2,HUST,familiar,1.896362067443162,3.7870946211493646,4.42386750870062,0.5796358155489368,gate-table (battery-level split),-35.33902826296507,0.5796358155489368,4.096863552001289,True
HUST,8-3,HUST,familiar,1.6281303099850315,3.7870946211493646,4.42386750870062,0.5796358155489368,gate-table (battery-level split),-36.28440904751042,0.5796358155489368,4.096863552001289,True
HUST,8-4,HUST,familiar,2.2639345314740087,3.7870946211493646,4.42386750870062,0.5796358155489368,gate-table (battery-level split),-33.80981779100194,0.5796358155489368,4.096863552001289,False
HUST,8-5,HUST,familiar,1.9986402852893927,3.7870946211493646,4.42386750870062,0.5796358155489368,gate-table (battery-level split),-34.94065436382071,0.5796358155489368,4.096863552001289,True
HUST,8-6,HUST,familiar,2.137627894047581,3.7870946211493646,4.42386750870062,0.5796358155489368,gate-table (battery-level split),-34.36576434039208,0.5796358155489368,4.096863552001289,True
HUST,8-7,HUST,familiar,2.586403736122576,3.7870946211493646,4.42386750870062,0.5796358155489368,gate-table (battery-level split),-32.24573306757356,0.5796358155489368,4.096863552001289,True
HUST,8-8,HUST,familiar,1.6643460851927614,3.7870946211493646,4.42386750870062,0.5796358155489368,gate-table (battery-level split),-36.16516946250591,0.5796358155489368,4.096863552001289,True
HUST,9-1,HUST,familiar,1.8468438318571292,3.7870946211493646,4.42386750870062,0.5796358155489368,gate-table (battery-level split),-35.52438521453365,0.5796358155489368,4.096863552001289,False
HUST,9-2,HUST,familiar,1.9698896346104906,3.7870946211493646,4.42386750870062,0.5796358155489368,gate-table (battery-level split),-35.054752181256525,0.5796358155489368,4.096863552001289,True
HUST,9-3,HUST,familiar,1.610949129898586,3.7870946211493646,4.42386750870062,0.5796358155489368,gate-table (battery-level split),-36.34006025468137,0.5796358155489368,4.096863552001289,True
HUST,9-4,HUST,familiar,2.11323020522747,3.7870946211493646,4.42386750870062,0.5796358155489368,gate-table (battery-level split),-34.469475453516644,0.5796358155489368,4.096863552001289,True
HUST,9-5,HUST,familiar,1.736420216826858,3.7870946211493646,4.42386750870062,0.5796358155489368,gate-table (battery-level split),-35.920062184397345,0.5796358155489368,4.096863552001289,True
HUST,9-6,HUST,familiar,1.8233476541713192,3.7870946211493646,4.42386750870062,0.5796358155489368,gate-table (battery-level split),-35.61062068583033,0.5796358155489368,4.096863552001289,False
HUST,9-7,HUST,familiar,3.52437725526162,3.7870946211493646,4.42386750870062,0.5796358155489368,gate-table (battery-level split),-26.513982316396948,0.5796358155489368,4.096863552001289,True
HUST,9-8,HUST,familiar,1.5067975653249663,3.7870946211493646,4.42386750870062,0.5796358155489368,gate-table (battery-level split),-36.664778450933134,0.5796358155489368,4.096863552001289,True
XJTU,Batch-1/2C_battery-1,XJTU,familiar,0.9848568992642182,3.1612873163313613,3.1942162654631625,0.9525753499519788,gate-table (battery-level split),-22.581193282521536,0.9525753499519788,10.544762018483038,True
XJTU,Batch-1/2C_battery-2,XJTU,familiar,0.9549009538885976,3.1612873163313613,3.1942162654631625,0.9525753499519788,gate-table (battery-level split),-22.63930056281251,0.9525753499519788,10.544762018483038,True
XJTU,Batch-1/2C_battery-3,XJTU,familiar,0.9607967885902868,3.1612873163313613,3.1942162654631625,0.9525753499519788,gate-table (battery-level split),-22.628005925584457,0.9525753499519788,10.544762018483038,True
XJTU,Batch-1/2C_battery-4,XJTU,familiar,0.955807021413326,3.1612873163313613,3.1942162654631625,0.9525753499519788,gate-table (battery-level split),-22.63756933236685,0.9525753499519788,10.544762018483038,True
XJTU,Batch-1/2C_battery-5,XJTU,familiar,0.9761472026945937,3.1612873163313613,3.1942162654631625,0.9525753499519788,gate-table (battery-level split),-22.598273033221385,0.9525753499519788,10.544762018483038,False
XJTU,Batch-1/2C_battery-6,XJTU,familiar,1.0041172626134085,3.1612873163313613,3.1942162654631625,0.9525753499519788,gate-table (battery-level split),-22.542884917471618,0.9525753499519788,10.544762018483038,True
XJTU,Batch-1/2C_battery-7,XJTU,familiar,1.0189764323282848,3.1612873163313613,3.1942162654631625,0.9525753499519788,gate-table (battery-level split),-22.512823424909385,0.9525753499519788,10.544762018483038,True
XJTU,Batch-1/2C_battery-8,XJTU,familiar,1.0114550995119327,3.1612873163313613,3.1942162654631625,0.9525753499519788,gate-table (battery-level split),-22.52809497622117,0.9525753499519788,10.544762018483038,True
XJTU,Batch-2/3C_battery-1,XJTU,familiar,0.977427728273348,3.1612873163313613,3.1942162654631625,0.9525753499519788,gate-table (battery-level split),-22.595771430552265,0.9525753499519788,10.544762018483038,True
XJTU,Batch-2/3C_battery-10,XJTU,familiar,1.4251051082032957,3.1612873163313613,3.1942162654631625,0.9525753499519788,gate-table (battery-level split),-21.520211825122736,0.9525753499519788,10.544762018483038,False
XJTU,Batch-2/3C_battery-11,XJTU,familiar,1.51898530284438,3.1612873163313613,3.1942162654631625,0.9525753499519788,gate-table (battery-level split),-21.243820044292633,0.9525753499519788,10.544762018483038,True
XJTU,Batch-2/3C_battery-12,XJTU,familiar,1.4080432016898068,3.1612873163313613,3.1942162654631625,0.9525753499519788,gate-table (battery-level split),-21.568550736724983,0.9525753499519788,10.544762018483038,True
XJTU,Batch-2/3C_battery-13,XJTU,familiar,1.27292911613175,3.1612873163313613,3.1942162654631625,0.9525753499519788,gate-table (battery-level split),-21.930787859853908,0.9525753499519788,10.544762018483038,True
XJTU,Batch-2/3C_battery-14,XJTU,familiar,1.4639842861655343,3.1612873163313613,3.1942162654631625,0.9525753499519788,gate-table (battery-level split),-21.407886404410256,0.9525753499519788,10.544762018483038,True
XJTU,Batch-2/3C_battery-15,XJTU,familiar,1.571361946594969,3.1612873163313613,3.1942162654631625,0.9525753499519788,gate-table (battery-level split),-21.081958027343134,0.9525753499519788,10.544762018483038,False
XJTU,Batch-2/3C_battery-2,XJTU,familiar,0.9869862056074956,3.1612873163313613,3.1942162654631625,0.9525753499519788,gate-table (battery-level split),-22.576994624490382,0.9525753499519788,10.544762018483038,True
XJTU,Batch-2/3C_battery-3,XJTU,familiar,1.0795454630993908,3.1612873163313613,3.1942162654631625,0.9525753499519788,gate-table (battery-level split),-22.385717987651386,0.9525753499519788,10.544762018483038,True
XJTU,Batch-2/3C_battery-4,XJTU,familiar,1.036787640964917,3.1612873163313613,3.1942162654631625,0.9525753499519788,gate-table (battery-level split),-22.476207782092267,0.9525753499519788,10.544762018483038,True
XJTU,Batch-2/3C_battery-5,XJTU,familiar,0.970924975167401,3.1612873163313613,3.1942162654631625,0.9525753499519788,gate-table (battery-level split),-22.608441087146048,0.9525753499519788,10.544762018483038,True
XJTU,Batch-2/3C_battery-6,XJTU,familiar,0.9784070164976323,3.1612873163313613,3.1942162654631625,0.9525753499519788,gate-table (battery-level split),-22.593856104618066,0.9525753499519788,10.544762018483038,False
XJTU,Batch-2/3C_battery-7,XJTU,familiar,0.9184067031728325,3.1612873163313613,3.1942162654631625,0.9525753499519788,gate-table (battery-level split),-22.707665522117072,0.9525753499519788,10.544762018483038,True
XJTU,Batch-2/3C_battery-8,XJTU,familiar,1.0000336115212043,3.1612873163313613,3.1942162654631625,0.9525753499519788,gate-table (battery-level split),-22.551069170377723,0.9525753499519788,10.544762018483038,True
XJTU,Batch-2/3C_battery-9,XJTU,familiar,1.2424315620690978,3.1612873163313613,3.1942162654631625,0.9525753499519788,gate-table (battery-level split),-22.007500208124405,0.9525753499519788,10.544762018483038,True
XJTU,Batch-3/R2.5_battery-1,XJTU,familiar,1.1718276237106793,3.1612873163313613,3.1942162654631625,0.9525753499519788,gate-table (battery-level split),-22.177956414858446,0.9525753499519788,10.544762018483038,True
XJTU,Batch-3/R2.5_battery-2,XJTU,familiar,1.1640032243990313,3.1612873163313613,3.1942162654631625,0.9525753499519788,gate-table (battery-level split),-22.196232888138525,0.9525753499519788,10.544762018483038,False
XJTU,Batch-3/R2.5_battery-3,XJTU,familiar,1.237695312615277,3.1612873163313613,3.1942162654631625,0.9525753499519788,gate-table (battery-level split),-22.019246707680036,0.9525753499519788,10.544762018483038,True
XJTU,Batch-3/R2.5_battery-4,XJTU,familiar,1.2372573467779013,3.1612873163313613,3.1942162654631625,0.9525753499519788,gate-table (battery-level split),-22.020330652393973,0.9525753499519788,10.544762018483038,True
XJTU,Batch-3/R2.5_battery-5,XJTU,familiar,1.1495027537621716,3.1612873163313613,3.1942162654631625,0.9525753499519788,gate-table (battery-level split),-22.22977981364305,0.9525753499519788,10.544762018483038,True
XJTU,Batch-3/R2.5_battery-6,XJTU,familiar,1.0990457650047825,3.1612873163313613,3.1942162654631625,0.9525753499519788,gate-table (battery-level split),-22.343234800974916,0.9525753499519788,10.544762018483038,True
XJTU,Batch-3/R2.5_battery-7,XJTU,familiar,1.1273712056585374,3.1612873163313613,3.1942162654631625,0.9525753499519788,gate-table (battery-level split),-22.28017055920188,0.9525753499519788,10.544762018483038,False
XJTU,Batch-3/R2.5_battery-8,XJTU,familiar,1.2165411334484195,3.1612873163313613,3.1942162654631625,0.9525753499519788,gate-table (battery-level split),-22.0711640651779,0.9525753499519788,10.544762018483038,True
XJTU,Batch-4/R3_battery-1,XJTU,familiar,1.5121312715202504,3.1612873163313613,3.1942162654631625,0.9525753499519788,gate-table (battery-level split),-21.264595412240414,0.9525753499519788,10.544762018483038,True
XJTU,Batch-4/R3_battery-2,XJTU,familiar,1.548603191589059,3.1612873163313613,3.1942162654631625,0.9525753499519788,gate-table (battery-level split),-21.152964549550045,0.9525753499519788,10.544762018483038,True
XJTU,Batch-4/R3_battery-3,XJTU,familiar,1.547808123592296,3.1612873163313613,3.1942162654631625,0.9525753499519788,gate-table (battery-level split),-21.15542640709156,0.9525753499519788,10.544762018483038,True
XJTU,Batch-4/R3_battery-4,XJTU,familiar,1.5333897698367538,3.1612873163313613,3.1942162654631625,0.9525753499519788,gate-table (battery-level split),-21.199852208309853,0.9525753499519788,10.544762018483038,False
XJTU,Batch-4/R3_battery-5,XJTU,familiar,1.5242955403205398,3.1612873163313613,3.1942162654631625,0.9525753499519788,gate-table (battery-level split),-21.22765950030878,0.9525753499519788,10.544762018483038,True
XJTU,Batch-4/R3_battery-6,XJTU,familiar,1.5217061918687276,3.1612873163313613,3.1942162654631625,0.9525753499519788,gate-table (battery-level split),-21.23554666017824,0.9525753499519788,10.544762018483038,True
XJTU,Batch-4/R3_battery-7,XJTU,familiar,1.5673812944796193,3.1612873163313613,3.1942162654631625,0.9525753499519788,gate-table (battery-level split),-21.094452272265258,0.9525753499519788,10.544762018483038,True
XJTU,Batch-4/R3_battery-8,XJTU,familiar,1.5403387062778804,3.1612873163313613,3.1942162654631625,0.9525753499519788,gate-table (battery-level split),-21.17849306449205,0.9525753499519788,10.544762018483038,True
XJTU,Batch-5/RW_battery-1,XJTU,familiar,3.099545536709234,3.1612873163313613,3.1942162654631625,0.9525753499519788,gate-table (battery-level split),-13.94395386041573,0.9525753499519788,10.544762018483038,False
XJTU,Batch-5/RW_battery-2,XJTU,familiar,2.7987427229382904,3.1612873163313613,3.1942162654631625,0.9525753499519788,gate-table (battery-level split),-15.718175565349828,0.9525753499519788,10.544762018483038,True
XJTU,Batch-5/RW_battery-3,XJTU,unfamiliar,5.078163791413907,3.1612873163313613,3.1942162654631625,10.544762018483038,"LODO family-holdout (held-out SOURCE, stricter)",2.2366110978774003,0.9525753499519788,10.544762018483038,True
XJTU,Batch-5/RW_battery-4,XJTU,unfamiliar,4.017357087055253,3.1612873163313613,3.1942162654631625,10.544762018483038,"LODO family-holdout (held-out SOURCE, stricter)",-7.411978429636793,0.9525753499519788,10.544762018483038,True
XJTU,Batch-5/RW_battery-5,XJTU,unfamiliar,3.31097790299272,3.1612873163313613,3.1942162654631625,10.544762018483038,"LODO family-holdout (held-out SOURCE, stricter)",-12.588561720443794,0.9525753499519788,10.544762018483038,True
XJTU,Batch-5/RW_battery-6,XJTU,unfamiliar,3.2024485027461127,3.1612873163313613,3.1942162654631625,10.544762018483038,"LODO family-holdout (held-out SOURCE, stricter)",-13.295459981809046,0.9525753499519788,10.544762018483038,False
XJTU,Batch-5/RW_battery-7,XJTU,familiar,3.0706763209436514,3.1612873163313613,3.1942162654631625,0.9525753499519788,gate-table (battery-level split),-14.122083326545825,0.9525753499519788,10.544762018483038,True
XJTU,Batch-5/RW_battery-8,XJTU,unfamiliar,3.986421763806208,3.1612873163313613,3.1942162654631625,10.544762018483038,"LODO family-holdout (held-out SOURCE, stricter)",-7.659577915602064,0.9525753499519788,10.544762018483038,True
ul_pur,ul_pur::UL-PUR_N10-EX9_18650_NCA_23C_0-100_0.5-0.5C_i,ul_pur,familiar,2.7776769140647657,3.372147939274917,3.4283632026614153,1.5322520557794188,gate-table (battery-level split),-65.7422979155477,1.5322520557794188,3.327051217080499,True
ul_pur,ul_pur::UL-PUR_N10-NA7_18650_NCA_23C_0-100_0.5-0.5C_g,ul_pur,familiar,2.3592822553769923,3.372147939274917,3.4283632026614153,1.5322520557794188,gate-table (battery-level split),-67.8915741939393,1.5322520557794188,3.327051217080499,True
ul_pur,ul_pur::UL-PUR_N10-OV8_18650_NCA_23C_0-100_0.5-0.5C_h,ul_pur,familiar,2.0088051202990513,3.372147939274917,3.4283632026614153,1.5322520557794188,gate-table (battery-level split),-69.42248894313636,1.5322520557794188,3.327051217080499,True
ul_pur,ul_pur::UL-PUR_N15-EX4_18650_NCA_23C_0-100_0.5-0.5C_d,ul_pur,familiar,1.3010446981380184,3.372147939274917,3.4283632026614153,1.5322520557794188,gate-table (battery-level split),-71.765069647923,1.5322520557794188,3.327051217080499,True
ul_pur,ul_pur::UL-PUR_N15-NA10_18650_NCA_23C_0-100_0.5-0.5C_j,ul_pur,familiar,2.0370354338455856,3.372147939274917,3.4283632026614153,1.5322520557794188,gate-table (battery-level split),-69.30827359573358,1.5322520557794188,3.327051217080499,False
ul_pur,ul_pur::UL-PUR_N15-OV3_18650_NCA_23C_0-100_0.5-0.5C_c,ul_pur,familiar,1.722561482053143,3.372147939274917,3.4283632026614153,1.5322520557794188,gate-table (battery-level split),-70.49056889502293,1.5322520557794188,3.327051217080499,True
ul_pur,ul_pur::UL-PUR_N20-EX2_18650_NCA_23C_0-100_0.5-0.5C_b,ul_pur,familiar,3.018255911756205,3.372147939274917,3.4283632026614153,1.5322520557794188,gate-table (battery-level split),-64.34791820562477,1.5322520557794188,3.327051217080499,True
ul_pur,ul_pur::UL-PUR_N20-NA5_18650_NCA_23C_0-100_0.5-0.5C_e,ul_pur,familiar,1.6629184786148699,3.372147939274917,3.4283632026614153,1.5322520557794188,gate-table (battery-level split),-70.69248908795726,1.5322520557794188,3.327051217080499,True
ul_pur,ul_pur::UL-PUR_N20-NA6_18650_NCA_23C_0-100_0.5-0.5C_f,ul_pur,familiar,1.4963823153290414,3.372147939274917,3.4283632026614153,1.5322520557794188,gate-table (battery-level split),-71.21862692084655,1.5322520557794188,3.327051217080499,True
ul_pur,ul_pur::UL-PUR_N20-OV1_18650_NCA_23C_0-100_0.5-0.5C_a,ul_pur,unfamiliar,3.44241701850804,3.372147939274917,3.4283632026614153,3.327051217080499,"LODO family-holdout (held-out SOURCE, stricter)",-61.60755202516226,1.5322520557794188,3.327051217080499,False
hnei,hnei::HNEI_18650_NMC_LCO_25C_0-100_0.5-1.5C_a,hnei,familiar,2.8546551197894097,7.52053740380714,7.676464777507759,0.5868579282630791,gate-table (battery-level split),-151.92991287753523,0.5868579282630791,6.311521427000657,True
hnei,hnei::HNEI_18650_NMC_LCO_25C_0-100_0.5-1.5C_b,hnei,familiar,2.6835945783564767,7.52053740380714,7.676464777507759,0.5868579282630791,gate-table (battery-level split),-152.87728886949083,0.5868579282630791,6.311521427000657,True
hnei,hnei::HNEI_18650_NMC_LCO_25C_0-100_0.5-1.5C_c,hnei,familiar,2.3042624037960153,7.52053740380714,7.676464777507759,0.5868579282630791,gate-table (battery-level split),-154.76934350492732,0.5868579282630791,6.311521427000657,True
hnei,hnei::HNEI_18650_NMC_LCO_25C_0-100_0.5-1.5C_d,hnei,familiar,2.7885456227223466,7.52053740380714,7.676464777507759,0.5868579282630791,gate-table (battery-level split),-152.30298204047114,0.5868579282630791,6.311521427000657,True
hnei,hnei::HNEI_18650_NMC_LCO_25C_0-100_0.5-1.5C_e,hnei,familiar,3.8172622784174286,7.52053740380714,7.676464777507759,0.5868579282630791,gate-table (battery-level split),-145.5074774282465,0.5868579282630791,6.311521427000657,False
hnei,hnei::HNEI_18650_NMC_LCO_25C_0-100_0.5-1.5C_f,hnei,familiar,2.3082890214087444,7.52053740380714,7.676464777507759,0.5868579282630791,gate-table (battery-level split),-154.75077052411896,0.5868579282630791,6.311521427000657,True
hnei,hnei::HNEI_18650_NMC_LCO_25C_0-100_0.5-1.5C_g,hnei,familiar,1.9439669979955385,7.52053740380714,7.676464777507759,0.5868579282630791,gate-table (battery-level split),-156.29996104117933,0.5868579282630791,6.311521427000657,True
hnei,hnei::HNEI_18650_NMC_LCO_25C_0-100_0.5-1.5C_j,hnei,familiar,3.2739756815199375,7.52053740380714,7.676464777507759,0.5868579282630791,gate-table (battery-level split),-149.36005196729118,0.5868579282630791,6.311521427000657,True
hnei,hnei::HNEI_18650_NMC_LCO_25C_0-100_0.5-1.5C_l,hnei,familiar,1.5742444486089375,7.52053740380714,7.676464777507759,0.5868579282630791,gate-table (battery-level split),-157.60072314649906,0.5868579282630791,6.311521427000657,True
hnei,hnei::HNEI_18650_NMC_LCO_25C_0-100_0.5-1.5C_n,hnei,unfamiliar,7.715446620932914,7.52053740380714,7.676464777507759,6.311521427000657,"LODO family-holdout (held-out SOURCE, stricter)",-100.55085217000999,0.5868579282630791,6.311521427000657,False
hnei,hnei::HNEI_18650_NMC_LCO_25C_0-100_0.5-1.5C_o,hnei,familiar,2.3612500227640796,7.52053740380714,7.676464777507759,0.5868579282630791,gate-table (battery-level split),-154.50346706047173,0.5868579282630791,6.311521427000657,True
hnei,hnei::HNEI_18650_NMC_LCO_25C_0-100_0.5-1.5C_p,hnei,familiar,2.940130009087988,7.52053740380714,7.676464777507759,0.5868579282630791,gate-table (battery-level split),-151.4346042601354,0.5868579282630791,6.311521427000657,True
hnei,hnei::HNEI_18650_NMC_LCO_25C_0-100_0.5-1.5C_s,hnei,familiar,2.8925317727643103,7.52053740380714,7.676464777507759,0.5868579282630791,gate-table (battery-level split),-151.71222867402406,0.5868579282630791,6.311521427000657,True
hnei,hnei::HNEI_18650_NMC_LCO_25C_0-100_0.5-1.5C_t,hnei,familiar,3.466160815193596,7.52053740380714,7.676464777507759,0.5868579282630791,gate-table (battery-level split),-148.06469793369158,0.5868579282630791,6.311521427000657,True
snl,snl::SNL_18650_LFP_15C_0-100_0.5-2C_b,snl,unfamiliar,8.317584622258643,5.395943929077685,6.264047907440819,4.43898482853507,"LODO family-holdout (held-out SOURCE, stricter)",58.05990451998978,1.3116090399188831,4.43898482853507,True
snl,snl::SNL_18650_LFP_25C_0-100_0.5-0.5C_a,snl,familiar,2.5338678444157967,5.395943929077685,6.264047907440819,1.3116090399188831,gate-table (battery-level split),-4.701823175479323,1.3116090399188831,4.43898482853507,True
snl,snl::SNL_18650_LFP_25C_0-100_0.5-1C_a,snl,familiar,2.6018787239507533,5.395943929077685,6.264047907440819,1.3116090399188831,gate-table (battery-level split),-4.352536534296077,1.3116090399188831,4.43898482853507,True
snl,snl::SNL_18650_LFP_25C_0-100_0.5-1C_b,snl,familiar,2.6005033274859835,5.395943929077685,6.264047907440819,1.3116090399188831,gate-table (battery-level split),-4.359691872178007,1.3116090399188831,4.43898482853507,True
snl,snl::SNL_18650_LFP_25C_0-100_0.5-1C_c,snl,familiar,2.340950635846581,5.395943929077685,6.264047907440819,1.3116090399188831,gate-table (battery-level split),-5.642259548973167,1.3116090399188831,4.43898482853507,False
snl,snl::SNL_18650_LFP_25C_0-100_0.5-1C_d,snl,familiar,2.347324428717755,5.395943929077685,6.264047907440819,1.3116090399188831,gate-table (battery-level split),-5.612377454788542,1.3116090399188831,4.43898482853507,True
snl,snl::SNL_18650_LFP_25C_0-100_0.5-2C_a,snl,familiar,3.4012743236154663,5.395943929077685,6.264047907440819,1.3116090399188831,gate-table (battery-level split),0.4463575960421693,1.3116090399188831,4.43898482853507,True
snl,snl::SNL_18650_LFP_25C_0-100_0.5-2C_b,snl,familiar,4.913546420680301,5.395943929077685,6.264047907440819,1.3116090399188831,gate-table (battery-level split),13.020628999736513,1.3116090399188831,4.43898482853507,True
snl,snl::SNL_18650_LFP_25C_0-100_0.5-3C_a,snl,familiar,2.4698435173480653,5.395943929077685,6.264047907440819,1.3116090399188831,gate-table (battery-level split),-5.022182428257415,1.3116090399188831,4.43898482853507,True
snl,snl::SNL_18650_LFP_25C_0-100_0.5-3C_b,snl,familiar,2.3505604223135044,5.395943929077685,6.264047907440819,1.3116090399188831,gate-table (battery-level split),-5.597175129497039,1.3116090399188831,4.43898482853507,False
snl,snl::SNL_18650_LFP_25C_0-100_0.5-3C_c,snl,familiar,2.255529965490536,5.395943929077685,6.264047907440819,1.3116090399188831,gate-table (battery-level split),-6.03489400321794,1.3116090399188831,4.43898482853507,True
snl,snl::SNL_18650_LFP_25C_0-100_0.5-3C_d,snl,familiar,2.353551456864373,5.395943929077685,6.264047907440819,1.3116090399188831,gate-table (battery-level split),-5.583104968335265,1.3116090399188831,4.43898482853507,True
snl,snl::SNL_18650_NCA_15C_0-100_0.5-1C_a,ul_pur,unfamiliar,7.688767970536722,3.372147939274917,3.4283632026614153,3.327051217080499,"LODO family-holdout (held-out SOURCE, stricter)",-14.34063404972467,1.5322520557794188,3.327051217080499,False
snl,snl::SNL_18650_NCA_15C_0-100_0.5-1C_b,XJTU,unfamiliar,3.2282878214158717,3.1612873163313613,3.1942162654631625,10.544762018483038,"LODO family-holdout (held-out SOURCE, stricter)",-13.129294136647829,0.9525753499519788,10.544762018483038,False
snl,snl::SNL_18650_NCA_15C_0-100_0.5-2C_a,XJTU,familiar,2.9560233154100715,3.1612873163313613,3.1942162654631625,0.9525753499519788,gate-table (battery-level split),-14.813062553301913,0.9525753499519788,10.544762018483038,False
snl,snl::SNL_18650_NCA_15C_0-100_0.5-2C_b,XJTU,familiar,2.9683785424995017,3.1612873163313613,3.1942162654631625,0.9525753499519788,gate-table (battery-level split),-14.739865222978398,0.9525753499519788,10.544762018483038,False
snl,snl::SNL_18650_NCA_25C_0-100_0.5-0.5C_a,ul_pur,unfamiliar,6.278803769544903,3.372147939274917,3.4283632026614153,3.327051217080499,"LODO family-holdout (held-out SOURCE, stricter)",-34.034410178024764,1.5322520557794188,3.327051217080499,False
snl,snl::SNL_18650_NCA_25C_0-100_0.5-0.5C_b,ul_pur,unfamiliar,7.009825406566926,3.372147939274917,3.4283632026614153,3.327051217080499,"LODO family-holdout (held-out SOURCE, stricter)",-24.320134723924873,1.5322520557794188,3.327051217080499,False
snl,snl::SNL_18650_NCA_25C_0-100_0.5-1C_a,ul_pur,unfamiliar,6.4613244029405426,3.372147939274917,3.4283632026614153,3.327051217080499,"LODO family-holdout (held-out SOURCE, stricter)",-31.709073914441085,1.5322520557794188,3.327051217080499,False
snl,snl::SNL_18650_NCA_25C_0-100_0.5-1C_b,ul_pur,unfamiliar,5.651199427918501,3.372147939274917,3.4283632026614153,3.327051217080499,"LODO family-holdout (held-out SOURCE, stricter)",-41.52173198036966,1.5322520557794188,3.327051217080499,False
snl,snl::SNL_18650_NCA_25C_0-100_0.5-1C_c,ul_pur,unfamiliar,5.994595771815504,3.372147939274917,3.4283632026614153,3.327051217080499,"LODO family-holdout (held-out SOURCE, stricter)",-37.52260848700773,1.5322520557794188,3.327051217080499,False
snl,snl::SNL_18650_NCA_25C_0-100_0.5-1C_d,ul_pur,unfamiliar,5.481286508916532,3.372147939274917,3.4283632026614153,3.327051217080499,"LODO family-holdout (held-out SOURCE, stricter)",-43.413285161645675,1.5322520557794188,3.327051217080499,False
snl,snl::SNL_18650_NCA_25C_0-100_0.5-2C_a,snl,somewhat_familiar,5.7577541204619695,5.395943929077685,6.264047907440819,4.43898482853507,"LODO family-holdout (held-out SOURCE, stricter)",22.029423083253114,1.3116090399188831,4.43898482853507,True
snl,snl::SNL_18650_NCA_25C_0-100_0.5-2C_b,XJTU,familiar,2.9699600806735607,3.1612873163313613,3.1942162654631625,0.9525753499519788,gate-table (battery-level split),-14.730473513755362,0.9525753499519788,10.544762018483038,False
snl,snl::SNL_18650_NCA_25C_20-80_0.5-0.5C_a,XJTU,unfamiliar,3.5547538033770274,3.1612873163313613,3.1942162654631625,10.544762018483038,"LODO family-holdout (held-out SOURCE, stricter)",-10.914861791926421,0.9525753499519788,10.544762018483038,False
snl,snl::SNL_18650_NCA_25C_20-80_0.5-0.5C_b,XJTU,unfamiliar,3.524357460292245,3.1612873163313613,3.1942162654631625,10.544762018483038,"LODO family-holdout (held-out SOURCE, stricter)",-11.13004088663226,0.9525753499519788,10.544762018483038,False
snl,snl::SNL_18650_NCA_25C_20-80_0.5-0.5C_c,XJTU,unfamiliar,3.5111874788726345,3.1612873163313613,3.1942162654631625,10.544762018483038,"LODO family-holdout (held-out SOURCE, stricter)",-11.222698882757898,0.9525753499519788,10.544762018483038,False
snl,snl::SNL_18650_NCA_25C_20-80_0.5-0.5C_d,XJTU,unfamiliar,3.6523004327135666,3.1612873163313613,3.1942162654631625,10.544762018483038,"LODO family-holdout (held-out SOURCE, stricter)",-10.21183794375016,0.9525753499519788,10.544762018483038,False
snl,snl::SNL_18650_NCA_35C_0-100_0.5-1C_a,ul_pur,unfamiliar,7.062852806998941,3.372147939274917,3.4283632026614153,3.327051217080499,"LODO family-holdout (held-out SOURCE, stricter)",-23.57389718114323,1.5322520557794188,3.327051217080499,False
snl,snl::SNL_18650_NCA_35C_0-100_0.5-1C_b,ul_pur,unfamiliar,7.3566726150508925,3.372147939274917,3.4283632026614153,3.327051217080499,"LODO family-holdout (held-out SOURCE, stricter)",-19.337154989436307,1.5322520557794188,3.327051217080499,False
snl,snl::SNL_18650_NCA_35C_0-100_0.5-1C_c,tongji,familiar,2.471260813921754,5.993180118598582,7.490357251399253,0.4095135403196875,gate-table (battery-level split),-55.33869374802728,0.4095135403196875,3.132324942505057,False
snl,snl::SNL_18650_NCA_35C_0-100_0.5-1C_d,tongji,familiar,2.925850297041181,5.993180118598582,7.490357251399253,0.4095135403196875,gate-table (battery-level split),-52.885223797756524,0.4095135403196875,3.132324942505057,False
snl,snl::SNL_18650_NCA_35C_0-100_0.5-2C_a,snl,familiar,4.367603250110525,5.395943929077685,6.264047907440819,1.3116090399188831,gate-table (battery-level split),7.953648721932346,1.3116090399188831,4.43898482853507,True
snl,snl::SNL_18650_NCA_35C_0-100_0.5-2C_b,snl,familiar,5.3381736080009174,5.395943929077685,6.264047907440819,1.3116090399188831,gate-table (battery-level split),17.37378804071385,1.3116090399188831,4.43898482853507,True
snl,snl::SNL_18650_NMC_15C_0-100_0.5-1C_a,XJTU,familiar,3.052938051847828,3.1612873163313613,3.1942162654631625,0.9525753499519788,gate-table (battery-level split),-14.230705646129454,0.9525753499519788,10.544762018483038,False
snl,snl::SNL_18650_NMC_15C_0-100_0.5-1C_b,XJTU,familiar,3.1493285956762134,3.1612873163313613,3.1942162654631625,0.9525753499519788,gate-table (battery-level split),-13.632865791005953,0.9525753499519788,10.544762018483038,False
snl,snl::SNL_18650_NMC_15C_0-100_0.5-2C_a,XJTU,unfamiliar,3.541939641343336,3.1612873163313613,3.1942162654631625,10.544762018483038,"LODO family-holdout (held-out SOURCE, stricter)",-11.005799971630505,0.9525753499519788,10.544762018483038,False
snl,snl::SNL_18650_NMC_15C_0-100_0.5-2C_b,XJTU,somewhat_familiar,3.1874638957347106,3.1612873163313613,3.1942162654631625,10.544762018483038,"LODO family-holdout (held-out SOURCE, stricter)",-13.391210307937566,0.9525753499519788,10.544762018483038,False
snl,snl::SNL_18650_NMC_25C_0-100_0.5-0.5C_b,XJTU,unfamiliar,3.5555459674689605,3.1612873163313613,3.1942162654631625,10.544762018483038,"LODO family-holdout (held-out SOURCE, stricter)",-10.90922926776508,0.9525753499519788,10.544762018483038,False
snl,snl::SNL_18650_NMC_25C_0-100_0.5-1C_a,snl,familiar,1.23555017666463,5.395943929077685,6.264047907440819,1.3116090399188831,gate-table (battery-level split),-9.59572518938768,1.3116090399188831,4.43898482853507,False
snl,snl::SNL_18650_NMC_25C_0-100_0.5-1C_b,snl,familiar,1.1781586862960312,5.395943929077685,6.264047907440819,1.3116090399188831,gate-table (battery-level split),-9.734251538348888,1.3116090399188831,4.43898482853507,True
snl,snl::SNL_18650_NMC_25C_0-100_0.5-1C_c,snl,familiar,1.2393750901666518,5.395943929077685,6.264047907440819,1.3116090399188831,gate-table (battery-level split),-9.586258814318082,1.3116090399188831,4.43898482853507,True
snl,snl::SNL_18650_NMC_25C_0-100_0.5-1C_d,XJTU,unfamiliar,3.6860229883778763,3.1612873163313613,3.1942162654631625,10.544762018483038,"LODO family-holdout (held-out SOURCE, stricter)",-9.964370923699693,0.9525753499519788,10.544762018483038,False
snl,snl::SNL_18650_NMC_25C_0-100_0.5-2C_a,snl,unfamiliar,6.5707133072349455,5.395943929077685,6.264047907440819,4.43898482853507,"LODO family-holdout (held-out SOURCE, stricter)",32.05196393743072,1.3116090399188831,4.43898482853507,True
snl,snl::SNL_18650_NMC_25C_0-100_0.5-2C_b,snl,unfamiliar,6.481073902031602,5.395943929077685,6.264047907440819,4.43898482853507,"LODO family-holdout (held-out SOURCE, stricter)",30.882009495151458,1.3116090399188831,4.43898482853507,False
snl,snl::SNL_18650_NMC_25C_0-100_0.5-3C_a,snl,familiar,1.117689854814196,5.395943929077685,6.264047907440819,1.3116090399188831,gate-table (battery-level split),-9.8730788168891,1.3116090399188831,4.43898482853507,True
snl,snl::SNL_18650_NMC_25C_0-100_0.5-3C_b,snl,familiar,1.1578119674830207,5.395943929077685,6.264047907440819,1.3116090399188831,gate-table (battery-level split),-9.781780876396775,1.3116090399188831,4.43898482853507,True
snl,snl::SNL_18650_NMC_25C_0-100_0.5-3C_c,snl,familiar,1.1722762780502938,5.395943929077685,6.264047907440819,1.3116090399188831,gate-table (battery-level split),-9.748077756364228,1.3116090399188831,4.43898482853507,True
snl,snl::SNL_18650_NMC_25C_0-100_0.5-3C_d,snl,familiar,1.1700503207498971,5.395943929077685,6.264047907440819,1.3116090399188831,gate-table (battery-level split),-9.753291675356742,1.3116090399188831,4.43898482853507,True
snl,snl::SNL_18650_NMC_35C_0-100_0.5-1C_a,snl,familiar,4.775870069917855,5.395943929077685,6.264047907440819,1.3116090399188831,gate-table (battery-level split),11.686625496293498,1.3116090399188831,4.43898482853507,False
snl,snl::SNL_18650_NMC_35C_0-100_0.5-1C_b,snl,familiar,3.525888960754445,5.395943929077685,6.264047907440819,1.3116090399188831,gate-table (battery-level split),1.3095835351263805,1.3116090399188831,4.43898482853507,True
snl,snl::SNL_18650_NMC_35C_0-100_0.5-1C_c,snl,familiar,5.028591619510669,5.395943929077685,6.264047907440819,1.3116090399188831,gate-table (battery-level split),14.164424247369254,1.3116090399188831,4.43898482853507,True
snl,snl::SNL_18650_NMC_35C_0-100_0.5-1C_d,snl,familiar,4.896106072929051,5.395943929077685,6.264047907440819,1.3116090399188831,gate-table (battery-level split),12.849545248929054,1.3116090399188831,4.43898482853507,True
snl,snl::SNL_18650_NMC_35C_0-100_0.5-2C_a,snl,familiar,4.3452507813473895,5.395943929077685,6.264047907440819,1.3116090399188831,gate-table (battery-level split),7.758894924356422,1.3116090399188831,4.43898482853507,True
snl,snl::SNL_18650_NMC_35C_0-100_0.5-2C_b,snl,familiar,4.310813956123767,5.395943929077685,6.264047907440819,1.3116090399188831,gate-table (battery-level split),7.460807535867769,1.3116090399188831,4.43898482853507,False
mich,mich::MICH_BLForm10_pouch_NMC_25C_0-100_1-1C_j,mich,familiar,2.0331029252543784,61.46199248220109,86.0529007295864,1.0186089442284776,gate-table (battery-level split),-156.29894276994733,1.0186089442284776,7.233827976658582,True
mich,mich::MICH_BLForm11_pouch_NMC_25C_0-100_1-1C_a,mich,familiar,2.795598591997832,61.46199248220109,86.0529007295864,1.0186089442284776,gate-table (battery-level split),-152.617078787045,1.0186089442284776,7.233827976658582,True
mich,mich::MICH_BLForm12_pouch_NMC_25C_0-100_1-1C_b,mich,familiar,1.8452587021280058,61.46199248220109,86.0529007295864,1.0186089442284776,gate-table (battery-level split),-157.02747059684611,1.0186089442284776,7.233827976658582,True
mich,mich::MICH_BLForm13_pouch_NMC_25C_0-100_1-1C_c,mich,familiar,1.5924624205665276,61.46199248220109,86.0529007295864,1.0186089442284776,gate-table (battery-level split),-157.89651371370863,1.0186089442284776,7.233827976658582,True
mich,mich::MICH_BLForm14_pouch_NMC_25C_0-100_1-1C_d,mich,familiar,1.577327450010817,61.46199248220109,86.0529007295864,1.0186089442284776,gate-table (battery-level split),-157.94448839006762,1.0186089442284776,7.233827976658582,False
mich,mich::MICH_BLForm15_pouch_NMC_25C_0-100_1-1C_e,mich,familiar,1.656776150890078,61.46199248220109,86.0529007295864,1.0186089442284776,gate-table (battery-level split),-157.6875430604671,1.0186089442284776,7.233827976658582,True
mich,mich::MICH_BLForm16_pouch_NMC_25C_0-100_1-1C_f,mich,familiar,1.7746308811412808,61.46199248220109,86.0529007295864,1.0186089442284776,gate-table (battery-level split),-157.28313551032497,1.0186089442284776,7.233827976658582,True
mich,mich::MICH_BLForm17_pouch_NMC_25C_0-100_1-1C_g,mich,familiar,2.931912497827331,61.46199248220109,86.0529007295864,1.0186089442284776,gate-table (battery-level split),-151.83633937970913,1.0186089442284776,7.233827976658582,True
mich,mich::MICH_BLForm18_pouch_NMC_25C_0-100_1-1C_h,mich,familiar,1.917069265395834,61.46199248220109,86.0529007295864,1.0186089442284776,gate-table (battery-level split),-156.7572957062999,1.0186089442284776,7.233827976658582,True
mich,mich::MICH_BLForm19_pouch_NMC_25C_0-100_1-1C_i,mich,familiar,1.720399116875626,61.46199248220109,86.0529007295864,1.0186089442284776,gate-table (battery-level split),-157.4726771532788,1.0186089442284776,7.233827976658582,False
mich,mich::MICH_BLForm1_pouch_NMC_45C_0-100_1-1C_a,mich,familiar,2.2270843725736182,61.46199248220109,86.0529007295864,1.0186089442284776,gate-table (battery-level split),-155.47254547206362,1.0186089442284776,7.233827976658582,True
mich,mich::MICH_BLForm20_pouch_NMC_25C_0-100_1-1C_j,mich,familiar,2.1127445417258124,61.46199248220109,86.0529007295864,1.0186089442284776,gate-table (battery-level split),-155.96876077603304,1.0186089442284776,7.233827976658582,True
mich,mich::MICH_BLForm2_pouch_NMC_45C_0-100_1-1C_b,mich,familiar,2.2468455586838516,61.46199248220109,86.0529007295864,1.0186089442284776,gate-table (battery-level split),-155.3841353100479,1.0186089442284776,7.233827976658582,True
mich,mich::MICH_BLForm3_pouch_NMC_45C_0-100_1-1C_c,mich,familiar,2.1847037331808474,61.46199248220109,86.0529007295864,1.0186089442284776,gate-table (battery-level split),-155.65951987285092,1.0186089442284776,7.233827976658582,True
mich,mich::MICH_BLForm4_pouch_NMC_45C_0-100_1-1C_d,mich,familiar,4.375955479342453,61.46199248220109,86.0529007295864,1.0186089442284776,gate-table (battery-level split),-141.28346391743798,1.0186089442284776,7.233827976658582,False
mich,mich::MICH_BLForm5_pouch_NMC_45C_0-100_1-1C_e,mich,familiar,2.882809156892894,61.46199248220109,86.0529007295864,1.0186089442284776,gate-table (battery-level split),-152.1218616395597,1.0186089442284776,7.233827976658582,True
mich,mich::MICH_BLForm6_pouch_NMC_45C_0-100_1-1C_f,mich,familiar,1.7091666685816675,61.46199248220109,86.0529007295864,1.0186089442284776,gate-table (battery-level split),-157.51119957363468,1.0186089442284776,7.233827976658582,True
mich,mich::MICH_BLForm7_pouch_NMC_45C_0-100_1-1C_g,mich,familiar,2.5510657496819724,61.46199248220109,86.0529007295864,1.0186089442284776,gate-table (battery-level split),-153.9245138154248,1.0186089442284776,7.233827976658582,True
mich,mich::MICH_BLForm8_pouch_NMC_45C_0-100_1-1C_h,mich,familiar,1.9204702126562547,61.46199248220109,86.0529007295864,1.0186089442284776,gate-table (battery-level split),-156.74424443692527,1.0186089442284776,7.233827976658582,True
mich,mich::MICH_BLForm9_pouch_NMC_45C_0-100_1-1C_i,isu_ilcc,unfamiliar,2.7635484787860594,1.2569890537847563,1.2569890537847563,12.69534449782432,"LODO family-holdout (held-out SOURCE, stricter)",17.686876752406242,1.5983963462380673,12.69534449782432,False
mich,mich::MICH_MCForm21_pouch_NMC_25C_0-100_1-1C_a,mich,familiar,1.514593740304888,61.46199248220109,86.0529007295864,1.0186089442284776,gate-table (battery-level split),-158.1384560764545,1.0186089442284776,7.233827976658582,True
mich,mich::MICH_MCForm22_pouch_NMC_25C_0-100_1-1C_b,mich,familiar,1.7324898785035334,61.46199248220109,86.0529007295864,1.0186089442284776,gate-table (battery-level split),-157.43092909550805,1.0186089442284776,7.233827976658582,True
mich,mich::MICH_MCForm23_pouch_NMC_25C_0-100_1-1C_c,mich,familiar,1.4458918885340086,61.46199248220109,86.0529007295864,1.0186089442284776,gate-table (battery-level split),-158.3418469212968,1.0186089442284776,7.233827976658582,True
mich,mich::MICH_MCForm24_pouch_NMC_25C_0-100_1-1C_d,mich,familiar,1.509556802196287,61.46199248220109,86.0529007295864,1.0186089442284776,gate-table (battery-level split),-158.15368853556816,1.0186089442284776,7.233827976658582,True
mich,mich::MICH_MCForm25_pouch_NMC_25C_0-100_1-1C_e,mich,familiar,2.762400773562613,61.46199248220109,86.0529007295864,1.0186089442284776,gate-table (battery-level split),-152.8015922408459,1.0186089442284776,7.233827976658582,False
mich,mich::MICH_MCForm26_pouch_NMC_25C_0-100_1-1C_f,mich,familiar,2.8055232909543486,61.46199248220109,86.0529007295864,1.0186089442284776,gate-table (battery-level split),-152.5614893385379,1.0186089442284776,7.233827976658582,True
mich,mich::MICH_MCForm27_pouch_NMC_25C_0-100_1-1C_g,mich,familiar,2.03835385860606,61.46199248220109,86.0529007295864,1.0186089442284776,gate-table (battery-level split),-156.27756382173104,1.0186089442284776,7.233827976658582,True
mich,mich::MICH_MCForm28_pouch_NMC_25C_0-100_1-1C_h,mich,familiar,2.4669432804079348,61.46199248220109,86.0529007295864,1.0186089442284776,gate-table (battery-level split),-154.34664112587538,1.0186089442284776,7.233827976658582,True
mich,mich::MICH_MCForm29_pouch_NMC_25C_0-100_1-1C_i,mich,familiar,2.394378339945759,61.46199248220109,86.0529007295864,1.0186089442284776,gate-table (battery-level split),-154.69940263982383,1.0186089442284776,7.233827976658582,True
mich,mich::MICH_MCForm30_pouch_NMC_25C_0-100_1-1C_j,mich,familiar,2.653162668969176,61.46199248220109,86.0529007295864,1.0186089442284776,gate-table (battery-level split),-153.3931781266136,1.0186089442284776,7.233827976658582,False
mich,mich::MICH_MCForm31_pouch_NMC_45C_0-100_1-1C_a,mich,familiar,1.7682093012948172,61.46199248220109,86.0529007295864,1.0186089442284776,gate-table (battery-level split),-157.30588614143974,1.0186089442284776,7.233827976658582,True
mich,mich::MICH_MCForm32_pouch_NMC_45C_0-100_1-1C_b,mich,familiar,2.5728716405760026,61.46199248220109,86.0529007295864,1.0186089442284776,gate-table (battery-level split),-153.812781795745,1.0186089442284776,7.233827976658582,True
mich,mich::MICH_MCForm33_pouch_NMC_45C_0-100_1-1C_c,mich,familiar,1.7669847219947343,61.46199248220109,86.0529007295864,1.0186089442284776,gate-table (battery-level split),-157.31021526686243,1.0186089442284776,7.233827976658582,True
mich,mich::MICH_MCForm34_pouch_NMC_45C_0-100_1-1C_d,mich,familiar,2.6038836293466394,61.46199248220109,86.0529007295864,1.0186089442284776,gate-table (battery-level split),-153.6522403194458,1.0186089442284776,7.233827976658582,True
mich,mich::MICH_MCForm35_pouch_NMC_45C_0-100_1-1C_e,mich,familiar,3.6405329882238693,61.46199248220109,86.0529007295864,1.0186089442284776,gate-table (battery-level split),-147.178969836279,1.0186089442284776,7.233827976658582,False
mich,mich::MICH_MCForm36_pouch_NMC_45C_0-100_1-1C_f,mich,familiar,1.9115423430924883,61.46199248220109,86.0529007295864,1.0186089442284776,gate-table (battery-level split),-156.77845614518972,1.0186089442284776,7.233827976658582,True
mich,mich::MICH_MCForm37_pouch_NMC_45C_0-100_1-1C_g,mich,familiar,2.011887537206278,61.46199248220109,86.0529007295864,1.0186089442284776,gate-table (battery-level split),-156.3847588122593,1.0186089442284776,7.233827976658582,True
mich,mich::MICH_MCForm38_pouch_NMC_45C_0-100_1-1C_h,mich,familiar,1.5174998569000189,61.46199248220109,86.0529007295864,1.0186089442284776,gate-table (battery-level split),-158.12964445893365,1.0186089442284776,7.233827976658582,True
mich,mich::MICH_MCForm39_pouch_NMC_45C_0-100_1-1C_i,mich,familiar,2.078921599261623,61.46199248220109,86.0529007295864,1.0186089442284776,gate-table (battery-level split),-156.11053525874874,1.0186089442284776,7.233827976658582,True
mich,mich::MICH_MCForm40_pouch_NMC_45C_0-100_1-1C_j,mich,familiar,1.9783513716198193,61.46199248220109,86.0529007295864,1.0186089442284776,gate-table (battery-level split),-156.51857612503522,1.0186089442284776,7.233827976658582,False
mich_exp,mich_exp::MICH_01R_pouch_NMC_25C_0-100_0.2-0.2C,mich_exp,familiar,2.252775189838152,2.684786137017441,2.6855921586535354,2.6054511487210545,gate-table (battery-level split),-63.181022965097156,2.6054511487210545,6.651310416328899,True
mich_exp,mich_exp::MICH_02C_pouch_NMC_-5C_0-100_0.2-0.2C,mich_exp,familiar,1.8548189860332662,2.684786137017441,2.6855921586535354,2.6054511487210545,gate-table (battery-level split),-64.815665550098,2.6054511487210545,6.651310416328899,True
mich_exp,mich_exp::MICH_03H_pouch_NMC_45C_0-100_0.2-0.2C,mich_exp,familiar,2.277333367683571,2.684786137017441,2.6855921586535354,2.6054511487210545,gate-table (battery-level split),-63.069771753482485,2.6054511487210545,6.651310416328899,True
mich_exp,mich_exp::MICH_04R_pouch_NMC_25C_0-100_1.5-1.5C,mich_exp,familiar,1.63538352154429,2.684786137017441,2.6855921586535354,2.6054511487210545,gate-table (battery-level split),-65.58153975850888,2.6054511487210545,6.651310416328899,True
mich_exp,mich_exp::MICH_05C_pouch_NMC_-5C_0-100_1.5-1.5C,mich_exp,unfamiliar,2.685793664062559,2.684786137017441,2.6855921586535354,6.651310416328899,"LODO family-holdout (held-out SOURCE, stricter)",-61.04253141512889,2.6054511487210545,6.651310416328899,False
mich_exp,mich_exp::MICH_06H_pouch_NMC_45C_0-100_1.5-1.5C,mich_exp,familiar,1.9061898361228986,2.684786137017441,2.6855921586535354,2.6054511487210545,gate-table (battery-level split),-64.62245932970923,2.6054511487210545,6.651310416328899,True
mich_exp,mich_exp::MICH_07R_pouch_NMC_25C_0-100_2-2C,mich_exp,familiar,1.980029527614252,2.684786137017441,2.6855921586535354,2.6054511487210545,gate-table (battery-level split),-64.33550209082316,2.6054511487210545,6.651310416328899,True
mich_exp,mich_exp::MICH_08C_pouch_NMC_-5C_0-100_2-2C,mich_exp,unfamiliar,3.603799720233663,2.684786137017441,2.6855921586535354,6.651310416328899,"LODO family-holdout (held-out SOURCE, stricter)",-55.268646597491255,2.6054511487210545,6.651310416328899,True
mich_exp,mich_exp::MICH_09H_pouch_NMC_45C_0-100_2-2C,mich_exp,familiar,2.4299113236744545,2.684786137017441,2.6855921586535354,2.6054511487210545,gate-table (battery-level split),-62.35154998012614,2.6054511487210545,6.651310416328899,True
mich_exp,mich_exp::MICH_10R_pouch_NMC_25C_0-100_0.2-1.5C,mich_exp,familiar,1.821762039549743,2.684786137017441,2.6855921586535354,2.6054511487210545,gate-table (battery-level split),-64.93720209230304,2.6054511487210545,6.651310416328899,False
mich_exp,mich_exp::MICH_11C_pouch_NMC_-5C_0-100_0.2-1.5C,mich_exp,unfamiliar,2.9530616070446647,2.684786137017441,2.6855921586535354,6.651310416328899,"LODO family-holdout (held-out SOURCE, stricter)",-59.535446166046256,2.6054511487210545,6.651310416328899,True
mich_exp,mich_exp::MICH_12H_pouch_NMC_45C_0-100_0.2-1.5C,mich_exp,familiar,1.753352631999808,2.684786137017441,2.6855921586535354,2.6054511487210545,gate-table (battery-level split),-65.18177356890682,2.6054511487210545,6.651310416328899,True
mich_exp,mich_exp::MICH_13R_pouch_NMC_25C_50-100_0.2-0.2C,mich_exp,familiar,2.466205787205615,2.684786137017441,2.6855921586535354,2.6054511487210545,gate-table (battery-level split),-62.173848036201015,2.6054511487210545,6.651310416328899,True
mich_exp,mich_exp::MICH_14C_pouch_NMC_-5C_50-100_0.2-0.2C,mich_exp,familiar,2.038021748646188,2.684786137017441,2.6855921586535354,2.6054511487210545,gate-table (battery-level split),-64.10248637309262,2.6054511487210545,6.651310416328899,True
mich_exp,mich_exp::MICH_15H_pouch_NMC_45C_50-100_0.2-0.2C,mich_exp,familiar,2.675718393611376,2.684786137017441,2.6855921586535354,2.6054511487210545,gate-table (battery-level split),-61.09655009913723,2.6054511487210545,6.651310416328899,False
mich_exp,mich_exp::MICH_16R_pouch_NMC_25C_50-100_0.2-1.5C,mich_exp,familiar,1.8386494373682338,2.684786137017441,2.6855921586535354,2.6054511487210545,gate-table (battery-level split),-64.87538726751296,2.6054511487210545,6.651310416328899,True
mich_exp,mich_exp::MICH_17C_pouch_NMC_-5C_50-100_0.2-1.5C,mich_exp,unfamiliar,3.2895313259574035,2.684786137017441,2.6855921586535354,6.651310416328899,"LODO family-holdout (held-out SOURCE, stricter)",-57.435002676592404,2.6054511487210545,6.651310416328899,True
mich_exp,mich_exp::MICH_18H_pouch_NMC_45C_50-100_0.2-1.5C,mich_exp,familiar,1.98771317822129,2.684786137017441,2.6855921586535354,2.6054511487210545,gate-table (battery-level split),-64.3050153421729,2.6054511487210545,6.651310416328899,True
rwth,rwth::RWTH_003,rwth,familiar,4.295933446436223,18.91143036240173,19.640386462613336,1.4123821292773189,gate-table (battery-level split),-72.14838358595165,1.4123821292773189,17.064898695182578,True
rwth,rwth::RWTH_007,rwth,familiar,3.025145724806528,18.91143036240173,19.640386462613336,1.4123821292773189,gate-table (battery-level split),-81.45192110584586,1.4123821292773189,17.064898695182578,True
rwth,rwth::RWTH_008,rwth,familiar,0.9927852574524653,18.91143036240173,19.640386462613336,1.4123821292773189,gate-table (battery-level split),-89.6178051947461,1.4123821292773189,17.064898695182578,True
rwth,rwth::RWTH_009,rwth,familiar,1.516234124139397,18.91143036240173,19.640386462613336,1.4123821292773189,gate-table (battery-level split),-88.3044618429563,1.4123821292773189,17.064898695182578,True
rwth,rwth::RWTH_010,rwth,familiar,1.5987229823761746,18.91143036240173,19.640386462613336,1.4123821292773189,gate-table (battery-level split),-88.04751258778329,1.4123821292773189,17.064898695182578,False
rwth,rwth::RWTH_016,rwth,familiar,2.2047335118190676,18.91143036240173,19.640386462613336,1.4123821292773189,gate-table (battery-level split),-85.74257790402302,1.4123821292773189,17.064898695182578,True
rwth,rwth::RWTH_017,rwth,familiar,2.208973477853869,18.91143036240173,19.640386462613336,1.4123821292773189,gate-table (battery-level split),-85.72386393629924,1.4123821292773189,17.064898695182578,True
rwth,rwth::RWTH_019,rwth,familiar,2.6696407367095185,18.91143036240173,19.640386462613336,1.4123821292773189,gate-table (battery-level split),-83.47644609906212,1.4123821292773189,17.064898695182578,True
rwth,rwth::RWTH_036,rwth,familiar,2.0178045006810392,18.91143036240173,19.640386462613336,1.4123821292773189,gate-table (battery-level split),-86.5318927591924,1.4123821292773189,17.064898695182578,True
rwth,rwth::RWTH_042,isu_ilcc,unfamiliar,10.217777196322123,1.2569890537847563,1.2569890537847563,12.69534449782432,"LODO family-holdout (held-out SOURCE, stricter)",114.45264739148588,1.5983963462380673,12.69534449782432,False
stanford,stanford::Stanford_Nova_Regular_192,stanford,familiar,1.957002500375935,3.856145414634597,3.856145414634597,0.463658315618756,gate-table (battery-level split),-192.5292855187813,0.463658315618756,4.254146505382943,True
stanford,stanford::Stanford_Nova_Regular_196,stanford,familiar,2.147779454072236,3.856145414634597,3.856145414634597,0.463658315618756,gate-table (battery-level split),-191.74618772192414,0.463658315618756,4.254146505382943,True
stanford,stanford::Stanford_Nova_Regular_198,stanford,familiar,2.1825928672097046,3.856145414634597,3.856145414634597,0.463658315618756,gate-table (battery-level split),-191.5954326812643,0.463658315618756,4.254146505382943,True
stanford,stanford::Stanford_Nova_Regular_199,stanford,familiar,1.5966767736599912,3.856145414634597,3.856145414634597,0.463658315618756,gate-table (battery-level split),-193.8097675857137,0.463658315618756,4.254146505382943,True
stanford,stanford::Stanford_Nova_Regular_209,stanford,familiar,3.856145414634597,3.856145414634597,3.856145414634597,0.463658315618756,gate-table (battery-level split),-181.48928684645156,0.463658315618756,4.254146505382943,False
stanford,stanford::Stanford_Nova_Regular_220,stanford,familiar,2.125317908000897,3.856145414634597,3.856145414634597,0.463658315618756,gate-table (battery-level split),-191.84216809518966,0.463658315618756,4.254146505382943,True
stanford_2,stanford_2::Stanford_Nova_Regular_106,stanford,familiar,2.1159337903746676,3.856145414634597,3.856145414634597,0.463658315618756,gate-table (battery-level split),-191.88196850000966,0.463658315618756,4.254146505382943,False
stanford_2,stanford_2::Stanford_Nova_Regular_127,stanford,unfamiliar,4.012619375500203,3.856145414634597,3.856145414634597,4.254146505382943,"LODO family-holdout (held-out SOURCE, stricter)",-180.25803005261935,0.463658315618756,4.254146505382943,False
stanford_2,stanford_2::Stanford_Nova_Regular_138,stanford,familiar,1.8700155857411032,3.856145414634597,3.856145414634597,0.463658315618756,gate-table (battery-level split),-192.86218601434433,0.463658315618756,4.254146505382943,False
stanford_2,stanford_2::Stanford_Nova_Regular_161,stanford,unfamiliar,7.638190841852785,3.856145414634597,3.856145414634597,4.254146505382943,"LODO family-holdout (held-out SOURCE, stricter)",-138.01718496869523,0.463658315618756,4.254146505382943,False
stanford_2,stanford_2::Stanford_Nova_Regular_167,stanford,familiar,1.815515580040182,3.856145414634597,3.856145414634597,0.463658315618756,gate-table (battery-level split),-193.06304748389033,0.463658315618756,4.254146505382943,False
stanford_2,stanford_2::Stanford_Nova_Regular_175,stanford,familiar,2.59454412702689,3.856145414634597,3.856145414634597,0.463658315618756,gate-table (battery-level split),-189.62748507816926,0.463658315618756,4.254146505382943,False
stanford_2,stanford_2::Stanford_Nova_Regular_284,stanford_2,unfamiliar,2.9729612674781514,1.2150408583580028,1.2150408583580028,4.576921028311695,"LODO family-holdout (held-out SOURCE, stricter)",-123.51063244230906,0.4164467243907759,4.576921028311695,True
stanford_2,stanford_2::Stanford_Nova_Regular_309,stanford,unfamiliar,6.475755016321335,3.856145414634597,3.856145414634597,4.254146505382943,"LODO family-holdout (held-out SOURCE, stricter)",-154.42374127384807,0.463658315618756,4.254146505382943,False
isu_ilcc,isu_ilcc::ISU-ILCC_G12C3,isu_ilcc,familiar,1.1157955431215596,1.2569890537847563,1.2569890537847563,1.5983963462380673,gate-table (battery-level split),11.294676251855433,1.5983963462380673,12.69534449782432,True
isu_ilcc,isu_ilcc::ISU-ILCC_G18C3,isu_ilcc,familiar,0.8743106171427276,1.2569890537847563,1.2569890537847563,1.5983963462380673,gate-table (battery-level split),10.814095613053995,1.5983963462380673,12.69534449782432,True
isu_ilcc,isu_ilcc::ISU-ILCC_G19C1,isu_ilcc,unfamiliar,1.2777089452956016,1.2569890537847563,1.2569890537847563,12.69534449782432,"LODO family-holdout (held-out SOURCE, stricter)",11.682216706693897,1.5983963462380673,12.69534449782432,True
isu_ilcc,isu_ilcc::ISU-ILCC_G1C4,isu_ilcc,familiar,1.1860302467417319,1.2569890537847563,1.2569890537847563,1.5983963462380673,gate-table (battery-level split),11.45634430399175,1.5983963462380673,12.69534449782432,True
isu_ilcc,isu_ilcc::ISU-ILCC_G25C2,isu_ilcc,familiar,1.2569890537847563,1.2569890537847563,1.2569890537847563,1.5983963462380673,gate-table (battery-level split),11.629698039140195,1.5983963462380673,12.69534449782432,False
isu_ilcc,isu_ilcc::ISU-ILCC_G27C4,isu_ilcc,unfamiliar,2.821605776018479,1.2569890537847563,1.2569890537847563,12.69534449782432,"LODO family-holdout (held-out SOURCE, stricter)",18.01113571306634,1.5983963462380673,12.69534449782432,True
isu_ilcc,isu_ilcc::ISU-ILCC_G29C4,isu_ilcc,familiar,1.1037865866739203,1.2569890537847563,1.2569890537847563,1.5983963462380673,gate-table (battery-level split),11.268021386726762,1.5983963462380673,12.69534449782432,True
isu_ilcc,isu_ilcc::ISU-ILCC_G50C2,isu_ilcc,unfamiliar,2.63072213345256,1.2569890537847563,1.2569890537847563,12.69534449782432,"LODO family-holdout (held-out SOURCE, stricter)",16.970375501242685,1.5983963462380673,12.69534449782432,True
isu_ilcc,isu_ilcc::ISU-ILCC_G56C3,isu_ilcc,familiar,0.8912191051125415,1.2569890537847563,1.2569890537847563,1.5983963462380673,gate-table (battery-level split),10.843948051123096,1.5983963462380673,12.69534449782432,True
tongji,tongji::Tongji1_CY25-025_1--1,tongji,familiar,2.371157130083874,5.993180118598582,7.490357251399253,0.4095135403196875,gate-table (battery-level split),-55.8234376229049,0.4095135403196875,3.132324942505057,True
tongji,tongji::Tongji1_CY25-025_1--2,tongji,familiar,2.570396756729255,5.993180118598582,7.490357251399253,0.4095135403196875,gate-table (battery-level split),-54.838884271448215,0.4095135403196875,3.132324942505057,True
tongji,tongji::Tongji1_CY25-025_1--3,tongji,familiar,2.5665451676737985,5.993180118598582,7.490357251399253,0.4095135403196875,gate-table (battery-level split),-54.85866966074276,0.4095135403196875,3.132324942505057,True
tongji,tongji::Tongji1_CY25-025_1--4,tongji,familiar,2.658299931569589,5.993180118598582,7.490357251399253,0.4095135403196875,gate-table (battery-level split),-54.37926523226961,0.4095135403196875,3.132324942505057,True
tongji,tongji::Tongji1_CY25-025_1--5,tongji,familiar,2.6191387744665717,5.993180118598582,7.490357251399253,0.4095135403196875,gate-table (battery-level split),-54.585935838538234,0.4095135403196875,3.132324942505057,False
tongji,tongji::Tongji1_CY25-025_1--6,tongji,somewhat_familiar,6.8545645101759565,5.993180118598582,7.490357251399253,3.132324942505057,"LODO family-holdout (held-out SOURCE, stricter)",-14.460769134288746,0.4095135403196875,3.132324942505057,True
tongji,tongji::Tongji1_CY25-025_1--7,tongji,familiar,5.792064527093969,5.993180118598582,7.490357251399253,0.4095135403196875,gate-table (battery-level split),-27.897812272432205,0.4095135403196875,3.132324942505057,True
tongji,tongji::Tongji1_CY25-05_1--1,tongji,familiar,1.322912601693379,5.993180118598582,7.490357251399253,0.4095135403196875,gate-table (battery-level split),-59.695726006733345,0.4095135403196875,3.132324942505057,True
tongji,tongji::Tongji1_CY25-05_1--10,tongji,familiar,1.0003962441782608,5.993180118598582,7.490357251399253,0.4095135403196875,gate-table (battery-level split),-60.44503111308652,0.4095135403196875,3.132324942505057,True
tongji,tongji::Tongji1_CY25-05_1--11,tongji,familiar,1.2467971986716113,5.993180118598582,7.490357251399253,0.4095135403196875,gate-table (battery-level split),-59.891320503837115,0.4095135403196875,3.132324942505057,False
tongji,tongji::Tongji1_CY25-05_1--12,tongji,familiar,1.2334766674209936,5.993180118598582,7.490357251399253,0.4095135403196875,gate-table (battery-level split),-59.92435906938049,0.4095135403196875,3.132324942505057,True
tongji,tongji::Tongji1_CY25-05_1--13,tongji,familiar,1.8597340524640191,5.993180118598582,7.490357251399253,0.4095135403196875,gate-table (battery-level split),-57.98721301255825,0.4095135403196875,3.132324942505057,True
tongji,tongji::Tongji1_CY25-05_1--14,tongji,familiar,1.0754792067467922,5.993180118598582,7.490357251399253,0.4095135403196875,gate-table (battery-level split),-60.28916823430778,0.4095135403196875,3.132324942505057,True
tongji,tongji::Tongji1_CY25-05_1--15,tongji,familiar,1.095958377464562,5.993180118598582,7.490357251399253,0.4095135403196875,gate-table (battery-level split),-60.24469899331773,0.4095135403196875,3.132324942505057,True
tongji,tongji::Tongji1_CY25-05_1--16,tongji,familiar,1.2657750214944563,5.993180118598582,7.490357251399253,0.4095135403196875,gate-table (battery-level split),-59.8436373534132,0.4095135403196875,3.132324942505057,False
tongji,tongji::Tongji1_CY25-05_1--17,tongji,familiar,1.5796171010084519,5.993180118598582,7.490357251399253,0.4095135403196875,gate-table (battery-level split),-58.95063357265415,0.4095135403196875,3.132324942505057,True
tongji,tongji::Tongji1_CY25-05_1--18,tongji,familiar,1.1240058453331374,5.993180118598582,7.490357251399253,0.4095135403196875,gate-table (battery-level split),-60.18243461810943,0.4095135403196875,3.132324942505057,True
tongji,tongji::Tongji1_CY25-05_1--19,tongji,familiar,1.1897602240447758,5.993180118598582,7.490357251399253,0.4095135403196875,gate-table (battery-level split),-60.03029436773342,0.4095135403196875,3.132324942505057,True
tongji,tongji::Tongji1_CY25-05_1--2,tongji,familiar,1.1325293996401462,5.993180118598582,7.490357251399253,0.4095135403196875,gate-table (battery-level split),-60.16320091740322,0.4095135403196875,3.132324942505057,True
tongji,tongji::Tongji1_CY25-05_1--3,tongji,familiar,1.303116575785255,5.993180118598582,7.490357251399253,0.4095135403196875,gate-table (battery-level split),-59.747710948366205,0.4095135403196875,3.132324942505057,False
tongji,tongji::Tongji1_CY25-05_1--4,tongji,familiar,1.6476195003392877,5.993180118598582,7.490357251399253,0.4095135403196875,gate-table (battery-level split),-58.731173740554205,0.4095135403196875,3.132324942505057,True
tongji,tongji::Tongji1_CY25-05_1--5,tongji,familiar,1.717243514353939,5.993180118598582,7.490357251399253,0.4095135403196875,gate-table (battery-level split),-58.49689847086182,0.4095135403196875,3.132324942505057,True
tongji,tongji::Tongji1_CY25-05_1--6,tongji,familiar,1.2324287053168823,5.993180118598582,7.490357251399253,0.4095135403196875,gate-table (battery-level split),-59.92694324476344,0.4095135403196875,3.132324942505057,True
tongji,tongji::Tongji1_CY25-05_1--7,tongji,familiar,1.1754170953629086,5.993180118598582,7.490357251399253,0.4095135403196875,gate-table (battery-level split),-60.064218410381116,0.4095135403196875,3.132324942505057,True
tongji,tongji::Tongji1_CY25-05_1--8,tongji,familiar,1.391168756770417,5.993180118598582,7.490357251399253,0.4095135403196875,gate-table (battery-level split),-59.51047324863834,0.4095135403196875,3.132324942505057,False
tongji,tongji::Tongji1_CY25-05_1--9,tongji,familiar,1.4331797289449604,5.993180118598582,7.490357251399253,0.4095135403196875,gate-table (battery-level split),-59.391819622993744,0.4095135403196875,3.132324942505057,True
tongji,tongji::Tongji1_CY25-1_1--1,tongji,familiar,5.501071468263234,5.993180118598582,7.490357251399253,0.4095135403196875,gate-table (battery-level split),-31.184036459512676,0.4095135403196875,3.132324942505057,True
tongji,tongji::Tongji1_CY25-1_1--2,tongji,familiar,4.329165748161013,5.993180118598582,7.490357251399253,0.4095135403196875,gate-table (battery-level split),-42.70414768340199,0.4095135403196875,3.132324942505057,True
tongji,tongji::Tongji1_CY25-1_1--3,tongji,familiar,2.9620662951793935,5.993180118598582,7.490357251399253,0.4095135403196875,gate-table (battery-level split),-52.671987021414715,0.4095135403196875,3.132324942505057,True
tongji,tongji::Tongji1_CY25-1_1--4,tongji,familiar,2.974026620267719,5.993180118598582,7.490357251399253,0.4095135403196875,gate-table (battery-level split),-52.60098942039146,0.4095135403196875,3.132324942505057,False
tongji,tongji::Tongji1_CY25-1_1--5,tongji,familiar,3.587538075955816,5.993180118598582,7.490357251399253,0.4095135403196875,gate-table (battery-level split),-48.57539431201973,0.4095135403196875,3.132324942505057,True
tongji,tongji::Tongji1_CY25-1_1--6,tongji,familiar,3.4307029950311274,5.993180118598582,7.490357251399253,0.4095135403196875,gate-table (battery-level split),-49.67610071833694,0.4095135403196875,3.132324942505057,True
tongji,tongji::Tongji1_CY25-1_1--7,tongji,somewhat_familiar,6.461002027965549,5.993180118598582,7.490357251399253,3.132324942505057,"LODO family-holdout (held-out SOURCE, stricter)",-19.701276553077562,0.4095135403196875,3.132324942505057,True
tongji,tongji::Tongji1_CY25-1_1--8,tongji,familiar,3.654950247752611,5.993180118598582,7.490357251399253,0.4095135403196875,gate-table (battery-level split),-48.087162444905616,0.4095135403196875,3.132324942505057,True
tongji,tongji::Tongji1_CY25-1_1--9,tongji,somewhat_familiar,6.455376793056664,5.993180118598582,7.490357251399253,3.132324942505057,"LODO family-holdout (held-out SOURCE, stricter)",-19.77393421811795,0.4095135403196875,3.132324942505057,False
tongji,tongji::Tongji1_CY35-05_1--1,tongji,familiar,0.8762633356097602,5.993180118598582,7.490357251399253,0.4095135403196875,gate-table (battery-level split),-60.677986325118546,0.4095135403196875,3.132324942505057,True
tongji,tongji::Tongji1_CY35-05_1--2,tongji,familiar,0.8581029738599303,5.993180118598582,7.490357251399253,0.4095135403196875,gate-table (battery-level split),-60.70948304470524,0.4095135403196875,3.132324942505057,True
tongji,tongji::Tongji1_CY35-05_1--3,tongji,familiar,2.3208965420310346,5.993180118598582,7.490357251399253,0.4095135403196875,gate-table (battery-level split),-56.05926299964088,0.4095135403196875,3.132324942505057,True
tongji,tongji::Tongji1_CY45-05_1--1,tongji,familiar,1.2543604850263903,5.993180118598582,7.490357251399253,0.4095135403196875,gate-table (battery-level split),-59.87240353205685,0.4095135403196875,3.132324942505057,True
tongji,tongji::Tongji1_CY45-05_1--10,tongji,familiar,0.9157550368228636,5.993180118598582,7.490357251399253,0.4095135403196875,gate-table (battery-level split),-60.607216470986046,0.4095135403196875,3.132324942505057,False
tongji,tongji::Tongji1_CY45-05_1--11,tongji,familiar,1.1682038602441591,5.993180118598582,7.490357251399253,0.4095135403196875,gate-table (battery-level split),-60.08112349936314,0.4095135403196875,3.132324942505057,True
tongji,tongji::Tongji1_CY45-05_1--12,tongji,familiar,1.2690950229502245,5.993180118598582,7.490357251399253,0.4095135403196875,gate-table (battery-level split),-59.83522158117546,0.4095135403196875,3.132324942505057,True
tongji,tongji::Tongji1_CY45-05_1--13,tongji,familiar,1.1514002816697009,5.993180118598582,7.490357251399253,0.4095135403196875,gate-table (battery-level split),-60.12010114982343,0.4095135403196875,3.132324942505057,True
tongji,tongji::Tongji1_CY45-05_1--14,tongji,familiar,1.1968725218293181,5.993180118598582,7.490357251399253,0.4095135403196875,gate-table (battery-level split),-60.01331992494242,0.4095135403196875,3.132324942505057,True
tongji,tongji::Tongji1_CY45-05_1--15,tongji,familiar,1.2103813675194968,5.993180118598582,7.490357251399253,0.4095135403196875,gate-table (battery-level split),-59.98080070361412,0.4095135403196875,3.132324942505057,False
tongji,tongji::Tongji1_CY45-05_1--16,tongji,familiar,1.3033291999988665,5.993180118598582,7.490357251399253,0.4095135403196875,gate-table (battery-level split),-59.7471567548828,0.4095135403196875,3.132324942505057,True
tongji,tongji::Tongji1_CY45-05_1--17,tongji,familiar,1.3312652376999987,5.993180118598582,7.490357251399253,0.4095135403196875,gate-table (battery-level split),-59.673556625344055,0.4095135403196875,3.132324942505057,True
tongji,tongji::Tongji1_CY45-05_1--18,tongji,familiar,1.028002934794999,5.993180118598582,7.490357251399253,0.4095135403196875,gate-table (battery-level split),-60.38903372450536,0.4095135403196875,3.132324942505057,True
tongji,tongji::Tongji1_CY45-05_1--19,tongji,familiar,1.1094595991492195,5.993180118598582,7.490357251399253,0.4095135403196875,gate-table (battery-level split),-60.214923156308146,0.4095135403196875,3.132324942505057,True
tongji,tongji::Tongji1_CY45-05_1--2,tongji,familiar,1.2176232432673406,5.993180118598582,7.490357251399253,0.4095135403196875,gate-table (battery-level split),-59.96321739590761,0.4095135403196875,3.132324942505057,False
tongji,tongji::Tongji1_CY45-05_1--20,tongji,familiar,1.2191062826702734,5.993180118598582,7.490357251399253,0.4095135403196875,gate-table (battery-level split),-59.959603630006356,0.4095135403196875,3.132324942505057,True
tongji,tongji::Tongji1_CY45-05_1--21,tongji,familiar,1.075337733788364,5.993180118598582,7.490357251399253,0.4095135403196875,gate-table (battery-level split),-60.289472516743395,0.4095135403196875,3.132324942505057,True
tongji,tongji::Tongji1_CY45-05_1--22,tongji,familiar,1.362690010607628,5.993180118598582,7.490357251399253,0.4095135403196875,gate-table (battery-level split),-59.58889969344267,0.4095135403196875,3.132324942505057,True
tongji,tongji::Tongji1_CY45-05_1--23,tongji,familiar,1.1351994215673626,5.993180118598582,7.490357251399253,0.4095135403196875,gate-table (battery-level split),-60.15714603172562,0.4095135403196875,3.132324942505057,True
tongji,tongji::Tongji1_CY45-05_1--24,tongji,familiar,1.1305070507557817,5.993180118598582,7.490357251399253,0.4095135403196875,gate-table (battery-level split),-60.167777566643956,0.4095135403196875,3.132324942505057,False
tongji,tongji::Tongji1_CY45-05_1--25,tongji,familiar,1.26133252897085,5.993180118598582,7.490357251399253,0.4095135403196875,gate-table (battery-level split),-59.85486400981249,0.4095135403196875,3.132324942505057,True
tongji,tongji::Tongji1_CY45-05_1--26,tongji,familiar,1.130343389665094,5.993180118598582,7.490357251399253,0.4095135403196875,gate-table (battery-level split),-60.16814757989292,0.4095135403196875,3.132324942505057,True
tongji,tongji::Tongji1_CY45-05_1--27,tongji,familiar,1.0477480948045454,5.993180118598582,7.490357251399253,0.4095135403196875,gate-table (battery-level split),-60.34804768828594,0.4095135403196875,3.132324942505057,True
tongji,tongji::Tongji1_CY45-05_1--28,tongji,familiar,1.2083030559785668,5.993180118598582,7.490357251399253,0.4095135403196875,gate-table (battery-level split),-59.98582748336535,0.4095135403196875,3.132324942505057,True
tongji,tongji::Tongji1_CY45-05_1--3,tongji,familiar,1.8073576785695817,5.993180118598582,7.490357251399253,0.4095135403196875,gate-table (battery-level split),-58.179281980168064,0.4095135403196875,3.132324942505057,False
tongji,tongji::Tongji1_CY45-05_1--4,tongji,familiar,1.8354249070389825,5.993180118598582,7.490357251399253,0.4095135403196875,gate-table (battery-level split),-58.07703916907343,0.4095135403196875,3.132324942505057,True
tongji,tongji::Tongji1_CY45-05_1--5,tongji,familiar,1.3485092975329016,5.993180118598582,7.490357251399253,0.4095135403196875,gate-table (battery-level split),-59.62734643291981,0.4095135403196875,3.132324942505057,True
tongji,tongji::Tongji1_CY45-05_1--6,tongji,familiar,1.3207865905961982,5.993180118598582,7.490357251399253,0.4095135403196875,gate-table (battery-level split),-59.701346540553764,0.4095135403196875,3.132324942505057,True
tongji,tongji::Tongji1_CY45-05_1--7,tongji,familiar,1.2372374981902912,5.993180118598582,7.490357251399253,0.4095135403196875,gate-table (battery-level split),-59.91506713152432,0.4095135403196875,3.132324942505057,True
tongji,tongji::Tongji1_CY45-05_1--8,tongji,familiar,1.173369695280559,5.993180118598582,7.490357251399253,0.4095135403196875,gate-table (battery-level split),-60.0690273166497,0.4095135403196875,3.132324942505057,False
tongji,tongji::Tongji1_CY45-05_1--9,tongji,familiar,1.2810872882589148,5.993180118598582,7.490357251399253,0.4095135403196875,gate-table (battery-level split),-59.80463911831391,0.4095135403196875,3.132324942505057,True
tongji,tongji::Tongji2_CY25-05_1--1,tongji,familiar,1.2262554507814574,5.993180118598582,7.490357251399253,0.4095135403196875,gate-table (battery-level split),-59.94212132788125,0.4095135403196875,3.132324942505057,True
tongji,tongji::Tongji2_CY25-05_1--10,tongji,familiar,1.2861322237581312,5.993180118598582,7.490357251399253,0.4095135403196875,gate-table (battery-level split),-59.791687661463456,0.4095135403196875,3.132324942505057,True
tongji,tongji::Tongji2_CY25-05_1--11,tongji,familiar,1.2511259995576027,5.993180118598582,7.490357251399253,0.4095135403196875,gate-table (battery-level split),-59.88050749168348,0.4095135403196875,3.132324942505057,True
tongji,tongji::Tongji2_CY25-05_1--12,tongji,familiar,1.2211705236573949,5.993180118598582,7.490357251399253,0.4095135403196875,gate-table (battery-level split),-59.954566310602814,0.4095135403196875,3.132324942505057,False
tongji,tongji::Tongji2_CY25-05_1--13,tongji,familiar,1.11023732093703,5.993180118598582,7.490357251399253,0.4095135403196875,gate-table (battery-level split),-60.213196849651055,0.4095135403196875,3.132324942505057,True
tongji,tongji::Tongji2_CY25-05_1--14,tongji,familiar,1.6122120300656109,5.993180118598582,7.490357251399253,0.4095135403196875,gate-table (battery-level split),-58.846596128564215,0.4095135403196875,3.132324942505057,True
tongji,tongji::Tongji2_CY25-05_1--15,tongji,familiar,1.1882911235454237,5.993180118598582,7.490357251399253,0.4095135403196875,gate-table (battery-level split),-60.03378796415564,0.4095135403196875,3.132324942505057,True
tongji,tongji::Tongji2_CY25-05_1--16,tongji,familiar,1.204042167667188,5.993180118598582,7.490357251399253,0.4095135403196875,gate-table (battery-level split),-59.99610621693179,0.4095135403196875,3.132324942505057,True
tongji,tongji::Tongji2_CY25-05_1--17,tongji,familiar,1.1257131550086243,5.993180118598582,7.490357251399253,0.4095135403196875,gate-table (battery-level split),-60.17859365109302,0.4095135403196875,3.132324942505057,False
tongji,tongji::Tongji2_CY25-05_1--18,tongji,familiar,1.3114985513458381,5.993180118598582,7.490357251399253,0.4095135403196875,gate-table (battery-level split),-59.72579530827026,0.4095135403196875,3.132324942505057,True
tongji,tongji::Tongji2_CY25-05_1--19,tongji,familiar,1.294970822465703,5.993180118598582,7.490357251399253,0.4095135403196875,gate-table (battery-level split),-59.76887432741499,0.4095135403196875,3.132324942505057,True
tongji,tongji::Tongji2_CY25-05_1--2,tongji,familiar,1.2816869527994372,5.993180118598582,7.490357251399253,0.4095135403196875,gate-table (battery-level split),-59.80310231347618,0.4095135403196875,3.132324942505057,True
tongji,tongji::Tongji2_CY25-05_1--20,tongji,familiar,1.2423645391879565,5.993180118598582,7.490357251399253,0.4095135403196875,gate-table (battery-level split),-59.902354110220784,0.4095135403196875,3.132324942505057,True
tongji,tongji::Tongji2_CY25-05_1--21,tongji,familiar,1.3390221666583126,5.993180118598582,7.490357251399253,0.4095135403196875,gate-table (battery-level split),-59.652843395650166,0.4095135403196875,3.132324942505057,False
tongji,tongji::Tongji2_CY25-05_1--22,tongji,familiar,1.2347004604985605,5.993180118598582,7.490357251399253,0.4095135403196875,gate-table (battery-level split),-59.92133853129713,0.4095135403196875,3.132324942505057,True
tongji,tongji::Tongji2_CY25-05_1--23,tongji,familiar,1.2460637700331618,5.993180118598582,7.490357251399253,0.4095135403196875,gate-table (battery-level split),-59.89314883946324,0.4095135403196875,3.132324942505057,True
tongji,tongji::Tongji2_CY25-05_1--3,tongji,familiar,1.247178484783005,5.993180118598582,7.490357251399253,0.4095135403196875,gate-table (battery-level split),-59.89036958554686,0.4095135403196875,3.132324942505057,True
tongji,tongji::Tongji2_CY25-05_1--4,tongji,familiar,1.2126667457319968,5.993180118598582,7.490357251399253,0.4095135403196875,gate-table (battery-level split),-59.97526312224826,0.4095135403196875,3.132324942505057,True
tongji,tongji::Tongji2_CY25-05_1--5,tongji,familiar,1.1204360725047466,5.993180118598582,7.490357251399253,0.4095135403196875,gate-table (battery-level split),-60.190446765882626,0.4095135403196875,3.132324942505057,False
tongji,tongji::Tongji2_CY25-05_1--6,tongji,familiar,1.2997960319329769,5.993180118598582,7.490357251399253,0.4095135403196875,gate-table (battery-level split),-59.756354033823776,0.4095135403196875,3.132324942505057,True
tongji,tongji::Tongji2_CY25-05_1--7,tongji,familiar,1.3118782775343618,5.993180118598582,7.490357251399253,0.4095135403196875,gate-table (battery-level split),-59.724799143385965,0.4095135403196875,3.132324942505057,True
tongji,tongji::Tongji2_CY25-05_1--8,tongji,familiar,1.205549759711068,5.993180118598582,7.490357251399253,0.4095135403196875,gate-table (battery-level split),-59.992473535313074,0.4095135403196875,3.132324942505057,True
tongji,tongji::Tongji2_CY25-05_1--9,tongji,familiar,1.2654108316374395,5.993180118598582,7.490357251399253,0.4095135403196875,gate-table (battery-level split),-59.84455918562713,0.4095135403196875,3.132324942505057,True
tongji,tongji::Tongji2_CY35-05_1--1,tongji,familiar,2.015411421787254,5.993180118598582,7.490357251399253,0.4095135403196875,gate-table (battery-level split),-57.38394055938197,0.4095135403196875,3.132324942505057,False
tongji,tongji::Tongji2_CY35-05_1--2,tongji,familiar,2.2204915349600474,5.993180118598582,7.490357251399253,0.4095135403196875,gate-table (battery-level split),-56.51524110162326,0.4095135403196875,3.132324942505057,True
tongji,tongji::Tongji2_CY35-05_1--3,tongji,familiar,2.1867279416783525,5.993180118598582,7.490357251399253,0.4095135403196875,gate-table (battery-level split),-56.66404466753565,0.4095135403196875,3.132324942505057,True
tongji,tongji::Tongji2_CY35-05_1--4,tongji,familiar,2.0400611377822444,5.993180118598582,7.490357251399253,0.4095135403196875,gate-table (battery-level split),-57.2839743125631,0.4095135403196875,3.132324942505057,True
tongji,tongji::Tongji2_CY45-05_1--1,tongji,familiar,1.1155993763586811,5.993180118598582,7.490357251399253,0.4095135403196875,gate-table (battery-level split),-60.201261789920615,0.4095135403196875,3.132324942505057,True
tongji,tongji::Tongji2_CY45-05_1--10,tongji,familiar,1.0735618768303463,5.993180118598582,7.490357251399253,0.4095135403196875,gate-table (battery-level split),-60.29328865506899,0.4095135403196875,3.132324942505057,False
tongji,tongji::Tongji2_CY45-05_1--11,tongji,familiar,1.424895613596236,5.993180118598582,7.490357251399253,0.4095135403196875,gate-table (battery-level split),-59.4154962488067,0.4095135403196875,3.132324942505057,True
tongji,tongji::Tongji2_CY45-05_1--12,tongji,familiar,1.5704890226101225,5.993180118598582,7.490357251399253,0.4095135403196875,gate-table (battery-level split),-58.97938798831359,0.4095135403196875,3.132324942505057,True
tongji,tongji::Tongji2_CY45-05_1--13,tongji,familiar,1.5658827051377002,5.993180118598582,7.490357251399253,0.4095135403196875,gate-table (battery-level split),-58.99383511220313,0.4095135403196875,3.132324942505057,True
tongji,tongji::Tongji2_CY45-05_1--14,tongji,familiar,1.5824384928124857,5.993180118598582,7.490357251399253,0.4095135403196875,gate-table (battery-level split),-58.94171217491784,0.4095135403196875,3.132324942505057,True
tongji,tongji::Tongji2_CY45-05_1--15,tongji,familiar,1.2381212021633659,5.993180118598582,7.490357251399253,0.4095135403196875,gate-table (battery-level split),-59.91287964720603,0.4095135403196875,3.132324942505057,False
tongji,tongji::Tongji2_CY45-05_1--16,tongji,familiar,1.2358551985630704,5.993180118598582,7.490357251399253,0.4095135403196875,gate-table (battery-level split),-59.918485686637126,0.4095135403196875,3.132324942505057,True
tongji,tongji::Tongji2_CY45-05_1--17,tongji,familiar,1.2771880172040457,5.993180118598582,7.490357251399253,0.4095135403196875,gate-table (battery-level split),-59.81461452716289,0.4095135403196875,3.132324942505057,True
tongji,tongji::Tongji2_CY45-05_1--18,tongji,familiar,1.124090737629366,5.993180118598582,7.490357251399253,0.4095135403196875,gate-table (battery-level split),-60.18224377202836,0.4095135403196875,3.132324942505057,True
tongji,tongji::Tongji2_CY45-05_1--19,tongji,familiar,1.4259142455808866,5.993180118598582,7.490357251399253,0.4095135403196875,gate-table (battery-level split),-59.41259232270198,0.4095135403196875,3.132324942505057,True
tongji,tongji::Tongji2_CY45-05_1--2,tongji,familiar,1.1452442916953067,5.993180118598582,7.490357251399253,0.4095135403196875,gate-table (battery-level split),-60.13423927079181,0.4095135403196875,3.132324942505057,False
tongji,tongji::Tongji2_CY45-05_1--20,tongji,familiar,1.437403541755532,5.993180118598582,7.490357251399253,0.4095135403196875,gate-table (battery-level split),-59.379694816601145,0.4095135403196875,3.132324942505057,True
tongji,tongji::Tongji2_CY45-05_1--21,tongji,familiar,1.6650656738409149,5.993180118598582,7.490357251399253,0.4095135403196875,gate-table (battery-level split),-58.673380060249194,0.4095135403196875,3.132324942505057,True
tongji,tongji::Tongji2_CY45-05_1--22,tongji,familiar,1.5708237500099014,5.993180118598582,7.490357251399253,0.4095135403196875,gate-table (battery-level split),-58.978336504857324,0.4095135403196875,3.132324942505057,True
tongji,tongji::Tongji2_CY45-05_1--23,tongji,familiar,1.540776142817992,5.993180118598582,7.490357251399253,0.4095135403196875,gate-table (battery-level split),-59.0718326361754,0.4095135403196875,3.132324942505057,True
tongji,tongji::Tongji2_CY45-05_1--24,tongji,familiar,1.5802660127552957,5.993180118598582,7.490357251399253,0.4095135403196875,gate-table (battery-level split),-58.94858308738297,0.4095135403196875,3.132324942505057,False
tongji,tongji::Tongji2_CY45-05_1--25,tongji,familiar,1.7708313820553085,5.993180118598582,7.490357251399253,0.4095135403196875,gate-table (battery-level split),-58.309979974780575,0.4095135403196875,3.132324942505057,True
tongji,tongji::Tongji2_CY45-05_1--26,tongji,familiar,1.5526806120472767,5.993180118598582,7.490357251399253,0.4095135403196875,gate-table (battery-level split),-59.03500667542499,0.4095135403196875,3.132324942505057,True
tongji,tongji::Tongji2_CY45-05_1--27,tongji,familiar,1.742088328506243,5.993180118598582,7.490357251399253,0.4095135403196875,gate-table (battery-level split),-58.410952014134814,0.4095135403196875,3.132324942505057,True
tongji,tongji::Tongji2_CY45-05_1--28,tongji,familiar,1.6276417346782652,5.993180118598582,7.490357251399253,0.4095135403196875,gate-table (battery-level split),-58.79660614198602,0.4095135403196875,3.132324942505057,True
tongji,tongji::Tongji2_CY45-05_1--3,tongji,familiar,1.5693694335825117,5.993180118598582,7.490357251399253,0.4095135403196875,gate-table (battery-level split),-58.982903339389395,0.4095135403196875,3.132324942505057,False
tongji,tongji::Tongji2_CY45-05_1--4,tongji,familiar,1.5203858718027046,5.993180118598582,7.490357251399253,0.4095135403196875,gate-table (battery-level split),-59.13425055927522,0.4095135403196875,3.132324942505057,True
tongji,tongji::Tongji2_CY45-05_1--5,tongji,familiar,1.598183504245684,5.993180118598582,7.490357251399253,0.4095135403196875,gate-table (battery-level split),-58.891633245209476,0.4095135403196875,3.132324942505057,True
tongji,tongji::Tongji2_CY45-05_1--6,tongji,familiar,1.513831325989605,5.993180118598582,7.490357251399253,0.4095135403196875,gate-table (battery-level split),-59.15413847490505,0.4095135403196875,3.132324942505057,True
tongji,tongji::Tongji2_CY45-05_1--7,tongji,familiar,1.1043993460127524,5.993180118598582,7.490357251399253,0.4095135403196875,gate-table (battery-level split),-60.226125842979094,0.4095135403196875,3.132324942505057,True
tongji,tongji::Tongji2_CY45-05_1--8,tongji,familiar,1.1406868719614387,5.993180118598582,7.490357251399253,0.4095135403196875,gate-table (battery-level split),-60.14465721858732,0.4095135403196875,3.132324942505057,False
tongji,tongji::Tongji2_CY45-05_1--9,tongji,familiar,1.1088622113799431,5.993180118598582,7.490357251399253,0.4095135403196875,gate-table (battery-level split),-60.216248354626075,0.4095135403196875,3.132324942505057,True
tongji,tongji::Tongji3_CY25-05_1--1,tongji,familiar,4.946136636364179,5.993180118598582,7.490357251399253,0.4095135403196875,gate-table (battery-level split),-36.98155613286853,0.4095135403196875,3.132324942505057,True
tongji,tongji::Tongji3_CY25-05_1--2,tongji,familiar,4.880500835489992,5.993180118598582,7.490357251399253,0.4095135403196875,gate-table (battery-level split),-37.626535353233976,0.4095135403196875,3.132324942505057,True
tongji,tongji::Tongji3_CY25-05_1--3,tongji,familiar,4.9914112206534424,5.993180118598582,7.490357251399253,0.4095135403196875,gate-table (battery-level split),-36.5316377847874,0.4095135403196875,3.132324942505057,True
tongji,tongji::Tongji3_CY25-05_2--1,tongji,familiar,4.6065900952243375,5.993180118598582,7.490357251399253,0.4095135403196875,gate-table (battery-level split),-40.22515145303352,0.4095135403196875,3.132324942505057,False
tongji,tongji::Tongji3_CY25-05_2--2,tongji,familiar,4.733409155307457,5.993180118598582,7.490357251399253,0.4095135403196875,gate-table (battery-level split),-39.040661526904046,0.4095135403196875,3.132324942505057,True
tongji,tongji::Tongji3_CY25-05_2--3,tongji,familiar,4.7292702863338745,5.993180118598582,7.490357251399253,0.4095135403196875,gate-table (battery-level split),-39.079826317252,0.4095135403196875,3.132324942505057,True
tongji,tongji::Tongji3_CY25-05_4--1,tongji,unfamiliar,7.649235898124082,5.993180118598582,7.490357251399253,3.132324942505057,"LODO family-holdout (held-out SOURCE, stricter)",-2.935013933302365,0.4095135403196875,3.132324942505057,True
tongji,tongji::Tongji3_CY25-05_4--2,tongji,unfamiliar,7.704837673385241,5.993180118598582,7.490357251399253,3.132324942505057,"LODO family-holdout (held-out SOURCE, stricter)",-2.081300185235996,0.4095135403196875,3.132324942505057,True
tongji,tongji::Tongji3_CY25-05_4--3,tongji,unfamiliar,7.8353507375134495,5.993180118598582,7.490357251399253,3.132324942505057,"LODO family-holdout (held-out SOURCE, stricter)",-0.05310257859993328,0.4095135403196875,3.132324942505057,False
