dataset,battery_id,cycle_idx,SOH,pred_VLSTM,pred_CNNLSTM,pred_PiFormer,pred_XGBoost
NASA,B0007,1,100.552444,88.31038,92.23439,91.581245,88.260666
NASA,B0007,2,99.998634,88.775024,91.23087,92.59485,92.11536
NASA,B0007,3,100.0,88.99173,91.707504,92.917145,91.98885
NASA,B0007,4,100.00575,89.38353,91.771576,93.23176,87.98743
NASA,B0007,5,99.93556,89.31201,92.82336,91.916534,87.6481
NASA,B0007,6,100.00201,89.68143,87.21414,92.22371,93.33524
NASA,B0007,7,99.96132,89.353,92.34655,91.36961,92.11126
NASA,B0007,8,100.04499,90.471535,93.55765,91.15954,94.15391
NASA,B0007,9,99.416595,91.239586,94.43801,81.70015,92.20552
NASA,B0007,10,99.43582,91.29296,94.359764,89.14301,88.03082
NASA,B0007,11,99.43539,92.45143,94.65074,87.26878,92.1659
NASA,B0007,12,98.8828,93.36753,92.43326,93.957115,89.25017
NASA,B0007,13,98.852104,94.864944,94.65496,90.19901,92.22373
NASA,B0007,14,98.84859,94.53933,94.69559,89.83082,87.8013
NASA,B0007,15,98.8674,94.28576,93.60435,91.91311,94.28419
NASA,B0007,16,98.834076,95.547714,93.76374,91.70812,94.88756
NASA,B0007,17,98.25352,97.36428,94.75592,91.34974,92.548134
NASA,B0007,18,98.29117,96.64152,93.753044,92.245766,94.85408
NASA,B0007,19,98.28339,97.06977,94.610504,91.314156,92.327805
NASA,B0007,20,100.00627,91.049576,92.56504,93.402534,84.49163
NASA,B0007,21,100.043045,92.86575,94.49705,92.35479,87.27433
NASA,B0007,22,100.02301,92.643875,93.758156,92.26215,91.07352
NASA,B0007,23,99.48669,94.89834,94.08022,91.65668,89.78672
NASA,B0007,24,99.44364,93.49943,89.17601,96.58718,87.156876
NASA,B0007,25,99.46874,96.97391,91.32808,95.246025,93.4936
NASA,B0007,26,98.8807,97.35391,94.60428,91.87261,90.32573
NASA,B0007,27,98.903114,96.745346,90.887375,95.138245,93.46983
NASA,B0007,28,98.856926,97.170845,87.81038,95.69168,86.516174
NASA,B0007,29,98.27067,97.38312,92.16818,94.92584,86.83467
NASA,B0007,30,98.32713,96.99945,92.13491,94.33961,92.23653
NASA,B0007,31,100.149155,94.874504,93.40071,91.281425,90.97965
NASA,B0007,32,99.051315,96.69841,89.65162,94.983986,93.15302
NASA,B0007,33,98.480446,96.55197,91.939125,94.06124,92.94795
NASA,B0007,34,98.20743,97.016045,91.13064,95.21742,91.76817
NASA,B0007,35,97.66921,96.75503,91.05481,94.97297,91.86612
NASA,B0007,36,97.68695,96.98228,90.85268,95.16974,91.37883
NASA,B0007,37,97.39504,97.19474,89.4683,95.46948,86.63127
NASA,B0007,38,96.835396,96.725296,90.23912,94.96746,91.84517
NASA,B0007,39,96.588615,97.02321,91.47079,94.755554,91.67446
NASA,B0007,40,96.31613,96.82775,93.80191,92.53492,91.76225
NASA,B0007,41,96.32805,97.10382,90.98345,95.00562,86.18018
NASA,B0007,42,96.0329,97.05464,94.16859,92.19165,87.03118
NASA,B0007,43,96.41305,97.26475,92.33135,93.789856,87.71552
NASA,B0007,44,96.04403,97.24561,91.34808,95.059555,86.376564
NASA,B0007,45,95.489265,97.40962,91.18921,95.105995,85.95838
NASA,B0007,46,94.96043,97.118385,87.290146,95.03432,91.63148
NASA,B0007,47,94.66487,97.338776,93.505684,93.20394,85.85233
NASA,B0007,48,96.51256,96.731926,91.39189,94.1244,90.38315
NASA,B0007,49,96.54589,96.549866,92.341576,93.91222,93.75127
NASA,B0007,50,95.72388,96.691734,91.53665,94.403915,89.99208
NASA,B0007,51,95.20302,96.97789,89.36887,94.83397,88.6006
NASA,B0007,52,94.665726,95.13664,88.90438,95.49141,86.9414
NASA,B0007,53,94.39911,95.5056,92.099846,93.198,88.77385
NASA,B0007,54,94.129745,95.04653,92.3097,94.193665,85.22337
NASA,B0007,55,93.58835,93.99925,89.59499,95.93748,86.53886
NASA,B0007,56,93.03357,94.39327,92.23327,93.60893,85.14201
NASA,B0007,57,93.0337,94.305115,90.45731,95.66469,85.27172
NASA,B0007,58,92.78797,93.278435,94.33417,88.58209,84.81076
NASA,B0007,59,92.50174,93.21003,92.38277,93.072624,84.613846
NASA,B0007,60,91.912506,92.06809,94.64676,86.04155,84.48948
NASA,B0007,61,91.66451,91.89016,91.61754,94.71885,87.46552
NASA,B0007,62,91.13696,90.86124,93.48491,89.87907,85.351265
NASA,B0007,63,91.136505,90.98512,94.41949,87.14515,84.61148
NASA,B0007,64,90.58786,90.78555,92.20822,92.879906,84.607216
NASA,B0007,65,90.60709,90.02313,93.54067,89.85587,85.43666
NASA,B0007,66,90.05186,89.72837,90.13209,95.07519,86.33997
NASA,B0007,67,89.7374,89.5201,92.94555,90.33808,79.646774
NASA,B0007,68,89.49369,89.46142,91.077614,94.86445,79.70136
NASA,B0007,69,89.219986,89.38944,92.442665,90.28305,78.99536
NASA,B0007,70,88.96896,89.210014,92.703384,89.81053,81.21766
NASA,B0007,71,88.66219,89.147026,90.98347,94.26239,79.02274
NASA,B0007,72,88.38726,88.62722,90.8646,94.27025,78.29459
NASA,B0007,73,88.12981,88.31573,92.21318,90.10094,78.212425
NASA,B0007,74,87.87002,88.1321,93.68926,86.81328,77.54685
NASA,B0007,75,87.587074,88.172714,93.18339,87.255,78.52294
NASA,B0007,76,87.01261,87.76326,88.41959,94.80203,79.35444
NASA,B0007,77,87.004196,87.70617,88.28276,94.55894,79.28449
NASA,B0007,78,87.26282,87.88449,91.773865,92.24508,78.40443
NASA,B0007,79,86.755066,87.913956,92.069496,89.44982,79.55385
NASA,B0007,80,86.20436,87.2434,90.14906,94.67487,79.67663
NASA,B0007,81,85.94988,87.61454,91.23389,92.39928,80.187874
NASA,B0007,82,85.91778,87.31389,90.657585,93.762535,79.67965
NASA,B0007,83,85.96567,87.84925,89.412384,93.93471,80.56284
NASA,B0007,84,85.654144,87.696304,89.962944,93.63903,80.72008
NASA,B0007,85,85.1115,87.19607,90.777466,92.78581,80.82976
NASA,B0007,86,84.859314,86.51263,90.39161,93.508255,79.950516
NASA,B0007,87,84.87529,87.49205,90.887825,91.28314,80.615654
NASA,B0007,88,84.85342,87.26024,90.10553,93.11326,80.78361
NASA,B0007,89,84.57927,86.40772,90.15037,92.74977,80.46252
NASA,B0007,90,89.799255,89.38512,92.38965,91.188515,79.48795
NASA,B0007,91,86.45856,88.150475,92.19252,91.452965,78.71445
NASA,B0007,92,85.91351,87.23187,92.576904,89.33327,78.64736
NASA,B0007,93,85.377495,86.84901,92.11682,89.437035,79.663445
NASA,B0007,94,84.80919,87.37745,93.46988,84.31971,80.49038
NASA,B0007,95,84.56648,86.94739,91.86053,89.280106,80.57528
NASA,B0007,96,84.29751,86.9772,90.591,93.518425,80.49038
NASA,B0007,97,84.01154,86.91679,88.47661,93.84614,80.70575
NASA,B0007,98,83.7587,86.9076,92.27868,85.36282,80.79114
NASA,B0007,99,83.4705,86.87744,91.49806,89.49879,80.70575
NASA,B0007,100,83.49485,87.204414,92.39572,84.62422,81.301544
NASA,B0007,101,83.22864,86.00818,92.1767,84.63839,80.6967
NASA,B0007,102,82.93002,86.35413,92.216255,84.84114,80.603615
NASA,B0007,103,83.21439,86.344,91.36364,89.35281,80.962074
NASA,B0007,104,83.74599,86.6356,90.271614,93.89167,80.25348
NASA,B0007,105,83.23029,86.169334,92.302216,84.907135,80.051704
NASA,B0007,106,82.936485,87.088135,93.137245,82.791626,81.21395
NASA,B0007,107,82.412315,85.93281,93.09071,84.62529,80.008224
NASA,B0007,108,82.092186,86.66696,91.74095,85.275345,80.99263
NASA,B0007,109,82.15289,86.140564,91.90516,86.34776,80.92851
NASA,B0007,110,82.13031,86.70703,92.089325,77.23791,80.99968
NASA,B0007,111,81.583405,86.2499,90.287384,92.47237,80.712776
NASA,B0007,112,81.28839,86.26384,92.61906,81.86149,80.99263
NASA,B0007,113,81.297195,86.051674,88.57577,92.10269,81.20888
NASA,B0007,114,81.306,85.517166,92.776665,80.6999,80.69329
NASA,B0007,115,81.030266,85.64236,86.884315,83.77163,80.66568
NASA,B0007,116,80.751724,85.78189,90.66467,89.51822,80.838745
NASA,B0007,117,80.48483,85.7093,91.82453,84.31322,80.6865
NASA,B0007,118,80.48254,85.64741,88.57967,91.240715,80.99426
NASA,B0007,119,80.500725,85.53859,93.13673,79.25073,80.912834
NASA,B0007,120,81.564865,85.68942,93.16482,85.26937,80.66716
NASA,B0007,121,81.84016,86.95585,90.550316,91.3567,80.28909
NASA,B0007,122,81.01531,85.7752,91.91506,84.61401,80.46916
NASA,B0007,123,80.48128,86.005905,88.458336,92.80372,81.11684
NASA,B0007,124,80.17307,85.9953,92.122856,75.10222,81.333725
NASA,B0007,125,79.92906,85.86911,91.56312,83.75676,81.35591
NASA,B0007,126,79.64331,86.07163,90.503845,89.547745,81.376076
NASA,B0007,127,79.37886,85.94705,91.26199,85.13539,81.73554
NASA,B0007,128,79.355774,85.87289,91.51109,82.3734,76.48648
NASA,B0007,129,79.093544,85.04162,90.740204,85.6853,74.85611
NASA,B0007,130,78.83047,85.32578,91.16893,85.33572,74.87291
NASA,B0007,131,78.84388,85.544365,91.20314,82.0787,75.69811
NASA,B0007,132,78.534615,84.87522,88.53098,90.17249,75.52502
NASA,B0007,133,78.796776,85.70525,90.92273,84.1248,75.79164
NASA,B0007,134,79.66004,86.07823,90.06216,89.34218,74.85908
NASA,B0007,135,78.80613,85.59789,91.141106,83.385704,81.28583
NASA,B0007,136,78.54229,84.842606,90.60504,82.99257,75.611534
NASA,B0007,137,78.27439,84.65711,91.307495,81.47313,75.24699
NASA,B0007,138,78.28347,85.14622,90.15522,87.3571,75.81421
NASA,B0007,139,78.00499,84.804146,91.24194,81.94103,75.57314
NASA,B0007,140,77.72618,84.69737,90.50911,84.54497,75.760216
NASA,B0007,141,77.45649,84.306244,91.53495,78.323456,75.49588
NASA,B0007,142,77.17253,83.67452,90.79675,80.21809,75.85927
NASA,B0007,143,77.18641,83.84913,91.24724,78.133224,75.89449
NASA,B0007,144,76.93119,83.92811,90.53976,80.721245,76.05825
NASA,B0007,145,76.92805,83.16414,90.8577,76.90517,75.654305
NASA,B0007,146,76.64212,82.921555,87.633095,86.8631,75.35051
NASA,B0007,147,76.369125,82.33089,90.38934,79.31702,75.7969
NASA,B0007,148,76.39942,82.39241,90.41513,77.79124,75.66214
NASA,B0007,149,76.37173,82.99045,91.446236,75.2473,75.821915
NASA,B0007,150,76.66753,83.181595,91.037224,76.292694,75.59996
NASA,B0007,151,78.01539,85.44004,89.65249,80.37499,75.70087
NASA,B0007,152,77.1996,84.49417,91.469345,77.368835,75.300865
NASA,B0007,153,76.9483,84.214584,90.8418,77.70678,75.94491
NASA,B0007,154,76.66396,83.20699,90.36519,78.23573,75.93905
NASA,B0007,155,76.12375,82.849014,91.02869,75.283676,75.601
NASA,B0007,156,76.13319,82.38224,90.64223,76.40152,75.26715
NASA,B0007,157,75.83796,82.55573,89.47883,85.65467,75.601
NASA,B0007,158,75.829,81.591805,88.85803,85.50921,76.039536
NASA,B0007,159,75.57248,82.06094,90.51084,77.566185,75.63725
NASA,B0007,160,75.31001,81.379456,86.77826,76.22159,75.88726
NASA,B0007,161,75.32336,81.874146,90.70631,74.87903,75.7366
NASA,B0007,162,75.01825,81.13055,90.02825,77.366035,76.1381
NASA,B0007,163,75.02648,80.75765,90.835556,72.947655,75.77588
NASA,B0007,164,74.77,80.76857,90.06405,78.46131,76.13479
NASA,B0007,165,74.77874,80.64816,90.14499,74.83319,75.67093
NASA,B0007,166,74.46605,79.69325,89.95551,75.47849,76.247696
NASA,B0007,167,75.600296,83.40003,90.472305,78.86559,76.70992
NASA,B0007,168,76.16758,84.062485,90.88493,78.995766,75.84386
MIT,b1c41,1,99.87756,100.06377,97.267235,100.373604,100.29209
MIT,b1c41,2,100.0,99.96322,98.594536,100.43994,100.321815
MIT,b1c41,3,100.070946,100.07138,98.57906,100.654915,100.21844
MIT,b1c41,4,100.13239,99.988174,98.56176,100.45608,100.332535
MIT,b1c41,5,100.160774,100.00352,98.57713,100.428986,100.3412
MIT,b1c41,6,100.18782,100.014244,98.5988,100.45979,100.33875
MIT,b1c41,7,100.20442,100.02707,98.58253,100.49747,100.35486
MIT,b1c41,8,100.21725,100.14687,98.5051,100.59608,100.27658
MIT,b1c41,9,100.22804,100.16892,98.53355,100.67635,100.30936
MIT,b1c41,10,100.24611,100.05612,98.51793,100.48174,100.29942
MIT,b1c41,11,100.25205,100.01721,98.565056,100.612015,100.28792
MIT,b1c41,12,100.25253,100.124275,97.12453,100.555275,100.19993
MIT,b1c41,13,100.25201,100.15138,98.539185,100.65883,100.372894
MIT,b1c41,14,100.25447,99.97359,98.56859,100.504005,100.28581
MIT,b1c41,15,100.25177,100.02039,98.59808,100.53047,100.37684
MIT,b1c41,16,100.257866,100.028206,98.57127,100.49679,100.36522
MIT,b1c41,17,100.257065,100.12646,97.17123,100.5371,100.36687
MIT,b1c41,18,100.262634,100.00563,98.54525,100.50496,100.36203
MIT,b1c41,19,100.266205,100.016075,98.56653,100.517204,100.22811
MIT,b1c41,20,100.26219,100.13499,97.31597,100.55823,100.398705
MIT,b1c41,21,100.262314,100.23834,98.508415,100.66536,100.39917
MIT,b1c41,22,100.2659,100.173035,98.50315,100.60044,100.39479
MIT,b1c41,23,100.25857,100.11106,97.04985,100.445244,100.3616
MIT,b1c41,24,100.260666,99.983185,98.541245,100.50227,100.362366
MIT,b1c41,25,100.26518,100.12154,97.07242,100.5351,100.30784
MIT,b1c41,26,100.269875,100.10746,96.99478,100.549034,100.397675
MIT,b1c41,27,100.275955,100.15571,98.511536,100.6494,100.373924
MIT,b1c41,28,100.27666,100.16431,98.509995,100.58473,100.37679
MIT,b1c41,29,100.27716,99.97703,98.54603,100.42135,100.33984
MIT,b1c41,30,100.28154,100.1134,98.5264,100.55862,100.41678
MIT,b1c41,31,100.27959,99.911514,98.580986,100.478264,100.2464
MIT,b1c41,32,100.28542,99.92277,98.606674,100.399704,100.37988
MIT,b1c41,33,100.291534,100.13077,98.54666,100.65958,100.37491
MIT,b1c41,34,100.28984,99.95504,98.53195,100.53267,100.28762
MIT,b1c41,35,100.29596,100.11085,97.0973,100.56627,100.34501
MIT,b1c41,36,100.29861,99.964134,98.57724,100.4858,100.20577
MIT,b1c41,37,100.29158,99.92975,98.55601,100.475395,100.308426
MIT,b1c41,38,100.290146,99.91127,98.52617,100.45882,100.31415
MIT,b1c41,39,100.288315,99.903595,98.54214,100.40645,100.32046
MIT,b1c41,40,100.28295,100.1237,98.49224,100.58327,100.30258
MIT,b1c41,41,100.27509,100.08227,96.941795,100.47351,100.296906
MIT,b1c41,42,100.27348,99.87151,98.53592,100.38697,100.371284
MIT,b1c41,43,100.274315,99.94524,98.54777,100.51807,100.3624
MIT,b1c41,44,100.27402,100.09293,97.282326,100.56635,100.38231
MIT,b1c41,45,100.272,99.88582,98.51457,100.52268,100.38153
MIT,b1c41,46,100.27131,99.90074,98.514565,100.41473,100.38652
MIT,b1c41,47,100.268265,100.11224,98.50296,100.56798,100.37074
MIT,b1c41,48,100.27169,99.845215,98.51817,100.43776,100.378685
MIT,b1c41,49,100.289795,99.92533,98.489,100.43522,100.26132
MIT,b1c41,50,100.30888,100.226944,98.44264,100.49036,100.04367
MIT,b1c41,51,100.32582,100.07536,98.4099,100.33285,100.076294
MIT,b1c41,52,100.33184,100.07913,98.423805,100.30503,100.058914
MIT,b1c41,53,100.32504,99.96144,98.54334,100.340675,99.99066
MIT,b1c41,54,100.27774,100.08376,98.51213,100.5137,100.30003
MIT,b1c41,55,100.27638,100.10166,98.462746,100.604576,100.28668
MIT,b1c41,56,100.277176,100.075905,97.06021,100.41568,100.36688
MIT,b1c41,57,100.27775,99.8574,98.520454,100.417694,100.37371
MIT,b1c41,58,100.27774,99.888504,98.55221,100.49475,100.37236
MIT,b1c41,59,100.277985,99.838936,98.547905,100.46994,100.29452
MIT,b1c41,60,100.273926,99.855095,98.492325,100.32342,100.37311
MIT,b1c41,61,100.27216,99.84182,98.54624,100.408134,100.29167
MIT,b1c41,62,100.27165,99.85245,98.53066,100.45439,100.339165
MIT,b1c41,63,100.26727,100.04701,96.99332,100.43309,100.304405
MIT,b1c41,64,100.261894,99.85591,98.48432,100.36166,100.248215
MIT,b1c41,65,100.26165,100.053665,98.51838,100.56349,100.29942
MIT,b1c41,66,100.255684,100.055115,98.45018,100.509735,100.308464
MIT,b1c41,67,100.25039,100.036606,96.73462,100.41024,100.288315
MIT,b1c41,68,100.24901,99.8158,98.48998,100.32944,100.36864
MIT,b1c41,69,100.246315,99.83283,98.47422,100.41665,100.293625
MIT,b1c41,70,100.24424,100.04577,96.9346,100.47207,100.37303
MIT,b1c41,71,100.243324,99.794334,98.478485,100.421455,100.36514
MIT,b1c41,72,100.23919,100.06099,96.79079,100.53337,100.37254
MIT,b1c41,73,100.2376,99.986565,98.46022,100.51302,100.37553
MIT,b1c41,74,100.23581,99.84463,98.469055,100.446884,100.32873
MIT,b1c41,75,100.23334,99.8576,98.47578,100.37749,100.33322
MIT,b1c41,76,100.23264,100.024826,98.4545,100.50101,100.359726
MIT,b1c41,77,100.23172,100.04222,97.02953,100.48153,100.36412
MIT,b1c41,78,100.22316,100.04748,98.47571,100.5184,100.36713
MIT,b1c41,79,100.22462,100.020386,98.508865,100.576164,100.3644
MIT,b1c41,80,100.22336,99.81618,98.49918,100.367004,100.31752
MIT,b1c41,81,100.22022,99.814766,98.520905,100.26926,100.34372
MIT,b1c41,82,100.21777,100.04668,97.193054,100.51642,100.331985
MIT,b1c41,83,100.21899,100.017365,98.4747,100.52783,100.333015
MIT,b1c41,84,100.211296,99.834496,98.52371,100.33437,100.303406
MIT,b1c41,85,100.20879,99.82178,98.48111,100.16122,100.331985
MIT,b1c41,86,100.207596,99.763954,98.45505,100.391975,100.33771
MIT,b1c41,87,100.20391,99.75562,98.5233,100.275734,100.3377
MIT,b1c41,88,100.19833,99.79021,98.50075,100.29953,100.23532
MIT,b1c41,89,100.19605,99.81744,98.5416,100.399414,100.18514
MIT,b1c41,90,100.196205,99.83624,98.51119,100.25769,100.31961
MIT,b1c41,91,100.200386,99.79311,98.51009,100.209595,100.28304
MIT,b1c41,92,100.199234,100.01989,98.4465,100.41589,100.258194
MIT,b1c41,93,100.196396,99.99618,98.432755,100.390366,100.27071
MIT,b1c41,94,100.1886,99.96176,98.447784,100.44576,100.253784
MIT,b1c41,95,100.183624,99.952644,98.39442,100.327515,100.26191
MIT,b1c41,96,100.18314,100.01847,96.83907,100.431625,100.253784
MIT,b1c41,97,100.18221,100.02126,96.8717,100.49262,100.253784
MIT,b1c41,98,100.17733,99.7827,98.46348,100.1281,100.253784
MIT,b1c41,99,100.174446,99.79329,98.512436,100.366745,100.201965
MIT,b1c41,100,100.17262,99.765755,98.462585,100.31638,100.24389
MIT,b1c41,101,100.16589,99.78445,98.47909,100.26813,100.336044
MIT,b1c41,102,100.16508,99.96189,98.444595,100.29817,100.24806
MIT,b1c41,103,100.15874,100.038574,98.48444,100.5288,100.23205
MIT,b1c41,104,100.15587,99.99579,96.85527,100.30637,100.18532
MIT,b1c41,105,100.14928,99.99419,96.48587,100.47496,100.21932
MIT,b1c41,106,100.14956,99.95888,98.51271,100.22804,100.22451
MIT,b1c41,107,100.14906,99.79429,98.48831,100.25477,100.225044
MIT,b1c41,108,100.14764,100.016106,96.78294,100.39218,100.169655
MIT,b1c41,109,100.14582,99.9803,98.49962,100.4334,100.29578
MIT,b1c41,110,100.14183,99.77952,98.47554,100.143936,100.225044
MIT,b1c41,111,100.14377,99.745,98.517235,100.22918,100.226456
MIT,b1c41,112,100.13691,99.74324,98.48618,100.09316,100.225044
MIT,b1c41,113,100.13177,99.75177,98.46261,100.217064,100.2849
MIT,b1c41,114,100.12897,99.99654,98.449356,100.32359,100.21709
MIT,b1c41,115,100.12809,99.99331,97.10117,100.480606,100.313576
MIT,b1c41,116,100.12975,99.734215,98.4586,100.190994,100.21769
MIT,b1c41,117,100.126076,99.971855,98.416885,100.27623,100.21179
MIT,b1c41,118,100.12424,99.765434,98.49448,100.35148,100.206665
MIT,b1c41,119,100.1258,99.98267,98.42254,100.33172,100.21479
MIT,b1c41,120,100.12451,99.72755,98.43629,100.15159,100.13888
MIT,b1c41,121,100.11566,99.971115,98.42647,100.25074,100.16325
MIT,b1c41,122,100.10832,99.65942,98.46584,100.11524,100.15284
MIT,b1c41,123,100.100105,99.73179,98.49261,100.171875,100.22841
MIT,b1c41,124,100.096825,99.70524,98.42539,100.06678,100.13343
MIT,b1c41,125,100.09325,99.95209,98.43412,100.32968,100.278786
MIT,b1c41,126,100.087776,99.70905,98.48049,100.13897,100.27386
MIT,b1c41,127,100.086914,99.6657,98.4339,100.08589,100.21412
MIT,b1c41,128,100.080284,99.70415,98.46146,100.122284,100.159935
MIT,b1c41,129,100.07543,99.698654,98.43993,100.06154,100.2137
MIT,b1c41,130,100.07077,99.943535,96.73749,100.269035,100.1996
MIT,b1c41,131,100.06156,99.92064,98.46655,100.23587,100.14501
MIT,b1c41,132,100.05433,99.94182,96.815445,100.34806,100.122986
MIT,b1c41,133,100.04825,99.62254,98.46512,100.06176,100.19436
MIT,b1c41,134,100.04881,99.64537,98.46665,100.15518,100.19064
MIT,b1c41,135,100.044525,99.66661,98.4782,100.13272,100.16242
MIT,b1c41,136,100.04722,99.67678,98.43555,100.14863,100.13595
MIT,b1c41,137,100.04382,99.95012,98.42236,100.23679,100.13489
MIT,b1c41,138,100.04357,99.915726,98.39546,100.16125,100.17455
MIT,b1c41,139,100.03798,99.679436,98.419846,99.984795,100.11536
MIT,b1c41,140,100.02877,99.94266,98.41972,100.17024,100.09244
MIT,b1c41,141,100.02366,99.88387,98.44499,100.20767,100.1616
MIT,b1c41,142,100.022835,99.89457,98.4622,100.35722,100.222336
MIT,b1c41,143,100.018196,99.67565,98.49232,100.25512,100.22502
MIT,b1c41,144,100.01319,99.651665,98.43841,100.16722,100.22731
MIT,b1c41,145,100.00716,99.6685,98.498474,100.14862,100.20926
MIT,b1c41,146,100.0058,99.92545,98.457275,100.3606,100.21697
MIT,b1c41,147,100.00237,99.7541,98.462975,100.226685,100.23752
MIT,b1c41,148,100.00326,99.73656,98.419136,100.23948,100.15393
MIT,b1c41,149,99.997055,99.98835,98.44039,100.19028,100.17748
MIT,b1c41,150,99.997086,99.721405,98.415436,100.05417,100.12601
MIT,b1c41,151,99.99288,99.72246,98.432594,99.876816,100.15036
MIT,b1c41,152,99.99175,99.965614,98.37744,100.05134,100.131836
MIT,b1c41,153,99.98272,99.70914,98.43908,100.176926,100.11485
MIT,b1c41,154,99.977104,99.94536,98.40736,100.24173,100.05587
MIT,b1c41,155,99.9727,99.92738,98.444115,100.361,100.09863
MIT,b1c41,156,99.964676,99.71585,98.43981,100.104004,100.10195
MIT,b1c41,157,99.95947,99.90213,96.469955,100.34769,100.10673
MIT,b1c41,158,99.95592,99.671745,98.42557,99.93532,100.082275
MIT,b1c41,159,99.95289,99.724915,98.41355,100.03641,100.08567
MIT,b1c41,160,99.95575,99.761925,98.37499,99.99388,100.07256
MIT,b1c41,161,99.97109,100.040306,98.31854,100.179184,99.97385
MIT,b1c41,162,99.9746,99.847534,98.35586,100.05887,99.892365
MIT,b1c41,163,99.96693,99.91234,96.358215,100.23687,99.88185
MIT,b1c41,164,99.951584,99.94059,98.352165,100.17385,99.994576
MIT,b1c41,165,99.93713,99.6867,98.44689,99.96374,100.09863
MIT,b1c41,166,99.935356,99.87958,96.55302,100.363785,100.08159
MIT,b1c41,167,99.92509,99.72398,98.421936,99.991936,100.103615
MIT,b1c41,168,99.9418,99.7717,98.42163,100.02278,100.03149
MIT,b1c41,169,99.95132,99.923645,96.68103,100.296715,99.980385
MIT,b1c41,170,99.95708,100.06781,98.33687,100.25929,99.878845
MIT,b1c41,171,99.95672,99.89552,96.51072,100.222824,99.887184
MIT,b1c41,172,99.95143,99.85256,98.34067,100.14665,99.86612
MIT,b1c41,173,99.94719,99.91569,96.65273,100.31983,99.90153
MIT,b1c41,174,99.933464,99.8358,98.34568,100.09958,99.99548
MIT,b1c41,175,99.916824,99.88679,98.36186,100.12689,100.06656
MIT,b1c41,176,99.89885,99.88741,96.49636,100.3753,100.141235
MIT,b1c41,177,99.894165,99.88006,98.47043,100.44399,100.14042
MIT,b1c41,178,99.887184,99.80935,98.395035,99.96767,100.14192
MIT,b1c41,179,99.883835,99.67404,98.36088,100.02652,100.09669
MIT,b1c41,180,99.88005,99.67377,98.42245,99.9963,100.10293
MIT,b1c41,181,99.872765,99.793655,98.37355,99.907715,100.08986
MIT,b1c41,182,99.86848,99.848816,96.60813,100.22384,100.097984
MIT,b1c41,183,99.86374,99.76039,98.39572,100.0355,100.10297
MIT,b1c41,184,99.859924,99.636314,98.38143,99.91182,100.07953
MIT,b1c41,185,99.854805,99.8044,96.31225,100.27894,100.079155
MIT,b1c41,186,99.85576,99.84909,98.42358,100.22428,100.08247
MIT,b1c41,187,99.858345,99.67625,98.37703,100.04729,100.03573
MIT,b1c41,188,99.86621,99.87028,98.30521,100.070595,99.9613
MIT,b1c41,189,99.87757,99.99128,98.28597,100.17348,99.86912
MIT,b1c41,190,99.87562,99.723076,98.29924,99.86572,99.838005
MIT,b1c41,191,99.86269,99.70773,98.37563,99.91922,99.8397
MIT,b1c41,192,99.84393,99.81304,96.51632,100.179596,99.9701
MIT,b1c41,193,99.83045,99.63485,98.36381,99.84511,100.062065
MIT,b1c41,194,99.82081,99.538284,98.426575,99.92621,100.056145
MIT,b1c41,195,99.837425,99.72125,98.364784,99.90414,99.93132
MIT,b1c41,196,99.85531,100.01227,98.2784,100.234024,99.845924
MIT,b1c41,197,99.86748,100.07615,98.19523,100.10174,99.89863
MIT,b1c41,198,99.87172,99.90926,98.27968,100.175,99.88295
MIT,b1c41,199,99.873276,99.890686,98.34344,100.2105,99.91641
MIT,b1c41,200,99.866165,100.12164,98.2313,100.15939,99.89415
MIT,b1c41,201,99.85867,100.04959,98.25412,100.14425,99.87741
MIT,b1c41,202,99.84737,99.74471,98.374374,99.90514,99.870125
MIT,b1c41,203,99.81249,99.774315,98.39138,100.2058,99.94173
MIT,b1c41,204,99.79329,99.56417,98.33269,99.882225,100.04906
MIT,b1c41,205,99.792145,99.56997,98.323814,100.0232,99.99977
MIT,b1c41,206,99.78251,99.80327,98.34273,100.05222,100.04321
MIT,b1c41,207,99.77709,99.56901,98.387024,99.91263,100.04906
MIT,b1c41,208,99.7693,99.78826,98.3694,100.045296,100.064224
MIT,b1c41,209,99.76519,99.758286,98.37214,100.087654,100.05197
MIT,b1c41,210,99.76118,99.5504,98.37918,99.957924,100.007744
MIT,b1c41,211,99.75149,99.784035,96.82156,100.36376,100.01691
MIT,b1c41,212,99.749306,99.788666,98.30761,99.71005,100.05456
MIT,b1c41,213,99.75029,99.80205,98.27913,99.80368,99.95716
MIT,b1c41,214,99.75224,99.83178,98.29878,99.901474,99.91668
MIT,b1c41,215,99.758026,99.85821,98.26294,100.10371,99.923965
MIT,b1c41,216,99.7693,99.640465,98.26989,99.84065,99.83719
MIT,b1c41,217,99.773056,99.94896,98.295364,99.87004,99.837616
MIT,b1c41,218,99.75889,99.774475,96.622025,100.22006,99.80056
MIT,b1c41,219,99.73968,99.81741,98.38432,100.07483,99.92062
MIT,b1c41,220,99.72319,99.765015,98.417564,99.98206,100.06543
MIT,b1c41,221,99.71667,99.56842,98.36713,99.975105,100.02918
MIT,b1c41,222,99.71194,99.573944,98.33279,99.81428,100.00433
MIT,b1c41,223,99.72001,99.847084,98.238655,100.06858,99.80184
MIT,b1c41,224,99.73176,99.69218,98.29605,100.05385,99.800415
MIT,b1c41,225,99.73434,99.836006,96.93187,100.22128,99.81815
MIT,b1c41,226,99.734474,99.83361,96.57444,100.15858,99.79881
MIT,b1c41,227,99.73033,99.98382,98.26908,100.00491,99.8259
MIT,b1c41,228,99.72544,99.92185,98.22517,100.06453,99.75661
MIT,b1c41,229,99.71707,99.771095,96.518936,100.323135,99.817894
MIT,b1c41,230,99.6965,99.728905,96.311066,100.26489,99.88981
MIT,b1c41,231,99.6769,99.77035,98.32705,99.95342,100.050316
MIT,b1c41,232,99.67656,99.75612,98.34319,100.02302,100.00586
MIT,b1c41,233,99.67276,99.749146,96.42178,100.32977,100.00709
MIT,b1c41,234,99.66537,99.57992,98.381714,99.858025,99.9643
MIT,b1c41,235,99.65662,99.54474,98.45174,100.13084,99.977486
MIT,b1c41,236,99.64879,99.541695,98.38076,99.920815,99.89681
MIT,b1c41,237,99.64204,99.50833,98.39071,99.837296,100.00228
MIT,b1c41,238,99.636284,99.76413,98.370346,100.00003,99.963295
MIT,b1c41,239,99.63128,99.71452,96.37987,100.279015,99.97807
MIT,b1c41,240,99.63232,99.73111,96.149734,100.28356,99.8873
MIT,b1c41,241,99.62895,99.55065,98.28289,99.92842,99.88622
MIT,b1c41,242,99.627525,99.746185,96.36744,100.12928,99.85444
MIT,b1c41,243,99.63574,99.7627,96.50099,100.024315,99.88292
MIT,b1c41,244,99.646194,99.91606,98.19602,99.92328,99.75702
MIT,b1c41,245,99.64433,99.67523,98.34149,99.94921,99.76145
MIT,b1c41,246,99.62798,99.821014,98.26854,99.93104,99.751915
MIT,b1c41,247,99.609795,99.73128,98.367485,99.99303,99.934616
MIT,b1c41,248,99.60315,99.68182,96.45304,100.18804,99.96463
MIT,b1c41,249,99.59545,99.50016,98.36953,99.81354,99.95541
MIT,b1c41,250,99.59643,99.57092,98.31572,99.80582,99.85572
MIT,b1c41,251,99.607445,99.75531,96.45448,100.13496,99.84765
MIT,b1c41,252,99.59376,99.75239,98.19728,99.86638,99.71286
MIT,b1c41,253,99.61529,99.71307,98.2212,99.855705,99.76744
MIT,b1c41,254,99.616035,99.74216,96.543076,100.13238,99.77562
MIT,b1c41,255,99.61143,99.67996,98.20602,99.719666,99.786064
MIT,b1c41,256,99.60861,99.91788,98.184,99.989975,99.75446
MIT,b1c41,257,99.60146,99.632866,98.33801,99.90933,99.723305
MIT,b1c41,258,99.57156,99.67402,98.34001,99.892525,99.80134
MIT,b1c41,259,99.557976,99.47803,98.29944,99.86055,99.88929
MIT,b1c41,260,99.553444,99.65703,98.32115,99.661224,99.98893
MIT,b1c41,261,99.54595,99.48499,98.376434,99.997696,99.85674
MIT,b1c41,262,99.54283,99.460594,98.417656,100.02902,99.860306
MIT,b1c41,263,99.53863,99.44669,98.322586,99.93393,99.934685
MIT,b1c41,264,99.53183,99.66336,98.296776,99.753845,99.84852
MIT,b1c41,265,99.518875,99.473206,98.314735,99.99056,99.94196
MIT,b1c41,266,99.51943,99.66557,98.33483,99.925354,99.830765
MIT,b1c41,267,99.51294,99.39252,98.31928,99.701805,99.8997
MIT,b1c41,268,99.50199,99.44126,98.36116,99.69157,99.90519
MIT,b1c41,269,99.500305,99.40684,98.31947,99.9398,99.70111
MIT,b1c41,270,99.493614,99.67033,98.26326,99.98217,99.75129
MIT,b1c41,271,99.50844,99.707565,98.18786,99.56087,99.788895
MIT,b1c41,272,99.51324,99.492516,98.25496,99.659706,99.59859
MIT,b1c41,273,99.50251,99.44143,98.39003,99.9224,99.74316
MIT,b1c41,274,99.49071,99.40742,98.29146,99.89718,99.80592
MIT,b1c41,275,99.49201,99.61267,98.28562,99.78033,99.81229
MIT,b1c41,276,99.48524,99.38632,98.34397,99.55894,99.77964
MIT,b1c41,277,99.47543,99.62777,98.27352,99.74592,99.748344
MIT,b1c41,278,99.47777,99.47383,98.307724,99.961105,99.68785
MIT,b1c41,279,99.486595,99.53364,98.230774,99.859085,99.6516
MIT,b1c41,280,99.49855,99.57927,98.23392,99.83766,99.701675
MIT,b1c41,281,99.491905,99.63081,98.19953,99.85434,99.66177
MIT,b1c41,282,99.50289,99.817474,98.12842,99.6207,99.77305
MIT,b1c41,283,99.46045,99.73388,98.149124,99.74547,99.99491
MIT,b1c41,284,99.49079,99.84854,98.251755,99.86468,99.755585
MIT,b1c41,285,99.48741,99.55973,98.26473,99.7837,99.58072
MIT,b1c41,286,99.45915,99.59952,98.30625,99.82972,99.71982
MIT,b1c41,287,99.435585,99.3662,98.25847,99.85188,99.773094
MIT,b1c41,288,99.43378,99.567116,98.23692,99.83243,99.780525
MIT,b1c41,289,99.42639,99.569305,98.26041,99.6951,99.768524
MIT,b1c41,290,99.4223,99.57076,98.222404,99.80682,99.78428
MIT,b1c41,291,99.40928,99.38961,98.27934,99.71402,99.68935
MIT,b1c41,292,99.39324,99.54144,98.27424,99.84475,99.72172
MIT,b1c41,293,99.403465,99.32573,98.29078,99.77861,99.68304
MIT,b1c41,294,99.39762,99.565315,98.27972,99.84932,99.6577
MIT,b1c41,295,99.39281,99.57455,96.097984,100.24474,99.67094
MIT,b1c41,296,99.38738,99.57478,98.20063,99.70606,99.68508
MIT,b1c41,297,99.383316,99.5714,98.26201,99.703804,99.64433
MIT,b1c41,298,99.37971,99.3385,98.25209,99.8596,99.681114
MIT,b1c41,299,99.37733,99.591774,96.22109,100.13102,99.6313
MIT,b1c41,300,99.37111,99.57258,98.19022,99.55359,99.78445
MIT,b1c41,301,99.369576,99.62944,98.26035,99.90545,99.66769
MIT,b1c41,302,99.362206,99.63413,98.169106,99.547424,99.74593
MIT,b1c41,303,99.35883,99.63404,98.22892,99.678185,99.77072
MIT,b1c41,304,99.349594,99.55869,96.21043,100.09437,99.60763
MIT,b1c41,305,99.34864,99.34768,98.30068,99.75598,99.72813
MIT,b1c41,306,99.350525,99.62733,98.22724,99.84222,99.675804
MIT,b1c41,307,99.35097,99.4238,98.24373,99.82648,99.63125
MIT,b1c41,308,99.35367,99.71294,98.182655,99.810974,99.61622
MIT,b1c41,309,99.35439,99.72915,98.19795,99.791565,99.56137
MIT,b1c41,310,99.349266,99.431175,98.24346,99.73688,99.541115
MIT,b1c41,311,99.344124,99.43355,98.24618,99.62151,99.52831
MIT,b1c41,312,99.34354,99.45243,98.314186,100.04698,99.533875
MIT,b1c41,313,99.32719,99.529396,96.52263,100.20324,99.59914
MIT,b1c41,314,99.31075,99.58834,96.590965,100.28553,99.695
MIT,b1c41,315,99.30457,99.43296,98.33006,99.993866,99.67205
MIT,b1c41,316,99.2998,99.53872,96.51978,100.12423,99.640366
MIT,b1c41,317,99.29616,99.67252,98.359505,99.984146,99.681114
MIT,b1c41,318,99.28995,99.58595,98.33062,100.02438,99.64112
MIT,b1c41,319,99.28387,99.38018,98.23954,99.92691,99.70441
MIT,b1c41,320,99.28268,99.37497,98.28623,99.5708,99.5745
MIT,b1c41,321,99.273994,99.57782,98.20539,99.57161,99.58352
MIT,b1c41,322,99.26487,99.374504,98.23514,99.51449,99.59836
MIT,b1c41,323,99.25499,99.3816,98.27212,99.7124,99.57936
MIT,b1c41,324,99.2447,99.53705,98.21563,99.79578,99.57444
MIT,b1c41,325,99.2634,99.56747,98.10688,99.7185,99.52673
MIT,b1c41,326,99.309326,99.67448,96.553055,99.76035,99.621185
MIT,b1c41,327,99.33863,99.78883,97.988045,99.78146,99.507996
MIT,b1c41,328,99.34097,99.66732,96.645485,99.45377,99.42081
MIT,b1c41,329,99.33092,99.78125,98.01664,99.71615,99.57518
MIT,b1c41,330,99.32207,99.769226,98.07431,99.74022,99.58788
MIT,b1c41,331,99.319145,99.724945,97.93116,99.477806,99.48088
MIT,b1c41,332,99.314995,99.829666,97.93342,99.68462,99.43875
MIT,b1c41,333,99.326096,100.09581,97.67621,99.45656,99.39693
MIT,b1c41,334,99.34556,100.17601,97.61356,99.41425,99.36093
MIT,b1c41,335,99.351135,100.115166,97.68803,99.62892,99.489334
MIT,b1c41,336,99.35221,100.23318,97.27612,99.31697,99.657455
MIT,b1c41,337,99.35721,100.24549,97.61568,99.5568,99.621284
MIT,b1c41,338,99.34283,100.271454,97.0371,99.29089,99.73868
MIT,b1c41,339,99.36203,99.65105,96.446434,98.099,99.534775
MIT,b1c41,340,99.330795,100.221756,97.72911,99.52113,99.63925
MIT,b1c41,341,99.341385,100.03234,97.82922,99.528656,99.37931
MIT,b1c41,342,99.28323,99.93035,97.91378,99.25282,99.529076
MIT,b1c41,343,99.28576,99.990585,97.92561,99.56072,99.44978
MIT,b1c41,344,99.25761,99.8418,97.96863,99.51905,99.31568
MIT,b1c41,345,99.23614,99.850334,97.952194,99.64804,99.522606
MIT,b1c41,346,99.25067,99.60596,96.513016,99.56418,99.53968
MIT,b1c41,347,99.239746,99.73012,98.02871,99.41925,99.598755
MIT,b1c41,348,99.22491,99.74814,98.00722,99.548546,99.627655
MIT,b1c41,349,99.2061,99.74313,98.03787,99.4965,99.409904
MIT,b1c41,350,99.20282,99.76081,97.95556,99.37984,99.55171
MIT,b1c41,351,99.208626,99.74237,97.98054,99.502884,99.42737
MIT,b1c41,352,99.192276,99.8295,97.92321,99.50944,99.44299
MIT,b1c41,353,99.172295,99.83938,97.91432,99.66308,99.52849
MIT,b1c41,354,99.17907,99.61272,96.528656,99.162926,99.47186
MIT,b1c41,355,99.21304,99.75705,97.89991,99.59205,99.33851
MIT,b1c41,356,99.17586,99.59948,96.7087,99.33713,99.407646
MIT,b1c41,357,99.1705,99.71854,98.040474,99.5569,99.56252
MIT,b1c41,358,99.17112,99.71172,98.04035,99.57583,99.576904
MIT,b1c41,359,99.15795,99.83324,97.91811,99.5125,99.41252
MIT,b1c41,360,99.176865,99.604034,96.375984,99.376465,99.36774
MIT,b1c41,361,99.15473,99.94641,97.82225,99.71746,99.38853
MIT,b1c41,362,99.188805,100.03919,97.684875,99.43321,99.34747
MIT,b1c41,363,99.17604,100.04858,97.76085,99.563705,99.48539
MIT,b1c41,364,99.155174,100.12135,97.722755,99.6595,99.51385
MIT,b1c41,365,99.187416,99.599075,96.281044,98.70187,99.32279
MIT,b1c41,366,99.18104,100.147095,97.64721,99.45309,99.50159
MIT,b1c41,367,99.152664,100.109375,97.60544,99.25232,99.60864
MIT,b1c41,368,99.18712,100.15167,97.66607,99.41714,99.35697
MIT,b1c41,369,99.16568,99.9226,97.83213,99.38013,99.26724
MIT,b1c41,370,99.11723,99.897835,97.90214,99.69378,99.36396
MIT,b1c41,371,99.12829,99.89652,97.88492,99.36883,99.26953
MIT,b1c41,372,99.0924,99.73442,97.96822,99.382996,99.50805
MIT,b1c41,373,99.06373,99.7609,97.93099,99.44371,99.52352
MIT,b1c41,374,99.08182,99.67491,98.040245,99.32806,99.5159
MIT,b1c41,375,99.07862,99.7159,97.96307,99.41803,99.45327
MIT,b1c41,376,99.080925,99.539215,96.41629,99.539085,99.32047
MIT,b1c41,377,99.080055,99.574585,96.371445,99.51422,99.3385
MIT,b1c41,378,99.034904,99.78861,97.89507,99.47489,99.52055
MIT,b1c41,379,99.053024,99.77315,97.885216,99.38511,99.19654
MIT,b1c41,380,99.062035,99.751595,97.90535,99.41446,99.28634
MIT,b1c41,381,99.05246,99.872345,97.708466,99.30507,99.148796
MIT,b1c41,382,99.03795,99.56675,96.44879,99.13344,99.32581
MIT,b1c41,383,99.06234,99.823044,97.86102,99.24944,99.20508
MIT,b1c41,384,99.029144,99.85712,97.796715,99.45568,99.286316
MIT,b1c41,385,99.045944,99.72504,97.943184,99.27331,99.163025
MIT,b1c41,386,99.0117,99.49645,96.523926,99.497055,99.35802
MIT,b1c41,387,99.01847,99.67588,97.94283,98.98788,99.21309
MIT,b1c41,388,98.98489,99.80739,97.87758,99.01787,99.35918
MIT,b1c41,389,98.983925,99.548,96.36038,99.14262,99.26291
MIT,b1c41,390,99.04776,99.91235,97.78609,99.499275,99.21373
MIT,b1c41,391,99.0163,100.04608,97.743065,99.56737,99.40587
MIT,b1c41,392,99.04603,100.13974,97.55989,99.188095,99.17726
MIT,b1c41,393,99.001366,99.513176,95.8529,98.334564,99.465996
MIT,b1c41,394,99.022446,100.14032,97.350426,99.30024,99.452
MIT,b1c41,395,99.024254,100.1367,97.72845,99.4414,99.398865
MIT,b1c41,396,99.0222,100.05443,97.72183,99.375084,99.27909
MIT,b1c41,397,98.99051,99.93321,97.831726,99.30351,99.29107
MIT,b1c41,398,98.971344,99.816864,97.929634,99.37886,99.318115
MIT,b1c41,399,98.94849,99.766205,97.92474,99.09823,99.34408
MIT,b1c41,400,98.94829,99.79854,97.91885,99.57211,99.16906
MIT,b1c41,401,98.92144,99.75391,97.902245,99.57042,99.40191
MIT,b1c41,402,98.928116,99.68729,97.96298,99.33816,99.30002
MIT,b1c41,403,98.88842,99.75082,97.96805,99.39511,99.46598
MIT,b1c41,404,98.91449,99.68817,97.97515,99.02339,99.23154
MIT,b1c41,405,98.90394,99.709816,97.92636,99.237526,99.27618
MIT,b1c41,406,98.886345,99.44808,96.29909,99.119606,99.39386
MIT,b1c41,407,98.90593,99.74663,97.85881,99.42226,99.13039
MIT,b1c41,408,98.89442,99.75433,97.863914,99.325325,99.21562
MIT,b1c41,409,98.86146,99.765465,97.68688,99.10656,99.26936
MIT,b1c41,410,98.90782,99.85756,97.76529,99.29619,99.07415
MIT,b1c41,411,98.92345,99.843796,97.823845,99.42639,99.06249
MIT,b1c41,412,98.90539,99.778275,97.835655,99.13587,99.05692
MIT,b1c41,413,98.89796,99.75111,97.87546,99.22626,99.14862
MIT,b1c41,414,98.85388,99.74774,97.90541,99.62086,99.385376
MIT,b1c41,415,98.8409,99.68985,97.89766,99.02089,99.36558
MIT,b1c41,416,98.839424,99.78765,97.83243,99.659874,99.314156
MIT,b1c41,417,98.86692,99.939415,97.706955,99.45503,99.07397
MIT,b1c41,418,98.87108,99.44367,96.27475,98.46658,99.22638
MIT,b1c41,419,98.85473,100.01128,97.665276,99.41651,99.263214
MIT,b1c41,420,98.86612,100.09741,97.608246,99.32475,99.262596
MIT,b1c41,421,98.89318,100.04348,97.65439,99.45152,99.07899
MIT,b1c41,422,98.868866,100.071594,97.64932,99.48197,99.30575
MIT,b1c41,423,98.88138,100.057594,97.616425,99.29169,99.210686
MIT,b1c41,424,98.86023,100.00174,97.59689,99.38193,99.27699
MIT,b1c41,425,98.846794,99.92102,97.64853,99.24836,99.02785
MIT,b1c41,426,98.80163,99.41006,96.58523,99.267365,99.31544
MIT,b1c41,427,98.794464,99.69785,97.90053,99.100464,99.22965
MIT,b1c41,428,98.751274,99.74475,97.902016,99.202545,99.44705
MIT,b1c41,429,98.76356,99.44455,96.570435,99.48162,99.359116
MIT,b1c41,430,98.76391,99.72178,97.900635,99.47981,99.19912
MIT,b1c41,431,98.71781,99.73728,97.91843,99.145485,99.40995
MIT,b1c41,432,98.73798,99.718094,97.850105,99.58254,99.2908
MIT,b1c41,433,98.750275,99.675804,97.89365,99.292786,99.22798
MIT,b1c41,434,98.743004,99.71424,97.825966,99.508896,99.14719
MIT,b1c41,435,98.70195,99.637535,97.81115,99.089554,99.28177
MIT,b1c41,436,98.68695,99.64615,97.77419,99.06204,99.2687
MIT,b1c41,437,98.72728,99.8095,97.77658,99.36306,99.153725
MIT,b1c41,438,98.724976,99.853035,97.79821,99.17581,99.21098
MIT,b1c41,439,98.72011,99.815926,97.70933,99.17891,99.22559
MIT,b1c41,440,98.711555,99.74818,97.81415,99.24834,99.25444
MIT,b1c41,441,98.71157,99.69565,97.89133,98.91503,99.27439
MIT,b1c41,442,98.69839,99.70318,97.88213,98.91534,99.266945
MIT,b1c41,443,98.6661,99.67612,97.82102,99.54836,99.34838
MIT,b1c41,444,98.68729,99.76824,97.80289,99.37019,99.07158
MIT,b1c41,445,98.683716,99.759224,97.719864,99.37641,99.144875
MIT,b1c41,446,98.68836,99.84284,97.67319,99.39682,99.17918
MIT,b1c41,447,98.67132,99.38717,96.52926,98.875694,99.21577
MIT,b1c41,448,98.69003,99.94135,97.696434,99.40993,99.20243
MIT,b1c41,449,98.68849,99.96984,97.68785,99.304634,99.16071
MIT,b1c41,450,98.70008,99.932465,97.654854,99.12247,99.15622
MIT,b1c41,451,98.68366,99.99066,97.681915,99.33304,99.19049
MIT,b1c41,452,98.66854,99.92607,97.60776,99.35795,99.16736
MIT,b1c41,453,98.64859,99.3097,96.03719,98.72877,99.200424
MIT,b1c41,454,98.636154,99.77225,97.7816,99.27514,99.21509
MIT,b1c41,455,98.647095,99.80435,97.813965,99.306114,99.09581
MIT,b1c41,456,98.618195,99.38197,96.57316,99.40282,99.24699
MIT,b1c41,457,98.59832,99.6878,97.88764,99.65753,99.2433
MIT,b1c41,458,98.59649,99.67896,97.86625,99.343735,99.25161
MIT,b1c41,459,98.580154,99.67662,97.89094,99.11332,99.27718
MIT,b1c41,460,98.585915,99.61833,97.86076,98.82877,99.144226
MIT,b1c41,461,98.585625,99.33516,96.37856,99.16182,99.1996
MIT,b1c41,462,98.58539,99.69337,97.85272,99.35739,99.035126
MIT,b1c41,463,98.54051,99.70138,97.836464,99.02817,99.26221
MIT,b1c41,464,98.55171,99.6561,97.83659,99.34724,99.18016
MIT,b1c41,465,98.55998,99.640366,97.85369,99.41543,99.06851
MIT,b1c41,466,98.55228,99.649605,97.83678,99.29838,99.212234
MIT,b1c41,467,98.540924,99.62913,97.87766,99.23534,99.27868
MIT,b1c41,468,98.5441,99.6756,97.93712,99.538345,99.11241
MIT,b1c41,469,98.52992,99.6053,97.90065,99.29875,99.3467
MIT,b1c41,470,98.52149,99.60807,97.97036,99.13844,99.3091
MIT,b1c41,471,98.518974,99.56859,97.93578,98.66451,99.356834
MIT,b1c41,472,98.50495,99.61934,97.80605,99.15128,99.22555
MIT,b1c41,473,98.49719,99.674805,97.70219,99.07088,99.15985
MIT,b1c41,474,98.49428,99.76724,97.49157,98.989105,99.13887
MIT,b1c41,475,98.5319,99.92778,97.34504,99.19162,99.15827
MIT,b1c41,476,98.5531,100.021835,97.54567,99.24907,99.20053
MIT,b1c41,477,98.534294,99.986015,96.6212,99.086205,99.26579
MIT,b1c41,478,98.50704,100.22165,97.42892,99.26718,99.47357
MIT,b1c41,479,98.55438,100.167404,97.420555,99.1791,99.30124
MIT,b1c41,480,98.53949,100.08264,97.16921,98.909065,99.2961
MIT,b1c41,481,98.50922,99.946,97.15693,98.95342,99.2942
MIT,b1c41,482,98.48978,99.81836,97.47218,98.862045,99.18438
MIT,b1c41,483,98.45809,99.818085,97.76035,99.01092,99.1404
MIT,b1c41,484,98.466965,99.65717,97.88289,98.92804,99.11953
MIT,b1c41,485,98.4356,99.6326,97.82797,99.14829,99.162
MIT,b1c41,486,98.420395,99.698715,97.86611,98.95875,99.14022
MIT,b1c41,487,98.41706,99.58031,97.79105,99.22838,99.19343
MIT,b1c41,488,98.359795,99.20683,98.063614,98.92786,99.319595
MIT,b1c41,489,98.33689,99.14572,98.18631,98.77087,99.08457
MIT,b1c41,490,98.23112,98.341995,94.7848,96.09525,98.824646
MIT,b1c41,491,98.09883,96.19126,97.35692,95.16082,98.62759
MIT,b1c41,492,98.30339,99.0181,96.25454,99.83677,99.02138
MIT,b1c41,493,98.23218,99.53854,97.98102,100.05714,99.204025
MIT,b1c41,494,98.289925,99.06115,96.22518,100.032684,99.09383
MIT,b1c41,495,98.284004,99.10405,96.17203,99.963196,98.820015
MIT,b1c41,496,98.27315,98.92347,98.13461,99.48586,99.03615
MIT,b1c41,497,98.26373,98.98012,98.14714,99.277306,99.010086
MIT,b1c41,498,98.26057,98.972084,98.161896,99.268394,98.97693
MIT,b1c41,499,98.24931,99.02355,98.237274,99.24343,99.031364
MIT,b1c41,500,98.26287,98.99683,98.154144,99.422844,98.82265
MIT,b1c41,501,98.238075,99.09169,95.98856,99.89647,98.95544
MIT,b1c41,502,98.22913,98.92401,98.08307,99.15581,99.00781
MIT,b1c41,503,98.25029,99.12531,98.12077,99.288956,99.071495
MIT,b1c41,504,98.26671,99.2051,98.0221,99.35784,98.875465
MIT,b1c41,505,98.23754,99.14301,96.15448,99.69536,99.04994
MIT,b1c41,506,98.25985,99.221634,98.0244,98.59556,99.22573
MIT,b1c41,507,98.23961,99.2682,98.03113,98.61712,99.15364
MIT,b1c41,508,98.250145,99.32445,98.020966,98.63032,99.09893
MIT,b1c41,509,98.234375,99.28619,98.131096,99.12613,99.08144
MIT,b1c41,510,98.22343,99.08061,96.05433,99.76754,99.01416
MIT,b1c41,511,98.222336,98.9914,98.1628,99.29865,98.72116
MIT,b1c41,512,98.170906,98.979675,98.11449,99.434135,98.86922
MIT,b1c41,513,98.19062,98.90546,98.186226,99.0688,98.72703
MIT,b1c41,514,98.16492,98.80003,98.19356,99.373505,98.91338
MIT,b1c41,515,98.183395,98.9197,98.17874,99.35295,98.70316
MIT,b1c41,516,98.15285,98.7753,98.104485,99.30669,98.86794
MIT,b1c41,517,98.12815,98.915,98.186745,98.85396,98.79231
MIT,b1c41,518,98.111565,99.00934,98.14137,98.72151,98.76078
MIT,b1c41,519,98.136604,99.08292,95.86032,99.94286,98.68029
MIT,b1c41,520,98.09699,98.740456,98.11992,99.0237,98.884705
MIT,b1c41,521,98.10888,98.84641,98.05751,98.912735,98.88525
MIT,b1c41,522,98.11254,98.974304,98.15959,98.92564,98.88282
MIT,b1c41,523,98.11347,98.91928,98.02629,98.92097,98.8324
MIT,b1c41,524,98.11506,98.98683,98.14786,98.85852,98.92491
MIT,b1c41,525,98.07622,98.73641,98.06144,98.39629,98.77621
MIT,b1c41,526,98.11991,98.94397,98.08047,98.91228,98.638245
MIT,b1c41,527,98.086845,98.96954,98.1695,98.70041,98.89866
MIT,b1c41,528,98.09276,98.8339,98.16478,99.210884,98.9095
MIT,b1c41,529,98.07473,98.945465,98.13473,98.73919,98.80162
MIT,b1c41,530,98.07186,98.970116,98.14231,99.17369,98.807014
MIT,b1c41,531,98.07611,98.99097,98.10426,99.34191,98.9731
MIT,b1c41,532,98.0655,99.10136,98.09543,98.93728,98.87836
MIT,b1c41,533,98.03328,99.19801,98.08034,98.67845,98.7276
MIT,b1c41,534,98.07262,99.16847,98.069115,98.91511,98.8641
MIT,b1c41,535,98.06128,99.00941,98.02025,99.04349,98.852684
MIT,b1c41,536,98.06079,98.99216,96.30405,99.75593,98.80856
MIT,b1c41,537,98.02587,98.89001,98.094185,98.974464,98.72854
MIT,b1c41,538,98.0293,98.80562,98.183304,99.11264,98.6518
MIT,b1c41,539,98.00845,98.74058,98.19221,99.11232,98.55947
MIT,b1c41,540,98.00608,98.951485,95.73625,99.89272,98.53976
MIT,b1c41,541,98.01112,98.881424,98.2022,99.279915,98.74738
MIT,b1c41,542,97.97363,98.90105,96.40322,99.919044,98.571785
MIT,b1c41,543,97.982025,98.82705,98.15601,98.81708,98.534744
MIT,b1c41,544,97.954544,98.90455,98.14911,98.847466,98.628845
MIT,b1c41,545,97.96463,98.91661,98.20096,99.20843,98.49211
MIT,b1c41,546,97.96425,98.77725,98.17673,99.37665,98.71249
MIT,b1c41,547,97.93548,98.90631,95.77404,99.813675,98.59692
MIT,b1c41,548,97.90554,98.93992,98.14428,98.76391,98.62417
MIT,b1c41,549,97.88513,98.945274,95.9981,99.8725,98.69523
MIT,b1c41,550,97.89672,98.68046,98.14218,99.024025,98.62796
MIT,b1c41,551,97.926796,98.90797,98.129944,98.81024,98.718254
MIT,b1c41,552,97.905975,98.76112,98.0878,98.902405,98.71337
MIT,b1c41,553,97.918076,98.791214,98.138084,99.1577,98.61442
MIT,b1c41,554,97.91023,98.84567,98.14836,98.87741,98.632515
MIT,b1c41,555,97.90288,98.73383,98.11051,99.02939,98.67365
MIT,b1c41,556,97.90316,98.76897,98.10665,99.19829,98.63878
MIT,b1c41,557,97.89296,98.86679,98.15636,99.01271,98.62915
MIT,b1c41,558,97.864075,98.73769,98.124405,99.079796,98.63661
MIT,b1c41,559,97.86219,99.09785,98.06252,98.68596,98.65399
MIT,b1c41,560,97.88263,99.13376,98.04696,98.830124,98.612495
MIT,b1c41,561,97.868904,99.29033,98.019615,98.21163,98.77565
MIT,b1c41,562,97.84985,98.97838,96.31041,99.385864,98.851295
MIT,b1c41,563,97.85195,99.276,97.95862,98.260994,98.82406
MIT,b1c41,564,97.87981,99.264305,98.000595,98.760414,98.691055
MIT,b1c41,565,97.87087,99.280975,98.021225,98.49808,98.66596
MIT,b1c41,566,97.856544,98.95323,97.968346,98.60008,98.686905
MIT,b1c41,567,97.82503,98.98691,98.14524,98.20522,98.604645
MIT,b1c41,568,97.79888,98.53604,98.09852,98.6052,98.6363
MIT,b1c41,569,97.79406,98.78743,96.15505,99.847855,98.538185
MIT,b1c41,570,97.77581,98.80234,98.10512,98.585526,98.40134
MIT,b1c41,571,97.776054,98.82903,98.12565,98.76782,98.491035
MIT,b1c41,572,97.755,98.81031,98.14578,99.051315,98.454796
MIT,b1c41,573,97.75177,98.74141,98.16219,98.80331,98.38803
MIT,b1c41,574,97.75515,98.55826,98.118904,98.99113,98.32757
MIT,b1c41,575,97.71733,98.85281,98.1656,98.67951,98.57513
MIT,b1c41,576,97.705666,98.79549,98.17144,98.64412,98.53043
MIT,b1c41,577,97.72725,98.549515,98.11962,98.93333,98.33123
MIT,b1c41,578,97.70202,98.77338,98.14467,98.69979,98.30535
MIT,b1c41,579,97.713646,98.67854,98.170975,99.163216,98.29868
MIT,b1c41,580,97.70483,98.735825,98.164925,98.77219,98.19457
MIT,b1c41,581,97.717636,98.73535,98.157234,99.042656,98.3592
MIT,b1c41,582,97.70779,98.69816,98.156876,99.0662,98.23354
MIT,b1c41,583,97.67533,98.77176,98.21082,98.80789,98.45004
MIT,b1c41,584,97.68278,98.45139,98.086296,98.746826,98.29129
MIT,b1c41,585,97.691925,98.57604,98.05095,98.98541,98.3061
MIT,b1c41,586,97.66882,98.747154,98.14649,98.88086,98.24119
MIT,b1c41,587,97.67107,98.61598,98.065346,98.99396,98.10912
MIT,b1c41,588,97.65215,98.59754,97.90687,98.27427,98.49617
MIT,b1c41,589,97.659355,99.05215,98.038,98.62901,98.49136
MIT,b1c41,590,97.65498,98.82086,96.35969,99.54245,98.4931
MIT,b1c41,591,97.654015,98.782555,96.39681,99.57539,98.43262
MIT,b1c41,592,97.658134,98.82277,97.98192,98.76382,98.50678
MIT,b1c41,593,97.64389,98.823845,96.22536,99.60852,98.54521
MIT,b1c41,594,97.62207,99.0158,98.07403,98.509705,98.480194
MIT,b1c41,595,97.61994,98.71301,98.157265,98.44357,98.19828
MIT,b1c41,596,97.584,98.36399,98.0701,98.58032,98.22466
MIT,b1c41,597,97.58808,98.76248,98.14189,98.97184,98.29317
MIT,b1c41,598,97.586266,98.75157,95.93135,99.83385,98.26244
MIT,b1c41,599,97.55011,98.36698,98.07649,98.61728,98.27664
MIT,b1c41,600,97.54195,98.84577,98.14665,98.46572,98.33669
MIT,b1c41,601,97.546165,98.78596,98.19458,99.05762,98.25493
MIT,b1c41,602,97.51867,98.29578,97.93694,97.90266,98.25106
MIT,b1c41,603,97.52825,98.43336,98.080635,98.53045,98.20219
MIT,b1c41,604,97.51922,98.4433,98.067085,98.56445,98.25299
MIT,b1c41,605,97.51394,98.415,98.07898,98.56546,98.18212
MIT,b1c41,606,97.50018,98.40345,98.008286,98.381516,98.24306
MIT,b1c41,607,97.50477,98.411194,98.0704,98.74755,98.214775
MIT,b1c41,608,97.469795,98.63029,95.71002,99.628746,98.27047
MIT,b1c41,609,97.49274,98.65447,98.19228,98.88632,98.031334
MIT,b1c41,610,97.48252,98.41084,98.06072,98.82527,98.161194
MIT,b1c41,611,97.45741,98.802704,98.14925,98.54251,98.30395
MIT,b1c41,612,97.483826,98.705536,98.12293,98.80226,98.260284
MIT,b1c41,613,97.46081,98.68038,98.162735,98.65939,98.22137
MIT,b1c41,614,97.43322,98.753525,98.132126,98.608055,98.32698
MIT,b1c41,615,97.43191,98.28668,98.11043,98.631,98.126076
MIT,b1c41,616,97.42343,98.61034,98.20004,98.64097,98.12235
MIT,b1c41,617,97.40427,98.66278,96.259514,99.928856,98.23342
MIT,b1c41,618,97.38688,98.80552,98.20792,98.94707,98.25792
MIT,b1c41,619,97.38073,98.75957,98.135284,98.84525,98.18274
MIT,b1c41,620,97.40188,98.629234,98.18219,98.93722,98.09698
MIT,b1c41,621,97.38417,98.37306,98.12179,98.7017,97.98851
MIT,b1c41,622,97.3955,98.44144,98.178474,98.75544,98.13162
MIT,b1c41,623,97.376495,98.66812,98.18692,99.00251,98.02458
MIT,b1c41,624,97.33459,98.22889,98.08798,98.30133,98.1151
MIT,b1c41,625,97.33522,98.78967,98.15274,98.48152,98.19067
MIT,b1c41,626,97.34807,98.35538,98.07026,98.7261,98.11562
MIT,b1c41,627,97.342705,98.65813,98.16576,98.94301,98.04615
MIT,b1c41,628,97.31894,98.28379,98.05375,98.55597,98.075485
MIT,b1c41,629,97.30766,98.26226,98.091774,98.35502,98.046844
MIT,b1c41,630,97.309525,98.31281,97.9913,98.20489,98.125694
MIT,b1c41,631,97.27654,98.728325,98.24165,98.786674,98.19721
MIT,b1c41,632,97.27337,98.18577,98.004776,97.82694,98.07505
MIT,b1c41,633,97.286354,98.57331,98.1683,98.43381,98.08265
MIT,b1c41,634,97.2353,98.66752,98.16247,98.30168,98.10478
MIT,b1c41,635,97.23184,98.61959,98.13846,98.44728,97.966866
MIT,b1c41,636,97.227486,98.4719,96.0769,99.6273,98.06591
MIT,b1c41,637,97.208496,98.01621,98.01592,98.18478,98.08695
MIT,b1c41,638,97.20437,98.64238,98.14931,98.41878,98.029526
MIT,b1c41,639,97.203186,98.54347,95.990524,99.7848,98.03841
MIT,b1c41,640,97.174774,98.41927,95.98575,99.47161,98.03006
MIT,b1c41,641,97.18755,98.68274,98.099625,98.29706,97.992935
MIT,b1c41,642,97.18676,98.670296,97.339485,98.58983,98.055954
MIT,b1c41,643,97.14996,98.68853,98.12757,98.301674,97.97297
MIT,b1c41,644,97.15711,98.11915,97.87791,98.234375,97.98196
MIT,b1c41,645,97.14246,98.48911,96.003204,99.648636,98.01497
MIT,b1c41,646,97.13513,98.73115,98.09084,98.25596,98.0568
MIT,b1c41,647,97.15447,98.74202,98.11337,98.406296,98.08097
MIT,b1c41,648,97.14876,98.71101,98.118256,98.4554,97.98711
MIT,b1c41,649,97.11537,98.71727,98.15318,98.41421,98.00871
MIT,b1c41,650,97.09802,97.984436,97.762924,98.21428,98.02522
MIT,b1c41,651,97.0975,98.102516,98.07028,98.13711,97.919685
MIT,b1c41,652,97.082016,98.13766,97.90374,97.963745,97.91201
MIT,b1c41,653,97.07397,98.08937,97.96481,98.36152,97.811554
MIT,b1c41,654,97.05557,98.65656,98.12496,98.53916,97.7933
MIT,b1c41,655,97.06985,98.63792,98.1507,98.62537,97.85016
MIT,b1c41,656,97.05646,98.10108,97.83377,98.269844,97.95997
MIT,b1c41,657,97.048515,98.20471,97.91835,98.068375,97.99136
MIT,b1c41,658,97.03926,98.58736,98.13739,98.48317,97.95013
MIT,b1c41,659,97.021385,98.62548,98.22588,98.46408,97.886604
MIT,b1c41,660,96.99271,98.634575,98.12062,98.387024,97.66704
MIT,b1c41,661,96.99965,98.08459,97.72594,98.242256,97.710106
MIT,b1c41,662,96.9589,98.61465,98.08042,98.292305,97.69702
MIT,b1c41,663,96.959724,98.5507,98.10955,98.23503,97.766075
MIT,b1c41,664,96.92305,98.63176,98.108734,98.11525,97.68323
MIT,b1c41,665,96.947105,98.09292,97.9135,98.1716,97.66445
MIT,b1c41,666,96.91453,97.80248,98.023056,98.16585,97.60983
MIT,b1c41,667,96.92044,98.04455,97.72441,98.19998,97.71396
MIT,b1c41,668,96.90314,98.63307,98.14398,98.01288,97.73405
MIT,b1c41,669,96.9029,98.578285,98.09384,98.16168,97.654854
MIT,b1c41,670,96.874565,98.656,98.10244,98.2446,97.667694
MIT,b1c41,671,96.85391,98.66004,98.10352,98.233635,97.60493
MIT,b1c41,672,96.83275,98.58504,98.09118,98.23774,97.598206
MIT,b1c41,673,96.84489,98.50624,98.18821,98.69174,97.612404
MIT,b1c41,674,96.82884,97.85898,98.12768,97.6592,97.54463
MIT,b1c41,675,96.81247,98.624405,98.138885,98.2359,97.577156
MIT,b1c41,676,96.819374,98.54306,98.11101,98.397766,97.62351
MIT,b1c41,677,96.80258,98.53846,98.14738,98.37131,97.523186
MIT,b1c41,678,96.785385,98.177284,95.84434,99.48278,97.57627
MIT,b1c41,679,96.765724,98.1793,96.052284,99.59502,97.41285
MIT,b1c41,680,96.76145,97.76804,98.06049,97.92025,97.52525
MIT,b1c41,681,96.72722,98.55439,98.12561,98.447235,97.54253
MIT,b1c41,682,96.73255,97.86073,98.03934,98.02285,97.548996
MIT,b1c41,683,96.739395,98.51181,98.1592,98.26915,97.50222
MIT,b1c41,684,96.7285,97.97866,97.76238,97.89793,97.52766
MIT,b1c41,685,96.69838,98.25512,95.98565,99.615105,97.43697
MIT,b1c41,686,96.70717,97.96654,97.552055,98.20877,97.6351
MIT,b1c41,687,96.68628,98.44493,98.134026,98.44686,97.44776
MIT,b1c41,688,96.667145,97.753395,97.65253,97.95816,97.50241
MIT,b1c41,689,96.60952,97.37429,97.194115,97.77346,97.694534
MIT,b1c41,690,96.64831,98.41592,98.12643,98.18626,97.437805
MIT,b1c41,691,96.62243,97.71342,97.46061,97.52111,97.42718
MIT,b1c41,692,96.624176,98.115265,95.84199,99.43032,97.44942
MIT,b1c41,693,96.59323,98.06709,95.712494,99.41272,97.2951
MIT,b1c41,694,96.575096,97.570854,97.26041,97.66927,97.3628
MIT,b1c41,695,96.59156,98.45855,98.11517,98.238174,97.434814
MIT,b1c41,696,96.570206,97.68687,97.539536,97.91953,97.355125
MIT,b1c41,697,96.551315,98.025055,96.1618,99.41629,97.33349
MIT,b1c41,698,96.5429,97.62986,97.32241,97.90286,97.38523
MIT,b1c41,699,96.54264,98.42788,98.16659,98.28416,97.442955
MIT,b1c41,700,96.51904,97.76418,97.76652,97.47416,97.309814
MIT,b1c41,701,96.459236,98.49886,98.17898,97.837944,97.32783
MIT,b1c41,702,96.45471,97.926094,95.79136,99.428635,97.12024
MIT,b1c41,703,96.44167,98.48334,98.15505,98.167404,97.11741
MIT,b1c41,704,96.4561,98.45926,98.17612,98.13292,97.38783
MIT,b1c41,705,96.43113,98.06881,96.180115,99.5911,97.36504
MIT,b1c41,706,96.420525,97.64645,97.50442,97.85434,97.134186
MIT,b1c41,707,96.41416,98.63119,98.07843,98.08743,97.17308
MIT,b1c41,708,96.41058,98.58846,98.0878,97.90584,97.262924
MIT,b1c41,709,96.38348,97.641075,97.54798,97.49842,97.20465
MIT,b1c41,710,96.368805,98.42783,98.11924,98.14811,96.95835
MIT,b1c41,711,96.37188,98.436325,98.134254,98.25741,96.974
MIT,b1c41,712,96.36627,98.41403,98.147125,98.09263,97.012184
MIT,b1c41,713,96.3451,97.64767,97.55864,97.28569,97.039665
MIT,b1c41,714,96.32689,98.51263,98.126114,97.81987,96.89237
MIT,b1c41,715,96.29353,98.47823,98.113205,97.69029,97.35659
MIT,b1c41,716,96.30096,98.45933,98.13819,97.93653,96.897934
MIT,b1c41,717,96.2648,98.39931,98.13459,97.97971,96.93605
MIT,b1c41,718,96.2561,98.546974,98.06744,97.91997,97.21861
MIT,b1c41,719,96.274185,97.816124,96.99224,97.86095,96.93409
MIT,b1c41,720,96.24992,97.75057,96.98863,97.767494,97.39599
MIT,b1c41,721,96.261246,98.7612,98.03866,97.620804,97.14974
MIT,b1c41,722,96.23894,97.893456,96.14848,98.81231,97.44078
MIT,b1c41,723,96.21727,97.76336,96.921036,97.93033,97.41812
MIT,b1c41,724,96.20332,97.757545,96.59793,97.807396,97.39901
MIT,b1c41,725,96.226875,98.0678,96.871475,97.82892,96.9906
MIT,b1c41,726,96.19843,97.96248,97.14509,97.77306,97.537865
MIT,b1c41,727,96.176476,98.82175,97.98734,97.253624,97.32669
MIT,b1c41,728,96.141754,98.78564,98.011215,96.82838,97.25193
MIT,b1c41,729,96.144745,98.6954,98.05191,97.44022,97.25931
MIT,b1c41,730,96.08758,97.70232,96.10666,98.66079,97.57703
MIT,b1c41,731,96.108406,97.841675,96.59849,97.77172,97.31174
MIT,b1c41,732,96.08977,97.791664,95.970566,98.14305,97.75103
MIT,b1c41,733,96.09865,98.07912,95.43232,98.17975,97.895294
MIT,b1c41,734,96.11989,98.35179,94.47906,98.39641,98.07153
MIT,b1c41,735,96.113655,97.77162,95.96023,97.88156,98.15522
MIT,b1c41,736,96.1141,98.5242,93.566734,98.18407,98.085365
MIT,b1c41,737,96.09719,99.45127,96.920425,98.360245,98.10181
MIT,b1c41,738,96.08261,99.50186,97.25227,97.97678,98.18118
MIT,b1c41,739,96.0789,98.47681,94.045074,98.42361,98.15048
MIT,b1c41,740,96.04455,99.30217,97.6728,97.53191,97.94863
MIT,b1c41,741,96.01681,98.03042,95.92602,97.99052,97.80143
MIT,b1c41,742,95.9849,98.87263,96.507454,96.35257,97.55756
MIT,b1c41,743,95.97007,97.709946,97.05901,97.785095,96.75141
MIT,b1c41,744,95.88865,98.58588,98.06848,96.69063,97.28675
MIT,b1c41,745,95.91228,98.36828,98.11643,97.6828,96.45076
MIT,b1c41,746,95.87576,98.404594,98.10614,96.948555,96.42564
MIT,b1c41,747,95.85871,97.19497,96.86334,97.330246,96.34742
MIT,b1c41,748,95.82838,98.32984,98.11882,97.23516,96.207184
MIT,b1c41,749,95.82675,97.133385,97.167435,97.15501,96.29229
MIT,b1c41,750,95.83019,97.303406,97.7821,97.30965,96.286446
MIT,b1c41,751,95.80055,98.25891,98.08616,97.56404,96.24609
MIT,b1c41,752,95.761894,98.256355,98.04159,97.40609,96.40923
MIT,b1c41,753,95.76746,97.47255,96.10234,98.993126,96.21163
MIT,b1c41,754,95.734695,96.93502,97.19858,97.29898,96.148575
MIT,b1c41,755,95.74333,98.12563,98.12028,97.055756,96.21579
MIT,b1c41,756,95.709404,96.98069,96.58462,97.188286,96.26136
MIT,b1c41,757,95.69228,97.37412,96.135185,98.85148,96.14985
MIT,b1c41,758,95.66661,97.466,96.17993,98.7136,96.63176
MIT,b1c41,759,95.6686,98.24839,98.02639,97.23871,96.135635
MIT,b1c41,760,95.66929,98.29727,98.044624,96.82823,96.2077
MIT,b1c41,761,95.64547,97.18431,96.61347,97.98723,96.73491
MIT,b1c41,762,95.6388,97.300606,96.1486,98.078094,96.95764
MIT,b1c41,763,95.6072,98.80568,97.69906,97.21944,97.278046
MIT,b1c41,764,95.62638,98.75757,97.78666,96.99256,97.11351
MIT,b1c41,765,95.60445,98.7878,96.93698,97.8781,97.298584
MIT,b1c41,766,95.61028,98.716995,96.46445,97.80988,97.00135
MIT,b1c41,767,95.60081,97.27192,96.290955,97.85086,97.00082
MIT,b1c41,768,95.58783,98.710335,97.095795,96.7425,96.8853
MIT,b1c41,769,95.557,98.532104,97.88162,96.90616,96.696655
MIT,b1c41,770,95.52349,98.31055,98.02892,96.0819,96.32323
MIT,b1c41,771,95.49376,98.086815,97.77975,96.1491,96.060074
MIT,b1c41,772,95.45243,96.506874,96.07279,97.22966,95.92413
MIT,b1c41,773,95.43198,97.87287,98.1691,96.38211,95.94756
MIT,b1c41,774,95.39283,96.16773,95.919685,97.03195,95.89091
MIT,b1c41,775,95.37387,96.27649,96.07298,96.73527,95.81343
MIT,b1c41,776,95.376495,97.59203,98.026794,97.35087,95.89732
MIT,b1c41,777,95.35594,97.64005,98.1934,96.73278,95.90985
MIT,b1c41,778,95.328606,97.66267,98.06189,96.75916,95.91798
MIT,b1c41,779,95.32304,97.51411,97.8189,97.40909,95.85832
MIT,b1c41,780,95.2839,97.61957,98.17322,96.40677,95.77864
MIT,b1c41,781,95.27044,96.04723,95.63461,96.99779,95.83416
MIT,b1c41,782,95.2541,97.52468,98.17814,96.41052,95.88628
MIT,b1c41,783,95.2231,96.82798,95.74655,97.69021,95.73753
MIT,b1c41,784,95.210526,95.904724,95.49856,96.810394,95.826065
MIT,b1c41,785,95.18559,97.44089,97.41972,97.12633,95.82975
MIT,b1c41,786,95.16433,95.80682,95.6403,96.96261,95.70549
MIT,b1c41,787,95.14517,95.72435,95.9769,96.84454,95.84398
MIT,b1c41,788,95.10593,97.40008,96.8404,97.1376,95.73337
MIT,b1c41,789,95.08707,96.780235,95.67502,97.52062,95.74075
MIT,b1c41,790,95.10641,97.42501,98.03767,96.27337,95.82581
MIT,b1c41,791,95.083115,97.56963,98.06757,95.31769,95.79146
MIT,b1c41,792,95.09227,97.67544,97.06248,95.70095,95.7613
MIT,b1c41,793,95.06053,96.72017,96.37106,96.56031,96.32756
MIT,b1c41,794,95.06366,96.696396,96.3221,96.27399,95.80235
MIT,b1c41,795,95.025604,95.94115,95.90751,97.22795,96.38494
MIT,b1c41,796,95.03181,96.145065,95.91912,97.280045,95.93395
MIT,b1c41,797,94.98727,95.83717,96.012436,97.01659,96.35234
MIT,b1c41,798,94.96363,96.54826,96.32015,96.12879,96.36616
MIT,b1c41,799,94.9403,97.366,96.88796,95.40074,95.93072
MIT,b1c41,800,94.90525,96.40949,96.05261,96.40701,95.63305
MIT,b1c41,801,94.856834,94.99686,96.05648,96.85198,95.57272
MIT,b1c41,802,94.860596,96.7022,96.46157,95.59714,95.495056
MIT,b1c41,803,94.818115,94.79163,95.48178,96.68264,95.43645
MIT,b1c41,804,94.81174,94.91421,95.75211,96.700485,95.420395
MIT,b1c41,805,94.78025,96.26131,95.82132,96.46975,95.330696
MIT,b1c41,806,94.74981,96.520546,97.2875,95.31443,95.23128
MIT,b1c41,807,94.686295,96.10935,95.924904,96.15048,95.38004
MIT,b1c41,808,94.713615,94.85704,95.72505,96.72721,95.369675
MIT,b1c41,809,94.67397,94.60628,95.5739,96.47435,95.23128
MIT,b1c41,810,94.65316,94.62465,95.529045,96.47957,95.21153
MIT,b1c41,811,94.61885,96.47852,96.27235,95.536835,95.20758
MIT,b1c41,812,94.58266,94.36739,95.596085,96.335625,94.91192
MIT,b1c41,813,94.57319,94.5249,95.24382,96.3264,94.988464
MIT,b1c41,814,94.52285,94.22788,95.60539,96.38726,94.94508
MIT,b1c41,815,94.51007,96.293465,96.4652,95.43965,94.98874
MIT,b1c41,816,94.44219,93.839005,95.46384,95.7325,95.14679
MIT,b1c41,817,94.41458,96.14485,96.70605,95.64207,95.13122
MIT,b1c41,818,94.43424,96.16776,97.38662,95.25847,95.06037
MIT,b1c41,819,94.400665,96.04206,95.49345,96.11691,94.918526
MIT,b1c41,820,94.37544,94.40821,95.59297,96.21701,94.87701
MIT,b1c41,821,94.358734,96.643265,96.82441,95.10079,94.635124
MIT,b1c41,822,94.35838,94.9114,95.749886,96.22243,94.88298
MIT,b1c41,823,94.32762,96.03137,96.13583,95.620155,94.887825
MIT,b1c41,824,94.3072,96.9046,95.98668,95.29367,94.73215
MIT,b1c41,825,94.29354,95.0119,95.73942,96.0256,95.0271
MIT,b1c41,826,94.25498,94.84614,95.73164,96.389084,94.74707
MIT,b1c41,827,94.22515,94.77213,95.78981,95.9736,94.795204
MIT,b1c41,828,94.18412,96.57389,96.38325,96.07623,94.688354
MIT,b1c41,829,94.15055,95.7991,96.229866,95.8554,94.66484
MIT,b1c41,830,94.08402,96.046745,96.82537,94.94039,94.62046
MIT,b1c41,831,94.06906,94.00336,95.07582,95.748955,94.56778
MIT,b1c41,832,94.01409,95.67819,95.15029,95.75526,94.33382
MIT,b1c41,833,93.975716,95.767555,96.21344,95.68952,94.3207
MIT,b1c41,834,93.954254,93.62367,94.77826,95.68093,94.13183
MIT,b1c41,835,93.91375,93.46217,95.38604,95.5113,94.202
MIT,b1c41,836,93.881386,95.58867,95.274414,95.684105,94.202
MIT,b1c41,837,93.85642,95.509705,95.14562,95.5079,94.095474
MIT,b1c41,838,93.81067,93.211845,94.80135,95.34628,94.14178
MIT,b1c41,839,93.795944,95.507195,96.42456,95.224236,94.098015
MIT,b1c41,840,93.75422,93.2827,94.3548,95.232025,94.11223
MIT,b1c41,841,93.71565,95.442986,95.75249,95.45865,94.07377
MIT,b1c41,842,93.674034,95.449425,95.99379,95.10498,94.040375
MIT,b1c41,843,93.647484,93.091515,94.51194,95.01408,94.06058
MIT,b1c41,844,93.62457,95.42004,96.425865,95.37282,94.05675
MIT,b1c41,845,93.58089,92.986305,94.85729,95.25646,94.023964
MIT,b1c41,846,93.55,95.16066,95.33742,94.98061,93.84869
MIT,b1c41,847,93.52254,93.0947,94.91168,95.245766,93.773796
MIT,b1c41,848,93.47722,95.1337,94.74837,95.179016,93.711784
MIT,b1c41,849,93.46179,93.34567,95.16731,95.449936,93.80872
MIT,b1c41,850,93.435646,95.71681,96.06379,95.64035,93.68833
MIT,b1c41,851,93.417046,95.857346,96.039665,95.67599,93.66827
MIT,b1c41,852,93.36871,93.46492,95.59369,95.16005,94.1268
MIT,b1c41,853,93.34043,95.94486,96.20607,95.541626,94.03176
MIT,b1c41,854,93.309235,95.88723,96.478714,94.42529,93.79978
MIT,b1c41,855,93.26984,95.27314,96.20195,95.06466,93.711716
MIT,b1c41,856,93.22681,93.29228,95.592705,95.28173,93.728325
MIT,b1c41,857,93.16933,92.90925,95.28043,94.88926,93.60333
MIT,b1c41,858,93.13276,92.90645,94.93348,95.05816,93.50224
MIT,b1c41,859,93.0887,92.76928,94.500854,94.752045,93.59456
MIT,b1c41,860,93.02466,92.38576,94.84874,94.914085,93.27674
MIT,b1c41,861,92.979485,94.89864,95.903915,94.80334,93.286316
MIT,b1c41,862,92.93262,94.82762,95.45916,95.350876,93.305244
MIT,b1c41,863,92.91625,94.878845,95.42138,94.95202,93.355064
MIT,b1c41,864,92.87071,94.76653,95.57518,94.86494,93.176445
MIT,b1c41,865,92.82289,94.733345,96.288284,94.890915,93.21623
MIT,b1c41,866,92.79098,92.521164,94.59388,94.70609,93.15935
MIT,b1c41,867,92.73675,94.63684,95.33197,94.45494,93.05209
MIT,b1c41,868,92.698715,94.73025,93.745094,94.7762,93.14033
MIT,b1c41,869,92.636246,94.5975,96.01048,94.65908,93.14141
MIT,b1c41,870,92.564415,94.48112,95.81926,94.26749,93.55512
MIT,b1c41,871,92.56212,92.22763,94.86977,94.222374,92.95507
MIT,b1c41,872,92.50488,92.00909,94.46763,94.11223,92.83597
MIT,b1c41,873,92.46859,94.58442,95.816414,94.207115,92.88572
MIT,b1c41,874,92.41589,91.79261,94.12196,93.99708,92.84624
MIT,b1c41,875,92.36424,91.75104,94.482414,94.12567,92.84479
MIT,b1c41,876,92.32651,94.36764,95.75432,94.54049,92.76968
MIT,b1c41,877,92.2753,91.77132,94.01471,93.955925,92.71081
MIT,b1c41,878,92.24813,94.62335,95.11039,94.51712,92.73589
MIT,b1c41,879,92.19883,92.11591,95.31329,94.063934,93.06529
MIT,b1c41,880,92.15579,92.096344,95.80099,93.76879,93.08271
MIT,b1c41,881,92.135056,95.21253,95.65317,94.47182,92.79881
MIT,b1c41,882,92.08445,95.27504,95.54289,93.29332,92.98235
MIT,b1c41,883,92.03665,94.39434,95.9346,93.65277,92.79442
MIT,b1c41,884,91.97173,91.959305,95.611855,93.78157,93.10453
MIT,b1c41,885,91.9449,94.49087,95.729904,93.06364,92.55627
MIT,b1c41,886,91.55821,84.56129,87.62826,85.97308,92.40199
MIT,b1c41,887,91.65758,94.00004,95.58671,94.41598,92.165985
MIT,b1c41,888,91.64694,93.91343,95.42269,94.161476,92.156586
MIT,b1c41,889,91.618126,93.90648,95.59777,94.37911,91.94864
MIT,b1c41,890,91.59837,93.911896,95.085556,94.47986,92.29416
MIT,b1c41,891,91.54469,91.13812,94.61984,93.62774,91.9889
MIT,b1c41,892,91.47596,90.74129,94.39468,93.55897,92.103905
MIT,b1c41,893,91.44709,93.73798,95.27331,93.802734,91.9512
MIT,b1c41,894,91.40219,90.98768,93.592186,93.52283,91.63594
MIT,b1c41,895,91.34362,90.781364,94.135155,93.64665,91.53985
MIT,b1c41,896,91.28418,90.621544,94.527176,93.009254,91.73177
MIT,b1c41,897,91.250626,93.778206,95.04407,94.225586,91.61274
MIT,b1c41,898,91.21055,90.76013,94.200424,93.32903,91.31309
MIT,b1c41,899,91.17104,90.916,94.06618,93.46693,91.47796
MIT,b1c41,900,91.10128,90.53876,94.36386,92.92734,91.32178
MIT,b1c41,901,91.04667,90.396095,94.27067,92.39887,91.3035
MIT,b1c41,902,90.98033,93.40931,93.704475,93.552635,91.42132
MIT,b1c41,903,90.937416,90.39166,94.72954,92.813156,91.487885
MIT,b1c41,904,90.913795,93.81611,94.79572,93.77486,91.375755
MIT,b1c41,905,90.8869,94.071266,95.17595,93.567894,91.24942
MIT,b1c41,906,90.83238,94.23735,94.72041,92.69022,91.71629
MIT,b1c41,907,90.798805,91.24374,95.64188,92.857544,91.36706
MIT,b1c41,908,90.73794,91.02004,95.65801,92.73713,91.6674
MIT,b1c41,909,90.687256,94.33532,95.24196,92.161865,91.67711
MIT,b1c41,910,90.62499,90.689644,95.82656,92.296074,91.56687
MIT,b1c41,911,90.59061,94.092415,94.593254,92.39267,91.1595
MIT,b1c41,912,90.52167,93.65946,94.91684,92.55295,91.214836
MIT,b1c41,913,90.44542,93.127945,95.2155,93.22232,91.092415
MIT,b1c41,914,90.40184,89.93742,94.26893,91.81959,90.6337
MIT,b1c41,915,90.330986,92.82383,93.9021,93.67986,90.9211
MIT,b1c41,916,90.29146,92.78559,91.93386,92.91714,90.44608
MIT,b1c41,917,90.22929,92.81197,94.06169,92.15715,90.7612
MIT,b1c41,918,90.16434,92.668465,94.89739,92.44149,90.875244
MIT,b1c41,919,90.12344,89.50171,94.29391,91.90363,90.42895
MIT,b1c41,920,90.078186,89.51749,93.978485,92.21164,90.27452
MIT,b1c41,921,90.015625,89.32056,93.623634,91.96151,90.36127
MIT,b1c41,922,89.95365,92.43918,92.49643,92.933205,90.52182
MIT,b1c41,923,89.90255,92.37659,93.40281,92.58555,90.526855
MIT,b1c41,924,89.85058,89.15052,93.59384,91.47921,90.5382
MIT,b1c41,925,89.7852,88.89202,94.159035,91.03043,90.4615
MIT,b1c41,926,89.74632,89.1357,93.71994,91.733765,90.44203
MIT,b1c41,927,89.69156,92.434364,94.46239,92.140335,90.41146
MIT,b1c41,928,89.63269,88.94699,94.31898,90.96726,90.42095
MIT,b1c41,929,89.582375,92.35275,93.347664,92.66595,90.2992
MIT,b1c41,930,89.52967,88.89119,94.339325,91.04512,90.089355
MIT,b1c41,931,89.4569,88.56393,94.15108,90.90872,89.9947
MIT,b1c41,932,89.41118,92.04297,92.6624,92.43455,89.774055
MIT,b1c41,933,89.34048,88.39872,93.37061,90.86087,89.76215
MIT,b1c41,934,89.31362,92.23635,94.567024,92.90274,89.491264
MIT,b1c41,935,89.285416,92.72599,93.95142,91.46369,89.763275
MIT,b1c41,936,89.25135,93.031334,94.87089,92.13442,89.45844
MIT,b1c41,937,89.195465,89.50621,95.68988,91.12393,89.48911
MIT,b1c41,938,89.13903,89.395256,95.891525,91.31506,89.36583
MIT,b1c41,939,89.101524,93.49734,93.73808,89.385025,89.32442
MIT,b1c41,940,89.04759,89.54507,96.03766,91.32997,89.384254
MIT,b1c41,941,89.02234,93.54837,93.90563,91.269005,89.18241
MIT,b1c41,942,88.96668,89.611084,95.97032,91.43279,89.27223
MIT,b1c41,943,88.90696,89.31713,95.86341,91.40521,89.17037
MIT,b1c41,944,88.82715,88.77838,95.659935,90.67109,89.07626
MIT,b1c41,945,88.76511,88.58882,94.810104,90.55098,89.13988
MIT,b1c41,946,88.70767,88.44545,94.386024,90.78311,89.15017
MIT,b1c41,947,88.62714,87.93961,94.55703,90.21768,89.00375
MIT,b1c41,948,88.56016,91.480385,90.24741,91.38351,88.954796
MIT,b1c41,949,88.50793,87.730705,93.335335,90.01027,88.94574
MIT,b1c41,950,88.46299,87.796844,94.33708,90.17712,88.932045
MIT,b1c41,951,88.409256,91.344,90.22314,91.95564,88.80326
MIT,b1c41,952,88.35868,87.82299,94.28443,89.96337,88.79584
MIT,b1c41,953,88.289474,91.25904,89.15225,90.81148,88.67417
MIT,b1c41,954,88.239845,91.25466,89.06678,90.7156,88.709816
MIT,b1c41,955,88.18852,91.2617,94.340324,90.522484,88.70671
MIT,b1c41,956,88.13374,87.42073,94.67073,89.22271,88.70757
MIT,b1c41,957,88.036835,86.449936,93.966446,87.63245,88.671165
MIT,b1c41,958,87.875565,88.34703,87.199196,81.33696,90.47865
MIT,b1c41,959,87.815285,88.81801,84.30817,84.90565,89.95154
MIT,b1c41,960,87.88669,90.40076,91.03762,90.99448,89.097336
MIT,b1c41,961,87.75097,88.72069,88.829056,82.85396,89.91052
MIT,b1c41,962,87.63237,84.85475,84.550995,73.11528,89.10644
MIT,b1c41,963,87.6346,86.782425,88.622116,87.95272,89.34202
MIT,b1c41,964,87.58037,89.119644,92.86613,86.53854,88.73314
MIT,b1c41,965,87.440575,84.69205,85.218895,73.014435,88.999725
MIT,b1c41,966,87.40546,85.25453,86.41496,77.54942,89.02531
MIT,b1c41,967,87.44417,90.594406,94.85816,89.3769,90.1551
MIT,b1c41,968,87.35922,85.913536,92.3562,86.045494,87.50157
MIT,b1c41,969,87.25083,85.34584,88.70623,80.337326,88.92068
MIT,b1c41,970,87.1943,85.48495,89.02236,83.551674,88.94171
MIT,b1c41,971,87.216324,86.190796,94.67276,88.0175,89.763916
MIT,b1c41,972,87.08857,88.780975,88.05156,90.80449,88.60797
MIT,b1c41,973,87.02405,88.89952,90.548805,85.71068,88.9384
MIT,b1c41,974,86.96563,89.02156,88.89474,88.006256,89.59407
MIT,b1c41,975,86.961105,85.88906,94.17066,87.255875,87.750336
MIT,b1c41,976,86.792656,87.912674,88.871056,83.231705,89.397545
MIT,b1c41,977,86.7241,87.658516,86.032776,81.976685,88.589806
MIT,b1c41,978,86.67802,88.84047,86.45993,86.86456,88.97717
MIT,b1c41,979,86.65529,85.01108,88.497765,83.09905,87.6634
MIT,b1c41,980,86.52548,87.31009,84.39228,80.20819,87.67634
MIT,b1c41,981,86.447105,84.092094,84.670425,70.67258,88.68649
MIT,b1c41,982,86.39776,88.64514,87.358505,85.746704,88.57371
MIT,b1c41,983,86.33921,84.36048,86.92043,75.373344,88.35546
MIT,b1c41,984,86.24549,87.23969,86.2455,79.4678,87.76117
MIT,b1c41,985,86.16231,86.47696,84.56605,80.342865,88.25861
MIT,b1c41,986,86.14453,84.4212,86.07943,73.97739,87.59799
MIT,b1c41,987,86.049614,83.92379,83.37757,71.67221,87.14073
MIT,b1c41,988,85.971,86.22086,83.64143,80.040245,87.31289
MIT,b1c41,989,85.84629,83.12952,79.96546,69.89755,86.760376
MIT,b1c41,990,85.82791,83.60132,83.19409,70.37045,87.89687
MIT,b1c41,991,85.76771,87.13074,87.04855,82.42903,87.118774
MIT,b1c41,992,85.74888,84.49179,88.56347,82.134026,87.89124
MIT,b1c41,993,85.722084,84.825134,87.93271,85.36688,88.01801
MIT,b1c41,994,85.669495,84.73018,90.57535,85.45035,86.3836
MIT,b1c41,995,85.574524,84.52581,88.91246,84.63565,87.91073
MIT,b1c41,996,85.523895,84.75558,88.55999,85.6014,87.77962
MIT,b1c41,997,85.48579,85.376175,91.50548,86.46565,87.760864
MIT,b1c41,998,85.42289,88.135895,92.011185,87.54391,86.64687
MIT,b1c41,999,85.31715,84.42874,89.940475,84.309425,87.87088
MIT,b1c41,1000,85.26562,88.05702,91.55287,87.35774,87.20723
MIT,b1c41,1001,85.251236,85.228966,92.470085,86.24535,87.10991
MIT,b1c41,1002,85.144585,87.64016,90.89458,85.68822,87.74947
MIT,b1c41,1003,85.04668,84.03856,89.38329,82.15767,87.67677
MIT,b1c41,1004,84.98174,84.11925,86.868866,83.47326,87.37069
MIT,b1c41,1005,84.96432,84.53886,93.77555,86.00317,87.18799
MIT,b1c41,1006,84.86429,84.01813,89.42598,83.757095,87.22979
MIT,b1c41,1007,84.73805,86.02391,86.73052,81.14929,87.05931
MIT,b1c41,1008,84.661644,83.37294,84.174576,75.28442,87.092766
MIT,b1c41,1009,84.71219,87.746956,93.01898,86.89847,87.016304
MIT,b1c41,1010,84.59567,86.669815,90.820915,84.36253,86.774086
MIT,b1c41,1011,84.45501,83.01896,83.432335,71.47904,86.879524
MIT,b1c41,1012,84.38165,83.2294,84.11823,76.43067,86.80828
MIT,b1c41,1013,84.44987,87.4193,93.28588,86.10497,86.10091
MIT,b1c41,1014,84.264915,83.16002,84.578964,75.711075,86.76475
MIT,b1c41,1015,84.183525,83.152695,84.27715,76.489655,86.41506
MIT,b1c41,1016,84.152214,83.57287,85.656395,83.818665,86.64239
MIT,b1c41,1017,84.102425,83.66562,90.33703,83.597534,85.30999
MIT,b1c41,1018,83.96075,85.49373,86.89517,80.92252,86.38203
MIT,b1c41,1019,83.89959,83.19628,85.00073,81.37433,86.25383
MIT,b1c41,1020,83.85812,83.81447,85.8808,84.27734,86.179214
MIT,b1c41,1021,83.775085,83.18283,85.83908,82.40995,86.02301
MIT,b1c41,1022,83.66854,84.96994,84.810104,79.617615,85.91847
MIT,b1c41,1023,83.60044,85.59156,86.42055,81.58789,85.90556
MIT,b1c41,1024,83.57897,87.46052,90.90798,85.47815,85.5829
MIT,b1c41,1025,83.47994,82.97957,86.828865,81.11977,85.39555
MIT,b1c41,1026,83.36906,82.67029,82.10466,77.26051,85.66402
MIT,b1c41,1027,83.315216,82.96051,85.45183,81.86852,85.21913
MIT,b1c41,1028,83.306694,86.32551,90.7346,85.85968,84.602745
MIT,b1c41,1029,83.18874,82.97639,84.60057,82.955826,84.80566
MIT,b1c41,1030,83.08441,82.72562,83.84708,81.69071,84.94774
MIT,b1c41,1031,83.043015,86.16702,89.39264,85.32231,84.48218
MIT,b1c41,1032,82.98879,83.27968,85.284424,84.32408,84.58904
MIT,b1c41,1033,82.883156,85.64253,89.62583,83.51923,84.50056
MIT,b1c41,1034,82.781624,85.389694,88.62161,83.08874,84.232864
MIT,b1c41,1035,82.76562,83.013176,82.925766,82.97436,84.461685
MIT,b1c41,1036,82.72033,85.670784,90.150375,84.21535,83.16161
MIT,b1c41,1037,82.598,82.589066,81.63809,80.0099,83.24711
MIT,b1c41,1038,82.46362,84.58085,86.14493,79.96257,84.376465
MIT,b1c41,1039,82.4106,82.33262,82.33578,81.81593,84.03386
MIT,b1c41,1040,82.36824,82.44468,83.4117,81.38745,83.58518
MIT,b1c41,1041,81.77767,82.84687,88.08884,79.312,83.54921
MIT,b1c41,1042,82.10866,81.30357,75.66284,75.14322,83.623245
MIT,b1c41,1043,82.08187,81.90849,80.53912,79.68684,83.3377
MIT,b1c41,1044,81.950386,81.017586,79.19024,76.28066,83.78113
MIT,b1c41,1045,81.8912,84.28855,85.173874,81.0149,82.972946
MIT,b1c41,1046,81.84015,84.82911,87.54051,82.87209,83.15284
MIT,b1c41,1047,81.821976,82.02201,87.3587,82.96691,82.489334
MIT,b1c41,1048,81.70212,81.0586,82.05298,80.35991,82.393
MIT,b1c41,1049,81.55833,86.545876,85.904076,86.38799,83.44677
MIT,b2c42,1,99.83533,101.03888,98.519455,100.7912,100.39198
MIT,b2c42,2,100.0,100.350624,98.57832,100.770035,100.44004
MIT,b2c42,3,100.08851,100.27989,97.36682,100.43269,100.40107
MIT,b2c42,4,100.12004,101.04042,98.50457,100.73799,100.398125
MIT,b2c42,5,100.14497,101.13662,98.48119,100.72539,100.35252
MIT,b2c42,6,100.169754,100.41333,98.644714,100.7625,100.391426
MIT,b2c42,7,100.14621,101.090195,98.5926,100.79646,100.40029
MIT,b2c42,8,100.18237,101.16686,98.544365,100.77133,100.40043
MIT,b2c42,9,100.21262,100.18748,98.59413,100.79972,100.3899
MIT,b2c42,10,100.196815,100.116516,98.53139,100.8363,100.389984
MIT,b2c42,11,100.21861,101.0452,98.4736,100.77836,100.40527
MIT,b2c42,12,100.24388,101.11276,98.49738,100.69903,100.3526
MIT,b2c42,13,100.2456,100.187805,98.51179,100.7757,100.34496
MIT,b2c42,14,100.26142,101.07609,98.45965,100.698395,100.407295
MIT,b2c42,15,100.2662,101.0362,98.50965,100.72251,100.37667
MIT,b2c42,16,100.29167,101.10676,98.44078,100.63924,100.461845
MIT,b2c42,17,100.301346,100.379944,98.58554,100.6796,100.378
MIT,b2c42,18,100.28822,101.055214,98.48701,100.73406,100.31559
MIT,b2c42,19,100.31543,101.14359,98.485596,100.630394,100.414055
MIT,b2c42,20,100.3366,101.20619,98.53157,100.60654,100.41772
MIT,b2c42,21,100.31753,100.17931,98.5839,100.77096,100.37491
MIT,b2c42,22,100.31631,101.07521,98.4853,100.7031,100.41906
MIT,b2c42,23,100.32423,101.059395,98.57883,100.70557,100.42422
MIT,b2c42,24,100.302414,100.20025,97.0619,100.53924,100.40527
MIT,b2c42,25,100.34676,100.20078,97.11347,100.46017,100.45524
MIT,b2c42,26,100.36153,100.11195,98.57973,100.663956,100.42971
MIT,b2c42,27,100.32908,101.00944,98.47163,100.69212,100.41016
MIT,b2c42,28,100.34975,100.16675,98.55241,100.686066,100.448616
MIT,b2c42,29,100.364296,100.15916,97.15524,100.43511,100.351
MIT,b2c42,30,100.33865,100.967964,98.459076,100.743484,100.40381
MIT,b2c42,31,100.34519,100.021515,98.498535,100.69082,100.41692
MIT,b2c42,32,100.33756,99.90004,98.5667,100.61197,100.349236
MIT,b2c42,33,100.33472,100.86944,98.45026,100.75983,100.40211
MIT,b2c42,34,100.31627,100.99838,98.542404,100.69261,100.40049
MIT,b2c42,35,100.33289,100.14863,97.348236,100.535904,100.40909
MIT,b2c42,36,100.35971,100.04343,98.460815,100.767296,100.46294
MIT,b2c42,37,100.37609,101.13551,98.52763,100.57967,100.41513
MIT,b2c42,38,100.38434,100.148026,97.39974,100.43213,100.39642
MIT,b2c42,39,100.392235,100.97826,98.41966,100.5647,100.493126
MIT,b2c42,40,100.39902,100.0373,96.97375,100.03643,100.46473
MIT,b2c42,41,100.36022,100.11208,96.97433,100.368835,100.43401
MIT,b2c42,42,100.376465,100.154526,96.8354,100.34874,100.47022
MIT,b2c42,43,100.38402,101.0553,98.45648,100.514145,100.42428
MIT,b2c42,44,100.35546,100.901245,98.42173,100.662865,100.4175
MIT,b2c42,45,100.37802,100.99442,98.51547,100.55326,100.46153
MIT,b2c42,46,100.395584,101.0631,98.52093,100.5077,100.42237
MIT,b2c42,47,100.33766,100.83046,98.5082,100.755615,100.42394
MIT,b2c42,48,100.360695,99.8999,98.47997,100.76594,100.42197
MIT,b2c42,49,100.368385,100.09672,96.783394,100.37879,100.38155
MIT,b2c42,50,100.36722,100.780785,98.41672,100.6431,100.4517
MIT,b2c42,51,100.364105,100.111946,96.854546,100.305244,100.4198
MIT,b2c42,52,100.36481,100.85457,98.514854,100.59768,100.38325
MIT,b2c42,53,100.36035,100.83727,98.41497,100.62166,100.40673
MIT,b2c42,54,100.3704,99.822685,98.48733,100.5797,100.38868
MIT,b2c42,55,100.34654,99.60569,98.50616,100.48899,100.31506
MIT,b2c42,56,100.334015,99.74613,98.43463,100.607765,100.36978
MIT,b2c42,57,100.335236,100.20527,97.05078,100.31974,100.3253
MIT,b2c42,58,100.3317,100.689316,98.43185,100.73283,100.3758
MIT,b2c42,59,100.34693,100.8118,98.39192,100.64869,100.342575
MIT,b2c42,60,100.36564,99.90381,98.4762,100.58941,100.35459
MIT,b2c42,61,100.34195,100.05191,96.85641,100.31614,100.342
MIT,b2c42,62,100.3442,100.671394,98.34941,100.63273,100.38074
MIT,b2c42,63,100.33738,99.85954,98.53337,100.6301,100.3388
MIT,b2c42,64,100.34297,100.72576,98.41262,100.58377,100.384995
MIT,b2c42,65,100.37482,99.74004,98.439026,100.56938,100.389946
MIT,b2c42,66,100.37751,99.70847,98.47923,100.46071,100.331
MIT,b2c42,67,100.352516,100.73037,98.26509,100.52774,100.38657
MIT,b2c42,68,100.363106,99.77068,98.42841,100.56781,100.37018
MIT,b2c42,69,100.372475,100.70762,98.41055,100.57773,100.3392
MIT,b2c42,70,100.34571,99.608154,98.38224,100.48003,100.43652
MIT,b2c42,71,100.352806,99.66797,98.44046,100.54826,100.34966
MIT,b2c42,72,100.344055,100.61971,98.43953,100.58645,100.289116
MIT,b2c42,73,100.3519,99.53762,98.36712,100.421875,100.43509
MIT,b2c42,74,100.35501,100.62234,98.16338,100.49048,100.3507
MIT,b2c42,75,100.338936,99.836266,97.05025,99.98184,100.30695
MIT,b2c42,76,100.33534,99.439545,98.38359,100.520294,100.49353
MIT,b2c42,77,100.31877,100.64325,98.345184,100.49399,100.30394
MIT,b2c42,78,100.31206,99.44003,98.428055,100.52686,100.261406
MIT,b2c42,79,100.31939,100.662094,98.36075,100.51371,100.33612
MIT,b2c42,80,100.33282,100.734695,98.46923,100.44895,100.48239
MIT,b2c42,81,100.29724,99.89124,96.671364,100.23269,100.37588
MIT,b2c42,82,100.30006,99.45993,98.43559,100.52901,100.37201
MIT,b2c42,83,100.30878,100.61949,98.38513,100.492584,100.37611
MIT,b2c42,84,100.31885,99.444916,98.47293,100.36275,100.36831
MIT,b2c42,85,100.340546,99.39116,98.29558,100.29788,100.31192
MIT,b2c42,86,100.29023,100.52467,98.27406,100.49699,100.372696
MIT,b2c42,87,100.29448,100.54507,98.20738,100.484055,100.46319
MIT,b2c42,88,100.29523,99.61762,98.36448,100.47856,100.42946
MIT,b2c42,89,100.32441,99.55124,98.43204,100.5002,100.26156
MIT,b2c42,90,100.293785,99.48168,98.42732,100.51233,100.382935
MIT,b2c42,91,100.32344,99.34615,98.44946,100.41836,100.39208
MIT,b2c42,92,100.27633,99.24929,98.46169,100.41775,100.3513
MIT,b2c42,93,100.286514,99.362206,98.31185,100.4384,100.485695
MIT,b2c42,94,100.29035,99.3866,98.294334,100.45913,100.36738
MIT,b2c42,95,100.258545,99.14622,98.400536,100.41858,100.34515
MIT,b2c42,96,100.2679,99.200645,98.28571,100.302635,100.43434
MIT,b2c42,97,100.26161,99.37061,98.3379,100.513016,100.42779
MIT,b2c42,98,100.23813,100.41295,98.29893,100.495094,100.23612
MIT,b2c42,99,100.260605,100.56239,98.360855,100.39168,100.39424
MIT,b2c42,100,100.27681,99.36382,98.364456,100.410255,100.354385
MIT,b2c42,101,100.2315,99.77036,96.81999,100.13865,100.400734
MIT,b2c42,102,100.24781,99.215935,98.30612,100.41645,100.43279
MIT,b2c42,103,100.23979,99.34191,98.40809,100.43056,100.37261
MIT,b2c42,104,100.19272,99.1194,98.375046,100.4767,100.37371
MIT,b2c42,105,100.22013,100.437164,98.24524,100.41289,100.461205
MIT,b2c42,106,100.23818,99.12897,98.42787,100.14572,100.29223
MIT,b2c42,107,100.20114,100.24242,97.91674,100.38477,100.45124
MIT,b2c42,108,100.2048,100.39092,98.29016,100.42375,100.26908
MIT,b2c42,109,100.22347,100.438446,98.30987,100.380585,100.333275
MIT,b2c42,110,100.21792,100.433334,97.986206,100.290215,100.34223
MIT,b2c42,111,100.244286,99.14039,98.24516,100.27972,100.38181
MIT,b2c42,112,100.2021,98.85633,98.33829,99.983055,100.367004
MIT,b2c42,113,100.204124,99.03842,98.11042,100.04893,100.505264
MIT,b2c42,114,100.17537,99.357506,98.428276,100.33791,100.36783
MIT,b2c42,115,100.17383,99.69991,96.46802,100.03489,100.35734
MIT,b2c42,116,100.182304,99.11237,98.29825,100.35931,100.43438
MIT,b2c42,117,100.18912,99.66369,96.552765,99.845566,100.408775
MIT,b2c42,118,100.1465,100.23522,97.66782,100.26318,100.42283
MIT,b2c42,119,100.158714,99.094536,98.27052,100.364265,100.40721
MIT,b2c42,120,100.157974,99.20992,98.3702,100.42448,100.38803
MIT,b2c42,121,100.14014,100.21699,97.60915,100.22781,100.41645
MIT,b2c42,122,100.150276,99.061386,98.30778,100.36215,100.41805
MIT,b2c42,123,100.14548,100.22418,98.091515,100.43793,100.31608
MIT,b2c42,124,100.12782,98.93137,98.2432,100.29382,100.41249
MIT,b2c42,125,100.09671,99.12098,98.38696,100.405876,100.33196
MIT,b2c42,126,100.12883,98.88155,98.398834,100.13071,100.348915
MIT,b2c42,127,100.11753,100.19006,97.94368,100.27835,100.343636
MIT,b2c42,128,100.12703,98.846344,98.3432,100.05463,100.43712
MIT,b2c42,129,100.10784,99.99694,98.1224,100.22265,100.29221
MIT,b2c42,130,100.08826,100.07397,97.93781,100.35841,100.3544
MIT,b2c42,131,100.05868,98.80609,98.223145,100.3816,100.2954
MIT,b2c42,132,100.109535,98.69309,98.21411,100.15897,100.29036
MIT,b2c42,133,100.08844,98.68792,98.13975,100.227325,100.289894
MIT,b2c42,134,100.05977,100.28332,97.95531,100.13608,100.233536
MIT,b2c42,135,100.04769,98.659225,98.209625,99.797005,100.19295
MIT,b2c42,136,100.05365,100.16797,97.971565,100.22475,100.30476
MIT,b2c42,137,100.0573,98.8432,98.2687,100.10804,100.28895
MIT,b2c42,138,100.03333,98.67135,98.195694,99.88627,100.36059
MIT,b2c42,139,100.04772,98.7098,98.137115,99.77903,100.29045
MIT,b2c42,140,100.04963,99.47438,96.55838,99.60796,100.26264
MIT,b2c42,141,99.99724,100.00549,97.739845,100.25078,100.20681
MIT,b2c42,142,100.008835,98.71714,98.17603,100.268326,100.33085
MIT,b2c42,143,100.01412,98.421776,98.25503,100.14865,100.18833
MIT,b2c42,144,99.99388,98.53773,98.159424,100.11472,100.26004
MIT,b2c42,145,99.9816,98.60628,98.117935,100.13929,100.301674
MIT,b2c42,146,99.9741,99.96027,97.621346,100.237564,100.18846
MIT,b2c42,147,99.972374,98.50788,98.13399,99.89873,100.24876
MIT,b2c42,148,99.957504,99.56617,96.57655,99.75763,100.20642
MIT,b2c42,149,99.93184,99.78095,97.47588,99.997795,100.085724
MIT,b2c42,150,99.94194,99.28817,96.28865,99.731964,100.222534
MIT,b2c42,151,99.908875,98.28182,98.09182,100.12722,100.154236
MIT,b2c42,152,99.89718,98.18243,98.2369,100.15973,100.10841
MIT,b2c42,153,99.90786,99.81942,97.45376,100.10073,100.15128
MIT,b2c42,154,99.87931,99.54731,96.4446,99.85828,100.11052
MIT,b2c42,155,99.87514,99.828865,97.90387,100.15953,100.090546
MIT,b2c42,156,99.89621,99.89063,97.33436,100.0791,100.22344
MIT,b2c42,157,99.87486,99.54347,96.38299,99.80525,100.08238
MIT,b2c42,158,99.869644,99.88174,97.21159,100.04353,100.06202
MIT,b2c42,159,99.8758,99.908035,97.17291,99.951904,100.15057
MIT,b2c42,160,99.88173,98.26288,98.19014,99.550804,100.12436
MIT,b2c42,161,99.85073,98.225334,98.11306,100.23084,100.13287
MIT,b2c42,162,99.849396,98.30032,98.05235,100.11456,100.15018
MIT,b2c42,163,99.82381,98.22993,98.15981,100.146194,100.075264
MIT,b2c42,164,99.83033,98.14689,98.0578,99.68555,100.13366
MIT,b2c42,165,99.80793,98.27051,98.08784,100.062965,100.13497
MIT,b2c42,166,99.78698,98.01819,98.27781,99.79231,100.06647
MIT,b2c42,167,99.793564,99.75573,97.33016,99.99309,100.10052
MIT,b2c42,168,99.77792,98.21926,98.11436,100.16683,100.11172
MIT,b2c42,169,99.77218,98.08088,98.1586,99.9841,100.02453
MIT,b2c42,170,99.780136,98.28664,98.09569,100.18213,100.135506
MIT,b2c42,171,99.77994,98.425255,98.168365,99.77281,100.013695
MIT,b2c42,172,99.73426,98.03175,98.02868,100.07374,100.02415
MIT,b2c42,173,99.73366,98.22486,98.10764,99.88884,100.07901
MIT,b2c42,174,99.72992,98.43949,98.21977,100.08156,100.12118
MIT,b2c42,175,99.70178,99.68494,96.94415,99.74863,100.1449
MIT,b2c42,176,99.71592,98.11088,98.185455,100.13145,100.09377
MIT,b2c42,177,99.71865,97.88445,98.08141,99.48067,100.12393
MIT,b2c42,178,99.67431,97.81774,98.051125,99.59838,100.117935
MIT,b2c42,179,99.6683,99.59331,97.066574,99.940315,100.09651
MIT,b2c42,180,99.658615,98.1569,98.11006,99.91534,100.11112
MIT,b2c42,181,99.661064,97.9905,98.06217,99.92013,100.127
MIT,b2c42,182,99.65055,98.23741,98.11881,100.01867,100.07811
MIT,b2c42,183,99.64819,97.99085,98.069786,99.30725,100.06353
MIT,b2c42,184,99.623085,99.61231,97.137054,99.943146,100.1402
MIT,b2c42,185,99.60389,99.29293,95.7782,99.556145,100.14402
MIT,b2c42,186,99.60799,99.6231,96.98776,99.92613,99.94282
MIT,b2c42,187,99.61809,98.022064,98.0317,99.52818,100.08353
MIT,b2c42,188,99.617256,99.06563,96.42306,99.461685,100.011604
MIT,b2c42,189,99.565765,99.58885,96.680695,99.78455,100.08596
MIT,b2c42,190,99.56431,99.61418,97.01141,99.820496,100.052666
MIT,b2c42,191,99.541565,98.141914,98.30335,99.86939,100.08827
MIT,b2c42,192,99.52847,97.81382,98.1165,100.11627,99.93802
MIT,b2c42,193,99.54347,99.64289,96.599365,99.59096,100.010864
MIT,b2c42,194,99.5505,97.80347,98.08054,99.8806,99.96408
MIT,b2c42,195,99.50945,97.76508,98.03484,100.06131,99.99779
MIT,b2c42,196,99.51159,98.89681,96.27774,99.35923,100.07469
MIT,b2c42,197,99.48366,97.72567,98.13306,99.807915,99.93054
MIT,b2c42,198,99.45842,99.39885,96.694984,99.72994,99.94959
MIT,b2c42,199,99.456924,99.58414,97.057236,99.729065,99.97428
MIT,b2c42,200,99.446526,97.64641,98.09682,99.96158,99.92608
MIT,b2c42,201,99.41554,99.4343,97.06257,99.7454,99.99232
MIT,b2c42,202,99.39628,99.55357,97.1483,99.75277,99.90455
MIT,b2c42,203,99.412605,98.57513,96.20656,99.31198,99.5388
MIT,b2c42,204,99.41972,99.45041,96.83697,99.62604,99.97912
MIT,b2c42,205,99.414696,97.69006,97.97177,99.56126,99.79031
MIT,b2c42,206,99.375496,97.48573,97.98991,99.586876,99.563034
MIT,b2c42,207,99.370384,97.67209,97.96888,99.58358,99.81467
MIT,b2c42,208,99.36976,99.59894,96.804054,99.408165,99.52077
MIT,b2c42,209,99.33689,97.51016,98.025406,99.71056,99.795006
MIT,b2c42,210,99.34848,97.34751,97.82981,99.39846,99.59572
MIT,b2c42,211,99.32187,97.37052,97.90417,99.334885,99.75891
MIT,b2c42,212,99.28924,97.32512,97.85924,99.52906,99.626434
MIT,b2c42,213,99.278885,99.33778,96.73798,99.52568,99.398895
MIT,b2c42,214,99.26953,97.39311,98.04343,99.7603,99.19485
MIT,b2c42,215,99.23991,97.33721,98.03638,99.610374,99.65287
MIT,b2c42,216,99.22238,99.31895,96.85031,99.58333,99.601524
MIT,b2c42,217,99.21187,97.41047,98.03716,99.95854,99.7059
MIT,b2c42,218,99.19738,97.2822,97.86711,99.23901,99.74832
MIT,b2c42,219,99.20803,97.52995,98.04029,99.39899,99.26881
MIT,b2c42,220,99.19907,97.128044,98.009476,99.60959,99.41075
MIT,b2c42,221,99.17037,99.061935,96.44428,99.348915,99.54647
MIT,b2c42,222,99.15192,97.38295,97.839676,99.130615,99.51518
MIT,b2c42,223,99.114876,97.0756,97.97161,99.67424,99.54437
MIT,b2c42,224,99.11526,97.211845,98.00856,99.80657,99.678665
MIT,b2c42,225,99.11212,97.218575,98.01891,99.81335,99.57813
MIT,b2c42,226,99.07146,99.00386,96.56396,99.18562,99.71043
MIT,b2c42,227,99.08089,98.96555,95.81515,99.343994,99.73112
MIT,b2c42,228,99.048294,97.10775,97.684586,98.96526,99.89539
MIT,b2c42,229,99.04212,97.10726,97.92162,99.51663,99.549286
MIT,b2c42,230,99.051186,99.02014,95.67739,99.34382,98.96925
MIT,b2c42,231,99.03495,96.90024,97.92089,98.972,98.89833
MIT,b2c42,232,99.00766,96.92882,97.729744,99.40345,99.32171
MIT,b2c42,233,98.969894,97.031586,97.769966,99.12598,99.11677
MIT,b2c42,234,98.96354,96.94485,97.961334,99.43056,99.00677
MIT,b2c42,235,98.95908,97.04931,97.18834,98.94104,99.29253
MIT,b2c42,236,98.95812,99.12631,96.46307,99.10215,99.06017
MIT,b2c42,237,98.930435,98.69854,96.57398,99.10812,99.11229
MIT,b2c42,238,98.90274,96.7063,97.46466,99.08535,99.850685
MIT,b2c42,239,98.85704,97.937386,95.74354,99.01905,99.45404
MIT,b2c42,240,98.841576,96.6179,97.78762,99.050896,100.0063
MIT,b2c42,241,98.834045,96.89754,97.754524,99.444496,99.383156
MIT,b2c42,242,98.82982,97.08822,97.52609,99.01048,99.19461
MIT,b2c42,243,98.79671,96.6538,97.532906,99.48851,99.84996
MIT,b2c42,244,98.79605,96.6765,96.80404,99.41966,99.76592
MIT,b2c42,245,98.74388,96.81029,97.72176,99.32843,99.34029
MIT,b2c42,246,90.37217,100.2252,92.0241,99.57412,93.824104
MIT,b2c42,247,98.42336,97.981155,96.144615,98.58179,99.98029
MIT,b2c42,248,98.55055,98.371445,95.85611,99.1343,99.55794
MIT,b2c42,249,98.586945,97.83969,95.90848,99.35616,99.75833
MIT,b2c42,250,98.60527,97.041306,98.02872,99.5404,99.66268
MIT,b2c42,251,98.606415,99.11278,96.52851,99.49534,99.58168
MIT,b2c42,252,98.57635,98.68615,95.77609,99.361984,99.971756
MIT,b2c42,253,98.57105,96.867836,97.284325,99.092964,99.894745
MIT,b2c42,254,98.55966,96.851494,98.0356,99.72481,99.738754
MIT,b2c42,255,98.54688,96.71699,97.90855,99.10888,99.63768
MIT,b2c42,256,98.54709,96.86129,98.000015,99.705894,99.66656
MIT,b2c42,257,98.53359,97.81786,95.766205,98.89873,99.39019
MIT,b2c42,258,98.519875,96.53846,97.61204,99.40513,99.68763
MIT,b2c42,259,98.49661,96.6973,97.77294,99.45832,99.76174
MIT,b2c42,260,98.49159,96.45986,97.67273,99.46419,98.65538
MIT,b2c42,261,98.469795,96.40422,96.021774,98.98352,99.52932
MIT,b2c42,262,98.440544,98.370636,96.98299,99.40761,99.40531
MIT,b2c42,263,98.41545,96.273766,97.78384,99.431816,99.35844
MIT,b2c42,264,98.41186,96.28084,97.5839,99.37806,99.48978
MIT,b2c42,265,98.387054,96.5398,97.80676,99.34227,99.427216
MIT,b2c42,266,98.36972,96.234406,96.4973,98.96617,99.43057
MIT,b2c42,267,98.3719,96.36279,95.71427,98.83438,99.45127
MIT,b2c42,268,98.345894,96.73141,97.6706,99.50053,99.39025
MIT,b2c42,269,98.318954,96.33247,96.520035,99.118164,99.39792
MIT,b2c42,270,98.32714,98.45249,95.332146,99.01567,98.706276
MIT,b2c42,271,98.30513,96.482765,97.79981,99.202286,98.64184
MIT,b2c42,272,98.27632,97.168106,95.57033,98.74752,99.30725
MIT,b2c42,273,98.27076,96.28738,96.0326,98.95149,98.60757
MIT,b2c42,274,98.23644,96.168755,97.55847,98.944664,98.65065
MIT,b2c42,275,98.21353,96.10136,97.15245,99.06796,99.3674
MIT,b2c42,276,98.17515,96.38067,96.29687,98.774414,99.20873
MIT,b2c42,277,98.17263,96.05278,96.94824,98.586845,98.434906
MIT,b2c42,278,98.15405,96.266045,97.14889,99.06238,98.63141
MIT,b2c42,279,98.14197,96.29489,97.23019,99.186584,98.56749
MIT,b2c42,280,98.08516,95.84225,95.77626,98.75925,98.43945
MIT,b2c42,281,98.07587,96.07887,97.205246,99.19548,98.48343
MIT,b2c42,282,98.04664,96.3616,94.169235,98.49127,98.506966
MIT,b2c42,283,98.03271,96.00667,96.69395,98.6059,98.44018
MIT,b2c42,284,98.01397,96.193886,97.29536,99.15142,98.37844
MIT,b2c42,285,97.9776,98.257645,96.4307,99.39399,98.49518
MIT,b2c42,286,97.96162,95.83431,95.9253,98.771614,98.40113
MIT,b2c42,287,97.93296,95.608795,96.23703,99.17519,98.46528
MIT,b2c42,288,97.89469,98.051315,95.66767,98.74062,98.53986
MIT,b2c42,289,97.88333,95.86669,97.64114,98.632904,98.47973
MIT,b2c42,290,97.87069,98.08659,95.00125,98.390076,98.42811
MIT,b2c42,291,97.83686,95.82483,97.42912,99.10887,98.4102
MIT,b2c42,292,97.83117,95.8237,94.740456,98.60767,98.50705
MIT,b2c42,293,97.808426,96.01085,94.31946,98.75418,98.33712
MIT,b2c42,294,97.77883,95.64821,95.99244,98.91268,98.15239
MIT,b2c42,295,97.73265,95.61964,94.57322,98.55162,98.42743
MIT,b2c42,296,97.68989,95.90424,97.33555,99.05252,98.157974
MIT,b2c42,297,97.67159,96.165886,95.639565,98.234726,98.19195
MIT,b2c42,298,97.65615,95.61989,94.686356,98.36439,98.21245
MIT,b2c42,299,97.61972,97.99893,95.449936,98.16817,98.175705
MIT,b2c42,300,97.596085,97.84162,94.8446,98.35417,98.213394
MIT,b2c42,301,97.588394,95.81755,95.987274,98.43838,98.16857
MIT,b2c42,302,97.55157,97.784164,95.19271,98.9986,98.17725
MIT,b2c42,303,97.49544,95.05733,97.08733,99.04877,97.88581
MIT,b2c42,304,97.465195,95.02408,97.78231,99.12528,98.18224
MIT,b2c42,305,97.43382,95.460075,96.82484,98.55537,97.215096
MIT,b2c42,306,97.43239,95.40119,94.564766,98.38655,98.084145
MIT,b2c42,307,97.414,97.580956,93.87001,98.61604,98.035706
MIT,b2c42,308,97.37233,95.485886,95.99811,97.63655,96.97282
MIT,b2c42,309,97.33152,95.61308,95.72239,98.03621,97.10461
MIT,b2c42,310,97.30329,94.94056,96.42043,98.21478,97.899475
MIT,b2c42,311,97.254684,97.15266,95.50271,98.10633,96.98381
MIT,b2c42,312,97.22768,95.48595,95.97403,98.135025,97.25854
MIT,b2c42,313,97.17397,97.226685,94.719536,98.95012,96.9456
MIT,b2c42,314,97.1552,94.87409,94.81866,97.874794,97.136856
MIT,b2c42,315,97.14071,95.00166,94.05149,97.867134,97.05102
MIT,b2c42,316,97.09598,95.31761,97.225716,98.2017,96.965256
MIT,b2c42,317,97.07489,97.12993,94.43067,97.48512,97.0386
MIT,b2c42,318,97.049515,94.97696,95.358795,97.60804,96.74154
MIT,b2c42,319,97.011665,94.85524,97.762794,98.19658,97.034424
MIT,b2c42,320,96.976814,94.80968,94.99656,98.09184,96.96997
MIT,b2c42,321,96.94169,94.50003,95.96168,97.91818,97.45376
MIT,b2c42,322,96.89006,94.88342,96.76331,98.213486,96.94577
MIT,b2c42,323,96.86877,94.79285,95.9782,97.63144,96.91893
MIT,b2c42,324,96.82485,96.966194,94.14792,97.811134,96.910034
MIT,b2c42,325,96.772545,96.695694,95.0421,97.73952,97.27656
MIT,b2c42,326,96.75809,96.82483,96.32276,97.8455,97.388374
MIT,b2c42,327,96.721634,94.30421,93.65389,98.26832,96.52439
MIT,b2c42,328,96.6615,94.59121,95.48763,98.346214,96.773384
MIT,b2c42,329,96.64833,94.662834,93.52873,97.700134,96.87284
MIT,b2c42,330,96.59767,94.13356,95.685104,96.27634,96.76756
MIT,b2c42,331,96.55071,96.85855,95.16254,97.47376,97.14986
MIT,b2c42,332,96.50631,94.46795,94.71066,97.26196,96.87355
MIT,b2c42,333,96.46131,94.15446,97.19759,98.27901,96.796684
MIT,b2c42,334,96.40666,94.428116,94.61367,97.25167,96.93727
MIT,b2c42,335,96.34235,94.034836,95.40811,96.98982,96.667206
MIT,b2c42,336,96.32305,94.360146,95.80975,97.73813,96.97758
MIT,b2c42,337,96.26713,94.17608,94.901474,98.191505,96.99328
MIT,b2c42,338,96.21532,94.28195,95.07567,97.964905,96.339096
MIT,b2c42,339,96.1983,96.39769,95.210144,97.36949,95.91722
MIT,b2c42,340,96.15916,94.46248,95.51603,97.71241,96.601845
MIT,b2c42,341,96.12611,96.10684,93.823326,97.49652,96.50952
MIT,b2c42,342,96.03422,95.77276,94.95493,96.20643,96.33462
MIT,b2c42,343,96.00772,94.18004,94.07688,97.06101,96.707504
MIT,b2c42,344,95.96947,95.93671,94.342545,95.74524,96.55984
MIT,b2c42,345,95.90806,95.9051,94.47333,96.939285,96.54322
MIT,b2c42,346,95.88795,94.087135,95.9353,97.631325,95.95615
MIT,b2c42,347,95.82639,93.76727,96.30222,97.163994,96.313675
MIT,b2c42,348,95.751076,95.930244,94.85919,97.01946,96.199036
MIT,b2c42,349,95.71392,94.05812,96.63341,97.3673,96.38976
MIT,b2c42,350,95.6637,92.97514,95.61582,96.78419,96.31052
MIT,b2c42,351,95.55047,95.312645,94.06895,95.788124,96.10531
MIT,b2c42,352,95.52169,95.35135,94.55203,96.293144,96.26121
MIT,b2c42,353,95.484474,92.696266,95.898964,96.41602,96.27793
MIT,b2c42,354,95.403404,93.57904,95.76584,96.40886,95.92905
MIT,b2c42,355,95.39102,92.92086,95.237206,96.75168,96.15052
MIT,b2c42,356,95.28795,93.65074,96.66976,96.50575,95.736984
MIT,b2c42,357,95.242516,95.250946,94.37799,96.00303,95.84871
MIT,b2c42,358,95.18082,93.12599,93.81037,97.24491,95.69242
MIT,b2c42,359,95.10113,92.97432,97.915245,96.58261,95.88706
MIT,b2c42,360,95.04387,92.90279,94.031845,96.632706,95.90397
MIT,b2c42,361,94.974304,94.66737,93.18805,96.38135,95.84852
MIT,b2c42,362,94.893845,92.18695,95.53306,96.18485,95.19885
MIT,b2c42,363,94.870476,95.151825,93.87301,96.07597,95.43148
MIT,b2c42,364,94.8225,93.641594,94.794975,96.11711,95.4143
MIT,b2c42,365,94.75982,93.07876,93.83367,96.50873,95.392746
MIT,b2c42,366,94.699066,94.433464,93.53342,96.13506,95.503944
MIT,b2c42,367,94.60239,93.42352,93.68024,96.460915,95.5243
MIT,b2c42,368,94.5202,94.40056,91.70365,96.00852,94.9528
MIT,b2c42,369,94.45377,94.600624,93.744514,95.47386,95.06605
MIT,b2c42,370,94.42533,92.21361,95.47144,95.30265,94.55664
MIT,b2c42,371,94.333534,94.36579,94.446205,95.7976,95.42328
MIT,b2c42,372,94.26432,94.12144,93.67857,95.653984,95.05078
MIT,b2c42,373,94.17061,92.80489,93.12411,96.02597,94.910034
MIT,b2c42,374,94.10775,94.00693,93.988075,95.13395,94.81415
MIT,b2c42,375,94.05792,93.93918,91.61514,95.185104,94.25731
MIT,b2c42,376,93.969505,92.33654,94.2065,95.6535,94.51913
MIT,b2c42,377,93.90246,92.36322,93.923874,95.83867,94.408936
MIT,b2c42,378,93.80959,92.15801,93.940765,96.4366,94.199776
MIT,b2c42,379,93.70929,92.24751,95.20052,95.02449,93.85586
MIT,b2c42,380,93.65538,92.27661,94.930046,95.10075,94.0068
MIT,b2c42,381,93.56803,90.71918,95.350624,95.39009,93.69897
MIT,b2c42,382,93.43638,93.324486,94.161865,94.46027,93.97494
MIT,b2c42,383,93.34934,91.655594,95.23314,94.61811,93.54591
MIT,b2c42,384,93.26866,90.05048,95.412254,94.414894,93.55833
MIT,b2c42,385,93.15808,91.26626,94.32259,94.66075,93.542015
MIT,b2c42,386,93.07481,91.82145,95.76998,95.198006,93.5689
MIT,b2c42,387,93.0029,91.634224,92.81873,96.2266,93.487206
MIT,b2c42,388,92.91099,91.72564,91.98595,96.34919,93.44138
MIT,b2c42,389,92.80232,91.97538,93.45656,94.90634,93.153046
MIT,b2c42,390,92.71329,92.97657,93.62664,94.93855,93.01069
MIT,b2c42,391,92.59783,91.61087,93.33396,94.43042,92.7136
MIT,b2c42,392,92.49688,91.75,94.25087,94.629326,92.869774
MIT,b2c42,393,92.38232,91.651024,93.25968,93.89556,92.691376
MIT,b2c42,394,92.26823,89.729385,94.053604,94.13501,92.390816
MIT,b2c42,395,92.14634,91.06988,92.99741,95.60042,92.50295
MIT,b2c42,396,92.04615,91.2626,94.18159,94.04497,92.15088
MIT,b2c42,397,91.94046,91.23613,93.48104,93.47889,92.50395
MIT,b2c42,398,91.812805,90.84617,90.859344,93.7631,91.9111
MIT,b2c42,399,91.67158,90.63745,91.19574,95.15242,91.84147
MIT,b2c42,400,91.55202,90.83639,93.08611,93.93459,91.63951
MIT,b2c42,401,91.44306,91.08128,93.22154,93.67587,91.62733
MIT,b2c42,402,91.30166,90.57343,92.309944,94.401146,91.4418
MIT,b2c42,403,91.18074,90.20163,92.40831,93.32328,91.15372
MIT,b2c42,404,91.054695,90.36416,93.43143,93.146835,91.24215
MIT,b2c42,405,90.914345,90.12946,92.32552,93.86826,91.20446
MIT,b2c42,406,90.794846,89.71736,92.758736,92.77781,90.93207
MIT,b2c42,407,90.65485,89.99989,92.45221,92.731705,90.66756
MIT,b2c42,408,90.523,88.78386,93.23472,91.59294,90.8759
MIT,b2c42,409,90.36442,89.30572,90.39416,94.44049,90.733986
MIT,b2c42,410,90.19987,88.48737,92.21698,91.33545,90.44853
MIT,b2c42,411,90.05749,88.33322,94.00759,91.17964,90.35419
MIT,b2c42,412,89.928734,89.5329,92.33761,92.764534,89.99232
MIT,b2c42,413,89.774605,88.34786,94.59007,90.91138,89.49073
MIT,b2c42,414,89.64517,87.98568,92.10332,91.74084,90.088165
MIT,b2c42,415,89.48368,89.398544,91.63571,93.56896,89.87008
MIT,b2c42,416,89.333145,89.32029,88.86444,92.59749,89.633675
MIT,b2c42,417,89.165085,88.842834,89.9445,91.902534,88.867775
MIT,b2c42,418,89.04799,87.16354,93.05379,91.015305,89.51754
MIT,b2c42,419,88.88058,86.77503,93.051254,90.24418,89.31369
MIT,b2c42,420,88.71367,86.99135,93.91498,90.71107,88.99922
MIT,b2c42,421,88.545494,88.55695,87.12846,91.32871,88.85954
MIT,b2c42,422,88.414764,88.21614,87.52127,91.01448,88.91246
MIT,b2c42,423,88.257126,87.99736,88.588196,92.03876,88.56431
MIT,b2c42,424,88.06965,86.410805,93.520584,90.22243,88.34153
MIT,b2c42,425,87.91706,86.1819,93.509995,90.027,88.032875
MIT,b2c42,426,87.74281,88.127464,86.163086,91.002106,88.02587
MIT,b2c42,427,87.60406,85.91232,92.638535,89.39404,87.789314
MIT,b2c42,428,87.43434,86.26979,94.11641,89.33264,87.71908
MIT,b2c42,429,87.27757,87.70539,86.06137,89.77849,87.56267
MIT,b2c42,430,87.120026,87.5358,85.90848,91.04701,87.38165
MIT,b2c42,431,86.942726,87.03568,85.48094,90.07242,87.27553
MIT,b2c42,432,86.78708,87.39773,86.17627,90.395996,87.14685
MIT,b2c42,433,86.6085,85.1654,93.18648,88.31208,86.78357
MIT,b2c42,434,86.4556,84.60212,92.05646,87.60177,87.036705
MIT,b2c42,435,86.28649,84.984146,92.5479,88.5199,86.427025
MIT,b2c42,436,86.13959,86.97061,86.301094,89.199265,86.28222
MIT,b2c42,437,85.98272,86.59035,85.781334,90.062675,86.25239
MIT,b2c42,438,85.80843,84.41907,93.089066,87.74086,86.07148
MIT,b2c42,439,85.637764,84.46523,93.30664,88.11626,85.984634
MIT,b2c42,440,85.486206,86.2283,88.37501,88.48976,85.76769
MIT,b2c42,441,85.339714,86.14517,86.6061,88.90209,85.62159
MIT,b2c42,442,85.17702,86.31247,85.87027,89.53847,85.28526
MIT,b2c42,443,84.98105,86.1835,87.093864,88.10106,85.09311
MIT,b2c42,444,84.811775,86.03054,85.86921,88.44703,85.09426
MIT,b2c42,445,84.66569,85.82152,84.57178,88.051254,84.97903
MIT,b2c42,446,84.48994,85.74807,84.92127,88.7881,84.86705
MIT,b2c42,447,84.32381,85.759315,83.95396,87.521736,84.7479
MIT,b2c42,448,84.157425,82.935234,90.39838,85.27475,84.931915
MIT,b2c42,449,83.99766,85.37218,84.5216,86.20354,84.59467
MIT,b2c42,450,83.828964,82.763725,88.99067,84.74867,83.69734
MIT,b2c42,451,83.67584,85.09545,84.891426,86.6066,83.436584
MIT,b2c42,452,83.50596,82.66347,88.82305,85.06515,83.594376
MIT,b2c42,453,83.338486,84.969635,84.29693,86.02582,83.65115
MIT,b2c42,454,83.1839,85.13287,85.85495,86.259445,83.31164
MIT,b2c42,455,83.009705,82.376434,90.738525,84.819084,83.3568
MIT,b2c42,456,82.82499,81.870544,87.31096,83.9673,83.14235
MIT,b2c42,457,82.67386,84.59088,83.61632,85.20236,83.11678
MIT,b2c42,458,82.48679,84.49671,83.0446,84.44223,82.68757
MIT,b2c42,459,82.31422,81.82472,87.37125,83.733055,82.864075
MIT,b2c42,460,82.17695,81.15799,85.551636,83.10685,82.43857
MIT,b2c42,461,82.00464,82.00258,90.258514,84.11116,82.309235
MIT,b2c42,462,81.827,80.30737,82.43952,81.77253,81.816986
MIT,b2c42,463,81.65787,84.28766,82.86521,83.862434,82.056305
MIT,b2c42,464,81.51841,84.15741,83.2789,84.70386,81.80791
MIT,b2c42,465,81.33302,83.95231,83.01005,84.84015,81.546005
MIT,b2c42,466,81.1415,79.89416,84.83386,81.7892,81.80305
MIT,b2c42,467,80.9614,83.84637,83.321,83.50193,81.608
MIT,b2c42,468,80.7853,83.76121,81.55016,81.70763,81.47715
MIT,b2c42,469,80.56914,78.020134,84.28419,81.51704,80.35828
MIT,b2c42,470,80.426445,79.65581,83.21359,81.19692,81.08999
MIT,b2c42,471,80.25436,79.75496,84.52612,80.9148,81.07692
MIT,b2c42,472,80.099495,83.549194,81.98675,83.357574,80.0585
MIT,b2c42,473,79.895226,83.62956,81.78741,82.65224,80.24711
MIT,b2c42,474,79.711136,79.6591,82.269554,81.02055,80.205025
MIT,b2c42,475,79.43256,79.9108,86.06882,82.111,79.97648
MIT,b2c42,476,79.36062,83.26674,82.15719,82.51128,80.17141
MIT,b2c42,477,79.17194,83.01948,80.594154,82.33881,80.26619
MIT,b2c42,478,78.99519,82.99312,80.91127,81.74443,79.697914
MIT,b2c42,479,78.78062,79.570435,83.17386,80.78003,78.96558
MIT,b2c42,480,78.61123,82.865685,80.20893,81.57367,78.8972
MIT,b2c42,481,78.40508,79.54157,81.09239,80.87262,78.89615
MIT,b2c42,482,78.22924,82.781425,77.71172,80.839294,78.95079
MIT,b2c42,483,78.01475,82.865616,81.09672,81.25153,78.95421
MIT,b2c42,484,77.83042,82.53325,79.95548,81.5092,78.613495
MIT,b2c42,485,77.63227,79.4827,80.42257,80.45086,78.08959
MIT,b2c42,486,77.47007,79.248146,81.514626,79.78449,77.48066
MIT,b2c42,487,77.25593,79.4086,81.22971,80.31406,77.35007
MIT,b2c42,488,77.10027,82.433685,80.97579,80.531006,77.48624
MIT,b2c42,489,76.888985,82.28959,79.61587,80.66982,77.49245
MIT,b2c42,490,76.72054,79.63826,80.58768,80.40675,77.38412
MIT,b2c42,491,76.49753,79.34709,81.176056,80.268684,77.53063
MIT,b3c28,1,99.960815,100.250404,96.839775,99.6827,99.619965
MIT,b3c28,2,100.0,100.25204,97.012024,99.64837,99.662865
MIT,b3c28,3,100.02298,100.24802,96.842705,99.88227,99.73048
MIT,b3c28,4,100.039856,100.26174,97.098595,99.86657,99.7997
MIT,b3c28,5,100.03607,100.23714,96.96923,99.933205,99.786766
MIT,b3c28,6,100.03779,100.25364,97.14733,99.78841,99.82104
MIT,b3c28,7,100.03779,100.23944,97.07996,99.93116,99.81122
MIT,b3c28,8,100.03005,100.22772,97.155975,99.99346,99.82236
MIT,b3c28,9,100.01696,100.212006,97.09019,99.88616,99.78493
MIT,b3c28,10,100.00802,100.239456,97.28504,99.87353,99.80318
MIT,b3c28,11,99.98719,100.14521,96.995995,99.84845,99.81654
MIT,b3c28,12,99.96519,100.21589,97.226006,100.01312,99.98205
MIT,b3c28,13,99.95268,100.1854,97.12193,99.96721,99.749115
MIT,b3c28,14,99.942245,100.17678,97.02757,100.09779,100.03137
MIT,b3c28,15,99.92474,100.11526,96.91029,99.82285,99.91779
MIT,b3c28,16,99.90591,100.10616,96.828636,99.90787,99.808105
MIT,b3c28,17,99.90376,100.13334,97.14295,99.618095,99.77176
MIT,b3c28,18,99.88496,100.09737,96.89172,99.86033,99.873215
MIT,b3c28,19,99.8693,100.16114,97.15967,99.986206,99.74131
MIT,b3c28,20,99.868416,100.07213,96.80276,99.901924,99.8961
MIT,b3c28,21,99.82966,100.02896,96.807816,99.87755,99.94238
MIT,b3c28,22,99.812,100.00067,96.85043,99.774536,99.86634
MIT,b3c28,23,99.790085,100.000725,96.88758,99.753685,99.7947
MIT,b3c28,24,99.768105,100.07484,97.26055,99.86283,99.767044
MIT,b3c28,25,99.75182,99.969666,96.92372,99.79529,99.94948
MIT,b3c28,26,99.73709,100.04225,97.18341,99.95209,99.945656
MIT,b3c28,27,99.70195,100.05193,97.27879,100.00402,99.774765
MIT,b3c28,28,99.68087,99.980034,97.168755,99.8358,99.76756
MIT,b3c28,29,99.65964,99.98877,97.165665,99.95117,99.756516
MIT,b3c28,30,99.65245,100.01518,97.28339,99.905365,99.717125
MIT,b3c28,31,99.64053,99.936295,97.11094,99.69056,99.799965
MIT,b3c28,32,99.64023,99.91311,97.11394,99.7188,99.721466
MIT,b3c28,33,99.6164,99.99059,97.29198,99.74976,99.65984
MIT,b3c28,34,99.59544,99.946884,97.26996,99.82343,99.73147
MIT,b3c28,35,99.58244,99.89253,97.16667,99.743225,99.7621
MIT,b3c28,36,99.56845,99.95278,97.21789,99.81426,99.77158
MIT,b3c28,37,99.55867,99.98274,97.25261,99.87671,99.75963
MIT,b3c28,38,99.535835,99.96428,97.176544,99.88501,99.76498
MIT,b3c28,39,99.50837,99.9464,97.23058,99.93135,99.80724
MIT,b3c28,40,99.49544,99.94268,97.18038,100.050125,99.785225
MIT,b3c28,41,99.47689,99.8986,97.27403,100.01697,99.77146
MIT,b3c28,42,99.45927,99.82284,97.064026,99.88377,99.72325
MIT,b3c28,43,99.42245,99.84337,97.12961,99.837875,99.74694
MIT,b3c28,44,99.395874,99.882614,97.21037,99.75221,99.762726
MIT,b3c28,45,99.38141,99.78816,97.04921,99.788124,99.57871
MIT,b3c28,46,99.368805,99.94044,97.22824,99.91105,99.572525
MIT,b3c28,47,99.34918,99.86088,97.242065,99.83391,99.57871
MIT,b3c28,48,99.33394,99.87889,97.24245,99.74567,99.53326
MIT,b3c28,49,99.31324,99.76868,97.00234,99.807724,99.73531
MIT,b3c28,50,99.29566,99.88538,97.22225,99.62071,99.50201
MIT,b3c28,51,99.26447,99.74181,97.1355,99.57113,99.56393
MIT,b3c28,52,99.25848,99.75352,97.03191,99.705826,99.55721
MIT,b3c28,53,99.23314,99.70413,96.991486,99.571625,99.54979
MIT,b3c28,54,99.22047,99.79875,97.12542,99.5442,99.43826
MIT,b3c28,55,99.190956,99.70576,97.03831,99.71109,99.55882
MIT,b3c28,56,99.178764,99.689514,97.06967,99.686,99.49277
MIT,b3c28,57,99.17049,99.623505,96.92825,99.60849,99.47025
MIT,b3c28,58,99.14813,99.71797,97.09983,99.592766,99.356735
MIT,b3c28,59,99.12544,99.67327,97.05042,99.53406,99.34409
MIT,b3c28,60,99.10735,99.73822,97.19478,99.618965,99.37315
MIT,b3c28,61,99.0905,99.63824,97.07858,99.62529,99.458145
MIT,b3c28,62,99.07214,99.74855,97.153725,99.63103,99.45704
MIT,b3c28,63,99.05042,99.72455,97.13138,99.67927,99.43249
MIT,b3c28,64,99.03205,99.57229,96.913414,99.52963,99.41807
MIT,b3c28,65,99.01146,99.60636,97.14443,99.63935,99.49633
MIT,b3c28,66,98.98351,99.60129,97.09498,99.74792,99.41774
MIT,b3c28,67,98.964874,99.50298,96.89124,99.60701,99.45226
MIT,b3c28,68,98.947174,99.54341,97.01973,99.65025,99.475136
MIT,b3c28,69,98.92397,99.5034,96.90395,99.74759,99.483284
MIT,b3c28,70,98.903694,99.64097,97.13324,99.80719,99.515236
MIT,b3c28,71,98.88636,99.52949,97.03691,99.660416,99.35857
MIT,b3c28,72,98.861824,99.48581,96.98113,99.65289,99.43595
MIT,b3c28,73,98.83982,99.46964,97.1007,99.63295,99.4681
MIT,b3c28,74,98.82085,98.192924,97.454185,99.41874,99.54447
MIT,b3c28,75,98.79583,99.44676,96.77833,99.53714,99.42482
MIT,b3c28,76,98.77758,99.48109,96.94917,99.2897,99.39699
MIT,b3c28,77,98.75438,99.47494,96.98996,99.676956,99.363815
MIT,b3c28,78,98.72564,99.397156,96.83667,99.63076,99.433174
MIT,b3c28,79,98.71092,99.54015,97.18008,99.72484,99.392
MIT,b3c28,80,98.68418,99.400406,96.87666,99.44412,99.38485
MIT,b3c28,81,98.66733,99.43633,97.08989,99.45155,99.36318
MIT,b3c28,82,98.64863,99.37501,97.049255,99.546036,99.31347
MIT,b3c28,83,98.629616,99.40278,97.14352,99.50724,99.29725
MIT,b3c28,84,98.607,99.427536,97.18265,99.474525,99.300804
MIT,b3c28,85,98.577614,99.32038,96.95793,99.44986,99.33775
MIT,b3c28,86,98.5515,99.331436,96.98096,99.350746,99.23132
MIT,b3c28,87,98.54002,99.401825,97.126076,99.478676,99.16639
MIT,b3c28,88,98.51754,99.31851,97.06896,99.355484,99.25671
MIT,b3c28,89,98.51061,99.309296,96.981125,99.18904,99.28835
MIT,b3c28,90,98.49058,99.25075,96.87484,99.15631,99.28896
MIT,b3c28,91,98.463165,99.321304,97.04272,99.25681,99.23579
MIT,b3c28,92,98.43688,99.26396,96.93803,99.29811,99.26417
MIT,b3c28,93,98.40496,99.33651,97.08215,99.36025,99.25111
MIT,b3c28,94,98.383125,99.18031,96.88843,99.41841,99.35568
MIT,b3c28,95,98.35263,99.26067,97.09537,99.3034,99.12581
MIT,b3c28,96,98.32905,99.28828,97.13875,99.34966,99.17827
MIT,b3c28,97,98.312614,99.31989,97.12643,99.32809,99.17556
MIT,b3c28,98,98.281746,99.206726,97.07139,99.30895,99.10257
MIT,b3c28,99,98.26379,99.08525,97.016846,99.19819,99.15863
MIT,b3c28,100,98.235954,99.261826,97.15996,99.45862,99.072655
MIT,b3c28,101,98.22446,99.20792,97.13828,99.366745,99.14475
MIT,b3c28,102,98.195015,99.17704,97.05266,99.353355,99.04452
MIT,b3c28,103,98.17713,99.192276,97.048874,99.27287,99.13308
MIT,b3c28,104,98.160286,99.04325,96.895096,99.08398,99.22301
MIT,b3c28,105,98.121864,99.13223,97.04949,98.8932,99.06259
MIT,b3c28,106,98.106445,99.139175,97.20055,99.15327,99.04785
MIT,b3c28,107,98.075935,99.05426,97.10244,99.38072,99.12266
MIT,b3c28,108,98.05746,98.95535,96.82847,99.034805,99.073395
MIT,b3c28,109,98.032455,98.93963,96.764366,99.140205,99.03645
MIT,b3c28,110,98.010605,99.125275,97.105995,99.240616,99.04996
MIT,b3c28,111,97.99433,99.06747,96.984634,99.483406,99.10014
MIT,b3c28,112,97.964905,98.97992,96.89468,99.05008,99.145454
MIT,b3c28,113,97.95067,98.97037,96.89606,99.14532,99.13849
MIT,b3c28,114,97.82092,98.909134,96.94762,99.12561,99.15343
MIT,b3c28,115,97.91361,98.98579,96.99526,99.13087,99.16371
MIT,b3c28,116,97.886185,98.98987,97.04737,98.933914,99.31709
MIT,b3c28,117,97.85739,98.748726,96.68081,98.80371,99.18995
MIT,b3c28,118,97.83696,98.85722,96.67256,99.02057,99.18685
MIT,b3c28,119,97.81523,98.73119,96.473724,98.5416,99.19782
MIT,b3c28,120,97.798996,98.71213,96.68843,98.498795,99.17493
MIT,b3c28,121,97.76738,98.67059,96.667946,98.33621,99.26219
MIT,b3c28,122,97.75718,98.71781,96.53193,98.494095,99.26586
MIT,b3c28,123,97.73371,98.65908,96.48678,98.375916,99.083176
MIT,b3c28,124,97.71018,98.7712,96.77063,98.676865,99.01195
MIT,b3c28,125,97.68914,98.77133,96.773544,98.479744,98.953606
MIT,b3c28,126,97.67317,98.82478,96.81536,98.54591,99.09962
MIT,b3c28,127,97.64642,98.72903,96.85916,98.57613,98.83808
MIT,b3c28,128,97.616356,98.79949,96.86862,98.64465,98.85409
MIT,b3c28,129,97.590965,98.54376,96.65868,98.33258,98.80326
MIT,b3c28,130,97.57436,98.58806,96.87214,98.511566,98.93887
MIT,b3c28,131,97.55142,98.49569,96.69484,98.47581,98.83562
MIT,b3c28,132,97.52953,98.6359,96.74679,98.621086,98.81785
MIT,b3c28,133,97.51138,98.744514,96.92847,99.04457,98.778
MIT,b3c28,134,97.48794,98.719574,97.05498,98.998024,98.76081
MIT,b3c28,135,97.459335,98.45172,96.72915,98.70572,98.83668
MIT,b3c28,136,97.436195,98.618904,96.81414,98.80721,98.78025
MIT,b3c28,137,97.41508,98.65219,96.89158,98.8927,98.7688
MIT,b3c28,138,97.39017,98.56636,96.90636,98.99834,98.69499
MIT,b3c28,139,97.36736,98.47637,96.77144,98.759186,98.82777
MIT,b3c28,140,97.33112,98.38234,96.6957,98.3301,98.82532
MIT,b3c28,141,97.30444,98.4503,96.73524,98.659164,98.687256
MIT,b3c28,142,97.29175,98.52517,96.85906,98.98971,98.62123
MIT,b3c28,143,97.25141,98.3546,96.59597,98.50625,98.74635
MIT,b3c28,144,97.22833,98.43855,96.73596,98.585884,98.555534
MIT,b3c28,145,97.216576,98.50532,96.808205,99.027565,98.760925
MIT,b3c28,146,97.20883,98.29299,96.68039,98.36389,98.627426
MIT,b3c28,147,97.1856,98.39279,96.85633,98.439285,98.66801
MIT,b3c28,148,97.16419,98.44472,96.777374,98.58579,98.678474
MIT,b3c28,149,97.14686,98.40412,96.769966,98.13132,98.48518
MIT,b3c28,150,97.12798,98.46403,96.764595,98.180244,98.39619
MIT,b3c28,151,97.10153,98.53651,96.792885,98.362,98.40021
MIT,b3c28,152,97.07167,98.15988,96.31961,97.257515,98.37283
MIT,b3c28,153,97.0545,98.23956,96.68083,98.02554,98.455025
MIT,b3c28,154,97.034904,98.188255,96.53341,97.874466,98.35961
MIT,b3c28,155,97.024536,98.33735,96.74392,98.205956,98.41605
MIT,b3c28,156,96.99894,98.09177,96.53382,98.037254,98.389496
MIT,b3c28,157,96.978935,98.207275,96.65608,98.17626,98.40607
MIT,b3c28,158,96.957756,98.0337,96.5547,97.98076,98.37784
MIT,b3c28,159,96.93346,98.19223,96.770805,98.14907,97.921364
MIT,b3c28,160,96.91361,98.23947,96.854324,98.27051,98.463806
MIT,b3c28,161,96.885445,98.22866,96.71909,98.152054,98.02459
MIT,b3c28,162,96.86337,98.373375,96.910774,98.52341,98.0387
MIT,b3c28,163,96.8376,98.1273,96.64166,98.402145,98.04859
MIT,b3c28,164,96.81787,98.25575,96.836716,98.74581,98.046455
MIT,b3c28,165,96.787415,97.9666,96.47249,98.08123,97.25782
MIT,b3c28,166,96.76426,98.00098,96.660255,97.76627,97.77745
MIT,b3c28,167,96.72411,97.890114,96.51745,97.59692,97.91077
MIT,b3c28,168,96.70798,98.05084,96.78904,97.87346,98.01354
MIT,b3c28,169,96.68679,98.05336,96.881966,98.35747,97.61157
MIT,b3c28,170,96.67162,97.699646,96.40798,98.37398,97.491875
MIT,b3c28,171,96.63611,97.863686,96.642624,98.19298,97.55912
MIT,b3c28,172,96.62473,97.75488,96.65801,98.01076,97.62399
MIT,b3c28,173,96.59998,97.83285,96.65244,98.00386,97.56315
MIT,b3c28,174,96.57766,97.892395,96.70024,98.037254,97.61706
MIT,b3c28,175,96.56301,97.95332,96.708664,97.29277,97.539505
MIT,b3c28,176,96.53998,97.71682,96.32575,97.98317,97.34804
MIT,b3c28,177,96.525154,97.75603,96.52573,97.15945,97.319565
MIT,b3c28,178,96.39044,97.64901,96.149216,97.17821,97.3108
MIT,b3c28,179,96.47994,97.91422,96.50384,97.8128,97.29857
MIT,b3c28,180,96.45566,97.58669,95.87644,97.266624,97.29562
MIT,b3c28,181,96.43521,97.55964,96.18262,97.627106,97.2571
MIT,b3c28,182,96.41837,97.46699,96.01461,97.54328,97.237366
MIT,b3c28,183,96.400536,97.79434,96.61942,97.775505,97.25955
MIT,b3c28,184,96.37771,97.66897,96.50625,97.66798,97.25359
MIT,b3c28,185,96.35286,97.46299,96.046555,97.10961,96.152435
MIT,b3c28,186,96.34574,97.74819,96.35322,97.17845,96.14427
MIT,b3c28,187,96.31807,97.48576,95.49563,97.02709,95.52776
MIT,b3c28,188,96.31199,97.600914,96.53941,97.54506,95.76199
MIT,b3c28,189,96.28824,97.73479,96.50354,97.46388,96.061066
MIT,b3c28,190,96.263466,97.56778,96.224045,97.04134,96.30352
MIT,b3c28,191,96.2467,97.39339,96.191925,97.084404,96.21121
MIT,b3c28,192,96.22382,97.548775,96.253716,97.51277,96.19636
MIT,b3c28,193,96.21009,97.62911,96.30748,97.62725,96.23572
MIT,b3c28,194,96.17684,97.29982,95.36095,96.901184,96.05863
MIT,b3c28,195,96.152336,97.601364,96.316444,96.84645,95.88256
MIT,b3c28,196,96.13801,97.50919,96.36806,97.0253,95.81945
MIT,b3c28,197,96.11482,97.33333,96.132324,97.2551,95.97855
MIT,b3c28,198,96.086,97.23256,95.933846,97.05417,95.97925
MIT,b3c28,199,96.04967,97.28807,96.16039,96.82999,96.00094
MIT,b3c28,200,96.04517,97.394905,96.533646,97.460846,96.019745
MIT,b3c28,201,96.008965,97.38528,96.5141,97.28379,97.310646
MIT,b3c28,202,95.9867,97.16507,96.285965,97.71244,97.31681
MIT,b3c28,203,95.95767,97.3258,96.35749,97.39342,97.3216
MIT,b3c28,204,95.92837,97.10313,96.24286,97.46299,97.291916
MIT,b3c28,205,95.91079,97.09111,96.2469,96.71808,96.629295
MIT,b3c28,206,95.88328,97.07114,96.327446,97.065346,97.28141
MIT,b3c28,207,95.854836,96.97171,95.83176,96.99244,96.591576
MIT,b3c28,208,95.83611,97.22946,96.344376,96.768265,97.147705
MIT,b3c28,209,95.81382,97.37838,91.6185,96.27418,95.874115
MIT,b3c28,210,95.813385,97.3,96.12809,97.41131,94.98906
MIT,b3c28,211,95.770836,96.94202,95.092155,95.623764,94.89588
MIT,b3c28,212,95.74647,97.22039,95.648796,96.449356,95.43919
MIT,b3c28,213,95.72231,97.02972,95.04986,96.33111,94.98234
MIT,b3c28,214,95.704506,96.76155,94.70725,95.769875,94.96325
MIT,b3c28,215,95.691345,97.0258,95.384315,96.63773,94.90749
MIT,b3c28,216,95.67281,97.008095,95.48033,94.69242,94.940605
MIT,b3c28,217,95.65193,96.89803,95.26242,96.295906,94.89842
MIT,b3c28,218,95.62306,97.0032,95.06332,94.959206,94.953735
MIT,b3c28,219,95.59902,96.79571,94.63716,95.540924,95.57936
MIT,b3c28,220,95.5791,97.01571,94.94279,95.90888,95.4421
MIT,b3c28,221,95.565254,96.79923,94.88264,96.08361,95.38949
MIT,b3c28,222,95.54903,96.82463,95.03355,95.6415,95.32885
MIT,b3c28,223,95.53498,97.00394,95.34104,95.97217,94.80742
MIT,b3c28,224,95.51855,96.66975,95.57534,95.64021,94.64837
MIT,b3c28,225,95.492966,96.847404,95.74608,95.939766,95.30492
MIT,b3c28,226,95.488686,96.86323,95.56194,96.366165,95.13104
MIT,b3c28,227,95.45344,96.675514,95.45992,95.24706,95.14491
MIT,b3c28,228,95.44026,96.59,95.13118,95.07153,95.39279
MIT,b3c28,229,95.428825,96.77121,95.73192,95.74121,95.1705
MIT,b3c28,230,95.404526,96.63971,95.28885,95.3715,95.345955
MIT,b3c28,231,95.38398,96.75073,94.76857,95.3042,95.31646
MIT,b3c28,232,95.36096,96.63,94.44526,94.87132,95.40868
MIT,b3c28,233,95.33757,96.603806,94.71855,95.428894,95.121735
MIT,b3c28,234,95.31029,96.65021,94.56969,95.35372,95.11656
MIT,b3c28,235,95.29144,96.63724,95.13156,94.98893,94.98975
MIT,b3c28,236,95.25992,96.6107,94.79546,95.47048,94.721
MIT,b3c28,237,95.2574,96.55312,95.35393,94.85416,94.795616
MIT,b3c28,238,95.240135,96.58657,95.587944,95.08361,94.895775
MIT,b3c28,239,95.2085,96.649414,95.65747,94.91824,94.90062
MIT,b3c28,240,95.18941,96.33741,94.885056,95.03744,94.87563
MIT,b3c28,241,95.17406,96.31688,94.96144,96.52634,94.75767
MIT,b3c28,242,95.152596,96.6375,95.3539,95.05975,95.23423
MIT,b3c28,243,95.142685,96.460434,95.50095,94.75658,95.131004
MIT,b3c28,244,95.111565,96.34628,94.62336,94.126015,94.97993
MIT,b3c28,245,95.08503,96.10181,94.31558,94.07843,94.82919
MIT,b3c28,246,95.069626,96.40466,95.251434,94.89013,94.73592
MIT,b3c28,247,95.05051,96.50119,95.57634,95.12194,94.66748
MIT,b3c28,248,95.03225,96.39857,95.098885,95.155365,94.70825
MIT,b3c28,249,95.01132,96.13604,94.76,94.97957,94.96403
MIT,b3c28,250,94.99503,96.16984,95.186844,93.636475,95.05814
MIT,b3c28,251,94.97127,96.01813,94.93077,94.09625,94.90824
MIT,b3c28,252,94.95284,96.38024,95.06084,95.025345,94.678406
MIT,b3c28,253,94.91814,96.24547,94.37084,94.091835,94.884445
MIT,b3c28,254,94.89248,96.346016,94.56271,94.53852,94.99325
MIT,b3c28,255,94.867966,96.3089,94.64577,94.10567,95.00826
MIT,b3c28,256,94.847115,96.293816,95.2154,93.98715,94.84585
MIT,b3c28,257,94.81653,95.83003,93.83626,92.801346,94.90228
MIT,b3c28,258,94.78822,95.972984,94.6011,94.777596,94.65269
MIT,b3c28,259,94.7687,95.81237,95.08281,93.657036,94.55519
MIT,b3c28,260,94.74029,95.925224,94.836815,94.02382,94.58226
MIT,b3c28,261,94.72106,95.77928,94.91398,95.19009,94.556625
MIT,b3c28,262,94.698235,95.88753,94.46934,93.85771,94.88032
MIT,b3c28,263,94.7005,95.76502,94.88363,94.0201,94.92978
MIT,b3c28,264,94.66471,95.65307,94.45002,93.56615,94.919846
MIT,b3c28,265,94.64129,95.96393,94.46901,94.57746,94.92057
MIT,b3c28,266,94.625725,95.720116,94.10886,93.36261,94.90968
MIT,b3c28,267,94.60042,95.50805,94.208786,94.22423,94.92051
MIT,b3c28,268,94.567055,95.752815,94.16292,93.76967,94.922676
MIT,b3c28,269,94.55074,95.6909,93.98609,94.27294,94.93632
MIT,b3c28,270,94.528915,95.921455,94.5379,93.41112,94.9189
MIT,b3c28,271,94.51214,95.65161,94.60085,93.97744,94.902
MIT,b3c28,272,94.48609,95.75789,94.93934,93.37568,94.90951
MIT,b3c28,273,94.45844,95.72971,94.82409,92.70793,94.87312
MIT,b3c28,274,94.43334,95.53,94.499916,93.38277,94.44758
MIT,b3c28,275,94.413,95.47704,94.53523,92.84607,94.87018
MIT,b3c28,276,94.38108,95.60254,94.14255,92.480484,94.81617
MIT,b3c28,277,94.36531,95.51648,94.722885,93.45881,94.854385
MIT,b3c28,278,94.35359,95.29311,94.19223,93.32392,94.37479
MIT,b3c28,279,94.33027,95.78868,94.89317,93.88894,94.75374
MIT,b3c28,280,94.30398,95.52954,94.57448,93.53046,94.31427
MIT,b3c28,281,94.28279,95.290375,94.78407,93.0652,94.52843
MIT,b3c28,282,94.26819,95.282326,94.23534,91.832855,94.526115
MIT,b3c28,283,94.235725,95.26946,93.532936,92.95831,94.389145
MIT,b3c28,284,94.20957,95.144745,93.51601,91.528366,94.386925
MIT,b3c28,285,94.18228,95.52648,94.05278,93.94723,94.354546
MIT,b3c28,286,94.147896,95.54323,94.013824,93.13927,94.46421
MIT,b3c28,287,94.11631,95.114555,92.34892,93.054886,94.34094
MIT,b3c28,288,94.07738,95.32678,93.03849,93.27359,94.36506
MIT,b3c28,289,94.051094,94.80637,92.56313,93.016365,94.27211
MIT,b3c28,290,94.023445,94.84231,92.739784,92.42756,94.33144
MIT,b3c28,291,94.00447,94.80698,93.187645,93.09047,94.15949
MIT,b3c28,292,93.990906,94.9782,93.36315,93.29213,94.13161
MIT,b3c28,293,93.9699,94.974205,93.364365,92.72157,94.136955
MIT,b3c28,294,93.95218,94.821625,92.806946,91.60431,94.18545
MIT,b3c28,295,93.9151,95.263016,93.536354,92.8123,94.26374
MIT,b3c28,296,93.89541,94.97859,93.555016,92.44261,94.16233
MIT,b3c28,297,93.87006,95.09134,93.82835,92.39925,94.15914
MIT,b3c28,298,93.83044,94.78099,92.52839,92.56175,94.274124
MIT,b3c28,299,93.81298,94.84287,93.37509,92.306175,94.21241
MIT,b3c28,300,93.78541,94.95907,93.780754,92.75668,94.62116
MIT,b3c28,301,93.76696,94.54406,92.80848,91.98834,94.20051
MIT,b3c28,302,93.743225,94.58503,92.57801,91.162415,94.20051
MIT,b3c28,303,93.715195,94.788216,92.822716,91.27249,94.38675
MIT,b3c28,304,93.67831,94.55824,92.12396,90.97769,94.41785
MIT,b3c28,305,93.66378,94.51191,93.38987,92.568634,94.41842
MIT,b3c28,306,93.63946,94.450966,93.165825,92.52734,94.35831
MIT,b3c28,307,93.60421,94.89316,93.78941,92.648796,94.27871
MIT,b3c28,308,93.58326,94.70905,94.07626,92.505745,94.2278
MIT,b3c28,309,93.55881,94.35666,92.77377,92.2972,94.17095
MIT,b3c28,310,93.53657,94.34949,93.1829,92.79846,94.171844
MIT,b3c28,311,93.48868,94.69875,93.164474,93.53023,93.829315
MIT,b3c28,312,93.487,94.23273,93.47531,92.36861,93.81749
MIT,b3c28,313,93.450775,94.55091,92.77862,92.14483,93.82868
MIT,b3c28,314,93.435875,94.226555,92.73564,92.513626,93.882935
MIT,b3c28,315,93.40801,94.28397,93.23966,92.96279,93.698296
MIT,b3c28,316,93.38133,94.23774,92.6588,92.26997,93.85
MIT,b3c28,317,93.37396,94.22139,93.23068,91.955505,93.74291
MIT,b3c28,318,93.35025,94.22504,93.20878,92.54018,93.71683
MIT,b3c28,319,93.318886,94.270676,93.20763,90.37825,93.67154
MIT,b3c28,320,93.285385,94.34326,92.46282,91.64121,93.76605
MIT,b3c28,321,93.25946,94.15411,92.845085,91.921486,93.59298
MIT,b3c28,322,93.22069,94.167625,92.57788,92.59463,93.87211
MIT,b3c28,323,93.19542,94.341576,93.102005,92.5261,93.9174
MIT,b3c28,324,93.16615,93.864075,91.96786,91.476616,93.80572
MIT,b3c28,325,93.14842,93.9792,92.1764,91.4137,93.927734
MIT,b3c28,326,93.129906,94.3071,93.317055,92.26868,93.967
MIT,b3c28,327,93.121284,93.914345,93.28194,91.6348,93.54443
MIT,b3c28,328,93.103294,94.32101,93.94883,91.8302,93.51873
MIT,b3c28,329,93.0643,93.8151,92.78996,91.105194,93.55001
MIT,b3c28,330,93.02525,94.256714,93.72906,92.308495,93.50414
MIT,b3c28,331,92.98198,94.15177,92.65723,92.848885,93.53006
MIT,b3c28,332,92.96319,93.92454,93.22005,92.46203,93.29975
MIT,b3c28,333,92.940636,93.99055,94.03421,91.73642,93.47031
MIT,b3c28,334,92.92234,93.91844,94.19506,90.51178,93.43902
MIT,b3c28,335,92.90226,93.8507,93.79487,92.05716,93.28819
MIT,b3c28,336,92.87309,93.80293,93.964645,91.80419,93.22468
MIT,b3c28,337,92.84687,93.5549,93.44083,91.56757,93.22735
MIT,b3c28,338,92.821205,93.793625,93.12565,91.172516,92.94591
MIT,b3c28,339,92.79443,93.88279,93.791916,90.59131,93.32681
MIT,b3c28,340,92.74955,93.47846,92.55031,91.319046,92.96474
MIT,b3c28,341,92.714745,93.435875,92.47134,91.06195,93.237434
MIT,b3c28,342,92.684456,93.61065,93.42238,91.09633,93.20045
MIT,b3c28,343,92.65829,93.26616,92.92751,91.38408,92.60585
MIT,b3c28,344,92.6296,93.24935,93.18683,90.75287,92.97609
MIT,b3c28,345,92.47197,93.21686,91.8953,91.62849,92.461426
MIT,b3c28,346,92.57705,93.767845,93.650024,90.84588,92.58993
MIT,b3c28,347,92.53799,93.446266,92.980995,91.41128,91.76586
MIT,b3c28,348,92.51221,93.562515,92.67557,91.409424,92.61446
MIT,b3c28,349,92.48117,93.188896,92.7342,91.497955,91.791985
MIT,b3c28,350,92.45245,93.22675,92.96613,91.60242,91.636024
MIT,b3c28,351,92.43277,93.39455,93.555504,90.78927,91.76586
MIT,b3c28,352,92.40547,93.348625,93.911705,90.42924,91.76299
MIT,b3c28,353,92.36521,93.19352,92.808105,90.82374,91.62955
MIT,b3c28,354,92.3479,93.1802,92.531166,91.215904,91.63337
MIT,b3c28,355,92.31547,93.449066,93.26745,91.19658,91.67999
MIT,b3c28,356,92.27892,93.002625,92.41507,91.15712,91.1867
MIT,b3c28,357,92.25123,92.950516,92.368614,92.25146,91.09126
MIT,b3c28,358,92.21311,92.85217,91.47904,90.45921,92.378654
MIT,b3c28,359,92.181694,93.23602,93.07452,90.828285,92.150894
MIT,b3c28,360,92.164154,92.842514,92.46858,90.95995,92.3249
MIT,b3c28,361,92.126205,93.208466,93.07753,89.90111,92.17607
MIT,b3c28,362,92.09911,92.81174,92.09098,91.47592,91.95682
MIT,b3c28,363,92.072365,92.78279,91.726555,90.757866,91.946045
MIT,b3c28,364,92.04189,93.03735,93.27377,90.168076,91.94834
MIT,b3c28,365,92.0107,92.54848,92.33752,90.33889,91.969635
MIT,b3c28,366,91.97561,92.57073,92.79707,90.55894,91.923256
MIT,b3c28,367,91.940575,92.4524,92.06495,91.34027,91.94152
MIT,b3c28,368,91.91293,92.51684,93.05683,90.68996,92.0421
MIT,b3c28,369,91.87737,92.52709,92.60837,90.191734,91.946365
MIT,b3c28,370,91.84202,92.672035,92.875916,91.55827,91.93466
MIT,b3c28,371,91.80752,92.60308,93.023315,90.36333,91.89793
MIT,b3c28,372,91.76621,92.54372,92.71309,90.27589,91.98306
MIT,b3c28,373,91.7389,92.349075,92.55434,90.73399,91.88265
MIT,b3c28,374,91.71906,92.18625,92.18558,91.24484,91.71888
MIT,b3c28,375,91.68958,92.09766,92.81116,89.99122,91.81077
MIT,b3c28,376,91.64687,92.513504,93.44079,90.94732,91.96719
MIT,b3c28,377,91.605385,92.21375,93.23539,89.60405,91.757126
MIT,b3c28,378,91.56457,92.552155,93.6956,90.25789,91.79642
MIT,b3c28,379,91.535965,92.12492,92.60399,90.15471,91.698166
MIT,b3c28,380,91.50035,92.45932,93.3316,90.89889,91.62292
MIT,b3c28,381,91.46183,92.07576,92.51353,90.23087,91.48522
MIT,b3c28,382,91.433,92.00705,93.38924,90.71706,91.518105
MIT,b3c28,383,91.40302,91.95776,92.228836,90.16823,91.562874
MIT,b3c28,384,91.36785,91.78041,92.62776,89.8571,91.41624
MIT,b3c28,385,91.324165,91.88413,92.66485,90.26651,91.43886
MIT,b3c28,386,91.29099,92.16572,93.28132,90.147766,91.352936
MIT,b3c28,387,91.25455,91.97547,93.149864,90.19449,91.414474
MIT,b3c28,388,91.218704,91.63159,92.63591,90.03619,91.19845
MIT,b3c28,389,91.18436,91.71839,92.9957,90.12932,91.25203
MIT,b3c28,390,91.14895,91.728424,92.67353,89.76084,91.18818
MIT,b3c28,391,91.12286,91.60927,92.257866,90.2152,91.2103
MIT,b3c28,392,91.07694,91.50207,91.73842,89.75558,91.29323
MIT,b3c28,393,91.048836,91.57191,92.250275,91.17655,91.20727
MIT,b3c28,394,91.0092,91.61751,91.37145,89.74885,91.22693
MIT,b3c28,395,90.966354,91.52592,91.219246,90.74704,90.85226
MIT,b3c28,396,90.93046,91.45815,91.21833,90.59433,90.613174
MIT,b3c28,397,90.89635,91.363365,91.499054,88.65412,90.53557
MIT,b3c28,398,90.8645,91.316376,91.83663,89.26193,90.60489
MIT,b3c28,399,90.81613,91.17614,91.265724,89.58074,90.50171
MIT,b3c28,400,90.792,91.19618,91.380974,89.20528,90.6079
MIT,b3c28,401,90.75314,91.647194,92.26321,89.04843,90.60442
MIT,b3c28,402,90.71349,91.367325,91.80922,89.483536,90.65608
MIT,b3c28,403,90.66698,91.22746,91.30744,89.968544,90.41909
MIT,b3c28,404,90.62947,91.21055,91.90565,89.35516,90.32982
MIT,b3c28,405,90.59806,91.41246,92.19815,89.49494,90.42767
MIT,b3c28,406,90.55954,91.096886,91.90936,89.76546,90.34711
MIT,b3c28,407,90.51086,90.62937,90.9503,89.98286,90.299515
MIT,b3c28,408,90.47732,91.31251,92.11584,89.09186,90.37159
MIT,b3c28,409,90.44455,90.87352,90.56505,88.47678,90.306656
MIT,b3c28,410,90.41804,91.24132,92.4026,88.925064,90.336205
MIT,b3c28,411,90.383965,90.686935,91.2639,88.66522,90.34264
MIT,b3c28,412,90.32654,90.6887,90.49453,89.19522,90.237
MIT,b3c28,413,90.295296,90.77188,91.88506,89.43669,90.06577
MIT,b3c28,414,90.246826,90.56299,90.680336,88.897766,90.10842
MIT,b3c28,415,90.08637,90.56523,91.33261,89.235275,90.048546
MIT,b3c28,416,90.16804,90.40681,90.83972,88.69135,90.06014
MIT,b3c28,417,90.13363,90.32566,90.87935,88.54834,89.93966
MIT,b3c28,418,90.092735,90.33839,90.77037,88.89134,89.93334
MIT,b3c28,419,90.0465,90.54016,91.284004,89.139336,89.97852
MIT,b3c28,420,89.999596,90.347145,90.94224,87.483215,89.8091
MIT,b3c28,421,89.967125,90.126526,90.80539,87.96735,89.83585
MIT,b3c28,422,89.93,90.21301,91.6233,89.23278,89.983765
MIT,b3c28,423,89.897934,90.2879,91.34626,87.91907,89.80568
MIT,b3c28,424,89.85908,90.08627,90.92754,89.56036,89.81881
MIT,b3c28,425,89.8216,90.10135,91.54736,89.21483,89.65516
MIT,b3c28,426,89.78982,90.3587,91.76438,88.40389,89.77291
MIT,b3c28,427,89.7498,90.04224,91.07726,88.34066,89.689995
MIT,b3c28,428,89.70706,90.103386,90.30533,88.131355,89.79463
MIT,b3c28,429,89.666374,89.98709,90.55649,88.58223,89.78543
MIT,b3c28,430,89.62094,89.98656,91.126465,87.86964,89.70883
MIT,b3c28,431,89.58352,89.82082,91.00375,88.16322,89.49511
MIT,b3c28,432,89.54103,90.09509,91.304375,88.35215,89.70756
MIT,b3c28,433,89.510124,89.66172,90.92232,87.87266,89.52974
MIT,b3c28,434,89.46858,89.665985,91.0134,88.90927,89.57761
MIT,b3c28,435,89.409325,89.926056,91.38214,89.34923,89.413734
MIT,b3c28,436,89.39221,89.53191,91.49219,88.19469,89.406715
MIT,b3c28,437,89.35005,89.47014,90.99039,88.15607,89.203995
MIT,b3c28,438,89.29919,89.77369,91.920364,88.56921,89.24514
MIT,b3c28,439,89.26594,89.42373,91.343285,88.26719,89.21266
MIT,b3c28,440,89.2249,89.734085,92.373344,88.06372,89.48008
MIT,b3c28,441,89.17747,89.621826,91.82854,87.61457,89.2405
MIT,b3c28,442,89.14901,89.521225,92.082565,88.40122,89.235664
MIT,b3c28,443,89.11118,89.05033,91.24698,87.696815,89.129166
MIT,b3c28,444,89.06196,89.08281,91.03799,88.06703,89.08964
MIT,b3c28,445,89.01967,89.08485,91.278114,88.747444,89.06337
MIT,b3c28,446,88.97518,89.3184,91.58257,88.025185,89.20808
MIT,b3c28,447,88.9341,88.96629,91.48976,88.04714,89.04471
MIT,b3c28,448,88.90111,88.91801,91.24749,88.0975,89.101585
MIT,b3c28,449,88.85785,89.30379,92.373886,87.93207,89.10212
MIT,b3c28,450,88.80575,88.986145,91.33216,87.9669,88.77933
MIT,b3c28,451,88.75531,88.64589,90.96328,87.024796,88.78873
MIT,b3c28,452,88.727455,88.56899,90.910904,86.2103,88.770355
MIT,b3c28,453,88.68706,88.94496,91.56325,88.293564,89.068825
MIT,b3c28,454,88.640526,88.5675,91.03372,88.58586,88.7695
MIT,b3c28,455,88.60956,88.41337,90.85404,87.7585,88.78716
MIT,b3c28,456,88.553566,88.31183,90.80338,88.27599,88.549416
MIT,b3c28,457,88.508736,88.39233,90.93808,87.51534,88.567665
MIT,b3c28,458,88.47143,88.32586,91.09807,87.69758,88.5715
MIT,b3c28,459,88.428764,88.25497,90.89353,87.84822,88.5522
MIT,b3c28,460,88.38757,88.05869,90.66094,87.26083,88.458786
MIT,b3c28,461,88.3429,87.997375,91.10257,87.37132,88.434006
MIT,b3c28,462,88.29478,87.94718,90.84552,88.230934,88.435745
MIT,b3c28,463,88.24782,87.941986,90.8652,87.31061,88.46333
MIT,b3c28,464,88.226395,88.05576,91.73123,88.02123,88.42647
MIT,b3c28,465,88.183205,88.241295,92.52212,86.46325,88.40538
MIT,b3c28,466,88.13504,88.03961,92.080154,87.18123,88.4615
MIT,b3c28,467,88.08822,87.83576,91.69323,86.249756,88.39248
MIT,b3c28,468,88.04818,87.91837,91.63199,87.74486,88.40113
MIT,b3c28,469,87.996376,87.884224,91.431465,87.49003,88.39288
MIT,b3c28,470,87.95122,87.59173,91.06349,87.40018,88.39342
MIT,b3c28,471,87.91324,87.63591,91.30643,87.634346,88.07657
MIT,b3c28,472,87.87358,87.38075,91.269135,87.02008,88.094925
MIT,b3c28,473,87.82552,87.33147,91.60749,87.3023,88.10038
MIT,b3c28,474,87.76871,87.54794,91.70064,87.64634,88.01912
MIT,b3c28,475,87.724754,87.61832,91.68299,85.88613,88.02677
MIT,b3c28,476,87.67037,87.0143,90.97184,86.04823,87.76487
MIT,b3c28,477,87.62379,86.842995,90.40377,87.13352,87.76077
MIT,b3c28,478,87.57964,86.773476,91.00955,87.424255,87.756775
MIT,b3c28,479,87.53845,86.97541,91.83231,86.23167,87.80169
MIT,b3c28,480,87.48777,86.849754,91.72666,87.020615,87.75843
MIT,b3c28,481,87.441696,86.71818,91.66842,87.48179,87.756744
MIT,b3c28,482,87.38457,86.426346,90.3991,86.697205,87.59183
MIT,b3c28,483,87.33271,86.71035,91.43193,86.942795,87.558235
MIT,b3c28,484,87.2855,86.32405,90.81777,88.041885,87.559044
MIT,b3c28,485,87.24535,86.33441,91.148445,87.64403,87.5657
MIT,b3c28,486,87.191925,86.00302,90.95528,85.29275,87.38995
MIT,b3c28,487,87.13181,85.999,90.71243,88.10107,87.54346
MIT,b3c28,488,86.961395,91.431786,91.85978,86.268974,87.367676
MIT,b3c28,489,87.02787,86.273056,91.837776,87.45279,87.56337
MIT,b3c28,490,86.97616,86.009636,91.62819,87.24054,87.34211
MIT,b3c28,491,86.93078,85.76889,91.64667,87.31801,87.40325
MIT,b3c28,492,86.885345,85.76546,91.523735,87.13268,87.38368
MIT,b3c28,493,86.83259,85.777336,92.529625,87.32833,87.38105
MIT,b3c28,494,86.77642,85.749405,92.0132,87.03431,87.38191
MIT,b3c28,495,86.7202,86.008125,91.70019,86.459435,87.384735
MIT,b3c28,496,86.67002,85.87085,91.63523,87.09198,87.4141
MIT,b3c28,497,86.61641,85.61395,92.29201,86.96003,87.15199
MIT,b3c28,498,86.57364,85.28856,91.50389,86.578835,87.2117
MIT,b3c28,499,86.51663,85.59322,92.58884,86.27659,87.151146
MIT,b3c28,500,86.45976,85.42009,91.804634,86.52817,87.20286
MIT,b3c28,501,86.40771,85.49615,91.94,87.0871,87.24872
MIT,b3c28,502,86.35594,85.32052,91.74736,86.06483,87.01433
MIT,b3c28,503,86.286545,85.206085,91.52267,85.97774,86.99076
MIT,b3c28,504,86.23353,84.86085,91.04516,85.75693,87.0006
MIT,b3c28,505,86.17869,84.82935,91.21043,85.43255,86.99421
MIT,b3c28,506,86.11592,84.68141,90.79676,85.928566,87.007126
MIT,b3c28,507,86.060425,84.821075,91.08368,86.7779,87.01302
MIT,b3c28,508,85.9939,84.92531,91.4839,87.2788,87.04953
MIT,b3c28,509,85.93828,84.593056,91.230644,86.05178,86.729546
MIT,b3c28,510,85.869,84.44267,90.32599,86.33627,86.66312
MIT,b3c28,511,85.80324,84.45429,90.8719,86.27845,86.72034
MIT,b3c28,512,85.739586,84.63067,91.18961,86.34343,86.68877
MIT,b3c28,513,85.67775,84.44309,91.22265,86.99097,86.727264
MIT,b3c28,514,85.61368,84.222786,90.408356,85.73578,86.45024
MIT,b3c28,515,85.545296,84.27701,90.981926,85.97269,86.39605
MIT,b3c28,516,85.480865,84.5425,91.58113,86.21887,86.38224
MIT,b3c28,517,85.41266,84.01702,90.73718,86.32117,86.38224
MIT,b3c28,518,85.34135,84.08243,90.54314,86.25047,85.93074
MIT,b3c28,519,85.27249,84.21998,91.14237,85.889565,86.39874
MIT,b3c28,520,85.20278,84.153465,91.41353,86.40979,85.886345
MIT,b3c28,521,85.12997,84.28255,92.16437,86.45367,85.65256
MIT,b3c28,522,85.0555,84.19745,91.98203,86.22092,85.64582
MIT,b3c28,523,84.982666,83.5628,91.17823,85.54463,85.3015
MIT,b3c28,524,84.90241,83.82444,90.94562,85.435715,85.306114
MIT,b3c28,525,84.825264,83.99223,91.43475,85.55107,85.34283
MIT,b3c28,526,84.7458,83.875854,91.42063,84.6192,85.31504
MIT,b3c28,527,84.65754,83.61122,91.08294,85.898285,85.26801
MIT,b3c28,528,84.57864,83.84704,91.28134,86.490524,85.30118
MIT,b3c28,529,84.49766,83.67457,92.188095,86.06065,84.88946
MIT,b3c28,530,84.413994,83.63787,91.94944,86.00156,84.92065
MIT,b3c28,531,84.32621,83.644196,91.51844,85.26058,84.623405
MIT,b3c28,532,84.23605,83.36374,90.74049,86.41681,84.349556
MIT,b3c28,533,84.12993,83.477516,90.93124,86.46134,84.25765
MIT,b3c28,534,84.04159,83.31512,90.723755,86.47615,84.27941
MIT,b3c28,535,83.9533,83.46605,91.26339,85.60483,84.363716
MIT,b3c28,536,83.8545,82.71897,91.12355,85.65066,84.32973
MIT,b3c28,537,83.79454,83.2616,91.01729,85.32256,84.02937
MIT,b3c28,538,83.70979,83.0526,90.74087,85.52892,84.095375
MIT,b3c28,539,83.63842,83.69469,91.68739,86.062775,84.22771
MIT,b4c36,1,99.95079,101.25863,98.51101,100.000206,100.146996
MIT,b4c36,2,100.0,101.07222,98.567764,99.87291,100.04227
MIT,b4c36,3,100.05947,100.10268,97.77233,99.78781,100.08769
MIT,b4c36,4,100.1082,101.39682,98.543976,100.20962,100.0949
MIT,b4c36,5,100.128845,100.11897,97.95686,99.8593,100.137505
MIT,b4c36,6,100.150246,101.098076,98.680046,99.90424,100.1651
MIT,b4c36,7,100.161026,100.09746,97.764885,99.82859,100.166336
MIT,b4c36,8,100.17429,100.14336,98.04371,99.93981,100.13949
MIT,b4c36,9,100.1704,101.076675,98.47379,99.93952,100.23172
MIT,b4c36,10,100.16641,100.11317,97.70581,99.7261,100.17576
MIT,b4c36,11,100.172066,101.33843,98.55067,100.04234,100.19572
MIT,b4c36,12,100.17825,100.09586,97.83074,99.741356,100.21747
MIT,b4c36,13,100.17801,101.334625,98.59939,100.14403,100.15745
MIT,b4c36,14,100.17977,100.12921,97.99868,99.95903,100.10125
MIT,b4c36,15,100.177315,100.15109,98.222565,99.87156,100.19348
MIT,b4c36,16,100.17627,100.0787,97.82646,99.90087,100.19561
MIT,b4c36,17,100.18074,100.13568,98.04645,99.95624,100.21023
MIT,b4c36,18,100.17262,100.03605,97.80689,99.78792,100.16546
MIT,b4c36,19,100.1872,100.67785,98.552284,99.78844,100.17676
MIT,b4c36,20,100.18029,100.70477,98.56187,100.17816,100.12611
MIT,b4c36,21,100.18571,100.05173,97.78738,99.81801,100.11386
MIT,b4c36,22,100.18924,100.02759,97.701355,99.80698,100.11576
MIT,b4c36,23,100.20087,100.02243,97.64425,99.80445,100.15883
MIT,b4c36,24,100.21036,101.403725,98.64586,100.03692,100.0888
MIT,b4c36,25,100.20166,101.44238,98.52709,100.17081,100.19457
MIT,b4c36,26,100.202385,100.07216,97.95626,99.8268,100.09237
MIT,b4c36,27,100.21143,101.42986,98.56841,99.97647,100.11529
MIT,b4c36,28,100.20386,101.423355,98.564545,100.0332,100.09006
MIT,b4c36,29,100.20354,101.40968,98.06814,99.96324,100.12274
MIT,b4c36,30,100.2028,100.00848,97.81621,99.7996,100.097595
MIT,b4c36,31,100.19622,101.40908,98.61528,100.07201,100.05601
MIT,b4c36,32,100.19513,101.39831,98.60893,100.07459,100.019745
MIT,b4c36,33,100.19044,100.04524,97.92302,99.82845,100.087616
MIT,b4c36,34,100.19481,100.69921,98.50636,99.79032,100.08239
MIT,b4c36,35,100.18816,99.99809,97.990326,99.72681,100.048996
MIT,b4c36,36,100.18558,100.00095,97.94893,99.71124,100.04706
MIT,b4c36,37,100.1783,101.312,98.56803,100.04157,100.10059
MIT,b4c36,38,100.16369,101.31342,98.52848,99.94572,100.10218
MIT,b4c36,39,100.16892,101.04848,98.59745,99.57507,100.127144
MIT,b4c36,40,100.1682,100.00157,97.91226,99.64783,100.173294
MIT,b4c36,41,100.16477,99.99505,97.8125,99.57837,100.146484
MIT,b4c36,42,100.15578,100.60263,98.64325,99.836494,100.10842
MIT,b4c36,43,100.1462,100.05295,98.1525,99.70198,100.015625
MIT,b4c36,44,100.15056,99.99731,97.8704,99.585945,99.99855
MIT,b4c36,45,100.13821,99.98524,97.85601,99.604004,100.11925
MIT,b4c36,46,100.13358,101.29992,98.63271,99.94939,100.05034
MIT,b4c36,47,100.12709,100.57615,98.57567,99.67586,100.11862
MIT,b4c36,48,100.13256,101.24366,98.640366,99.71833,100.06915
MIT,b4c36,49,100.13602,101.22944,98.604324,99.79156,100.08209
MIT,b4c36,50,100.13091,99.9761,97.93826,99.62339,100.02395
MIT,b4c36,51,100.12469,101.01617,98.63227,99.660225,100.01491
MIT,b4c36,52,100.1321,101.28353,98.39498,99.88627,100.029205
MIT,b4c36,53,100.129776,99.941986,97.70201,99.56486,100.008286
MIT,b4c36,54,100.14111,99.889984,97.49172,99.50066,100.06085
MIT,b4c36,55,100.13768,101.38269,98.48066,99.89317,100.008064
MIT,b4c36,56,100.15677,100.71251,98.43415,99.58278,99.95861
MIT,b4c36,57,100.13613,100.72166,98.55583,99.80461,99.976654
MIT,b4c36,58,100.146225,99.831566,97.50994,99.47752,99.986664
MIT,b4c36,59,100.13657,99.88923,97.80181,99.422165,99.97134
MIT,b4c36,60,100.140465,101.36656,98.443054,99.4082,99.976654
MIT,b4c36,61,100.13734,101.14933,98.534836,99.54257,99.99748
MIT,b4c36,62,100.12919,100.67344,98.52257,99.64378,99.94971
MIT,b4c36,63,100.12782,101.09914,98.50863,99.441216,99.99305
MIT,b4c36,64,100.13063,100.659645,98.522964,99.64863,99.93632
MIT,b4c36,65,100.124275,101.28685,98.50755,99.83765,99.99863
MIT,b4c36,66,100.124016,100.65665,98.4713,99.38713,99.865486
MIT,b4c36,67,100.11881,100.61562,98.44425,99.54825,99.89814
MIT,b4c36,68,100.098175,99.85188,97.84436,99.37087,99.919136
MIT,b4c36,69,100.098045,99.80761,97.73451,99.40196,99.92037
MIT,b4c36,70,100.0927,101.310585,98.52812,99.81431,99.88897
MIT,b4c36,71,100.08466,101.026794,98.53529,99.391945,99.88749
MIT,b4c36,72,100.083855,99.826996,97.92906,99.44888,99.883995
MIT,b4c36,73,100.0741,101.20576,98.56514,99.47895,99.89224
MIT,b4c36,74,100.06894,101.21352,98.480415,99.468636,99.883575
MIT,b4c36,75,100.06529,99.75911,97.54378,99.17393,99.9238
MIT,b4c36,76,100.057976,101.224304,98.478676,99.397644,99.89406
MIT,b4c36,77,100.0584,100.945435,98.60554,99.215866,99.868164
MIT,b4c36,78,100.0494,99.83457,97.80318,99.244156,99.86095
MIT,b4c36,79,100.03712,99.817505,97.631424,99.27315,99.84582
MIT,b4c36,80,100.040245,101.112854,98.48121,99.34862,99.89605
MIT,b4c36,81,100.03108,99.77019,97.54057,99.06618,99.84868
MIT,b4c36,82,100.02738,99.81557,97.56377,99.13682,99.85125
MIT,b4c36,83,100.016266,101.1475,98.56031,99.49447,99.84672
MIT,b4c36,84,100.02558,100.88968,98.48783,99.13093,99.90194
MIT,b4c36,85,100.02044,100.49903,98.55178,99.16746,99.89407
MIT,b4c36,86,100.020546,100.54962,98.43058,99.44103,99.87045
MIT,b4c36,87,100.0222,100.97769,98.50618,99.32569,99.84252
MIT,b4c36,88,100.02695,99.75879,97.94396,99.08211,99.863846
MIT,b4c36,89,100.02493,100.551025,98.489044,99.597824,99.81102
MIT,b4c36,90,100.03276,101.025566,98.49678,99.17924,99.86141
MIT,b4c36,91,100.02722,100.57783,98.46716,99.17243,99.86239
MIT,b4c36,92,100.024025,101.27461,98.44291,99.31572,99.86804
MIT,b4c36,93,100.01983,101.23718,98.4628,99.49595,99.87081
MIT,b4c36,94,100.01686,101.221016,98.461365,99.57111,99.86936
MIT,b4c36,95,100.01438,99.7923,97.79418,99.278336,99.865204
MIT,b4c36,96,100.01322,99.65669,97.71534,98.99262,99.819244
MIT,b4c36,97,100.00613,99.73447,97.869484,99.05629,99.79423
MIT,b4c36,98,100.008934,101.00405,98.526924,99.0599,99.81786
MIT,b4c36,99,100.00185,99.66456,97.70099,98.877914,99.815575
MIT,b4c36,100,99.99509,100.9406,98.49544,99.29846,99.82796
MIT,b4c36,101,100.00076,100.96667,98.21973,99.31792,99.808205
MIT,b4c36,102,99.99331,99.63198,97.63292,98.96437,99.81559
MIT,b4c36,103,99.99163,99.740166,97.86588,99.026794,99.83295
MIT,b4c36,104,99.98079,99.64417,97.780655,98.99887,99.8183
MIT,b4c36,105,99.97191,100.538284,98.40918,98.9488,99.8164
MIT,b4c36,106,99.96796,101.21182,98.41663,99.00321,99.80152
MIT,b4c36,107,99.960686,99.621704,97.6786,98.89975,99.79278
MIT,b4c36,108,99.95495,101.11903,98.45676,99.52748,99.761055
MIT,b4c36,109,99.943375,100.44757,98.08244,99.04433,99.77924
MIT,b4c36,110,99.943794,99.67053,97.93382,98.975876,99.76644
MIT,b4c36,111,99.93829,100.414345,98.440445,98.84771,99.7764
MIT,b4c36,112,99.93108,101.11167,98.46278,99.30897,99.76371
MIT,b4c36,113,99.91354,100.85312,98.52618,98.65459,99.7701
MIT,b4c36,114,99.91216,101.119446,98.39971,99.12867,99.78269
MIT,b4c36,115,99.91143,101.054054,98.01542,99.08426,99.75776
MIT,b4c36,116,99.908485,101.095245,98.441,98.876274,99.77484
MIT,b4c36,117,99.90964,99.61872,97.63875,98.711716,99.766754
MIT,b4c36,118,99.90707,99.55415,97.70381,98.7714,99.78175
MIT,b4c36,119,99.91128,99.56294,97.44203,98.74222,99.789276
MIT,b4c36,120,99.91673,100.43205,98.38196,99.29276,99.77199
MIT,b4c36,121,99.91084,99.580925,97.53183,98.88585,99.76329
MIT,b4c36,122,99.90619,99.55486,97.04375,98.80032,99.78293
MIT,b4c36,123,99.90259,100.884834,98.335594,98.87737,99.78871
MIT,b4c36,124,99.9076,101.10908,98.22843,99.12038,99.74396
MIT,b4c36,125,99.894104,100.93066,98.06365,98.99948,99.77243
MIT,b4c36,126,99.89562,99.6591,97.56287,99.04264,99.70652
MIT,b4c36,127,99.8929,101.09841,98.32913,98.70679,99.738365
MIT,b4c36,128,99.88533,99.526535,97.20854,98.65257,99.75097
MIT,b4c36,129,99.87583,99.60189,97.77224,98.84399,99.766174
MIT,b4c36,130,99.86163,101.12636,98.414314,98.87393,99.75443
MIT,b4c36,131,99.85937,99.58998,97.67082,98.717545,99.67282
MIT,b4c36,132,99.86322,100.40164,98.3782,99.10208,99.75026
MIT,b4c36,133,99.86314,99.51905,97.56233,98.78019,99.70551
MIT,b4c36,134,99.86035,101.080124,98.484886,99.26076,99.70512
MIT,b4c36,135,99.852974,99.539764,97.38391,98.72009,99.67369
MIT,b4c36,136,99.84792,99.540474,97.5537,98.76486,99.68389
MIT,b4c36,137,99.84081,100.38594,98.33838,98.882355,99.63892
MIT,b4c36,138,99.841354,100.3371,98.15338,98.91517,99.62195
MIT,b4c36,139,99.828735,99.537865,97.53746,98.83273,99.63734
MIT,b4c36,140,99.821915,99.479485,97.55992,98.728195,99.644646
MIT,b4c36,141,99.81543,100.77009,98.385826,98.57591,99.61647
MIT,b4c36,142,99.81311,101.004776,98.39334,99.027336,99.65049
MIT,b4c36,143,99.80848,99.370514,97.38482,98.30727,99.63616
MIT,b4c36,144,99.799576,99.59262,97.76001,98.85233,99.62903
MIT,b4c36,145,99.80163,100.73602,98.34108,98.51816,99.6405
MIT,b4c36,146,99.79633,100.77645,98.3437,98.505646,99.63646
MIT,b4c36,147,99.79457,100.78579,98.35647,98.761536,99.581924
MIT,b4c36,148,99.792404,100.98651,98.35824,98.67116,99.5547
MIT,b4c36,149,99.77147,99.397,97.215866,98.36563,99.60106
MIT,b4c36,150,99.78412,100.79044,98.319,98.35016,99.64277
MIT,b4c36,151,99.779,100.79118,98.24801,98.957825,99.455025
MIT,b4c36,152,99.76539,99.43135,97.55504,98.47632,99.56433
MIT,b4c36,153,99.78527,100.76855,98.30039,98.33495,99.54306
MIT,b4c36,154,99.773895,100.79691,98.32349,98.91842,99.515335
MIT,b4c36,155,99.77307,101.078674,98.309425,98.94339,99.5453
MIT,b4c36,156,99.765236,99.391136,97.4188,98.54188,99.445175
MIT,b4c36,157,99.76368,100.825455,98.33678,98.36161,99.44509
MIT,b4c36,158,99.755486,101.09115,98.30977,98.923836,99.487495
MIT,b4c36,159,99.75224,99.52661,97.58093,98.732346,99.50689
MIT,b4c36,160,99.74816,101.07028,98.39124,99.11605,99.47082
MIT,b4c36,161,99.73786,99.40503,97.4079,98.428894,99.476974
MIT,b4c36,162,99.73185,99.445175,97.46707,98.67296,99.473145
MIT,b4c36,163,99.73164,101.03909,98.29763,98.93597,99.443756
MIT,b4c36,164,99.72757,101.01798,98.31036,98.87935,99.47421
MIT,b4c36,165,99.74266,101.01777,98.40367,99.02397,99.39216
MIT,b4c36,166,99.730675,99.42162,97.19997,98.644745,99.45402
MIT,b4c36,167,99.72692,99.503044,97.59223,98.756,99.375145
MIT,b4c36,168,99.71469,99.34493,97.3172,98.40795,99.43186
MIT,b4c36,169,99.69812,100.77913,98.38983,98.689156,99.39468
MIT,b4c36,170,99.704506,100.93169,98.44706,98.65059,99.37231
MIT,b4c36,171,99.694496,100.70334,98.39391,98.72538,99.33797
MIT,b4c36,172,99.69157,99.36556,97.20756,98.28323,99.342926
MIT,b4c36,173,99.69039,100.952614,98.2469,98.69794,99.37454
MIT,b4c36,174,99.68946,100.97204,98.3588,99.0111,99.39037
MIT,b4c36,175,99.69016,100.966934,98.23566,98.777176,99.36506
MIT,b4c36,176,99.67391,99.26081,97.053925,98.26994,99.2691
MIT,b4c36,177,99.67706,99.40645,97.31523,98.49387,99.33365
MIT,b4c36,178,99.66866,100.69994,98.37852,98.59619,99.27885
MIT,b4c36,179,99.660645,100.92433,98.28474,98.766136,99.273964
MIT,b4c36,180,99.65122,100.20402,98.37877,98.66786,99.27473
MIT,b4c36,181,99.65467,100.92349,98.426865,98.50507,99.3136
MIT,b4c36,182,99.66175,100.85489,98.41127,98.596146,99.281364
MIT,b4c36,183,99.647766,100.1559,98.295715,98.27087,99.28968
MIT,b4c36,184,99.639534,100.15833,98.20438,98.249344,99.29561
MIT,b4c36,185,99.643936,100.65845,98.025566,98.03752,99.24969
MIT,b4c36,186,99.63323,100.91401,98.30253,98.50335,99.27264
MIT,b4c36,187,99.63288,99.27534,97.33576,98.470055,99.27658
MIT,b4c36,188,99.6381,100.69417,98.2784,97.79712,99.28031
MIT,b4c36,189,99.62989,100.240074,98.1519,98.04446,99.22492
MIT,b4c36,190,99.6269,99.27891,97.21078,98.2199,99.1817
MIT,b4c36,191,99.62834,99.29627,97.17987,98.4812,99.24992
MIT,b4c36,192,99.62071,100.90442,98.3801,98.463646,99.232666
MIT,b4c36,193,99.61927,100.660126,98.35148,98.66993,99.28385
MIT,b4c36,194,99.61048,100.86314,98.32012,99.55455,99.2156
MIT,b4c36,195,99.59816,99.194435,96.97502,98.3934,99.2341
MIT,b4c36,196,99.588005,99.21741,97.08039,98.374,99.183914
MIT,b4c36,197,99.58435,100.83982,98.30107,98.225235,99.21023
MIT,b4c36,198,99.58323,100.82693,98.310745,98.59035,99.23014
MIT,b4c36,199,99.57482,100.57645,98.262886,98.16829,99.18742
MIT,b4c36,200,99.57322,100.12501,98.05717,98.51473,99.21102
MIT,b4c36,201,99.56176,99.288536,97.18604,98.500244,99.19858
MIT,b4c36,202,99.564064,99.212616,96.86043,97.9593,99.12354
MIT,b4c36,203,99.56487,100.561584,98.26314,97.85192,99.18621
MIT,b4c36,204,99.56589,100.57849,98.267494,98.17097,99.11573
MIT,b4c36,205,99.56654,100.83941,98.37579,98.37041,99.15659
MIT,b4c36,206,99.56992,100.62368,97.621,98.153595,99.18267
MIT,b4c36,207,99.557144,100.652145,98.11587,98.21296,99.17272
MIT,b4c36,208,99.56779,99.330635,97.199974,98.513855,99.180855
MIT,b4c36,209,99.55909,100.88884,98.20104,98.33188,99.1385
MIT,b4c36,210,99.54822,100.19457,98.116135,98.27625,99.12083
MIT,b4c36,211,99.550995,100.173706,98.10732,97.93177,99.15413
MIT,b4c36,212,99.543755,99.31402,97.17194,98.48991,99.02997
MIT,b4c36,213,99.53611,100.85911,98.27936,98.45023,99.15638
MIT,b4c36,214,99.53433,100.831245,98.22006,98.260826,99.10565
MIT,b4c36,215,99.521324,100.82186,98.38734,98.38978,99.05692
MIT,b4c36,216,99.520515,100.78959,98.24795,98.08173,99.098206
MIT,b4c36,217,99.50475,100.779884,98.30693,97.99098,99.10528
MIT,b4c36,218,99.50478,100.50316,98.19479,97.95916,99.074425
MIT,b4c36,219,99.508835,100.51636,98.16462,97.92516,99.03942
MIT,b4c36,220,99.492805,99.30253,97.06966,98.6244,99.0059
MIT,b4c36,221,99.495865,100.47804,98.29514,98.65844,99.00519
MIT,b4c36,222,99.48115,100.456024,98.38417,98.38967,99.02621
MIT,b4c36,223,99.477684,100.4401,98.10784,97.998405,98.94278
MIT,b4c36,224,99.47037,100.70615,98.25971,98.306366,98.98185
MIT,b4c36,225,99.46785,100.024895,98.12667,98.156425,98.99459
MIT,b4c36,226,99.46156,100.46116,98.157104,97.488754,98.988884
MIT,b4c36,227,99.45392,99.99935,98.125755,98.14925,98.95766
MIT,b4c36,228,99.45274,99.97203,96.20053,96.932205,98.934456
MIT,b4c36,229,99.44238,100.40586,97.92571,98.28833,99.02401
MIT,b4c36,230,99.435356,100.42364,97.90943,98.18293,98.9624
MIT,b4c36,231,99.4391,99.17655,97.16425,98.73875,99.01057
MIT,b4c36,232,99.42926,100.618904,98.206154,98.08502,99.013756
MIT,b4c36,233,99.43075,99.30482,97.180305,98.743965,99.00619
MIT,b4c36,234,99.422806,99.92581,98.16513,98.1505,98.98891
MIT,b4c36,235,99.420555,100.604355,98.22858,97.85891,98.98902
MIT,b4c36,236,99.41619,99.18445,97.060165,98.55587,99.01092
MIT,b4c36,237,99.41694,100.588356,97.36239,98.08579,98.94284
MIT,b4c36,238,99.417656,99.08897,96.81326,98.25665,98.9487
MIT,b4c36,239,99.408745,100.65996,98.2047,97.59496,98.96812
MIT,b4c36,240,99.40751,100.41551,98.129326,97.75526,98.94177
MIT,b4c36,241,99.404625,100.646835,98.23353,97.86977,98.88837
MIT,b4c36,242,99.400986,99.14351,96.9209,98.27539,98.96555
MIT,b4c36,243,99.40301,100.66354,98.11378,97.85551,98.932655
MIT,b4c36,244,99.38681,99.09515,96.544624,98.04624,98.90568
MIT,b4c36,245,99.38702,100.637634,97.98485,97.89034,98.94705
MIT,b4c36,246,99.3837,100.415634,88.97037,98.46329,98.93162
MIT,b4c36,247,99.37422,99.90964,98.34074,98.07527,98.947655
MIT,b4c36,248,99.37144,100.57955,98.36126,97.9728,98.89292
MIT,b4c36,249,99.36406,99.14958,96.57774,98.443474,98.89097
MIT,b4c36,250,99.359276,99.1993,97.11648,98.77021,98.82623
MIT,b4c36,251,99.35013,100.51715,98.37344,97.75508,98.9042
MIT,b4c36,252,99.35272,99.26544,97.2404,98.678444,98.77668
MIT,b4c36,253,99.343834,100.53543,98.27939,97.42874,98.89782
MIT,b4c36,254,99.338585,99.03948,96.76374,98.37314,98.86877
MIT,b4c36,255,99.33569,99.82729,98.12536,97.83501,98.84306
MIT,b4c36,256,99.31232,100.43633,98.22604,97.50549,98.8412
MIT,b4c36,257,99.307884,100.37669,98.23642,97.33767,98.50064
MIT,b4c36,258,99.30558,99.68918,97.61952,97.63553,98.56263
MIT,b4c36,259,99.300835,99.05591,96.67192,98.41761,98.771484
MIT,b4c36,260,99.30307,100.42942,97.7411,98.140045,98.72961
MIT,b4c36,261,99.29482,100.43386,98.29441,97.49575,98.589806
MIT,b4c36,262,99.29408,100.21355,97.93004,97.78928,98.71104
MIT,b4c36,263,99.28996,100.41401,98.13776,97.6629,98.79015
MIT,b4c36,264,99.28902,100.41424,98.40642,97.82932,98.38315
MIT,b4c36,265,99.27089,100.16523,98.00788,98.35282,98.64115
MIT,b4c36,266,99.2743,99.04142,97.010994,98.766495,98.57191
MIT,b4c36,267,99.26187,100.350075,98.35989,97.84052,98.480064
MIT,b4c36,268,99.25627,100.3388,96.91658,97.97462,98.60448
MIT,b4c36,269,99.25368,99.67767,97.94676,97.2202,98.53493
MIT,b4c36,270,99.24647,100.13275,98.31555,97.931206,98.51408
MIT,b4c36,271,99.24256,100.135544,98.194695,97.14071,98.427246
MIT,b4c36,272,99.23754,98.99704,96.76781,98.335304,98.44617
MIT,b4c36,273,99.22722,99.08251,96.846825,98.67142,98.41688
MIT,b4c36,274,99.22579,99.74657,98.12107,97.37611,98.48588
MIT,b4c36,275,99.233315,100.399185,98.24235,97.65735,98.51571
MIT,b4c36,276,99.22082,99.7195,97.93723,97.311455,98.427826
MIT,b4c36,277,99.21631,98.903885,96.710236,98.3024,98.43577
MIT,b4c36,278,99.21439,99.11651,97.16619,98.65485,98.53264
MIT,b4c36,279,99.20832,98.99417,96.909935,98.65527,98.424484
MIT,b4c36,280,99.2075,99.70367,98.01709,97.208244,98.46693
MIT,b4c36,281,99.18964,98.98682,96.81881,98.19565,98.46901
MIT,b4c36,282,99.18661,100.32831,98.116455,97.29785,98.41204
MIT,b4c36,283,99.181404,100.317245,98.285675,97.31798,98.39413
MIT,b4c36,284,99.16463,100.28533,98.17689,97.15607,98.360085
MIT,b4c36,285,99.16258,99.54981,97.504585,97.52598,98.33941
MIT,b4c36,286,99.15008,99.54088,97.84722,97.12689,98.32618
MIT,b4c36,287,99.15663,99.186134,97.1831,98.43721,98.432724
MIT,b4c36,288,99.14595,100.19405,98.29592,97.2756,98.251175
MIT,b4c36,289,99.139305,99.04758,96.89538,98.3359,98.355606
MIT,b4c36,290,99.1386,99.53046,97.77174,97.3217,98.36539
MIT,b4c36,291,99.133286,99.972046,98.25158,97.92655,98.37881
MIT,b4c36,292,99.13093,99.93941,96.52221,97.89924,98.293655
MIT,b4c36,293,99.117424,100.156296,97.34514,97.70767,98.35204
MIT,b4c36,294,99.113976,99.91342,97.98934,97.679665,98.36937
MIT,b4c36,295,99.10769,100.13705,98.28493,97.09025,98.29946
MIT,b4c36,296,99.09805,98.99289,97.171776,98.75135,98.36616
MIT,b4c36,297,99.0916,100.115456,97.98681,97.19848,98.25125
MIT,b4c36,298,99.08352,98.98894,96.93079,98.656425,98.34647
MIT,b4c36,299,99.080574,98.791565,96.39157,98.43332,98.18115
MIT,b4c36,300,99.06941,99.42968,97.77823,96.77657,98.136536
MIT,b4c36,301,99.06712,100.05825,98.1028,96.86956,98.317825
MIT,b4c36,302,99.05348,99.37091,97.42233,96.61965,98.26087
MIT,b4c36,303,99.05511,100.06002,98.17866,97.15752,98.31786
MIT,b4c36,304,99.046074,98.92324,96.75359,98.06742,98.30168
MIT,b4c36,305,99.0341,98.94226,97.00903,98.37396,98.34775
MIT,b4c36,306,99.023705,98.96462,96.69471,98.3922,98.34277
MIT,b4c36,307,99.02244,98.78583,96.63094,98.04631,98.27304
MIT,b4c36,308,99.0138,99.794075,98.3091,97.57421,98.20371
MIT,b4c36,309,99.0147,98.995705,96.850136,98.12151,98.09629
MIT,b4c36,310,99.00459,99.76079,96.172,97.03748,98.03514
MIT,b4c36,311,98.999245,99.75869,98.00116,97.33083,98.04223
MIT,b4c36,312,99.00001,99.33068,98.14372,96.756546,98.176605
MIT,b4c36,313,98.99721,99.35523,97.85498,96.29004,98.14919
MIT,b4c36,314,98.99372,100.00663,97.73923,97.31296,98.137825
MIT,b4c36,315,98.985435,99.97324,97.52259,96.82489,98.247505
MIT,b4c36,316,98.97066,99.92962,98.19695,97.6796,98.06593
MIT,b4c36,317,98.955666,99.22841,98.04174,96.30379,97.90679
MIT,b4c36,318,98.94801,99.21385,97.99965,96.8229,98.02595
MIT,b4c36,319,98.94645,99.2084,96.447495,96.627815,98.08697
MIT,b4c36,320,98.932884,99.89488,98.18024,96.30154,97.95047
MIT,b4c36,321,98.933784,99.89287,98.04331,96.92882,98.09851
MIT,b4c36,322,98.92647,99.17547,97.37315,96.816246,97.95332
MIT,b4c36,323,98.91725,98.666695,96.66951,97.4877,97.92721
MIT,b4c36,324,98.90787,99.86754,95.85634,96.88246,97.79874
MIT,b4c36,325,98.89777,98.83704,97.11241,97.77038,97.988235
MIT,b4c36,326,98.89768,99.64464,98.16645,97.02052,97.944214
MIT,b4c36,327,98.884155,99.861336,98.27178,97.02108,97.94058
MIT,b4c36,328,98.87271,99.83374,98.1449,97.59149,97.97501
MIT,b4c36,329,98.86898,99.81846,97.84237,96.44035,97.849205
MIT,b4c36,330,98.856895,99.80011,97.28163,96.69354,97.906334
MIT,b4c36,331,98.85245,99.786224,98.266884,97.27845,97.96307
MIT,b4c36,332,98.84639,99.77326,95.43545,96.88597,97.82605
MIT,b4c36,333,98.838455,99.007164,97.561295,96.53994,97.85456
MIT,b4c36,334,98.83842,98.825,96.546326,97.44405,97.88116
MIT,b4c36,335,98.822044,99.524506,98.08409,97.37349,97.899864
MIT,b4c36,336,98.81859,98.94314,97.16736,97.70019,98.005486
MIT,b4c36,337,98.81251,98.607475,96.02057,97.18763,97.71334
MIT,b4c36,338,98.80588,98.86856,96.98061,97.346375,97.89663
MIT,b4c36,339,98.799545,98.74728,96.728165,97.24844,97.82786
MIT,b4c36,340,98.78993,98.79227,97.005165,97.73889,97.85173
MIT,b4c36,341,98.77964,98.6041,96.63715,96.77291,97.54012
MIT,b4c36,342,98.76647,98.6777,96.84238,97.24742,97.74567
MIT,b4c36,343,98.76867,98.670494,96.858986,96.87069,97.872116
MIT,b4c36,344,98.75639,98.75562,97.750824,96.65118,97.8487
MIT,b4c36,345,98.74478,99.34224,98.24312,96.709045,97.7484
MIT,b4c36,346,98.73942,99.53277,97.5671,96.77502,97.67179
MIT,b4c36,347,98.72883,98.59337,96.712494,96.81217,97.72884
MIT,b4c36,348,98.70926,98.65099,96.98908,97.494736,97.74719
MIT,b4c36,349,98.70131,98.41979,97.64253,96.22862,97.703735
MIT,b4c36,350,98.696556,98.40421,98.19866,96.93893,97.72349
MIT,b4c36,351,98.68502,99.08982,97.952286,96.96857,97.71966
MIT,b4c36,352,98.67984,99.3366,98.109726,97.20956,97.47461
MIT,b4c36,353,98.666626,98.728745,97.191154,97.108604,97.585625
MIT,b4c36,354,98.65307,98.527275,96.422325,96.42153,97.47461
MIT,b4c36,355,98.6406,98.94871,97.84411,96.968864,97.47562
MIT,b4c36,356,98.62738,99.247696,98.167854,97.31367,97.542076
MIT,b4c36,357,98.622246,98.722435,97.002785,96.53598,97.56449
MIT,b4c36,358,98.61483,98.76226,97.223206,97.41549,97.652916
MIT,b4c36,359,98.608826,98.10887,97.71428,96.20599,97.33717
MIT,b4c36,360,98.60033,99.16237,97.26083,97.00668,97.47221
MIT,b4c36,361,98.58831,99.18453,97.05943,96.90342,97.39739
MIT,b4c36,362,98.58269,98.82561,98.39134,97.28121,97.66462
MIT,b4c36,363,98.55987,99.00752,97.50437,97.16672,97.276924
MIT,b4c36,364,98.546936,98.656746,96.39723,96.31203,97.30902
MIT,b4c36,365,98.54388,98.62834,98.00982,96.77105,97.2931
MIT,b4c36,366,98.53524,98.52373,97.03476,97.16501,97.17308
MIT,b4c36,367,98.52592,98.87979,97.37392,97.02839,97.16713
MIT,b4c36,368,98.51694,97.66737,98.39742,97.386375,97.04289
MIT,b4c36,369,98.50558,98.61856,97.19716,96.65037,97.029366
MIT,b4c36,370,98.49765,98.476395,98.35872,97.03053,97.40273
MIT,b4c36,371,98.47746,98.385544,96.38795,96.86013,97.10349
MIT,b4c36,372,98.467354,98.30166,87.49301,96.298386,97.129776
MIT,b4c36,373,98.45032,98.21843,97.53896,96.5891,97.09484
MIT,b4c36,374,98.43685,98.34664,96.44488,96.9239,97.06996
MIT,b4c36,375,98.42665,98.5102,98.14583,97.25317,97.11249
MIT,b4c36,376,98.41471,98.01067,97.87412,96.69325,97.06076
MIT,b4c36,377,98.39277,96.99607,98.23814,96.68399,97.07752
MIT,b4c36,378,98.38254,97.87281,98.0773,96.953705,97.164536
MIT,b4c36,379,98.37136,98.31663,95.99748,95.89434,96.73994
MIT,b4c36,380,98.361,98.3701,98.24579,97.06602,96.7145
MIT,b4c36,381,98.354324,97.989586,97.635574,96.38356,97.06143
MIT,b4c36,382,98.348495,98.295555,96.70454,95.70344,96.946045
MIT,b4c36,383,98.33706,98.45825,97.69725,96.327736,97.14212
MIT,b4c36,384,98.32345,98.023994,98.26473,96.9034,96.89001
MIT,b4c36,385,98.32584,98.242645,95.79825,96.07101,96.84917
MIT,b4c36,386,98.31393,98.00789,98.120445,96.50001,96.841835
MIT,b4c36,387,98.2994,98.00827,97.61795,96.68389,96.87047
MIT,b4c36,388,98.28789,98.33861,96.79002,96.25438,96.84924
MIT,b4c36,389,98.276054,97.98666,98.37836,97.0453,96.888794
MIT,b4c36,390,98.2657,98.455215,97.04459,96.220726,96.852036
MIT,b4c36,391,98.26036,98.3233,96.47291,96.197334,96.827225
MIT,b4c36,392,98.24987,97.0877,98.155525,96.46784,96.89378
MIT,b4c36,393,98.241356,98.061226,98.03402,96.6673,96.92319
MIT,b4c36,394,98.23102,98.50685,97.702156,96.96802,96.791756
MIT,b4c36,395,98.2201,98.2617,96.76358,95.93267,96.92319
MIT,b4c36,396,98.20639,98.328125,97.071175,95.705986,96.87144
MIT,b4c36,397,98.20113,96.92497,98.15504,96.168144,96.87589
MIT,b4c36,398,98.18465,98.10103,96.308365,96.047005,96.81201
MIT,b4c36,399,98.162796,98.2683,97.01179,96.14626,96.83256
MIT,b4c36,400,98.1534,98.230896,97.41274,97.216736,96.778244
MIT,b4c36,401,98.14529,98.240204,96.88843,95.086296,96.765625
MIT,b4c36,402,98.128265,98.12738,97.57649,97.081276,96.863335
MIT,b4c36,403,98.11853,98.18738,97.72417,97.48861,96.83401
MIT,b4c36,404,98.105125,98.072845,96.106926,95.32728,96.82339
MIT,b4c36,405,98.08823,97.93962,96.19617,94.32507,96.767654
MIT,b4c36,406,98.07439,97.964516,96.32228,94.88123,96.811066
MIT,b4c36,407,98.051544,97.194534,97.90219,96.50203,96.80759
MIT,b4c36,408,98.039024,97.88424,96.17221,94.31079,96.693184
MIT,b4c36,409,98.02725,97.61184,97.4797,97.03182,96.70776
MIT,b4c36,410,98.00437,96.00667,95.43265,96.59763,96.64506
MIT,b4c36,411,97.992775,97.514114,97.48,96.93121,96.426476
MIT,b4c36,412,97.97198,97.99857,96.662544,96.605515,96.52846
MIT,b4c36,413,97.96043,96.84979,97.66649,97.09941,96.578186
MIT,b4c36,414,97.94687,96.01061,97.37573,96.628624,96.41313
MIT,b4c36,415,97.93971,97.592,97.37862,95.818596,95.85781
MIT,b4c36,416,97.92622,97.61032,97.938286,96.171844,96.4475
MIT,b4c36,417,97.91477,96.16637,98.14894,96.15499,96.437065
MIT,b4c36,418,97.90603,97.609795,96.956604,96.42876,96.365364
MIT,b4c36,419,97.89476,97.716034,98.1071,96.72558,96.67566
MIT,b4c36,420,97.88541,98.08778,97.416985,94.8565,96.71589
MIT,b4c36,421,97.87108,97.789986,96.78239,96.616684,96.39192
MIT,b4c36,422,97.867065,97.91122,96.76996,94.80813,96.44469
MIT,b4c36,423,97.85322,96.35568,92.265526,96.040825,96.612175
MIT,b4c36,424,97.83984,97.82862,96.767624,94.18193,96.26816
MIT,b4c36,425,97.829605,97.704185,96.702805,94.57521,96.13814
MIT,b4c36,426,97.81718,96.3927,98.102234,95.97077,96.430626
MIT,b4c36,427,97.803566,97.96934,97.92307,96.71674,96.49532
MIT,b4c36,428,97.7879,97.77103,96.784935,93.831764,96.31755
MIT,b4c36,429,97.76971,96.36806,97.226685,95.76245,96.18821
MIT,b4c36,430,97.759155,97.915985,97.025764,96.10629,96.18244
MIT,b4c36,431,97.74257,97.83721,97.2061,95.80018,95.98526
MIT,b4c36,432,97.72137,97.44654,96.657135,94.21112,96.05672
MIT,b4c36,433,97.70317,97.62778,96.70344,96.22287,96.41307
MIT,b4c36,434,97.68264,97.688576,97.14342,93.723595,96.39696
MIT,b4c36,435,97.66249,97.32358,96.58492,93.04396,95.93301
MIT,b4c36,436,97.64106,95.70006,96.84694,96.277275,96.13351
MIT,b4c36,437,97.61593,96.5035,95.480156,96.29763,96.090904
MIT,b4c36,438,97.59594,96.94454,96.978195,96.59891,96.13794
MIT,b4c36,439,97.57236,97.44759,96.581764,92.936226,96.22774
MIT,b4c36,440,97.55736,96.09767,97.878525,96.60814,96.11337
MIT,b4c36,441,97.53448,95.9769,96.59231,96.16999,96.01922
MIT,b4c36,442,97.51953,94.91734,97.27053,96.19781,96.08518
MIT,b4c36,443,97.498505,97.07533,96.47736,91.875145,95.98743
MIT,b4c36,444,97.472374,94.73076,97.919044,96.34557,96.102104
MIT,b4c36,445,97.45431,97.12182,96.287766,92.69919,96.03022
MIT,b4c36,446,97.43168,96.96378,96.14891,92.110115,96.0114
MIT,b4c36,447,97.42274,95.689865,96.89988,96.087944,95.91442
MIT,b4c36,448,97.40787,96.46631,97.74054,96.516,96.03032
MIT,b4c36,449,97.39217,97.11633,96.70509,93.07299,96.01843
MIT,b4c36,450,97.374405,95.879845,98.146515,96.56277,96.04427
MIT,b4c36,451,97.35256,96.85166,95.87267,92.34299,95.74918
MIT,b4c36,452,97.33206,95.92571,97.75904,96.37488,96.161804
MIT,b4c36,453,97.318794,95.06214,96.41601,95.37756,95.96786
MIT,b4c36,454,97.30341,97.24156,96.98553,92.066376,96.133835
MIT,b4c36,455,97.28799,95.30355,97.03971,95.27963,95.832924
MIT,b4c36,456,97.2797,96.38813,97.09111,96.42298,96.07816
MIT,b4c36,457,97.264595,97.20157,97.043945,93.44601,96.0441
MIT,b4c36,458,97.25369,96.538925,97.36005,96.00351,96.13762
MIT,b4c36,459,97.23553,95.63706,98.019516,95.76249,96.17963
MIT,b4c36,460,97.2184,96.878555,96.703545,91.773544,96.15372
MIT,b4c36,461,97.201706,96.57608,97.79085,96.27297,95.85773
MIT,b4c36,462,97.1776,96.76078,96.68532,93.581566,95.716286
MIT,b4c36,463,97.158195,96.90303,96.84271,91.98637,95.92202
MIT,b4c36,464,97.12209,96.50004,96.66414,92.94891,95.76807
MIT,b4c36,465,97.10193,96.777985,97.67167,95.77228,95.93383
MIT,b4c36,466,97.083664,95.10941,96.99898,95.62397,95.744156
MIT,b4c36,467,97.04875,96.54959,96.50436,92.05709,95.75641
MIT,b4c36,468,97.02484,96.531784,97.58002,95.783714,95.849556
MIT,b4c36,469,97.003265,94.89223,97.1561,95.63239,95.77494
MIT,b4c36,470,96.986374,96.37788,96.84097,95.03103,95.79324
MIT,b4c36,471,96.95365,95.73762,97.36367,95.26367,95.8219
MIT,b4c36,472,96.93255,96.115,96.22275,90.98148,95.74019
MIT,b4c36,473,96.90432,96.17168,96.158134,90.806244,95.76418
MIT,b4c36,474,96.87701,96.04758,96.79556,95.99924,95.794975
MIT,b4c36,475,96.85656,95.30575,95.10364,95.6621,95.698044
MIT,b4c36,476,96.822655,94.25103,97.49087,95.65077,95.630455
MIT,b4c36,477,96.79077,94.0892,97.3452,95.669174,95.73252
MIT,b4c36,478,96.758545,96.25778,96.7309,91.13644,95.67185
MIT,b4c36,479,96.7221,95.40997,96.92436,96.14956,95.60162
MIT,b4c36,480,96.70281,96.099686,96.73381,90.81559,95.521736
MIT,b4c36,481,96.67084,95.4341,97.47165,95.46563,95.50729
MIT,b4c36,482,96.646034,95.47644,96.38817,95.47108,95.24172
MIT,b4c36,483,96.62461,96.224815,96.9664,90.726395,95.49394
MIT,b4c36,484,96.594604,94.824524,95.59527,95.3968,95.40366
MIT,b4c36,485,96.56988,95.79883,96.075134,90.85036,95.55591
MIT,b4c36,486,96.54568,94.00229,96.66207,95.45034,95.27127
MIT,b4c36,487,96.514755,95.56927,96.94253,94.524895,95.270836
MIT,b4c36,488,96.49973,95.68501,96.18609,95.222466,95.435936
MIT,b4c36,489,96.4804,95.18671,96.51735,95.278275,95.58714
MIT,b4c36,490,96.4502,95.647865,96.156204,90.962166,95.223076
MIT,b4c36,491,96.42656,95.71962,97.74268,95.70908,95.420425
MIT,b4c36,492,96.393654,95.67727,94.79857,94.990616,95.37736
MIT,b4c36,493,96.365524,94.1128,96.711945,95.069046,94.97044
MIT,b4c36,494,96.334785,95.58446,96.1852,95.40176,95.32423
MIT,b4c36,495,96.29537,95.5115,96.68584,96.28665,95.022705
MIT,b4c36,496,96.268364,95.51185,96.04898,90.00692,94.89664
MIT,b4c36,497,96.24346,93.76355,97.10458,94.299446,94.94089
MIT,b4c36,498,96.208,95.16106,97.43233,95.371475,95.17142
MIT,b4c36,499,96.16998,95.19265,96.08747,89.15608,94.667465
MIT,b4c36,500,96.12827,94.06654,96.356575,94.880165,94.67163
MIT,b4c36,501,96.08653,93.83725,80.81895,93.88751,94.90802
MIT,b4c36,502,96.047195,95.34015,96.71324,90.04252,94.94334
MIT,b4c36,503,96.00167,95.22012,96.56357,89.02069,94.96547
MIT,b4c36,504,95.97054,95.2556,96.64583,89.63544,94.99297
MIT,b4c36,505,95.92233,94.9095,96.271835,88.63978,94.833694
MIT,b4c36,506,95.89277,95.04254,96.43505,88.87706,94.99205
MIT,b4c36,507,95.84446,93.4566,95.405525,94.44898,94.50854
MIT,b4c36,508,95.8137,93.934944,96.714134,94.877945,94.57013
MIT,b4c36,509,95.773315,95.095146,96.789154,89.10445,94.12916
MIT,b4c36,510,95.72864,93.69707,96.49879,93.898125,94.46131
MIT,b4c36,511,95.690834,92.21716,96.63025,95.33907,94.515366
MIT,b4c36,512,95.64655,92.85795,97.19848,95.35816,94.52114
MIT,b4c36,513,95.61049,92.903465,97.21416,94.88899,94.339035
MIT,b4c36,514,95.5656,93.45308,97.01081,95.05326,94.28593
MIT,b4c36,515,95.52281,92.85837,97.284004,94.39135,94.41411
MIT,b4c36,516,95.48939,94.73866,96.17032,88.21774,94.314445
MIT,b4c36,517,95.43924,92.80849,97.02909,94.12815,93.926186
MIT,b4c36,518,95.38789,94.62307,96.2208,88.063385,94.16438
MIT,b4c36,519,95.34976,92.04048,91.29066,95.18145,93.966995
MIT,b4c36,520,95.303276,93.37462,97.01549,94.549034,94.16911
MIT,b4c36,521,95.26605,94.37295,96.37166,86.877495,93.86018
MIT,b4c36,522,95.22071,92.91667,96.64098,94.06298,93.905266
MIT,b4c36,523,95.16088,92.89659,96.035416,94.72149,93.92222
MIT,b4c36,524,95.11044,92.83411,96.20656,94.70179,93.95137
MIT,b4c36,525,95.070114,92.81346,96.51331,94.39935,93.909164
MIT,b4c36,526,95.00469,91.90986,95.03487,95.97725,93.92037
MIT,b4c36,527,94.951744,94.259315,96.47791,87.07618,93.72874
MIT,b4c36,528,94.8821,93.8523,95.89069,86.141045,93.24873
MIT,b4c36,529,94.811646,91.48177,93.27728,96.052895,93.04261
MIT,b4c36,530,94.733284,92.498474,96.519905,94.22745,93.268654
MIT,b4c36,531,94.66812,92.28189,95.73681,94.17196,93.27138
MIT,b4c36,532,94.59565,92.216606,95.3349,94.470215,92.89856
MIT,b4c36,533,94.51322,92.116356,96.587265,95.38684,93.07234
MIT,b4c36,534,94.450966,91.956825,94.642876,94.31914,92.890724
MIT,b4c36,535,94.3624,91.760796,91.76712,94.32117,92.870224
MIT,b4c36,536,94.283264,91.57547,94.30994,94.71077,92.871895
MIT,b4c36,537,94.18947,91.43233,95.45615,95.41929,92.799065
MIT,b4c36,538,94.10266,90.02984,88.19895,95.44164,92.8093
MIT,b4c36,539,94.0125,90.88397,92.86871,94.99213,92.84361
MIT,b4c36,540,93.92283,92.798294,96.39212,86.62883,92.74282
MIT,b4c36,541,93.833824,92.53706,95.84984,85.74048,92.72544
MIT,b4c36,542,93.72857,89.105354,91.10548,94.785286,92.66854
MIT,b4c36,543,93.63478,92.42705,96.58778,87.14875,92.686935
MIT,b4c36,544,93.543564,89.341934,89.96274,95.185425,92.504135
MIT,b4c36,545,93.42907,88.57397,85.88906,93.612465,92.45565
MIT,b4c36,546,93.32527,92.00104,95.21786,84.576195,92.42345
MIT,b4c36,547,93.227615,91.90134,96.11141,85.23556,92.35482
MIT,b4c36,548,93.12846,91.95104,95.98092,85.17621,92.23244
MIT,b4c36,549,93.00555,88.22084,91.90337,94.63409,92.08275
MIT,b4c36,550,92.89606,89.11383,89.45483,95.04455,91.929085
MIT,b4c36,551,92.78251,87.97477,89.975266,93.9233,91.87341
MIT,b4c36,552,92.667206,88.494225,84.894646,95.10369,91.54782
MIT,b4c36,553,92.5383,91.70924,96.69448,86.05274,91.86693
MIT,b4c36,554,92.43083,88.341866,92.8027,94.34279,91.687706
MIT,b4c36,555,92.30027,91.12744,95.515305,84.712364,91.698364
MIT,b4c36,556,92.18255,88.16516,83.84851,94.882576,91.8923
MIT,b4c36,557,92.05248,90.84721,96.13241,85.537415,91.71016
MIT,b4c36,558,91.907974,88.07539,94.29069,94.840256,91.616066
MIT,b4c36,559,91.76975,90.812546,95.80894,84.269196,91.35604
MIT,b4c36,560,91.629585,88.198784,83.48299,94.50104,91.08444
MIT,b4c36,561,91.48797,88.04194,83.0191,94.78979,91.057495
MIT,b4c36,562,91.34393,90.21494,96.26208,85.38794,90.49919
MIT,b4c36,563,91.18759,86.73258,95.069305,92.22209,90.518196
MIT,b4c36,564,91.04484,89.64787,96.097374,84.29174,90.31769
MIT,b4c36,565,90.88695,86.886185,83.66426,93.497505,89.740875
MIT,b4c36,566,90.715706,87.0256,87.215996,94.53619,89.57778
MIT,b4c36,567,90.56205,88.96154,95.76679,83.94419,89.48172
MIT,b4c36,568,90.38689,86.61657,89.01241,94.29594,89.310394
MIT,b4c36,569,90.210464,88.25677,94.33359,84.24884,89.26593
MIT,b4c36,570,90.0324,88.13688,94.30123,83.223465,89.55379
MIT,b4c36,571,89.84855,85.86251,87.62521,93.591,89.41104
MIT,b4c36,572,89.66617,88.11417,95.588684,83.108826,89.82046
MIT,b4c36,573,89.45378,87.62742,95.32465,83.0529,89.55194
MIT,b4c36,574,89.26577,84.766716,88.73621,88.99015,89.13962
MIT,b4c36,575,89.06786,84.71243,94.31666,89.019936,89.072495
MIT,b4c36,576,88.847466,85.14848,83.76166,91.433716,88.95607
MIT,b4c36,577,88.65048,84.8032,83.73979,91.05844,88.41919
MIT,b4c36,578,88.430626,84.45682,87.648384,88.51902,87.45259
MIT,b4c36,579,88.20734,84.61671,84.50043,90.9893,87.22119
MIT,b4c36,580,87.96912,84.30004,84.20352,87.776886,86.78326
MIT,b4c36,581,87.7322,84.74063,86.2731,91.80412,86.32775
MIT,b4c36,582,87.50744,84.67775,85.58,92.31774,86.341415
MIT,b4c36,583,87.26186,84.329025,85.53498,89.4388,86.06779
MIT,b4c36,584,87.006744,85.23273,93.28421,82.999596,85.792725
MIT,b4c36,585,86.75405,84.10901,86.54076,89.41717,85.6226
MIT,b4c36,586,86.50425,84.24408,88.72968,91.79752,85.60662
MIT,b4c36,587,86.24224,83.96352,88.00793,89.3057,85.24903
MIT,b4c36,588,85.99491,84.08149,83.20001,90.358765,84.95674
MIT,b4c36,589,85.73577,84.46468,95.08466,81.61885,84.89687
MIT,b4c36,590,85.47317,83.859665,82.91604,90.85077,84.81099
MIT,b4c36,591,85.212814,83.77739,77.69935,90.131355,84.236374
MIT,b4c36,592,84.93485,83.48926,83.81728,88.65534,83.84734
MIT,b4c36,593,84.6762,83.546326,84.055336,90.4717,83.97589
MIT,b4c36,594,84.40698,83.1671,92.40059,80.7139,83.65287
MIT,b4c36,595,84.13477,82.859695,93.62696,82.1889,83.26085
MIT,b4c36,596,83.86355,82.45076,90.27515,81.29094,83.01174
MIT,b4c36,597,83.5772,82.1705,89.63959,80.36832,82.37772
MIT,b4c36,598,83.295555,82.56222,86.77887,86.98381,82.51764
MIT,b4c36,599,83.011215,81.841286,92.02402,80.88078,82.205025
MIT,b4c36,600,82.75137,82.34393,86.600334,87.35733,82.21108
MIT,b4c36,601,82.469955,82.52469,87.99267,89.3443,82.045456
MIT,b4c36,602,82.17336,81.17341,91.24059,78.67406,81.5884
MIT,b4c36,603,81.88649,80.850876,91.56649,78.23909,81.65447
MIT,b4c36,604,81.58994,82.08632,81.36604,89.590256,81.702736
MIT,b4c36,605,81.29833,81.7172,93.907646,86.75058,81.04338
MIT,b4c36,606,80.99204,79.80704,84.85112,78.47627,80.61708
MIT,b4c36,607,80.70323,79.70237,87.50152,78.350235,80.613655
MIT,b4c36,608,80.410545,81.77641,82.88554,88.623,80.64736
MIT,b4c36,609,80.11717,79.35105,85.50643,78.21549,79.89547
MIT,b4c36,610,79.81619,81.45906,83.897896,87.54651,79.90729
MIT,b4c36,611,79.521545,79.22242,87.87939,77.10696,79.89111
MIT,b4c36,612,79.231674,81.568344,80.26941,87.01014,79.36549
MIT,b4c36,613,78.937065,79.047516,85.84759,77.21358,79.01182
MIT,b4c36,614,78.64368,81.4855,87.91662,87.999626,78.55582
MIT,b4c36,615,78.34822,78.61687,84.84259,79.825005,78.49328
MIT,b4c36,616,78.05737,78.34629,86.014046,77.39497,78.4294
MIT,b4c36,617,77.76279,81.2362,92.88392,89.05024,78.42365
MIT,b4c36,618,77.4769,81.18524,78.9046,88.811615,77.662964
MIT,b4c36,619,77.1912,81.129715,77.12143,88.50806,77.62881
MIT,b4c36,620,76.90886,81.06909,80.20414,88.07554,77.74464
MIT,b4c36,621,76.617,80.85697,80.007866,88.02597,77.70075
MIT,b4c36,622,76.328094,77.32939,83.388504,77.21833,76.79108
MIT,b4c36,623,76.04588,80.90175,74.31311,88.86606,76.80608
MIT,b4c36,624,75.7719,80.692955,82.61062,86.91894,76.52977
MIT,b4c36,625,75.49433,76.93388,85.54148,76.957954,76.6894
MIT,b4c36,626,75.20936,76.84311,84.10132,77.34416,76.48779
MIT,b4c36,627,74.9308,80.68877,83.383606,87.872475,76.41349
MIT,b4c36,628,74.6406,80.3179,96.73383,84.90713,76.47948
MIT,b4c36,629,74.36162,80.45286,79.94166,86.861755,75.07247
MIT,b4c36,630,74.08082,76.227844,83.715904,77.57525,75.059654
MIT,b4c36,631,73.79476,80.30288,83.31789,86.98962,75.15376
MIT,b4c36,632,73.5212,80.23663,97.11945,88.05258,74.82765
MIT,b4c36,633,73.250656,80.26735,98.74941,87.72956,75.18536
MIT,b4c36,634,72.97365,80.23824,98.70886,87.88338,73.74776
MIT,b4c36,635,72.69404,80.189476,94.453766,88.27507,73.92127
MIT,b4c36,636,72.42629,79.934616,90.658615,86.41222,73.70954
MIT,b4c36,637,72.14619,74.57915,82.15115,75.24767,73.93954
MIT,b4c36,638,71.88293,79.94813,78.61719,87.36568,73.701454
MIT,b4c36,639,71.60615,79.77614,79.59577,88.21183,73.67321
MIT,b4c36,640,71.33827,79.85806,76.21079,87.27995,72.16533
MIT,b4c36,641,71.0596,79.795105,77.62378,87.109665,72.04399
MIT,b4c36,642,70.784904,79.73104,80.04427,89.09572,72.021416
MIT,b4c36,643,70.51838,79.66269,78.61236,88.96081,72.12276
MIT,b4c36,644,70.24085,73.01601,81.244064,73.90994,72.18972
MIT,b4c36,645,69.97459,79.49662,93.80785,88.39524,71.884415
MIT,b4c36,646,69.70374,72.096985,79.093994,72.954544,70.58177
MIT,b4c36,647,69.43018,79.17032,80.809425,85.78342,70.45264
MIT,b4c36,648,69.15662,71.563515,78.73619,73.40214,70.60868
MIT,b4c36,649,68.883316,79.23935,92.658676,87.09792,70.64631
MIT,b4c36,650,68.606995,79.21469,77.65823,87.114586,70.528076
MIT,b4c36,651,68.323044,70.8622,78.45816,71.89785,68.79207
MIT,b4c36,652,68.04401,78.97269,96.63473,86.65069,68.87808
MIT,b4c36,653,67.75936,79.10092,77.523285,86.7937,68.93101
MIT,b4c36,654,67.477974,70.12038,78.597145,72.4322,68.99232
MIT,b4c36,655,67.187256,78.79922,78.71915,86.19477,68.92975
MIT,b4c36,656,66.904205,69.23965,76.641174,70.91736,68.805626
MIT,b4c36,657,66.61671,78.897675,77.50062,85.80229,68.717415
MIT,b4c36,658,66.34006,68.635315,77.5506,71.21345,68.3889
MIT,b4c36,659,66.05627,68.3145,77.13273,69.36521,68.054306
MIT,b4c36,660,65.772064,78.74932,76.487946,88.49237,67.15406
MIT,b4c36,661,65.4865,78.468414,81.58038,85.675735,66.84461
MIT,b4c36,662,65.197296,78.66855,76.89982,87.374504,66.84319
MIT,b4c36,663,64.91277,78.63788,77.97302,85.94831,65.35876
MIT,b4c36,664,64.61649,78.345245,75.22706,84.387985,64.8927
MIT,b4c36,665,64.32056,78.297585,97.302185,84.14777,65.294945
MIT,b4c36,666,64.03214,66.321304,76.42705,68.448265,65.08793
MIT,b4c36,667,63.735085,78.526825,80.937126,84.63378,65.28398
MIT,b4c36,668,63.437737,78.527084,78.76172,87.67792,65.54945
MIT,b4c36,669,63.13458,66.33499,78.26799,69.81983,65.64774
MIT,b4c36,670,62.815075,66.2246,76.86888,70.07383,66.155396
MIT,b4c36,671,62.495586,66.249306,76.84061,71.67838,66.32982
MIT,b4c36,672,62.18565,78.478645,82.55653,84.73468,66.39819
MIT,b4c36,673,61.891464,66.094864,78.400894,70.44284,66.21135
MIT,b4c36,674,61.581173,65.82562,76.97866,70.65758,66.4183
MIT,b4c36,675,61.29464,78.35053,76.94864,83.65047,66.19049
MIT,b4c36,676,61.007824,64.65396,76.44946,68.9985,65.56099
MIT,b4c36,677,60.731697,78.14243,75.99626,83.6315,62.562626
MIT,b4c36,678,60.4467,63.582775,76.09323,67.38486,62.624435
MIT,b4c36,679,60.1538,77.71555,85.55147,84.65913,62.54788
MIT,b4c36,680,59.86561,77.64309,78.894325,83.44145,62.531498
MIT,b4c36,681,59.566826,62.809906,74.27064,67.139694,62.41895
MIT,b4c36,682,59.266468,77.85767,83.8147,82.73831,62.348778
MIT,b4c36,683,58.97368,62.44246,74.469574,65.99528,62.59561
MIT,b4c36,684,58.67424,62.29261,73.77365,65.78008,62.649937
MIT,b4c36,685,58.363194,62.219856,75.14224,64.89784,62.516525
MIT,b4c36,686,58.05342,62.041973,73.943504,65.46862,62.636024
MIT,b4c36,687,57.745293,77.312836,83.08034,82.8601,62.73497
MIT,b4c36,688,57.436962,77.64934,75.94066,82.58271,62.64488
MIT,b4c36,689,57.13636,61.79916,74.82097,65.70976,62.562923
MIT,b4c36,690,56.831432,61.685432,74.17302,65.1252,62.661175
MIT,b4c36,691,56.538536,61.57626,72.92615,64.81824,62.748245
MIT,b4c36,692,56.261826,77.10919,89.00282,82.34166,62.680073
MIT,b4c36,693,55.962513,61.45819,73.466934,64.718414,63.38919
MIT,b4c36,694,55.66691,61.384228,73.593636,64.69196,62.415936
MIT,b4c36,695,55.360676,61.345703,72.98517,64.62164,62.687286
MIT,b4c36,696,55.04679,77.34862,72.32422,81.51101,62.749947
MIT,b4c36,697,54.746902,76.899,87.676254,81.33765,62.536533
MIT,b4c36,698,54.44592,77.28816,73.69859,82.10906,62.411182
MIT,b4c36,699,54.150906,61.179462,72.462494,64.2206,62.597843
MIT,b4c36,700,53.834522,61.140873,71.57412,64.11105,62.330425
MIT,b4c36,701,53.54031,61.11178,72.08212,64.112854,62.52016
MIT,b4c36,702,53.257267,61.063747,71.82097,64.23736,62.41222
MIT,b4c36,703,52.958794,61.01747,71.538506,63.84781,62.546574
MIT,b4c36,704,52.655605,60.982334,71.42607,63.489944,62.67173
MIT,b4c36,705,52.36346,76.53959,70.37065,78.3793,62.77492
MIT,b4c36,706,52.07591,76.49106,80.61853,77.93248,63.282574
MIT,b4c36,707,51.78058,76.434296,83.21717,77.48329,62.79596
MIT,b4c36,708,51.498955,60.878418,71.16523,63.35317,62.85464
MIT,b4c36,709,51.21669,76.38719,83.57697,77.155785,62.599
MIT,b4c36,710,50.927864,76.37027,76.31255,77.47717,62.7852
MIT,b4c36,711,50.64351,60.865997,71.580154,63.9105,62.661137
MIT,b4c36,712,50.353374,60.838593,71.83403,63.648003,62.859573
MIT,b4c36,713,50.065342,60.81325,70.66304,63.628742,62.46886
