dataset,battery_id,cycle_idx,SOH,pred_VLSTM,pred_CNNLSTM,pred_PiFormer,pred_XGBoost
MIT,b1c17,1,99.8852,99.84727,97.86133,100.28929,99.8794
MIT,b1c17,2,100.0,99.86504,97.87483,100.24455,99.919914
MIT,b1c17,3,100.059525,100.08509,97.858536,100.80727,99.97395
MIT,b1c17,4,100.11398,99.63278,97.78264,100.053986,99.965324
MIT,b1c17,5,100.15002,100.114365,97.86782,100.8944,99.99773
MIT,b1c17,6,100.17449,100.09971,97.87131,100.74722,100.04824
MIT,b1c17,7,100.1971,99.66369,97.726906,100.466934,100.055145
MIT,b1c17,8,100.21771,99.88813,97.87612,100.316895,100.07166
MIT,b1c17,9,100.229836,99.64798,97.878624,100.26299,100.095505
MIT,b1c17,10,100.136024,99.64008,97.704,100.04075,100.086876
MIT,b1c17,11,100.267876,100.07611,97.87323,100.80741,100.08868
MIT,b1c17,12,100.28116,99.89363,97.875465,100.35338,100.08005
MIT,b1c17,13,100.290344,99.894196,97.87735,100.37489,100.09601
MIT,b1c17,14,100.30224,100.06522,97.859566,100.79306,100.0734
MIT,b1c17,15,100.308586,99.89396,97.87327,100.340355,100.09348
MIT,b1c17,16,100.322556,99.89585,97.87163,100.40611,100.09048
MIT,b1c17,17,100.32981,100.06278,97.85552,100.84066,100.082794
MIT,b1c17,18,100.33726,99.89429,97.880844,100.3498,100.082794
MIT,b1c17,19,100.340126,99.64216,97.74717,100.066895,100.082794
MIT,b1c17,20,100.34667,99.89603,97.867294,100.39548,100.09194
MIT,b1c17,21,100.35883,99.64164,97.813,100.22718,100.11724
MIT,b1c17,22,100.36053,99.894646,97.880424,100.347786,100.07306
MIT,b1c17,23,100.35576,99.66045,97.87691,100.47333,100.10994
MIT,b1c17,24,100.36049,99.89386,97.85892,100.210556,100.139366
MIT,b1c17,25,100.3642,99.890045,97.878685,100.25129,100.10271
MIT,b1c17,26,100.37331,99.63312,97.77787,100.189125,100.110695
MIT,b1c17,27,100.37211,99.63081,97.84864,100.0697,100.11209
MIT,b1c17,28,100.377625,100.014305,97.86766,100.799225,100.12072
MIT,b1c17,29,100.38996,100.01594,97.84996,100.79937,100.121056
MIT,b1c17,30,100.385925,100.006355,97.86406,100.71363,100.1347
MIT,b1c17,31,100.38506,99.99646,97.85198,100.822815,100.10881
MIT,b1c17,32,100.39083,99.89507,97.864624,100.317085,100.14034
MIT,b1c17,33,100.38976,99.64949,97.739456,100.397064,100.11546
MIT,b1c17,34,100.390915,100.011986,97.86054,100.71899,100.11813
MIT,b1c17,35,100.39228,99.62251,97.80322,100.08473,100.11546
MIT,b1c17,36,100.39228,99.894745,97.8621,100.31306,100.11053
MIT,b1c17,37,100.390015,100.00327,97.871796,100.77984,100.119156
MIT,b1c17,38,100.38849,99.89017,97.86866,100.32217,100.09216
MIT,b1c17,39,100.38974,99.987915,97.85993,100.79233,100.10881
MIT,b1c17,40,100.39298,99.89422,97.8651,100.33545,100.13022
MIT,b1c17,41,100.39424,99.89527,97.85069,100.289085,100.12137
MIT,b1c17,42,100.39073,99.97721,97.86079,100.707726,100.11724
MIT,b1c17,43,100.3941,99.629974,97.80336,100.30846,100.10833
MIT,b1c17,44,100.39789,99.62714,97.77469,100.37965,100.10881
MIT,b1c17,45,100.39826,99.88147,97.87761,100.28299,100.118454
MIT,b1c17,46,100.395515,99.96047,97.85066,100.733025,100.111336
MIT,b1c17,47,100.40532,99.958496,97.780464,100.72149,100.1247
MIT,b1c17,48,100.3961,99.94595,97.84522,100.73385,100.11577
MIT,b1c17,49,100.39254,99.94863,97.8547,100.592636,100.088
MIT,b1c17,50,100.39483,99.94039,97.84278,100.60282,100.10764
MIT,b1c17,51,100.43503,100.05308,97.81442,100.39798,100.04214
MIT,b1c17,52,100.49474,100.058975,97.75111,99.93086,100.032524
MIT,b1c17,53,100.52469,100.034615,97.76367,99.980064,99.96407
MIT,b1c17,54,100.53885,100.048775,97.73069,99.96368,100.014175
MIT,b1c17,55,100.5536,100.052734,97.73739,99.96144,100.00062
MIT,b1c17,56,100.55085,100.00728,97.84795,100.01413,100.133484
MIT,b1c17,57,100.43633,99.88728,97.86042,100.588196,100.112465
MIT,b1c17,58,100.419815,99.90753,97.84256,100.468506,100.08301
MIT,b1c17,59,100.41451,99.910614,97.86127,100.64813,100.08061
MIT,b1c17,60,100.41051,99.901184,97.85575,100.56975,100.076004
MIT,b1c17,61,100.40667,99.89965,97.862305,100.548935,100.04808
MIT,b1c17,62,100.40583,99.90837,97.85475,100.54401,100.09785
MIT,b1c17,63,100.40478,99.86048,97.86318,100.28811,100.07679
MIT,b1c17,64,100.39761,99.86222,97.85927,100.25999,100.06677
MIT,b1c17,65,100.39805,99.861374,97.86089,100.201355,100.076004
MIT,b1c17,66,100.399124,99.872375,97.84959,100.47866,100.06796
MIT,b1c17,67,100.39264,99.87125,97.86381,100.46506,100.06677
MIT,b1c17,68,100.39368,99.85788,97.859406,100.26508,100.06794
MIT,b1c17,69,100.39464,99.855965,97.84645,100.34607,100.05745
MIT,b1c17,70,100.39206,99.55797,97.76919,100.31046,100.05304
MIT,b1c17,71,100.38831,99.855835,97.84962,100.42102,100.05157
MIT,b1c17,72,100.3932,99.840805,97.84743,100.38594,100.068726
MIT,b1c17,73,100.39635,99.84827,97.85865,100.13496,100.05355
MIT,b1c17,74,100.38849,99.848366,97.83739,100.201996,100.03093
MIT,b1c17,75,100.38614,99.521904,97.80428,99.84243,100.07268
MIT,b1c17,76,100.38478,99.521095,97.79581,99.8574,100.07434
MIT,b1c17,77,100.38516,99.84033,97.85838,100.21657,100.06076
MIT,b1c17,78,100.38351,99.83821,97.84012,100.27195,100.05828
MIT,b1c17,79,100.38082,99.84642,97.848434,100.32812,100.06266
MIT,b1c17,80,100.37402,99.781204,97.8509,100.42399,100.047295
MIT,b1c17,81,100.37007,99.78863,97.84721,100.398575,100.03895
MIT,b1c17,82,100.368256,99.83393,97.866486,100.2632,100.054504
MIT,b1c17,83,100.36608,99.77854,97.85844,100.243256,99.98203
MIT,b1c17,84,100.364265,99.780914,97.837234,100.34362,100.03549
MIT,b1c17,85,100.364365,99.834274,97.85063,100.25087,100.07791
MIT,b1c17,86,100.359505,99.83342,97.850075,100.24255,100.044106
MIT,b1c17,87,100.36001,99.74881,97.85076,100.36066,100.048836
MIT,b1c17,88,100.356224,99.83443,97.847206,100.22833,100.06281
MIT,b1c17,89,100.35655,99.83,97.853134,100.252014,100.02457
MIT,b1c17,90,100.355705,99.82953,97.86198,100.170296,100.052216
MIT,b1c17,91,100.35506,99.51894,97.80307,100.27746,100.05
MIT,b1c17,92,100.351875,99.83325,97.8463,99.99531,100.044426
MIT,b1c17,93,100.354004,99.74321,97.85499,100.373955,100.05
MIT,b1c17,94,100.35497,99.8294,97.8502,100.20719,100.052216
MIT,b1c17,95,100.35339,99.82566,97.856895,100.18051,100.05
MIT,b1c17,96,100.35054,99.446266,97.75665,99.86324,100.0454
MIT,b1c17,97,100.347786,99.82803,97.847,100.22126,100.052284
MIT,b1c17,98,100.346886,99.715935,97.838326,100.14626,100.038475
MIT,b1c17,99,100.34401,99.48614,97.76992,100.2282,100.047874
MIT,b1c17,100,100.343544,99.71309,97.84675,100.093735,100.02257
MIT,b1c17,101,100.34271,99.7072,97.84996,100.057365,100.004135
MIT,b1c17,102,100.338066,99.75026,97.844406,100.16667,100.0454
MIT,b1c17,103,100.33741,99.72517,97.82694,100.29547,100.01417
MIT,b1c17,104,100.331,99.82137,97.85105,100.18297,99.94568
MIT,b1c17,105,100.330956,99.8182,97.84128,100.18794,100.01888
MIT,b1c17,106,100.32984,99.80391,97.85181,100.19536,99.95851
MIT,b1c17,107,100.32397,99.812836,97.85237,100.06574,100.022484
MIT,b1c17,108,100.31971,99.807175,97.847435,100.21488,99.955124
MIT,b1c17,109,100.317,99.68053,97.84369,99.86192,99.95304
MIT,b1c17,110,100.31475,99.80113,97.84599,100.185524,100.00954
MIT,b1c17,111,100.32463,99.68918,97.85267,99.93075,99.94391
MIT,b1c17,112,100.31928,99.668686,97.8521,99.74705,100.00954
MIT,b1c17,113,100.31457,99.66533,97.83783,99.786255,99.98795
MIT,b1c17,114,100.31216,99.79992,97.82939,99.96428,99.91876
MIT,b1c17,115,100.3117,99.39331,97.74955,100.34769,99.99976
MIT,b1c17,116,100.30828,99.80296,97.84273,100.093796,99.95081
MIT,b1c17,117,100.30691,99.65858,97.84495,99.688705,99.95188
MIT,b1c17,118,100.30435,99.80158,97.84172,100.11624,99.95722
MIT,b1c17,119,100.30751,99.790695,97.84985,99.97696,99.976875
MIT,b1c17,120,100.302826,99.64855,97.80092,99.74542,99.964294
MIT,b1c17,121,100.30158,99.7931,97.842926,100.18928,99.974365
MIT,b1c17,122,100.29883,99.65591,97.84118,99.72864,99.97406
MIT,b1c17,123,100.28954,99.65874,97.83403,99.68161,99.92164
MIT,b1c17,124,100.28923,99.234604,97.80624,99.53564,99.993645
MIT,b1c17,125,100.28647,99.64651,97.838905,99.63632,99.981514
MIT,b1c17,126,100.285706,99.79012,97.83804,99.82049,99.89755
MIT,b1c17,127,100.279274,99.60933,97.80858,99.47302,99.902916
MIT,b1c17,128,100.27556,99.613365,97.83364,99.616135,99.98099
MIT,b1c17,129,100.270905,99.60372,97.837265,99.23643,99.948654
MIT,b1c17,130,100.26886,99.60587,97.84243,99.30408,99.948654
MIT,b1c17,131,100.26648,99.18619,97.74682,99.56809,99.98099
MIT,b1c17,132,100.2623,99.775116,97.84622,100.05544,99.98035
MIT,b1c17,133,100.25942,99.23156,97.76591,99.597115,99.95559
MIT,b1c17,134,100.25945,99.10338,89.25213,99.37538,99.91545
MIT,b1c17,135,100.253296,99.59891,97.8363,99.36571,99.94949
MIT,b1c17,136,100.25341,99.78481,97.82571,100.0168,99.943596
MIT,b1c17,137,100.247,99.61728,97.819145,99.54312,99.92173
MIT,b1c17,138,100.24595,99.77815,97.84019,99.938095,99.93412
MIT,b1c17,139,100.24331,99.7866,97.83291,100.18708,99.96815
MIT,b1c17,140,100.24712,99.59691,97.82404,99.5627,99.896835
MIT,b1c17,141,100.24064,99.77683,97.809235,100.12722,99.92919
MIT,b1c17,142,100.23498,99.594315,97.83393,99.694305,99.93729
MIT,b1c17,143,100.2356,99.566345,97.83037,99.56252,99.93749
MIT,b1c17,144,100.22924,99.77913,97.82945,99.94604,99.93231
MIT,b1c17,145,100.22658,99.772354,97.83477,100.1707,99.90743
MIT,b1c17,146,100.22205,99.80034,97.82921,100.147125,99.90838
MIT,b1c17,147,100.2239,99.77869,97.82914,100.35139,99.89091
MIT,b1c17,148,100.22533,99.78053,97.834496,99.57611,99.91433
MIT,b1c17,149,100.219,99.78146,97.835556,100.00109,99.85759
MIT,b1c17,150,100.212074,99.78233,97.83597,100.18455,99.881836
MIT,b1c17,151,100.209366,99.77814,97.8359,100.180695,99.83082
MIT,b1c17,152,100.210724,99.77386,97.831696,99.98136,99.90824
MIT,b1c17,153,100.20838,99.77508,97.83721,100.143906,99.80607
MIT,b1c17,154,100.20685,99.761475,97.844795,100.000465,99.88152
MIT,b1c17,155,100.20008,99.536,97.82975,99.18385,99.895905
MIT,b1c17,156,100.203415,99.73374,97.83412,99.8585,99.84171
MIT,b1c17,157,100.19488,99.738144,97.83944,100.09258,99.90247
MIT,b1c17,158,100.194275,99.11807,97.80636,99.577644,99.86788
MIT,b1c17,159,100.18944,99.52412,97.82205,99.08533,99.86243
MIT,b1c17,160,100.184875,99.519714,97.81555,98.993805,99.83832
MIT,b1c17,161,100.18377,99.51382,97.82245,98.735954,99.80952
MIT,b1c17,162,100.17728,99.52217,97.80754,98.84999,99.756516
MIT,b1c17,163,100.17319,99.52927,97.820076,99.070694,99.77738
MIT,b1c17,164,100.17049,99.544106,97.81575,99.32969,99.81331
MIT,b1c17,165,100.16964,99.123245,97.77941,99.70148,99.81339
MIT,b1c17,166,100.16698,99.530785,97.817795,99.22228,99.814156
MIT,b1c17,167,100.17819,99.792114,97.79894,99.89633,99.80816
MIT,b1c17,168,100.19754,99.81592,97.80123,100.03492,99.87874
MIT,b1c17,169,100.195244,99.37111,97.76356,99.57955,99.83622
MIT,b1c17,170,100.18699,99.79434,97.80787,100.10066,99.85414
MIT,b1c17,171,100.1703,99.49523,97.828735,98.97307,99.876434
MIT,b1c17,172,100.15407,99.483444,97.81696,99.08037,99.8086
MIT,b1c17,173,100.1443,99.731186,97.81557,100.01353,99.8086
MIT,b1c17,174,100.142235,99.5346,97.81481,99.23882,99.80904
MIT,b1c17,175,100.1614,99.314415,97.78549,99.77791,99.81503
MIT,b1c17,176,100.17639,99.81005,97.7978,99.91135,99.85577
MIT,b1c17,177,100.17709,99.54747,97.801384,99.388855,99.823746
MIT,b1c17,178,100.18444,99.82146,97.796715,100.04667,99.83079
MIT,b1c17,179,100.17918,99.53334,97.7981,99.146324,99.77368
MIT,b1c17,180,100.172455,99.50385,97.81503,99.10746,99.84867
MIT,b1c17,181,100.15773,99.79583,97.82509,100.044365,99.8477
MIT,b1c17,182,100.14692,99.763466,97.81967,100.06145,99.810844
MIT,b1c17,183,100.12017,99.03078,94.341095,100.065094,99.67008
MIT,b1c17,184,100.11586,99.66389,97.82924,99.78035,99.669365
MIT,b1c17,185,100.10968,99.0865,96.82307,100.043106,99.61588
MIT,b1c17,186,100.10512,98.99672,97.74206,99.49994,99.64674
MIT,b1c17,187,100.10255,98.94413,96.078186,99.33563,99.64248
MIT,b1c17,188,100.09921,99.644104,97.82783,99.78578,99.61914
MIT,b1c17,189,100.09733,99.41282,97.80781,98.4442,99.609146
MIT,b1c17,190,100.08958,99.420784,97.831024,98.48808,99.64248
MIT,b1c17,191,100.08705,99.053185,97.79473,100.16466,99.59115
MIT,b1c17,192,100.086136,99.42504,97.811806,98.54717,99.59924
MIT,b1c17,193,100.08306,99.42828,97.807785,98.37216,99.58667
MIT,b1c17,194,100.08611,99.702156,97.81359,100.08746,99.72456
MIT,b1c17,195,100.08967,99.4531,97.81962,98.82411,99.71134
MIT,b1c17,196,100.10752,99.153336,97.752335,99.64251,99.72685
MIT,b1c17,197,100.112045,99.48759,97.7872,98.99981,99.7619
MIT,b1c17,198,100.10794,99.16375,97.19693,99.450424,99.63514
MIT,b1c17,199,100.08785,99.43465,97.80751,98.93769,99.5938
MIT,b1c17,200,100.07359,99.39847,97.81561,98.20539,99.602776
MIT,b1c17,201,100.060684,99.3918,97.80912,98.24332,99.59924
MIT,b1c17,202,100.053444,99.44679,97.8015,98.55694,99.586494
MIT,b1c17,203,100.07502,99.47893,97.79297,98.89705,99.69848
MIT,b1c17,204,100.100365,99.80051,97.78114,99.91978,99.68056
MIT,b1c17,205,100.10478,99.49718,97.779724,99.04337,99.64783
MIT,b1c17,206,100.11487,99.83519,97.74691,99.82676,99.72142
MIT,b1c17,207,100.11113,99.83817,97.76028,99.885155,99.73208
MIT,b1c17,208,100.111115,99.46353,97.78193,98.77478,99.75794
MIT,b1c17,209,100.10014,99.81295,97.746315,99.92145,99.69819
MIT,b1c17,210,100.089714,99.429634,97.79945,98.81822,99.57205
MIT,b1c17,211,100.05062,99.3715,97.81742,97.96612,99.5848
MIT,b1c17,212,100.02451,99.556145,97.823875,99.55582,99.5176
MIT,b1c17,213,100.01702,99.36075,97.809845,98.081955,99.57406
MIT,b1c17,214,100.01285,99.54737,97.81433,99.72438,99.56735
MIT,b1c17,215,100.00668,98.78105,96.6274,99.14103,99.531654
MIT,b1c17,216,100.000496,99.330696,97.81815,97.04557,99.53855
MIT,b1c17,217,99.99169,99.54902,97.80908,99.542885,99.51683
MIT,b1c17,218,99.98863,99.342926,97.80982,97.20266,99.538475
MIT,b1c17,219,99.98543,98.76061,96.06038,99.19556,99.476295
MIT,b1c17,220,99.98525,98.88053,95.28272,99.96555,99.52956
MIT,b1c17,221,99.98333,99.56225,97.80013,99.7854,99.5403
MIT,b1c17,222,99.98441,99.622765,97.7901,99.84722,99.521805
MIT,b1c17,223,99.98904,99.027245,97.68149,100.10583,99.55457
MIT,b1c17,224,100.00245,99.68716,97.77852,100.0291,99.56603
MIT,b1c17,225,100.01242,99.7687,97.77262,99.984604,99.50234
MIT,b1c17,226,100.008545,99.342094,97.79434,98.066444,99.55118
MIT,b1c17,227,99.98517,99.03538,97.72109,100.112915,99.53197
MIT,b1c17,228,99.9648,99.54117,97.80715,99.741295,99.54851
MIT,b1c17,229,99.947975,99.307106,97.81593,97.71597,99.490524
MIT,b1c17,230,99.94105,99.3214,97.79227,97.22799,99.50068
MIT,b1c17,231,99.94793,99.55691,97.791466,99.59532,99.50235
MIT,b1c17,232,99.9631,98.85859,97.3882,99.45324,99.54215
MIT,b1c17,233,99.97049,99.35225,97.7882,98.04077,99.53204
MIT,b1c17,234,99.97759,99.70744,97.778854,99.86589,99.51426
MIT,b1c17,235,99.974815,99.72918,97.75624,99.93061,99.517845
MIT,b1c17,236,99.96792,99.355064,97.762436,98.62175,99.49405
MIT,b1c17,237,99.96635,99.684326,97.767426,100.02325,99.51426
MIT,b1c17,238,99.960236,99.31312,97.80433,97.83689,99.49188
MIT,b1c17,239,99.93217,99.495056,97.80454,99.77799,99.51716
MIT,b1c17,240,99.90706,99.43113,97.811485,99.49792,99.42594
MIT,b1c17,241,99.902725,98.70929,97.77914,100.11383,99.41175
MIT,b1c17,242,99.8999,99.44572,97.81077,99.30537,99.41175
MIT,b1c17,243,99.89469,99.39287,97.80942,99.69556,99.39744
MIT,b1c17,244,99.889946,98.55404,94.029816,99.06215,99.408005
MIT,b1c17,245,99.88347,99.40619,97.80537,99.58242,99.41175
MIT,b1c17,246,99.87636,99.38163,97.770615,99.67725,99.36658
MIT,b1c17,247,99.87208,98.641396,93.97652,99.77251,99.4092
MIT,b1c17,248,99.87162,99.38904,97.75683,99.77261,99.37513
MIT,b1c17,249,99.863365,99.25658,97.799644,96.898315,99.41185
MIT,b1c17,250,99.87057,99.236465,97.789986,97.17397,99.43245
MIT,b1c17,251,99.86654,99.50466,97.78827,99.55265,99.3675
MIT,b1c17,252,99.87324,99.53119,97.77533,99.96411,99.45884
MIT,b1c17,253,99.8868,99.60821,97.77258,99.79542,99.47149
MIT,b1c17,254,99.88665,99.254616,97.79172,97.60555,99.45389
MIT,b1c17,255,99.872734,99.46202,97.8017,99.88624,99.35573
MIT,b1c17,256,99.85044,99.18402,97.8145,96.323845,99.41699
MIT,b1c17,257,99.83353,98.52325,97.775635,99.29149,99.4026
MIT,b1c17,258,99.82524,99.34647,97.800476,99.41789,99.40885
MIT,b1c17,259,99.825294,99.19945,97.80004,96.048454,99.40839
MIT,b1c17,260,99.83885,99.495766,97.77982,99.66606,99.43093
MIT,b1c17,261,99.84955,99.574425,97.76162,99.631714,99.42075
MIT,b1c17,262,99.8622,98.85061,97.751595,99.09451,99.435745
MIT,b1c17,263,99.85631,99.62382,97.763,99.827156,99.43292
MIT,b1c17,264,99.85647,99.62224,97.75514,99.83551,99.44799
MIT,b1c17,265,99.84935,99.01473,95.625,99.94512,99.44288
MIT,b1c17,266,99.84396,99.27603,97.79193,97.303856,99.43614
MIT,b1c17,267,99.83281,98.7065,97.783195,99.10197,99.39338
MIT,b1c17,268,99.79779,99.369446,97.80067,99.652466,99.39476
MIT,b1c17,269,99.78456,99.168495,97.80937,95.98363,99.37103
MIT,b1c17,270,99.777275,99.143135,97.79417,95.66408,99.382484
MIT,b1c17,271,99.77413,99.24936,97.80192,99.403755,99.40937
MIT,b1c17,272,99.765915,99.28388,97.79241,99.66504,99.37432
MIT,b1c17,273,99.76095,99.30961,97.794945,99.549126,99.356026
MIT,b1c17,274,99.753265,99.144295,97.745865,95.95485,99.33986
MIT,b1c17,275,99.74908,98.369736,97.804504,98.69984,99.32267
MIT,b1c17,276,99.74258,99.15222,97.77886,96.36235,99.34564
MIT,b1c17,277,99.74093,99.14067,97.79621,96.17732,99.335846
MIT,b1c17,278,99.73777,99.15679,97.78756,95.92407,99.357185
MIT,b1c17,279,99.732574,98.35185,97.80725,98.75515,99.355995
MIT,b1c17,280,99.73407,99.3581,97.77175,99.4948,99.27287
MIT,b1c17,281,99.745316,99.44646,97.76615,99.70945,99.37203
MIT,b1c17,282,99.74743,99.173256,97.77299,96.37212,99.40569
MIT,b1c17,283,99.73624,99.33365,97.788025,99.590294,99.37119
MIT,b1c17,284,99.71793,99.253075,97.79072,99.555695,99.34013
MIT,b1c17,285,99.70786,99.31984,97.80576,99.18609,99.21929
MIT,b1c17,286,99.70692,99.11925,97.793884,95.888824,99.3542
MIT,b1c17,287,99.696495,99.28491,97.76763,99.57645,99.24289
MIT,b1c17,288,99.703316,98.56015,96.78653,99.82982,99.35802
MIT,b1c17,289,99.71629,99.39307,97.75883,99.65402,99.3912
MIT,b1c17,290,99.72703,99.48561,97.73914,99.67792,99.37395
MIT,b1c17,291,99.73433,99.203,97.741745,97.99637,99.44085
MIT,b1c17,292,99.73592,99.56309,97.71203,99.59526,99.329605
MIT,b1c17,293,99.73846,99.1849,97.73735,98.09496,99.33831
MIT,b1c17,294,99.734116,99.18964,97.73386,98.16303,99.318344
MIT,b1c17,295,99.734634,98.88065,95.120155,99.93494,99.335205
MIT,b1c17,296,99.704124,99.070755,97.803856,95.95889,99.25214
MIT,b1c17,297,99.66943,99.18911,97.7893,99.50815,99.27796
MIT,b1c17,298,99.65704,99.06883,97.70935,95.40712,99.18158
MIT,b1c17,299,99.64896,99.22691,97.78834,99.34811,99.21118
MIT,b1c17,300,99.64275,99.07825,97.79309,95.59568,99.216415
MIT,b1c17,301,99.6364,99.10997,97.79083,95.9257,99.1832
MIT,b1c17,302,99.62991,99.20502,97.778694,99.22812,99.18333
MIT,b1c17,303,99.62714,99.20229,97.76929,99.35898,99.19226
MIT,b1c17,304,99.62125,99.14391,97.77364,99.276985,99.20106
MIT,b1c17,305,99.61976,99.03791,97.790695,95.38761,99.18143
MIT,b1c17,306,99.61362,99.17414,97.77427,99.17948,99.19236
MIT,b1c17,307,99.6138,98.29123,93.61115,99.57155,99.193504
MIT,b1c17,308,99.60614,99.04486,97.793655,95.79016,99.1947
MIT,b1c17,309,99.60386,99.08296,97.78176,96.27919,99.19101
MIT,b1c17,310,99.60309,98.37621,97.65279,99.068565,99.12437
MIT,b1c17,311,99.58881,98.31361,95.1833,99.337296,99.18223
MIT,b1c17,312,99.58588,99.194664,97.781075,99.44197,99.19306
MIT,b1c17,313,99.57887,99.169975,97.784836,99.40074,99.18859
MIT,b1c17,314,99.57384,99.077225,97.785324,99.1959,99.17636
MIT,b1c17,315,99.569244,99.01569,97.78387,95.72491,99.195335
MIT,b1c17,316,99.56928,99.076546,97.78138,96.3251,99.20161
MIT,b1c17,317,99.56981,99.06404,97.770905,96.29302,99.17857
MIT,b1c17,318,99.575874,99.07612,97.75433,96.82248,99.20803
MIT,b1c17,319,99.57591,98.52226,95.825485,99.11986,99.20979
MIT,b1c17,320,99.57666,99.1084,97.76534,97.27143,99.21337
MIT,b1c17,321,99.57558,99.339554,97.74944,99.53431,99.143265
MIT,b1c17,322,99.56691,99.38071,97.742935,99.55801,99.20607
MIT,b1c17,323,99.57107,99.070045,97.78151,96.777466,99.16555
MIT,b1c17,324,99.54946,98.40705,93.63217,98.87151,99.13114
MIT,b1c17,325,99.519066,99.04511,97.79026,99.14031,99.12625
MIT,b1c17,326,99.51681,98.98765,97.772354,99.06319,98.991615
MIT,b1c17,327,99.508286,98.246056,97.80271,98.67038,99.16306
MIT,b1c17,328,99.50458,99.07563,97.77712,99.12665,99.12625
MIT,b1c17,329,99.501045,99.11949,97.7804,99.34285,99.03996
MIT,b1c17,330,99.494675,98.97501,97.6973,95.19557,98.99991
MIT,b1c17,331,99.49139,98.96443,97.72717,95.20242,98.99991
MIT,b1c17,332,99.48238,99.12037,97.77062,99.300255,98.942726
MIT,b1c17,333,99.47593,98.979965,97.77563,95.75847,98.998215
MIT,b1c17,334,99.46851,98.979126,97.770325,99.1321,98.942726
MIT,b1c17,335,99.459885,98.995125,97.73375,95.7759,98.93817
MIT,b1c17,336,99.459526,98.67763,97.65706,98.9069,99.140305
MIT,b1c17,337,99.56425,99.76992,97.5578,99.57551,99.07197
MIT,b1c17,338,99.6036,99.55988,97.110886,99.24325,98.98394
MIT,b1c17,339,99.615135,99.82619,97.45574,99.159355,98.98758
MIT,b1c17,340,99.61362,99.25176,97.538765,98.57699,98.9794
MIT,b1c17,341,99.60382,99.80843,97.48614,99.32734,98.96706
MIT,b1c17,342,99.598335,99.23261,97.53322,98.858475,99.01688
MIT,b1c17,343,99.592865,99.80217,97.44584,99.214005,98.95202
MIT,b1c17,344,99.598595,99.598305,97.295235,99.03598,98.98196
MIT,b1c17,345,99.62171,99.28055,97.30924,98.54991,98.99875
MIT,b1c17,346,99.63806,99.33333,97.22508,98.17902,99.06643
MIT,b1c17,347,99.65086,99.70863,95.789635,99.14225,99.047935
MIT,b1c17,348,99.66104,99.310616,97.04824,97.545456,98.955826
MIT,b1c17,349,99.67045,99.938805,96.91371,98.76198,99.15253
MIT,b1c17,350,99.66809,99.311386,96.97148,97.25509,99.12183
MIT,b1c17,351,99.661224,99.74772,96.49533,99.10113,99.05957
MIT,b1c17,352,99.657326,99.26149,97.238846,97.95092,99.03472
MIT,b1c17,353,99.62285,99.8387,97.3327,98.80869,98.966896
MIT,b1c17,354,99.5902,99.80798,97.39876,98.944954,98.971535
MIT,b1c17,355,99.567184,99.77213,97.478195,99.14324,98.91289
MIT,b1c17,356,99.547485,99.7715,97.491425,99.3059,98.8612
MIT,b1c17,357,99.535805,99.47774,95.71277,99.39204,99.07257
MIT,b1c17,358,99.52514,99.19365,97.54699,98.73143,98.986496
MIT,b1c17,359,99.51573,99.75765,97.456085,99.354614,98.92382
MIT,b1c17,360,99.51508,99.17504,97.55017,98.698715,99.02493
MIT,b1c17,361,99.50298,99.74719,97.49436,99.3281,98.95224
MIT,b1c17,362,99.500946,99.53749,97.33568,99.21104,98.885666
MIT,b1c17,363,99.494514,99.547134,97.25856,99.21894,98.78557
MIT,b1c17,364,99.48867,99.16198,97.474884,98.61648,98.89899
MIT,b1c17,365,99.48038,99.214516,97.493126,98.68435,98.921364
MIT,b1c17,366,99.48644,99.79052,97.45093,99.233215,98.89693
MIT,b1c17,367,99.49212,99.188705,97.48054,98.35391,98.89112
MIT,b1c17,368,99.48285,99.75113,97.492195,99.238464,98.894745
MIT,b1c17,369,99.47062,99.12427,97.54139,98.70057,98.939835
MIT,b1c17,370,99.45947,99.4435,97.499985,99.317314,99.02125
MIT,b1c17,371,99.447044,99.12561,97.52757,98.87276,98.99634
MIT,b1c17,372,99.43887,99.73877,97.43956,99.2104,98.853874
MIT,b1c17,373,99.4495,99.77451,97.36678,99.06542,98.88492
MIT,b1c17,374,99.4681,99.78264,97.25995,98.83895,98.906654
MIT,b1c17,375,99.46789,99.28364,97.282845,98.337616,98.92491
MIT,b1c17,376,99.48368,99.25543,97.23889,98.337036,98.872444
MIT,b1c17,377,99.48352,99.80638,97.08886,98.69963,98.91373
MIT,b1c17,378,99.484886,99.27691,97.191284,97.89471,98.83998
MIT,b1c17,379,99.48457,99.70293,95.90491,98.94072,98.99925
MIT,b1c17,380,99.48581,99.80093,97.22007,98.73432,98.934906
MIT,b1c17,381,99.46292,99.77134,97.28939,98.86622,98.77675
MIT,b1c17,382,99.43454,99.60155,97.09456,98.85881,98.886185
MIT,b1c17,383,99.41095,99.70647,97.42843,99.137474,98.86205
MIT,b1c17,384,99.39147,99.703285,97.45147,99.30553,98.86454
MIT,b1c17,385,99.378105,99.57001,97.4682,99.2577,98.804695
MIT,b1c17,386,99.36628,99.515686,97.44744,99.21905,98.78291
MIT,b1c17,387,99.35997,99.63486,97.48516,99.361015,98.67172
MIT,b1c17,388,99.35225,99.46803,97.41869,99.3643,98.75219
MIT,b1c17,389,99.34766,99.54056,97.45947,99.32511,98.85343
MIT,b1c17,390,99.34265,99.53969,97.43211,99.24475,98.82147
MIT,b1c17,391,99.33905,99.12143,97.45136,98.54242,98.74735
MIT,b1c17,392,99.33283,99.139015,97.4098,98.41588,98.83916
MIT,b1c17,393,99.328865,99.670364,97.4168,99.21409,98.82701
MIT,b1c17,394,99.33329,99.70333,97.36892,99.10215,98.853264
MIT,b1c17,395,99.33907,99.18263,97.35786,98.31818,98.847664
MIT,b1c17,396,99.33196,99.59427,97.0868,98.86853,98.816376
MIT,b1c17,397,99.31975,99.65284,97.39699,99.066055,98.84042
MIT,b1c17,398,99.303764,99.1011,97.471924,98.4893,98.82197
MIT,b1c17,399,99.28935,99.432144,97.505646,99.29213,98.8962
MIT,b1c17,400,99.27796,99.438965,97.38839,99.139046,98.807945
MIT,b1c17,401,99.28087,99.55688,97.38809,99.09195,98.72663
MIT,b1c17,402,99.29594,99.65977,97.25762,98.84308,98.855896
MIT,b1c17,403,99.30617,99.71703,97.153275,98.76649,98.85961
MIT,b1c17,404,99.317,99.73307,97.04623,98.74396,98.87381
MIT,b1c17,405,99.320755,99.73874,97.05161,98.61335,98.85411
MIT,b1c17,406,99.32168,99.17495,97.03196,97.699,98.86421
MIT,b1c17,407,99.30964,99.216125,97.099846,97.64344,98.83085
MIT,b1c17,408,99.31349,99.739586,97.19381,98.62371,98.85878
MIT,b1c17,409,99.30795,99.15722,97.28429,98.12296,98.84455
MIT,b1c17,410,99.27548,99.6587,97.37716,98.89725,98.62055
MIT,b1c17,411,99.249176,99.06316,97.43787,98.28285,98.71945
MIT,b1c17,412,99.22923,99.50664,97.424446,99.22507,98.721375
MIT,b1c17,413,99.215065,99.06939,97.48004,98.64007,98.738464
MIT,b1c17,414,99.20479,99.079384,97.50543,98.632195,98.66173
MIT,b1c17,415,99.19505,99.437805,97.491844,99.37353,98.735374
MIT,b1c17,416,99.18665,99.42748,97.456055,99.34117,98.68019
MIT,b1c17,417,99.17971,99.47437,97.45953,99.3878,98.76366
MIT,b1c17,418,99.17498,99.06442,97.48474,98.44252,98.689705
MIT,b1c17,419,99.169624,99.059906,97.44242,98.54125,98.68782
MIT,b1c17,420,99.16601,99.06279,97.43558,98.34812,98.72209
MIT,b1c17,421,99.16053,99.10652,97.40725,98.22303,98.76997
MIT,b1c17,422,99.161896,99.1435,97.37437,98.230194,98.71061
MIT,b1c17,423,99.16921,99.609314,96.78427,98.93773,98.75673
MIT,b1c17,424,99.16861,99.58309,97.040436,98.98104,98.7781
MIT,b1c17,425,99.1563,99.557434,96.635864,98.897736,98.76694
MIT,b1c17,426,99.13951,99.05362,97.45056,98.69267,98.69553
MIT,b1c17,427,99.124855,99.39605,97.44769,99.2765,98.69433
MIT,b1c17,428,99.10867,99.04848,97.433914,98.650536,98.68331
MIT,b1c17,429,99.10166,99.43586,97.35736,99.12692,98.64297
MIT,b1c17,430,98.999115,99.58908,96.884735,98.856,98.649536
MIT,b1c17,431,99.12615,99.65737,97.14204,98.78349,98.7863
MIT,b1c17,432,99.1363,99.679016,97.04492,98.72132,98.72607
MIT,b1c17,433,99.141335,99.65066,91.60315,98.71391,98.79246
MIT,b1c17,434,99.14108,99.654274,96.25735,99.13526,98.690445
MIT,b1c17,435,99.14036,99.63293,97.055145,98.82615,98.78939
MIT,b1c17,436,99.1306,99.11369,97.1698,97.766556,98.77075
MIT,b1c17,437,99.12285,99.10768,97.184555,98.17783,98.780075
MIT,b1c17,438,99.09768,99.024796,97.337395,98.298996,98.68265
MIT,b1c17,439,99.06934,99.05795,97.42874,98.177574,98.68914
MIT,b1c17,440,99.04835,99.48764,97.26105,99.25659,98.659546
MIT,b1c17,441,99.02872,99.27028,97.44446,99.27857,98.595276
MIT,b1c17,442,99.01591,99.231804,97.46377,99.352,98.67798
MIT,b1c17,443,99.00891,99.011826,97.4944,98.63298,98.61392
MIT,b1c17,444,99.00108,99.01731,97.501366,98.57819,98.631584
MIT,b1c17,445,98.99438,98.97031,97.46707,98.59846,98.573456
MIT,b1c17,446,98.98672,99.23241,97.44076,99.26704,98.66058
MIT,b1c17,447,98.97959,99.00853,97.46113,98.58515,98.626915
MIT,b1c17,448,98.97603,99.25291,97.38434,99.26869,98.60467
MIT,b1c17,449,98.97061,99.19598,97.36332,99.14379,98.6202
MIT,b1c17,450,98.96388,99.34549,97.359566,99.15345,98.61325
MIT,b1c17,451,98.96666,99.54836,97.27071,99.03344,98.53503
MIT,b1c17,452,98.97378,99.08302,97.33077,98.25896,98.64289
MIT,b1c17,453,98.96502,99.41763,97.32089,98.954575,98.57131
MIT,b1c17,454,98.944176,99.00168,97.43744,98.45421,98.62274
MIT,b1c17,455,98.93243,99.250374,97.41361,99.23743,98.60925
MIT,b1c17,456,98.92219,99.202965,97.45789,99.352974,98.63004
MIT,b1c17,457,98.9106,98.98901,97.424995,98.367325,98.60006
MIT,b1c17,458,98.90968,99.32839,97.29875,99.03736,98.53472
MIT,b1c17,459,98.92152,99.42734,97.2577,98.87478,98.61914
MIT,b1c17,460,98.92468,99.55329,97.1722,99.03153,98.64094
MIT,b1c17,461,98.924095,99.05197,97.237915,98.03034,98.64651
MIT,b1c17,462,98.924835,99.56081,97.11697,98.76641,98.622406
MIT,b1c17,463,98.92285,99.540634,97.02904,98.6437,98.63343
MIT,b1c17,464,98.917816,99.55612,97.12652,98.69982,98.649376
MIT,b1c17,465,98.90821,99.626434,97.21327,98.815544,98.63631
MIT,b1c17,466,98.90119,99.49213,97.28279,98.76857,98.58237
MIT,b1c17,467,98.85509,99.361,97.323685,99.027954,98.491486
MIT,b1c17,468,98.852295,99.49293,96.448814,99.1629,98.505325
MIT,b1c17,469,98.83363,99.19804,97.391846,99.13719,98.51006
MIT,b1c17,470,98.82338,99.15173,97.39406,99.23886,98.46798
MIT,b1c17,471,98.81131,99.05333,97.43709,99.256035,98.4619
MIT,b1c17,472,98.80192,98.924034,97.41673,98.6945,98.39672
MIT,b1c17,473,98.79552,99.39471,96.349014,99.42763,98.409294
MIT,b1c17,474,98.78499,99.02741,97.43751,99.20098,98.47096
MIT,b1c17,475,98.774124,99.36522,96.82106,99.32828,98.339226
MIT,b1c17,476,98.76764,98.98823,97.380585,99.26257,98.326004
MIT,b1c17,477,98.75907,99.00401,97.450035,99.289696,98.41298
MIT,b1c17,478,98.75057,98.95401,97.37915,99.20607,98.32339
MIT,b1c17,479,98.74203,99.08939,97.40275,99.25216,98.399445
MIT,b1c17,480,98.73607,99.3535,95.44291,99.21916,98.37707
MIT,b1c17,481,98.72926,99.31616,97.419624,99.25134,98.36315
MIT,b1c17,482,98.72063,98.94168,97.446724,99.29414,98.321205
MIT,b1c17,483,98.70993,98.898605,97.44458,99.35493,98.26304
MIT,b1c17,484,98.700226,99.33687,95.154,99.326454,98.37127
MIT,b1c17,485,98.69332,98.90714,97.44418,99.40363,98.36371
MIT,b1c17,486,98.684555,99.143486,97.27565,99.109184,98.25192
MIT,b1c17,487,98.70159,99.36639,97.193596,98.7125,98.3144
MIT,b1c17,488,98.71877,99.49583,96.9845,98.66143,98.48765
MIT,b1c17,489,98.73056,99.60404,96.7966,98.57822,98.49499
MIT,b1c17,490,98.73698,98.99635,96.8719,97.14953,98.49735
MIT,b1c17,491,98.72847,98.94174,96.56435,96.931305,98.426895
MIT,b1c17,492,98.7389,98.995735,96.54949,96.83824,98.57703
MIT,b1c17,493,98.73489,99.688736,96.559654,99.05374,98.51678
MIT,b1c17,494,98.72323,98.92626,97.00028,97.34897,98.45162
MIT,b1c17,495,98.70524,99.63203,96.80208,98.71738,98.48434
MIT,b1c17,496,98.6681,99.37926,97.28766,98.71546,98.37501
MIT,b1c17,497,98.639206,99.52997,97.2668,98.97777,98.24598
MIT,b1c17,498,98.616035,98.8113,97.42828,98.30365,98.26093
MIT,b1c17,499,98.60054,99.068344,97.3589,99.15213,98.08353
MIT,b1c17,500,98.59031,99.114845,97.3647,98.91582,98.14527
MIT,b1c17,501,98.5767,99.0774,97.39019,99.20748,98.12947
MIT,b1c17,502,98.42247,97.637405,97.69419,99.46036,97.86831
MIT,b1c17,503,98.406975,98.38994,97.68094,95.3162,97.61921
MIT,b1c17,504,98.28548,94.34892,92.50763,96.17835,97.49269
MIT,b1c17,505,98.15798,95.318474,88.56469,94.95769,97.475914
MIT,b1c17,506,98.36023,98.25609,97.70062,94.15451,97.505356
MIT,b1c17,507,98.2953,98.482605,97.76189,99.700264,97.76286
MIT,b1c17,508,98.3384,97.91089,97.725716,99.04581,97.47787
MIT,b1c17,509,98.32262,97.68282,97.69652,98.41445,97.51043
MIT,b1c17,510,98.30916,97.12869,97.67649,98.7601,97.41699
MIT,b1c17,511,98.30616,97.81322,97.74224,99.24685,97.487465
MIT,b1c17,512,98.29644,97.810936,97.71623,99.32627,97.4088
MIT,b1c17,513,98.28974,97.06829,97.726006,98.78234,97.46603
MIT,b1c17,514,98.2199,98.258995,97.73088,95.57398,97.517746
MIT,b1c17,515,98.25929,98.34204,97.70153,96.4382,97.5158
MIT,b1c17,516,98.26488,97.510605,97.66191,99.04849,97.518684
MIT,b1c17,517,98.272224,97.495255,97.65174,99.18554,97.59856
MIT,b1c17,518,98.27079,98.42079,97.63722,98.5967,97.6928
MIT,b1c17,519,98.26912,98.335266,97.57304,98.811966,97.79338
MIT,b1c17,520,98.26959,98.37931,97.57202,99.25148,97.67314
MIT,b1c17,521,98.26061,97.995,97.604195,98.21065,97.58928
MIT,b1c17,522,98.26218,97.96913,97.60883,99.086044,97.66882
MIT,b1c17,523,98.260735,97.886795,97.667496,98.47976,97.807556
MIT,b1c17,524,98.22431,98.23816,97.71337,97.025375,97.57827
MIT,b1c17,525,98.19176,97.21171,97.72983,98.77035,97.30933
MIT,b1c17,526,98.163055,97.04465,97.663086,97.6114,97.32318
MIT,b1c17,527,98.14732,96.95484,97.656006,98.867386,97.3151
MIT,b1c17,528,98.13663,96.961494,97.73331,98.64674,97.32217
MIT,b1c17,529,98.124954,98.10445,97.671715,94.39651,97.32161
MIT,b1c17,530,98.113266,98.164055,97.73316,94.497055,97.33679
MIT,b1c17,531,98.10104,96.95874,97.71773,98.90933,97.333534
MIT,b1c17,532,98.09011,98.05704,97.62685,94.75221,97.37409
MIT,b1c17,533,98.08114,98.099396,97.71969,94.86975,97.32968
MIT,b1c17,534,98.072876,96.931915,97.722374,98.51477,97.375916
MIT,b1c17,535,98.06441,98.05278,97.63078,95.01441,97.3849
MIT,b1c17,536,98.05736,98.12324,97.7233,95.64945,97.401886
MIT,b1c17,537,98.05488,97.103874,97.70953,98.94716,97.36949
MIT,b1c17,538,98.049,98.06007,97.66166,96.57005,97.39056
MIT,b1c17,539,98.031525,97.98677,97.58335,94.94255,97.275696
MIT,b1c17,540,98.01053,96.86644,97.6196,98.752396,97.29962
MIT,b1c17,541,97.9637,98.02445,97.69518,94.907845,97.28061
MIT,b1c17,542,97.98066,98.03824,97.55126,94.818054,97.22599
MIT,b1c17,543,97.96999,97.48463,97.798,98.13896,97.279106
MIT,b1c17,544,97.96872,97.667564,97.54599,98.30339,97.329315
MIT,b1c17,545,97.97354,97.76728,97.631874,98.386826,97.32228
MIT,b1c17,546,97.975624,97.99587,97.671646,97.08349,97.32159
MIT,b1c17,547,97.96973,97.914444,97.28547,98.31021,97.36842
MIT,b1c17,548,97.96303,97.43492,97.66622,99.05855,97.36722
MIT,b1c17,549,97.95335,98.04322,97.672966,99.11889,97.41021
MIT,b1c17,550,97.93592,98.04419,97.69859,97.43773,97.413086
MIT,b1c17,551,97.923676,97.28016,97.726616,99.11921,97.372986
MIT,b1c17,552,97.90636,97.61123,97.72258,98.07852,97.20769
MIT,b1c17,553,97.87037,97.41616,97.836334,98.05029,97.14471
MIT,b1c17,554,97.85392,97.774376,97.54894,93.27742,97.11443
MIT,b1c17,555,97.829155,97.40372,91.765434,98.71767,97.051994
MIT,b1c17,556,97.82587,97.74918,97.73162,93.02615,97.128235
MIT,b1c17,557,97.81294,97.210236,97.83354,97.892494,97.1655
MIT,b1c17,558,97.802086,96.58627,97.73317,98.21403,97.12214
MIT,b1c17,559,97.78721,97.22538,97.699036,98.493805,97.05807
MIT,b1c17,560,97.774475,97.69739,97.66286,93.70269,97.00937
MIT,b1c17,561,97.75955,97.70973,97.587975,93.77952,97.00937
MIT,b1c17,562,97.74554,96.59043,97.66069,97.55689,97.01203
MIT,b1c17,563,97.73645,97.62714,97.593056,93.77029,96.96916
MIT,b1c17,564,97.71945,97.64448,97.61246,93.742516,96.96482
MIT,b1c17,565,97.70688,96.56756,97.70758,98.6077,96.96016
MIT,b1c17,566,97.70451,97.666954,97.71512,94.96495,97.04346
MIT,b1c17,567,97.68115,97.64903,97.67714,94.98796,97.0264
MIT,b1c17,568,97.67071,97.56664,97.67218,93.9068,96.97539
MIT,b1c17,569,97.649925,97.589424,97.6445,93.70439,96.96536
MIT,b1c17,570,97.62899,96.46795,97.723595,98.70789,96.951836
MIT,b1c17,571,97.621574,96.36869,97.72097,97.898796,96.951385
MIT,b1c17,572,97.603096,96.44626,97.66143,98.34518,97.01899
MIT,b1c17,573,97.60522,97.69374,97.6107,96.037834,97.033134
MIT,b1c17,574,97.61515,97.106674,97.65361,97.786316,97.13466
MIT,b1c17,575,97.61379,97.34027,97.62414,97.94314,96.970665
MIT,b1c17,576,97.61515,98.00325,97.49079,98.07869,96.93935
MIT,b1c17,577,97.60373,98.13063,97.57518,98.806755,96.96422
MIT,b1c17,578,97.57328,97.4711,97.63815,98.71211,96.841156
MIT,b1c17,579,97.58125,97.77053,97.62205,98.28369,96.94143
MIT,b1c17,580,97.57214,97.416,97.641396,98.32256,96.92306
MIT,b1c17,581,97.53348,96.9967,97.6925,98.11042,97.05951
MIT,b1c17,582,97.482635,97.468864,97.733765,94.6148,97.02123
MIT,b1c17,583,97.457634,97.42858,97.612854,93.805275,96.99478
MIT,b1c17,584,97.44289,97.0707,97.80213,97.804375,96.86368
MIT,b1c17,585,97.42839,96.2442,97.5871,98.04114,96.97414
MIT,b1c17,586,97.40663,97.37023,97.55039,93.61824,96.799614
MIT,b1c17,587,97.39078,97.053406,97.75295,97.676834,96.90451
MIT,b1c17,588,97.37752,96.171425,97.60461,97.3358,96.82005
MIT,b1c17,589,97.36376,96.08053,97.69545,97.261284,96.83333
MIT,b1c17,590,97.34828,96.16726,97.73842,98.065254,96.81016
MIT,b1c17,591,97.308624,97.152596,97.78981,98.84568,96.7181
MIT,b1c17,592,97.31379,97.089584,97.81193,97.588264,96.77349
MIT,b1c17,593,97.300735,97.19225,97.523636,93.28535,96.7697
MIT,b1c17,594,97.26565,96.18955,97.7394,98.1317,96.618416
MIT,b1c17,595,97.273186,96.34151,97.67373,97.961586,96.67633
MIT,b1c17,596,97.25898,96.14527,97.732376,97.32422,96.744835
MIT,b1c17,597,97.23647,96.99707,97.80834,97.64871,96.73773
MIT,b1c17,598,97.19791,97.01727,97.760376,98.75402,96.60751
MIT,b1c17,599,97.19335,97.08157,97.68074,92.98426,96.76995
MIT,b1c17,600,97.18016,96.12278,97.66008,97.58802,96.65956
MIT,b1c17,601,97.17,96.31118,97.7044,97.64087,96.8376
MIT,b1c17,602,97.169754,96.46302,97.696304,97.69344,96.76333
MIT,b1c17,603,97.15802,96.723564,97.671036,98.17565,96.891754
MIT,b1c17,604,97.161545,96.79761,97.67411,98.34525,96.89764
MIT,b1c17,605,97.13572,96.80552,97.66227,97.91161,96.87177
MIT,b1c17,606,97.134415,97.601715,97.75359,97.72177,96.78494
MIT,b1c17,607,97.11704,96.80606,97.66156,97.75329,96.84698
MIT,b1c17,608,97.06373,97.04101,97.66916,96.653206,96.864265
MIT,b1c17,609,97.04159,96.59807,97.69719,97.57893,96.6884
MIT,b1c17,610,97.030304,96.922386,97.75459,93.46615,96.59175
MIT,b1c17,611,96.999146,96.85217,97.61702,97.74098,96.58323
MIT,b1c17,612,96.97859,96.958405,97.61265,93.192245,96.579124
MIT,b1c17,613,96.927376,96.90381,97.651855,93.5338,96.5683
MIT,b1c17,614,96.93679,96.88023,97.633545,93.36554,96.58974
MIT,b1c17,615,96.902245,96.79628,97.55681,92.93829,96.46125
MIT,b1c17,616,96.90217,96.893456,97.700745,93.28067,96.584526
MIT,b1c17,617,96.88978,95.74767,97.65645,97.14533,96.46895
MIT,b1c17,618,96.8575,95.8407,97.65433,97.07243,96.456085
MIT,b1c17,619,96.829025,95.77526,97.696396,97.00013,96.42433
MIT,b1c17,620,96.79681,96.78637,97.62515,97.38317,96.49474
MIT,b1c17,621,96.802086,96.90347,97.32803,98.13442,96.40398
MIT,b1c17,622,96.74317,96.674736,97.61191,93.33888,96.29604
MIT,b1c17,623,96.76203,96.71134,97.51442,97.57752,96.42922
MIT,b1c17,624,96.67263,96.55975,97.68467,93.44393,96.31282
MIT,b1c17,625,96.69394,96.754555,97.46937,97.602905,96.32837
MIT,b1c17,626,96.704414,95.68112,97.72173,97.15331,96.366905
MIT,b1c17,627,96.6858,96.67404,97.69339,92.92171,96.35388
MIT,b1c17,628,96.66175,95.59312,97.60742,96.46149,96.37955
MIT,b1c17,629,96.6134,96.5046,97.56822,93.61635,96.31194
MIT,b1c17,630,96.618904,96.54351,97.59406,93.24034,96.33085
MIT,b1c17,631,96.56339,96.47717,97.62875,93.67081,96.23961
MIT,b1c17,632,96.57669,96.80326,97.43437,97.42879,96.30184
MIT,b1c17,633,96.55403,96.89048,97.45913,97.643005,96.30039
MIT,b1c17,634,96.53754,96.77266,97.52817,97.41953,96.31288
MIT,b1c17,635,96.508835,95.65788,97.695755,97.179855,96.25287
MIT,b1c17,636,96.485374,96.639435,97.65128,97.34547,96.259155
MIT,b1c17,637,96.43163,95.34364,97.64744,96.75728,96.14086
MIT,b1c17,638,96.3974,96.60514,97.746635,97.20723,96.234116
MIT,b1c17,639,96.408165,96.57133,97.26537,97.152214,96.27578
MIT,b1c17,640,96.39125,96.30836,97.69474,92.538185,96.30094
MIT,b1c17,641,96.32608,95.17078,97.65313,96.60258,96.19773
MIT,b1c17,642,96.31449,96.32527,97.73701,92.37838,96.23228
MIT,b1c17,643,96.295876,96.13235,97.639114,92.94204,96.09415
MIT,b1c17,644,96.26679,95.30466,97.72343,97.02328,96.14788
MIT,b1c17,645,96.220695,96.31539,97.60501,96.92695,96.0625
MIT,b1c17,646,96.19648,95.05584,97.702736,96.542755,95.9965
MIT,b1c17,647,96.17218,96.067345,97.68817,92.85963,95.98576
MIT,b1c17,648,96.18234,96.427444,91.10724,97.248665,96.13141
MIT,b1c17,649,96.17668,95.081985,97.62006,97.13044,96.18418
MIT,b1c17,650,96.15179,95.97623,97.618904,92.955986,96.17201
MIT,b1c17,651,96.102455,95.98226,97.74503,92.63275,96.03042
MIT,b1c17,652,96.064384,94.99132,97.73399,96.866196,95.99756
MIT,b1c17,653,96.00479,96.234726,97.683174,96.5014,95.93934
MIT,b1c17,654,96.037964,95.84238,97.533424,92.78887,96.06804
MIT,b1c17,655,95.97236,94.75879,97.68258,96.64102,95.96305
MIT,b1c17,656,95.97344,95.76786,97.526474,92.8096,95.94755
MIT,b1c17,657,95.95065,94.87196,97.61809,96.92708,96.01817
MIT,b1c17,658,95.911705,95.73071,97.59176,92.619316,95.91752
MIT,b1c17,659,95.86757,95.82179,97.72342,93.81135,95.71381
MIT,b1c17,660,95.81174,94.8785,97.72651,96.659744,95.9253
MIT,b1c17,661,95.8303,95.902054,97.7221,94.07373,95.76162
MIT,b1c17,662,95.79218,95.19741,97.70905,96.96772,95.71096
MIT,b1c17,663,95.75397,95.7933,97.737495,94.57255,95.66632
MIT,b1c17,664,95.71324,96.301926,97.81948,96.441185,95.80656
MIT,b1c17,665,95.68898,95.58014,97.65067,93.72163,95.51968
MIT,b1c17,666,95.6617,96.088295,97.84131,96.41629,95.56223
MIT,b1c17,667,95.627235,94.28883,97.767235,96.54759,95.49786
MIT,b1c17,668,95.57509,95.587875,97.757545,92.04785,95.45958
MIT,b1c17,669,95.56886,95.739044,97.484695,97.15259,95.52587
MIT,b1c17,670,95.502495,94.11054,97.75254,96.4484,95.40281
MIT,b1c17,671,95.50523,95.39976,97.62566,92.14063,95.466805
MIT,b1c17,672,95.43468,95.27489,97.666245,92.54544,95.36036
MIT,b1c17,673,95.43524,95.39409,97.688194,92.342995,95.347015
MIT,b1c17,674,95.3701,95.25806,97.489,92.500305,95.26707
MIT,b1c17,675,95.385414,93.8411,97.57483,96.24269,95.432846
MIT,b1c17,676,95.36231,95.18227,97.880196,96.671104,95.53758
MIT,b1c17,677,95.29586,93.55758,97.737076,96.20265,95.36735
MIT,b1c17,678,95.281456,93.50361,97.61145,96.25431,95.38869
MIT,b1c17,679,95.18454,93.37679,97.5856,95.83676,95.24057
MIT,b1c17,680,95.19415,94.91696,97.279785,96.75198,95.30289
MIT,b1c17,681,95.115616,94.75288,97.016266,96.52651,95.2688
MIT,b1c17,682,95.12131,93.21954,97.647316,95.91962,95.36671
MIT,b1c17,683,95.06559,94.637634,95.82745,97.01832,94.98419
MIT,b1c17,684,95.00473,92.8336,97.59392,95.187325,94.891266
MIT,b1c17,685,94.9754,92.86357,97.51789,95.18641,94.8515
MIT,b1c17,686,94.82118,92.66336,97.57971,95.257095,94.704865
MIT,b1c17,687,94.92284,94.68259,97.32679,92.41104,94.95559
MIT,b1c17,688,94.8429,92.642365,97.6564,95.3559,94.64751
MIT,b1c17,689,94.803894,94.67837,97.67152,92.481026,94.68435
MIT,b1c17,690,94.74301,92.720055,97.75608,94.96655,94.639114
MIT,b1c17,691,94.75064,92.9501,97.74062,95.70728,94.71246
MIT,b1c17,692,94.70389,94.36064,97.22549,95.60525,94.694084
MIT,b1c17,693,94.63336,92.737,97.73792,95.26281,94.62723
MIT,b1c17,694,94.61736,92.76492,97.698235,95.45381,94.629654
MIT,b1c17,695,94.509895,94.26568,97.59839,92.37278,94.4119
MIT,b1c17,696,94.50794,92.45529,97.57917,95.134125,94.46465
MIT,b1c17,697,94.43488,94.25992,97.27383,91.80728,94.70099
MIT,b1c17,698,94.37632,94.18147,97.45636,91.98582,94.63073
MIT,b1c17,699,94.33725,94.21468,97.26238,91.963104,94.548416
MIT,b1c17,700,94.31214,92.226036,97.551796,95.406006,94.76385
MIT,b1c17,701,94.22623,93.47069,84.099,94.97327,94.59928
MIT,b1c17,702,94.16319,91.97451,97.55517,94.066154,94.3807
MIT,b1c17,703,94.093605,94.00459,97.1879,91.99841,94.13058
MIT,b1c17,704,94.08739,93.39133,96.33447,95.731346,94.305534
MIT,b1c17,705,94.03903,91.8987,97.36589,94.64704,94.31599
MIT,b1c17,706,93.93851,93.84796,97.3532,92.65611,93.99904
MIT,b1c17,707,93.90113,91.640564,97.510056,94.034096,93.920525
MIT,b1c17,708,93.81748,91.56716,97.47452,93.61709,93.9037
MIT,b1c17,709,93.76632,91.51895,97.50593,94.01476,93.81519
MIT,b1c17,710,93.71364,93.70478,97.288536,91.82276,93.836136
MIT,b1c17,711,93.647224,91.448784,97.4368,93.50514,93.62667
MIT,b1c17,712,93.580894,93.73604,97.60557,91.75417,93.41355
MIT,b1c17,713,93.538376,91.404655,97.70172,93.713135,93.55261
MIT,b1c17,714,93.52011,93.7148,97.51134,92.11499,93.78161
MIT,b1c17,715,93.42024,92.66196,96.37726,94.81331,93.21658
MIT,b1c17,716,93.34115,93.528336,97.58953,91.39628,93.30906
MIT,b1c17,717,93.29232,92.66578,97.24949,93.74732,93.304276
MIT,b1c17,718,93.22123,93.49842,97.57261,91.388824,92.98017
MIT,b1c17,719,93.177986,91.31606,97.58196,93.60249,93.14121
MIT,b1c17,720,93.10399,91.32614,97.70739,93.5425,92.95383
MIT,b1c17,721,93.05947,92.80363,97.55231,92.9799,93.09067
MIT,b1c17,722,93.00306,93.40223,97.44982,91.73203,93.07405
MIT,b1c17,723,92.93929,91.49434,97.73224,93.51915,93.04691
MIT,b1c17,724,92.85653,92.69694,96.74846,92.16914,92.903145
MIT,b1c17,725,92.81477,93.29815,97.61743,91.74196,92.89108
MIT,b1c17,726,92.72341,92.54269,87.49263,93.9028,92.66261
MIT,b1c17,727,92.61816,92.04307,94.1286,92.66294,92.4895
MIT,b1c17,728,92.59645,93.05148,97.04498,91.10195,93.03472
MIT,b1c17,729,92.509026,90.68007,97.3887,92.522194,92.9603
MIT,b1c17,730,92.29555,92.777016,97.41119,90.97526,92.30588
MIT,b1c17,731,92.34536,92.91429,97.469124,90.70489,92.49242
MIT,b1c17,732,92.25926,90.46619,97.380196,92.01475,92.389854
MIT,b1c17,733,92.195885,92.747894,97.392624,91.00692,92.7537
MIT,b1c17,734,92.13328,91.425415,97.658676,92.543686,91.656075
MIT,b1c17,735,92.10086,93.01066,97.645065,91.824295,91.619644
MIT,b1c17,736,92.04211,93.00626,97.617775,91.92485,91.61111
MIT,b1c17,737,91.98504,93.0007,97.61187,91.65079,91.54649
MIT,b1c17,738,91.89297,92.97441,97.6204,91.68643,91.54383
MIT,b1c17,739,91.809906,92.80528,97.58044,91.617485,91.347404
MIT,b1c17,740,91.76051,92.96749,97.61515,91.559364,91.39954
MIT,b1c17,741,91.66914,92.87863,97.60438,91.337074,91.27628
MIT,b1c17,742,91.59693,92.75566,97.60101,91.243164,91.18728
MIT,b1c17,743,91.51456,92.76804,97.603516,91.24035,91.10066
MIT,b1c17,744,91.468056,92.83701,97.60316,91.1537,91.10183
MIT,b1c17,745,91.38014,92.636314,97.61997,91.36431,91.01785
MIT,b1c17,746,91.25056,91.38359,97.6248,91.19335,90.8888
MIT,b1c17,747,91.193954,91.395615,97.53442,91.80568,90.89707
MIT,b1c17,748,91.12938,91.59968,97.52165,91.961685,90.81775
MIT,b1c17,749,91.07417,92.71411,97.47162,90.55518,90.745514
MIT,b1c17,750,90.977165,92.6221,97.37335,90.19529,90.77032
MIT,b1c17,751,90.90478,92.55143,97.250145,89.92543,90.83197
MIT,b1c17,752,90.87705,92.87241,97.23316,89.568275,91.46542
MIT,b1c17,753,90.78363,92.942375,96.91603,90.04644,92.23287
MIT,b1c17,754,90.72559,94.541756,96.49991,90.81947,91.47036
MIT,b1c17,755,90.63745,92.57469,97.01506,88.77425,91.29418
MIT,b1c17,756,90.54882,92.456245,96.91657,88.761665,91.28277
MIT,b1c17,757,90.46317,92.58508,97.109604,90.18497,90.81027
MIT,b1c17,758,90.405266,92.34941,97.392296,89.71414,90.411835
MIT,b1c17,759,90.31733,91.82762,97.43622,90.90326,90.03895
MIT,b1c17,760,90.22,92.23669,97.57232,89.44129,90.055336
MIT,b1c17,761,90.13632,92.203224,97.62421,89.93004,89.90934
MIT,b1c17,762,90.01047,91.91309,97.64431,89.68583,89.584785
MIT,b1c17,763,89.95226,90.38015,97.646286,91.15733,89.724915
MIT,b1c17,764,89.85398,90.15942,97.62204,91.009605,89.55479
MIT,b1c17,765,89.75608,89.970665,97.66806,90.837326,89.55781
MIT,b1c17,766,89.66485,91.64414,97.660225,89.6053,89.22989
MIT,b1c17,767,89.61856,89.89805,97.520935,90.51884,89.366264
MIT,b1c17,768,89.51194,89.78037,97.600876,90.30567,89.28009
MIT,b1c17,769,89.44097,90.99507,95.5862,91.19552,89.06525
MIT,b1c17,770,89.35826,89.707726,97.62609,90.59169,89.067085
MIT,b1c17,771,89.27187,89.61133,97.638916,90.22403,89.006
MIT,b1c17,772,89.2157,91.44438,97.59312,89.19548,88.9703
MIT,b1c17,773,89.14094,91.41323,97.603806,89.225815,88.97836
MIT,b1c17,774,88.988106,91.22271,97.68017,88.897484,88.43836
MIT,b1c17,775,88.97223,90.66394,87.5649,89.61507,88.94474
MIT,b1c17,776,88.902084,91.35795,97.59395,89.29073,88.96609
MIT,b1c17,777,88.80645,89.47335,97.633766,90.41714,88.539345
MIT,b1c17,778,88.74183,89.48654,97.56261,90.17887,88.70977
MIT,b1c17,779,88.66335,89.5234,97.58203,89.99901,88.52989
MIT,b1c17,780,88.56711,91.190956,97.58463,88.998985,88.20577
MIT,b1c17,781,88.52445,89.9066,97.49148,89.43821,88.309494
MIT,b1c17,782,88.433975,90.015465,97.48825,89.48678,88.444954
MIT,b1c17,783,88.38345,90.26479,97.39331,89.957344,88.26261
MIT,b1c17,784,88.29871,91.36789,97.47573,88.47005,87.84927
MIT,b1c17,785,88.21683,91.19907,97.420334,88.02473,87.68256
MIT,b1c17,786,88.151436,91.326866,97.429016,88.00782,87.66543
MIT,b1c17,787,88.04128,90.98468,97.445114,87.88864,87.45301
MIT,b1c17,788,87.97476,91.11103,97.43656,88.33444,87.55898
MIT,b1c17,789,87.89939,90.89414,97.53187,87.85603,87.523766
MIT,b1c17,790,87.82312,89.60796,97.57677,89.37721,87.42145
MIT,b1c17,791,87.734856,90.73364,97.58422,87.83884,87.35519
MIT,b1c17,792,87.62716,90.16365,89.5321,89.998184,87.26166
MIT,b1c17,793,87.56589,88.70065,97.54075,89.47654,87.739494
MIT,b1c17,794,87.45437,90.305786,97.557945,87.8296,86.85189
MIT,b1c17,795,87.38027,88.268814,97.66286,89.347466,86.9696
MIT,b1c17,796,87.298904,88.14605,97.59999,89.59345,86.94956
MIT,b1c17,797,87.22138,88.0408,97.49541,89.37027,86.767876
MIT,b1c17,798,87.147446,90.03251,97.48301,87.63342,86.79813
MIT,b1c17,799,87.03918,89.20816,94.525154,87.91275,86.561386
MIT,b1c17,800,86.98562,89.916405,97.52268,87.63722,86.645
MIT,b1c17,801,86.893074,89.791794,97.481926,87.38524,86.542725
MIT,b1c17,802,86.80881,87.711975,97.54321,88.6794,86.55737
MIT,b1c17,803,86.7218,89.66919,97.46772,87.1673,86.30858
MIT,b1c17,804,86.6556,87.599686,97.59663,88.97586,86.325
MIT,b1c17,805,86.579895,89.63595,97.367165,87.04146,86.31096
MIT,b1c17,806,86.4823,88.8191,95.14496,87.66565,86.286674
MIT,b1c17,807,86.4078,87.41195,97.59111,88.68114,86.17132
MIT,b1c17,808,86.314606,87.18727,97.391556,88.453735,86.12813
MIT,b1c17,809,86.25592,89.4568,97.48943,86.99823,86.10966
MIT,b1c17,810,86.148506,89.27417,97.49401,86.751724,86.04364
MIT,b1c17,811,86.0671,89.184006,97.498116,87.12883,86.029366
MIT,b1c17,812,85.97053,89.08352,97.453255,86.774635,86.018364
MIT,b1c17,813,85.9214,89.280655,97.43206,86.81114,85.92381
MIT,b1c17,814,85.85294,87.62349,97.49019,88.06044,85.90281
MIT,b1c17,815,85.79412,87.90628,97.43606,87.853645,85.923225
MIT,b1c17,816,85.695786,87.727905,97.4588,87.544464,85.4321
MIT,b1c17,817,85.63992,88.06026,97.44457,87.71363,85.82499
MIT,b1c17,818,85.53176,89.44115,96.881584,88.28583,85.255745
MIT,b1c17,819,85.45911,87.77011,97.44638,87.21005,85.14992
MIT,b1c17,820,85.394325,87.84159,97.39908,86.9538,85.58541
MIT,b1c17,821,85.29613,89.1886,97.58079,85.995605,85.05875
MIT,b1c17,822,85.20362,87.173706,97.52434,86.97217,84.94607
MIT,b1c17,823,85.13083,88.824036,97.58976,85.716835,85.1206
MIT,b1c17,824,85.02136,86.5328,97.625114,86.73117,84.84616
MIT,b1c17,825,84.83585,86.51548,97.41863,87.24088,84.32655
MIT,b1c17,826,84.81986,88.18259,97.492485,85.86825,84.77443
MIT,b1c17,827,84.76608,88.28223,97.415245,85.91072,84.33977
MIT,b1c17,828,84.666115,85.89719,97.16252,86.24811,84.653595
MIT,b1c17,829,84.597786,86.10729,97.41478,87.11595,84.66797
MIT,b1c17,830,84.4842,85.65577,97.16563,85.81664,84.12749
MIT,b1c17,831,84.41183,87.76506,96.996765,85.549545,84.722694
MIT,b1c17,832,84.30982,85.45476,97.22861,85.26048,84.312325
MIT,b1c17,833,84.24646,85.79976,96.803925,86.45864,83.82863
MIT,b1c17,834,84.14317,87.53549,96.960106,85.44566,83.92656
MIT,b1c17,835,84.07603,87.530716,96.719025,85.01251,83.76797
MIT,b1c17,836,83.98566,85.55698,97.17418,86.28439,84.33428
MIT,b1c17,837,83.881,85.21578,97.34921,85.42029,83.65063
MIT,b1c17,838,83.77855,84.88856,97.259964,84.79042,84.01793
MIT,b1c17,839,83.710884,86.920746,95.956474,83.998856,83.54507
MIT,b1c17,840,83.62154,87.16114,97.038216,84.77299,83.13727
MIT,b1c17,841,83.520775,87.031975,97.283615,84.32794,83.33154
MIT,b1c17,842,83.43403,86.92941,97.10946,84.974396,83.21266
MIT,b1c17,843,83.33931,86.73378,96.58818,85.007675,83.066574
MIT,b1c17,844,83.254074,86.62925,96.65028,84.898384,82.925156
MIT,b1c17,845,83.15999,86.59234,96.255424,84.58315,83.08649
MIT,b1c17,846,83.076294,86.69647,96.75003,84.87197,83.08392
MIT,b1c17,847,82.99337,86.84519,97.502945,84.76621,83.08104
MIT,b1c17,848,82.90988,86.94689,97.49704,83.9595,83.003334
MIT,b1c17,849,82.827614,86.95351,90.41071,84.70325,82.84809
MIT,b1c17,850,82.72507,87.029076,96.59168,85.96506,83.08198
MIT,b1c17,851,82.6549,86.87716,97.436325,84.2246,82.74107
MIT,b1c17,852,82.56698,86.78392,97.429474,84.22607,82.86801
MIT,b1c17,853,82.48164,82.252335,96.45326,84.227066,83.05247
MIT,b1c17,854,82.391556,81.35316,97.222,83.706566,82.92971
MIT,b1c17,855,82.29386,86.34644,97.26382,83.642784,82.39742
MIT,b1c43,1,99.89243,100.1449,97.78317,100.17297,99.66974
MIT,b1c43,2,100.0,100.16042,97.77888,100.073715,99.70132
MIT,b1c43,3,100.06729,99.65637,97.74669,99.497475,99.860756
MIT,b1c43,4,100.1113,99.934715,97.80309,100.13709,99.87366
MIT,b1c43,5,100.13936,99.674835,97.77726,99.54059,99.953354
MIT,b1c43,6,100.15776,99.67818,97.78283,99.37909,99.87313
MIT,b1c43,7,100.17002,99.67678,97.751686,99.42465,99.934235
MIT,b1c43,8,100.184006,99.94,97.813065,100.115,99.95994
MIT,b1c43,9,100.191246,100.09272,97.8021,100.15412,99.92111
MIT,b1c43,10,100.198616,99.67112,97.73918,99.3451,99.93947
MIT,b1c43,11,100.20564,99.94888,97.76177,100.141,99.89223
MIT,b1c43,12,100.207344,99.65899,97.77462,99.772385,99.97102
MIT,b1c43,13,100.20715,99.937035,97.76123,100.20242,99.99588
MIT,b1c43,14,100.204315,99.650375,97.78124,99.775055,99.98796
MIT,b1c43,15,100.21005,99.930374,97.77099,100.15355,100.034164
MIT,b1c43,16,100.21337,99.92941,97.80247,100.16714,100.01037
MIT,b1c43,17,100.20399,99.93839,97.75725,100.182,100.04558
MIT,b1c43,18,100.208664,99.93255,97.76553,100.16116,100.04421
MIT,b1c43,19,100.204445,99.937126,97.72567,100.145004,100.05085
MIT,b1c43,20,100.20094,99.62695,97.77266,99.864006,100.02795
MIT,b1c43,21,100.200195,99.92356,97.79581,100.160355,99.88135
MIT,b1c43,22,100.20154,99.619934,97.76895,99.88566,100.00321
MIT,b1c43,23,100.19209,99.9141,97.781,100.07391,99.95224
MIT,b1c43,24,100.18738,99.61645,97.712875,99.49446,99.98557
MIT,b1c43,25,100.18199,99.91138,97.77968,100.14334,99.95593
MIT,b1c43,26,100.18476,99.601715,97.780205,99.51207,100.00185
MIT,b1c43,27,100.18514,99.92985,97.78912,100.09138,100.02299
MIT,b1c43,28,100.182396,99.91899,97.78866,100.148674,99.95718
MIT,b1c43,29,100.182106,99.59924,97.78023,99.706985,99.97736
MIT,b1c43,30,100.18456,99.59962,97.763275,99.87922,99.983475
MIT,b1c43,31,100.17894,99.99314,97.75109,100.264885,99.97593
MIT,b1c43,32,100.170006,99.5925,97.76832,99.667755,99.96564
MIT,b1c43,33,100.16988,99.59749,97.72601,99.62844,100.01141
MIT,b1c43,34,100.170425,99.59202,97.73885,99.48066,99.96642
MIT,b1c43,35,100.1727,99.9138,97.787155,100.13493,99.95514
MIT,b1c43,36,100.171425,99.91762,97.752075,100.05712,99.95034
MIT,b1c43,37,100.16892,99.95291,97.76684,100.1965,99.93112
MIT,b1c43,38,100.16286,99.51874,97.71776,100.08295,99.939445
MIT,b1c43,39,100.16095,99.58708,97.763855,99.598785,99.91082
MIT,b1c43,40,100.155846,99.575615,97.74153,99.51423,99.90381
MIT,b1c43,41,100.151665,99.50273,97.71158,99.994125,99.89392
MIT,b1c43,42,100.147964,99.909065,97.752365,100.08219,99.97566
MIT,b1c43,43,100.14616,99.90655,97.76134,100.09496,99.95693
MIT,b1c43,44,100.14589,99.90645,97.7691,100.11271,99.92838
MIT,b1c43,45,100.14008,99.90719,97.76478,100.10373,99.959755
MIT,b1c43,46,100.1359,99.48819,97.76962,100.07362,100.00334
MIT,b1c43,47,100.1375,99.88757,97.769066,100.03379,99.85769
MIT,b1c43,48,100.13501,99.54848,97.73724,99.65431,99.98942
MIT,b1c43,49,100.134575,99.56443,97.72317,99.80487,99.87318
MIT,b1c43,50,100.15895,99.94442,97.64926,99.92743,99.779495
MIT,b1c43,51,100.173615,99.92958,97.67503,99.99021,99.736946
MIT,b1c43,52,100.18114,99.6531,97.654724,99.51143,99.77449
MIT,b1c43,53,100.1867,99.980965,97.672035,99.92931,99.812164
MIT,b1c43,54,100.17296,99.59123,97.74726,99.348724,99.928505
MIT,b1c43,55,100.12358,99.882,97.75879,99.996666,99.901436
MIT,b1c43,56,100.11485,99.52162,97.74782,99.34535,99.87135
MIT,b1c43,57,100.11293,99.87741,97.75603,99.99906,99.91364
MIT,b1c43,58,100.10837,99.87871,97.764595,100.08021,99.8511
MIT,b1c43,59,100.108574,99.879555,97.75575,99.99054,99.923836
MIT,b1c43,60,100.1052,99.79909,97.77215,99.96983,99.784424
MIT,b1c43,61,100.1014,99.44047,97.73991,99.90467,99.85885
MIT,b1c43,62,100.09814,99.50777,97.73366,99.44209,99.88025
MIT,b1c43,63,100.0957,99.502785,97.720825,99.60357,99.84402
MIT,b1c43,64,100.08988,99.4988,97.74388,99.33133,99.8422
MIT,b1c43,65,100.08739,99.860794,97.75483,99.977905,99.899345
MIT,b1c43,66,100.08064,99.86852,97.715904,99.988335,99.89539
MIT,b1c43,67,100.079094,99.416534,97.74218,99.85613,99.87337
MIT,b1c43,68,100.07343,99.84105,97.77014,100.03103,99.80594
MIT,b1c43,69,100.07061,99.8591,97.746956,100.00825,99.80283
MIT,b1c43,70,100.06563,99.47583,97.735535,99.12625,99.8703
MIT,b1c43,71,100.06311,99.47283,97.73505,99.41937,99.80555
MIT,b1c43,72,100.060295,99.84559,97.746155,100.01877,99.79662
MIT,b1c43,73,100.05289,99.464516,97.74374,99.36351,99.803566
MIT,b1c43,74,100.04858,99.84069,97.75004,99.98674,99.773926
MIT,b1c43,75,100.04653,99.46096,97.73525,99.33078,99.77529
MIT,b1c43,76,100.03908,99.72492,97.75808,99.80772,99.830215
MIT,b1c43,77,100.03377,99.83896,97.75369,99.954025,99.71357
MIT,b1c43,78,100.030754,99.452354,97.71732,99.062965,99.777016
MIT,b1c43,79,100.02141,99.45242,97.71726,99.221634,99.74933
MIT,b1c43,80,100.021706,99.83331,97.72433,99.99157,99.790474
MIT,b1c43,81,100.01594,99.44272,97.71277,99.09837,99.72542
MIT,b1c43,82,100.01627,99.44621,97.71069,99.108406,99.72219
MIT,b1c43,83,100.01217,99.8287,97.73622,99.96399,99.726
MIT,b1c43,84,100.009834,99.82132,97.74185,99.94391,99.712166
MIT,b1c43,85,100.00235,99.82208,97.73497,100.00715,99.70127
MIT,b1c43,86,99.99734,99.81766,97.73807,99.91733,99.65713
MIT,b1c43,87,99.99141,99.817986,97.7285,99.93621,99.65614
MIT,b1c43,88,99.98921,99.820076,97.7126,99.93911,99.69876
MIT,b1c43,89,99.98247,99.42494,97.72581,98.9646,99.65418
MIT,b1c43,90,99.98073,99.424995,97.69543,99.03061,99.63225
MIT,b1c43,91,99.97688,99.81052,97.72476,99.92774,99.65481
MIT,b1c43,92,99.97389,99.427795,97.68019,99.00446,99.671936
MIT,b1c43,93,99.96848,99.8096,97.73001,99.91277,99.56609
MIT,b1c43,94,99.97101,99.816025,97.705574,99.93656,99.63417
MIT,b1c43,95,99.96511,99.80914,97.72385,99.87828,99.59313
MIT,b1c43,96,99.95899,99.4139,97.71493,99.12167,99.60707
MIT,b1c43,97,99.95587,99.41432,97.7021,99.04594,99.62536
MIT,b1c43,98,99.94891,99.80935,97.72971,99.90933,99.618286
MIT,b1c43,99,99.94826,99.40975,97.68726,98.972885,99.56746
MIT,b1c43,100,99.943054,99.80613,97.72814,99.97277,99.66239
MIT,b1c43,101,99.936264,99.79444,97.72231,99.950096,99.57596
MIT,b1c43,102,99.934456,99.38296,97.70325,99.01884,99.611015
MIT,b1c43,103,99.92704,99.7785,97.70693,99.874695,99.589905
MIT,b1c43,104,99.91977,99.36191,97.66087,98.9869,99.61275
MIT,b1c43,105,99.919395,99.80084,97.68265,99.95634,99.544
MIT,b1c43,106,99.90812,99.77748,97.71397,99.86037,99.480736
MIT,b1c43,107,99.90457,99.03735,97.67897,99.475136,99.50503
MIT,b1c43,108,99.904816,99.2932,97.65732,98.7646,99.636284
MIT,b1c43,109,99.900856,99.30961,97.691956,98.81617,99.49055
MIT,b1c43,110,99.898895,99.525314,97.741264,99.31964,99.5531
MIT,b1c43,111,99.8922,99.30919,97.69906,98.86461,99.50329
MIT,b1c43,112,99.88712,99.53188,97.72745,99.120155,99.41948
MIT,b1c43,113,99.88371,99.771805,97.70712,99.87018,99.39493
MIT,b1c43,114,99.8768,99.76865,97.697334,99.895004,99.49573
MIT,b1c43,115,99.87133,99.23678,97.69336,98.87994,99.3826
MIT,b1c43,116,99.86765,99.76843,97.720795,99.890274,99.58463
MIT,b1c43,117,99.864265,99.75571,97.70097,99.88847,99.42264
MIT,b1c43,118,99.86137,99.2368,97.64599,98.66715,99.40012
MIT,b1c43,119,99.858894,99.76195,97.7103,99.852936,99.36858
MIT,b1c43,120,99.854485,99.776535,97.706795,99.877975,99.33132
MIT,b1c43,121,99.848946,99.73995,97.6964,99.66632,99.44138
MIT,b1c43,122,99.84614,99.759926,97.68128,99.86646,99.253006
MIT,b1c43,123,99.83616,98.91678,97.689606,99.121445,99.33159
MIT,b1c43,124,99.829254,99.71021,97.69582,99.76466,99.38746
MIT,b1c43,125,99.82131,99.72261,97.70636,99.75083,99.362236
MIT,b1c43,126,99.81628,99.4578,97.7288,98.90569,99.4026
MIT,b1c43,127,99.815056,99.11644,97.688095,98.894775,99.40264
MIT,b1c43,128,99.80587,99.08968,97.66137,98.55844,99.3278
MIT,b1c43,129,99.80263,99.08837,97.66971,98.51908,99.37538
MIT,b1c43,130,99.79619,99.67322,97.67987,99.69409,99.34793
MIT,b1c43,131,99.78889,99.64022,97.675835,99.83827,99.273026
MIT,b1c43,132,99.780624,99.0345,97.67606,98.5777,99.32554
MIT,b1c43,133,99.77342,98.99764,97.65933,98.50871,99.33426
MIT,b1c43,134,99.77048,99.63784,97.68157,99.77787,99.32625
MIT,b1c43,135,99.761536,99.67273,97.65408,99.81344,99.35802
MIT,b1c43,136,99.76137,98.952446,97.656906,98.25185,99.34804
MIT,b1c43,137,99.75639,99.628654,97.649284,99.91031,99.349846
MIT,b1c43,138,99.75537,98.95686,97.67684,98.50342,99.240074
MIT,b1c43,139,99.75011,98.71785,97.656364,98.9996,99.24721
MIT,b1c43,140,99.74849,98.946754,97.66015,98.66832,99.350655
MIT,b1c43,141,99.743416,99.589,97.69376,99.50831,99.21468
MIT,b1c43,142,99.734146,99.620636,97.695045,99.72193,99.34966
MIT,b1c43,143,99.72935,99.51787,97.69002,99.575745,99.3283
MIT,b1c43,144,99.72428,99.5752,97.69375,99.5955,99.4111
MIT,b1c43,145,99.71861,99.58443,97.69287,99.73654,99.33841
MIT,b1c43,146,99.71356,99.546715,97.6998,99.78724,99.287346
MIT,b1c43,147,99.706635,99.50608,97.69318,99.7295,99.19392
MIT,b1c43,148,99.7032,99.3379,97.68745,98.2639,99.35262
MIT,b1c43,149,99.69981,99.5316,97.68132,99.7609,99.30519
MIT,b1c43,150,99.69394,99.52611,97.66766,99.698135,99.32368
MIT,b1c43,151,99.69069,98.8564,97.682465,98.18423,99.32605
MIT,b1c43,152,99.685455,99.516495,97.67389,99.63266,99.30463
MIT,b1c43,153,99.67844,98.83776,97.66187,98.815956,99.30878
MIT,b1c43,154,99.674385,98.833015,97.64302,98.253746,99.16456
MIT,b1c43,155,99.667305,98.7916,97.63057,98.15654,99.23381
MIT,b1c43,156,99.66067,99.49147,97.65626,99.70415,99.042984
MIT,b1c43,157,99.65472,98.76772,97.63312,98.07469,99.11467
MIT,b1c43,158,99.64708,98.73035,97.6506,98.10699,99.085526
MIT,b1c43,159,99.64258,98.71374,97.600975,98.07744,99.066536
MIT,b1c43,160,99.63507,99.44514,97.64504,99.49859,99.12397
MIT,b1c43,161,99.63064,99.27906,97.674774,98.63697,99.07369
MIT,b1c43,162,99.62909,98.78429,97.64899,97.79837,98.97208
MIT,b1c43,163,99.6412,99.590034,97.611755,99.816826,98.96414
MIT,b1c43,164,99.643524,98.94748,97.58148,98.24807,99.09827
MIT,b1c43,165,99.635025,99.577034,97.62209,99.65598,99.07244
MIT,b1c43,166,99.62041,99.47478,97.6541,99.42079,98.93421
MIT,b1c43,167,99.60258,98.65985,97.623795,97.96526,99.101906
MIT,b1c43,168,99.597244,99.26645,97.668564,98.45132,98.93569
MIT,b1c43,169,99.586914,98.40549,97.61422,98.582,99.00583
MIT,b1c43,170,99.59526,99.46624,97.62075,99.62723,98.99586
MIT,b1c43,171,99.604164,98.90815,97.586685,98.06871,98.99394
MIT,b1c43,172,99.60759,98.968445,97.55436,98.21233,99.05604
MIT,b1c43,173,99.60702,99.29233,97.61522,99.46174,98.99565
MIT,b1c43,174,99.59983,98.9648,97.52373,98.235176,99.00455
MIT,b1c43,175,99.591484,99.53999,97.60806,99.81211,98.838745
MIT,b1c43,176,99.58285,98.83985,97.62201,98.021774,98.954025
MIT,b1c43,177,99.56682,99.21561,97.65992,98.79907,98.82422
MIT,b1c43,178,99.54651,98.56149,97.65119,98.05707,98.98376
MIT,b1c43,179,99.5422,98.540184,97.62949,98.002365,99.00973
MIT,b1c43,180,99.53607,99.24344,97.638504,99.51736,98.932045
MIT,b1c43,181,99.530556,99.22427,97.61481,99.44132,98.96402
MIT,b1c43,182,99.525764,98.512535,97.62163,98.03533,98.909
MIT,b1c43,183,99.51834,99.00792,97.619,99.37372,98.84789
MIT,b1c43,184,99.51224,98.49253,97.60807,97.82338,98.95601
MIT,b1c43,185,99.50546,99.177536,97.62939,99.23731,98.85333
MIT,b1c43,186,99.50026,98.45317,97.58162,97.93564,98.845894
MIT,b1c43,187,99.492905,99.15026,97.657326,98.36273,98.77433
MIT,b1c43,188,99.48591,99.17165,97.63175,98.677765,98.91873
MIT,b1c43,189,99.483,98.52018,97.58965,97.745544,98.792
MIT,b1c43,190,99.488434,99.27094,97.58301,99.42732,98.718056
MIT,b1c43,191,99.498474,98.74593,97.56047,98.66463,98.90977
MIT,b1c43,192,99.49886,99.422005,97.56341,99.26343,98.826546
MIT,b1c43,193,99.488495,99.32788,97.5925,99.43881,98.846306
MIT,b1c43,194,99.47032,98.26669,97.598564,98.02189,98.64617
MIT,b1c43,195,99.452576,99.10977,97.64023,98.41966,98.82198
MIT,b1c43,196,99.443695,98.81643,97.61738,99.274635,98.84853
MIT,b1c43,197,99.44382,98.82113,97.58022,98.72489,98.71058
MIT,b1c43,198,99.46011,99.16539,97.5991,99.34489,98.71574
MIT,b1c43,199,99.47117,99.304794,97.5349,99.4829,98.79986
MIT,b1c43,200,99.47579,99.28071,97.52149,99.22187,98.8388
MIT,b1c43,201,99.47415,99.37568,97.505104,99.41338,98.80109
MIT,b1c43,202,99.471664,99.34132,97.48686,99.26996,98.721085
MIT,b1c43,203,99.44745,98.817184,97.51885,98.05333,98.810875
MIT,b1c43,204,99.45141,98.76293,97.506836,97.77053,98.71256
MIT,b1c43,205,99.43062,98.5608,97.610825,99.37646,98.71888
MIT,b1c43,206,99.396706,99.05981,97.648415,98.0184,98.82901
MIT,b1c43,207,99.3836,98.67667,97.619965,99.27133,98.819855
MIT,b1c43,208,99.37372,99.053856,97.650055,98.25235,98.75493
MIT,b1c43,209,99.36644,98.49672,97.62058,99.20734,98.79894
MIT,b1c43,210,99.358185,98.56541,97.60159,99.11255,98.79402
MIT,b1c43,211,99.35272,98.32993,97.60084,98.253685,98.78882
MIT,b1c43,212,99.345245,99.04731,97.639114,98.49712,98.74312
MIT,b1c43,213,99.33918,97.96253,97.568146,97.86628,98.68393
MIT,b1c43,214,99.33226,98.99943,97.631386,98.38606,98.67082
MIT,b1c43,215,99.32944,98.30067,97.55876,98.93064,98.56563
MIT,b1c43,216,99.32971,98.24881,97.55354,97.72249,98.66252
MIT,b1c43,217,99.330925,98.09238,97.56071,97.996284,98.68591
MIT,b1c43,218,99.33516,98.4208,97.498245,97.82061,98.746735
MIT,b1c43,219,99.34121,98.58247,97.50055,99.03674,98.692894
MIT,b1c43,220,99.340324,98.47064,97.517,97.99269,98.64182
MIT,b1c43,221,99.31794,98.27511,97.548035,99.0234,98.542305
MIT,b1c43,222,99.29591,98.165855,97.59061,99.086784,98.59249
MIT,b1c43,223,99.28748,98.0095,97.61093,98.279335,98.65263
MIT,b1c43,224,99.27835,98.07879,97.57309,97.56606,98.66895
MIT,b1c43,225,99.273544,98.18939,97.54999,97.67619,98.6613
MIT,b1c43,226,99.28132,98.98227,97.56782,98.91839,98.594345
MIT,b1c43,227,99.28773,98.402016,97.506546,97.788925,98.6146
MIT,b1c43,228,99.28721,98.32295,97.524704,99.153854,98.59007
MIT,b1c43,229,99.28564,98.43089,97.51212,98.24635,98.71459
MIT,b1c43,230,99.27776,98.40971,97.50527,97.82635,98.59891
MIT,b1c43,231,99.269165,98.3622,97.545006,98.39057,98.51198
MIT,b1c43,232,99.259575,98.94454,97.60734,98.5286,98.4149
MIT,b1c43,233,99.23405,97.80391,97.58754,97.95093,98.49699
MIT,b1c43,234,99.22025,97.666115,97.610115,98.98955,98.39776
MIT,b1c43,235,99.21589,98.93156,97.62253,98.019455,98.5409
MIT,b1c43,236,99.20695,97.55009,97.554794,98.543526,98.590294
MIT,b1c43,237,99.20157,97.67443,97.57601,98.829384,98.495995
MIT,b1c43,238,99.1914,97.9446,97.57747,98.01785,98.36998
MIT,b1c43,239,99.18343,97.60353,97.576546,98.955246,98.42631
MIT,b1c43,240,99.17575,98.800674,97.61239,98.15826,98.43623
MIT,b1c43,241,99.16922,98.807014,97.62017,98.31086,98.295654
MIT,b1c43,242,99.164055,97.55724,97.5628,98.83024,98.20884
MIT,b1c43,243,99.15996,97.61213,97.554146,98.87006,98.41783
MIT,b1c43,244,99.156586,97.6765,97.543365,98.40203,98.397705
MIT,b1c43,245,99.155045,97.69376,97.503235,98.28527,98.38847
MIT,b1c43,246,99.16139,98.91021,97.5465,99.08115,98.34399
MIT,b1c43,247,99.16538,97.92862,97.50457,98.86597,98.42196
MIT,b1c43,248,99.153,98.83979,97.52296,98.7761,98.21353
MIT,b1c43,249,99.13472,98.82834,97.60673,98.65571,98.33096
MIT,b1c43,250,99.116356,97.42282,97.56865,98.7915,98.33053
MIT,b1c43,251,99.10795,97.830986,97.54245,96.95308,98.23361
MIT,b1c43,252,99.10027,98.7894,97.60111,98.28264,98.33536
MIT,b1c43,253,99.08803,97.58348,97.52592,98.774536,98.17793
MIT,b1c43,254,99.099174,97.7741,97.50732,98.41305,98.175354
MIT,b1c43,255,99.09389,97.79288,97.49301,98.67906,98.20717
MIT,b1c43,256,99.103424,98.86059,97.53874,99.16497,98.128685
MIT,b1c43,257,99.10509,97.86663,97.49642,98.82957,98.2855
MIT,b1c43,258,99.0817,98.141396,97.491135,96.985016,98.07311
MIT,b1c43,259,99.08507,97.75558,97.54925,98.61921,98.270355
MIT,b1c43,260,99.07763,97.61601,97.56687,98.36303,98.24404
MIT,b1c43,261,99.049515,97.35859,97.57511,98.62378,98.15684
MIT,b1c43,262,99.03869,97.753075,97.53502,96.228714,98.03154
MIT,b1c43,263,99.02913,98.658295,97.59438,98.13445,98.25227
MIT,b1c43,264,99.02409,97.20676,97.581924,98.08523,98.225006
MIT,b1c43,265,99.0136,97.21864,97.58469,98.32634,98.26038
MIT,b1c43,266,99.00766,97.17461,97.57632,98.55899,98.15107
MIT,b1c43,267,98.99835,97.450035,97.56631,97.59943,98.144325
MIT,b1c43,268,98.98987,97.649925,97.522804,97.023285,97.91467
MIT,b1c43,269,98.97116,97.62246,97.522705,96.80352,97.8983
MIT,b1c43,270,98.966896,98.56456,97.59238,98.185104,98.03401
MIT,b1c43,271,98.96727,97.62625,97.48157,96.8597,97.99909
MIT,b1c43,272,98.95155,97.61327,97.489746,96.682144,97.88965
MIT,b1c43,273,98.9516,98.59517,97.56541,98.4796,98.02378
MIT,b1c43,274,98.96051,97.31374,97.47676,98.36821,97.95318
MIT,b1c43,275,98.958435,97.275955,97.52175,98.522934,97.85602
MIT,b1c43,276,98.9427,97.08424,97.55751,98.41397,97.95518
MIT,b1c43,277,98.92812,98.52044,97.5675,98.25369,97.93108
MIT,b1c43,278,98.923454,97.55986,97.5245,96.789734,97.99411
MIT,b1c43,279,98.914116,96.9616,97.54833,98.507286,97.9825
MIT,b1c43,280,98.90603,97.00838,97.54652,98.41955,98.02381
MIT,b1c43,281,98.88538,98.53732,97.556595,98.80738,97.94707
MIT,b1c43,282,98.89538,97.31351,97.47479,98.47189,97.96133
MIT,b1c43,283,98.91292,97.446815,97.42813,98.51853,97.990616
MIT,b1c43,284,98.901276,97.50133,97.40048,98.4275,97.7787
MIT,b1c43,285,98.912285,97.58701,97.42681,98.459595,98.002945
MIT,b1c43,286,98.86658,97.47662,97.41536,98.27792,97.95222
MIT,b1c43,287,98.88072,98.061966,97.441925,97.6095,97.90985
MIT,b1c43,288,98.886826,97.33565,97.49172,97.986374,98.0492
MIT,b1c43,289,98.823784,97.57812,97.531334,96.58151,97.87782
MIT,b1c43,290,98.80166,98.369576,97.600624,98.25757,97.81344
MIT,b1c43,291,98.82072,96.737625,97.54765,97.88515,97.95278
MIT,b1c43,292,98.81579,97.42754,97.48547,97.045654,97.88643
MIT,b1c43,293,98.79203,96.67578,97.50596,97.91639,97.93496
MIT,b1c43,294,98.80206,96.69993,97.531456,98.17965,97.80125
MIT,b1c43,295,98.77049,96.66897,97.51376,98.168144,97.86225
MIT,b1c43,296,98.76235,97.36952,97.470085,97.051476,97.96021
MIT,b1c43,297,98.75564,96.612,97.52072,97.82565,97.76528
MIT,b1c43,298,98.76757,96.67337,97.52069,98.15897,97.8072
MIT,b1c43,299,98.74012,97.361115,97.35803,96.984314,97.73014
MIT,b1c43,300,98.70166,97.4259,97.44269,96.99578,97.71844
MIT,b1c43,301,98.73996,97.39684,97.44456,96.75274,97.82801
MIT,b1c43,302,98.74054,98.37649,97.555756,98.290085,97.92058
MIT,b1c43,303,98.728294,96.574585,97.49012,97.751076,97.815285
MIT,b1c43,304,98.72264,98.25488,97.53747,98.06951,97.70142
MIT,b1c43,305,98.69867,97.237465,97.474976,96.40293,97.84282
MIT,b1c43,306,98.70258,96.55945,97.51755,97.79524,97.70678
MIT,b1c43,307,98.69365,97.08732,97.38517,96.993576,97.64331
MIT,b1c43,308,98.66421,96.55605,97.52724,97.71068,97.705086
MIT,b1c43,309,98.67605,96.633606,97.490395,97.80081,97.766426
MIT,b1c43,310,98.66748,98.255615,97.53179,98.7056,97.76628
MIT,b1c43,311,98.64341,97.49282,97.47735,97.29839,97.66807
MIT,b1c43,312,98.64855,96.84594,97.4798,98.11644,97.69025
MIT,b1c43,313,98.63168,97.51837,97.39177,96.817955,97.74053
MIT,b1c43,314,98.64537,97.234726,97.44671,96.87182,97.689735
MIT,b1c43,315,98.638435,96.850655,97.50046,97.70592,97.85848
MIT,b1c43,316,98.62185,97.24546,97.484695,96.41937,97.602844
MIT,b1c43,317,98.61386,98.13813,97.54044,98.07243,97.55731
MIT,b1c43,318,98.60568,96.456184,97.529236,98.05027,97.72167
MIT,b1c43,319,98.59546,96.44071,97.51474,97.76852,97.66721
MIT,b1c43,320,98.5858,96.42711,97.52717,97.72168,97.41999
MIT,b1c43,321,98.575775,96.384605,97.50493,97.81134,97.61751
MIT,b1c43,322,98.5604,98.120834,97.5031,97.91566,97.48766
MIT,b1c43,323,98.5271,98.12597,97.55844,98.28408,97.53312
MIT,b1c43,324,98.531425,96.38021,97.48484,97.64217,97.47767
MIT,b1c43,325,98.53036,98.12906,97.51699,97.93807,97.573166
MIT,b1c43,326,98.52238,98.0936,97.501305,98.43989,97.559654
MIT,b1c43,327,98.50322,98.03429,97.50658,98.29295,97.46486
MIT,b1c43,328,98.47863,96.69158,97.24622,97.69943,97.53003
MIT,b1c43,329,98.53927,97.273865,97.07784,97.60288,97.70986
MIT,b1c43,330,98.53261,97.55231,96.8026,97.92977,97.66688
MIT,b1c43,331,98.53099,97.60209,96.89182,97.722916,97.48063
MIT,b1c43,332,98.554085,98.37737,97.27446,98.409904,97.87543
MIT,b1c43,333,98.52269,98.34542,97.26432,98.38706,97.50763
MIT,b1c43,334,98.533516,98.302414,97.28171,98.58176,97.557
MIT,b1c43,335,98.51599,98.25915,97.03919,98.1079,97.687126
MIT,b1c43,336,98.50643,98.3527,96.819244,97.20712,97.72568
MIT,b1c43,337,98.51048,98.642944,96.92177,97.953995,97.61789
MIT,b1c43,338,98.51367,98.4549,96.241714,97.0597,97.59665
MIT,b1c43,339,98.54321,98.55037,95.47554,97.94413,97.69307
MIT,b1c43,340,98.534004,98.64795,95.33974,98.18331,97.58044
MIT,b1c43,341,98.536865,98.99622,95.09496,98.32237,97.55023
MIT,b1c43,342,98.52849,98.376015,95.56491,95.949684,97.714096
MIT,b1c43,343,98.51776,98.67409,95.727646,98.15076,97.57714
MIT,b1c43,344,98.47657,98.36027,95.99584,98.230484,97.604
MIT,b1c43,345,98.45295,98.03037,96.49698,98.093735,97.66199
MIT,b1c43,346,98.433304,97.733955,96.87997,97.89005,97.648186
MIT,b1c43,347,98.429,97.97088,96.932236,96.956184,97.45342
MIT,b1c43,348,98.39201,98.1205,97.206505,98.33994,97.58845
MIT,b1c43,349,98.368546,98.06801,97.18393,98.26497,97.2509
MIT,b1c43,350,98.360016,97.8719,96.94933,96.751884,97.40075
MIT,b1c43,351,98.35433,98.13467,97.247185,98.37311,97.55582
MIT,b1c43,352,98.32696,98.01655,97.07213,98.331116,97.3405
MIT,b1c43,353,98.31456,97.21035,97.043785,97.65521,97.36288
MIT,b1c43,354,98.32499,97.2825,96.91307,97.27062,97.50983
MIT,b1c43,355,98.32272,97.268654,96.90997,97.74274,97.504166
MIT,b1c43,356,98.26177,97.94065,96.781876,97.07875,97.2144
MIT,b1c43,357,98.26508,97.28212,96.92776,97.653656,97.40952
MIT,b1c43,358,98.291084,97.99508,96.42515,96.82657,97.51235
MIT,b1c43,359,98.28094,97.93714,96.61105,96.91844,97.47081
MIT,b1c43,360,98.268654,97.231735,97.10869,97.60531,97.353355
MIT,b1c43,361,98.25067,97.11722,97.11555,97.394455,97.46548
MIT,b1c43,362,98.23937,97.07737,97.076324,97.39381,97.46656
MIT,b1c43,363,98.21667,97.05642,96.96477,97.41172,97.31103
MIT,b1c43,364,98.215935,97.9638,96.870544,97.85997,97.44278
MIT,b1c43,365,98.21581,97.51074,96.27207,97.71004,97.50231
MIT,b1c43,366,98.21941,97.68496,96.2089,97.63463,97.203094
MIT,b1c43,367,98.226944,98.39199,95.69158,98.157646,97.43433
MIT,b1c43,368,98.2229,98.10278,96.29352,96.86887,97.5721
MIT,b1c43,369,98.20694,98.54518,95.588165,97.98939,97.42915
MIT,b1c43,370,98.20028,98.579926,95.37293,98.08455,97.45713
MIT,b1c43,371,98.20312,98.63244,96.01498,98.30627,97.51759
MIT,b1c43,372,98.16494,97.92063,96.09804,98.155975,97.32084
MIT,b1c43,373,98.16421,97.63545,96.321846,97.99907,97.36114
MIT,b1c43,374,98.12257,97.35866,96.9525,98.040855,97.35225
MIT,b1c43,375,98.1112,97.88537,96.777664,97.059074,97.23958
MIT,b1c43,376,98.09089,97.07625,96.91462,97.35885,97.242294
MIT,b1c43,377,98.08229,97.77953,97.21379,98.20973,97.07915
MIT,b1c43,378,98.07408,97.64209,96.87943,96.54529,97.102295
MIT,b1c43,379,98.05675,97.3831,96.6574,95.86257,97.11766
MIT,b1c43,380,98.03808,97.68827,96.99226,96.794685,97.07464
MIT,b1c43,381,97.993324,96.92243,96.96407,97.31004,96.9559
MIT,b1c43,382,98.00994,96.93374,97.03386,97.369606,97.201385
MIT,b1c43,383,98.01102,97.02869,96.90976,97.45442,97.18362
MIT,b1c43,384,97.98194,97.68876,97.05016,97.33327,97.14515
MIT,b1c43,385,97.96942,97.54004,96.40104,96.05308,97.077126
MIT,b1c43,386,97.98757,97.91966,95.98304,97.33385,97.22197
MIT,b1c43,387,97.95542,97.95017,96.140625,97.235916,97.00426
MIT,b1c43,388,97.94693,97.10269,96.701256,97.60651,96.83585
MIT,b1c43,389,97.92501,96.939766,97.01075,97.5315,97.10885
MIT,b1c43,390,97.93136,97.55447,96.84372,96.4345,97.029816
MIT,b1c43,391,97.91137,96.80315,96.9232,97.44834,96.86168
MIT,b1c43,392,97.87976,96.89439,96.542915,97.369675,97.04798
MIT,b1c43,393,97.88586,97.68273,96.948586,97.13738,97.21657
MIT,b1c43,394,97.87315,97.374214,96.194954,97.77036,96.98824
MIT,b1c43,395,97.84779,97.4378,95.63919,97.257805,96.7166
MIT,b1c43,396,97.86895,98.3261,95.754974,97.821785,96.93606
MIT,b1c43,397,97.889915,97.79995,95.52892,97.32217,97.08244
MIT,b1c43,398,97.85226,97.741035,95.40583,97.50356,97.064224
MIT,b1c43,399,97.838684,98.4256,95.658,97.81153,97.05998
MIT,b1c43,400,97.83571,97.73666,95.94839,98.10959,97.032005
MIT,b1c43,401,97.80319,97.87516,96.41681,97.1696,96.63312
MIT,b1c43,402,97.78454,97.56182,96.1926,96.02242,96.895836
MIT,b1c43,403,97.73462,96.7724,96.87333,96.87145,96.89701
MIT,b1c43,404,97.75053,96.78986,96.78612,97.06891,96.9076
MIT,b1c43,405,97.71145,97.26764,96.62411,95.648384,97.01647
MIT,b1c43,406,97.70223,97.44225,97.19269,97.88242,96.81149
MIT,b1c43,407,97.68479,96.5825,96.85682,96.96748,96.910965
MIT,b1c43,408,97.64994,97.307785,96.36821,95.939384,96.874565
MIT,b1c43,409,97.65881,97.3447,97.07453,97.68389,96.83871
MIT,b1c43,410,97.643845,97.33455,96.90704,97.67071,96.86193
MIT,b1c43,411,97.63722,96.684944,96.47714,97.49585,96.75641
MIT,b1c43,412,97.62394,96.73623,96.33757,97.31209,96.79225
MIT,b1c43,413,97.60969,97.32294,96.01783,96.063225,96.90587
MIT,b1c43,414,97.583786,96.859604,96.1628,96.796196,96.6363
MIT,b1c43,415,97.56707,97.785225,95.71204,96.548325,96.67493
MIT,b1c43,416,97.5844,97.27688,96.6818,96.32917,96.554794
MIT,b1c43,417,97.57006,96.75974,96.79056,96.924904,96.69197
MIT,b1c43,418,97.528366,97.4947,96.16397,96.42882,96.6301
MIT,b1c43,419,97.51021,96.45164,96.930374,96.830345,96.597664
MIT,b1c43,420,97.47595,97.400116,96.272255,95.98285,96.7385
MIT,b1c43,421,97.47021,96.65538,96.24328,97.14805,96.82949
MIT,b1c43,422,97.45703,96.917915,96.03802,97.197044,96.62877
MIT,b1c43,423,97.46098,97.14978,96.31352,96.5519,96.70858
MIT,b1c43,424,97.459496,97.19716,95.64589,96.806076,96.53433
MIT,b1c43,425,97.44322,97.31076,95.45742,97.355156,96.52253
MIT,b1c43,426,97.4564,97.38998,95.51952,97.311165,96.55885
MIT,b1c43,427,97.433556,97.37204,95.56725,96.95123,96.67419
MIT,b1c43,428,97.402916,98.0499,95.681366,97.528206,96.56824
MIT,b1c43,429,97.386604,97.84915,95.723366,96.7027,96.6071
MIT,b1c43,430,97.3524,96.889435,96.91178,96.56203,96.45637
MIT,b1c43,431,97.31174,97.352585,96.081825,95.95325,95.99542
MIT,b1c43,432,97.28107,96.767784,96.86961,97.36525,96.34402
MIT,b1c43,433,97.2453,97.03293,96.39978,95.48959,96.185684
MIT,b1c43,434,97.245865,96.14348,96.91951,97.026474,96.370705
MIT,b1c43,435,97.19758,97.008415,96.2434,94.94985,96.05349
MIT,b1c43,436,97.219536,97.10036,96.43996,95.766045,96.3035
MIT,b1c43,437,97.20243,96.098305,96.75718,96.525696,96.31749
MIT,b1c43,438,97.18818,96.07143,96.73689,96.313774,96.14428
MIT,b1c43,439,97.15188,96.953354,95.93604,95.56994,96.141846
MIT,b1c43,440,97.15772,96.90905,96.21209,95.39377,96.24723
MIT,b1c43,441,97.12848,96.129524,96.75378,96.43976,96.28328
MIT,b1c43,442,97.10563,97.23357,95.74496,95.33652,95.917244
MIT,b1c43,443,97.07022,96.37947,96.297005,96.73298,95.92864
MIT,b1c43,444,97.07266,97.17276,95.662,96.21719,96.00306
MIT,b1c43,445,97.04897,97.25832,96.328674,95.73153,95.91328
MIT,b1c43,446,97.02552,96.05699,96.81766,96.49881,95.82912
MIT,b1c43,447,96.99302,96.84242,96.653854,96.03436,95.98377
MIT,b1c43,448,96.980415,96.495636,97.09463,97.77101,96.00949
MIT,b1c43,449,96.95368,96.4664,96.917145,97.17351,96.10546
MIT,b1c43,450,96.95289,96.11479,96.32825,96.3949,95.95175
MIT,b1c43,451,96.91997,96.39295,96.759155,96.36332,95.71305
MIT,b1c43,452,96.91996,96.36196,96.05958,96.402405,95.60755
MIT,b1c43,453,96.89715,97.46249,95.61966,96.002235,95.81984
MIT,b1c43,454,96.86937,96.30988,96.26674,96.07333,95.55398
MIT,b1c43,455,96.87268,96.54571,95.85975,96.55984,95.5167
MIT,b1c43,456,96.83898,96.32303,96.281654,95.99097,95.886955
MIT,b1c43,457,96.82287,97.52091,95.61196,96.27713,95.73084
MIT,b1c43,458,96.80685,96.32641,95.93962,96.23729,95.87561
MIT,b1c43,459,96.769615,97.11137,95.79367,95.34369,95.640045
MIT,b1c43,460,96.74692,95.89014,96.71473,96.391846,95.88229
MIT,b1c43,461,96.7024,96.836555,96.829155,95.07604,95.78674
MIT,b1c43,462,96.66521,95.59827,96.81401,96.25693,95.56165
MIT,b1c43,463,96.64155,96.73095,96.50042,95.10797,95.61959
MIT,b1c43,464,96.61097,95.92678,97.055504,97.50185,95.72906
MIT,b1c43,465,96.56736,95.42906,96.617775,95.86041,95.661194
MIT,b1c43,466,96.54695,96.75834,96.39385,94.93738,95.67514
MIT,b1c43,467,96.55094,95.33324,96.82672,95.817924,95.78503
MIT,b1c43,468,96.51977,95.40478,96.75587,95.83858,95.17978
MIT,b1c43,469,96.47202,95.22576,96.81309,95.735466,95.359566
MIT,b1c43,470,96.463905,95.19506,96.9847,96.000755,95.65442
MIT,b1c43,471,96.43316,96.4519,96.58019,95.17947,95.70537
MIT,b1c43,472,96.42138,96.441826,96.535286,95.596985,95.732574
MIT,b1c43,473,96.37687,95.04134,97.01958,95.75153,95.41135
MIT,b1c43,474,96.357994,95.10816,96.83375,95.57723,95.61839
MIT,b1c43,475,96.326904,96.34386,96.81985,94.51291,95.37835
MIT,b1c43,476,96.31025,96.34526,96.92278,95.384026,95.43342
MIT,b1c43,477,96.27348,96.29886,96.90148,95.08879,95.559235
MIT,b1c43,478,96.24437,96.36238,96.29179,95.22855,95.50281
MIT,b1c43,479,96.21821,96.47972,95.94587,94.91635,95.55396
MIT,b1c43,480,96.21101,95.77098,95.962234,95.94265,95.43775
MIT,b1c43,481,96.199646,97.19258,95.162964,96.12294,95.30553
MIT,b1c43,482,96.16885,96.20909,95.089516,95.78468,95.48234
MIT,b1c43,483,96.145546,96.311195,95.11785,95.761696,95.32099
MIT,b1c43,484,96.127426,95.27106,95.27295,93.70242,94.99888
MIT,b1c43,485,96.1092,97.34274,94.99958,96.39869,95.02992
MIT,b1c43,486,96.06906,96.45076,95.4745,95.15547,94.89835
MIT,b1c43,487,96.06328,96.31582,95.51669,95.894196,95.4054
MIT,b1c43,488,95.99256,95.77016,96.01322,95.972336,95.18846
MIT,b1c43,489,95.93778,96.65959,95.80955,95.434616,94.743256
MIT,b1c43,490,95.880165,95.1803,96.84163,95.89556,94.87495
MIT,b1c43,491,95.84789,94.912766,96.86108,95.466415,94.797874
MIT,b1c43,492,95.810776,94.807686,96.69483,95.30036,94.79275
MIT,b1c43,493,95.74613,94.57726,96.84286,95.1405,94.76623
MIT,b1c43,494,95.72533,94.57004,97.48771,94.48894,95.07652
MIT,b1c43,495,95.6309,94.75748,97.19939,94.23382,94.58394
MIT,b1c43,496,95.54366,91.81238,97.75198,92.956535,95.013275
MIT,b1c43,497,95.334305,90.94622,90.047554,92.14321,94.88966
MIT,b1c43,498,95.37282,92.977455,97.33173,95.734085,94.80029
MIT,b1c43,499,95.38078,91.18025,97.481186,92.47653,94.64072
MIT,b1c43,500,95.42793,94.96029,96.82509,93.93122,94.391
MIT,b1c43,501,95.33246,94.41861,97.44517,94.231316,94.37306
MIT,b1c43,502,95.28855,92.4917,97.38897,94.4818,94.24926
MIT,b1c43,503,95.21552,92.434235,97.436806,94.43837,94.17122
MIT,b1c43,504,95.18395,94.637726,97.479324,96.32533,94.166435
MIT,b1c43,505,95.15801,94.28602,97.3433,94.09785,94.0107
MIT,b1c43,506,95.104515,93.98302,97.250656,93.31471,94.09188
MIT,b1c43,507,95.05246,92.32201,97.273476,94.33164,93.98601
MIT,b1c43,508,94.994125,92.34607,97.44859,94.26736,94.0252
MIT,b1c43,509,94.95406,92.532074,97.433945,94.66282,94.02807
MIT,b1c43,510,94.906654,94.23988,96.734795,93.22174,93.81408
MIT,b1c43,511,94.875885,92.79982,97.205795,94.48859,94.02934
MIT,b1c43,512,94.82869,92.913734,97.263,94.48327,93.847
MIT,b1c43,513,94.7875,94.45918,96.75351,92.659615,93.65174
MIT,b1c43,514,94.74323,94.35267,97.22354,95.76183,93.563484
MIT,b1c43,515,94.69243,94.21065,97.21141,95.127335,93.64051
MIT,b1c43,516,94.636734,92.95985,97.325386,94.13524,93.497345
MIT,b1c43,517,94.56949,92.58611,97.371124,94.15802,93.53993
MIT,b1c43,518,94.47637,92.095985,97.43691,93.88951,93.58493
MIT,b1c43,519,94.41917,91.86426,97.48139,93.55474,93.55211
MIT,b1c43,520,94.36125,93.85287,97.41803,96.154045,93.36942
MIT,b1c43,521,94.28806,93.946014,97.53503,95.56283,93.25338
MIT,b1c43,522,94.23302,91.68723,97.468864,94.0521,93.2034
MIT,b1c43,523,94.17028,91.64099,97.47648,94.112915,93.11381
MIT,b1c43,524,94.10175,91.552414,97.38073,93.40589,92.93365
MIT,b1c43,525,94.03391,91.51574,97.39835,93.77527,93.09636
MIT,b1c43,526,93.96227,91.50102,97.2956,93.67372,92.921455
MIT,b1c43,527,93.87874,92.99741,97.342804,92.84646,92.88063
MIT,b1c43,528,93.81716,92.86658,96.74865,91.81636,92.80286
MIT,b1c43,529,93.73111,93.46583,97.40135,95.17365,92.70617
MIT,b1c43,530,93.66707,93.14322,96.985176,92.46313,92.565285
MIT,b1c43,531,93.60103,91.46248,97.295876,93.878395,92.610855
MIT,b1c43,532,93.530205,93.48248,97.46447,94.74736,92.466095
MIT,b1c43,533,93.45396,93.40062,97.41403,94.92433,92.471634
MIT,b1c43,534,93.36422,91.14682,97.423775,93.18627,92.35385
MIT,b1c43,535,93.28112,92.73204,97.159294,91.98267,92.357544
MIT,b1c43,536,93.2064,93.246155,97.37267,94.483406,92.243546
MIT,b1c43,537,93.10567,90.93846,97.31371,93.09216,92.110855
MIT,b1c43,538,93.03122,90.96255,97.34744,92.88706,92.0623
MIT,b1c43,539,92.92894,92.73416,96.97416,91.77626,91.83147
MIT,b1c43,540,92.875015,92.742714,97.308174,91.44645,92.00144
MIT,b1c43,541,92.78611,91.248055,97.3605,92.71202,91.83543
MIT,b1c43,542,92.70056,91.243904,97.31583,92.76971,91.799805
MIT,b1c43,543,92.62374,92.82166,96.42364,91.42211,91.71772
MIT,b1c43,544,92.53423,93.05843,97.40705,94.29373,91.702866
MIT,b1c43,545,92.454414,92.833405,97.35027,94.475,91.573
MIT,b1c43,546,92.36092,92.19387,96.8342,91.78711,91.59365
MIT,b1c43,547,92.24637,90.47407,97.481735,92.28656,91.43649
MIT,b1c43,548,92.13648,90.36495,97.50851,92.13376,91.41719
MIT,b1c43,549,92.06276,90.28705,97.4404,92.17148,91.270515
MIT,b1c43,550,91.96012,90.2222,97.11448,91.540634,91.11196
MIT,b1c43,551,91.86305,90.18266,97.419014,91.596275,90.8677
MIT,b1c43,552,91.77354,90.125275,97.55025,91.74722,90.93724
MIT,b1c43,553,91.67554,90.02218,97.27653,91.28307,90.803505
MIT,b1c43,554,91.5983,91.38059,97.17068,90.31044,90.97386
MIT,b1c43,555,91.50932,91.3804,97.117516,90.65781,90.78401
MIT,b1c43,556,91.42115,89.78175,97.31316,90.92408,90.61026
MIT,b1c43,557,91.301994,91.77512,97.43535,92.70223,90.22179
MIT,b1c43,558,91.23864,91.2088,97.16624,90.21468,90.51147
MIT,b1c43,559,91.14815,91.94803,97.42393,92.3662,90.41525
MIT,b1c43,560,91.06248,91.843155,97.42762,92.54671,90.2759
MIT,b1c43,561,90.97333,89.71239,96.91396,91.37522,90.18116
MIT,b1c43,562,90.904045,89.78102,97.43155,91.70837,90.22194
MIT,b1c43,563,90.7989,89.60638,97.35927,91.331215,89.82869
MIT,b1c43,564,90.70223,89.393326,97.3932,90.7347,89.798325
MIT,b1c43,565,90.626976,90.826004,97.151474,89.99025,89.94764
MIT,b1c43,566,90.520584,91.42134,97.3466,91.97041,89.74296
MIT,b1c43,567,90.44979,89.388794,97.39871,91.29059,89.62415
MIT,b1c43,568,90.36563,90.50553,96.64454,89.44885,89.71993
MIT,b1c43,569,90.259,89.35453,97.28431,90.61836,89.0222
MIT,b1c43,570,90.19763,89.62938,97.40639,90.98822,89.3397
MIT,b1c43,571,90.1287,91.46036,97.336945,91.210365,89.270004
MIT,b1c43,572,90.04873,89.92731,97.22865,90.3984,89.15012
MIT,b1c43,573,89.966064,91.227646,97.204704,91.37889,88.86936
MIT,b1c43,574,89.89055,89.94566,97.073524,90.964355,88.938675
MIT,b1c43,575,89.79351,91.19008,96.33043,88.92837,88.777794
MIT,b1c43,576,89.71375,89.891655,97.07759,90.323715,88.69367
MIT,b1c43,577,89.6332,89.760956,97.238014,90.13185,88.69759
MIT,b1c43,578,89.52497,90.8492,97.415825,90.87802,88.3737
MIT,b1c43,579,89.42288,88.87593,97.48419,90.20528,88.553535
MIT,b1c43,580,89.32955,88.66999,97.26358,90.45925,88.46114
MIT,b1c43,581,89.23214,88.57973,97.36447,90.09771,88.48414
MIT,b1c43,582,89.1358,88.441505,97.10458,89.91033,88.11455
MIT,b1c43,583,89.05877,88.39198,97.42784,90.24821,88.12147
MIT,b1c43,584,88.95492,88.26828,96.913734,89.46191,87.99567
MIT,b1c43,585,88.87001,90.42586,97.3318,90.722755,87.790245
MIT,b1c43,586,88.77486,89.56664,97.132195,88.810326,88.03167
MIT,b1c43,587,88.66745,88.14129,97.5079,89.72706,87.53745
MIT,b1c43,588,88.58709,88.10781,97.36141,89.8105,87.58618
MIT,b1c43,589,88.48614,90.234695,97.46845,89.97993,87.38025
MIT,b1c43,590,88.39611,87.96623,97.45984,89.71378,87.27015
MIT,b1c43,591,88.30505,90.17353,97.29379,90.01566,87.13226
MIT,b1c43,592,88.19988,90.06077,97.269485,90.12547,87.08981
MIT,b1c43,593,88.120026,87.892105,97.43168,89.915985,87.26005
MIT,b1c43,594,88.01137,89.22348,97.27005,88.43513,86.920364
MIT,b1c43,595,87.93136,88.941605,97.19992,87.85785,87.021935
MIT,b1c43,596,87.84702,87.7257,97.13036,89.40222,86.88858
MIT,b1c43,597,87.753296,87.639496,97.334,89.3287,86.87446
MIT,b1c43,598,87.64961,87.57812,97.377144,88.823685,86.70863
MIT,b1c43,599,87.54624,88.84667,97.14925,87.52562,86.778946
MIT,b1c43,600,87.44615,87.43734,97.2773,88.81102,86.638435
MIT,b1c43,601,87.35429,89.53693,97.355865,89.18704,86.63401
MIT,b1c43,602,87.28481,87.811806,97.16557,89.03706,86.43916
MIT,b1c43,603,87.18697,87.876595,97.27898,88.61253,86.42844
MIT,b1c43,604,87.08574,89.513306,97.36587,88.73178,86.432724
MIT,b1c43,605,86.97103,87.618195,97.245346,87.68875,86.31354
MIT,b1c43,606,86.90058,89.1102,97.13743,87.19563,86.37292
MIT,b1c43,607,86.78897,87.53368,97.40697,87.92749,86.3046
MIT,b1c43,608,86.706085,87.538246,97.39518,88.23328,86.72162
MIT,b1c43,609,86.602,87.11581,97.3311,87.63875,85.907845
MIT,b1c43,610,86.48021,88.862526,97.26789,88.1739,85.6217
MIT,b1c43,611,86.389275,86.81427,97.26299,87.96722,85.57156
MIT,b1c43,612,86.282715,86.70026,97.09416,87.53747,85.596176
MIT,b1c43,613,86.17676,86.59825,97.247536,87.423065,85.0553
MIT,b1c43,614,86.083145,88.73045,97.151306,88.36711,85.632385
MIT,b1c43,615,85.98096,88.76499,97.42852,88.0495,85.081604
MIT,b1c43,616,85.871155,87.805435,97.09835,86.33179,84.86934
MIT,b1c43,617,85.7731,86.234436,97.29241,86.44731,84.869576
MIT,b1c43,618,85.6779,86.201744,97.27673,86.624664,84.787895
MIT,b1c43,619,85.588036,86.150696,96.819305,86.606285,84.75891
MIT,b1c43,620,85.480515,86.00336,97.10238,86.2301,84.762215
MIT,b1c43,621,85.38264,85.90132,97.04982,85.920334,84.36208
MIT,b1c43,622,85.28176,88.02273,97.09338,87.599335,84.36394
MIT,b1c43,623,85.180176,85.812935,96.638145,85.89298,84.20638
MIT,b1c43,624,85.05308,85.55124,97.126175,85.640015,84.19222
MIT,b1c43,625,84.96868,85.689514,97.05372,86.08541,83.948044
MIT,b1c43,626,84.859215,85.568375,97.00098,85.45222,83.971695
MIT,b1c43,627,84.758125,85.53577,96.80608,85.07411,84.02647
MIT,b1c43,628,84.65685,85.4487,97.40848,85.689926,83.97827
MIT,b1c43,629,84.55531,85.41006,96.87543,85.29863,83.850746
MIT,b1c43,630,84.44081,85.25886,96.87132,85.40932,83.82155
MIT,b1c43,631,84.32095,84.91816,96.66939,84.2589,83.693184
MIT,b1c43,632,84.21483,84.85024,97.159874,84.59244,83.33271
MIT,b1c43,633,84.112595,87.28673,96.87153,86.7349,83.26745
MIT,b1c43,634,83.99178,86.89768,96.41699,84.52505,83.25911
MIT,b1c43,635,83.89193,84.48804,96.34521,84.54781,83.02953
MIT,b1c43,636,83.785225,84.37066,96.884026,84.038155,83.0145
MIT,b1c43,637,83.68192,84.26722,96.39077,84.29309,82.79138
MIT,b1c43,638,83.57104,83.967125,96.22136,84.1801,82.723
MIT,b1c43,639,83.48501,84.43674,95.19408,84.38577,82.58117
MIT,b1c43,640,83.34294,83.22436,96.00119,83.9888,82.61299
MIT,b1c43,641,83.25999,86.7429,96.72597,86.63136,82.5298
MIT,b1c43,642,83.12708,82.48491,87.81556,83.45181,82.52733
MIT,b1c43,643,83.028366,82.97071,96.9642,83.934715,82.18624
MIT,b1c43,644,82.88786,81.263176,96.217125,83.53813,82.07628
MIT,b1c43,645,82.77876,80.85681,97.193275,83.45439,82.058624
MIT,b1c43,646,82.68397,81.14631,89.796455,82.91922,81.82586
MIT,b1c43,647,82.5589,86.20378,96.46126,86.18803,81.8016
MIT,b1c43,648,82.42626,79.41029,86.05089,83.04146,81.73134
MIT,b1c43,649,82.33152,86.122025,96.07557,85.73267,81.58767
MIT,b2c44,1,99.86711,100.03928,97.78642,100.26747,99.88477
MIT,b2c44,2,100.0,100.020485,97.77582,100.152374,100.02638
MIT,b2c44,3,100.062325,99.87395,97.75754,100.10869,100.02782
MIT,b2c44,4,100.139435,99.88097,97.776436,100.06848,100.16837
MIT,b2c44,5,100.139015,99.56567,97.79819,100.051285,100.181526
MIT,b2c44,6,100.159096,100.01217,97.76599,100.17865,100.17662
MIT,b2c44,7,100.18654,100.039474,97.787506,100.14436,100.11616
MIT,b2c44,8,100.19673,100.02489,97.791664,100.11028,100.16888
MIT,b2c44,9,100.20652,99.87017,97.779465,99.56353,100.176895
MIT,b2c44,10,100.23399,100.16581,97.80856,100.0916,100.18938
MIT,b2c44,11,100.249504,100.15938,97.8149,100.227615,100.08085
MIT,b2c44,12,100.281654,99.87164,97.74518,99.89756,100.21625
MIT,b2c44,13,100.300415,100.046104,97.775116,100.18992,100.178986
MIT,b2c44,14,100.308914,99.60719,97.7794,100.08994,100.18189
MIT,b2c44,15,100.34287,99.64233,97.76539,99.97651,100.195175
MIT,b2c44,16,100.343315,100.05725,97.75977,100.13434,100.16787
MIT,b2c44,17,100.34863,100.0973,97.757324,100.467766,100.1776
MIT,b2c44,18,100.36256,100.07974,97.754585,100.04206,100.23253
MIT,b2c44,19,100.35941,99.861145,97.73186,100.019135,100.189255
MIT,b2c44,20,100.357315,100.03074,97.752304,100.110435,100.2019
MIT,b2c44,21,100.38887,99.60659,97.73622,100.032814,100.229866
MIT,b2c44,22,100.36937,100.03001,97.770935,100.01426,100.19178
MIT,b2c44,23,100.35692,100.0496,97.788284,100.11264,100.17816
MIT,b2c44,24,100.384,99.86884,97.738884,100.03971,100.187386
MIT,b2c44,25,100.37695,100.05558,97.772484,100.11627,100.20235
MIT,b2c44,26,100.38895,100.06233,97.76678,100.05346,100.232704
MIT,b2c44,27,100.410805,100.06053,97.75256,100.1555,100.2022
MIT,b2c44,28,100.39394,99.99413,97.749405,100.09721,100.215866
MIT,b2c44,29,100.37917,100.06495,97.74471,100.148094,100.215195
MIT,b2c44,30,100.39622,100.0494,97.750725,100.13004,100.23502
MIT,b2c44,31,100.38972,100.02732,97.768196,100.09936,100.2075
MIT,b2c44,32,100.38882,99.87533,97.70521,99.81613,100.21019
MIT,b2c44,33,100.40257,99.87543,97.756454,99.628426,100.21101
MIT,b2c44,34,100.40004,99.87593,97.72465,99.47236,100.22406
MIT,b2c44,35,100.400406,100.04519,97.74619,100.06795,100.20525
MIT,b2c44,36,100.42318,99.86995,97.74945,100.051125,100.21243
MIT,b2c44,37,100.42347,99.83309,97.71813,100.20276,100.20536
MIT,b2c44,38,100.44163,99.891655,97.734764,99.99365,100.22186
MIT,b2c44,39,100.43291,100.062,97.75983,100.03134,100.21432
MIT,b2c44,40,100.438896,100.0398,97.76676,100.08042,100.19596
MIT,b2c44,41,100.45459,100.0614,97.744484,100.01107,100.19884
MIT,b2c44,42,100.43887,99.85194,97.751884,99.87311,100.20427
MIT,b2c44,43,100.429474,100.03254,97.708015,100.07746,100.2035
MIT,b2c44,44,100.45262,99.8896,97.68614,99.53745,100.21824
MIT,b2c44,45,100.4244,100.0316,97.71215,100.03235,100.192924
MIT,b2c44,46,100.414246,100.048386,97.72613,100.05174,100.216606
MIT,b2c44,47,100.43623,100.0186,97.73577,100.08078,100.220245
MIT,b2c44,48,100.42172,99.778366,97.74321,99.76225,100.176315
MIT,b2c44,49,100.41861,100.007454,97.72823,99.81303,100.20968
MIT,b2c44,50,100.446915,99.88786,97.68559,99.790405,100.19027
MIT,b2c44,51,100.4444,99.38661,97.6749,99.72314,100.17586
MIT,b2c44,52,100.42947,100.02027,97.67856,100.01813,100.20583
MIT,b2c44,53,100.42863,99.89148,97.700836,99.21684,100.18461
MIT,b2c44,54,100.42153,100.001045,97.73551,100.0263,100.208786
MIT,b2c44,55,100.43221,99.89224,97.714294,99.53309,100.189255
MIT,b2c44,56,100.42008,99.97288,97.720245,100.02809,100.19575
MIT,b2c44,57,100.397804,99.975266,97.72055,100.032585,100.169365
MIT,b2c44,58,100.425735,100.0217,97.71842,100.044044,100.17561
MIT,b2c44,59,100.42348,99.97244,97.75521,100.089584,100.15673
MIT,b2c44,60,100.429985,99.68136,97.74017,99.95502,100.185875
MIT,b2c44,61,100.46074,100.016075,97.70587,99.978905,100.18693
MIT,b2c44,62,100.44079,99.9814,97.72003,100.196014,100.13945
MIT,b2c44,63,100.428085,99.97486,97.673996,99.94766,100.16148
MIT,b2c44,64,100.45758,99.351265,97.6738,99.71247,100.17326
MIT,b2c44,65,100.43328,99.99648,97.71518,99.99091,100.158394
MIT,b2c44,66,100.44084,99.984604,97.68003,99.93568,100.10163
MIT,b2c44,67,100.45597,99.998955,97.69122,100.124115,100.17879
MIT,b2c44,68,100.44297,99.98045,97.67799,99.963196,100.178276
MIT,b2c44,69,100.42388,99.23472,97.64661,99.75942,100.17286
MIT,b2c44,70,100.4371,99.88247,97.678154,99.44724,100.14415
MIT,b2c44,71,100.42114,99.975945,97.685715,99.98249,100.153114
MIT,b2c44,72,100.415016,99.99238,97.69666,99.96294,100.12225
MIT,b2c44,73,100.42755,99.61236,97.73268,99.3558,100.15565
MIT,b2c44,74,100.434875,99.854576,97.65177,99.228065,100.15202
MIT,b2c44,75,100.44671,99.26694,97.6248,99.185974,100.16174
MIT,b2c44,76,100.436714,99.95844,97.69166,99.88088,100.087715
MIT,b2c44,77,100.42057,99.80749,97.64922,99.203415,100.117165
MIT,b2c44,78,100.4216,99.97337,97.695145,99.941864,100.16904
MIT,b2c44,79,100.40482,99.82947,97.66851,99.569496,100.14646
MIT,b2c44,80,100.395805,99.95754,97.68701,100.00568,100.11265
MIT,b2c44,81,100.41362,99.95858,97.69687,99.93588,100.10341
MIT,b2c44,82,100.39232,99.92755,97.6921,99.96434,100.07412
MIT,b2c44,83,100.382195,99.93089,97.70512,99.989334,100.13773
MIT,b2c44,84,100.42672,99.977554,97.67731,99.96924,100.14987
MIT,b2c44,85,100.41439,99.84116,97.67646,99.43362,100.16429
MIT,b2c44,86,100.42898,99.76906,97.52692,98.95855,100.111145
MIT,b2c44,87,100.42653,98.86602,97.6018,98.93057,100.034615
MIT,b2c44,88,100.41013,99.929276,97.60822,99.97297,100.07599
MIT,b2c44,89,100.379196,99.98177,97.6087,99.98303,100.09114
MIT,b2c44,90,100.40426,99.946236,97.638466,99.88525,99.95095
MIT,b2c44,91,100.38733,98.8995,97.678825,99.166664,100.07271
MIT,b2c44,92,100.40916,99.96055,97.6324,99.898636,100.11778
MIT,b2c44,93,100.39973,99.92639,97.64989,99.88809,100.10705
MIT,b2c44,94,100.39551,99.91617,97.640076,99.91614,100.11001
MIT,b2c44,95,100.397896,99.94887,97.64736,99.87794,100.13663
MIT,b2c44,96,100.37889,99.900475,97.69307,99.93435,100.094734
MIT,b2c44,97,100.38463,99.88649,97.58537,99.9328,100.10634
MIT,b2c44,98,100.39824,99.91739,97.614006,99.84644,100.0983
MIT,b2c44,99,100.377495,99.32006,97.62681,99.338135,100.0026
MIT,b2c44,100,100.35805,98.74036,97.58434,99.36165,100.10185
MIT,b2c44,101,100.38212,99.77668,97.61186,99.0903,100.0336
MIT,b2c44,102,100.35417,99.891266,97.65339,99.90503,100.09314
MIT,b2c44,103,100.353546,99.86956,97.583565,99.95372,99.96824
MIT,b2c44,104,100.35367,99.26643,97.663704,98.8687,99.99891
MIT,b2c44,105,100.336525,99.87088,97.615555,99.8899,99.97954
MIT,b2c44,106,100.325,99.345055,97.59722,99.365036,99.98836
MIT,b2c44,107,100.346725,99.87116,97.64995,100.00172,100.00624
MIT,b2c44,108,100.3517,99.8679,97.56488,99.888824,99.98237
MIT,b2c44,109,100.33397,99.920395,97.46098,99.87056,100.00922
MIT,b2c44,110,100.34466,99.90455,97.6046,99.95236,99.96904
MIT,b2c44,111,100.34306,99.36046,97.64995,98.83605,99.97844
MIT,b2c44,112,100.37192,99.74263,97.5174,98.73184,99.95487
MIT,b2c44,113,100.35237,99.853355,97.57279,99.889565,99.97221
MIT,b2c44,114,100.33521,99.77574,97.482635,99.82343,99.95931
MIT,b2c44,115,100.33383,99.26969,97.5733,99.11804,100.00383
MIT,b2c44,116,100.31778,99.85722,97.5737,99.86564,99.954865
MIT,b2c44,117,100.30659,99.86041,97.58838,99.8759,99.94329
MIT,b2c44,118,100.33157,99.1762,97.609924,99.18204,99.94391
MIT,b2c44,119,100.299965,99.16337,97.655685,98.833466,99.910095
MIT,b2c44,120,100.29268,99.744965,97.58905,99.805916,99.92714
MIT,b2c44,121,100.31294,99.79193,97.60021,99.86564,99.97043
MIT,b2c44,122,100.2928,99.68292,97.53057,98.92386,99.90281
MIT,b2c44,123,100.29155,99.7314,97.40478,99.87331,99.877594
MIT,b2c44,124,100.30063,99.122185,97.57758,99.25531,99.95199
MIT,b2c44,125,100.256424,99.63803,97.55502,99.89531,99.88971
MIT,b2c44,126,100.2425,99.79707,97.55368,99.879395,99.90216
MIT,b2c44,127,100.25779,99.726326,97.615005,99.8549,99.83408
MIT,b2c44,128,100.254196,98.00751,97.43268,98.47684,99.83147
MIT,b2c44,129,100.26252,99.10221,97.57849,98.97026,99.90774
MIT,b2c44,130,100.25202,99.61367,97.57774,99.80263,99.88774
MIT,b2c44,131,100.24566,98.82791,97.58591,98.686325,99.87116
MIT,b2c44,132,100.26345,99.838776,97.55497,99.663086,99.90644
MIT,b2c44,133,100.25923,99.633354,97.511566,99.775154,99.845474
MIT,b2c44,134,100.24491,99.561485,97.41804,99.79107,99.86149
MIT,b2c44,135,100.25547,99.698875,97.49115,99.72822,99.90804
MIT,b2c44,136,100.23443,98.94375,97.56067,99.13865,99.85863
MIT,b2c44,137,100.21374,99.63697,97.553345,99.80581,99.84751
MIT,b2c44,138,100.23892,99.67325,97.46761,99.72858,99.865746
MIT,b2c44,139,100.215965,99.618324,97.46839,99.26179,99.805214
MIT,b2c44,140,100.21337,99.042435,97.472,99.301125,99.75545
MIT,b2c44,141,100.21334,99.59711,97.48777,99.81715,99.80814
MIT,b2c44,142,100.18745,99.56125,97.23563,98.0208,99.762215
MIT,b2c44,143,100.18498,99.569046,97.34703,98.400024,99.752625
MIT,b2c44,144,100.19533,99.55579,97.55422,99.82585,99.65316
MIT,b2c44,145,100.16892,99.47231,97.4795,99.834465,99.74777
MIT,b2c44,146,100.15255,98.80645,97.48444,99.08758,99.78417
MIT,b2c44,147,100.166565,97.61767,97.45755,98.20702,99.758575
MIT,b2c44,148,100.15905,97.498695,97.11957,98.1711,99.735146
MIT,b2c44,149,100.14935,99.5171,97.488075,99.482864,99.82105
MIT,b2c44,150,100.1327,99.44719,97.53262,99.69176,99.64328
MIT,b2c44,151,100.13519,99.28619,97.51136,99.82292,99.6622
MIT,b2c44,152,100.13315,98.69359,97.551155,98.80542,99.734924
MIT,b2c44,153,100.12251,99.338264,97.533356,99.78015,99.58678
MIT,b2c44,154,100.11216,98.41375,97.4964,98.76044,99.66599
MIT,b2c44,155,100.12996,98.64979,97.558304,98.56191,99.63447
MIT,b2c44,156,100.12195,98.67695,97.53849,98.85906,99.65554
MIT,b2c44,157,100.10925,97.29235,97.13028,98.07344,99.617424
MIT,b2c44,158,100.12688,98.6367,97.50827,99.0053,99.619026
MIT,b2c44,159,100.10259,98.58157,97.39405,99.00123,99.45216
MIT,b2c44,160,100.088844,99.3685,97.3299,99.620514,99.63548
MIT,b2c44,161,100.09604,98.66067,97.55552,98.83894,99.48042
MIT,b2c44,162,100.07965,99.29316,97.44099,99.61405,99.64825
MIT,b2c44,163,100.06702,98.40799,97.3646,98.92253,99.60196
MIT,b2c44,164,100.06752,98.5702,97.462,99.00584,99.59851
MIT,b2c44,165,100.05714,99.10814,97.3675,99.56824,99.51949
MIT,b2c44,166,100.047424,99.38767,97.44353,99.776215,99.29445
MIT,b2c44,167,100.04253,99.199875,97.37564,98.483284,99.393166
MIT,b2c44,168,100.02973,98.25162,97.29042,98.695366,99.52908
MIT,b2c44,169,100.0369,99.36314,97.42615,99.04899,99.54927
MIT,b2c44,170,100.02269,98.424225,97.45939,98.99745,99.442894
MIT,b2c44,171,100.015396,99.22574,97.3735,99.69927,99.40657
MIT,b2c44,172,100.03692,99.18155,97.26091,98.35215,99.38066
MIT,b2c44,173,99.9946,98.9616,97.22051,98.17895,99.35795
MIT,b2c44,174,99.97732,99.08611,97.397644,99.73508,99.39919
MIT,b2c44,175,99.98879,99.0288,97.28616,99.14566,99.37057
MIT,b2c44,176,99.96741,99.02751,97.3361,99.396545,99.31261
MIT,b2c44,177,99.96756,99.00686,97.426575,99.455444,99.28108
MIT,b2c44,178,99.96625,98.798035,97.26015,98.22598,99.3726
MIT,b2c44,179,99.94902,98.87167,97.33205,99.45277,99.33064
MIT,b2c44,180,99.93705,98.972115,97.23167,99.80226,99.416954
MIT,b2c44,181,99.94946,98.99728,97.23591,99.22624,99.16193
MIT,b2c44,182,99.93272,98.053314,97.293724,98.88357,99.159355
MIT,b2c44,183,99.92194,98.975975,96.61338,98.176,99.17927
MIT,b2c44,184,99.91987,98.844025,97.15247,99.247986,99.23758
MIT,b2c44,185,99.898705,97.880775,97.18816,98.78979,99.297585
MIT,b2c44,186,99.893265,98.969894,96.503456,98.19897,99.28196
MIT,b2c44,187,99.88743,98.90565,97.29198,99.22615,99.23359
MIT,b2c44,188,99.8821,98.16927,97.42294,98.85519,99.06042
MIT,b2c44,189,99.8894,98.951004,97.33598,99.21227,99.15875
MIT,b2c44,190,99.85438,97.89298,97.27165,98.77906,99.31512
MIT,b2c44,191,99.82942,98.70776,97.210075,99.22006,99.19556
MIT,b2c44,192,99.842636,96.68078,97.06598,97.70599,99.2868
MIT,b2c44,193,99.823586,98.77382,97.35303,99.496376,99.28866
MIT,b2c44,194,99.82341,98.7245,96.522995,98.467125,99.26709
MIT,b2c44,195,99.83103,98.736115,97.30394,99.27818,99.09914
MIT,b2c44,196,99.81476,98.616264,97.20545,99.22508,99.18688
MIT,b2c44,197,99.77318,98.41737,95.90583,97.56959,99.241394
MIT,b2c44,198,99.780136,97.782616,97.35068,98.70763,99.25765
MIT,b2c44,199,99.76041,98.51597,97.18177,99.583984,99.28205
MIT,b2c44,200,99.74427,97.97381,97.0282,98.60927,99.1489
MIT,b2c44,201,99.73986,98.337234,97.07542,98.87887,99.203415
MIT,b2c44,202,99.7199,96.26785,95.905426,97.524796,99.11552
MIT,b2c44,203,99.71961,98.75604,97.20301,99.30291,99.08988
MIT,b2c44,204,99.72157,97.872345,97.226135,98.81926,99.03486
MIT,b2c44,205,99.71387,98.57254,97.23187,99.185555,99.01877
MIT,b2c44,206,99.72835,97.79943,97.326996,98.736694,99.04315
MIT,b2c44,207,99.69666,98.27404,95.91568,98.296326,98.95776
MIT,b2c44,208,99.67938,98.39049,95.99277,97.89412,98.86174
MIT,b2c44,209,99.695114,96.50585,96.32084,96.844154,98.8797
MIT,b2c44,210,99.67066,98.415474,97.04591,98.73839,98.83143
MIT,b2c44,211,99.66943,98.05499,95.848915,97.59755,98.80711
MIT,b2c44,212,99.65973,98.17498,95.90067,97.69559,98.84226
MIT,b2c44,213,99.62985,98.06799,96.509384,98.263176,98.767654
MIT,b2c44,214,99.59522,98.35615,97.14042,98.93603,98.89659
MIT,b2c44,215,99.60014,98.17713,97.2069,98.22088,98.738144
MIT,b2c44,216,99.56923,98.11196,97.14953,98.96118,98.751465
MIT,b2c44,217,99.559204,97.70634,96.80365,98.7945,98.77266
MIT,b2c44,218,99.56055,97.99726,96.30517,97.97217,98.80444
MIT,b2c44,219,99.5443,98.13042,97.08038,98.9441,98.78698
MIT,b2c44,220,99.54012,98.36867,97.014244,97.92925,98.83922
MIT,b2c44,221,99.51854,98.06537,97.14647,98.252106,98.77945
MIT,b2c44,222,99.50337,97.97196,97.00103,98.85944,98.745224
MIT,b2c44,223,99.50391,98.067894,96.8224,97.89946,98.72577
MIT,b2c44,224,99.47505,97.948524,97.20897,98.69955,98.69764
MIT,b2c44,225,99.46109,98.014046,97.366394,98.9846,98.70987
MIT,b2c44,226,99.47977,98.05413,97.20956,98.837074,98.71787
MIT,b2c44,227,99.45152,97.88508,97.23274,98.93452,98.7067
MIT,b2c44,228,99.45317,96.80412,96.95431,98.5978,98.75681
MIT,b2c44,229,99.443924,97.97934,96.688385,98.475784,98.62196
MIT,b2c44,230,99.41365,97.22427,97.10362,98.810936,98.63162
MIT,b2c44,231,99.41182,97.692665,96.264496,97.48388,98.65245
MIT,b2c44,232,99.4023,97.698944,96.42847,97.22375,98.62402
MIT,b2c44,233,99.38219,97.48453,95.737465,97.66359,98.66333
MIT,b2c44,234,99.34368,95.92339,95.744156,96.7863,98.75251
MIT,b2c44,235,99.34343,97.8057,96.72963,98.462494,98.578
MIT,b2c44,236,99.32074,97.331505,97.10875,98.57101,98.63758
MIT,b2c44,237,99.3225,97.99682,97.04462,97.76312,98.67759
MIT,b2c44,238,99.291,97.55578,96.51604,97.83843,98.64003
MIT,b2c44,239,99.27242,97.422264,97.15949,98.528175,98.55024
MIT,b2c44,240,99.26283,97.76835,97.20467,98.63564,98.54376
MIT,b2c44,241,99.24448,96.899155,97.15634,98.66199,98.62418
MIT,b2c44,242,99.232666,97.71972,97.16316,98.59944,98.61061
MIT,b2c44,243,99.25066,97.75967,97.087074,98.35293,98.524734
MIT,b2c44,244,99.214584,97.38107,96.299126,97.34476,98.47592
MIT,b2c44,245,99.18573,97.137215,96.91854,98.51828,98.61763
MIT,b2c44,246,99.16873,96.856384,97.12898,98.651535,98.583534
MIT,b2c44,247,144.05493,101.30067,97.79506,96.726875,95.798
MIT,b2c44,248,98.82826,97.458115,96.82495,98.26714,98.44702
MIT,b2c44,249,98.99746,97.72141,95.35801,97.19227,98.52592
MIT,b2c44,250,99.03901,97.62962,96.80005,98.65588,98.1156
MIT,b2c44,251,99.036194,96.864006,97.027214,98.61753,98.47556
MIT,b2c44,252,99.06437,97.70399,96.36444,98.120476,98.46362
MIT,b2c44,253,99.04369,97.38933,96.72092,97.70798,98.540054
MIT,b2c44,254,99.016266,97.27695,96.05814,97.78778,98.53323
MIT,b2c44,255,99.0413,95.502594,96.67018,96.49466,98.4751
MIT,b2c44,256,99.00361,97.35183,97.087555,98.494736,98.529884
MIT,b2c44,257,98.99403,97.27293,95.522835,97.98139,98.52947
MIT,b2c44,258,99.005615,97.24143,96.154015,97.459694,98.43721
MIT,b2c44,259,98.984886,97.2557,97.03173,98.55698,98.516235
MIT,b2c44,260,98.96111,97.21083,96.67846,98.31231,98.35048
MIT,b2c44,261,98.96125,97.2,97.00284,98.01477,98.41231
MIT,b2c44,262,98.93935,97.02261,96.39481,97.757195,98.27894
MIT,b2c44,263,98.913086,96.26564,96.96144,98.49066,98.350845
MIT,b2c44,264,98.897514,96.953865,97.0338,97.79624,98.348015
MIT,b2c44,265,98.87534,96.79853,95.99218,97.20987,98.417984
MIT,b2c44,266,98.86702,97.24686,96.79193,98.312256,98.403404
MIT,b2c44,267,98.8453,96.83476,95.93444,97.63633,98.4009
MIT,b2c44,268,98.841324,96.77004,95.83507,97.26956,98.38261
MIT,b2c44,269,98.84502,96.987724,95.64767,96.89899,98.19811
MIT,b2c44,270,98.81812,96.89253,95.9405,97.26859,98.27417
MIT,b2c44,271,98.80059,96.92145,96.34532,98.166435,98.29676
MIT,b2c44,272,98.80759,97.118324,96.83748,98.103386,98.2727
MIT,b2c44,273,98.76876,97.07108,96.88723,98.2712,98.30933
MIT,b2c44,274,98.75558,95.88203,96.37398,98.40263,98.13877
MIT,b2c44,275,98.74932,95.9625,96.99937,98.48968,98.20484
MIT,b2c44,276,98.71335,96.59741,96.19319,97.580246,98.32662
MIT,b2c44,277,98.67629,96.75656,96.30902,98.01387,98.0214
MIT,b2c44,278,98.6691,96.722145,96.70774,97.92244,98.182335
MIT,b2c44,279,98.64317,96.642365,95.96816,97.41822,98.12892
MIT,b2c44,280,98.63108,96.68694,96.15524,97.67249,98.02038
MIT,b2c44,281,98.60811,96.456985,96.301926,97.49535,97.984245
MIT,b2c44,282,98.57877,95.65565,96.29269,98.41119,97.97388
MIT,b2c44,283,98.56835,97.02401,96.35962,97.53363,98.01597
MIT,b2c44,284,98.543205,96.551575,96.76651,97.51626,97.89174
MIT,b2c44,285,98.502945,96.61159,96.71717,97.310356,97.77162
MIT,b2c44,286,98.50747,96.48368,96.44744,96.736465,97.883446
MIT,b2c44,287,98.46897,96.262115,96.690796,97.381454,97.85434
MIT,b2c44,288,98.44888,95.452,96.81989,97.890396,97.83616
MIT,b2c44,289,98.444176,96.405334,96.75912,96.99942,97.706245
MIT,b2c44,290,98.406876,95.59641,96.91101,98.273506,97.77856
MIT,b2c44,291,98.3814,96.15697,95.28685,97.28241,97.80831
MIT,b2c44,292,98.375595,95.58466,96.5828,98.18966,97.662186
MIT,b2c44,293,98.34679,96.21401,96.23514,97.60378,97.57093
MIT,b2c44,294,98.31995,95.70979,96.21833,98.36328,97.59577
MIT,b2c44,295,98.29998,96.281265,96.64713,97.3031,97.693665
MIT,b2c44,296,98.26348,95.96516,95.00652,96.71281,97.47887
MIT,b2c44,297,98.245125,96.36359,96.03987,97.25821,97.51868
MIT,b2c44,298,98.22401,96.034294,94.842186,96.661934,97.546
MIT,b2c44,299,98.18995,96.02725,95.88792,96.503624,97.57464
MIT,b2c44,300,98.17861,96.39894,96.14237,97.12954,97.60878
MIT,b2c44,301,98.14755,94.11877,95.32086,95.28741,97.590034
MIT,b2c44,302,98.11079,96.11686,96.45511,97.570786,97.497925
MIT,b2c44,303,98.1075,95.77418,96.33016,96.63905,97.40438
MIT,b2c44,304,98.05128,94.783,96.96192,97.547935,97.5476
MIT,b2c44,305,98.0195,95.40095,96.56198,96.51345,97.486824
MIT,b2c44,306,98.02351,95.8629,96.43953,96.71867,97.45004
MIT,b2c44,307,97.982925,95.017654,96.65953,97.94756,97.28905
MIT,b2c44,308,97.95364,94.763725,95.77696,98.11405,96.971275
MIT,b2c44,309,97.91979,95.59578,96.5862,96.371155,97.27033
MIT,b2c44,310,97.86183,95.41882,96.79245,96.2786,97.05339
MIT,b2c44,311,97.84838,95.379135,96.21279,96.46517,96.97174
MIT,b2c44,312,97.82181,95.44766,96.369705,96.68218,97.18077
MIT,b2c44,313,97.771225,94.60793,96.60369,97.8163,97.24156
MIT,b2c44,314,97.75938,94.48699,96.79846,97.88693,96.941696
MIT,b2c44,315,97.72679,95.37312,96.76881,96.62965,97.14241
MIT,b2c44,316,97.6957,94.48585,95.95065,98.184555,97.04384
MIT,b2c44,317,97.6843,95.86056,96.3688,96.61816,97.20146
MIT,b2c44,318,97.6423,95.12285,95.465126,96.07765,97.06253
MIT,b2c44,319,97.59533,95.071144,95.03618,95.95058,97.05603
MIT,b2c44,320,97.591705,94.31468,96.76198,97.17885,97.02256
MIT,b2c44,321,97.54133,95.0072,96.35382,95.85544,97.08886
MIT,b2c44,322,97.48755,94.73714,95.93916,96.34266,97.110504
MIT,b2c44,323,97.44673,95.13408,96.17117,95.65653,96.761284
MIT,b2c44,324,97.415825,94.86058,95.0676,96.41938,96.84901
MIT,b2c44,325,97.37605,95.207855,96.36025,96.53813,97.11814
MIT,b2c44,326,97.340805,94.25727,97.00083,97.41706,96.8358
MIT,b2c44,327,97.305504,94.70897,96.52561,95.5259,96.92668
MIT,b2c44,328,97.26019,93.01721,95.29929,94.92309,97.01081
MIT,b2c44,329,97.22988,94.0496,96.685936,97.31437,96.72989
MIT,b2c44,330,97.13848,92.86166,94.95876,94.486664,96.37015
MIT,b2c44,331,97.16293,93.76193,96.555084,97.433395,96.67218
MIT,b2c44,332,97.10081,93.91813,97.00695,96.518005,96.43087
MIT,b2c44,333,97.06474,94.23358,95.946785,95.261604,96.50652
MIT,b2c44,334,97.01526,93.82204,96.979324,97.283195,96.66286
MIT,b2c44,335,96.95693,93.60127,96.88914,96.62434,96.534645
MIT,b2c44,336,96.88433,93.31868,96.839584,96.542534,96.2249
MIT,b2c44,337,96.89667,94.69027,96.75875,96.20634,96.52668
MIT,b2c44,338,96.80649,93.61879,96.679665,96.75663,96.06453
MIT,b2c44,339,96.78582,93.56079,96.54321,97.02266,96.358154
MIT,b2c44,340,96.77888,93.53277,96.71657,96.79023,96.1888
MIT,b2c44,341,96.72057,94.234085,95.942604,95.15265,96.20737
MIT,b2c44,342,96.6855,92.910065,96.218575,97.33681,96.01916
MIT,b2c44,343,96.6215,93.55871,95.74516,94.81494,96.000374
MIT,b2c44,344,96.56598,93.865845,96.53211,94.49572,95.7976
MIT,b2c44,345,96.539474,93.01861,95.880486,97.01494,95.834595
MIT,b2c44,346,96.47467,93.149666,95.233025,95.0922,95.87243
MIT,b2c44,347,96.43629,92.83215,96.46678,96.57517,95.78994
MIT,b2c44,348,96.3516,94.171974,96.51058,94.96539,95.53279
MIT,b2c44,349,96.29552,92.91142,96.49248,96.448906,95.38351
MIT,b2c44,350,96.2749,93.8371,96.252075,94.69557,95.558815
MIT,b2c44,351,96.2328,94.291306,96.22847,95.650444,95.63067
MIT,b2c44,352,96.16046,92.83344,96.69135,96.308525,95.57092
MIT,b2c44,353,96.108025,93.61567,96.334816,94.82736,95.39402
MIT,b2c44,354,96.06854,92.9994,97.180214,95.596825,95.5081
MIT,b2c44,355,95.96944,93.679886,96.74901,94.43791,95.35589
MIT,b2c44,356,95.94852,93.51395,96.00925,94.87226,95.52222
MIT,b2c44,357,95.869354,93.64354,96.91314,94.63085,95.38073
MIT,b2c44,358,95.77544,92.32227,96.73304,95.5864,94.96282
MIT,b2c44,359,95.75657,91.8868,92.865944,94.64179,95.19673
MIT,b2c44,360,95.6548,93.21666,96.55871,93.988716,95.153015
MIT,b2c44,361,95.61999,91.766426,93.222244,94.46136,95.09054
MIT,b2c44,362,95.54909,93.163925,96.136826,94.55453,95.03579
MIT,b2c44,363,95.46696,93.0839,96.56924,93.94501,95.01537
MIT,b2c44,364,95.42888,93.21006,95.29171,94.54023,94.84669
MIT,b2c44,365,95.38409,92.90599,97.07086,95.3137,94.86442
MIT,b2c44,366,95.298096,91.51315,93.79594,91.29543,94.930145
MIT,b2c44,367,95.24325,91.43451,96.49111,95.55053,94.88609
MIT,b2c44,368,95.147484,93.18969,96.24831,94.38751,94.591774
MIT,b2c44,369,95.069664,92.76831,96.287476,93.63197,94.632385
MIT,b2c44,370,95.012886,92.65591,95.3223,94.1098,94.45232
MIT,b2c44,371,94.93933,92.9522,95.70449,93.91517,94.53036
MIT,b2c44,372,94.849335,92.81858,96.66074,94.67633,94.345894
MIT,b2c44,373,94.78396,92.39967,96.10273,93.377174,94.24483
MIT,b2c44,374,94.67088,92.66713,96.50095,93.7291,94.26309
MIT,b2c44,375,94.59807,92.66429,96.92583,94.01504,94.10289
MIT,b2c44,376,94.51763,92.39912,96.18919,93.39579,94.11066
MIT,b2c44,377,94.42503,91.22694,96.791855,94.69082,93.75717
MIT,b2c44,378,94.32871,92.35691,96.52504,93.30267,93.50018
MIT,b2c44,379,94.28833,92.513054,95.70174,93.86667,93.682785
MIT,b2c44,380,94.163536,91.38593,96.72692,93.63277,93.70876
MIT,b2c44,381,94.03791,92.258896,96.75639,93.27,93.44995
MIT,b2c44,382,93.96091,90.566315,96.93837,90.81915,93.63945
MIT,b2c44,383,93.83569,90.14686,95.31521,91.512146,93.24579
MIT,b2c44,384,93.73008,91.87557,96.70143,93.07252,93.343704
MIT,b2c44,385,93.64164,91.664665,96.80433,92.834564,93.11456
MIT,b2c44,386,93.525375,91.32712,96.28395,91.628456,92.721825
MIT,b2c44,387,93.422,90.06293,96.91167,93.13005,93.13149
MIT,b2c44,388,93.338295,90.35477,96.411934,91.97729,92.72291
MIT,b2c44,389,93.19166,90.45309,96.826355,93.35009,92.57935
MIT,b2c44,390,93.1205,91.285286,95.81013,92.84852,92.73873
MIT,b2c44,391,93.02732,91.38853,96.473656,92.53752,92.87046
MIT,b2c44,392,92.87539,89.79365,96.5502,92.17926,92.4231
MIT,b2c44,393,92.75285,89.59908,95.98598,92.189835,92.35155
MIT,b2c44,394,92.61954,90.00476,96.1032,92.40247,92.3529
MIT,b2c44,395,92.484276,89.544945,96.53827,91.23302,92.07925
MIT,b2c44,396,92.372795,90.65562,95.21553,92.17289,91.74763
MIT,b2c44,397,92.22355,89.32426,95.962585,90.86356,91.60816
MIT,b2c44,398,92.08696,89.24645,96.53669,90.69593,91.596535
MIT,b2c44,399,91.96866,88.77731,95.29097,88.635704,91.2182
MIT,b2c44,400,91.8097,88.826645,96.43374,90.52871,91.11477
MIT,b2c44,401,91.68841,89.00508,96.49394,92.63476,90.967766
MIT,b2c44,402,91.5595,90.36971,96.02492,92.03821,90.83525
MIT,b2c44,403,91.391884,89.80351,95.254486,91.1031,90.50106
MIT,b2c44,404,91.25722,89.83845,96.14612,91.04601,90.671196
MIT,b2c44,405,91.11463,89.94671,96.13757,91.0691,90.369576
MIT,b2c44,406,90.944954,89.311874,95.55102,90.35465,90.16869
MIT,b2c44,407,90.799904,87.91012,95.06133,89.02194,90.12031
MIT,b2c44,408,90.65878,88.78376,96.773125,90.83009,89.72654
MIT,b2c44,409,90.48428,87.79542,95.2156,90.07738,89.75256
MIT,b2c44,410,90.307655,88.28689,96.05441,89.60435,89.81096
MIT,b2c44,411,90.185196,87.585976,96.17361,90.54088,89.53218
MIT,b2c44,412,90.024864,87.25936,96.14747,89.97381,89.366844
MIT,b2c44,413,89.8585,87.72764,91.65268,89.47502,89.21031
MIT,b2c44,414,89.74144,88.10413,96.39311,90.03023,89.26858
MIT,b2c44,415,89.56424,86.4546,95.486,90.32682,88.865425
MIT,b2c44,416,89.39883,86.30532,96.16441,90.64727,88.66523
MIT,b2c44,417,89.26489,86.21838,95.83312,90.155106,88.56292
MIT,b2c44,418,89.098,86.9184,94.76058,87.55964,88.35549
MIT,b2c44,419,88.89642,87.147575,95.45868,89.82752,87.99629
MIT,b2c44,420,88.74115,85.87956,96.05462,89.93256,88.047226
MIT,b2c44,421,88.54862,87.23461,95.22496,88.30425,87.9081
MIT,b2c44,422,88.38556,86.72295,94.6809,87.298935,87.5157
MIT,b2c44,423,88.219246,86.52213,94.97039,86.344215,87.67335
MIT,b2c44,424,88.01581,85.33618,96.28692,88.28005,87.440994
MIT,b2c44,425,87.8632,86.43283,86.277115,85.862,87.215614
MIT,b2c44,426,87.70594,86.46552,95.33778,86.649,87.18213
MIT,b2c44,427,87.54087,85.36623,94.52366,87.87295,86.68194
MIT,b2c44,428,87.350075,85.47169,95.28643,88.83088,86.723434
MIT,b2c44,429,87.18103,86.23396,94.8356,85.977516,86.64019
MIT,b2c44,430,86.955536,84.62223,95.86254,86.93737,86.39399
MIT,b2c44,431,86.76881,85.36925,94.72109,86.67272,85.95908
MIT,b2c44,432,86.58556,84.405685,95.07982,85.809555,86.09082
MIT,b2c44,433,86.41059,84.62437,95.293,86.67543,85.76095
MIT,b2c44,434,86.198265,84.0411,94.29891,84.722855,85.45933
MIT,b2c44,435,86.03053,85.60222,95.84883,84.78437,85.3417
MIT,b2c44,436,85.83026,83.906715,95.522736,84.32874,85.25624
MIT,b2c44,437,85.62983,83.826805,95.332054,84.09178,85.21243
MIT,b2c44,438,85.47411,84.43584,95.16874,85.23122,85.3483
MIT,b2c44,439,85.27734,83.668846,95.667595,83.77018,84.71255
MIT,b2c44,440,85.09433,85.147255,94.706825,83.747955,84.88574
MIT,b2c44,441,84.89558,83.47678,93.77215,83.41665,84.68022
MIT,b2c44,442,84.700264,83.22566,93.5195,82.491974,84.831085
MIT,b2c44,443,84.51989,83.14636,94.72652,85.40556,84.2507
MIT,b2c44,444,84.344185,84.90231,94.01414,83.63977,84.767235
MIT,b2c44,445,84.11642,82.67987,94.27024,82.599075,83.621086
MIT,b2c44,446,83.90709,82.309685,94.080826,82.92408,83.30843
MIT,b2c44,447,83.74228,84.52327,95.75729,82.173965,82.9066
MIT,b2c44,448,83.52616,82.16508,93.21575,82.37697,82.94095
MIT,b2c44,449,83.33239,82.298935,92.40606,83.94447,82.593185
MIT,b2c44,450,83.15191,81.609276,93.35719,82.42745,82.52629
MIT,b2c44,451,82.94843,80.8341,92.255135,81.95965,82.39974
MIT,b2c44,452,82.77869,81.52696,92.80541,82.91817,82.28903
MIT,b2c44,453,82.59882,79.29019,93.69223,82.339,83.26443
MIT,b2c44,454,82.40479,79.04577,93.31898,82.37864,81.93495
MIT,b2c44,455,82.22959,84.00173,90.06177,83.202774,81.12413
MIT,b2c44,456,82.03656,83.97936,86.40753,82.10666,81.26498
MIT,b2c44,457,81.80224,83.89297,80.994064,79.339615,81.10763
MIT,b2c44,458,81.59031,76.339325,87.24334,80.02523,81.04652
MIT,b2c44,459,81.33395,83.796875,80.4992,79.00588,80.649124
MIT,b2c44,460,81.13434,75.50983,89.21269,80.66127,80.530556
MIT,b2c44,461,80.92766,83.599625,79.48721,78.617546,80.40524
MIT,b2c44,462,80.72226,83.61045,81.26165,78.42395,80.05005
MIT,b2c44,463,80.50535,76.08343,83.09485,79.9248,80.07039
MIT,b2c44,464,80.30771,76.02186,87.361755,79.51608,79.16301
MIT,b2c44,465,80.093506,83.41688,84.375725,78.98738,79.370804
MIT,b2c44,466,79.860085,75.227356,88.11021,79.476105,79.24546
MIT,b2c44,467,79.64141,79.44206,87.95588,79.702545,81.38247
MIT,b2c44,468,79.41232,75.15992,87.953926,79.194725,79.32524
MIT,b2c44,469,79.18032,75.687965,84.946526,79.15378,80.6976
MIT,b2c44,470,78.96135,75.77384,80.1194,78.620575,77.97673
MIT,b2c44,471,78.71784,78.809166,88.00749,79.05154,77.97536
MIT,b2c44,472,78.472046,75.4257,89.60305,79.52834,77.96576
MIT,b2c44,473,78.2356,75.485,80.17623,78.47925,77.95464
MIT,b2c44,474,78.00906,75.77506,80.359116,78.02106,77.180374
MIT,b2c44,475,77.74444,74.68034,85.779,78.54462,77.028854
MIT,b2c44,476,77.50467,75.678604,79.5115,78.08225,76.84065
MIT,b2c44,477,77.19347,77.66601,83.37319,78.146835,77.04028
MIT,b2c44,478,77.01418,82.425705,87.37779,80.92897,76.998146
MIT,b3c33,1,99.95139,100.209335,97.81746,99.931335,100.10294
MIT,b3c33,2,100.0,100.11079,97.80671,99.96536,100.17845
MIT,b3c33,3,100.05041,100.02173,97.81449,99.79068,100.14612
MIT,b3c33,4,100.084946,99.98442,97.79998,99.752785,100.17935
MIT,b3c33,5,100.11578,99.967354,97.84017,99.82682,100.18228
MIT,b3c33,6,100.13635,99.969864,97.84923,99.624565,100.18322
MIT,b3c33,7,100.14684,99.93105,97.82422,99.82581,100.1579
MIT,b3c33,8,100.15699,99.85586,97.79774,99.67339,100.1491
MIT,b3c33,9,100.15674,99.82271,97.77368,99.71668,100.17234
MIT,b3c33,10,100.16944,99.80175,97.75548,100.03434,100.145035
MIT,b3c33,11,100.1656,99.80752,97.82318,99.671585,100.18981
MIT,b3c33,12,100.17313,99.829994,97.80358,99.63867,100.18195
MIT,b3c33,13,100.16986,99.83864,97.83189,99.81702,100.16722
MIT,b3c33,14,100.167404,99.7905,97.765785,99.65048,100.14891
MIT,b3c33,15,100.1822,99.79122,97.76445,99.51986,100.142784
MIT,b3c33,16,100.18061,99.73533,97.723175,99.62014,100.17131
MIT,b3c33,17,100.1876,99.79028,97.81946,99.63702,100.169106
MIT,b3c33,18,100.1901,99.79569,97.819756,99.445854,100.14771
MIT,b3c33,19,100.185455,99.78678,97.823265,99.40558,100.169106
MIT,b3c33,20,100.192184,99.92312,97.80105,99.45273,100.178474
MIT,b3c33,21,100.1882,98.895966,97.81968,100.490845,100.16738
MIT,b3c33,22,100.185,99.77261,97.76236,99.66324,100.14405
MIT,b3c33,23,100.18594,99.730965,97.7582,99.590805,100.14411
MIT,b3c33,24,100.18681,99.74855,97.73617,99.54789,100.1487
MIT,b3c33,25,100.17448,99.47159,97.183075,100.28412,100.16748
MIT,b3c33,26,100.17185,99.734,97.810524,99.523384,100.147736
MIT,b3c33,27,100.16949,99.736885,97.79663,99.69882,100.14736
MIT,b3c33,28,100.18148,99.73715,97.817345,99.625626,100.16754
MIT,b3c33,29,100.18346,99.71329,97.764595,99.68231,100.14271
MIT,b3c33,30,100.20068,99.77793,97.80412,99.57704,100.167534
MIT,b3c33,31,100.192085,99.78186,97.82378,99.56147,100.16762
MIT,b3c33,32,100.190094,99.71761,97.74686,99.510796,100.15446
MIT,b3c33,33,100.195175,99.7894,97.808914,99.468735,100.1675
MIT,b3c33,34,100.19254,99.7168,97.71869,99.62807,100.1516
MIT,b3c33,35,100.19617,99.75878,97.76828,99.29517,100.154976
MIT,b3c33,36,100.19253,99.735565,97.787796,99.4907,100.1557
MIT,b3c33,37,100.193565,99.77121,97.79579,99.49785,100.17315
MIT,b3c33,38,100.18764,99.81053,97.82374,99.47344,100.16805
MIT,b3c33,39,100.178215,99.70691,97.766335,99.63867,100.13751
MIT,b3c33,40,100.17539,99.758286,97.78141,99.4675,100.138824
MIT,b3c33,41,100.165405,99.761215,97.77835,99.78218,100.12723
MIT,b3c33,42,100.17608,99.733055,97.73365,99.55835,100.14046
MIT,b3c33,43,100.168175,99.77839,97.81301,99.401825,100.15591
MIT,b3c33,44,100.16434,99.76381,97.78413,99.35838,100.15477
MIT,b3c33,45,100.169075,99.812965,97.80633,99.42046,100.157616
MIT,b3c33,46,100.15913,99.75388,97.722885,99.52548,100.1441
MIT,b3c33,47,100.15541,99.743324,97.74672,99.66545,100.148926
MIT,b3c33,48,100.16203,99.80831,97.81014,99.66211,100.15864
MIT,b3c33,49,100.158455,99.951744,97.79651,99.5374,100.16691
MIT,b3c33,50,100.16642,98.84134,97.7733,100.36512,100.15373
MIT,b3c33,51,100.15717,99.7605,97.75255,99.2389,100.14258
MIT,b3c33,52,100.16494,99.77211,97.75776,99.39556,100.14946
MIT,b3c33,53,100.16846,99.84061,97.76663,99.49649,100.17144
MIT,b3c33,54,100.160034,99.74686,97.70667,99.293175,100.16019
MIT,b3c33,55,100.15869,99.812935,97.790115,99.48261,100.14911
MIT,b3c33,56,100.15932,99.85132,97.79686,99.43237,100.17095
MIT,b3c33,57,100.150894,99.755585,97.703964,99.35368,100.154274
MIT,b3c33,58,100.156876,99.83355,97.79747,99.38231,100.17588
MIT,b3c33,59,100.15217,99.85941,97.790665,99.22165,100.16315
MIT,b3c33,60,100.14533,99.8395,97.77999,99.07554,100.166985
MIT,b3c33,61,100.13542,99.837006,97.78899,99.32089,100.16725
MIT,b3c33,62,100.13661,99.84901,97.79361,99.429726,100.17001
MIT,b3c33,63,100.12796,99.843315,97.792564,99.182785,100.16651
MIT,b3c33,64,100.13259,99.82195,97.768265,99.33369,100.13276
MIT,b3c33,65,100.12538,99.80366,97.76161,99.367836,100.13132
MIT,b3c33,66,100.12522,99.84829,97.800545,99.493675,100.13145
MIT,b3c33,67,100.12231,99.87018,97.80309,99.39094,100.12838
MIT,b3c33,68,100.12123,99.804054,97.74703,99.54629,100.13633
MIT,b3c33,69,100.10778,99.84162,97.77088,99.340256,100.137695
MIT,b3c33,70,100.110634,99.79231,97.80579,99.37427,100.12775
MIT,b3c33,71,100.10604,99.91645,97.80569,99.50823,100.137825
MIT,b3c33,72,100.100296,99.7865,97.66091,99.671844,100.13548
MIT,b3c33,73,100.094986,99.80656,97.63071,99.41439,100.12171
MIT,b3c33,74,100.09363,99.808655,97.68348,99.64789,100.12265
MIT,b3c33,75,100.088356,99.85801,97.79565,99.632545,100.1333
MIT,b3c33,76,100.08369,99.87929,97.80276,99.602066,100.13626
MIT,b3c33,77,100.08305,99.83457,97.74538,99.53519,100.137634
MIT,b3c33,78,100.08105,99.91289,97.81008,99.505325,100.13051
MIT,b3c33,79,100.09572,99.95954,97.764915,99.13009,100.13132
MIT,b3c33,80,100.07794,99.92286,97.776794,99.50091,100.16098
MIT,b3c33,81,100.07034,99.904854,97.74704,99.48591,100.14614
MIT,b3c33,82,100.06942,99.94072,97.80313,99.57793,100.14268
MIT,b3c33,83,100.06301,99.832695,97.65227,99.46051,100.15128
MIT,b3c33,84,100.06115,99.936455,97.80122,99.412895,100.162674
MIT,b3c33,85,100.06029,99.869255,97.72674,99.280075,100.17332
MIT,b3c33,86,100.06866,99.90756,97.72684,99.298645,100.14073
MIT,b3c33,87,100.06543,100.00396,97.78528,99.69845,100.149445
MIT,b3c33,88,100.05564,99.88285,97.71101,99.62452,100.151695
MIT,b3c33,89,100.05,99.97009,97.77538,99.51196,100.17995
MIT,b3c33,90,100.05126,99.91219,97.77607,99.23879,100.19021
MIT,b3c33,91,100.05613,99.887665,97.72196,99.20845,100.19021
MIT,b3c33,92,100.05726,99.97932,97.74716,99.112335,100.189644
MIT,b3c33,93,100.05156,99.8908,97.70943,98.94437,100.18926
MIT,b3c33,94,100.0539,99.90584,97.71401,99.352554,100.17411
MIT,b3c33,95,100.03549,99.9686,97.77103,99.60241,100.17853
MIT,b3c33,96,100.02846,100.027374,97.78535,99.420265,100.17144
MIT,b3c33,97,100.01756,99.984474,97.775475,99.52515,100.161995
MIT,b3c33,98,100.020515,99.99105,97.753426,99.27067,100.13217
MIT,b3c33,99,100.01246,99.91711,97.71177,99.13912,100.1283
MIT,b3c33,100,100.00569,99.96374,97.75977,99.59123,100.1323
MIT,b3c33,101,100.00651,99.92558,97.73964,99.60436,100.13892
MIT,b3c33,102,100.00068,99.92759,97.712685,99.52711,100.150345
MIT,b3c33,103,99.99425,99.92409,97.737305,99.25345,100.143456
MIT,b3c33,104,99.993484,99.94763,97.73464,99.27279,100.15066
MIT,b3c33,105,99.981514,100.01274,97.77051,99.525986,100.12933
MIT,b3c33,106,99.98485,100.074745,97.79103,99.686165,100.13842
MIT,b3c33,107,99.99246,99.97645,97.743286,99.29799,100.14401
MIT,b3c33,108,99.984474,100.09395,97.80813,99.642136,100.12645
MIT,b3c33,109,99.97201,100.02458,97.78815,99.4295,100.17031
MIT,b3c33,110,99.9733,100.081985,97.75501,99.60639,100.12371
MIT,b3c33,111,99.97359,99.94965,97.688324,99.65782,100.139244
MIT,b3c33,112,99.97058,100.03381,97.77139,99.377716,100.15255
MIT,b3c33,113,99.96053,100.05156,97.767876,99.36432,100.13009
MIT,b3c33,114,99.96146,100.00695,97.74667,99.41197,100.138374
MIT,b3c33,115,99.96082,99.96371,97.70984,98.959946,100.1419
MIT,b3c33,116,99.96095,100.04353,97.72751,98.993614,100.12734
MIT,b3c33,117,99.95656,100.066345,97.68959,99.370544,100.119774
MIT,b3c33,118,99.9569,100.0561,97.713264,99.28994,100.15682
MIT,b3c33,119,99.95639,100.05916,97.72964,99.03607,100.19158
MIT,b3c33,120,99.95384,100.04724,97.686104,99.17405,100.133545
MIT,b3c33,121,99.95498,100.14833,97.744545,98.737175,100.12502
MIT,b3c33,122,99.9552,100.14906,97.75305,99.145996,100.13304
MIT,b3c33,123,99.95343,100.18828,97.69648,98.61159,100.175896
MIT,b3c33,124,99.95327,100.142845,97.71714,98.77774,100.13215
MIT,b3c33,125,99.94953,100.13201,97.70548,98.37121,100.13818
MIT,b3c33,126,99.94814,100.09286,97.73403,98.88791,100.12669
MIT,b3c33,127,99.942795,100.15458,97.734,98.86577,100.15907
MIT,b3c33,128,99.93878,100.09462,97.62865,98.37235,100.16717
MIT,b3c33,129,99.93474,100.193695,97.733376,98.87281,100.201866
MIT,b3c33,130,99.93426,100.186165,97.739624,98.94345,100.14798
MIT,b3c33,131,99.933784,100.20949,97.72536,98.70866,100.15818
MIT,b3c33,132,99.927536,100.19967,97.71996,98.90544,100.166115
MIT,b3c33,133,99.923355,100.1903,97.73535,99.07498,100.16103
MIT,b3c33,134,99.921165,100.183014,97.76629,98.66858,100.16666
MIT,b3c33,135,99.91418,100.20741,97.75041,98.9692,100.14423
MIT,b3c33,136,99.902214,100.14162,97.71049,99.16469,100.15195
MIT,b3c33,137,99.90096,100.17996,97.729965,98.79799,100.1348
MIT,b3c33,138,99.8914,100.10002,97.64808,99.22594,100.13366
MIT,b3c33,139,99.8937,100.17617,97.73989,99.356865,100.09956
MIT,b3c33,140,99.88274,100.16613,97.70019,98.87406,100.13334
MIT,b3c33,141,99.879875,100.21089,97.74907,99.20422,100.14919
MIT,b3c33,142,99.8753,100.10581,97.654816,99.40615,100.13473
MIT,b3c33,143,99.85896,100.18913,97.72322,99.47816,100.10488
MIT,b3c33,144,99.857,100.22336,97.76149,99.29429,100.09031
MIT,b3c33,145,99.85665,100.17164,97.676414,99.16346,100.10077
MIT,b3c33,146,99.857185,100.22804,97.75991,99.42822,100.11573
MIT,b3c33,147,99.843956,100.21434,97.69977,99.38887,100.10551
MIT,b3c33,148,99.846115,100.18768,97.73377,99.43568,100.10273
MIT,b3c33,149,99.842674,100.200195,97.71053,98.99708,100.094406
MIT,b3c33,150,99.84653,100.2809,97.7361,99.08892,100.11658
MIT,b3c33,151,99.84645,100.16143,97.67425,98.93288,100.12194
MIT,b3c33,152,99.85297,100.22989,97.71452,99.0683,100.13747
MIT,b3c33,153,99.841965,100.23731,97.72642,98.76689,100.14648
MIT,b3c33,154,99.83415,100.235374,97.6873,98.928764,100.11785
MIT,b3c33,155,99.83684,100.20878,97.655785,99.2994,100.148285
MIT,b3c33,156,99.833,100.2715,97.70475,99.16059,100.14976
MIT,b3c33,157,99.83096,100.28144,97.714676,98.41693,100.17809
MIT,b3c33,158,99.83456,100.22493,97.64668,98.26454,100.15224
MIT,b3c33,159,99.832886,100.217995,97.67143,98.85845,100.172455
MIT,b3c33,160,99.829765,100.25849,97.69606,99.100464,100.149796
MIT,b3c33,161,99.82186,100.26787,97.73468,98.488495,100.12355
MIT,b3c33,162,99.82001,100.212395,97.62143,99.04436,100.13747
MIT,b3c33,163,99.80508,100.29669,97.69672,98.90554,100.123695
MIT,b3c33,164,99.80742,100.29396,97.73822,98.914734,100.14201
MIT,b3c33,165,99.8055,100.31028,97.739204,98.96696,100.12496
MIT,b3c33,166,99.807396,100.24972,97.70698,98.97981,100.0933
MIT,b3c33,167,99.78711,100.25486,97.68383,98.960526,100.14043
MIT,b3c33,168,99.79027,100.284065,97.76626,99.06916,100.10313
MIT,b3c33,169,99.7725,100.29726,97.74753,98.58601,100.106674
MIT,b3c33,170,99.76437,100.23345,97.68965,99.217026,100.10551
MIT,b3c33,171,99.76225,100.31504,97.7437,99.23788,100.10567
MIT,b3c33,172,99.75954,100.29838,97.72546,99.0774,100.10399
MIT,b3c33,173,99.747055,100.31556,97.66643,99.22154,100.095764
MIT,b3c33,174,99.75,100.27125,97.717026,99.28432,100.09031
MIT,b3c33,175,99.740776,100.28388,97.7289,99.03238,100.095314
MIT,b3c33,176,99.74594,100.31716,97.743355,99.543304,100.10527
MIT,b3c33,177,99.7412,100.32609,97.75481,99.151405,100.061455
MIT,b3c33,178,99.734764,98.22082,97.73764,99.506256,100.0644
MIT,b3c33,179,99.73909,100.312294,97.71913,98.81407,100.106674
MIT,b3c33,180,99.735825,100.319496,97.71302,98.93625,100.081726
MIT,b3c33,181,99.7385,100.33707,97.71409,98.68225,100.06541
MIT,b3c33,182,99.744225,100.30644,97.67926,98.997635,100.10567
MIT,b3c33,183,99.73876,100.33173,97.71231,98.382614,100.135056
MIT,b3c33,184,99.73612,100.340164,97.71616,98.77225,100.14762
MIT,b3c33,185,99.73457,100.32541,97.71544,98.36811,100.07707
MIT,b3c33,186,99.72884,100.32528,97.67632,98.83405,100.091484
MIT,b3c33,187,99.72769,100.28364,97.59649,98.94274,100.07524
MIT,b3c33,188,99.724884,100.30749,97.67229,98.76675,100.07651
MIT,b3c33,189,99.72352,100.31741,97.66685,98.65856,100.110634
MIT,b3c33,190,99.71636,100.33866,97.68799,98.51648,100.1043
MIT,b3c33,191,99.72314,98.16339,97.7039,99.06781,100.13281
MIT,b3c33,192,99.71723,100.33725,97.659065,98.33415,100.12907
MIT,b3c33,193,99.71461,100.302414,97.584114,98.61318,100.14177
MIT,b3c33,194,99.7026,100.34301,97.70234,98.12304,100.1134
MIT,b3c33,195,99.697105,100.34116,97.64992,98.51466,100.11753
MIT,b3c33,196,99.69377,100.341385,97.67437,98.66127,100.113106
MIT,b3c33,197,99.69285,100.34107,97.68471,98.20762,100.14054
MIT,b3c33,198,99.684746,100.32901,97.65968,98.14894,100.15398
MIT,b3c33,199,99.68118,100.33684,97.67204,98.59656,100.115105
MIT,b3c33,200,99.67744,100.3309,97.647255,98.39396,100.1455
MIT,b3c33,201,99.67766,100.340546,97.73022,98.00697,100.11103
MIT,b3c33,202,99.6762,100.3415,97.68739,98.6184,100.074814
MIT,b3c33,203,99.662254,100.33387,97.698975,98.10861,100.07002
MIT,b3c33,204,99.655716,100.336945,97.66944,98.83459,100.060875
MIT,b3c33,205,99.65364,100.32325,97.733864,98.7098,100.08221
MIT,b3c33,206,99.65362,100.318184,97.74453,98.7949,100.05317
MIT,b3c33,207,99.63701,100.31794,97.74336,99.08809,100.052246
MIT,b3c33,208,99.63093,100.31017,97.740906,98.68669,100.06029
MIT,b3c33,209,99.628876,100.317474,97.72559,99.003654,100.063446
MIT,b3c33,210,99.621216,100.317764,97.740654,99.16237,100.04953
MIT,b3c33,211,99.615005,100.3243,97.73025,98.61696,100.06023
MIT,b3c33,212,99.60369,100.3336,97.70055,99.01817,100.04843
MIT,b3c33,213,99.607025,100.29939,97.73487,98.98149,100.060745
MIT,b3c33,214,99.61614,100.32189,97.713806,98.696526,100.02116
MIT,b3c33,215,99.61278,100.33842,97.694084,98.64717,100.051704
MIT,b3c33,216,99.61634,100.34323,97.68302,98.744804,100.05958
MIT,b3c33,217,99.618935,100.33133,97.683334,98.25093,100.10212
MIT,b3c33,218,99.610535,100.33938,97.64547,98.073616,100.13262
MIT,b3c33,219,99.60958,100.32039,97.6756,98.64007,100.09272
MIT,b3c33,220,99.60577,100.34717,97.64282,98.87155,100.10378
MIT,b3c33,221,99.60008,100.34716,97.62883,98.09313,100.13202
MIT,b3c33,222,99.60217,100.310814,97.68222,98.16074,100.085625
MIT,b3c33,223,99.60274,100.346695,97.63434,98.48241,100.0972
MIT,b3c33,224,99.59517,100.3412,97.63397,98.08316,100.09721
MIT,b3c33,225,99.57476,100.375656,97.63502,98.133965,100.09078
MIT,b3c33,226,99.58981,100.33461,97.65219,98.64515,100.07767
MIT,b3c33,227,99.57988,100.330124,97.67535,98.35743,100.09452
MIT,b3c33,228,99.57932,100.338524,97.64483,98.51745,100.09348
MIT,b3c33,229,99.57764,100.305664,97.65767,98.45789,100.08788
MIT,b3c33,230,99.58244,100.302345,97.663086,98.69425,100.08219
MIT,b3c33,231,99.57109,100.28786,97.65604,98.197685,100.082184
MIT,b3c33,232,99.57377,100.29837,97.6045,98.35435,100.072266
MIT,b3c33,233,99.56613,100.32627,97.61138,98.31726,100.10437
MIT,b3c33,234,99.56581,100.33049,97.58725,98.14685,100.11633
MIT,b3c33,235,99.56128,100.2988,97.649445,98.157715,100.04958
MIT,b3c33,236,99.55987,100.28771,97.62499,98.657486,100.047
MIT,b3c33,237,99.551414,100.30714,97.658226,97.88932,100.04496
MIT,b3c33,238,99.5492,100.26828,97.66052,97.83522,100.02397
MIT,b3c33,239,99.54857,100.28028,97.65211,97.84452,100.04532
MIT,b3c33,240,99.540245,100.266106,97.63683,97.70768,100.04689
MIT,b3c33,241,99.54071,100.31509,97.61785,97.95947,100.01423
MIT,b3c33,242,99.530426,100.33958,97.619354,97.96809,100.03077
MIT,b3c33,243,99.5258,100.33216,97.62381,98.02424,100.057915
MIT,b3c33,244,99.51808,100.23104,97.6553,97.87724,100.03472
MIT,b3c33,245,99.513695,100.328316,97.60914,98.43769,100.03115
MIT,b3c33,246,99.51666,100.250275,97.66265,98.09071,100.04561
MIT,b3c33,247,99.5103,100.26673,97.67791,97.8777,100.0275
MIT,b3c33,248,99.51234,100.316414,97.60878,98.11026,100.03111
MIT,b3c33,249,99.50403,100.32365,97.614525,98.052956,100.04922
MIT,b3c33,250,99.506256,100.302444,97.59784,98.068375,100.02314
MIT,b3c33,251,99.500465,100.27755,97.66287,98.128944,100.02781
MIT,b3c33,252,99.49393,100.28142,97.62305,98.00521,99.99263
MIT,b3c33,253,99.49199,100.26462,97.67167,98.07739,100.07504
MIT,b3c33,254,99.49445,100.221924,97.642235,97.60985,100.019745
MIT,b3c33,255,99.487465,100.22888,97.67058,97.41242,100.01704
MIT,b3c33,256,99.48001,100.30083,97.60442,97.89097,99.98754
MIT,b3c33,257,99.47538,100.19099,97.64788,98.04332,100.003845
MIT,b3c33,258,99.47846,100.25968,97.61688,97.45855,100.01244
MIT,b3c33,259,99.46542,100.27651,97.636734,97.3971,99.98095
MIT,b3c33,260,99.46222,100.289696,97.64619,98.4114,99.986496
MIT,b3c33,261,99.45813,100.26517,97.64918,97.618706,100.025024
MIT,b3c33,262,99.44582,100.31044,97.60524,97.949005,99.99187
MIT,b3c33,263,99.44673,100.306274,97.596275,97.84757,99.99477
MIT,b3c33,264,99.4415,100.332245,97.56543,98.5907,100.02772
MIT,b3c33,265,99.42721,100.27054,97.63806,97.73813,99.98511
MIT,b3c33,266,99.43062,100.31724,97.59383,98.27756,99.96793
MIT,b3c33,267,99.43818,100.259384,97.63855,97.75417,100.00027
MIT,b3c33,268,99.435875,100.223785,97.65606,98.3864,100.00425
MIT,b3c33,269,99.428085,100.30308,97.58237,97.79713,99.96561
MIT,b3c33,270,99.42397,100.32728,97.480545,97.41227,99.994995
MIT,b3c33,271,99.418686,100.30107,97.5901,97.893936,100.00739
MIT,b3c33,272,99.4122,100.27741,97.60242,97.879486,100.03889
MIT,b3c33,273,99.405655,100.26498,97.62354,97.44937,99.96781
MIT,b3c33,274,99.38984,100.22687,97.63314,98.094246,99.996666
MIT,b3c33,275,99.400154,100.25042,97.630974,98.24558,99.96433
MIT,b3c33,276,99.39061,100.24175,97.64959,98.04796,99.97979
MIT,b3c33,277,99.39901,100.26283,97.621994,97.7305,99.97684
MIT,b3c33,278,99.38903,100.161095,97.646904,98.092064,99.983955
MIT,b3c33,279,99.38019,100.14053,97.64034,98.04253,100.011475
MIT,b3c33,280,99.37342,100.23658,97.63512,97.5838,99.97293
MIT,b3c33,281,99.37563,100.25826,97.59634,97.8369,99.97989
MIT,b3c33,282,99.37524,100.29135,97.51074,97.88442,99.97508
MIT,b3c33,283,99.366936,100.108185,97.63227,97.92974,99.94607
MIT,b3c33,284,99.36375,100.194855,97.62483,98.12928,99.97066
MIT,b3c33,285,99.36202,100.1102,97.62137,97.936104,99.98279
MIT,b3c33,286,99.362755,100.21836,97.621376,98.02853,99.94779
MIT,b3c33,287,99.366745,100.25958,97.60702,98.00849,99.968094
MIT,b3c33,288,99.35274,100.22654,97.56278,97.59094,99.94704
MIT,b3c33,289,99.35778,100.29962,97.537,97.42368,99.9538
MIT,b3c33,290,99.35193,100.259926,97.602104,97.509926,99.957855
MIT,b3c33,291,99.345055,100.19861,97.62016,97.92265,99.99099
MIT,b3c33,292,99.33946,100.29317,97.49067,97.97881,99.928246
MIT,b3c33,293,99.32909,100.24865,97.57792,97.530495,99.928
MIT,b3c33,294,99.327545,100.164986,97.61742,98.30576,99.96657
MIT,b3c33,295,99.32713,100.22706,97.595215,97.83971,99.95013
MIT,b3c33,296,99.31108,100.27032,97.58257,98.014435,99.92939
MIT,b3c33,297,99.31887,100.302444,97.5448,97.60093,99.95701
MIT,b3c33,298,99.30677,100.16799,97.61985,97.91963,99.90753
MIT,b3c33,299,99.30962,100.141594,97.60893,97.509315,99.96815
MIT,b3c33,300,99.30714,100.15108,97.60603,97.45647,99.95268
MIT,b3c33,301,99.30172,100.09978,97.620094,98.22061,99.955696
MIT,b3c33,302,99.299225,100.18849,97.58664,97.863205,99.95699
MIT,b3c33,303,99.2896,100.15269,97.61318,97.51269,99.911095
MIT,b3c33,304,99.28801,100.04288,97.63087,97.43455,99.94456
MIT,b3c33,305,99.283615,100.20943,97.57423,97.884056,99.94875
MIT,b3c33,306,99.27634,100.1557,97.61879,97.7843,99.9584
MIT,b3c33,307,99.2797,99.97812,97.61907,98.27194,99.93147
MIT,b3c33,308,99.273056,100.13185,97.607765,97.84925,99.914
MIT,b3c33,309,99.257965,99.95264,97.63236,97.94902,99.96551
MIT,b3c33,310,99.259834,100.07333,97.643555,97.794266,99.957375
MIT,b3c33,311,99.246155,100.18918,97.59514,97.72647,99.88463
MIT,b3c33,312,99.2417,99.97993,97.66332,97.68362,99.94411
MIT,b3c33,313,99.239624,100.13688,97.64522,97.93759,99.93039
MIT,b3c33,314,99.23579,100.23367,97.577835,98.09019,99.95437
MIT,b3c33,315,99.230606,100.17813,97.61593,97.547874,99.94178
MIT,b3c33,316,99.2302,100.21002,97.59788,98.07728,99.93194
MIT,b3c33,317,99.21998,100.04096,97.65142,97.99945,99.920296
MIT,b3c33,318,99.213264,99.97394,97.65199,98.037125,99.966064
MIT,b3c33,319,99.222725,100.008575,97.63323,98.40653,99.95071
MIT,b3c33,320,99.210434,100.087074,97.591866,98.03116,99.97247
MIT,b3c33,321,99.21073,100.058044,97.61314,98.03083,99.93065
MIT,b3c33,322,99.20761,100.18339,97.626396,97.76707,99.90125
MIT,b3c33,323,99.19251,100.21804,97.57815,98.2534,99.89712
MIT,b3c33,324,99.19454,99.98456,97.63404,97.97476,99.9362
MIT,b3c33,325,99.19443,99.90143,97.624565,97.6661,99.90575
MIT,b3c33,326,99.184425,99.983665,97.60137,97.945305,99.92139
MIT,b3c33,327,99.174774,100.09679,97.61495,97.36647,99.93759
MIT,b3c33,328,99.18105,100.23172,97.50493,97.50962,99.8163
MIT,b3c33,329,99.17878,99.93262,97.59355,97.253075,99.79195
MIT,b3c33,330,99.18321,100.10916,97.569046,97.683,99.82402
MIT,b3c33,331,99.17637,99.86683,97.62112,97.493,99.86537
MIT,b3c33,332,99.166504,99.75529,97.62147,97.72175,99.91531
MIT,b3c33,333,99.15784,99.78828,97.598465,97.42956,99.82899
MIT,b3c33,334,99.155685,99.69837,97.62087,97.566605,99.86739
MIT,b3c33,335,99.14606,99.91188,97.63882,97.314575,99.777794
MIT,b3c33,336,99.14937,100.08879,97.5974,97.7631,99.88949
MIT,b3c33,337,99.143974,99.83786,97.63984,97.85159,99.92431
MIT,b3c33,338,99.13787,99.65557,97.62368,97.71995,99.8711
MIT,b3c33,339,99.13313,100.050285,97.61224,97.29919,99.79249
MIT,b3c33,340,99.127365,100.11585,97.61583,98.01178,99.78512
MIT,b3c33,341,99.11809,99.98598,97.62113,97.3506,99.85525
MIT,b3c33,342,99.12039,100.10161,97.616035,97.352,99.83299
MIT,b3c33,343,99.112564,100.096725,97.57857,97.66251,99.846146
MIT,b3c33,344,99.10988,100.01989,97.59825,97.65316,99.79573
MIT,b3c33,345,99.105316,99.967285,97.621284,97.70738,99.91755
MIT,b3c33,346,99.102,99.903076,97.628426,97.32498,99.87328
MIT,b3c33,347,99.08915,100.106094,97.58177,97.25762,99.87379
MIT,b3c33,348,99.100365,99.99275,97.64087,97.7546,99.81929
MIT,b3c33,349,99.0868,99.81575,97.64671,97.72959,99.86677
MIT,b3c33,350,99.07899,100.00837,97.62078,97.3215,99.803185
MIT,b3c33,351,99.08162,99.62339,97.64477,98.24472,99.798706
MIT,b3c33,352,99.075516,100.076324,97.61908,97.41609,99.82172
MIT,b3c33,353,99.03381,99.08411,97.61436,98.01425,99.77815
MIT,b3c33,354,99.06317,99.811714,97.62185,97.83519,99.89184
MIT,b3c33,355,99.063354,99.98753,97.5318,97.86802,99.78843
MIT,b3c33,356,99.058876,100.06602,97.58438,97.27249,99.8226
MIT,b3c33,357,99.05634,99.69767,97.62178,97.91491,99.793076
MIT,b3c33,358,99.050995,99.765175,97.62154,97.46141,99.8891
MIT,b3c33,359,99.04633,99.90175,97.618454,97.764305,99.799
MIT,b3c33,360,99.04469,99.70648,97.63285,97.2586,99.80829
MIT,b3c33,361,99.0423,99.80922,97.607864,97.3739,99.85772
MIT,b3c33,362,99.03899,100.038124,97.54981,97.93187,99.81486
MIT,b3c33,363,99.03338,99.71347,97.61914,97.66168,99.800766
MIT,b3c33,364,99.02838,99.81413,97.627655,98.02567,99.795525
MIT,b3c33,365,99.024284,99.787094,97.61305,97.67021,99.77245
MIT,b3c33,366,99.018524,99.805046,97.6451,97.64925,99.80113
MIT,b3c33,367,99.01374,99.82063,97.604355,97.27908,99.76928
MIT,b3c33,368,98.99956,99.9859,97.61395,97.87757,99.78308
MIT,b3c33,369,99.0008,99.80756,97.61087,97.340126,99.79483
MIT,b3c33,370,99.001854,99.87672,97.611565,97.872856,99.777916
MIT,b3c33,371,98.988235,99.906845,97.632515,97.50774,99.792946
MIT,b3c33,372,98.98696,99.78685,97.64713,97.79335,99.778656
MIT,b3c33,373,98.986435,99.86649,97.61483,98.28298,99.7717
MIT,b3c33,374,98.97433,99.51881,97.605255,97.444145,99.80761
MIT,b3c33,375,98.977776,99.77879,97.628845,97.816475,99.811035
MIT,b3c33,376,98.96871,99.91776,97.600494,97.316154,99.763306
MIT,b3c33,377,98.965004,99.60778,97.592575,98.500114,99.81218
MIT,b3c33,378,98.953354,99.54706,97.62404,97.96955,99.79085
MIT,b3c33,379,98.954704,99.58048,97.64561,97.63006,99.769485
MIT,b3c33,380,98.94797,99.601135,97.64736,97.71415,99.76246
MIT,b3c33,381,98.94274,99.88387,97.59321,98.56569,99.71911
MIT,b3c33,382,98.939514,99.53779,97.66128,97.69308,99.79103
MIT,b3c33,383,98.94235,99.51653,97.64724,97.782295,99.75896
MIT,b3c33,384,98.927704,99.47792,97.63319,98.048904,99.775
MIT,b3c33,385,98.92552,99.93482,97.61069,97.28454,99.74992
MIT,b3c33,386,98.92243,99.70153,97.6609,97.950905,99.76709
MIT,b3c33,387,98.9105,99.52301,97.63852,97.6629,99.77623
MIT,b3c33,388,98.90778,99.840195,97.5884,98.10069,99.77011
MIT,b3c33,389,98.90551,99.707405,97.66373,97.825264,99.72551
MIT,b3c33,390,98.89821,99.574684,97.655174,98.155945,99.77688
MIT,b3c33,391,98.89485,99.79986,97.61985,98.16644,99.75454
MIT,b3c33,392,98.898674,100.034256,97.44843,98.08228,99.80065
MIT,b3c33,393,98.89833,99.77446,97.58511,97.12334,99.74675
MIT,b3c33,394,98.90143,99.8494,97.56132,97.587265,99.79541
MIT,b3c33,395,98.900826,99.62241,97.60646,97.543434,99.7808
MIT,b3c33,396,98.89581,99.26878,97.59705,97.12238,99.77669
MIT,b3c33,397,98.88602,99.1496,97.58284,96.81556,99.529724
MIT,b3c33,398,98.88958,99.56482,97.56464,96.924355,99.53874
MIT,b3c33,399,98.883354,99.22112,97.59181,96.89243,99.50344
MIT,b3c33,400,98.88046,99.314255,97.60003,97.29523,99.77833
MIT,b3c33,401,98.86831,99.62904,97.56555,97.322296,99.77669
MIT,b3c33,402,98.87109,99.73337,97.55449,97.62377,99.77446
MIT,b3c33,403,98.867294,99.72476,97.54666,97.51036,99.74625
MIT,b3c33,404,98.85889,99.28825,97.575676,97.33517,99.74718
MIT,b3c33,405,98.85722,99.537544,97.50276,97.32156,99.76987
MIT,b3c33,406,98.8622,99.36864,97.60272,96.68325,99.70351
MIT,b3c33,407,98.854706,99.54104,97.561806,97.31579,99.56121
MIT,b3c33,408,98.85181,99.78433,97.565186,97.65754,99.51012
MIT,b3c33,409,98.84593,99.61994,97.547585,96.74224,99.48629
MIT,b3c33,410,98.8443,99.741776,97.53859,97.36766,99.47826
MIT,b3c33,411,98.839325,99.69132,97.553154,97.10911,99.25704
MIT,b3c33,412,98.834015,99.813835,97.457344,97.42788,99.48629
MIT,b3c33,413,98.824295,99.0633,97.57993,96.99712,99.524734
MIT,b3c33,414,98.818214,99.54752,97.54203,97.14714,99.425644
MIT,b3c33,415,98.82063,99.08,97.586586,96.725365,99.520096
MIT,b3c33,416,98.81724,99.66302,97.537575,96.291794,99.53199
MIT,b3c33,417,98.80998,99.51643,97.55367,97.05543,99.2205
MIT,b3c33,418,98.79946,99.433624,97.58174,97.339386,99.420975
MIT,b3c33,419,98.79515,98.79529,97.52851,97.167244,99.58308
MIT,b3c33,420,98.78973,99.38065,97.5815,96.74528,99.48616
MIT,b3c33,421,98.790245,99.35956,97.56131,96.78242,99.45545
MIT,b3c33,422,98.78316,98.8828,97.55983,96.566826,99.42701
MIT,b3c33,423,98.784966,99.65629,97.54174,96.68987,99.25703
MIT,b3c33,424,98.778854,99.48818,97.52724,96.87465,99.21735
MIT,b3c33,425,98.77802,99.02984,97.58005,97.28806,99.25101
MIT,b3c33,426,98.78234,98.894485,97.57017,96.09176,99.39197
MIT,b3c33,427,98.76616,99.224205,97.556076,97.39288,99.39241
MIT,b3c33,428,98.76611,99.429436,97.55192,96.64526,99.24924
MIT,b3c33,429,98.75943,99.23482,97.51344,96.06652,99.22115
MIT,b3c33,430,98.75801,99.06792,97.56392,96.29278,99.244
MIT,b3c33,431,98.75802,99.52039,97.55854,96.41359,99.13483
MIT,b3c33,432,98.74309,99.43787,97.539894,97.03096,99.19763
MIT,b3c33,433,98.74287,99.51841,97.537315,96.99854,99.189354
MIT,b3c33,434,98.72978,99.17957,97.564026,97.38089,99.37446
MIT,b3c33,435,98.729065,99.52433,97.54457,97.064964,99.54062
MIT,b3c33,436,98.72144,99.83183,97.49878,96.94428,99.292885
MIT,b3c33,437,98.72033,98.96053,97.60682,97.372635,99.39858
MIT,b3c33,438,98.71161,98.87879,97.57365,97.37275,99.41736
MIT,b3c33,439,98.70779,99.448715,97.55834,96.581276,99.172325
MIT,b3c33,440,98.7075,99.06519,97.56611,97.38251,99.18646
MIT,b3c33,441,98.70238,99.26235,97.567505,97.39472,99.224144
MIT,b3c33,442,98.69086,98.872,97.56842,96.608116,99.19576
MIT,b3c33,443,98.6941,99.0574,97.53299,97.26353,99.19605
MIT,b3c33,444,98.68272,98.83734,97.561356,97.275,99.42167
MIT,b3c33,445,98.68044,99.44971,97.516205,97.22088,99.03824
MIT,b3c33,446,98.67647,99.08871,97.55884,96.87266,99.31473
MIT,b3c33,447,98.67441,99.32027,97.56455,97.13867,99.23119
MIT,b3c33,448,98.665215,99.1203,97.53327,97.17028,99.22444
MIT,b3c33,449,98.67152,99.24857,97.53751,96.80931,99.02605
MIT,b3c33,450,98.65863,98.89846,97.55606,96.57316,99.22319
MIT,b3c33,451,98.65705,99.422516,97.45976,97.18499,99.2161
MIT,b3c33,452,98.654785,99.068436,97.54907,97.58945,99.218025
MIT,b3c33,453,98.64858,98.66368,97.56546,96.92311,99.21424
MIT,b3c33,454,98.65447,99.31494,97.54523,96.820656,99.181305
MIT,b3c33,455,98.64147,98.9333,97.562675,96.89296,99.21156
MIT,b3c33,456,98.63442,98.994736,97.567245,97.20298,99.278305
MIT,b3c33,457,98.62996,98.80992,97.57035,96.942825,99.18356
MIT,b3c33,458,98.6234,99.07494,97.56379,97.294136,99.21099
MIT,b3c33,459,98.60245,98.53401,97.52884,97.35294,99.18511
MIT,b3c33,460,98.61881,98.90444,97.567795,96.60643,99.20004
MIT,b3c33,461,98.613235,98.782936,97.55623,96.9138,99.22853
MIT,b3c33,462,98.61107,99.07228,97.52643,96.81929,99.18206
MIT,b3c33,463,98.60262,99.28962,97.57127,96.56447,99.05827
MIT,b3c33,464,98.59941,99.057724,97.50838,96.05286,99.2186
MIT,b3c33,465,98.59391,98.98161,97.55051,96.95848,99.12169
MIT,b3c33,466,98.590775,99.172844,97.516556,95.92033,99.1513
MIT,b3c33,467,98.58377,98.41131,97.52571,96.56407,99.15227
MIT,b3c33,468,98.57895,98.25488,97.57337,97.109856,99.166595
MIT,b3c33,469,98.57884,98.805466,97.51314,96.877266,98.99858
MIT,b3c33,470,98.57729,98.875885,97.52946,96.91189,99.24118
MIT,b3c33,471,98.56686,98.98298,97.52598,97.16132,99.0322
MIT,b3c33,472,98.56432,98.07909,97.54412,96.23952,99.2621
MIT,b3c33,473,98.55498,99.11591,97.441124,97.05584,99.04014
MIT,b3c33,474,98.55563,99.1929,97.44621,97.44088,99.032974
MIT,b3c33,475,98.55222,98.47994,97.58022,96.295876,99.05248
MIT,b3c33,476,98.54793,98.38464,97.565704,95.99912,99.07695
MIT,b3c33,477,98.54406,98.7712,97.54388,97.692696,99.00551
MIT,b3c33,478,98.53708,99.0329,97.51343,97.054405,99.1006
MIT,b3c33,479,98.536,98.95792,97.545334,97.22813,99.12679
MIT,b3c33,480,98.52171,99.29211,97.53071,97.02167,99.04448
MIT,b3c33,481,98.52196,98.613075,97.54349,96.76504,99.03608
MIT,b3c33,482,98.51293,98.82976,97.55697,96.910126,99.02537
MIT,b3c33,483,98.50247,99.15683,97.5462,97.27883,99.48207
MIT,b3c33,484,98.49312,98.33232,97.5728,97.47923,99.54987
MIT,b3c33,485,98.490005,98.68435,97.590034,97.32376,99.57708
MIT,b3c33,486,98.484795,98.507195,97.57713,97.20814,99.54394
MIT,b3c33,487,98.4768,97.14319,97.60797,97.716446,99.48487
MIT,b3c33,488,98.473335,99.200485,97.58302,97.13889,99.48038
MIT,b3c33,489,98.46675,98.17346,97.58689,97.471954,99.58288
MIT,b3c33,490,98.45953,98.35744,97.60004,97.23648,99.55267
MIT,b3c33,491,98.45904,98.69845,97.56959,97.63337,99.55437
MIT,b3c33,492,98.4641,98.636,97.58213,96.81403,99.528404
MIT,b3c33,493,98.46267,98.23416,97.5887,97.19623,99.22718
MIT,b3c33,494,98.45999,98.94044,97.5055,96.533,99.05056
MIT,b3c33,495,98.45658,98.16964,97.56947,97.026665,99.23393
MIT,b3c33,496,98.450905,97.9961,97.57757,96.71018,99.083626
MIT,b3c33,497,98.45214,98.97143,97.43595,96.22094,99.02891
MIT,b3c33,498,98.446594,98.06868,97.551155,95.69831,99.065544
MIT,b3c33,499,98.446106,98.43893,97.5574,96.24266,98.99985
MIT,b3c33,500,98.44337,98.175514,97.54379,96.542984,98.94153
MIT,b3c33,501,98.432495,97.87891,97.53233,95.71782,99.166405
MIT,b3c33,502,98.4289,97.9898,97.53413,96.5259,99.022385
MIT,b3c33,503,98.42615,98.19785,97.520905,95.59302,99.04925
MIT,b3c33,504,98.41576,98.99019,97.436745,96.69162,98.98423
MIT,b3c33,505,98.41832,98.48848,97.53073,96.510765,99.09136
MIT,b3c33,506,98.407295,98.70702,97.51579,96.795494,98.98939
MIT,b3c33,507,98.40804,98.2175,97.53779,96.13081,99.09647
MIT,b3c33,508,98.398285,97.97191,97.54325,95.63288,99.10061
MIT,b3c33,509,98.394966,98.268974,97.52606,96.938675,98.98271
MIT,b3c33,510,98.388336,98.43616,97.56423,96.12745,98.984055
MIT,b3c33,511,98.38199,98.66418,97.45704,95.61605,98.986534
MIT,b3c33,512,98.37979,98.264725,97.55723,96.827415,99.02824
MIT,b3c33,513,98.37524,98.15857,97.558784,96.72044,98.99424
MIT,b3c33,514,98.37025,98.43565,97.52732,96.830124,98.98652
MIT,b3c33,515,98.36772,97.939476,97.54603,96.4834,99.02797
MIT,b3c33,516,98.3597,98.43786,97.53932,96.30541,98.95585
MIT,b3c33,517,98.3573,98.55063,97.51999,96.9684,99.017
MIT,b3c33,518,98.34984,98.132065,97.53633,95.63571,99.09392
MIT,b3c33,519,98.34688,98.11199,97.51202,96.59042,99.136696
MIT,b3c33,520,98.34196,98.9995,97.49257,96.73921,98.97914
MIT,b3c33,521,98.333725,98.5088,97.54143,95.59492,99.01404
MIT,b3c33,522,98.33594,98.216606,97.55726,96.64546,99.05035
MIT,b3c33,523,98.33027,98.042625,97.59208,96.182106,99.13016
MIT,b3c33,524,98.31109,98.20075,97.47249,97.196785,98.99792
MIT,b3c33,525,98.3136,98.79197,97.53718,97.24984,99.04324
MIT,b3c33,526,98.30521,98.58614,97.55601,96.82007,99.0287
MIT,b3c33,527,98.303055,98.15608,97.55898,97.20331,99.0712
MIT,b3c33,528,98.29269,98.06319,97.546036,96.03187,99.10168
MIT,b3c33,529,98.29114,98.594246,97.55463,96.51994,99.06125
MIT,b3c33,530,98.28598,98.60875,97.53226,96.501785,99.00074
MIT,b3c33,531,98.28277,98.002266,97.54415,96.00877,99.09222
MIT,b3c33,532,98.27825,99.038086,97.47762,96.83668,99.01798
MIT,b3c33,533,98.28435,98.49647,97.51691,96.99039,99.09954
MIT,b3c33,534,98.26738,98.28195,97.46864,96.049255,98.971886
MIT,b3c33,535,98.26193,98.143715,97.57274,96.285164,99.09947
MIT,b3c33,536,98.25144,98.438705,97.52396,97.51847,99.42227
MIT,b3c33,537,98.25133,98.05039,97.58376,96.75665,99.13821
MIT,b3c33,538,98.24444,97.72442,97.550934,96.90239,99.07247
MIT,b3c33,539,98.24592,97.81533,97.569496,96.16242,99.13291
MIT,b3c33,540,98.24254,98.4917,97.47936,96.41518,98.9685
MIT,b3c33,541,98.23689,97.74353,97.57517,97.28173,99.52773
MIT,b3c33,542,98.22628,97.77094,97.562706,97.35883,99.545586
MIT,b3c33,543,98.22043,98.27797,97.59101,97.18752,99.47075
MIT,b3c33,544,98.21218,97.885445,97.60528,96.78149,99.50421
MIT,b3c33,545,98.21305,98.060074,97.585434,96.65745,99.52891
MIT,b3c33,546,98.19958,98.1829,97.59987,96.808624,99.50641
MIT,b3c33,547,98.19999,98.94116,97.54519,96.89184,99.44702
MIT,b3c33,548,98.19565,98.699005,97.55867,96.96887,99.507515
MIT,b3c33,549,98.190445,98.08338,97.60353,97.10828,99.509705
MIT,b3c33,550,98.18891,98.10225,97.60086,96.97719,99.52693
MIT,b3c33,551,98.17178,98.31395,97.59628,97.88958,99.47809
MIT,b3c33,552,98.16617,98.05685,97.62362,97.01527,99.490166
MIT,b3c33,553,98.155075,98.87271,97.58492,97.243004,99.56011
MIT,b3c33,554,98.15066,98.212166,97.64406,97.754745,99.55314
MIT,b3c33,555,98.144295,98.21429,97.653725,97.64468,99.58986
MIT,b3c33,556,98.13925,98.62782,97.625885,97.83658,99.52377
MIT,b3c33,557,98.13343,96.743576,97.66791,97.87244,99.40983
MIT,b3c33,558,98.127686,98.671135,97.671776,98.23066,99.42549
MIT,b3c33,559,98.12696,98.84902,97.61673,97.761154,99.43646
MIT,b3c33,560,98.11301,98.08884,97.67617,98.63036,99.45882
MIT,b3c33,561,98.11069,98.17416,97.669945,97.9099,99.48041
MIT,b3c33,562,98.10709,98.14436,97.66533,98.00993,99.422226
MIT,b3c33,563,98.10212,98.16165,97.64121,98.1121,99.422226
MIT,b3c33,564,98.105034,98.674576,97.62195,98.375656,99.40783
MIT,b3c33,565,98.09688,98.49698,97.55257,97.30285,99.40569
MIT,b3c33,566,98.10028,98.02844,97.606476,97.2296,99.4195
MIT,b3c33,567,98.1028,97.844246,97.60716,97.03577,99.552185
MIT,b3c33,568,98.10127,98.88464,97.573105,96.69608,99.39139
MIT,b3c33,569,98.10185,97.80015,97.60075,97.132225,99.56524
MIT,b3c33,570,98.0966,98.409966,97.58125,96.74465,99.484726
MIT,b3c33,571,98.084816,97.95517,97.59002,97.4775,99.4446
MIT,b3c33,572,98.08145,98.41354,97.54603,96.32675,99.492836
MIT,b3c33,573,98.07716,97.83958,97.58417,96.97864,99.5574
MIT,b3c33,574,98.071106,98.15491,97.551926,96.371544,99.39891
MIT,b3c33,575,98.06987,98.01378,97.54952,96.65697,99.48637
MIT,b3c33,576,98.07424,98.104515,97.57655,96.2697,98.95918
MIT,b3c33,577,98.064026,97.75906,97.583275,97.21521,99.47777
MIT,b3c33,578,98.05203,98.271866,97.55749,96.64172,99.48771
MIT,b3c33,579,98.042465,97.874344,97.60339,97.12057,99.53072
MIT,b3c33,580,98.04728,97.83046,97.60182,96.615295,99.44786
MIT,b3c33,581,98.03414,97.97855,97.60254,96.48391,99.503555
MIT,b3c33,582,98.03203,97.88807,97.61933,97.49066,99.45117
MIT,b3c33,583,98.0261,98.21757,97.58003,97.032135,99.45451
MIT,b3c33,584,98.01898,97.71979,97.605354,96.83343,99.54434
MIT,b3c33,585,98.01823,97.80543,97.60741,97.10026,99.46426
MIT,b3c33,586,98.01743,97.65073,97.59957,96.80536,99.48914
MIT,b3c33,587,98.01076,97.92749,97.62906,96.72725,99.45056
MIT,b3c33,588,98.00141,97.97191,97.59767,97.38362,99.43731
MIT,b3c33,589,97.99763,97.83456,97.650734,96.98802,99.49305
MIT,b3c33,590,97.99152,97.96836,97.6377,97.18133,99.49331
MIT,b3c33,591,97.9866,98.50012,97.56322,97.56875,99.48689
MIT,b3c33,592,97.97488,97.74234,97.635056,97.482735,99.49378
MIT,b3c33,593,97.97229,98.637085,97.57868,97.4709,99.41063
MIT,b3c33,594,97.96662,97.73756,97.62987,97.63955,99.487206
MIT,b3c33,595,97.956474,98.27401,97.5919,97.011475,99.460526
MIT,b3c33,596,97.95601,98.463196,97.61972,97.02197,99.407524
MIT,b3c33,597,97.95047,98.562454,97.57326,97.677,99.4884
MIT,b3c33,598,97.9477,98.12147,97.59225,97.30739,99.49529
MIT,b3c33,599,97.94167,98.04861,97.61249,97.40671,99.47313
MIT,b3c33,600,97.936165,97.95528,97.58753,96.89508,99.496635
MIT,b3c33,601,97.93592,97.79996,97.600266,97.21422,99.4722
MIT,b3c33,602,97.92607,97.8806,97.60948,97.18723,99.463554
MIT,b3c33,603,97.922165,97.893074,97.60942,97.17532,99.49572
MIT,b3c33,604,97.92389,98.04626,97.61321,97.99931,99.485344
MIT,b3c33,605,97.91215,98.43944,97.55217,96.98171,99.30319
MIT,b3c33,606,97.90716,98.44589,97.55534,97.29704,99.33063
MIT,b3c33,607,97.910866,98.228546,97.55099,96.48361,99.28647
MIT,b3c33,608,97.908325,98.47439,97.53479,96.68254,99.23726
MIT,b3c33,609,97.90711,98.1673,97.53933,96.69093,98.85335
MIT,b3c33,610,97.9084,98.11006,97.54343,96.355,98.89499
MIT,b3c33,611,97.89864,98.05918,97.5195,96.675255,98.9904
MIT,b3c33,612,97.9035,97.98624,97.562744,96.408134,98.83937
MIT,b3c33,613,97.894066,97.97926,97.532646,95.97487,98.859375
MIT,b3c33,614,97.88487,97.77715,97.54185,96.685425,98.96065
MIT,b3c33,615,97.88852,97.76326,97.55068,97.00044,98.96777
MIT,b3c33,616,97.87762,97.69914,97.56403,96.3352,98.99039
MIT,b3c33,617,97.87798,97.70767,97.56429,96.33746,98.95221
MIT,b3c33,618,97.874115,97.66848,97.5439,96.82762,98.99039
MIT,b3c33,619,97.867874,97.414215,97.540085,96.77179,99.00235
MIT,b3c33,620,97.86384,97.67737,97.55626,95.86238,98.90898
MIT,b3c33,621,97.8617,97.914406,97.50464,96.79646,98.91547
MIT,b3c33,622,97.85491,97.8392,97.502174,96.049,98.73869
MIT,b3c33,623,97.85802,97.6418,97.52149,95.64142,98.84495
MIT,b3c33,624,97.85038,97.465355,97.527954,96.58804,98.94419
MIT,b3c33,625,97.84154,97.452774,97.52523,96.53508,98.86461
MIT,b3c33,626,97.836494,97.449036,97.521736,95.253235,98.79748
MIT,b3c33,627,97.83025,97.40412,97.53054,95.56306,98.93948
MIT,b3c33,628,97.83043,97.29938,97.51206,96.50712,98.82419
MIT,b3c33,629,97.82176,97.537094,97.528145,95.43742,98.97632
MIT,b3c33,630,97.81881,97.57466,97.55374,96.670334,98.864265
MIT,b3c33,631,97.8125,97.60978,97.5464,96.937874,98.94524
MIT,b3c33,632,97.803215,97.87484,97.52781,96.75578,98.84755
MIT,b3c33,633,97.79715,97.42409,97.5476,95.68542,98.88822
MIT,b3c33,634,97.79329,97.80531,97.51592,95.84307,98.85241
MIT,b3c33,635,97.794075,97.58097,97.56397,96.333275,98.89939
MIT,b3c33,636,97.78443,98.05519,97.40556,95.9164,98.762314
MIT,b3c33,637,97.78263,97.41477,97.52649,96.7882,98.98923
MIT,b3c33,638,97.775955,97.6913,97.510796,96.49255,98.79212
MIT,b3c33,639,97.77204,97.66524,97.51566,96.94588,98.91074
MIT,b3c33,640,97.766716,97.40957,97.48261,95.38929,98.96666
MIT,b3c33,641,97.766945,97.51591,97.49797,95.134674,98.79675
MIT,b3c33,642,97.76148,97.60031,97.51164,96.06325,98.94728
MIT,b3c33,643,97.76319,97.60192,97.511185,96.30847,98.963264
MIT,b3c33,644,97.75207,97.70273,97.480354,96.10287,98.7825
MIT,b3c33,645,97.740814,97.48396,97.50402,96.16576,98.93661
MIT,b3c33,646,97.73489,97.29395,97.49833,95.81434,98.83329
MIT,b3c33,647,97.73682,97.607124,97.48119,94.98339,98.70843
MIT,b3c33,648,97.731186,97.87852,97.44791,95.632996,98.69736
MIT,b3c33,649,97.73003,97.36765,97.475975,95.477684,98.93098
MIT,b3c33,650,97.722145,97.15067,97.51641,95.98973,98.85841
MIT,b3c33,651,97.71513,97.442635,97.51118,95.75095,98.85896
MIT,b3c33,652,97.710335,97.59287,97.49371,96.63281,98.761826
MIT,b3c33,653,97.71173,97.80423,97.472565,95.70279,98.666145
MIT,b3c33,654,97.70702,97.39696,97.514755,95.490685,98.89143
MIT,b3c33,655,97.69705,97.281876,97.50798,96.60297,98.75779
MIT,b3c33,656,97.692696,97.29797,97.510315,95.96677,98.78064
MIT,b3c33,657,97.691055,96.53002,97.264046,96.02733,98.82451
MIT,b3c33,658,97.68108,97.42783,97.53337,96.42847,98.74791
MIT,b3c33,659,97.67896,97.503456,97.538994,96.256454,98.71964
MIT,b3c33,660,97.66957,97.508415,97.52441,95.73204,98.89913
MIT,b3c33,661,97.65943,97.50752,97.49825,95.61789,98.83161
MIT,b3c33,662,97.65882,97.38133,97.5226,95.40956,98.68345
MIT,b3c33,663,97.65283,97.24765,97.50193,95.87574,98.77792
MIT,b3c33,664,97.650696,97.45782,97.50506,96.030685,98.7567
MIT,b3c33,665,97.639534,97.54342,97.52699,94.9846,98.72764
MIT,b3c33,666,97.63605,97.53399,97.473045,96.42935,98.70839
MIT,b3c33,667,97.63292,97.51266,97.49532,96.49791,98.788925
MIT,b3c33,668,97.62471,97.2793,97.52118,94.990364,98.804886
MIT,b3c33,669,97.61757,97.39353,97.49338,95.32883,98.76245
MIT,b3c33,670,97.62708,97.236115,97.51975,95.434975,98.86846
MIT,b3c33,671,97.62139,97.462074,97.480606,95.80742,98.7591
MIT,b3c33,672,97.61584,97.27362,97.4952,96.11225,98.75827
MIT,b3c33,673,97.611465,96.08742,97.51149,95.74565,98.93919
MIT,b3c33,674,97.60442,97.43942,97.47772,95.84428,98.723564
MIT,b3c33,675,97.59792,97.309135,97.50945,96.35307,98.76255
MIT,b3c33,676,97.591736,97.38404,97.51177,95.79819,98.75619
MIT,b3c33,677,97.58804,97.05468,97.481155,96.24246,98.88119
MIT,b3c33,678,97.58202,97.34654,97.543396,95.57593,98.79718
MIT,b3c33,679,97.57926,97.52846,97.48965,96.10685,98.69748
MIT,b3c33,680,97.57136,97.25828,97.50078,95.90398,98.74898
MIT,b3c33,681,97.56641,97.463554,97.45614,95.86321,98.731285
MIT,b3c33,682,97.56049,97.61588,97.37594,95.80488,98.6953
MIT,b3c33,683,97.554985,97.47091,97.45226,95.859344,98.68204
MIT,b3c33,684,97.553566,97.32846,97.48579,95.86361,98.82207
MIT,b3c33,685,97.54171,97.37424,97.48175,95.57041,98.76498
MIT,b3c33,686,97.54087,97.509895,97.50862,95.74645,98.693535
MIT,b3c33,687,97.530174,96.40994,97.52148,96.37641,98.74894
MIT,b3c33,688,97.53406,97.48746,97.50202,95.97129,98.77053
MIT,b3c33,689,97.517006,97.52069,97.52533,95.43335,98.76787
MIT,b3c33,690,97.511406,97.147995,97.49888,95.202126,98.7523
MIT,b3c33,691,97.5091,97.432144,97.49742,95.39926,98.707726
MIT,b3c33,692,97.50296,97.22616,97.53112,95.999725,98.7627
MIT,b3c33,693,97.50181,97.26238,97.51539,95.91838,98.74923
MIT,b3c33,694,97.4993,97.651405,97.38013,95.18062,98.73103
MIT,b3c33,695,97.49123,97.35412,97.527824,94.8426,98.7462
MIT,b3c33,696,97.48049,97.287315,97.536674,95.14836,98.70019
MIT,b3c33,697,97.4828,97.11615,97.49046,96.010826,98.92625
MIT,b3c33,698,97.47904,97.11137,97.50993,95.49128,98.83044
MIT,b3c33,699,97.47427,97.187294,97.49037,96.085464,98.75624
MIT,b3c33,700,97.46576,97.25689,97.51701,96.431046,98.792694
MIT,b3c33,701,97.45686,97.1656,97.557175,95.19712,98.829094
MIT,b3c33,702,97.451866,97.645546,97.49428,96.47443,98.71287
MIT,b3c33,703,97.44838,97.33075,97.50926,96.61936,98.71944
MIT,b3c33,704,97.438866,97.480156,97.50482,96.45186,98.73788
MIT,b3c33,705,97.43783,97.55585,97.49112,95.976715,98.77636
MIT,b3c33,706,97.43604,97.12711,97.49225,95.11026,98.80804
MIT,b3c33,707,97.43384,97.214806,97.505,94.52512,98.76587
MIT,b3c33,708,97.429504,97.2928,97.506836,96.62486,98.87433
MIT,b3c33,709,97.42419,97.19235,97.49492,95.18705,98.74615
MIT,b3c33,710,97.41587,97.4934,97.42483,96.46892,98.727005
MIT,b3c33,711,97.41055,96.95326,97.48509,95.41411,98.873825
MIT,b3c33,712,97.40144,97.00596,97.48569,94.5535,98.83532
MIT,b3c33,713,97.39509,97.2509,97.4769,94.70208,98.749146
MIT,b3c33,714,97.39007,96.91331,97.483986,95.08466,98.89396
MIT,b3c33,715,97.386215,96.834785,97.47913,95.81059,98.94653
MIT,b3c33,716,97.3804,96.913826,97.52044,95.10773,98.88078
MIT,b3c33,717,97.36948,97.059296,97.5273,95.5379,98.93674
MIT,b3c33,718,97.36462,97.14288,97.55108,95.9567,98.88893
MIT,b3c33,719,97.35751,97.19453,97.52031,95.506096,98.803505
MIT,b3c33,720,97.352234,97.13786,97.52706,96.006714,98.882256
MIT,b3c33,721,97.35573,97.0691,97.54067,96.51662,98.875565
MIT,b3c33,722,97.34667,97.10112,97.52691,96.81166,98.84316
MIT,b3c33,723,97.343,97.489105,97.46299,95.310005,98.7107
MIT,b3c33,724,97.33549,97.15761,97.4931,96.55791,98.8533
MIT,b3c33,725,97.33071,97.307755,97.50871,95.88434,98.706955
MIT,b3c33,726,97.31723,97.37925,97.50915,95.98995,98.81786
MIT,b3c33,727,97.30798,97.29148,97.53081,95.87773,98.92713
MIT,b3c33,728,97.30922,97.10871,97.52253,96.03713,98.96469
MIT,b3c33,729,97.2947,97.20001,97.51288,96.75495,99.006905
MIT,b3c33,730,97.29356,97.00537,97.52143,96.686104,98.87513
MIT,b3c33,731,97.28939,97.34695,97.50015,95.90999,98.770706
MIT,b3c33,732,97.281235,97.11068,97.52491,96.27138,98.9258
MIT,b3c33,733,97.28032,96.14176,97.58273,96.03412,98.84931
MIT,b3c33,734,97.27422,97.11977,97.524124,96.222466,98.95469
MIT,b3c33,735,97.27045,96.9829,97.572975,95.56778,98.83059
MIT,b3c33,736,97.266975,97.17156,97.52852,96.541954,98.93581
MIT,b3c33,737,97.25289,96.11884,97.5807,96.11702,98.94694
MIT,b3c33,738,97.25066,97.30932,97.52424,96.82496,98.76597
MIT,b3c33,739,97.24828,97.450356,97.48297,96.5078,98.5127
MIT,b3c33,740,97.24183,97.35409,97.51826,96.443924,98.89663
MIT,b3c33,741,97.23481,97.146034,97.53847,95.9572,98.61221
MIT,b3c33,742,97.22721,97.49101,97.47409,95.67113,98.63462
MIT,b3c33,743,97.22412,97.45319,97.43169,97.074165,98.73169
MIT,b3c33,744,97.22049,97.106224,97.51506,95.804,98.94617
MIT,b3c33,745,97.214,97.13725,97.542656,95.92258,98.63124
MIT,b3c33,746,97.20712,97.43879,97.484985,96.06468,98.476776
MIT,b3c33,747,97.199234,97.358734,97.5207,96.96756,98.605835
MIT,b3c33,748,97.20017,97.0045,97.55643,95.917076,98.62615
MIT,b3c33,749,97.1935,97.322205,97.51421,95.74956,98.67114
MIT,b3c33,750,97.18531,97.10858,97.552505,96.650345,98.730415
MIT,b3c33,751,97.18175,97.06319,97.5454,95.85229,98.62057
MIT,b3c33,752,97.17269,97.04119,97.56198,96.42196,98.84155
MIT,b3c33,753,97.172424,97.02864,97.55862,96.59291,98.80721
MIT,b3c33,754,97.16807,96.81706,97.5767,95.52259,98.63402
MIT,b3c33,755,97.16242,96.956894,97.54449,97.338974,98.74189
MIT,b3c33,756,97.16384,97.07274,97.51969,96.726715,98.62603
MIT,b3c33,757,97.15239,97.00417,97.53109,95.4342,98.705925
MIT,b3c33,758,97.1508,96.86356,97.56198,96.674866,98.57078
MIT,b3c33,759,97.14426,97.13685,97.531746,95.25757,98.71502
MIT,b3c33,760,97.13935,96.98621,97.51226,95.58476,98.76815
MIT,b3c33,761,97.13101,96.97754,97.53826,96.013016,98.80423
MIT,b3c33,762,97.12525,97.06095,97.53203,95.21119,98.69258
MIT,b3c33,763,97.11663,97.104904,97.537865,96.10402,98.77418
MIT,b3c33,764,97.11201,96.900566,97.49804,96.39626,98.93481
MIT,b3c33,765,97.10563,97.10377,97.51274,95.92067,98.672554
MIT,b3c33,766,97.09776,96.95937,97.53203,95.60731,98.83357
MIT,b3c33,767,97.09983,97.10659,97.527466,95.747505,98.71263
MIT,b3c33,768,97.09353,96.934204,97.56749,95.94903,98.7197
MIT,b3c33,769,97.08172,96.97206,97.555016,95.99911,98.6722
MIT,b3c33,770,97.0758,96.88418,97.5574,95.63842,98.7492
MIT,b3c33,771,97.0692,96.92635,97.56767,96.47819,98.7888
MIT,b3c33,772,97.06865,96.804825,97.54377,96.12933,98.80403
MIT,b3c33,773,97.0623,97.10011,97.53056,96.266075,98.71931
MIT,b3c33,774,97.06072,97.10045,97.55126,95.50071,99.088234
MIT,b3c33,775,97.049965,96.69053,97.53556,96.346054,99.210686
MIT,b3c33,776,97.0506,96.982445,97.581154,95.96971,99.11329
MIT,b3c33,777,97.041504,96.89083,97.556984,95.681946,99.07615
MIT,b3c33,778,97.03672,96.913414,97.57883,96.197754,99.18019
MIT,b3c33,779,97.02619,96.82837,97.54364,96.62436,99.29418
MIT,b3c33,780,97.0224,96.99668,97.55635,96.81931,99.18218
MIT,b3c33,781,97.02216,96.70241,97.5152,96.37578,99.18285
MIT,b3c33,782,97.0127,96.83074,97.55109,96.62558,99.22467
MIT,b3c33,783,97.00418,97.08205,97.55891,95.958534,98.775635
MIT,b3c33,784,97.005264,96.86539,97.552414,95.71531,98.778305
MIT,b3c33,785,97.002396,96.79632,97.56259,96.733604,98.65612
MIT,b3c33,786,96.99092,97.18789,97.52775,95.66853,98.78155
MIT,b3c33,787,96.99111,96.78975,97.55165,96.6062,98.75322
MIT,b3c33,788,96.98159,97.00049,97.535904,96.68164,98.727646
MIT,b3c33,789,96.970314,96.96703,97.5577,96.66594,99.26721
MIT,b3c33,790,96.97247,96.80788,97.53512,96.64973,98.88054
MIT,b3c33,791,96.9713,96.98871,97.538826,95.49794,98.75837
MIT,b3c33,792,96.967514,96.98038,97.52621,95.73383,98.79022
MIT,b3c33,793,96.97189,96.935005,97.53558,96.720566,98.697556
MIT,b3c33,794,96.95892,96.838165,97.54561,96.44468,98.72962
MIT,b3c33,795,96.95185,96.693886,97.55144,96.37472,98.77326
MIT,b3c33,796,96.95021,96.81392,97.52379,95.771355,98.77943
MIT,b3c33,797,96.94651,96.60287,97.51902,96.58125,98.78924
MIT,b3c33,798,96.939095,96.79011,97.52559,96.56837,98.78409
MIT,b3c33,799,96.93321,96.81181,97.51004,96.06846,98.69289
MIT,b3c33,800,96.93258,97.0694,97.47817,96.613174,98.67844
MIT,b3c33,801,96.920525,96.795,97.4982,97.12693,98.751205
MIT,b3c33,802,96.91282,96.951904,97.53403,95.284904,98.77191
MIT,b3c33,803,96.91493,96.671875,97.52894,95.1282,98.76199
MIT,b3c33,804,96.91201,97.005005,97.47347,96.38212,98.58708
MIT,b3c33,805,96.89987,97.018524,97.41324,96.27485,98.68266
MIT,b3c33,806,96.89247,96.65957,97.53822,95.76196,98.773186
MIT,b3c33,807,96.889,96.57111,97.525665,95.252106,98.752754
MIT,b3c33,808,96.88309,96.72176,97.52111,95.96849,98.76126
MIT,b3c33,809,96.87352,96.67626,97.50221,95.66648,98.7741
MIT,b3c33,810,96.87383,96.78473,97.540825,95.36906,98.66214
MIT,b3c33,811,96.87056,96.66319,97.56551,96.55958,98.62665
MIT,b3c33,812,96.8584,96.91683,97.51568,96.446045,98.80519
MIT,b3c33,813,96.851616,95.78118,97.552536,95.86513,98.58407
MIT,b3c33,814,96.84506,96.640495,97.56751,95.28857,98.81361
MIT,b3c33,815,96.84103,96.681206,97.53359,96.212685,98.73592
MIT,b3c33,816,96.837456,96.8254,97.510796,96.253,98.80858
MIT,b3c33,817,96.83715,96.624596,97.55139,96.643524,98.54471
MIT,b3c33,818,96.823555,96.531395,97.52769,95.36497,98.54507
MIT,b3c33,819,96.81943,96.60244,97.48787,96.080315,98.68826
MIT,b3c33,820,96.81266,96.75598,97.53535,95.218056,98.75653
MIT,b3c33,821,96.81178,96.77168,97.529724,95.90705,98.52167
MIT,b3c33,822,96.80387,96.546455,97.50365,94.79271,98.52145
MIT,b3c33,823,96.7979,96.63886,97.493256,95.30538,98.70825
MIT,b3c33,824,96.79208,97.03523,97.3889,95.642334,98.51158
MIT,b3c33,825,96.791,96.69673,97.4725,95.55433,98.61839
MIT,b3c33,826,96.7821,96.71293,97.49998,94.7741,98.49797
MIT,b3c33,827,96.77813,96.85546,97.49128,96.45936,98.60068
MIT,b3c33,828,96.7674,96.67686,97.48222,94.593315,98.58161
MIT,b3c33,829,96.75882,96.77118,97.45735,95.80826,98.524086
MIT,b3c33,830,96.75508,96.61707,97.51308,95.18821,98.417366
MIT,b3c33,831,96.75035,96.65411,97.54947,95.23634,98.603485
MIT,b3c33,832,96.74736,96.54917,97.56028,96.751465,98.59092
MIT,b3c33,833,96.736725,96.682274,97.49055,95.69574,98.48445
MIT,b3c33,834,96.736115,96.73614,97.53006,95.876945,98.38928
MIT,b3c33,835,96.726555,95.68022,97.55885,95.32697,98.46612
MIT,b3c33,836,96.71595,96.701706,97.51081,95.75867,98.547226
MIT,b3c33,837,96.7119,96.48225,97.51034,94.97559,98.58471
MIT,b3c33,838,96.702805,96.552185,97.52813,96.250496,98.57199
MIT,b3c33,839,96.69706,96.4349,97.54317,95.706604,98.52414
MIT,b3c33,840,96.68753,96.78509,97.543076,96.77865,98.55743
MIT,b3c33,841,96.6869,96.843506,97.48013,95.63804,98.49196
MIT,b3c33,842,96.67723,96.60183,97.536934,95.866104,98.534
MIT,b3c33,843,96.658936,96.53254,97.54958,95.302505,98.43455
MIT,b3c33,844,96.66148,96.87172,97.52156,95.62488,98.36965
MIT,b3c33,845,96.65698,96.727036,97.553345,97.311066,98.46269
MIT,b3c33,846,96.64873,96.38547,97.558365,95.705246,98.57105
MIT,b3c33,847,96.63918,96.61631,97.558586,96.06184,98.343925
MIT,b3c33,848,96.6394,95.549965,97.563194,94.88315,98.38918
MIT,b3c33,849,96.62836,96.4333,97.562675,96.37389,98.65334
MIT,b3c33,850,96.62237,96.45239,97.55775,96.725784,98.86474
MIT,b3c33,851,96.618004,96.4227,97.56275,96.68043,98.64183
MIT,b3c33,852,96.611244,96.4689,97.59184,96.29126,98.81116
MIT,b3c33,853,96.60754,96.38976,97.573364,96.59563,98.72854
MIT,b3c33,854,96.604294,96.435486,97.56521,96.34507,98.65208
MIT,b3c33,855,96.59525,96.41617,97.569664,96.43248,98.401054
MIT,b3c33,856,96.58881,96.530846,97.60877,96.21936,98.66921
MIT,b3c33,857,96.580284,96.47839,97.560295,95.4201,98.31799
MIT,b3c33,858,96.58037,96.46128,97.56818,95.70906,98.447014
MIT,b3c33,859,96.57001,96.62144,97.53931,96.60828,98.26855
MIT,b3c33,860,96.56088,96.55458,97.52626,95.72416,98.26272
MIT,b3c33,861,96.55431,96.372185,97.547775,97.25482,98.28616
MIT,b3c33,862,96.551346,96.356636,97.52667,95.82588,98.5902
MIT,b3c33,863,96.54892,96.53871,97.52348,95.92068,98.314705
MIT,b3c33,864,96.54262,96.333984,97.56512,96.29749,98.496796
MIT,b3c33,865,96.536316,96.37709,97.552635,95.11424,98.31212
MIT,b3c33,866,96.53005,96.43348,97.54079,95.913864,98.33437
MIT,b3c33,867,96.52663,96.53274,97.46702,95.11258,98.39104
MIT,b3c33,868,96.53014,96.567444,97.5289,95.4122,98.23062
MIT,b3c33,869,96.52131,96.354706,97.532196,95.32537,98.30836
MIT,b3c33,870,96.52282,96.39514,97.517334,95.13982,98.03997
MIT,b3c33,871,96.50207,96.31874,97.58328,95.10254,98.290436
MIT,b3c33,872,96.49614,96.2874,97.58998,96.81164,98.583954
MIT,b3c33,873,96.4895,96.28223,97.576965,95.57335,98.42014
MIT,b3c33,874,96.48036,96.57609,97.48461,96.94709,98.22881
MIT,b3c33,875,96.47529,96.615486,97.500305,96.42894,98.591125
MIT,b3c33,876,96.47037,96.52029,97.554146,96.0895,98.48488
MIT,b3c33,877,96.46369,96.294174,97.58202,96.40475,98.69856
MIT,b3c33,878,96.45492,96.443275,97.59231,97.13173,98.58129
MIT,b3c33,879,96.44727,96.28876,97.57489,96.85436,98.763504
MIT,b3c33,880,96.43973,96.44423,97.53335,97.13369,98.67113
MIT,b3c33,881,96.43532,96.51171,97.59362,95.95116,98.68855
MIT,b3c33,882,96.42181,96.3002,97.552185,96.30854,98.735374
MIT,b3c33,883,96.41927,96.41015,97.56782,97.04466,98.80765
MIT,b3c33,884,96.41256,96.42076,97.59526,96.495804,98.80138
MIT,b3c33,885,96.409744,96.258286,97.6057,96.85363,98.82441
MIT,b3c33,886,96.39559,96.286194,97.66235,97.29057,98.85078
MIT,b3c33,887,96.386116,96.20811,97.62123,96.957634,98.84541
MIT,b3c33,888,96.383385,96.30886,97.63122,96.77054,98.843544
MIT,b3c33,889,96.374886,96.35111,97.634445,98.06184,98.84667
MIT,b3c33,890,96.3718,96.327614,97.62437,97.66605,98.77488
MIT,b3c33,891,96.358444,96.19527,97.66101,96.91755,98.893265
MIT,b3c33,892,96.3544,96.44323,97.5569,96.91058,98.76382
MIT,b3c33,893,96.34478,96.43318,97.590965,96.635025,98.89826
MIT,b3c33,894,96.34399,96.47104,97.62849,96.689705,98.796295
MIT,b3c33,895,96.3369,96.37027,97.61808,96.928055,98.85858
MIT,b3c33,896,96.329315,96.143105,97.594284,97.28979,98.88229
MIT,b3c33,897,96.324684,96.127335,97.59712,97.82707,98.8
MIT,b3c33,898,96.31566,96.490074,97.6041,96.956474,98.65514
MIT,b3c33,899,96.31059,96.11154,97.61938,96.88947,98.89305
MIT,b3c33,900,96.29679,96.33587,97.645546,97.53304,98.72855
MIT,b3c33,901,96.28815,96.329185,97.61872,96.89288,98.51489
MIT,b3c33,902,96.28276,96.11204,97.58189,96.67907,98.90059
MIT,b3c33,903,96.28129,96.20041,97.61652,97.57785,98.58572
MIT,b3c33,904,96.268166,96.43245,97.6366,97.89028,98.700035
MIT,b3c33,905,96.26214,96.26472,97.6399,98.06987,98.712715
MIT,b3c33,906,96.25543,96.35941,97.61286,97.15861,98.60051
MIT,b3c33,907,96.25096,96.288055,97.638954,97.24952,98.53999
MIT,b3c33,908,96.243866,96.314125,97.61464,97.63039,98.55422
MIT,b3c33,909,96.23901,96.23731,97.615685,96.95994,98.84853
MIT,b3c33,910,96.2307,96.1071,97.628555,96.97644,98.913216
MIT,b3c33,911,96.23077,96.32618,97.632484,97.83674,98.61779
MIT,b3c33,912,96.21342,96.09338,97.650764,97.13168,98.86727
MIT,b3c33,913,96.21414,96.26671,97.61845,97.23694,98.91432
MIT,b3c33,914,96.20542,96.34893,97.609535,97.015305,98.589035
MIT,b3c33,915,96.20247,96.30271,97.61214,97.18707,98.52191
MIT,b3c33,916,96.19137,96.22212,97.63542,97.58893,98.93364
MIT,b3c33,917,96.18774,96.175156,97.63222,96.87272,98.53291
MIT,b3c33,918,96.184395,96.29773,97.58309,97.23288,98.59688
MIT,b3c33,919,96.18079,96.09004,97.643265,97.39306,98.61074
MIT,b3c33,920,96.16936,96.05585,97.64946,97.341324,98.52805
MIT,b3c33,921,96.16106,96.16428,97.641685,97.26881,98.623375
MIT,b3c33,922,96.155045,96.121185,97.62794,97.75712,98.68824
MIT,b3c33,923,96.153824,95.887474,97.617455,96.963646,98.94746
MIT,b3c33,924,96.14186,96.23927,97.58537,97.658264,98.57369
MIT,b3c33,925,96.13533,95.918,97.66017,97.19276,98.68026
MIT,b3c33,926,96.12691,96.19822,97.61683,97.01706,98.591
MIT,b3c33,927,96.116325,96.010086,97.65302,96.94107,98.789894
MIT,b3c33,928,96.107666,95.97812,97.65793,96.871,98.86722
MIT,b3c33,929,96.10542,96.03447,97.652756,97.29969,98.65939
MIT,b3c33,930,96.092896,96.22763,97.56548,97.605354,98.55999
MIT,b3c33,931,96.08501,96.20525,97.64266,97.47188,98.74724
MIT,b3c33,932,96.074326,96.01575,97.62254,96.9791,98.52325
MIT,b3c33,933,96.07037,95.98301,97.64201,97.42764,98.825775
MIT,b3c33,934,96.06677,95.85349,97.624725,97.20145,98.72184
MIT,b3c33,935,96.05744,95.841354,97.65654,97.15718,98.61555
MIT,b3c33,936,96.04709,95.9756,97.64314,96.865486,98.723335
MIT,b3c33,937,96.04401,96.20265,97.60878,97.65142,98.53716
MIT,b3c33,938,96.03649,96.07859,97.66291,97.430855,98.58863
MIT,b3c33,939,96.02889,96.05828,97.61552,97.0978,98.18475
MIT,b3c33,940,96.02012,95.8459,97.64369,97.091286,98.58517
MIT,b3c33,941,96.01421,95.76903,97.64001,97.474594,98.64422
MIT,b3c33,942,96.008896,95.7378,97.63672,97.49465,98.51507
MIT,b3c33,943,95.99719,95.973206,97.6487,97.332596,98.64936
MIT,b3c33,944,95.98932,95.95258,97.65559,97.602,98.51376
MIT,b3c33,945,95.98107,95.98692,97.63237,97.612305,98.309326
MIT,b3c33,946,95.97401,96.04136,97.65639,97.087265,98.386116
MIT,b3c33,947,95.970116,96.04926,97.62081,97.76115,98.32275
MIT,b3c33,948,95.959854,96.10053,97.590744,97.26164,98.4918
MIT,b3c33,949,95.94859,96.00604,97.64618,97.51345,98.50496
MIT,b3c33,950,95.9401,95.994995,97.63793,97.531906,98.51515
MIT,b3c33,951,95.93823,95.94758,97.65047,97.29507,98.75202
MIT,b3c33,952,95.92777,95.82218,97.631294,97.24166,98.51302
MIT,b3c33,953,95.91671,95.854485,97.68398,97.21359,98.46963
MIT,b3c33,954,95.90734,95.92219,97.65191,97.50598,98.4938
MIT,b3c33,955,95.90432,95.93143,97.652115,98.11731,98.50525
MIT,b3c33,956,95.89097,95.75376,97.69422,98.25764,98.50145
MIT,b3c33,957,95.88576,95.72655,97.66242,97.79952,98.5693
MIT,b3c33,958,95.87848,95.80266,97.663574,97.36631,98.52579
MIT,b3c33,959,95.86884,95.64354,97.69406,97.412994,98.521355
MIT,b3c33,960,95.86061,95.72708,97.6586,97.90602,98.507706
MIT,b3c33,961,95.855705,95.57682,97.66466,97.760895,98.44273
MIT,b3c33,962,95.839485,95.697716,97.67889,97.76851,98.55214
MIT,b3c33,963,95.83063,95.56629,97.667885,97.66468,98.47817
MIT,b3c33,964,95.82744,95.593185,97.66685,97.79476,98.41785
MIT,b3c33,965,95.81203,95.70587,97.66513,97.45173,98.541565
MIT,b3c33,966,95.80481,95.786354,97.65943,97.87717,98.468185
MIT,b3c33,967,95.80414,95.68229,97.68118,97.419426,98.3244
MIT,b3c33,968,95.79151,95.57954,97.68528,98.02068,98.38923
MIT,b3c33,969,95.783615,95.61917,97.68491,97.11378,98.447105
MIT,b3c33,970,95.774,95.590675,97.664185,97.87259,98.45512
MIT,b3c33,971,95.76863,95.48429,97.683754,97.51908,98.228836
MIT,b3c33,972,95.758575,95.548645,97.701706,97.36887,98.3493
MIT,b3c33,973,95.74781,95.51715,97.69239,97.8116,98.35433
MIT,b3c33,974,95.74692,95.52622,97.68921,97.515915,98.32755
MIT,b3c33,975,95.73455,95.429146,97.65251,97.3373,98.20272
MIT,b3c33,976,95.73323,95.7125,97.64013,97.30217,98.47489
MIT,b3c33,977,95.71909,95.6708,97.629715,97.63422,98.468185
MIT,b3c33,978,95.71143,95.63517,97.66688,97.67078,98.18728
MIT,b3c33,979,95.69919,95.710625,97.63802,97.42732,98.42475
MIT,b3c33,980,95.69601,95.696526,97.62941,98.345535,98.316154
MIT,b3c33,981,95.688484,95.434105,97.66719,97.79788,98.335915
MIT,b3c33,982,95.675804,95.595955,97.66064,97.31761,98.32684
MIT,b3c33,983,95.66094,95.385475,97.658394,97.60279,98.324165
MIT,b3c33,984,95.65553,95.61159,97.656624,97.24716,98.32684
MIT,b3c33,985,95.64974,95.47205,97.68028,97.79546,98.33674
MIT,b3c33,986,95.639946,95.43842,97.65557,97.47505,98.33674
MIT,b3c33,987,95.63269,95.405266,97.68514,97.77356,98.33674
MIT,b3c33,988,95.624306,95.412094,97.670616,97.71627,98.321915
MIT,b3c33,989,95.61368,95.449135,97.66463,97.54701,98.31606
MIT,b3c33,990,95.604904,95.328705,97.69159,97.84892,98.324165
MIT,b3c33,991,95.58966,95.374374,97.69127,97.82634,97.973946
MIT,b3c33,992,95.586044,95.3527,97.67785,97.2792,98.25733
MIT,b3c33,993,95.57658,95.33468,97.697716,97.18574,98.25733
MIT,b3c33,994,95.56252,95.24032,97.689445,97.55926,97.98349
MIT,b3c33,995,95.547325,95.37008,97.68404,97.33077,97.96533
MIT,b3c33,996,95.54493,95.42647,97.69842,97.54084,97.82394
MIT,b3c33,997,95.526146,95.31192,97.68524,97.36644,97.83322
MIT,b3c33,998,95.51858,95.26693,97.6924,97.7516,97.96805
MIT,b3c33,999,95.50389,95.17241,97.69366,97.20997,97.87993
MIT,b3c33,1000,95.4984,95.25681,97.68854,97.7185,97.85634
MIT,b3c33,1001,95.486176,95.24103,97.68942,97.79958,97.91511
MIT,b3c33,1002,95.47627,95.21056,97.680695,97.82371,97.87768
MIT,b3c33,1003,95.467896,95.21393,97.686005,97.845184,97.870865
MIT,b3c33,1004,95.45208,95.10289,97.69027,97.65859,97.752655
MIT,b3c33,1005,95.43881,95.081825,97.69654,97.873314,97.650024
MIT,b3c33,1006,95.432884,95.156235,97.707085,97.53142,97.826935
MIT,b3c33,1007,95.4274,95.134605,97.706635,97.33533,97.63786
MIT,b3c33,1008,95.41628,95.0915,97.68054,98.031296,97.77347
MIT,b3c33,1009,95.40372,95.108925,97.70207,97.82043,97.76795
MIT,b3c33,1010,95.39277,95.16283,97.65798,97.58248,97.7068
MIT,b3c33,1011,95.380714,95.18531,97.68581,98.304535,97.69849
MIT,b3c33,1012,95.361,95.112915,97.70621,97.607765,97.517456
MIT,b3c33,1013,95.353546,95.092415,97.69605,97.856476,97.51954
MIT,b3c33,1014,95.342514,95.10345,97.69385,97.64949,97.528854
MIT,b3c33,1015,95.32817,95.0331,97.71042,97.478645,97.44693
MIT,b3c33,1016,95.311066,94.94758,97.66359,97.42077,97.493774
MIT,b3c33,1017,95.30461,95.046104,97.692474,97.57741,97.46376
MIT,b3c33,1018,95.29036,94.94768,97.711136,97.26183,97.53787
MIT,b3c33,1019,95.27946,94.97226,97.74096,98.40793,97.408356
MIT,b3c33,1020,95.269554,95.012024,97.72784,97.79338,97.35478
MIT,b3c33,1021,95.257805,94.939064,97.71332,98.32673,97.41514
MIT,b3c33,1022,95.245636,94.887985,97.72479,97.70457,97.28096
MIT,b3c33,1023,95.23028,94.865585,97.69034,97.569176,97.32728
MIT,b3c33,1024,95.21992,94.88083,97.68173,97.69239,97.40933
MIT,b3c33,1025,95.20586,94.95746,97.69824,97.64081,97.27226
MIT,b3c33,1026,95.19497,94.97857,97.67373,98.12036,97.35227
MIT,b3c33,1027,95.17689,94.95613,97.688194,98.26294,97.41711
MIT,b3c33,1028,95.16349,94.97037,97.69527,97.68791,97.37604
MIT,b3c33,1029,95.15428,94.990005,97.66716,97.33759,97.39432
MIT,b3c33,1030,95.13946,94.8779,97.68353,97.736694,97.28571
MIT,b3c33,1031,95.12252,94.9689,97.68645,97.774734,97.15039
MIT,b3c33,1032,95.11324,94.87017,97.697754,97.2646,97.297554
MIT,b3c33,1033,95.103195,94.78638,97.71982,97.51742,97.26119
MIT,b3c33,1034,95.08674,94.814766,97.68685,97.903305,97.075806
MIT,b3c33,1035,95.07962,94.704,97.696815,97.53693,97.28984
MIT,b3c33,1036,95.06668,94.76501,97.68641,98.08486,97.1961
MIT,b3c33,1037,95.050865,94.72536,97.69305,97.29456,97.15317
MIT,b3c33,1038,95.041176,94.87752,97.687996,97.96697,97.19549
MIT,b3c33,1039,95.02549,94.70689,97.68585,97.466255,96.93353
MIT,b3c33,1040,95.0132,94.77038,97.69843,97.57742,96.96301
MIT,b3c33,1041,94.994774,94.76973,97.707596,97.250694,96.96681
MIT,b3c33,1042,94.97477,94.790634,97.70808,97.726746,96.77302
MIT,b3c33,1043,94.96549,94.83529,97.66188,97.905014,97.039375
MIT,b3c33,1044,94.948784,94.66414,97.704025,98.09104,96.878654
MIT,b3c33,1045,94.93839,94.57509,97.70026,97.536415,96.76581
MIT,b3c33,1046,94.92359,94.6528,97.68259,97.35247,96.878654
MIT,b3c33,1047,94.91253,94.62093,97.69181,97.39605,96.878654
MIT,b3c33,1048,94.890564,94.63235,97.711395,97.6168,96.8058
MIT,b3c33,1049,94.88179,94.52431,97.71529,97.50617,96.89789
MIT,b3c33,1050,94.86705,94.591095,97.6812,97.686844,96.6707
MIT,b3c33,1051,94.85373,94.42195,97.696915,97.56261,96.746735
MIT,b3c33,1052,94.839874,94.59809,97.688896,97.21129,96.738884
MIT,b3c33,1053,94.82568,94.52609,97.68188,97.12572,96.66284
MIT,b3c33,1054,94.80249,94.47314,97.71114,97.17032,96.81957
MIT,b3c33,1055,94.783455,94.426125,97.69203,97.220604,96.69654
MIT,b3c33,1056,94.76866,94.633125,97.70786,97.17762,96.77959
MIT,b3c33,1057,94.75844,94.482124,97.69145,97.24648,96.58621
MIT,b3c33,1058,94.740585,94.54253,97.658394,97.60286,96.66862
MIT,b3c33,1059,94.72751,94.38003,97.69101,97.14924,96.48343
MIT,b3c33,1060,94.706085,94.455154,97.7124,98.22268,96.64075
MIT,b3c33,1061,94.68881,94.44186,97.692,97.407166,96.69654
MIT,b3c33,1062,94.675095,94.30088,97.70789,97.83956,96.67593
MIT,b3c33,1063,94.665474,94.517075,97.63802,97.55408,96.64075
MIT,b3c33,1064,94.64126,94.47334,97.66606,97.26411,96.63873
MIT,b3c33,1065,94.62792,94.28337,97.70203,97.64073,96.63474
MIT,b3c33,1066,94.609825,94.35607,97.675735,98.14944,96.64075
MIT,b3c33,1067,94.58403,94.4344,97.68612,97.532265,96.350266
MIT,b3c33,1068,94.56944,94.25587,97.699234,97.13377,96.359825
MIT,b3c33,1069,94.55362,94.35701,97.70384,97.37345,96.59274
MIT,b3c33,1070,94.53904,94.19155,97.7,97.90789,96.31131
MIT,b3c33,1071,94.521965,94.18036,97.701836,97.44728,96.254074
MIT,b3c33,1072,94.50471,94.46422,97.59518,97.06724,96.45579
MIT,b3c33,1073,94.48207,94.131516,97.708954,97.16023,96.18406
MIT,b3c33,1074,94.46502,94.15148,97.69726,97.5902,96.14667
MIT,b3c33,1075,94.44726,94.075134,97.68403,97.836235,96.19398
MIT,b3c33,1076,94.43114,93.15394,97.68968,93.72446,95.951126
MIT,b3c33,1077,94.40608,94.11108,97.71403,97.02363,95.91586
MIT,b3c33,1078,94.39523,94.11091,97.69608,97.12066,95.89773
MIT,b3c33,1079,94.37219,94.24675,97.692986,97.27511,95.93715
MIT,b3c33,1080,94.353004,94.070274,97.69352,97.47684,95.8255
MIT,b3c33,1081,94.3313,94.15457,97.65943,97.708496,95.88286
MIT,b3c33,1082,94.30895,94.118645,97.682144,97.127945,95.85329
MIT,b3c33,1083,94.2928,93.997826,97.688995,97.79973,95.81001
MIT,b3c33,1084,94.2715,94.119,97.679695,97.4607,95.884605
MIT,b3c33,1085,94.24769,94.00417,97.691574,97.48827,95.589066
MIT,b3c33,1086,94.22364,93.93144,97.69228,97.40579,95.76199
MIT,b3c33,1087,94.20667,93.97652,97.68937,97.43278,95.72486
MIT,b3c33,1088,94.18673,93.8707,97.707344,97.14835,95.576385
MIT,b3c33,1089,94.16311,93.95624,97.7181,97.32385,95.58859
MIT,b3c33,1090,94.14157,93.97888,97.7061,98.16131,95.68654
MIT,b3c33,1091,94.12128,93.861626,97.69297,97.14575,95.612335
MIT,b3c33,1092,94.09942,93.840126,97.70372,97.74573,95.596596
MIT,b3c33,1093,94.07173,93.996254,97.67801,97.325676,95.82315
MIT,b3c33,1094,94.04539,93.93803,97.63586,97.014626,95.76146
MIT,b3c33,1095,94.023575,93.863266,97.71985,97.51065,95.62025
MIT,b3c33,1096,94.00065,93.89028,97.71763,97.98122,95.59029
MIT,b3c33,1097,93.978714,92.50129,97.71652,93.027916,95.60946
MIT,b3c33,1098,93.95918,93.76103,97.69587,97.178474,95.655304
MIT,b3c33,1099,93.92964,93.75656,97.69847,97.65011,95.5947
MIT,b3c33,1100,93.90181,93.665985,97.70495,97.55367,95.62969
MIT,b3c33,1101,93.87895,93.72551,97.69933,97.58886,95.50592
MIT,b3c33,1102,93.85003,93.84521,97.686295,97.63702,95.50795
MIT,b3c33,1103,93.81851,93.63806,97.712265,97.32288,96.10253
MIT,b3c33,1104,93.78948,93.66819,97.71214,97.309395,96.21005
MIT,b3c33,1105,93.76665,93.68213,97.72787,97.18568,95.40928
MIT,b3c33,1106,93.742584,93.593666,97.7179,96.987755,95.83146
MIT,b3c33,1107,93.70517,93.56741,97.70265,97.27183,96.13573
MIT,b3c33,1108,93.67356,93.653694,97.688835,98.296715,95.83293
MIT,b3c33,1109,93.64561,93.57581,97.706375,97.222206,95.932465
MIT,b3c33,1110,93.61346,93.56794,97.70839,97.40206,95.91107
MIT,b3c33,1111,93.584984,93.46722,97.704315,97.42016,95.81231
MIT,b3c33,1112,93.55038,93.599945,97.704025,97.522446,95.948845
MIT,b3c33,1113,93.52045,93.5389,97.68243,96.99918,95.63273
MIT,b3c33,1114,93.48836,93.47496,97.70745,97.15985,95.89226
MIT,b3c33,1115,93.45157,93.40526,97.689674,97.74111,95.50318
MIT,b3c33,1116,93.41584,93.550835,97.67304,97.71617,95.42193
MIT,b3c33,1117,93.376625,93.433624,97.70568,97.38702,95.35377
MIT,b3c33,1118,93.34387,93.486855,97.662056,97.05895,95.38812
MIT,b3c33,1119,93.30577,93.516045,97.687546,97.243416,95.39105
MIT,b3c33,1120,93.267265,93.38397,97.71044,97.65741,95.386925
MIT,b3c33,1121,93.23267,93.448906,97.644745,96.78659,95.36058
MIT,b3c33,1122,93.19838,93.40368,97.67141,96.9114,95.44754
MIT,b3c33,1123,93.157326,93.236435,97.69814,97.25541,95.294426
MIT,b3c33,1124,93.11762,93.23583,97.70048,96.76331,95.160286
MIT,b3c33,1125,93.076416,93.33258,97.67899,97.66024,95.15867
MIT,b3c33,1126,93.036896,93.213425,97.66803,96.868866,95.29349
MIT,b3c33,1127,92.99484,93.2765,97.680176,97.404366,95.248604
MIT,b3c33,1128,92.95899,93.24867,97.68352,96.56795,95.15867
MIT,b3c33,1129,92.915276,93.30898,97.64036,97.383766,94.95004
MIT,b3c33,1130,92.8706,93.15567,97.6898,96.65575,94.61811
MIT,b3c33,1131,92.82405,93.27316,97.66286,97.265274,94.92358
MIT,b3c33,1132,92.78287,93.12165,97.68881,97.03929,95.049324
MIT,b3c33,1133,92.7417,93.10669,97.67366,96.71405,94.587364
MIT,b3c33,1134,92.6972,93.072716,97.697556,97.34679,94.573044
MIT,b3c33,1135,92.649284,93.134995,97.675804,97.278275,94.6336
MIT,b3c33,1136,92.608284,93.04462,97.66613,97.36407,94.499886
MIT,b3c33,1137,92.56584,92.987724,97.675156,96.83452,94.21031
MIT,b3c33,1138,92.51648,92.977455,97.69489,97.77083,94.26242
MIT,b3c33,1139,92.46739,92.943924,97.687355,96.849205,94.35197
MIT,b3c33,1140,92.425255,92.98884,97.67413,97.07222,94.33955
MIT,b3c33,1141,92.37878,92.845345,97.68978,97.00849,94.218636
MIT,b3c33,1142,92.33431,92.916,97.67183,97.009674,94.142044
MIT,b3c33,1143,92.2858,92.919525,97.691986,96.67143,94.07384
MIT,b3c33,1144,92.23457,92.87604,97.70008,97.214165,94.052635
MIT,b3c33,1145,92.18709,92.856895,97.69482,97.09525,94.13818
MIT,b3c33,1146,92.134224,92.909424,97.66855,96.95299,94.01232
MIT,b3c33,1147,92.08893,92.91287,97.64554,97.692444,94.007034
MIT,b3c33,1148,92.04349,92.72049,97.65571,97.03035,94.05122
MIT,b3c33,1149,91.9949,92.770454,97.648796,97.5742,93.756325
MIT,b3c33,1150,91.94656,92.71895,97.70703,97.23752,93.81918
MIT,b3c33,1151,91.89409,92.69794,97.68448,96.91952,94.03931
MIT,b3c33,1152,91.84442,92.6672,97.694916,96.672554,93.94168
MIT,b3c33,1153,91.791245,92.6239,97.70304,96.80636,93.630104
MIT,b3c33,1154,91.74407,92.56305,97.684845,96.70172,93.55758
MIT,b3c33,1155,91.68998,92.654564,97.70271,96.58664,93.521126
MIT,b3c33,1156,91.64026,92.61802,97.704346,97.08179,93.58482
MIT,b3c33,1157,91.58239,92.64966,97.670105,96.63134,93.59273
MIT,b3c33,1158,91.530914,92.515045,97.6639,97.10513,93.466484
MIT,b3c33,1159,91.47568,92.548294,97.640465,96.73765,92.64559
MIT,b3c33,1160,91.42787,92.16415,97.691345,96.78163,92.516624
MIT,b3c33,1161,91.37651,92.549255,97.65584,96.55813,92.65415
MIT,b3c33,1162,91.32088,92.52051,97.65575,96.50245,93.31401
MIT,b3c33,1163,91.26136,92.46654,97.691696,97.06927,92.11217
MIT,b3c33,1164,91.213394,92.36463,97.69206,97.10492,92.85476
MIT,b3c33,1165,91.161896,92.404655,97.679214,96.96668,92.08671
MIT,b3c33,1166,91.10722,92.30609,97.67182,96.81463,91.955
MIT,b3c33,1167,91.05217,92.364265,97.70298,97.006004,92.24048
MIT,b3c33,1168,90.991264,92.370834,97.68579,97.41083,92.1611
MIT,b3c33,1169,90.92795,92.305115,97.68108,97.18319,91.79468
MIT,b3c33,1170,90.8787,92.23834,97.66992,96.92379,91.81629
MIT,b3c33,1171,90.83009,92.19847,97.71118,97.15926,91.69367
MIT,b3c33,1172,90.770874,92.24296,97.66418,97.07447,91.78734
MIT,b3c33,1173,90.711784,92.11917,97.700584,96.43952,91.43471
MIT,b3c33,1174,90.65972,92.112076,97.69911,96.008026,91.52245
MIT,b3c33,1175,90.595314,92.0885,97.70774,96.003746,91.387886
MIT,b3c33,1176,90.53988,92.089775,97.682175,96.26259,91.39249
MIT,b3c33,1177,90.49022,91.99129,97.69427,96.40409,91.359985
MIT,b3c33,1178,90.424545,92.03113,97.67826,96.08087,91.21643
MIT,b3c33,1179,90.371025,92.02472,97.67352,96.48314,91.19365
MIT,b3c33,1180,90.3116,91.88799,97.70995,96.58366,91.18665
MIT,b3c33,1181,90.257065,91.99378,97.68518,96.47657,90.9284
MIT,b3c33,1182,90.1993,91.99093,97.681625,96.28666,90.94136
MIT,b3c33,1183,90.1343,91.903046,97.64575,96.60927,90.943375
MIT,b3c33,1184,90.079666,91.86993,97.69101,96.7018,90.81204
MIT,b3c33,1185,90.0142,91.75859,97.67966,96.75385,90.79857
MIT,b3c33,1186,89.96017,91.83605,97.666824,96.778046,90.83615
MIT,b3c33,1187,89.9041,91.66993,97.703354,96.00643,90.83821
MIT,b3c33,1188,89.84334,91.72545,97.69999,96.63488,90.66543
MIT,b3c33,1189,89.77633,91.80264,97.67513,96.05666,90.68951
MIT,b3c33,1190,89.711784,91.69477,97.666306,95.913025,90.51839
MIT,b3c33,1191,89.652084,91.68164,97.686386,96.361786,90.33953
MIT,b3c33,1192,89.585556,91.58487,97.701004,95.8396,90.48229
MIT,b3c33,1193,89.52657,91.555145,97.69037,96.539894,90.33854
MIT,b3c33,1194,89.466896,91.48822,97.70053,96.32403,90.19192
MIT,b3c33,1195,89.40256,91.54756,97.69224,96.495926,90.04768
MIT,b3c33,1196,89.341225,91.52429,97.68528,96.93306,90.06219
MIT,b3c33,1197,89.2793,91.54253,97.67824,96.392654,89.92485
MIT,b3c33,1198,89.20405,91.49675,97.70518,96.44742,89.976814
MIT,b3c33,1199,89.149574,91.47573,97.69267,96.3785,89.98366
MIT,b3c33,1200,89.08028,91.30994,97.705605,96.25226,89.67123
MIT,b3c33,1201,89.02102,91.4279,97.64242,96.275085,89.69511
MIT,b3c33,1202,88.948456,91.38817,97.68926,96.28823,89.84502
MIT,b3c33,1203,88.884254,91.364136,97.6402,95.36918,89.65829
MIT,b3c33,1204,88.81862,91.2276,97.68159,96.58353,89.66126
MIT,b3c33,1205,88.753075,91.15805,97.69289,96.21008,89.50551
MIT,b3c33,1206,88.68494,91.13369,97.67506,96.1692,89.431786
MIT,b3c33,1207,88.620995,91.187546,97.679306,96.15135,89.15721
MIT,b3c33,1208,88.547615,91.16343,97.66395,96.63065,89.32935
MIT,b3c33,1209,88.48333,91.01558,97.68603,96.10582,89.16069
MIT,b3c33,1210,88.40951,91.097275,97.675865,96.08335,88.78782
MIT,b3c33,1211,88.34234,90.95313,97.67985,95.65734,88.93351
MIT,b3c33,1212,88.27481,90.94372,97.66372,95.21437,88.75598
MIT,b3c33,1213,88.207695,91.08651,97.61268,96.154564,88.788635
MIT,b3c33,1214,88.134026,90.86471,97.65727,95.30209,88.83184
MIT,b3c33,1215,88.06587,90.86044,97.676476,95.94702,88.58818
MIT,b3c33,1216,87.99403,90.8243,97.67891,96.07896,88.58203
MIT,b3c33,1217,87.92642,90.88071,97.637085,94.8156,88.53991
MIT,b3c33,1218,87.85556,90.84245,97.668274,95.84155,88.41602
MIT,b3c33,1219,87.78589,90.83502,97.66187,95.27916,88.17107
MIT,b3c33,1220,87.71321,90.76999,97.636086,95.156364,87.96455
MIT,b3c33,1221,87.645584,90.77342,97.621284,95.08032,88.069916
MIT,b3c33,1222,87.57093,90.60443,97.67533,94.97502,88.107765
MIT,b3c33,1223,87.5002,90.55484,97.69416,96.19175,87.92517
MIT,b3c33,1224,87.42447,90.62421,97.6416,95.86292,87.82133
MIT,b3c33,1225,87.35148,90.56381,97.65391,95.89669,87.82203
MIT,b3c33,1226,87.27977,90.551926,97.654175,95.63608,87.45913
MIT,b3c33,1227,87.211044,90.38935,97.66075,95.91782,87.5332
MIT,b3c33,1228,87.132805,90.41321,97.67491,94.45894,87.22193
MIT,b3c33,1229,87.05864,90.48442,97.65363,95.74844,87.18452
MIT,b3c33,1230,86.98225,90.48034,97.64877,94.87184,87.06354
MIT,b3c33,1231,86.90857,90.36196,97.66611,94.83234,87.05765
MIT,b3c33,1232,86.84009,90.330574,97.62496,95.78749,86.890656
MIT,b3c33,1233,86.76493,90.34456,97.61104,95.56473,86.894775
MIT,b3c33,1234,86.685814,90.20955,97.676476,94.15291,86.89813
MIT,b3c33,1235,86.61534,90.22147,97.65256,95.655396,86.70409
MIT,b3c33,1236,86.537285,90.1265,97.67277,95.092545,86.778305
MIT,b3c33,1237,86.46198,90.04724,97.67201,95.63321,86.50848
MIT,b3c33,1238,86.39158,89.983284,97.673416,95.42525,86.491875
MIT,b3c33,1239,86.314926,90.02226,97.66248,95.478195,86.491905
MIT,b3c33,1240,86.23719,90.12661,97.628944,95.174324,86.33649
MIT,b3c33,1241,86.158714,89.98714,97.67111,95.25193,86.099106
MIT,b3c33,1242,86.08665,89.89329,97.68736,95.54405,86.13776
MIT,b3c33,1243,86.0119,89.86722,97.64677,93.892555,86.03868
MIT,b3c33,1244,85.93785,89.912186,97.670334,94.883865,86.040085
MIT,b3c33,1245,85.86034,89.78766,97.6813,94.62892,85.46576
MIT,b3c33,1246,85.77985,89.73565,97.67742,93.99842,85.416916
MIT,b3c33,1247,85.71134,89.71198,97.665344,95.49683,85.511925
MIT,b3c33,1248,85.631714,89.6819,97.67591,94.5837,85.49587
MIT,b3c33,1249,85.55884,89.65822,97.679184,95.191086,86.0479
MIT,b3c33,1250,85.47933,89.602516,97.67656,94.338905,84.97937
MIT,b3c33,1251,85.40167,89.56918,97.67784,93.96957,84.71145
MIT,b3c33,1252,85.32426,89.557175,97.66526,95.71775,84.730385
MIT,b3c33,1253,85.250114,89.567635,97.640564,94.373116,84.7879
MIT,b3c33,1254,85.17124,89.584564,97.63755,93.50834,84.70813
MIT,b3c33,1255,85.09587,87.36797,97.559135,88.92136,84.730385
MIT,b3c33,1256,85.01898,89.428665,97.67506,94.71578,84.31761
MIT,b3c33,1257,84.94715,89.42568,97.64358,93.2023,84.401535
MIT,b3c33,1258,84.869125,89.386185,97.629524,94.02481,84.03807
MIT,b3c33,1259,84.79289,89.43656,97.663895,92.58322,84.36618
MIT,b3c33,1260,84.70757,89.45063,97.60587,94.6112,84.532745
MIT,b3c33,1261,84.63919,83.98362,97.66226,85.829636,84.37739
MIT,b3c33,1262,84.563255,89.17891,97.61891,94.717896,84.32974
MIT,b3c33,1263,84.48482,89.199455,97.6711,94.67452,84.374275
MIT,b3c33,1264,84.41104,89.26178,97.61962,93.655785,83.867386
MIT,b3c33,1265,84.33222,89.10881,97.66201,94.783424,83.94822
MIT,b3c33,1266,84.25269,89.13266,97.66113,94.28039,83.90094
MIT,b3c33,1267,84.1809,89.08705,97.6696,92.850945,83.968506
MIT,b3c33,1268,84.10471,88.97055,97.63633,94.61451,83.6732
MIT,b3c33,1269,84.02544,88.991905,97.67194,94.39425,83.68485
MIT,b3c33,1270,83.949776,89.043884,97.61565,94.08328,83.70093
MIT,b3c33,1271,83.87568,88.93305,97.648674,93.60311,83.68453
MIT,b3c33,1272,83.79976,88.86874,97.682785,92.91962,83.63509
MIT,b3c33,1273,83.71537,88.88363,97.66995,92.64921,83.37977
MIT,b3c33,1274,83.64084,88.98499,97.65383,92.82464,83.65581
MIT,b3c33,1275,83.567474,88.85816,97.62413,94.29636,83.32065
MIT,b3c33,1276,83.494095,88.75892,97.652306,93.17029,83.35251
MIT,b3c33,1277,83.41473,88.678925,97.65389,92.246574,83.35688
MIT,b3c33,1278,83.331024,88.85682,97.61922,91.89092,83.10053
MIT,b3c33,1279,83.26049,88.64952,97.63774,93.97132,82.89144
MIT,b3c33,1280,83.180244,88.61403,97.63415,92.055504,82.85227
MIT,b3c33,1281,83.10479,88.586334,97.63731,93.82362,82.88508
MIT,b3c33,1282,83.03241,88.56596,97.63585,91.84716,83.12457
MIT,b4c39,1,99.94746,100.361534,97.43619,100.11655,99.6348
MIT,b4c39,2,100.0,100.31875,97.46308,99.954605,99.69543
MIT,b4c39,3,100.02493,99.61572,97.397766,99.97975,99.76638
MIT,b4c39,4,100.05957,99.6129,97.206276,100.01524,99.740654
MIT,b4c39,5,100.06394,100.23851,97.263596,99.888,99.81758
MIT,b4c39,6,100.08072,100.128334,97.478966,99.84341,99.788765
MIT,b4c39,7,100.08373,99.43952,97.430176,100.06035,99.84498
MIT,b4c39,8,100.1049,99.61195,97.513565,100.12662,99.90128
MIT,b4c39,9,100.09404,100.076744,97.50343,99.76881,99.94603
MIT,b4c39,10,100.11588,99.54536,97.52881,100.05986,99.92141
MIT,b4c39,11,100.11375,99.52762,97.43317,100.123985,99.89285
MIT,b4c39,12,100.112686,100.15737,97.27523,99.47,99.88325
MIT,b4c39,13,100.107254,100.11182,97.43585,99.60941,99.88325
MIT,b4c39,14,100.10866,100.118286,97.41442,99.49774,99.921455
MIT,b4c39,15,100.09702,100.10053,97.42579,99.60923,99.928
MIT,b4c39,16,100.11353,99.60857,97.43541,100.06293,99.86554
MIT,b4c39,17,100.10694,99.401825,97.44646,100.13781,99.87403
MIT,b4c39,18,100.10976,99.54247,97.46239,100.01236,99.93699
MIT,b4c39,19,100.10623,99.40499,97.25051,100.04275,99.8924
MIT,b4c39,20,100.11142,99.59265,97.430695,100.06734,99.85162
MIT,b4c39,21,100.10836,100.118935,97.129684,100.05052,99.86376
MIT,b4c39,22,100.1063,99.523705,97.39104,100.05174,99.752426
MIT,b4c39,23,100.11881,99.60113,97.33457,100.01923,99.71197
MIT,b4c39,24,100.12569,99.527306,97.21975,100.076355,99.74829
MIT,b4c39,25,100.13118,99.416245,97.206375,100.036606,99.72615
MIT,b4c39,26,100.14528,99.61934,97.35182,100.043236,99.69978
MIT,b4c39,27,100.12786,99.61317,97.21316,99.917694,99.63145
MIT,b4c39,28,100.13617,99.42537,97.111664,100.05649,99.612206
MIT,b4c39,29,100.13895,99.61123,97.29804,99.921104,99.61983
MIT,b4c39,30,100.14222,99.54448,97.301636,99.95286,99.7343
MIT,b4c39,31,100.13057,99.53808,97.070465,100.02109,99.59263
MIT,b4c39,32,100.134125,100.061935,97.30267,99.55787,99.61096
MIT,b4c39,33,100.13456,99.609406,97.389854,100.00045,99.599075
MIT,b4c39,34,100.13187,99.53169,96.83585,99.81113,99.73407
MIT,b4c39,35,100.129814,100.162964,97.185814,99.63516,99.745865
MIT,b4c39,36,100.12435,99.531975,97.30071,99.90501,99.72111
MIT,b4c39,37,100.11543,99.53244,97.391685,100.03559,99.869354
MIT,b4c39,38,100.110016,99.60604,97.416794,100.035416,99.79552
MIT,b4c39,39,100.104515,99.527306,97.39518,99.929825,99.86424
MIT,b4c39,40,100.09116,99.59417,97.279175,99.978516,99.8221
MIT,b4c39,41,100.094185,100.17033,97.42326,99.689644,99.84871
MIT,b4c39,42,100.09404,99.53124,97.34772,100.01285,99.88121
MIT,b4c39,43,100.09272,99.6044,97.23023,99.95215,99.870316
MIT,b4c39,44,100.083084,99.53235,97.212944,99.913605,99.84035
MIT,b4c39,45,100.08614,100.18184,97.37285,99.63891,99.84441
MIT,b4c39,46,100.09007,99.604706,97.29494,99.91877,99.82474
MIT,b4c39,47,100.08342,100.21219,97.26943,99.82301,99.8135
MIT,b4c39,48,100.07973,99.5365,97.31925,99.927704,99.79757
MIT,b4c39,49,100.08786,99.60672,97.153946,99.93441,99.84584
MIT,b4c39,50,100.081566,99.59944,97.21107,99.91416,99.795166
MIT,b4c39,51,100.08547,99.54187,97.36012,100.000534,99.81444
MIT,b4c39,52,100.06625,100.2286,97.20527,99.69294,99.81121
MIT,b4c39,53,100.07012,100.2312,96.98064,99.61149,99.78646
MIT,b4c39,54,100.07471,99.36891,97.15088,100.0565,99.677086
MIT,b4c39,55,100.078545,100.22892,97.09661,99.366,99.69919
MIT,b4c39,56,100.09478,100.189354,97.15629,99.39632,99.64046
MIT,b4c39,57,100.095924,99.38597,97.09627,100.03667,99.73843
MIT,b4c39,58,100.09376,100.22997,96.83542,99.20816,99.65566
MIT,b4c39,59,100.10176,99.54119,97.04887,99.70054,99.653984
MIT,b4c39,60,100.08997,99.60802,96.997246,99.735886,99.741066
MIT,b4c39,61,100.08851,99.557945,97.0364,99.67773,99.611916
MIT,b4c39,62,100.0964,99.39887,96.70491,99.82728,99.62272
MIT,b4c39,63,100.10546,99.543236,96.36561,99.59661,99.51512
MIT,b4c39,64,100.09369,100.23586,96.750786,99.31873,99.63076
MIT,b4c39,65,100.08852,99.38645,96.55559,99.85815,99.66801
MIT,b4c39,66,100.08048,99.54854,96.89811,99.58383,99.621155
MIT,b4c39,67,100.08881,99.546326,96.725006,99.63791,99.63495
MIT,b4c39,68,100.082985,99.54283,96.284836,99.64136,99.64221
MIT,b4c39,69,100.08864,99.54255,96.14082,99.66925,99.55323
MIT,b4c39,70,100.08259,100.22742,96.84649,99.33174,99.67461
MIT,b4c39,71,100.0748,99.38105,96.918274,99.9584,99.56644
MIT,b4c39,72,100.068,99.61951,97.22105,99.91754,99.55235
MIT,b4c39,73,100.074,99.552155,97.136185,99.836075,99.61839
MIT,b4c39,74,100.064575,99.61668,97.03394,99.86157,99.55376
MIT,b4c39,75,100.06294,99.549805,97.05551,99.84512,99.66224
MIT,b4c39,76,100.05213,100.226906,97.0031,99.38228,99.64588
MIT,b4c39,77,100.05873,100.24132,97.18373,99.451965,99.60914
MIT,b4c39,78,100.05122,99.614105,97.16923,99.86603,99.620026
MIT,b4c39,79,100.05098,99.36937,96.40758,99.95016,99.634605
MIT,b4c39,80,100.04256,100.24163,97.19629,99.43531,99.65146
MIT,b4c39,81,100.03498,99.55194,96.965294,99.88064,99.62535
MIT,b4c39,82,100.03162,100.223694,97.01153,99.56765,99.68818
MIT,b4c39,83,100.025826,99.613205,97.290054,99.78688,99.7433
MIT,b4c39,84,100.02966,100.222855,96.88812,99.493126,99.72396
MIT,b4c39,85,100.02715,100.23511,97.0674,99.61864,99.71388
MIT,b4c39,86,100.02443,99.61609,97.17153,99.845566,99.59914
MIT,b4c39,87,100.00967,99.34609,96.89067,99.950935,99.61098
MIT,b4c39,88,100.02096,99.614204,96.7549,99.79408,99.584625
MIT,b4c39,89,100.02091,100.25182,96.805855,99.16682,99.46616
MIT,b4c39,90,100.02884,100.22743,96.565796,99.44857,99.47739
MIT,b4c39,91,100.02509,100.23823,96.69019,99.221924,99.471054
MIT,b4c39,92,100.02765,99.55966,96.88853,99.76481,99.47255
MIT,b4c39,93,100.02993,100.21299,96.30588,99.26259,99.47058
MIT,b4c39,94,100.03691,99.62612,96.81661,99.71709,99.47281
MIT,b4c39,95,100.02636,99.62386,96.83298,99.73449,99.46755
MIT,b4c39,96,100.032616,100.18691,96.61287,99.11877,99.46714
MIT,b4c39,97,100.02634,100.1867,96.22864,99.11235,99.37151
MIT,b4c39,98,100.02872,99.55408,96.94657,99.71082,99.422264
MIT,b4c39,99,100.02179,99.62232,96.718834,99.69135,99.43768
MIT,b4c39,100,100.0124,100.19789,96.66971,98.99236,99.07217
MIT,b4c39,101,100.01071,99.62947,96.85931,99.71039,99.39674
MIT,b4c39,102,100.00561,99.355606,95.595955,99.80516,99.397675
MIT,b4c39,103,100.00529,99.62413,95.807686,99.60031,99.304855
MIT,b4c39,104,99.99677,99.34418,96.11255,99.84347,99.08724
MIT,b4c39,105,100.00019,99.36571,95.15252,99.86114,99.14991
MIT,b4c39,106,99.99866,100.19855,96.72859,99.12829,99.20381
MIT,b4c39,107,99.99451,100.191216,96.49956,98.96709,99.16231
MIT,b4c39,108,100.00257,100.18204,96.64248,99.12882,99.14559
MIT,b4c39,109,99.98902,99.624535,96.9146,99.82274,99.42713
MIT,b4c39,110,99.98093,100.11089,96.053665,99.19734,99.382706
MIT,b4c39,111,99.978546,99.62197,96.17647,99.67173,99.36194
MIT,b4c39,112,99.96911,99.345566,96.65274,99.9207,99.468094
MIT,b4c39,113,99.96828,99.56456,96.32698,99.60952,99.4263
MIT,b4c39,114,99.961655,100.14465,96.7341,99.27551,99.37309
MIT,b4c39,115,99.96155,100.14844,96.67586,99.17912,99.43012
MIT,b4c39,116,99.94726,99.5613,96.519646,99.67589,99.35825
MIT,b4c39,117,99.946205,100.13728,96.75777,99.330795,99.504074
MIT,b4c39,118,99.94596,99.56009,95.88177,99.65796,99.47941
MIT,b4c39,119,99.93439,99.32873,96.77422,99.92907,99.378624
MIT,b4c39,120,99.937515,100.055176,96.22017,99.274796,99.3591
MIT,b4c39,121,99.93353,99.61989,96.753624,99.82527,99.21953
MIT,b4c39,122,99.92702,99.62132,96.79103,99.80359,99.19189
MIT,b4c39,123,99.93442,99.336525,95.885025,99.848656,99.19214
MIT,b4c39,124,99.93863,100.15688,96.12395,98.85463,99.23482
MIT,b4c39,125,99.9434,99.570404,96.5199,99.59982,98.822266
MIT,b4c39,126,99.93946,99.35388,95.96537,99.76654,98.68754
MIT,b4c39,127,99.94216,99.350685,96.003685,99.788185,98.77883
MIT,b4c39,128,99.94152,99.57392,96.817314,99.794174,98.58255
MIT,b4c39,129,99.92525,99.62715,96.72034,99.706116,98.66392
MIT,b4c39,130,99.92973,99.57331,96.16693,99.62026,98.72458
MIT,b4c39,131,99.924355,100.13152,96.052,98.445435,98.66661
MIT,b4c39,132,99.92628,99.34673,95.93162,99.76374,98.58559
MIT,b4c39,133,99.92027,99.346405,95.88347,99.82163,98.60564
MIT,b4c39,134,99.91178,99.5696,95.97121,99.58114,98.75678
MIT,b4c39,135,99.907845,100.103966,96.16475,98.79407,98.727325
MIT,b4c39,136,99.900955,99.57377,96.5366,99.64918,98.77974
MIT,b4c39,137,99.90854,99.989624,95.549484,98.60201,98.78308
MIT,b4c39,138,99.89913,99.57564,96.75368,99.67545,98.61166
MIT,b4c39,139,99.89829,100.03183,96.007744,98.64444,98.694565
MIT,b4c39,140,99.89591,99.630615,96.47316,99.64996,98.77711
MIT,b4c39,141,99.89599,99.56906,96.729774,99.70592,98.764854
MIT,b4c39,142,99.89408,100.05675,95.96465,98.91338,98.699974
MIT,b4c39,143,99.89225,99.630516,95.764755,99.58826,98.69577
MIT,b4c39,144,99.88919,99.630875,96.66707,99.76813,98.66214
MIT,b4c39,145,99.88216,99.33461,96.28488,99.82075,98.62091
MIT,b4c39,146,99.87904,99.98862,95.72337,98.471466,98.59976
MIT,b4c39,147,99.87756,100.14599,96.1515,98.46586,98.57935
MIT,b4c39,148,99.86444,99.32662,96.47753,99.8497,98.62264
MIT,b4c39,149,99.86942,99.94029,95.626,98.10477,98.57767
MIT,b4c39,150,99.86496,99.63491,95.63887,99.58876,98.5095
MIT,b4c39,151,99.859474,100.0627,95.80164,98.5387,98.532646
MIT,b4c39,152,99.856155,99.56949,95.33395,99.51865,98.46993
MIT,b4c39,153,99.85412,99.62713,96.00986,99.66233,98.442726
MIT,b4c39,154,99.85142,99.574066,96.02614,99.63098,98.47284
MIT,b4c39,155,99.85309,100.07002,95.65116,97.99025,98.54142
MIT,b4c39,156,99.84832,99.94817,95.68243,98.011475,98.474236
MIT,b4c39,157,99.847855,99.34096,95.49664,99.67543,98.495445
MIT,b4c39,158,99.843765,99.33331,95.1086,99.58938,98.51817
MIT,b4c39,159,99.841805,99.906624,95.21208,97.696724,98.301056
MIT,b4c39,160,99.854324,99.35256,95.56598,99.62743,98.28756
MIT,b4c39,161,99.84991,99.590576,95.0559,99.29973,98.47819
MIT,b4c39,162,99.845825,99.63726,96.36139,99.57805,98.42964
MIT,b4c39,163,99.84357,99.634766,96.58425,99.57799,98.48093
MIT,b4c39,164,99.837006,99.77312,95.13579,97.396835,98.474304
MIT,b4c39,165,99.83543,99.927284,95.63921,97.97179,98.2571
MIT,b4c39,166,99.836716,99.58278,95.21467,99.285545,98.44942
MIT,b4c39,167,99.831566,99.58365,95.906425,99.37203,98.28257
MIT,b4c39,168,99.834625,99.58388,95.81417,99.29845,98.28382
MIT,b4c39,169,99.82976,99.63823,95.86046,99.49287,98.49918
MIT,b4c39,170,99.81498,99.7762,94.869415,97.8577,98.44838
MIT,b4c39,171,99.812225,99.63824,95.83065,99.36701,98.274155
MIT,b4c39,172,99.81466,99.63758,95.666916,99.49898,98.24169
MIT,b4c39,173,99.810165,99.586395,95.25432,99.235916,98.20975
MIT,b4c39,174,99.80796,99.63867,95.978676,99.46208,98.23515
MIT,b4c39,175,99.80374,99.5845,95.91924,99.41928,98.14334
MIT,b4c39,176,99.80037,99.64046,95.11661,99.41262,98.31682
MIT,b4c39,177,99.793945,99.3432,95.26811,99.67139,98.15745
MIT,b4c39,178,99.78626,99.58668,96.40412,99.4596,98.15649
MIT,b4c39,179,99.783485,99.58609,95.09597,99.36362,98.229706
MIT,b4c39,180,99.78305,100.00596,95.63315,98.10397,98.15418
MIT,b4c39,181,99.78089,99.58278,94.89918,99.30452,98.24459
MIT,b4c39,182,99.78148,99.58534,95.63778,99.408646,98.20326
MIT,b4c39,183,99.77797,100.00649,95.63982,97.68158,98.105354
MIT,b4c39,184,99.765656,99.64659,95.55823,99.455124,98.204834
MIT,b4c39,185,99.76747,99.65211,96.07763,99.54844,98.23344
MIT,b4c39,186,99.75481,99.6447,95.25113,99.59532,98.09778
MIT,b4c39,187,99.7529,99.31978,95.34276,99.7015,98.207016
MIT,b4c39,188,99.75342,99.326836,95.59294,99.7709,98.11359
MIT,b4c39,189,99.74282,99.6413,95.85194,99.56836,98.14207
MIT,b4c39,190,99.74758,99.58141,96.15257,99.54557,98.13901
MIT,b4c39,191,99.73931,99.64786,95.35715,97.62853,98.12691
MIT,b4c39,192,99.739136,99.328995,95.09107,99.628784,98.1388
MIT,b4c39,193,99.73473,99.642235,96.06711,99.5528,98.07975
MIT,b4c39,194,99.73344,99.594955,95.91914,99.48801,98.036
MIT,b4c39,195,99.737885,99.59889,94.77761,97.27125,98.02245
MIT,b4c39,196,99.7364,99.58835,96.26805,99.51324,98.010025
MIT,b4c39,197,99.730354,99.76271,95.09802,96.73261,98.070465
MIT,b4c39,198,99.729004,99.65227,95.05303,99.4078,97.986885
MIT,b4c39,199,99.72724,99.7565,95.1728,97.18304,97.983826
MIT,b4c39,200,99.7177,99.656425,96.09403,99.481544,98.0058
MIT,b4c39,201,99.717125,99.59184,96.4087,99.47247,97.98159
MIT,b4c39,202,99.70957,99.593704,95.84777,99.479,97.97804
MIT,b4c39,203,99.70412,99.65243,95.008415,99.40446,98.046036
MIT,b4c39,204,99.7005,99.79738,95.51536,97.279724,98.00749
MIT,b4c39,205,99.696465,99.59507,95.064316,99.2997,98.00519
MIT,b4c39,206,99.695526,99.748886,95.21074,97.4768,97.99376
MIT,b4c39,207,99.687706,99.65637,94.74322,99.38254,97.99857
MIT,b4c39,208,99.68603,99.59505,93.61019,99.37096,98.06537
MIT,b4c39,209,99.68817,99.652054,96.262085,99.58055,97.99661
MIT,b4c39,210,99.674484,99.65509,96.36519,99.502975,97.97793
MIT,b4c39,211,99.66828,99.29787,94.88717,99.6342,97.910225
MIT,b4c39,212,99.674866,99.32175,95.26288,99.67581,97.910385
MIT,b4c39,213,99.66576,99.56341,94.9506,97.059204,97.973495
MIT,b4c39,214,99.67167,99.598114,94.86365,99.163925,97.92862
MIT,b4c39,215,99.677315,99.4582,94.73524,96.721794,97.94928
MIT,b4c39,216,99.66797,99.60541,95.527885,98.98188,97.919945
MIT,b4c39,217,99.66435,99.662865,95.375175,99.23371,97.87547
MIT,b4c39,218,99.66738,99.601006,94.654976,98.89535,97.92162
MIT,b4c39,219,99.660645,99.60519,94.684364,98.89449,97.92477
MIT,b4c39,220,99.66156,99.713455,95.00252,96.6583,97.92907
MIT,b4c39,221,99.66709,99.65772,95.85063,99.1731,97.861176
MIT,b4c39,222,99.65706,99.49429,94.794876,96.8004,97.873276
MIT,b4c39,223,99.64571,99.38452,94.56256,96.479195,97.87492
MIT,b4c39,224,99.64935,99.66361,94.707855,99.311455,97.85786
MIT,b4c39,225,99.63899,99.54119,94.77349,96.64182,97.86533
MIT,b4c39,226,99.63176,99.58045,94.911156,96.37603,97.86344
MIT,b4c39,227,99.63192,99.60841,94.86231,99.20695,97.92627
MIT,b4c39,228,99.62868,99.44768,94.96209,96.62832,97.89036
MIT,b4c39,229,99.62229,99.37606,94.886314,96.613464,97.87577
MIT,b4c39,230,99.61823,99.60679,95.47493,99.26981,97.85708
MIT,b4c39,231,99.61481,99.60673,95.32701,99.17005,97.87427
MIT,b4c39,232,99.61297,99.606186,95.59267,99.333534,97.883766
MIT,b4c39,233,99.612144,99.609985,95.40197,99.18625,97.83892
MIT,b4c39,234,99.598854,99.71126,95.334145,96.68771,97.84886
MIT,b4c39,235,99.60403,99.619965,95.15753,95.99561,97.83913
MIT,b4c39,236,99.6049,99.6655,95.00571,99.3355,97.83973
MIT,b4c39,237,99.597,99.30351,94.53402,99.47303,97.84286
MIT,b4c39,238,99.59213,99.413536,94.753876,96.00213,97.88594
MIT,b4c39,239,99.586876,99.66994,96.266205,99.53415,97.78177
MIT,b4c39,240,99.58048,99.61388,94.55277,99.18072,97.885704
MIT,b4c39,241,99.57437,99.66903,94.69411,99.393326,97.79799
MIT,b4c39,242,99.571434,99.61132,95.36457,99.32719,97.89973
MIT,b4c39,243,99.56865,99.64632,95.22492,97.025734,97.778465
MIT,b4c39,244,99.56632,99.6722,94.85095,99.34166,97.87912
MIT,b4c39,245,99.56546,99.674484,95.82068,99.58748,97.85491
MIT,b4c39,246,99.55399,99.63014,95.17444,95.8899,97.84315
MIT,b4c39,247,99.55296,99.45275,94.86455,96.21623,97.76602
MIT,b4c39,248,99.55842,99.67424,94.53182,99.20634,97.770134
MIT,b4c39,249,99.55713,99.28925,94.672516,96.31421,97.930664
MIT,b4c39,250,99.54933,99.62299,95.17487,98.9536,97.82186
MIT,b4c39,251,99.55825,99.62131,95.05953,99.01065,97.8031
MIT,b4c39,252,99.55754,99.31621,94.52045,99.21566,97.72226
MIT,b4c39,253,99.54804,99.677925,94.52368,98.97934,97.737976
MIT,b4c39,254,99.5419,99.62499,94.16572,98.79923,97.73909
MIT,b4c39,255,99.533585,99.68323,94.63243,99.05173,97.63505
MIT,b4c39,256,99.530815,99.62719,94.887024,98.89504,97.73428
MIT,b4c39,257,99.53262,99.627396,95.33274,99.04791,97.65448
MIT,b4c39,258,99.52342,99.264885,94.77668,99.40136,97.67245
MIT,b4c39,259,99.51771,99.62622,95.44871,99.13359,97.754295
MIT,b4c39,260,99.516525,99.68806,95.69322,99.27638,97.73836
MIT,b4c39,261,99.50233,99.180046,94.40129,99.38443,97.76358
MIT,b4c39,262,99.49921,99.686264,95.19188,99.23918,97.67023
MIT,b4c39,263,99.491974,99.4397,94.80761,96.02321,97.63807
MIT,b4c39,264,99.49757,99.68585,94.96527,99.20823,97.72815
MIT,b4c39,265,99.49399,99.19645,95.04851,99.47221,97.62853
MIT,b4c39,266,99.48911,99.6924,95.71276,99.31101,97.6836
MIT,b4c39,267,99.477745,99.63329,96.131516,99.520004,97.68225
MIT,b4c39,268,99.45892,99.27281,94.8473,96.454346,97.731705
MIT,b4c39,269,99.45832,99.610725,95.3587,96.24262,97.68115
MIT,b4c39,270,99.45643,99.63194,94.50136,99.22957,97.62931
MIT,b4c39,271,99.46531,99.63743,95.14465,99.10959,97.67461
MIT,b4c39,272,99.45959,99.6364,95.60291,99.30069,97.61653
MIT,b4c39,273,99.4575,99.69436,95.4688,99.38774,97.57692
MIT,b4c39,274,99.45578,99.69648,95.00389,99.31882,97.62206
MIT,b4c39,275,99.44636,99.11478,94.42723,99.47454,97.58116
MIT,b4c39,276,99.43944,99.64126,95.13298,99.14871,97.54928
MIT,b4c39,277,99.4397,99.69584,95.36721,99.37232,97.5763
MIT,b4c39,278,99.43811,99.695656,94.64871,99.31939,97.5812
MIT,b4c39,279,99.43606,99.697914,95.51564,99.28375,97.5727
MIT,b4c39,280,99.427055,99.69749,94.25805,99.44662,97.59187
MIT,b4c39,281,99.42802,98.87146,94.34782,96.1397,97.63721
MIT,b4c39,282,99.41955,99.053955,95.411705,99.5083,97.5809
MIT,b4c39,283,99.41382,99.424034,94.96259,95.72734,97.55234
MIT,b4c39,284,99.42147,99.41041,94.93438,95.45518,97.51564
MIT,b4c39,285,99.41926,99.64587,95.105865,98.92798,97.623726
MIT,b4c39,286,99.41952,99.7013,95.5122,99.18734,97.58032
MIT,b4c39,287,99.414734,99.69956,94.613205,98.916725,97.619286
MIT,b4c39,288,99.407616,99.039665,94.44351,96.01437,97.61637
MIT,b4c39,289,99.40555,99.7035,94.60728,98.98004,97.63118
MIT,b4c39,290,99.40485,99.64826,94.65495,98.8449,97.58353
MIT,b4c39,291,99.39986,99.701836,94.890236,99.06932,97.5148
MIT,b4c39,292,99.39332,99.6474,95.09194,98.902115,97.52636
MIT,b4c39,293,99.39415,99.13312,94.22284,99.27354,97.49823
MIT,b4c39,294,99.381165,99.6492,95.194466,99.040565,97.53565
MIT,b4c39,295,99.380775,98.87387,94.44608,95.43117,97.560234
MIT,b4c39,296,99.3635,99.65144,94.25872,98.93734,97.514275
MIT,b4c39,297,99.36607,99.70613,95.80455,99.33863,97.535545
MIT,b4c39,298,99.36132,99.044174,94.42402,99.42299,97.34157
MIT,b4c39,299,99.352295,99.65099,94.36715,99.097374,97.487755
MIT,b4c39,300,99.35288,99.65146,95.43082,99.10938,97.34157
MIT,b4c39,301,99.35302,99.07093,94.38351,99.28038,97.48851
MIT,b4c39,302,99.342476,99.08418,94.736084,95.827126,97.46314
MIT,b4c39,303,99.34446,99.258026,94.773705,96.244,97.46037
MIT,b4c39,304,99.332825,99.7175,94.31067,99.12493,97.349846
MIT,b4c39,305,99.33508,99.12691,94.800316,95.4146,97.45761
MIT,b4c39,306,99.32839,99.02468,94.245224,99.37406,97.36438
MIT,b4c39,307,99.32537,99.24683,94.96178,95.43898,97.18548
MIT,b4c39,308,99.32261,99.6571,94.499306,99.05727,97.3611
MIT,b4c39,309,99.320755,99.658,94.72531,99.10484,97.185165
MIT,b4c39,310,99.3121,99.6631,95.27282,99.17228,97.31368
MIT,b4c39,311,99.30436,99.66728,95.48853,99.14626,97.341705
MIT,b4c39,312,99.30891,99.113686,94.87313,95.15869,97.31468
MIT,b4c39,313,99.30278,99.196915,94.833496,95.14569,97.193726
MIT,b4c39,314,99.29638,99.670364,95.27398,99.13434,97.23706
MIT,b4c39,315,99.290436,99.09669,94.75603,95.60402,97.172844
MIT,b4c39,316,99.292305,99.04213,94.402374,99.397575,97.159256
MIT,b4c39,317,99.28125,99.66711,95.23225,99.15445,97.168816
MIT,b4c39,318,99.28009,99.669846,95.34067,99.19933,97.183586
MIT,b4c39,319,99.27321,99.668465,94.2019,99.00904,97.23537
MIT,b4c39,320,99.26908,99.69709,95.19263,99.27867,97.20506
MIT,b4c39,321,99.26404,99.24863,94.94545,95.6656,97.20506
MIT,b4c39,322,99.26373,99.67376,94.32887,98.978386,97.17952
MIT,b4c39,323,99.25972,99.67312,94.47286,98.977516,97.18101
MIT,b4c39,324,99.26442,99.00814,94.37213,99.2991,97.18322
MIT,b4c39,325,99.24975,99.698326,94.372475,98.98959,97.16151
MIT,b4c39,326,99.24925,99.67476,95.64189,99.10198,97.17342
MIT,b4c39,327,99.24783,99.06731,94.84432,95.28436,97.1776
MIT,b4c39,328,99.2361,99.67779,95.250336,99.02403,97.16789
MIT,b4c39,329,99.23219,99.67675,94.176445,98.888954,97.17002
MIT,b4c39,330,99.23103,99.6869,95.066956,99.12307,97.076935
MIT,b4c39,331,99.215355,98.712234,94.29426,94.82854,97.170944
MIT,b4c39,332,99.217445,99.67851,95.15758,99.26359,97.093605
MIT,b4c39,333,99.21012,98.78902,94.77843,94.10765,97.114655
MIT,b4c39,334,99.20635,98.856186,94.473526,99.34392,96.961395
MIT,b4c39,335,99.20148,99.68175,94.50038,98.89884,97.08309
MIT,b4c39,336,99.202415,99.05558,94.50349,95.454285,97.15208
MIT,b4c39,337,99.19261,99.68257,95.18167,99.025276,97.16666
MIT,b4c39,338,99.19824,99.67716,94.63095,98.98648,97.05114
MIT,b4c39,339,99.18163,99.68237,94.72946,98.934044,97.052025
MIT,b4c39,340,99.18283,99.681595,94.24617,98.92372,96.980896
MIT,b4c39,341,99.180405,99.68566,94.603134,98.96261,96.95076
MIT,b4c39,342,99.17171,99.68622,95.226685,99.18105,97.07153
MIT,b4c39,343,99.16662,99.66438,94.29624,99.03976,96.93204
MIT,b4c39,344,99.16146,99.68709,95.62012,99.06722,97.13674
MIT,b4c39,345,99.157745,98.8252,94.16161,99.31072,96.86912
MIT,b4c39,346,99.159164,99.68904,95.22007,99.11914,97.02493
MIT,b4c39,347,99.153076,98.61416,94.22967,95.3053,96.92573
MIT,b4c39,348,99.14773,99.69301,95.4212,99.0941,96.90612
MIT,b4c39,349,99.14133,99.65598,95.115685,99.183395,97.059975
MIT,b4c39,350,99.13378,99.693756,95.24555,98.9836,96.92724
MIT,b4c39,351,99.12922,98.94975,94.73446,94.36081,97.04956
MIT,b4c39,352,99.12237,98.523415,94.45684,94.873436,96.90501
MIT,b4c39,353,99.1255,98.697426,94.595184,95.49758,96.9142
MIT,b4c39,354,99.10918,99.68011,95.37159,99.14852,97.08116
MIT,b4c39,355,99.10091,99.062,94.76049,94.888176,97.131226
MIT,b4c39,356,99.09764,98.76809,94.69163,99.403946,97.08341
MIT,b4c39,357,99.09501,99.67095,94.43675,99.01009,96.889175
MIT,b4c39,358,99.08459,98.87734,94.82063,94.631454,96.95312
MIT,b4c39,359,99.08171,99.63208,94.835594,99.08858,96.79386
MIT,b4c39,360,99.07049,98.68629,94.82923,99.41605,96.86328
MIT,b4c39,361,99.07202,98.724594,94.67513,94.92566,96.83842
MIT,b4c39,362,99.064125,99.60264,95.19517,99.4497,96.915054
MIT,b4c39,363,99.05473,99.59248,94.97474,99.31544,96.79035
MIT,b4c39,364,99.04683,99.60522,94.70131,99.13541,96.8804
MIT,b4c39,365,99.04363,99.6053,94.19186,99.00442,96.87871
MIT,b4c39,366,99.04514,98.685265,95.348976,99.580315,96.897934
MIT,b4c39,367,99.03472,98.689674,95.01909,94.82835,96.876686
MIT,b4c39,368,99.02619,99.55555,94.394775,99.2306,96.71391
MIT,b4c39,369,99.01822,98.96631,95.20524,95.659195,96.90328
MIT,b4c39,370,99.00853,98.61189,94.39323,99.4057,96.69701
MIT,b4c39,371,99.001656,99.544495,94.81699,99.230415,96.6596
MIT,b4c39,372,98.99645,98.67674,94.95412,95.37864,96.617874
MIT,b4c39,373,98.98881,99.57406,95.11006,99.13543,96.65636
MIT,b4c39,374,98.98663,98.600334,94.90124,95.40287,96.64415
MIT,b4c39,375,98.979355,98.53509,94.79474,95.308044,96.660416
MIT,b4c39,376,98.97982,99.57123,95.64376,99.30291,96.77292
MIT,b4c39,377,98.97089,98.88018,95.23309,95.71066,96.74668
MIT,b4c39,378,98.95853,98.45057,95.0204,99.422676,96.66188
MIT,b4c39,379,98.95092,99.52964,95.700134,99.54291,96.66478
MIT,b4c39,380,98.93658,98.69753,95.112465,96.34004,96.52723
MIT,b4c39,381,98.92597,98.814095,95.52365,95.77531,96.46593
MIT,b4c39,382,98.93053,98.46459,94.442085,99.182816,96.505714
MIT,b4c39,383,98.92538,98.465805,94.59804,99.291725,96.538315
MIT,b4c39,384,98.91775,98.43255,94.86086,99.30152,96.61218
MIT,b4c39,385,98.91315,99.48091,95.31996,99.33158,96.57975
MIT,b4c39,386,98.90577,98.40567,94.79273,99.43815,96.57227
MIT,b4c39,387,98.89145,98.56395,95.33368,96.583855,96.42926
MIT,b4c39,388,98.88817,98.61614,95.78174,96.79858,96.98535
MIT,b4c39,389,98.87981,98.38279,95.06037,97.31968,97.02945
MIT,b4c39,390,98.87028,99.44029,95.41316,99.16331,96.951385
MIT,b4c39,391,98.86436,99.42705,95.877655,99.331474,97.066414
MIT,b4c39,392,98.84992,98.16799,94.91517,99.254074,97.23175
MIT,b4c39,393,98.8471,98.16713,94.93041,99.12405,97.12117
MIT,b4c39,394,98.83475,98.13255,95.142975,99.28056,97.324455
MIT,b4c39,395,98.826675,98.59373,96.31192,98.45874,97.33897
MIT,b4c39,396,98.81104,99.06722,95.877846,98.12492,97.1691
MIT,b4c39,397,98.81628,98.57011,96.00732,99.05094,97.23683
MIT,b4c39,398,98.8138,98.49802,95.31175,97.43418,97.10381
MIT,b4c39,399,98.80559,98.267235,94.84242,96.17588,96.38476
MIT,b4c39,400,98.80812,99.446014,96.19197,99.13664,96.60386
MIT,b4c39,401,98.79591,98.25671,94.70283,99.32215,96.46109
MIT,b4c39,402,98.79399,98.32216,94.82131,95.902504,96.33951
MIT,b4c39,403,98.78369,99.30692,95.70951,99.47078,96.646416
MIT,b4c39,404,98.77999,99.289375,94.55216,99.137146,96.40996
MIT,b4c39,405,98.773605,98.25799,89.52986,98.95075,96.45814
MIT,b4c39,406,98.76315,99.2337,94.71952,98.96306,96.34851
MIT,b4c39,407,98.75623,99.26549,94.33997,99.14305,96.452835
MIT,b4c39,408,98.75842,99.44728,95.237686,99.15326,96.52805
MIT,b4c39,409,98.74044,99.45696,95.10744,99.11148,96.38687
MIT,b4c39,410,98.7406,99.40255,94.259224,99.219574,96.448074
MIT,b4c39,411,98.741875,99.48409,94.779564,99.09854,96.61118
MIT,b4c39,412,98.73563,99.48159,95.133896,99.22474,96.5913
MIT,b4c39,413,98.72501,98.32968,95.04332,95.546814,96.53788
MIT,b4c39,414,98.71043,99.294464,96.27996,99.102295,96.529274
MIT,b4c39,415,98.70516,99.24004,94.487015,99.00465,96.44005
MIT,b4c39,416,98.6941,99.43207,94.85565,99.20533,96.55553
MIT,b4c39,417,98.68681,99.18928,94.39333,99.0096,96.43174
MIT,b4c39,418,98.67373,99.420494,94.717415,99.07007,96.48471
MIT,b4c39,419,98.66417,98.046555,94.91341,99.12526,96.39654
MIT,b4c39,420,98.661194,98.06731,95.048965,99.37947,96.474655
MIT,b4c39,421,98.6546,99.09202,95.00525,99.187164,96.50683
MIT,b4c39,422,98.64772,99.02963,96.17057,99.36923,96.662346
MIT,b4c39,423,98.63067,99.25987,94.6123,99.0403,96.774925
MIT,b4c39,424,98.62624,98.00245,95.65642,97.27092,96.819405
MIT,b4c39,425,98.61706,98.36098,95.88146,97.51516,96.94299
MIT,b4c39,426,98.60509,97.83649,94.80487,99.06751,96.79804
MIT,b4c39,427,98.58903,98.94435,94.57365,99.256516,96.88472
MIT,b4c39,428,98.57556,98.873825,96.04896,99.35415,96.96337
MIT,b4c39,429,98.56719,98.57321,96.221245,99.07448,96.96264
MIT,b4c39,430,98.56082,98.80547,95.08522,99.086845,96.803986
MIT,b4c39,431,98.545166,98.515,94.750435,98.414955,96.43571
MIT,b4c39,432,98.541855,97.93563,94.89645,96.829666,96.53002
MIT,b4c39,433,98.5418,97.987816,95.19522,97.526184,96.51899
MIT,b4c39,434,98.531395,97.836754,95.91899,99.22736,96.474495
MIT,b4c39,435,98.531906,98.80258,95.12389,98.84544,96.337906
MIT,b4c39,436,98.520706,98.8643,95.088715,99.102036,96.35126
MIT,b4c39,437,98.51613,99.14056,95.6812,99.34968,96.47298
MIT,b4c39,438,98.51557,98.90709,94.798035,98.96665,96.3986
MIT,b4c39,439,98.50495,97.95976,95.1153,95.60903,96.47113
MIT,b4c39,440,98.50801,98.05934,94.63464,99.12008,96.356674
MIT,b4c39,441,98.49882,99.35076,94.774414,99.04443,96.52606
MIT,b4c39,442,98.4919,97.78219,94.8696,94.752464,96.47171
MIT,b4c39,443,98.47967,99.14959,94.783264,99.07484,96.450195
MIT,b4c39,444,98.47723,99.1623,94.39696,98.89993,96.44263
MIT,b4c39,445,98.46618,99.4336,94.380554,98.94277,96.35204
MIT,b4c39,446,98.45784,99.44828,94.68123,99.019615,96.43334
MIT,b4c39,447,98.45881,99.4422,94.60312,98.84899,96.485344
MIT,b4c39,448,98.45008,99.21336,94.87781,99.07117,96.46883
MIT,b4c39,449,98.44254,97.78398,95.05692,94.62943,96.455215
MIT,b4c39,450,98.44147,98.15414,94.72902,99.14648,96.47439
MIT,b4c39,451,98.42098,99.093735,94.97388,99.02834,96.451126
MIT,b4c39,452,98.41627,97.705185,95.086006,95.003334,96.3954
MIT,b4c39,453,98.388664,98.93012,94.83038,98.88812,96.474266
MIT,b4c39,454,98.382706,99.0468,94.82276,99.06021,96.436615
MIT,b4c39,455,98.36434,97.74337,95.1847,95.61522,96.32519
MIT,b4c39,456,98.3557,98.717285,95.497696,98.66949,96.202034
MIT,b4c39,457,98.34004,98.606064,94.65541,98.99331,96.33311
MIT,b4c39,458,98.32581,98.46991,96.008934,98.86579,96.42631
MIT,b4c39,459,98.31864,98.402306,95.6303,98.34142,96.27874
MIT,b4c39,460,98.29978,97.434364,94.648315,98.861084,96.19056
MIT,b4c39,461,98.28742,97.401695,93.97451,98.9274,96.178246
MIT,b4c39,462,98.274216,97.59534,96.05783,98.24901,96.135925
MIT,b4c39,463,98.25578,98.32273,94.83083,98.15841,96.07453
MIT,b4c39,464,98.2456,97.6159,96.38906,98.79598,95.96641
MIT,b4c39,465,98.235756,97.90435,93.418015,98.16753,96.06469
MIT,b4c39,466,98.21665,98.21326,95.95829,99.00447,96.109024
MIT,b4c39,467,98.21131,98.34518,95.87665,97.92376,95.94915
MIT,b4c39,468,98.20772,97.426056,96.47211,97.51679,96.090416
MIT,b4c39,469,98.20219,97.75712,96.47614,98.81781,96.384415
MIT,b4c39,470,98.18455,97.454,95.03276,99.06468,96.14332
MIT,b4c39,471,98.1783,97.6011,95.83943,96.37462,95.98209
MIT,b4c39,472,98.17794,98.651665,94.43768,98.82611,95.73764
MIT,b4c39,473,98.165596,98.39249,95.250015,98.8425,96.03296
MIT,b4c39,474,98.155525,97.58079,94.77643,98.957436,96.02042
MIT,b4c39,475,98.145355,97.60259,95.24911,94.93521,96.05574
MIT,b4c39,476,98.14513,97.31343,94.72915,94.912476,96.062775
MIT,b4c39,477,98.14551,98.755714,94.69032,98.760994,96.10729
MIT,b4c39,478,98.136154,97.847984,94.416306,98.631195,96.20729
MIT,b4c39,479,98.12845,98.95444,94.29222,98.843605,95.9879
MIT,b4c39,480,98.12285,97.94506,94.615074,98.6537,96.00402
MIT,b4c39,481,98.10859,99.30823,94.55778,98.67964,95.91044
MIT,b4c39,482,98.102,99.28887,94.37974,98.55584,95.86745
MIT,b4c39,483,98.093094,97.91352,94.52895,98.55606,96.06832
MIT,b4c39,484,98.08521,99.20308,95.01764,98.79755,95.97168
MIT,b4c39,485,98.06464,97.187256,94.95751,93.903694,96.03136
MIT,b4c39,486,98.053566,97.43922,95.20181,94.236786,95.92574
MIT,b4c39,487,98.03747,98.99607,94.54905,98.95017,95.82566
MIT,b4c39,488,98.02334,98.9103,95.09176,99.02363,95.872536
MIT,b4c39,489,98.00998,96.794464,94.60311,94.45039,95.790955
MIT,b4c39,490,97.998085,97.57095,94.522896,98.807625,95.67689
MIT,b4c39,491,97.98722,97.13801,94.86259,94.53239,95.70973
MIT,b4c39,492,97.97691,97.53073,94.61053,98.66596,95.632095
MIT,b4c39,493,97.9619,98.72607,94.78255,98.80765,95.79159
MIT,b4c39,494,97.951485,98.42016,94.58102,98.650314,95.74139
MIT,b4c39,495,97.93811,96.8999,95.33303,95.408195,95.73548
MIT,b4c39,496,97.92309,98.23224,94.98191,98.02182,95.68746
MIT,b4c39,497,97.911,96.874535,95.38128,95.88549,95.72558
MIT,b4c39,498,97.89237,97.256004,94.674065,98.770485,95.72383
MIT,b4c39,499,97.880905,98.362,95.07453,98.35213,95.72479
MIT,b4c39,500,97.853485,97.09212,96.51569,98.65268,95.71664
MIT,b4c39,501,97.83583,98.24131,95.57221,98.40258,95.78823
MIT,b4c39,502,97.83163,97.02134,96.14128,97.0028,95.76345
MIT,b4c39,503,97.814835,98.25217,94.40607,98.759735,95.750206
MIT,b4c39,504,97.80846,96.92445,95.58227,96.45054,95.73047
MIT,b4c39,505,97.794426,97.08647,94.593445,98.65659,95.58765
MIT,b4c39,506,97.77967,97.03804,95.99447,95.60949,95.72804
MIT,b4c39,507,97.76661,97.110176,94.148285,98.5866,95.72321
MIT,b4c39,508,97.757645,96.637726,95.132164,94.85731,95.71218
MIT,b4c39,509,97.75239,98.16122,94.6638,98.36604,95.695206
MIT,b4c39,510,97.73318,98.57196,94.61877,98.51593,95.63243
MIT,b4c39,511,97.73251,96.4983,94.37677,94.462204,95.43296
MIT,b4c39,512,97.7285,96.67665,95.06357,94.38879,95.576836
MIT,b4c39,513,97.710724,98.74783,94.62899,98.3187,95.480644
MIT,b4c39,514,97.69834,96.742386,94.99403,94.11397,95.53496
MIT,b4c39,515,97.681885,96.47524,94.76137,94.3577,95.46336
MIT,b4c39,516,97.667076,96.799225,95.09493,93.782196,95.574165
MIT,b4c39,517,97.65987,97.32894,94.684784,98.403114,95.58784
MIT,b4c39,518,97.641594,97.2457,94.39163,98.37146,95.62921
MIT,b4c39,519,97.62051,98.49113,95.00877,98.63836,95.55219
MIT,b4c39,520,97.606514,96.49236,94.99295,94.51692,95.498726
MIT,b4c39,521,97.593025,96.70784,95.49187,94.74851,95.66658
MIT,b4c39,522,97.57869,96.52527,95.22686,95.09968,95.64998
MIT,b4c39,523,97.55716,96.85568,94.36684,98.45852,95.64075
MIT,b4c39,524,97.52919,96.68535,94.35006,98.4862,95.35788
MIT,b4c39,525,97.51238,97.48381,95.3198,97.49545,95.337074
MIT,b4c39,526,97.49744,97.449425,94.64357,97.919914,95.35644
MIT,b4c39,527,97.48117,97.399376,95.17797,97.35748,95.138535
MIT,b4c39,528,97.4658,96.32402,96.03195,96.7206,95.230545
MIT,b4c39,529,97.444855,97.701,95.50577,97.91696,95.10013
MIT,b4c39,530,97.431,97.33989,95.084496,96.7006,95.099556
MIT,b4c39,531,97.409645,96.062416,95.373055,96.33593,95.03905
MIT,b4c39,532,97.389755,97.64891,95.730095,98.31729,95.18413
MIT,b4c39,533,97.375275,97.21913,96.08796,97.92453,95.30927
MIT,b4c39,534,97.3572,96.1882,96.087036,97.0733,94.95837
MIT,b4c39,535,97.33232,96.00937,95.71799,97.400536,94.94633
MIT,b4c39,536,97.31615,96.1754,95.99025,97.63166,95.22206
MIT,b4c39,537,97.29694,97.41222,96.0765,97.026886,95.09622
MIT,b4c39,538,97.27952,95.9377,95.436554,97.2761,95.0224
MIT,b4c39,539,97.268776,95.80117,95.21175,96.239655,94.97148
MIT,b4c39,540,97.249855,96.276505,95.64794,97.92871,95.02854
MIT,b4c39,541,97.23262,97.55173,95.208244,97.264404,95.07984
MIT,b4c39,542,97.221176,97.5287,94.29271,97.58849,94.99961
MIT,b4c39,543,97.20126,95.76208,95.2744,95.86977,94.98624
MIT,b4c39,544,97.19049,97.62905,94.9558,97.77339,95.00823
MIT,b4c39,545,97.157524,96.05157,95.61492,95.14202,95.07033
MIT,b4c39,546,97.151306,97.82295,94.87493,97.79365,94.934296
MIT,b4c39,547,97.13971,97.58976,94.59798,97.75834,94.959236
MIT,b4c39,548,97.12451,95.88708,95.176636,94.51082,94.92611
MIT,b4c39,549,97.10743,96.64743,92.70043,97.908356,94.892365
MIT,b4c39,550,97.09915,96.73755,93.45896,98.06464,94.87649
MIT,b4c39,551,97.08427,97.75092,81.89712,98.17265,94.94203
MIT,b4c39,552,97.065796,97.70853,94.073,98.271675,94.89553
MIT,b4c39,553,97.04339,97.98416,94.51523,97.56424,94.84001
MIT,b4c39,554,97.02385,97.93773,94.48119,97.42356,94.7473
MIT,b4c39,555,97.001686,95.56805,95.06354,94.84853,94.91863
MIT,b4c39,556,96.98505,95.67548,95.096214,94.73441,94.89444
MIT,b4c39,557,96.96796,95.90709,95.29898,94.39109,94.919
MIT,b4c39,558,96.95706,97.561775,94.73913,97.47833,94.82776
MIT,b4c39,559,96.93436,97.53487,94.71237,98.19842,94.915794
MIT,b4c39,560,96.91435,95.25732,94.69666,94.2818,94.86693
MIT,b4c39,561,96.89254,97.84274,94.59345,97.25998,94.63414
MIT,b4c39,562,96.87356,97.47408,93.9514,98.25395,94.86454
MIT,b4c39,563,96.85664,97.42153,95.1943,98.64833,94.934845
MIT,b4c39,564,96.82975,95.39347,95.41676,94.66688,94.84387
MIT,b4c39,565,96.80456,95.4489,95.251205,94.525116,94.87893
MIT,b4c39,566,96.77163,97.11356,94.439606,97.226524,94.69117
MIT,b4c39,567,96.76113,97.386536,94.99134,97.8555,94.7095
MIT,b4c39,568,96.73238,95.922295,95.324295,98.14794,94.97373
MIT,b4c39,569,96.70572,97.16691,95.30269,97.45415,94.45581
MIT,b4c39,570,96.67504,97.07911,95.398674,97.82161,94.59518
MIT,b4c39,571,96.64902,96.55136,94.82551,97.19523,94.461845
MIT,b4c39,572,96.61656,95.21299,95.71611,97.514084,94.484055
MIT,b4c39,573,96.59096,96.446945,95.17942,97.31592,94.269646
MIT,b4c39,574,96.569244,96.78641,95.287186,96.77992,94.45133
MIT,b4c39,575,96.55146,96.36638,94.95226,97.12314,94.48812
MIT,b4c39,576,96.51955,94.79149,95.69011,96.302864,94.46372
MIT,b4c39,577,96.49489,95.384315,94.98165,97.01109,94.49981
MIT,b4c39,578,96.469894,96.78364,94.71317,96.31454,94.34556
MIT,b4c39,579,96.44745,96.74217,94.85594,95.893524,94.38337
MIT,b4c39,580,96.42441,96.74495,95.18328,96.65764,94.53791
MIT,b4c39,581,96.39994,96.75049,94.85825,95.76953,94.408295
MIT,b4c39,582,96.37327,94.66134,95.350204,95.40637,94.375725
MIT,b4c39,583,96.35506,96.421684,94.848145,97.05382,94.32947
MIT,b4c39,584,96.32596,94.58259,95.006134,93.51822,94.37244
MIT,b4c39,585,96.30001,94.718285,95.73844,95.21324,94.37628
MIT,b4c39,586,96.266785,94.60909,95.3729,94.78051,94.2966
MIT,b4c39,587,96.242805,96.968475,93.68188,97.60253,94.29548
MIT,b4c39,588,96.2235,96.99845,94.94177,97.59138,94.287155
MIT,b4c39,589,96.19875,96.55435,95.38032,97.50824,94.21558
MIT,b4c39,590,96.16761,94.905304,96.16171,95.27153,94.217285
MIT,b4c39,591,96.13559,94.4609,95.56648,94.62261,94.215294
MIT,b4c39,592,96.101364,96.21693,95.576324,96.96748,94.22624
MIT,b4c39,593,96.07182,96.1091,95.0947,97.43298,94.27889
MIT,b4c39,594,96.03776,95.96604,95.33528,96.96395,94.07323
MIT,b4c39,595,96.00529,94.62145,96.30795,96.13833,94.04036
MIT,b4c39,596,95.96957,96.24797,95.74682,96.06312,93.997955
MIT,b4c39,597,95.93991,94.264565,96.506325,96.45992,93.98812
MIT,b4c39,598,95.90633,94.00874,96.33026,96.94371,93.66884
MIT,b4c39,599,95.862625,95.37856,95.92593,96.78373,93.67132
MIT,b4c39,600,95.83206,94.235115,96.8968,96.09048,93.65464
MIT,b4c39,601,95.788475,94.973526,95.77699,95.466064,93.624245
MIT,b4c39,602,95.75684,94.82961,96.155235,95.681404,93.55471
MIT,b4c39,603,95.71035,93.7956,95.59424,95.09322,93.53755
MIT,b4c39,604,95.67097,95.23281,96.01741,95.16528,93.49814
MIT,b4c39,605,95.63886,94.6339,95.834045,95.52843,93.49508
MIT,b4c39,606,95.60368,94.566895,95.662445,94.92816,93.40745
MIT,b4c39,607,95.567116,93.617516,96.61093,96.79442,93.3243
MIT,b4c39,608,95.532845,95.21047,95.414955,94.50671,93.23956
MIT,b4c39,609,95.495476,93.70014,96.90694,97.81406,93.26607
MIT,b4c39,610,95.458565,94.80801,91.293816,96.441925,93.47356
MIT,b4c39,611,95.42715,93.7726,96.70247,95.917755,93.27813
MIT,b4c39,612,95.391685,94.886925,95.7193,95.47925,93.25753
MIT,b4c39,613,95.355965,93.529945,95.85504,95.913635,93.01996
MIT,b4c39,614,95.31836,95.52984,95.14029,95.36719,93.2129
MIT,b4c39,615,95.284515,95.511246,94.30987,95.745056,93.16518
MIT,b4c39,616,95.24118,94.91761,95.46274,95.584,93.04539
MIT,b4c39,617,95.20574,95.49996,95.41607,95.622856,93.116135
MIT,b4c39,618,95.16395,95.50202,95.13516,95.31218,93.041985
MIT,b4c39,619,95.1322,94.939835,94.88191,95.10096,92.77492
MIT,b4c39,620,95.093895,95.59246,94.98523,95.200356,92.968094
MIT,b4c39,621,95.062645,94.06699,94.590065,96.11349,92.82366
MIT,b4c39,622,95.024376,93.358376,96.006226,95.20563,92.82104
MIT,b4c39,623,94.977486,93.16678,95.84511,94.989975,92.7594
MIT,b4c39,624,94.944496,93.94614,95.575775,96.07138,92.830215
MIT,b4c39,625,94.89932,94.763756,95.27625,95.33481,92.78988
MIT,b4c39,626,94.8555,93.194084,96.6938,95.74766,92.75683
MIT,b4c39,627,94.809326,93.44672,95.30026,95.26711,92.73163
MIT,b4c39,628,94.76348,94.21187,95.387375,94.71437,92.522255
MIT,b4c39,629,94.71137,94.06715,95.22475,95.13309,92.5214
MIT,b4c39,630,94.66557,94.593544,94.80692,94.37309,92.32019
MIT,b4c39,631,94.621506,92.66944,95.809715,94.884544,92.512985
MIT,b4c39,632,94.574135,94.53776,96.027565,95.05999,92.554794
MIT,b4c39,633,94.53239,94.42216,95.42521,94.227585,92.25186
MIT,b4c39,634,94.47422,92.864235,97.06295,96.901276,92.47638
MIT,b4c39,635,94.426926,92.646194,97.070496,96.77779,92.46156
MIT,b4c39,636,94.367966,92.31178,96.16413,97.12533,92.21755
MIT,b4c39,637,94.31825,92.87682,96.00977,93.6703,91.79989
MIT,b4c39,638,94.26863,92.72911,95.80286,93.94401,91.86744
MIT,b4c39,639,94.21226,92.207954,97.12814,97.07433,91.68035
MIT,b4c39,640,94.15853,93.19456,95.57275,93.42436,91.693306
MIT,b4c39,641,94.10043,91.90924,96.74184,93.20288,91.80792
MIT,b4c39,642,94.03702,92.442894,96.02884,93.7102,91.571396
MIT,b4c39,643,93.981705,91.80275,95.05335,92.312454,91.747345
MIT,b4c39,644,93.93127,93.19196,96.1874,94.01373,91.7471
MIT,b4c39,645,93.87746,93.31187,95.275024,93.567406,91.63458
MIT,b4c39,646,93.82585,93.341034,96.247444,93.91289,91.66006
MIT,b4c39,647,93.774086,92.11215,96.88001,93.971016,91.731834
MIT,b4c39,648,93.71077,92.11712,96.19285,94.18606,91.73095
MIT,b4c39,649,93.66108,91.837975,96.43596,95.75487,91.65461
MIT,b4c39,650,93.60538,93.29782,95.214966,93.67986,91.60662
MIT,b4c39,651,93.5414,92.61693,95.28681,94.53512,91.54751
MIT,b4c39,652,93.48896,91.51369,96.275,95.16888,91.295906
MIT,b4c39,653,93.42264,91.64555,96.4028,95.056114,91.40208
MIT,b4c39,654,93.36361,91.947495,95.611694,92.94147,91.02486
MIT,b4c39,655,93.30723,91.6004,96.47959,94.69561,91.11109
MIT,b4c39,656,93.23933,93.027084,95.66087,93.32928,90.9848
MIT,b4c39,657,93.182724,92.405426,95.016365,93.4589,90.84255
MIT,b4c39,658,93.12469,92.96442,95.62139,93.50889,90.94319
MIT,b4c39,659,93.06149,91.1584,95.732895,94.200905,90.75392
MIT,b4c39,660,93.00379,91.85833,95.62758,93.00376,90.85317
MIT,b4c39,661,92.93905,92.313774,95.64838,93.95139,90.89025
MIT,b4c39,662,92.87183,92.37298,90.01144,94.4444,90.81758
MIT,b4c39,663,92.806274,91.89763,94.70499,92.8433,90.47844
MIT,b4c39,664,92.74663,91.31128,96.1686,92.83169,90.771
MIT,b4c39,665,92.67549,92.86063,95.31073,92.83378,90.75691
MIT,b4c39,666,92.60895,92.73703,94.4982,92.72882,90.54043
MIT,b4c39,667,92.54571,92.54183,94.401726,92.799095,90.587585
MIT,b4c39,668,92.47089,92.511765,95.215416,92.60352,90.542854
MIT,b4c39,669,92.40013,90.820595,96.041084,92.83101,90.388664
MIT,b4c39,670,92.32391,91.39902,95.35166,92.83527,90.38016
MIT,b4c39,671,92.250015,90.842606,96.46133,92.33435,90.37172
MIT,b4c39,672,92.16982,92.18188,94.66199,92.12821,90.22998
MIT,b4c39,673,92.100624,90.57307,96.22183,92.388855,90.18609
MIT,b4c39,674,92.0186,91.53507,95.01081,92.96316,90.18737
MIT,b4c39,675,91.93951,92.00653,95.15891,92.05533,89.532616
MIT,b4c39,676,91.85465,91.43905,94.77438,93.3316,89.43708
MIT,b4c39,677,91.78353,91.353355,95.38878,93.26367,89.45691
MIT,b4c39,678,91.694244,91.23719,95.25581,92.96988,89.477875
MIT,b4c39,679,91.61626,90.01927,96.290085,90.90353,89.44457
MIT,b4c39,680,91.51832,89.72879,96.31284,90.92481,89.33309
MIT,b4c39,681,91.43251,91.249115,94.99685,91.41211,88.94834
MIT,b4c39,682,91.33827,89.52146,96.59045,90.80827,88.70962
MIT,b4c39,683,91.24789,90.20818,95.37652,90.969765,88.951996
MIT,b4c39,684,91.15625,90.09459,92.95292,90.90584,88.719604
MIT,b4c39,685,91.05243,89.98764,94.95567,90.20616,88.377075
MIT,b4c39,686,90.95601,89.9688,93.17737,90.713486,88.74517
MIT,b4c39,687,90.84647,89.19068,96.65809,89.569565,88.26849
MIT,b4c39,688,90.755486,90.55031,95.592155,91.437,88.200264
MIT,b4c39,689,90.65204,90.10586,95.164024,91.67117,88.2194
MIT,b4c39,690,90.55754,90.38238,94.61986,90.49843,88.26169
MIT,b4c39,691,90.45779,89.91809,92.15153,91.9108,88.21061
MIT,b4c39,692,90.34354,89.96399,94.89783,92.43124,88.259026
MIT,b4c39,693,90.23969,89.81268,78.40982,92.31823,88.051476
MIT,b4c39,694,90.127594,89.90875,90.702385,90.84464,87.84822
MIT,b4c39,695,90.01139,89.73228,95.30655,89.248215,87.86447
MIT,b4c39,696,89.89192,88.24744,96.91664,88.49975,87.490685
MIT,b4c39,697,89.778366,89.048096,94.73021,89.75293,87.4862
MIT,b4c39,698,89.66649,88.94927,94.22135,89.77917,87.31794
MIT,b4c39,699,89.54224,88.12135,96.94692,87.73041,87.49761
MIT,b4c39,700,89.42708,87.91623,97.066246,87.90737,87.159485
MIT,b4c39,701,89.30861,87.89742,96.91965,87.577644,87.123085
MIT,b4c39,702,89.18675,87.5379,97.09035,87.25764,87.12362
MIT,b4c39,703,89.06237,87.43715,96.9822,87.042336,86.837524
MIT,b4c39,704,88.93539,88.738205,83.79876,90.66563,86.86985
MIT,b4c39,705,88.80632,88.1979,93.39571,89.07403,86.97646
MIT,b4c39,706,88.68081,87.30963,96.66727,86.646454,87.19555
MIT,b4c39,707,88.54286,88.471344,84.21583,89.68419,87.05812
MIT,b4c39,708,88.42099,86.97727,95.87747,85.93472,87.202
MIT,b4c39,709,88.29313,88.5845,94.93921,88.548294,87.598724
MIT,b4c39,710,88.16398,88.942825,93.47999,89.36474,87.32077
MIT,b4c39,711,88.03821,88.74929,95.00215,89.61273,87.31654
MIT,b4c39,712,87.89917,88.67412,87.65297,87.421486,86.9971
MIT,b4c39,713,87.77186,86.73207,95.7441,84.79057,87.00261
MIT,b4c39,714,87.63978,88.70673,94.893715,87.55473,86.49891
MIT,b4c39,715,87.508224,88.81149,95.434586,88.713104,86.48816
MIT,b4c39,716,87.36474,88.54811,94.92865,88.59223,86.47748
MIT,b4c39,717,87.233864,88.0872,93.74096,89.40054,86.17428
MIT,b4c39,718,87.08741,85.55851,96.68124,84.450775,85.93819
MIT,b4c39,719,86.942314,87.47613,92.651344,87.35051,85.38607
MIT,b4c39,720,86.807434,86.95293,96.401665,88.68481,85.36705
MIT,b4c39,721,86.65721,86.92346,95.60434,88.443,85.24207
MIT,b4c39,722,86.50706,84.85042,96.72175,84.186005,84.744545
MIT,b4c39,723,86.348656,86.57957,96.87879,88.89151,84.731865
MIT,b4c39,724,86.18602,86.44893,95.13206,87.91804,84.523865
MIT,b4c39,725,86.03433,84.805046,97.23655,84.1506,84.51441
MIT,b4c39,726,85.870926,86.37894,93.30206,85.44085,84.27803
MIT,b4c39,727,85.70907,84.15549,96.66953,83.40894,84.22324
MIT,b4c39,728,85.54295,83.98975,96.76721,83.39727,83.86436
MIT,b4c39,729,85.37672,86.12823,91.41728,87.259895,83.84425
MIT,b4c39,730,85.213135,83.65164,95.8825,83.023,83.60324
MIT,b4c39,731,85.05335,83.72536,97.22459,82.92703,83.58476
MIT,b4c39,732,84.88234,85.76696,93.9278,85.26627,83.14816
MIT,b4c39,733,84.70894,85.666405,96.4351,88.31923,83.25576
MIT,b4c39,734,84.536224,85.11659,95.173195,85.5937,83.247765
MIT,b4c39,735,84.36537,85.36824,95.99201,84.912224,83.079666
MIT,b4c39,736,84.191284,85.20915,94.55155,86.15033,83.12455
MIT,b4c39,737,84.01783,84.94597,86.2437,87.35986,82.92533
MIT,b4c39,738,83.83149,84.82117,85.30115,87.61608,82.90074
MIT,b4c39,739,83.665596,84.65392,94.21419,85.727104,82.57763
MIT,b4c39,740,83.48612,82.31024,97.314156,81.837944,82.54744
MIT,b4c39,741,83.30003,84.42831,96.068535,85.65482,82.18738
MIT,b4c39,742,83.11383,84.148796,96.00986,84.54308,82.27488
MIT,b4c39,743,82.93019,84.4156,96.671974,83.75903,81.87627
MIT,b4c39,744,82.72988,83.88904,92.4398,83.88101,81.79661
MIT,b4c39,745,82.54128,84.036156,97.39509,86.882805,81.82037
MIT,b4c39,746,82.34947,84.09482,96.29409,84.87146,81.82173
MIT,b4c39,747,82.159874,83.4989,94.70643,83.20988,81.83009
MIT,b4c39,748,81.95227,83.32916,76.96091,82.18598,81.28617
MIT,b4c39,749,81.75813,83.75587,97.31362,84.44397,80.79854
MIT,b4c39,750,81.559715,80.158615,96.1973,80.11627,80.799774
MIT,b4c39,751,81.36052,83.22722,97.47715,85.41615,80.741936
MIT,b4c39,752,81.15575,83.289185,96.76741,84.65905,80.88798
MIT,b4c39,753,80.950874,83.12306,94.35137,83.793564,80.87972
MIT,b4c39,754,80.73818,83.05751,92.543724,81.10682,79.70498
MIT,b4c39,755,80.52526,82.919464,97.68664,84.15637,79.66275
MIT,b4c39,756,80.30524,82.86564,91.45948,82.91164,79.67914
MIT,b4c39,757,80.08577,82.8145,84.67554,83.943275,79.66872
MIT,b4c39,758,79.85712,82.198204,96.4366,80.880646,79.63071
MIT,b4c39,759,79.6413,82.73378,97.397484,84.05196,79.75647
MIT,b4c39,760,79.41356,82.60968,90.39489,82.525986,78.743385
MIT,b4c39,761,79.186195,82.503914,92.4424,80.64042,78.51351
